0.055651216,1.78272899,-0.143976047
0.249613746,3.738260233,-0.111732179
0.351234411,4.198950253,-0.077238738
0.448573707,3.146799304,-0.030372651
0.624923388,2.588342282,0.112100255
0.735500438,3.080540293,0.037114515
0.841068811,2.635671754,0.088479747
0.941523534,2.698620251,0.101602252
1.02140369,2.700116168,0.051361806
1.097347385,2.569757666,0.128972047
1.154789716,2.651013341,-0.018374932
1.209360306,2.437040939,0.005995433
1.251146771,2.448704594,0.028866084
1.283365763,2.378970107,-0.080613097
1.30609976,2.32716788,-0.022124219
1.319978595,2.235163346,-0.156348694
1.32908494,2.10181301,-0.224210789
1.329107434,2.062874172,-0.193841564
1.321841853,1.983373107,-0.237333293
1.306962032,1.896066278,-0.147350405
1.285390229,1.780936889,-0.221961217
1.25713394,1.671071328,-0.266202803
1.222159426,1.568707849,-0.229459791
1.180950308,1.462261528,-0.247456368
1.13345785,1.352688403,-0.161597696
1.078452375,1.228890941,-0.193841564
1.018535697,1.119550264,-0.225710504
0.952530627,0.992299821,-0.257579443
0.879391191,0.863204788,-0.35356119
0.801288066,0.735242003,-0.333689969
0.718899822,0.612872974,-0.326566324
0.636140426,0.486008695,-0.3393139
0.543761071,0.318765898,-0.349062046
0.44829628,0.18160266,-0.349811903
0.345026051,0.00165019,-0.319442679
0.240125002,-0.142497744,-0.332190254
0.139205402,-0.371444315,-0.207713926
0.030109211,-0.507932703,-0.121480325
-0.008850501,-0.186126789,-0.088111671
0.00549696,-0.041693918,-0.008251858
0.00121559,-0.077183523,-0.047619371
0.002865155,-0.024087834,-0.005252428
0.002812669,-0.04429209,-0.030372651
0.002010381,-0.023577948,-0.071614808
0.003236307,-0.022599415,-0.02774815
0.001687966,-0.023454225,-0.079488311
0.002752685,-0.015558482,-0.100484318
0.00182293,-0.01947636,-0.113606822
0.002280309,-0.012360443,-0.118105967
0.002017879,-0.014516213,-0.109107678
0.001781691,-0.00855504,-0.097859817
0.001841675,-0.01098075,-0.019499719
0.001335559,-0.011014492,-0.043495155
0.001335559,-0.012817841,-0.075739024
0.000949411,-0.009987221,-0.031872366
0.001013144,-0.008427568,-0.064491163
0.000814446,-0.013470196,-0.043495155
0.000413302,-0.008573785,-0.002252998
0.0004208,-0.009462338,-0.005252428
0.000252095,-0.010819536,0.007870077
3.47e-05,-0.009417348,-0.005252428
0.000139625,-0.008862471,-0.083987455
0.000278338,-0.008408822,-0.137977188
0.00012088,-0.010005967,-0.160097981
7.21e-05,-0.007692731,-0.196840994
0.000135876,-0.008356334,-0.205839283
-5.53e-05,-0.012652878,-0.233958935
2.34e-05,-0.01525105,-0.230584577
0.000154621,-0.01295656,-0.215962357
-2.91e-05,-0.0082851,-0.193091707
-4.03e-05,-0.009953478,-0.14885012
-4.78e-05,-0.011989276,-0.135727616
-6.66e-05,-0.010988248,-0.095985173
0.000162119,-0.007981417,-0.098234746
0.000143374,-0.006571731,-0.142101404
9.46e-05,-0.007677735,-0.148100263
0.000210856,-0.010759549,-0.167221626
7.21e-05,-0.013878855,-0.163097411
3.47e-05,-0.00814638,-0.161222767
0.000105883,-0.006140577,-0.169846127
3.84e-05,-0.007482778,-0.150724764
2.72e-05,-0.006069342,-0.158223338
3.47e-05,-0.008232611,-0.151474621
8.41e-06,-0.007276574,-0.134227901
-1.41e-05,-0.008768742,-0.130853542
-0.000422727,-0.011156961,-0.110982321
-0.000872608,-0.011850556,-0.083987455
-0.000936341,-0.010827034,-0.078363524
-0.001494944,-0.010553345,-0.05361823
-0.001663649,-0.011940536,-0.046494585
-0.0018511,-0.01111572,0.023242153
-0.002244746,-0.009713532,0.116599399
-0.002068542,-0.012716614,0.013494007
-0.00294956,-0.015172318,-0.02474872
-0.002117279,-0.010669569,-0.028872936
-0.003050783,-0.015888408,-0.100484318
-0.002855834,-0.006717948,-0.101234175
-0.002638392,-0.021335946,-0.138727045
-0.003830577,-0.006320537,-0.155223908
-0.001641155,-0.008813732,-0.152974336
-0.004610371,-0.01795045,-0.140601689
-0.001108796,0.00529063,-0.095985173
-0.004677853,-0.036051423,-0.087361813
-0.001626159,0.02696081,-0.074614237
-0.003017042,-0.059157533,-0.064116234
-0.005049005,0.049984438,-0.083987455
0.00356622,-0.142797677,-0.076113952
-0.154360827,-1.237816591,-0.118855824
-0.410275747,-1.589878275,-0.198340709
-0.600496766,-1.484657931,-0.095235316
-0.785971537,-1.656665918,-0.061116804
-0.948937253,-1.702788158,-0.021374362
-1.089277693,-1.809358202,0.09635325
-1.215701809,-1.866135572,0.018743009
-1.320171721,-1.909314717,0.052111663
-1.417113622,-1.919748646,0.073482599
-1.499149459,-1.908189967,0.00974472
-1.572896234,-1.925462375,0.091854105
-1.63342775,-1.909415944,0.080606244
-1.680489072,-1.910034556,-0.039745868
-1.715819743,-1.904868206,-0.057742446
-1.739479745,-1.896023923,-0.058492303
-1.754959407,-1.864969581,-0.073114523
-1.761029054,-1.84137233,-0.03337208
-1.757924874,-1.806223899,-0.082112811
-1.745931791,-1.742143154,-0.176219915
-1.72586334,-1.688511334,-0.236583436
-1.69776451,-1.619316726,-0.299946386
-1.662047692,-1.543332379,-0.276325878
-1.618821607,-1.464603642,-0.264703088
-1.568907288,-1.372917788,-0.265078017
-1.511457458,-1.275341993,-0.223460931
-1.446970737,-1.183596152,-0.248581154
-1.376579326,-1.084269497,-0.154848979
-1.298543683,-0.978066872,-0.143976047
-1.214224699,-0.869056122,-0.203964639
-1.123997275,-0.756116245,-0.139476903
-1.032311486,-0.656324694,-0.28719881
-0.934349855,-0.525628767,-0.35356119
-0.829516288,-0.401126462,-0.352811333
-0.718688055,-0.259340502,-0.502407884
-0.600676718,-0.128644576,-0.468289373
-0.484209973,0.004522051,-0.412050068
-0.358179504,0.150338365,-0.409800495
-0.239005974,0.293983911,-0.290573169
-0.108840347,0.582268532,-0.246331582
-0.001210019,0.449263119,-0.190092277
0.005073322,0.068096659,-0.117356109
-0.004824065,0.071969548,-0.158598266
0.000889427,0.047251296,-0.087361813
-0.003189496,0.020426014,-0.088861528
7.21e-05,0.032217141,-0.147725334
-0.001599916,0.003348562,-0.049494015
-0.000985078,0.019424986,-0.047619371
-0.000557691,0.003284827,-0.072739594
-0.001101298,0.007097728,-0.01050143
-0.00025777,0.005200651,-0.026248435
-0.000707652,0.001207789,-0.001128212
0.000139625,0.003524773,-0.021374362
-0.000152798,-0.005724419,-0.115106537
0.000327075,-0.002275187,-0.066365806
0.000488282,-0.002968782,-0.08248774
0.000544518,-0.002012745,-0.067115663
0.000893176,-0.00064055,0.010869506
0.000986901,-0.001217922,0.00112136
0.001313065,-0.000891744,0.080981173
0.001534256,-0.005484473,0.108350968
0.001800436,-0.003264966,0.071233027
0.001939149,-0.002586367,0.074232456
0.002100357,-0.002826314,0.00974472
0.002242819,-0.000168155,-0.063741305
0.002216576,-0.003647381,-0.125229612
0.002216576,-0.001937762,-0.200965209
0.002205329,-0.00504582,-0.245581725
0.002100357,-0.006519242,-0.246331582
0.002107855,-0.000899243,-0.2557048
0.002182835,-0.004959589,-0.228335005
0.002280309,-0.004404713,-0.181468917
0.002291556,-0.000396854,-0.181468917
0.002149094,-0.001409129,-0.182968632
0.002621469,0.002557488,-0.211088284
0.003457498,0.001631444,-0.18934242
0.003798658,-0.004438455,-0.185593133
0.004402249,-0.000329369,-0.224210789
0.004649684,-0.001424126,-0.181843846
0.005238278,0.000199263,-0.187842705
0.006085554,3.8e-05,-0.188592562
0.005613179,-0.000715533,-0.163472339
0.006910337,0.005065681,-0.195716208
0.006437961,-0.00262011,-0.169846127
0.00735272,0.006449123,-0.147350405
0.007378963,-0.007287821,-0.160847839
0.006944078,0.011345534,-0.152974336
0.009024778,0.001792659,-0.167221626
0.006224268,-0.002286434,-0.167971484
0.010171975,0.016436901,-0.135727616
0.006280503,-0.02199205,-0.080988025
0.010145732,0.037106053,-0.021749291
0.007562664,-0.040362964,0.018743009
0.007045301,0.053178728,0.046487733
0.013579825,-0.054013677,0.046112804
-0.003523158,0.092612456,0.024366939
0.181306784,1.416754151,-0.018374932
0.528626317,1.868629882,0.026241583
0.808103766,1.654638734,0.097478036
1.079160938,1.844965146,0.098977751
1.33381994,1.886892069,0.214080862
1.565887408,2.050666888,0.305563464
1.788709817,2.119355358,0.38167399
1.991227589,2.15746563,0.49715203
2.186401049,2.281731737,0.535019829
2.36010018,2.373859993,0.609255711
2.521967436,2.491328863,0.600257423
2.668085101,2.582962229,0.536144615
2.799292953,2.666043747,0.538394187
2.917979112,2.716713726,0.345305907
3.020098395,2.750017567,0.079481458
3.108590027,2.743670229,-0.007127072
3.181898168,2.737694059,-0.211838142
3.244499137,2.710951258,-0.25270537
3.296689106,2.672994701,-0.187092848
3.337264641,2.648891313,-0.332565183
3.367841566,2.588814677,-0.221586288
3.387940009,2.531684885,-0.211463213
3.398354759,2.49444442,-0.371932697
3.39948696,2.448423407,-0.251205655
3.391719011,2.358150988,-0.154848979
3.376108134,2.253789203,-0.15184955
3.353415376,2.158361681,-0.214087714
3.324049381,2.081983671,-0.343438115
3.28773647,2.000484301,-0.359185121
3.24494527,1.917691468,-0.353936119
3.194761022,1.849527881,-0.291697955
3.137363679,1.748446616,-0.344187973
3.073742979,1.665496319,-0.463415299
3.003062893,1.581230064,-0.554522974
2.926076973,1.480220033,-0.733363963
2.842507791,1.408269789,-0.767107546
2.751313123,1.323744841,-0.761483616
2.654011317,1.233813596,-0.617510995
2.55065861,1.141494133,-0.478037519
2.441000067,1.044015817,-0.455166868
2.32514816,0.953049802,-0.338189114
2.204400046,0.868869778,-0.278950379
2.080866418,0.779006018,-0.18634299
1.950337136,0.674550504,-0.093735601
1.813145865,0.57067986,-0.164222197
1.667957954,0.451366401,-0.233958935
1.517881335,0.359954236,-0.31044439
1.365877724,0.248251584,-0.449917866
1.208010662,0.140616777,-0.476912733
1.049978644,0.034125466,-0.417299069
0.882862774,-0.096757919,-0.312319033
0.718344968,-0.184229711,-0.208088855
0.547974958,-0.346977258,-0.144350976
0.378414734,-0.434842712,-0.061491733
0.213758214,-0.679333325,-0.040495726
0.039354269,-0.753791762,-0.066365806
-0.022654356,-0.242694205,0.018743009
-0.001502442,-0.084595624,0.019117938
-0.008145688,-0.119931514,0.023992011
-0.005727576,-0.041858881,0.145093981
-0.006207449,-0.06910782,0.040113945
-0.007695806,-0.036745019,0.023242153
-0.005960015,-0.040404205,0.104601681
-0.008486847,-0.030738855,0.016493437
-0.006979745,-0.02604115,0.00974472
-0.00859182,-0.030097747,0.005245576
-0.007864512,-0.015179816,-0.087736742
-0.008456855,-0.025452531,-0.142851261
-0.009037952,-0.017965446,-0.224960646
-0.008670549,-0.017834225,-0.253455227
-0.009581558,-0.017343085,-0.191591992
-0.00949908,-0.015678455,-0.12298004
-0.010113918,-0.016686981,-0.021749291
-0.01041009,-0.014613692,0.020617652
-0.010511313,-0.015989636,-0.00187807
-0.01120488,-0.014819896,-0.02774815
-0.011471059,-0.014085059,-0.061491733
-0.011823466,-0.014085059,-0.107607963
-0.012183371,-0.012079256,-0.12298004
-0.01203716,-0.011441897,-0.200215352
-0.012082148,-0.01273536,-0.260203944
-0.012213363,-0.01282534,-0.264703088
-0.01214963,-0.011449396,-0.3393139
-0.011935937,-0.012784099,-0.289448383
-0.012250853,-0.020477387,-0.242207366
-0.012970663,-0.019641323,-0.240707652
-0.013525517,-0.012161737,-0.133852972
-0.01404288,-0.014594946,-0.150349835
-0.014646471,-0.014954866,-0.21221307
-0.0149164,-0.013335226,-0.230959505
-0.0156737,-0.0174968,-0.241457509
-0.015977369,-0.010324646,-0.159723052
-0.016371015,-0.015134826,-0.146600548
-0.017495718,-0.01691568,-0.12298004
-0.016667187,-0.014411237,-0.046869514
-0.018234273,-0.015907154,-0.093735601
-0.017195798,-0.009717281,-0.121480325
-0.018687904,-0.030892571,-0.072364665
-0.018612923,0.001305267,-0.067865521
-0.017675671,-0.024335279,-0.044245013
-0.020873576,-0.010129689,-0.03074758
-0.016131079,-0.009469836,-0.067115663
-0.022718089,-0.033959388,-0.039745868
-0.015167583,0.026923318,-0.015375503
-0.02370033,-0.084726845,0.012369221
-0.015283803,0.114635057,0.058110522
-0.033095349,-0.444399336,0.064109382
-0.299597474,-1.620490215,0.050986877
-0.643302962,-1.5969567,0.055111093
-0.918262853,-1.49905098,0.002996003
-1.199783512,-1.60541107,-0.022124219
-1.453212839,-1.587527548,0.032240442
-1.696643556,-1.670226652,0.024741868
-1.927976218,-1.587838729,0.058485451
-2.147574479,-1.591512911,0.056610808
-2.358306331,-1.61579251,0.073857528
-2.550221902,-1.649396285,0.149218196
-2.733649714,-1.709083008,0.12222333
-2.900911796,-1.738408984,0.170214204
-3.056585687,-1.785273559,0.225703651
-3.197316024,-1.806546327,0.169464346
-3.322090575,-1.834503858,0.201333286
-3.432483924,-1.849185592,0.173213633
-3.526876497,-1.855675399,0.043488303
-3.608728633,-1.864339721,0.04161366
-3.677815389,-1.861629074,0.010494577
-3.734477926,-1.855735385,0.008994863
-3.77903491,-1.837356974,0.052861521
-3.811647548,-1.813339816,0.011619364
-3.833463037,-1.798913025,0.020617652
-3.844807541,-1.777059137,0.02999087
-3.845249925,-1.746091026,0.052486592
-3.835513746,-1.717293682,0.083230745
-3.816420038,-1.680300661,-0.016875218
-3.788906053,-1.638261262,-0.097859817
-3.753477909,-1.591051764,-0.216337286
-3.709921911,-1.544385895,-0.296572028
-3.658391768,-1.496374075,-0.252330441
-3.598587561,-1.440155331,-0.419548642
-3.53084295,-1.384536453,-0.461915585
-3.455412869,-1.319072266,-0.405301351
-3.373095856,-1.253476857,-0.491534952
-3.283730705,-1.18913742,-0.446918437
-3.186518875,-1.112766908,-0.429671716
-3.082442609,-1.040929138,-0.464540086
-2.972030515,-0.969608754,-0.500533241
-2.854491554,-0.887689477,-0.503157742
-2.730320594,-0.813467237,-0.465664872
-2.60233689,-0.742221836,-0.503907599
-2.469505717,-0.661063639,-0.418423855
-2.330177509,-0.571323602,-0.342688258
-2.181566753,-0.4735566,-0.39705292
-2.026582679,-0.3881431,-0.329940682
-1.867122288,-0.290514818,-0.337064328
-1.70287816,-0.210151445,-0.421048356
-1.536722037,-0.11163461,-0.404551494
-1.362486797,-0.008277601,-0.437920148
-1.188465251,0.071710855,-0.465664872
-1.007414311,0.196284394,-0.435670576
-0.827120671,0.264871637,-0.386929845
-0.645162471,0.404760519,-0.30744496
-0.458083123,0.479661357,-0.205464354
-0.281354791,0.669410397,-0.066365806
-0.085397788,0.841253421,-0.014250717
0.011619093,0.335880841,0.025866654
-0.008254409,0.06220672,0.077981743
-0.005341428,0.123595564,-0.001503141
-0.004685351,0.034744079,-0.003002856
-0.006488625,0.058187614,0.017243294
-0.002972054,0.028902878,-0.01050143
-0.005896282,0.024336394,0.040113945
-0.002724619,0.025007494,0.05586095
-0.004242968,0.002748696,0.071607955
-0.002904572,0.015634579,0.110225612
-0.002668384,0.005748029,0.114724756
-0.002593404,0.009905854,0.095228464
-0.001528685,0.001485227,0.038989159
-0.001884841,0.003014887,0.020617652
-0.000958835,0.003933432,0.011244435
-0.000816373,-0.002147715,-0.015000574
-0.000156547,0.001331511,-0.009001715
0.000267091,0.00299989,-0.007127072
0.000447043,0.001841398,-0.004502571
0.001058132,0.002306294,-0.024373792
0.001766695,0.004319596,-0.011251287
0.002962629,-0.003122498,-0.038996011
0.003821152,9.8e-05,-0.127104255
0.004555958,0.007071484,-0.157848409
0.005242027,-0.001011718,-0.218586858
0.005560693,0.002298796,-0.28157488
0.006516691,0.003067375,-0.300321315
0.006565428,-0.000828008,-0.302195958
0.007813848,0.002692458,-0.309319604
0.007513927,-0.003032518,-0.292822741
0.008331211,0.008563652,-0.258329301
0.009182237,-0.007156601,-0.245206796
0.008398694,0.007243946,-0.236958365
0.010734327,-0.002098976,-0.251205655
0.008244984,-0.008086394,-0.256079728
0.012380142,0.017141744,-0.250455798
0.008653626,-0.024001603,-0.241457509
0.011844034,0.035036514,-0.238833008
0.011529117,-0.044963191,-0.220836431
0.008758599,0.049721997,-0.156723623
0.018476032,-0.047085219,-0.151099692
-0.004126749,0.043805813,-0.104608533
0.173156436,1.353771912,-0.034496867
0.550288097,1.79095466,0.024741868
0.86549736,1.500671734,0.103851824
1.174899406,1.651346966,0.094103678
1.480413729,1.631435145,0.208456931
1.761529495,1.688519947,0.262446664
2.039653551,1.622088475,0.277443812
2.301169492,1.567294414,0.375300203
2.561523241,1.627401043,0.329558901
2.807578265,1.64944239,0.421791361
3.043743401,1.719086897,0.472406736
3.264125205,1.752409485,0.42516572
3.469672176,1.820696794,0.470907021
3.66653644,1.863587253,0.404169712
3.850575341,1.901592549,0.359928126
4.022418712,1.948644582,0.342681406
4.177646472,1.965583314,0.293190817
4.319081623,1.993555842,0.259447234
4.448265009,2.018787729,0.194959498
4.566388816,2.036483793,0.142094551
4.673171868,2.040150477,0.167214774
4.7656412,2.041016534,0.170214204
4.844044246,2.034380511,-0.169846127
4.908459736,2.028655534,-0.285699096
4.960376026,2.037938469,-0.102358961
5.001506415,2.016556975,-0.142101404
5.032420752,1.977528157,-0.067865521
5.052436716,1.945480286,-0.073114523
5.060812004,1.907197552,-0.086611956
5.059631066,1.871404264,-0.040120797
5.049351281,1.834028829,-0.042370369
5.028964164,1.781990405,-0.023998863
4.998657167,1.739152434,-0.342688258
4.959495009,1.695178466,-0.608512706
4.912823584,1.634929368,-0.569145193
4.85849668,1.590985394,-0.734863678
4.796810469,1.53827212,-0.736363393
4.728106112,1.483376831,-0.517405032
4.651570073,1.432391923,-0.620885353
4.567573504,1.367883772,-0.508406743
4.476112656,1.320186883,-0.355435834
4.37733374,1.270262988,-0.449168009
4.271810356,1.205578627,-0.425547501
4.158837688,1.139747021,-0.388429559
4.039214277,1.074275335,-0.346437545
3.913142569,1.006291708,-0.386179987
3.781019959,0.938461797,-0.309694532
3.643427543,0.865930432,-0.14885012
3.499180634,0.793713996,-0.188217634
3.350221219,0.731856506,-0.130853542
3.197565281,0.659242659,-0.134602829
3.038547273,0.573315524,-0.291323026
2.870201728,0.484793965,-0.331065468
2.695764042,0.409480719,-0.486660879
2.517468624,0.323673556,-0.61901071
2.33537171,0.24444618,-0.644130933
2.15008064,0.160097444,-0.646005576
1.957977619,0.068955218,-0.457041512
1.764719902,-0.011678095,-0.26432816
1.565400037,-0.112489419,-0.124104826
1.36623388,-0.181766509,0.035989729
1.164057269,-0.294376459,0.070858098
0.957816731,-0.366806597,0.112475184
0.755493908,-0.48511153,0.09335382
0.541346708,-0.585634169,-0.116231323
0.343605176,-0.695338515,-0.116606252
0.126290062,-0.971138413,-0.172470628
-0.030845943,-0.58050531,-0.319442679
-0.02877649,-0.106055851,-0.181843846
-0.019883838,-0.161850939,-0.140976617
-0.026991961,-0.08910962,-0.114731608
-0.021259725,-0.077895865,0.049862091
-0.026452103,-0.07058874,0.047612519
-0.023254198,-0.040674145,0.025866654
-0.025582333,-0.057657867,0.020617652
-0.025293659,-0.029719082,-0.066365806
-0.025526098,-0.041300255,-0.034871795
-0.026737028,-0.03192734,-0.025123649
-0.02589725,-0.031698641,-0.037871225
-0.027531818,-0.029644098,0.035239872
-0.027074439,-0.023994105,0.010119649
-0.028015441,-0.0300865,0.007870077
-0.028210389,-0.027083418,-0.020999433
-0.0283566,-0.026611023,-0.112856965
-0.029316347,-0.026232357,-0.14885012
-0.030294839,-0.027154652,-0.269577162
-0.031558255,-0.026543538,-0.349811903
-0.032150599,-0.025201337,-0.298446671
-0.033601465,-0.026502297,-0.318692821
-0.034261291,-0.025550009,-0.280450094
-0.034816145,-0.026772237,-0.073114523
-0.035573445,-0.021437174,-0.018000004
-0.035618433,-0.025070116,0.019492866
-0.036863104,-0.024140323,0.09635325
-0.036312,-0.019828782,0.029615941
-0.03808903,-0.027732024,-0.025498578
-0.037316734,-0.012334199,-0.146600548
-0.03846768,-0.033243298,-0.192716778
-0.039138753,-0.01390135,-0.204339568
-0.037492938,-0.031342471,-0.303320745
-0.041395657,-0.017942951,-0.238458079
-0.03649945,-0.010969502,-0.234333864
-0.043465111,-0.047238934,-0.262828445
-0.036383231,0.023395353,-0.179969202
-0.043453864,-0.091554076,-0.223086003
-0.038418943,0.09933471,-0.182593703
-0.046670514,-0.375538404,-0.145100833
-0.31824505,-1.555355955,-0.227585147
-0.696340206,-1.569958956,-0.134602829
-1.00044865,-1.467659213,-0.131228471
-1.318634627,-1.596544292,-0.06524102
-1.614484002,-1.559273833,0.109100826
-1.89937877,-1.586852698,0.104601681
-2.175545843,-1.461863002,0.194584569
-2.439693589,-1.468202842,0.169089418
-2.701029578,-1.493427231,0.134970906
-2.947043364,-1.513616489,0.213705933
-3.185090503,-1.557612952,0.125597688
-3.405363585,-1.569928963,0.190835282
-3.614944491,-1.624760515,0.239576013
-3.815044151,-1.654982543,0.130471761
-4.002674603,-1.689448626,0.24632473
-4.177708382,-1.709217978,0.293940675
-4.33638898,-1.719284489,0.213705933
-4.48214299,-1.736654375,0.271444953
-4.615476531,-1.748284288,0.180712207
-4.737589285,-1.766321525,0.115099685
-4.847933896,-1.769185888,0.133096262
-4.943698607,-1.762407396,-0.000378355
-5.025419527,-1.759081886,0.028491155
-5.093617768,-1.749630238,0.061109952
-5.149635476,-1.742814255,-0.005627357
-5.195009744,-1.731004382,0.084355531
-5.228672105,-1.713012134,0.020242724
-5.250168928,-1.697974229,-0.07386438
-5.260283757,-1.675276778,-0.018749861
-5.259890111,-1.648995125,-0.181843846
-5.249197934,-1.624726773,-0.228335005
-5.228357188,-1.598175179,-0.231334434
-5.197731525,-1.566967122,-0.36818341
-5.157789573,-1.535984014,-0.335939541
-5.109449838,-1.505405816,-0.425172572
-5.05354835,-1.471067204,-0.398552634
-4.99038128,-1.431678466,-0.296572028
-4.919007628,-1.386969662,-0.342688258
-4.839577353,-1.338729143,-0.273326449
-4.752881497,-1.287373067,-0.358810192
-4.658470178,-1.23854018,-0.413549782
-4.556789528,-1.18733782,-0.372682554
-4.447618357,-1.127422398,-0.407925852
-4.330701731,-1.07036759,-0.321692251
-4.207145609,-1.011554423,-0.279700236
-4.076807527,-0.947784858,-0.258329301
-3.940519767,-0.88740454,-0.202464924
-3.797914924,-0.816755256,-0.240707652
-3.648513127,-0.752134631,-0.281949809
-3.495347323,-0.693351457,-0.235083721
-3.33740903,-0.614079091,-0.24708144
-3.171736529,-0.538184724,-0.323566894
-2.99711889,-0.457408942,-0.2988216
-2.817233892,-0.376235749,-0.334814755
-2.633772339,-0.298316832,-0.326941253
-2.445692005,-0.219996754,-0.264703088
-2.254518738,-0.137725056,-0.25270537
-2.056319827,-0.049255986,-0.136102544
-1.857149922,0.029810176,-0.162722482
-1.652948845,0.119212789,-0.214837571
-1.448050452,0.189370932,-0.191217063
-1.24125881,0.298827833,-0.280075165
-1.029113581,0.367939959,-0.248956083
-0.821740842,0.482941877,-0.199090566
-0.602326282,0.582909639,-0.191217063
-0.398762537,0.670351438,-0.080988025
-0.177263529,0.966599288,-0.05961709
-0.005416408,0.615714842,-0.055492874
-8.91e-05,0.089706852,0.004495718
-0.012663245,0.138318538,-0.044245013
-0.003448178,0.075223824,0.001871217
-0.009390359,0.049373324,0.054736164
-0.003976788,0.056294285,-0.038996011
-0.006784797,0.021768215,-0.034496867
-0.004865304,0.036228748,-0.06824045
-0.004441666,0.010655687,-0.101609104
-0.004674104,0.022772992,-0.027373221
-0.002927066,0.010164546,-0.011626216
-0.003703111,0.009639663,0.037489444
-0.002248495,0.009440957,0.02999087
-0.002477184,0.002756194,-0.040120797
-0.001502442,0.008942318,-0.050618801
-0.001120043,0.002058849,-0.122230182
-0.000823871,0.004323346,-0.119605682
4.96e-05,0.004810737,-0.085862099
0.000612,0.005264386,-0.096360102
0.001999134,0.006092952,-0.072739594
0.002955131,0.003033633,-0.088861528
0.004042344,0.008552405,-0.071614808
0.005275768,0.005361865,-0.053243302
0.005519454,-0.000745527,-0.057742446
0.006662902,0.006509109,-0.05961709
0.006752878,-0.002218949,-0.091860958
0.007491433,-0.00046059,-0.14322619
0.00822249,-0.002500136,-0.199465495
0.008406192,0.007153966,-0.231709363
0.01011574,-0.000438095,-0.223460931
0.008623634,-0.002132718,-0.175095129
0.01132667,0.012818956,-0.124854683
0.009227225,-0.014962364,-0.101609104
0.011371659,0.021258328,-0.107607963
0.011296678,-0.018887741,-0.134227901
0.009853309,0.023755273,-0.172470628
0.014899477,-0.014163792,-0.217087144
0.006344236,-0.006121831,-0.239957794
0.020965375,0.039588001,-0.221961217
-0.002848336,-0.109276384,-0.187842705
0.089557262,0.917683919,-0.187842705
0.440074701,1.783081412,-0.156723623
0.781005921,1.489521714,-0.043870084
1.081684021,1.535745182,-0.023249006
1.393984052,1.558116455,0.062609667
1.677000566,1.557820271,0.144344123
1.958191312,1.534912867,0.046862661
2.222560251,1.411201636,0.064109382
2.484019957,1.450736592,0.041988588
2.736834446,1.447935965,0.06448431
2.975181506,1.479308986,0.178087706
3.201580471,1.496393935,0.19158514
3.414576725,1.527613241,0.288316744
3.620618566,1.570987342,0.295065461
3.812271706,1.582665994,0.262071735
3.990443406,1.607522965,0.309312751
4.153574078,1.614357694,0.230952653
4.303155828,1.626430009,0.16833956
4.440909452,1.635266793,0.141719622
4.566006417,1.642648901,0.08772989
4.679631412,1.647871489,0.034115085
4.778226626,1.637242604,0.041988588
4.861668342,1.629376853,0.120723615
4.932543376,1.624952837,0.112475184
4.991541546,1.618500523,0.136845549
5.039412655,1.607834146,0.120723615
5.07536941,1.588994586,0.047612519
5.099100643,1.570807382,-0.017625075
5.111618588,1.555428303,-0.139476903
5.11346685,1.532498404,-0.204339568
5.10505782,1.50230637,-0.268827304
5.086012849,1.476519606,-0.278950379
5.056688093,1.449623089,-0.302945816
5.018384458,1.417024091,-0.369308196
4.971611809,1.386142211,-0.346437545
4.916936247,1.352909603,-0.37380734
4.854571466,1.313835795,-0.386179987
4.78393262,1.269918065,-0.346437545
4.70542835,1.22763872,-0.363309337
4.619204869,1.18376223,-0.41130021
4.525100969,1.133830837,-0.410925281
4.424211361,1.079985315,-0.400427278
4.315677522,1.02754573,-0.410925281
4.19942822,0.975391082,-0.283449523
4.076599405,0.911100384,-0.186717919
3.946894906,0.853078291,-0.169471199
3.811248226,0.795277398,-0.113981751
3.668950803,0.727957374,-0.134227901
3.521371024,0.671457442,-0.197590851
3.370282172,0.605644582,-0.254954942
3.2126438,0.533623103,-0.225335575
3.046731362,0.455231791,-0.23245922
2.872777298,0.374021107,-0.321317322
2.694999244,0.30473277,-0.279700236
2.512868589,0.224590597,-0.267702518
2.326932689,0.15395631,-0.265827875
2.135703187,0.064512457,-0.207713926
1.938718954,-0.012506661,-0.21221307
1.74117612,-0.092251421,-0.190092277
1.537177489,-0.178358517,-0.2557048
1.335405771,-0.248599142,-0.312319033
1.126897082,-0.352499779,-0.321317322
0.919550586,-0.41138418,-0.361434693
0.709617273,-0.548997318,-0.277825593
0.495237634,-0.604181293,-0.219711644
0.293724598,-0.802669639,-0.138352117
0.071562014,-0.954537106,-0.068990307
-0.037136782,-0.379482527,-0.04499487
-0.0147252,-0.096581708,0.009369791
-0.018354242,-0.161592247,-0.034496867
-0.019224012,-0.060570969,-0.029622793
-0.017180802,-0.086702656,-0.019874647
-0.020738612,-0.052907673,-0.041995441
-0.017401993,-0.045829248,-0.074239309
-0.020963553,-0.047130209,-0.133478043
-0.019388969,-0.028260656,-0.088111671
-0.020798596,-0.041663924,-0.052118516
-0.02093731,-0.028256907,-0.014625646
-0.02108727,-0.030517654,0.05586095
-0.022103252,-0.024380269,0.030740727
-0.021930797,-0.027608301,0.008994863
-0.023029257,-0.026191116,-0.01612536
-0.022890544,-0.022696894,-0.063741305
-0.023599107,-0.023465473,-0.075739024
-0.024112721,-0.023825393,-0.098609674
-0.024900013,-0.027552064,-0.096735031
-0.026242159,-0.022295733,-0.119605682
-0.027063192,-0.023829142,-0.138352117
-0.028405338,-0.026262351,-0.122605111
-0.02907641,-0.02145592,-0.12298004
-0.029458809,-0.023622938,-0.122605111
-0.030579763,-0.019716307,-0.127104255
-0.030317333,-0.018943979,-0.10835782
-0.031460781,-0.023086807,-0.142851261
-0.031265832,-0.016597001,-0.176219915
-0.032203085,-0.02698594,-0.158598266
-0.032742942,-0.012206727,-0.124104826
-0.032154348,-0.025887434,-0.06824045
-0.034534969,-0.016761964,-0.052118516
-0.031966897,-0.022022044,-0.039745868
-0.036263263,-0.036073918,-0.099359532
-0.032559241,0.0056543,-0.182968632
-0.036105804,-0.055685805,-0.226460361
-0.034981101,0.027350723,-0.294322456
-0.032817922,-0.067866846,-0.320192536
-0.041830542,0.026345947,-0.304070602
-0.02082109,-0.082267392,-0.265827875
-0.206138404,-1.291223461,-0.263203374
-0.586700409,-1.664471682,-0.156348694
-0.902801936,-1.427764337,-0.063741305
-1.211735356,-1.568646748,-0.029247865
-1.5145204,-1.538829631,0.14246948
-1.795343743,-1.572095981,0.137970335
-2.073077901,-1.475757411,0.143219337
-2.333967758,-1.42141325,0.150717911
-2.594962588,-1.46331018,0.067858669
-2.841265047,-1.45607054,0.174713348
-3.075683144,-1.498012461,0.18558628
-3.296537323,-1.51262296,0.197583999
-3.506943011,-1.558524,0.236201655
-3.708767215,-1.586833952,0.111350398
-3.895767834,-1.606157154,0.103476895
-4.069365742,-1.625026706,0.088854676
-4.227633948,-1.633274871,0.025116797
-4.374006546,-1.64906261,0.091854105
-4.507583772,-1.654176472,0.102352109
-4.628972967,-1.664126758,0.114349827
-4.73829035,-1.662214684,0.184836423
-4.83171193,-1.651477072,0.256822733
-4.910936009,-1.647184277,0.281942956
-4.978013296,-1.641365572,0.255697947
-5.033652353,-1.63305742,0.240325871
-5.078018138,-1.61831195,0.14809341
-5.110222134,-1.60352149,0.054736164
-5.130556764,-1.584880637,-0.077238738
-5.139479408,-1.559637502,-0.22383586
-5.138320964,-1.536490151,-0.288323597
-5.127336364,-1.508198945,-0.34793726
-5.10527344,-1.47900044,-0.378681413
-5.073718023,-1.450296825,-0.380181128
-5.033948525,-1.41898754,-0.359934978
-4.985796241,-1.385185059,-0.371182839
-4.929894753,-1.349646714,-0.368933267
-4.865936642,-1.313605982,-0.289073454
-4.79384318,-1.269748238,-0.265452946
-4.714038004,-1.22262872,-0.291323026
-4.626183704,-1.17497307,-0.29319767
-4.530812638,-1.126192672,-0.328066039
-4.428314705,-1.074814101,-0.368558338
-4.318180038,-1.0193002,-0.365558909
-4.20058859,-0.963381389,-0.354311048
-4.075705318,-0.903514706,-0.372307625
-3.944280024,-0.844019191,-0.379056342
-3.80645142,-0.781385624,-0.363684265
-3.661807116,-0.716783744,-0.385055201
-3.512502793,-0.659140317,-0.378681413
-3.358665917,-0.595355756,-0.325441538
-3.198058328,-0.518479107,-0.251580584
-3.028239422,-0.431918363,-0.164222197
-2.851447358,-0.365055736,-0.106858106
-2.671547364,-0.291703303,-0.04499487
-2.486518724,-0.211414913,-0.009751572
-2.298603347,-0.139479665,0.009369791
-2.103587345,-0.046819028,0.016118508
-1.905493405,0.02264552,-0.032247294
-1.704419003,0.119055324,-0.102358961
-1.499235686,0.182105048,-0.221961217
-1.295791909,0.270356667,-0.336689399
-1.083939103,0.363114783,-0.413924711
-0.877766047,0.437438249,-0.415049497
-0.66072836,0.57602992,-0.375307055
-0.452530839,0.615613614,-0.285324167
-0.241094173,0.908187282,-0.126354398
-0.036143294,0.793612769,-0.073489451
0.009553389,0.166069865,0.029615941
-0.013604246,0.11309415,0.094103678
-0.002544667,0.10333882,0.085105389
-0.007864512,0.037087307,0.158216485
-0.004490403,0.068377847,0.121473473
-0.004674104,0.018941344,0.10197718
-0.005090244,0.040457808,0.049487162
-0.002743364,0.013448816,-0.077238738
-0.004074263,0.014281131,-0.101984033
-0.001914833,0.016733085,-0.149225049
-0.00298705,0.003918436,-0.16609684
-0.001686143,0.014393606,-0.168721341
-0.001468701,0.003637248,-0.224210789
-0.001138788,0.00781007,-0.178469487
-0.000332751,0.004623279,-0.124854683
-0.000254021,0.00106907,-0.05661766
0.000623247,0.006032965,0.057360665
0.000975654,-0.000794266,0.083980603
0.001815432,-0.003306207,0.144344123
0.002797673,0.005091925,0.17996235
0.00390738,0.006392885,0.102727038
0.005050828,0.005856755,0.049112234
0.006059311,0.005110671,-0.015750432
0.006351734,0.003011138,-0.141726475
0.007172767,0.002966148,-0.193091707
0.007525174,-0.002308929,-0.24108258
0.008061283,0.008331204,-0.316818178
0.009111005,-0.000381858,-0.288323597
0.008492419,-0.00077552,-0.287948668
0.010633104,0.005793019,-0.220086573
0.009399679,-0.011119469,-0.088486599
0.011184208,0.012725227,-0.006002285
0.010839299,-0.011344419,0.109850683
0.010516884,0.015593339,0.096728178
0.013433614,-0.008165126,0.037864373
0.008987288,-0.000179403,0.015368651
0.01621163,0.013872471,-0.078363524
0.007945063,-0.035414065,-0.139101974
0.01844604,0.072400702,-0.239207937
0.005890606,-0.139633381,-0.346812474
0.037254824,0.542928533,-0.383180558
0.335904709,1.699636224,-0.420298499
0.698351498,1.568096735,-0.32769111
0.994834456,1.471030827,-0.263578302
1.305323715,1.562727929,-0.175470058
1.590435925,1.529697777,0.005995433
1.868080108,1.548773534,0.033365228
2.13250903,1.421106933,0.15109284
2.389908559,1.425189775,0.238451227
2.641838282,1.432253203,0.318685969
2.876038937,1.442810855,0.493777672
3.10206675,1.479507692,0.506900176
3.314984274,1.506430453,0.548892191
3.518971658,1.542223741,0.514023822
3.707981746,1.551472933,0.350929837
3.88212326,1.57076989,0.253073446
4.043529388,1.581972398,0.106476325
4.19101919,1.598146301,-0.054743016
4.326939548,1.604182458,-0.1316034
4.450255734,1.598704926,-0.208463783
4.559783061,1.597059042,-0.216337286
4.653901957,1.586940043,-0.121480325
4.733493439,1.582872198,0.007870077
4.801639194,1.569030277,0.153342412
4.859002796,1.555540778,0.27219481
4.904302084,1.5527439,0.296940104
4.937589544,1.530196416,0.243700229
4.958910163,1.511045676,0.153717341
4.96911122,1.488858112,-0.020999433
4.969114969,1.460506918,-0.145100833
4.958584,1.441239954,-0.233958935
4.937443332,1.40740748,-0.32206718
4.906720195,1.371486721,-0.403051779
4.867955432,1.343821625,-0.455916725
4.820897858,1.31525298,-0.413924711
4.765734925,1.281109325,-0.449168009
4.702669079,1.237619,-0.440544649
4.631070486,1.196040749,-0.3393139
4.551591474,1.149581084,-0.372307625
4.464453235,1.100699457,-0.396677991
4.369903202,1.058667557,-0.30744496
4.267798915,1.005920541,-0.290573169
4.15773173,0.950627841,-0.268827304
4.04075512,0.895526348,-0.178469487
3.916854089,0.836409499,-0.14885012
3.786624729,0.782027846,-0.168346413
3.650052043,0.717740896,-0.23245922
3.506746136,0.654766155,-0.31606832
3.3591926,0.595323128,-0.414674568
3.206671627,0.523751549,-0.513280817
3.046528915,0.452348683,-0.535776539
2.877133648,0.373946123,-0.548899043
2.702298566,0.299176506,-0.525653464
2.52358326,0.229771945,-0.412799925
2.341010222,0.157994162,-0.311569176
2.154200802,0.069491349,-0.165346983
1.960313252,-0.00239516,-0.016500289
1.765394724,-0.079091849,0.037114515
1.563930425,-0.169334274,0.073482599
1.363455864,-0.228353645,0.04161366
1.158474993,-0.3333003,-0.03337208
0.951282207,-0.392938284,-0.089611386
0.745465307,-0.519082723,-0.188217634
0.530377105,-0.595052074,-0.2557048
0.331079733,-0.745427373,-0.26132873
0.109741932,-0.979630274,-0.259079158
-0.028225385,-0.488497027,-0.209213641
-0.015126344,-0.09090922,-0.139851831
-0.011793474,-0.158896596,-0.088861528
-0.016768411,-0.071724737,-0.000378355
-0.012258352,-0.082829767,0.02999087
-0.017049586,-0.061167086,0.007120219
-0.013604246,-0.040164258,0.080231316
-0.016577211,-0.049717133,0.106851253
-0.015651206,-0.025362551,0.104601681
-0.016262294,-0.037768541,0.155217056
-0.017180802,-0.022651904,0.130471761
-0.016738418,-0.028541843,0.088104818
-0.017926855,-0.023446727,0.043488303
-0.017626934,-0.020706087,-0.013500859
-0.018620421,-0.025834946,-0.10273389
-0.018804123,-0.019033959,-0.198715637
-0.019403965,-0.020518628,-0.268077447
-0.020000057,-0.019393878,-0.352811333
-0.020239994,-0.019618828,-0.321692251
-0.021117262,-0.020034986,-0.264703088
-0.022339439,-0.022145766,-0.155223908
-0.023254198,-0.021602137,0.013119078
-0.024172705,-0.020642351,0.084355531
-0.025091213,-0.018077921,0.135345835
-0.025196185,-0.018100416,0.131221619
-0.026189673,-0.019667568,0.109475754
-0.026298394,-0.014246274,0.014618793
-0.027381858,-0.022464445,-0.084362384
-0.0275993,-0.017448061,-0.145100833
-0.027381858,-0.024080336,-0.292072884
-0.029125148,-0.015595973,-0.343438115
-0.027546814,-0.022055786,-0.326191395
-0.030126133,-0.027837,-0.305195388
-0.028064178,-0.002353919,-0.226460361
-0.030643497,-0.040835359,-0.176969773
-0.030032408,0.006760304,-0.125604541
-0.029125148,-0.041900122,-0.112856965
-0.033702689,-0.003309956,-0.138727045
-0.025769784,-0.01970131,-0.081362954
-0.039929794,-0.042398761,-0.055117945
-0.015115097,0.073570442,-0.022124219
-0.118272856,-0.946213958,-0.023998863
-0.474458798,-1.707688318,-0.031872366
-0.812105886,-1.446120254,-0.002627927
-1.110662046,-1.524710272,-0.103483747
-1.417556005,-1.543024948,-0.083987455
-1.696306145,-1.552915247,-0.12860397
-1.972679414,-1.512218051,-0.204714496
-2.232223376,-1.408954771,-0.136102544
-2.489307988,-1.450915437,-0.197215922
-2.734287046,-1.438097039,-0.045744728
-2.964903647,-1.478111887,0.113225041
-3.186676334,-1.506380599,0.185961209
-3.39602855,-1.537341212,0.415042645
-3.595783301,-1.567304547,0.44241244
-3.778862455,-1.577952178,0.487028955
-3.94914249,-1.602243025,0.54326826
-4.106229758,-1.609148988,0.434538937
-4.250019287,-1.622507267,0.385048349
-4.382348093,-1.629896873,0.299564605
-4.501251694,-1.630815419,0.188960639
-4.606104006,-1.626211443,0.08473046
-4.695645361,-1.614116633,-0.007127072
-4.771371614,-1.606948228,-0.05361823
-4.835967056,-1.600218475,-0.139476903
-4.888974309,-1.58868604,-0.210713356
-4.930142187,-1.573299463,-0.224960646
-4.959530677,-1.553620091,-0.202839853
-4.977177267,-1.534900505,-0.182593703
-4.984232904,-1.514651259,-0.146600548
-4.981098731,-1.487413568,-0.105358391
-4.967122422,-1.458248806,-0.087736742
-4.942795096,-1.428529167,-0.10273389
-4.909762569,-1.39987804,-0.16909627
-4.868388495,-1.368040123,-0.198340709
-4.818717861,-1.334368863,-0.242207366
-4.761286777,-1.301226236,-0.326941253
-4.695817815,-1.260352828,-0.320192536
-4.622116028,-1.215940207,-0.297696814
-4.540338873,-1.170672777,-0.379431271
-4.450437613,-1.123658235,-0.409050638
-4.353394489,-1.07333318,-0.380181128
-4.248943321,-1.018201694,-0.442794221
-4.136600488,-0.963366392,-0.454791939
-4.017112041,-0.906337828,-0.400052349
-3.890800396,-0.848724394,-0.36218455
-3.758314132,-0.789108906,-0.304070602
-3.618596027,-0.725695512,-0.241832438
-3.473216917,-0.66438915,-0.181843846
-3.323668908,-0.599176156,-0.171720771
-3.167897543,-0.530270234,-0.196466065
-3.003788379,-0.447698602,-0.221961217
-2.831311425,-0.373345142,-0.274076306
-2.65448187,-0.308462075,-0.342313329
-2.472849834,-0.229395914,-0.389554346
-2.288548502,-0.153179118,-0.374932126
-2.098106292,-0.066100988,-0.350561761
-1.90335647,0.003438542,-0.341188543
-1.705941101,0.095548053,-0.308194818
-1.503247127,0.167453307,-0.274826163
-1.302851295,0.251925767,-0.244831867
-1.093787752,0.345283749,-0.193466635
-0.889489201,0.410826669,-0.147350405
-0.67678537,0.558330107,-0.11135725
-0.468404147,0.598618645,-0.049868943
-0.262823435,0.86292735,0.032240442
-0.051424259,0.847117117,0.058110522
0.012979984,0.22178997,0.04161366
-0.012258352,0.096575324,0.015743579
-0.002420949,0.120003863,-0.026623364
-0.006342414,0.039786707,-0.03937094
-0.004400427,0.067729241,-0.096735031
-0.003152006,0.020737194,-0.074989166
-0.004674104,0.034012991,0.007120219
-0.001824857,0.019346254,-0.018749861
-0.003616883,0.01626069,0.034490014
-0.001299995,0.017377942,0.080606244
-0.002166017,0.004698262,0.077606815
-0.001150035,0.012579009,0.095978321
-0.000407731,0.002598729,0.064859239
-0.000430225,0.009182265,0.069358383
0.000529522,0.005196901,0.042738446
0.0004208,0.00196512,0.025116797
0.001301818,0.004233366,0.025866654
0.001616734,0.002523746,-0.04499487
0.002111604,0.005170657,-0.05961709
0.003427506,0.004941958,-0.081737883
0.004630939,0.00668532,-0.127854113
0.005526952,0.005639303,-0.18634299
0.006599169,0.003007388,-0.239582866
0.006955325,0.001481478,-0.258329301
0.00746519,0.002561238,-0.268827304
0.008218741,-0.001101698,-0.208088855
0.008421188,0.003266081,-0.157848409
0.009673357,0.001863893,-0.103483747
0.009043523,-0.001619082,-0.058117375
0.010749323,0.009875861,-0.034871795
0.010288195,-0.007827701,0.001871217
0.010955518,0.013478809,0.003745861
0.012226433,-0.007730223,-0.005252428
0.010329434,0.003363559,-0.036746439
0.014502082,0.003832205,-0.079113382
0.009714596,-0.013642658,-0.124854683
0.015810486,0.027047041,-0.198715637
0.010243207,-0.048423671,-0.239207937
0.015015696,0.073004318,-0.214462643
0.013913487,-0.108331594,-0.209963498
0.012357648,0.287449114,-0.196091136
0.258547637,1.552931359,-0.154474051
0.633534864,1.644343524,-0.057742446
0.935180209,1.459989533,-0.025123649
1.244660984,1.578275721,-0.037871225
1.536094026,1.534710412,0.079481458
1.813734459,1.582759723,0.049862091
2.082512233,1.461852869,0.068983455
2.339180705,1.43959407,0.102727038
2.594563266,1.464241088,0.037489444
2.831496949,1.467427879,0.174338419
3.059219314,1.509474776,0.177712778
3.274618684,1.529435335,0.184086566
3.480345608,1.572213319,0.268070594
3.673280909,1.584338122,0.210706503
3.850436628,1.607575453,0.259072306
4.014838214,1.619025406,0.239950942
4.165338472,1.633092277,0.166089988
4.303838148,1.644152317,0.23170251
4.429482469,1.644208554,0.241450657
4.542211451,1.646859214,0.246699658
4.640323043,1.630955252,0.285692243
4.723273638,1.627884685,0.299564605
4.793785018,1.61653596,0.273694525
4.853330544,1.608808929,0.169464346
4.901329119,1.601528048,0.062234738
4.937162156,1.575688796,-0.030372651
4.961159569,1.557629064,-0.134977758
4.973670016,1.535767677,-0.225335575
4.975705728,1.512444115,-0.256454657
4.96774658,1.485596337,-0.298071743
4.94923022,1.455692989,-0.320942393
4.920696505,1.421013204,-0.337814185
4.883333871,1.389010323,-0.367433552
4.837865878,1.360869083,-0.306320174
4.784393748,1.325911859,-0.334064898
4.72285,1.285720799,-0.358435263
4.653140908,1.238530047,-0.266952661
4.57538644,1.200142336,-0.289823311
4.48976655,1.147166621,-0.327316181
4.396813596,1.098982339,-0.328066039
4.296557571,1.057913975,-0.349062046
4.188267417,0.997424931,-0.35356119
4.072899132,0.945978875,-0.369683124
3.950598928,0.886509604,-0.364809051
3.821775446,0.823744816,-0.406051208
3.686732357,0.762982082,-0.437545219
3.544884815,0.7017657,-0.396303062
3.398620939,0.644579671,-0.385805059
3.247655804,0.575268839,-0.367433552
3.089893714,0.50113658,-0.34793726
2.923070267,0.419779678,-0.328815896
2.749367387,0.34770946,-0.29319767
2.572155433,0.274334532,-0.302570887
2.390242221,0.203130371,-0.276700807
2.205416028,0.125042742,-0.212587999
2.013342999,0.036892351,-0.219711644
1.818964328,-0.03462674,-0.266577732
1.62010934,-0.131160266,-0.282699666
1.418967455,-0.19111318,-0.278950379
1.216982043,-0.290334858,-0.349062046
1.008615817,-0.367335229,-0.398927563
0.805771881,-0.460843178,-0.338938971
0.590743664,-0.582016223,-0.311569176
0.389466815,-0.65998013,-0.263203374
0.174843491,-0.956415439,-0.089611386
-0.007050977,-0.688620009,0.011244435
-0.02449512,-0.13195134,0.031115656
-0.007999476,-0.148646376,0.058485451
-0.01805807,-0.101950514,0.048737305
-0.011673506,-0.064957493,0.055111093
-0.016401008,-0.076167499,-0.004877499
-0.014215335,-0.033798174,-0.031872366
-0.015388775,-0.055989488,0.010119649
-0.016307282,-0.030292704,0.007120219
-0.015460006,-0.034428034,0.018743009
-0.017259531,-0.028324392,0.018743009
-0.016262294,-0.027398348,0.046112804
-0.017919357,-0.027589555,0.018743009
-0.017776894,-0.021227221,-0.028498007
-0.018402979,-0.026157374,-0.021374362
-0.018822868,-0.017391824,-0.064116234
-0.018976577,-0.020942284,-0.037121367
-0.019846348,-0.022243245,0.007120219
-0.020135022,-0.019753798,0.034490014
-0.020884824,-0.020409902,0.037864373
-0.021780837,-0.023787901,0.003370932
-0.02294303,-0.020552371,0.011994292
-0.024004,-0.020211197,-0.0479943
-0.024866272,-0.023829142,-0.101984033
-0.025034978,-0.018921484,-0.148100263
-0.026002222,-0.020308675,-0.227960076
-0.02616343,-0.016177094,-0.331065468
-0.026669546,-0.024470249,-0.35656062
-0.027786751,-0.017523045,-0.296946957
-0.027291882,-0.019153932,-0.318692821
-0.029087657,-0.023176787,-0.214462643
-0.027704273,-0.012049262,-0.063741305
-0.02991244,-0.028830529,0.005995433
-0.028753996,-0.003827341,0.097103107
-0.029365084,-0.034814198,0.134221048
-0.031190852,-0.002346421,0.16271563
-0.027621794,-0.026554786,0.160091129
-0.03445624,-0.020203698,0.086605104
-0.025323651,0.008042518,0.019867795
-0.038358959,-0.080659,-0.065990877
-0.020644887,0.113532802,-0.113231894
-0.07225001,-0.671864987,-0.212587999
-0.394604885,-1.673627145,-0.250830727
-0.751390669,-1.497986216,-0.219711644
-1.048259775,-1.501724135,-0.335189684
-1.358475356,-1.571124947,-0.242207366
-1.640727072,-1.559015141,-0.211838142
-1.917958864,-1.560743506,-0.282324737
-2.180269595,-1.440012863,-0.178094559
-2.436795605,-1.472649353,-0.166846698
-2.685264991,-1.472364416,0.00412079
-2.91721624,-1.504247324,0.18858571
-3.140990898,-1.542170138,0.273694525
-3.351467817,-1.56688464,0.446161727
-3.553157057,-1.608140463,0.419541789
-3.739599074,-1.619395459,0.367801629
-3.911787354,-1.644334911,0.365552056
-4.071285235,-1.657674444,0.221954364
-4.217807793,-1.670744036,0.142094551
-4.352089833,-1.679172162,0.125597688
-4.473456534,-1.681406665,0.095978321
-4.581600477,-1.680401888,0.098227893
-4.674343486,-1.670672802,0.13384612
-4.753038955,-1.662083463,0.15409227
-4.819576384,-1.6558486,0.149218196
-4.87491927,-1.646299474,0.136095692
-4.91903762,-1.630376766,0.054736164
-4.950844221,-1.612793178,0.024366939
-4.970845189,-1.5926864,0.011994292
-4.980116491,-1.569377835,-0.05361823
-4.978864321,-1.544280918,-0.044245013
-4.967141167,-1.517245682,-0.061866662
-4.944965773,-1.485478999,-0.090736172
-4.913417854,-1.454435904,-0.118855824
-4.873502144,-1.424056412,-0.226460361
-4.82549982,-1.389331637,-0.285324167
-4.769819524,-1.356383966,-0.394803347
-4.706037617,-1.314936936,-0.463415299
-4.634206585,-1.268522261,-0.432671146
-4.554221457,-1.22442457,-0.485536093
-4.466078483,-1.175419221,-0.470538945
-4.370834883,-1.12736991,-0.392553775
-4.267819587,-1.07220843,-0.367808481
-4.156923871,-1.015528539,-0.388804488
-4.039114981,-0.957573931,-0.361809622
-3.914231709,-0.898333359,-0.320942393
-3.783230052,-0.846114975,-0.350561761
-3.645521417,-0.775645651,-0.338564042
-3.501383229,-0.709724065,-0.338938971
-3.353019908,-0.651724467,-0.373057483
-3.199509195,-0.578896917,-0.359185121
-3.038350502,-0.500696813,-0.337064328
-2.867695567,-0.420056001,-0.349811903
-2.692076943,-0.347232201,-0.36518398
-2.511985749,-0.271637767,-0.33069054
-2.328565435,-0.200624814,-0.301071172
-2.140781273,-0.10983501,-0.251205655
-1.9466013,-0.035687754,-0.219336716
-1.751176656,0.048196086,-0.240707652
-1.549288718,0.137531214,-0.224210789
-1.349339019,0.203715241,-0.268827304
-1.142926026,0.315672836,-0.327316181
-0.937431541,0.375157104,-0.316443249
-0.729713893,0.510014605,-0.289823311
-0.517212508,0.575231347,-0.236208507
-0.317881396,0.76955437,-0.149974906
-0.097274651,0.933066747,-0.087361813
0.01356108,0.370178211,-0.03337208
-0.008093201,0.071849574,-0.018749861
-0.005086495,0.136372721,-0.074239309
-0.003571895,0.042966,-0.043870084
-0.005603859,0.068265372,-0.055867803
-0.001779869,0.034680343,-0.081737883
-0.004914041,0.028321757,0.02136751
-0.001554928,0.02867043,0.033740157
-0.002885827,0.009118529,0.049487162
-0.001322489,0.021003385,0.112475184
-0.001449956,0.006344146,0.111350398
-0.001150035,0.011772939,0.133096262
0.000135876,0.005414353,0.088479747
-0.00025777,0.006797795,0.007870077
0.000821944,0.006486614,-0.031497437
0.00083694,0.003438542,-0.055492874
0.001478021,0.005616808,-0.020999433
0.002081612,0.003749723,0.011244435
0.002610222,0.005241891,0.048737305
0.003483741,0.004986948,0.071233027
0.004687174,0.007427655,0.048737305
0.005624426,0.004402078,-0.004877499
0.006621663,0.005031938,-0.068990307
0.007296485,0.001050324,-0.135352687
0.007393959,0.000465454,-0.194216493
0.008492419,0.00308987,-0.224210789
0.008394945,-0.000974226,-0.322817037
0.009725843,0.004866975,-0.338189114
0.009939537,-0.005094559,-0.28719881
0.010415661,0.007780077,-0.318317893
0.011502874,-0.005551958,-0.235833578
0.010554374,0.002400023,-0.121480325
0.013129944,0.005358115,-0.067490592
0.010584366,-0.006736694,0.024366939
0.014194663,0.021779463,0.065609096
0.011585352,-0.024552731,0.124472902
0.013358634,0.034804065,0.164215344
0.014577062,-0.033824418,0.11359997
0.009947035,0.03491654,0.135345835
0.021936369,-0.016263325,0.077606815
-0.002593404,-0.008899963,0.031490585
0.148154288,1.207636919,-0.004877499
0.518788915,1.756777263,-0.088486599
0.840180295,1.460866838,-0.05961709
1.142290517,1.568981538,-0.153724193
1.44432201,1.553325021,-0.158598266
1.721587542,1.598457481,-0.196840994
1.99553895,1.526728437,-0.26995209
2.252316143,1.449458126,-0.169846127
2.509052097,1.500116857,-0.199840423
2.750874489,1.487092254,-0.059992018
2.980167689,1.535988877,0.085105389
3.198944917,1.560575908,0.186711066
3.405834034,1.598457481,0.383548634
3.602762031,1.626370022,0.35017998
3.783396831,1.64117173,0.379424418
3.950861359,1.664840215,0.404544641
4.104900681,1.669372956,0.246699658
4.246474546,1.682749981,0.212956075
4.375373008,1.693330127,0.185961209
4.491089951,1.692561548,0.159341271
4.592969297,1.686919053,0.196084284
4.679815114,1.671716185,0.216705362
4.75314575,1.663006872,0.234327011
4.815349324,1.664705245,0.137595407
4.866538306,1.651028287,0.052486592
4.905779194,1.630692811,-0.040495726
4.932839548,1.611871997,-0.133103115
4.948480418,1.594089703,-0.158598266
4.954047697,1.567290664,-0.187842705
4.948971538,1.536839938,-0.130478614
4.932918277,1.509114856,-0.111732179
4.906847662,1.476557098,-0.112482036
4.871644458,1.446751228,-0.115856395
4.828058467,1.409671977,-0.173970343
4.776535823,1.376889269,-0.210338427
4.716994046,1.338186628,-0.32769111
4.649583097,1.288206497,-0.392553775
4.574272984,1.25123972,-0.416174283
4.491033715,1.201885699,-0.509906458
4.400363909,1.147646514,-0.473913303
4.302282309,1.101756722,-0.410550353
4.196687693,1.049309639,-0.397802777
4.083542572,0.989619167,-0.39105406
3.963311821,0.927446747,-0.352436404
3.836614028,0.875517049,-0.341563472
3.703955309,0.809509232,-0.403051779
3.564510882,0.737510249,-0.39705292
3.418921828,0.685228129,-0.417673998
3.269227607,0.623261913,-0.452167438
3.114625933,0.550756792,-0.437920148
2.951229081,0.465714459,-0.406051208
2.77931073,0.387855529,-0.436420433
2.603478412,0.316115238,-0.466414729
2.422701149,0.238091344,-0.400052349
2.239502027,0.165683701,-0.335189684
2.049925838,0.073536699,-0.240707652
1.856529408,0.001196541,-0.21221307
1.660126272,-0.088862175,-0.202464924
1.458703212,-0.161288564,-0.178844416
1.259282123,-0.250848641,-0.260578873
1.051939376,-0.342620727,-0.2988216
0.849826498,-0.415077109,-0.287573739
0.637778743,-0.558164029,-0.289448383
0.432490454,-0.613111806,-0.199465495
0.226351139,-0.894666674,-0.100859247
0.021812651,-0.825003421,-0.088486599
-0.030407309,-0.209067936,-0.034496867
-0.006593597,-0.121176237,-0.044245013
-0.016903375,-0.130387938,-0.126729327
-0.011958431,-0.057987793,-0.139101974
-0.014563993,-0.082848513,-0.187842705
-0.014845168,-0.036178895,-0.175470058
-0.013667979,-0.053481296,-0.07686381
-0.016168569,-0.032920869,-0.012751002
-0.014560244,-0.034308061,0.072357813
-0.016584709,-0.035766486,0.146968624
-0.015767425,-0.0244665,0.192709926
-0.016775909,-0.031638655,0.217080291
-0.017255782,-0.023446727,0.166839845
-0.017548205,-0.030101497,0.079856387
-0.018432971,-0.020004993,-0.007876929
-0.018417975,-0.023375493,-0.072739594
-0.01904406,-0.024848915,-0.064116234
-0.019355227,-0.017286847,-0.004127642
-0.019962567,-0.024174065,0.043863232
-0.020952306,-0.02307181,0.067858669
-0.022054515,-0.022779375,0.048362376
-0.023089241,-0.022224499,-0.051368658
-0.024187701,-0.019438868,-0.132353257
-0.02430767,-0.019427621,-0.202089996
-0.025068719,-0.021219722,-0.217087144
-0.025983477,-0.022190756,-0.201715067
-0.025796027,-0.025741216,-0.272201662
-0.02707069,-0.019600083,-0.259079158
-0.026358378,-0.021223471,-0.241832438
-0.028004194,-0.026880963,-0.211088284
-0.027554312,-0.006211811,-0.125979469
-0.027955456,-0.030326447,-0.120355539
-0.029421319,-0.008045153,-0.078738453
-0.027359364,-0.022363218,-0.06824045
-0.031625737,-0.019217668,-0.095610245
-0.02688324,-0.004329729,-0.077988596
-0.032934142,-0.053398814,-0.103108819
-0.0275993,0.031313592,-0.06224159
-0.031472028,-0.085634143,-0.025123649
-0.031577,0.082680915,-0.019874647
-0.027138172,-0.269290789,0.012369221
-0.268117037,-1.484702921,-0.031497437
-0.645942265,-1.608747828,0.045362947
-0.949379636,-1.456962842,0.033740157
-1.258095614,-1.592097781,-0.00187807
-1.549453675,-1.561155914,0.077231886
-1.825939413,-1.602970363,-0.0479943
-2.094282302,-1.489396877,-0.046494585
-2.349529899,-1.479739025,-0.120730468
-2.60290674,-1.508907537,-0.204339568
-2.83818336,-1.514598771,-0.002627927
-3.064004978,-1.566543466,0.008245005
-3.277447364,-1.589334646,0.091104248
-3.480951125,-1.634433364,0.225703651
-3.671918196,-1.653291669,0.174713348
-3.847304382,-1.674834377,0.226828437
-4.009763981,-1.694794936,0.22307915
-4.158903348,-1.7064211,0.175088277
-4.296293318,-1.718107251,0.198333856
-4.420779195,-1.722797457,0.171713918
-4.532413465,-1.724068425,0.183336708
-4.629134174,-1.714579285,0.2433253
-4.711147517,-1.705281354,0.353554338
-4.780657912,-1.700553655,0.4105435
-4.838951268,-1.69257543,0.331433545
-4.885926363,-1.67967455,0.202458072
-4.920807152,-1.66209846,0.02136751
-4.944208473,-1.639738434,-0.142476332
-4.956044097,-1.617224692,-0.316443249
-4.957221287,-1.594294793,-0.41429964
-4.948478595,-1.565684907,-0.371932697
-4.929317405,-1.53339334,-0.356935549
-4.900097621,-1.501397957,-0.323941823
-4.861940197,-1.469192621,-0.289073454
-4.816161036,-1.437755865,-0.262828445
-4.762250273,-1.401385205,-0.211838142
-4.700830242,-1.363953532,-0.212587999
-4.632579515,-1.324381085,-0.20658914
-4.556035977,-1.274423448,-0.265827875
-4.471514547,-1.227907545,-0.351686547
-4.37918018,-1.180469348,-0.388429559
-4.279032876,-1.123047121,-0.424422715
-4.171342563,-1.064680105,-0.403426707
-4.055921792,-1.007445337,-0.359185121
-3.933366656,-0.948069795,-0.305195388
-3.804674389,-0.887142098,-0.319442679
-3.669503834,-0.822034082,-0.366308766
-3.527221406,-0.753922983,-0.412424996
-3.379862819,-0.694123785,-0.471663731
-3.22815913,-0.625888964,-0.475413018
-3.069703473,-0.544925724,-0.469414159
-2.901616609,-0.468393999,-0.431921289
-2.72753133,-0.390523821,-0.40267685
-2.549022219,-0.312376205,-0.349436975
-2.366370452,-0.243995166,-0.295822171
-2.180734473,-0.151660706,-0.233958935
-1.987930386,-0.068444217,-0.1316034
-1.793964107,0.006902772,-0.125979469
-1.593789467,0.102480261,-0.08248774
-1.393577337,0.169605329,-0.103108819
-1.190418485,0.279219695,-0.227960076
-0.983544364,0.343712849,-0.265827875
-0.779688197,0.468211404,-0.308944675
-0.564982394,0.563177779,-0.324316752
-0.36698218,0.683878429,-0.224210789
-0.148407399,0.954215793,-0.131978329
0.004582201,0.535561422,-0.109107678
-0.000745142,0.076749734,0.009369791
-0.008243162,0.140125637,0.05586095
-0.001015071,0.065108574,0.001496289
-0.006409896,0.051514098,0.010119649
-0.001086302,0.043787067,-0.101609104
-0.004396678,0.022907962,-0.141726475
-0.001791116,0.035786347,-0.103858676
-0.001832355,0.012522772,-0.144350976
-0.001663649,0.022821731,-0.081362954
-0.000381488,0.010213285,0.007120219
-0.000883855,0.01091063,0.048737305
0.000450792,0.005481838,0.085105389
2.72e-05,0.006070457,0.098977751
0.001080626,0.008050017,0.089604533
0.001358053,0.001747669,0.064859239
0.001620484,0.003194847,0.036739586
0.002227823,-0.001304153,0.003745861
0.002561485,0.00214508,0.003370932
0.003644949,0.005804266,0.024741868
0.004769652,0.00637039,0.062609667
0.005849367,0.006340397,0.052861521
0.00674538,0.006171684,-0.011626216
0.007401457,0.000727895,-0.083987455
0.007802601,0.001818903,-0.187092848
0.008848575,0.004660771,-0.24708144
0.008927304,-0.00217021,-0.316818178
0.009620871,0.006471618,-0.32469168
0.010501888,-0.001292905,-0.314943534
0.010235708,0.005624306,-0.361059764
0.011907767,0.002287549,-0.277075736
0.010599362,-0.003568649,-0.171720771
0.01318243,0.012597755,-0.084362384
0.011720316,-0.017301844,0.02699144
0.012822525,0.022544292,0.107601111
0.014052201,-0.018111664,0.141719622
0.011124224,0.014172405,0.138720193
0.017482545,0.001946374,0.106476325
0.008387447,-0.022663151,0.083230745
0.0220076,0.058678754,0.026616511
0.002175337,-0.136439092,-0.074989166
0.064735067,0.74824786,-0.128978899
0.394456747,1.758175702,-0.190467206
0.745180382,1.52644725,-0.162347553
1.041220957,1.532127236,-0.161222767
1.350446799,1.594569596,-0.143601118
1.631472589,1.592706261,-0.072739594
1.907710893,1.600005887,-0.119605682
2.168169614,1.477033242,-0.013125931
2.424080785,1.515638404,-0.000753284
2.671639162,1.516988104,0.055111093
2.902773127,1.551776615,0.278193669
3.124744511,1.584803019,0.277443812
3.333819301,1.615066287,0.38167399
3.534357595,1.659126486,0.440162868
3.719442469,1.662485738,0.376799917
3.890281106,1.697214263,0.398920711
4.047469597,1.711228645,0.296565176
4.191577793,1.718569513,0.225703651
4.323910348,1.728613528,0.191960068
4.442870184,1.73224647,0.10497661
4.54906839,1.731136717,0.061859809
4.64052174,1.718573262,0.05586095
4.717256477,1.71134487,0.071607955
4.782253063,1.695039747,0.071607955
4.83638127,1.690480761,0.082105959
4.878775075,1.677819827,0.02699144
4.909153303,1.648763791,-0.001503141
4.928243262,1.63168259,0.00112136
4.936603554,1.60777041,-0.052868373
4.93419669,1.590809183,-0.012001145
4.921285099,1.562390504,-0.025498578
4.897985002,1.522656843,-0.096735031
4.865094937,1.494241914,-0.181093988
4.823398448,1.457005197,-0.283074595
4.773709069,1.420012176,-0.365933837
4.716667882,1.381043345,-0.500908169
4.651570073,1.33426875,-0.51215603
4.57902298,1.294358878,-0.487035808
4.499022856,1.251805844,-0.53240218
4.410868635,1.200491009,-0.505032385
4.315580047,1.149757294,-0.448418151
4.212823432,1.090820405,-0.400802207
4.10225388,1.032970774,-0.338938971
3.984733664,0.980827373,-0.293572598
3.860225293,0.917436474,-0.30182103
3.729321111,0.856471286,-0.329940682
3.591766185,0.790448473,-0.369683124
3.448325313,0.721160136,-0.393678561
3.300959228,0.660761071,-0.418048927
3.148456999,0.593039886,-0.450292795
2.988550476,0.510651963,-0.446168579
2.819515113,0.427360491,-0.461540656
2.645459826,0.357086124,-0.477287661
2.466759515,0.279178454,-0.475413018
2.284707589,0.202526755,-0.400427278
2.098419282,0.114732535,-0.284199381
1.906177548,0.040690256,-0.24970594
1.71239497,-0.045986713,-0.17771963
1.512276565,-0.132386243,-0.11998061
1.314321339,-0.204212766,-0.155598837
1.109400452,-0.315660474,-0.175844986
0.905866699,-0.378200312,-0.172845557
0.699611165,-0.515329808,-0.133852972
0.488935548,-0.581911247,-0.123729897
0.290785374,-0.790106184,-0.083612526
0.072967893,-0.93393169,-0.033747009
-0.031948152,-0.367965089,-0.070490022
-0.009465339,-0.093822322,-0.090361243
-0.013518019,-0.154768764,-0.145100833
-0.014099115,-0.058467687,-0.172095699
-0.011965929,-0.082522336,-0.214837571
-0.015714939,-0.048554892,-0.262453516
-0.012502037,-0.044558281,-0.147350405
-0.015688696,-0.04653784,-0.066740735
-0.014215335,-0.028001964,-0.011626216
-0.015756178,-0.040880349,0.089604533
-0.015894891,-0.02725588,0.171713918
-0.015999863,-0.030060256,0.217080291
-0.016989602,-0.022022044,0.178087706
-0.016719673,-0.021965806,0.139844979
-0.017705663,-0.02532131,0.075732171
-0.01767942,-0.021549649,0.00674529
-0.01828676,-0.02334175,-0.01612536
-0.0187029,-0.020882297,-0.069740164
-0.01911904,-0.020218695,-0.051743587
-0.020232496,-0.022835613,-0.056242731
-0.021360948,-0.022366967,-0.082862669
-0.022253212,-0.021245966,-0.100484318
-0.023325429,-0.02239696,-0.169846127
-0.024063984,-0.019772544,-0.194216493
-0.024330164,-0.021268461,-0.266577732
-0.025293659,-0.018392851,-0.299571458
-0.025199934,-0.016027127,-0.276325878
-0.026328386,-0.023210529,-0.233958935
-0.026309641,-0.013822618,-0.191217063
-0.026815757,-0.026056146,-0.193841564
-0.027929213,-0.012116747,-0.064491163
-0.026864494,-0.019513852,0.025866654
-0.029447562,-0.020623605,0.0356148
-0.026774518,-0.006860417,0.136095692
-0.030336078,-0.039590636,0.139844979
-0.027947958,0.005628055,0.089604533
-0.029578778,-0.046200415,0.017993151
-0.031382052,0.014997221,-0.123354969
-0.025837266,-0.045581803,-0.204714496
-0.038388951,-0.005394493,-0.242957224
-0.013143118,0.007963786,-0.231709363
-0.157671202,-1.130410483,-0.309319604
-0.52936305,-1.698247918,-0.280075165
-0.854349731,-1.450866698,-0.197215922
-1.155728896,-1.581592618,-0.196840994
-1.45798158,-1.581547628,-0.003377784
-1.734553546,-1.618206973,-0.006002285
-2.008418726,-1.556623173,0.027741298
-2.264940986,-1.484849139,0.1192239
-2.520518496,-1.536508897,0.036739586
-2.761317408,-1.531979904,0.242200514
-2.988856072,-1.582293712,0.320935541
-3.206246166,-1.609733858,0.352054623
-3.411796886,-1.652646812,0.503150889
-3.607348997,-1.683487452,0.41654236
-3.787001556,-1.699586371,0.418417003
-3.953480094,-1.723768491,0.346805621
-4.105986072,-1.735090973,0.143969195
-4.246300269,-1.752033454,0.056985736
-4.374647627,-1.758152093,-0.059242161
-4.489828461,-1.762684834,-0.146600548
-4.591227934,-1.75784841,-0.171720771
-4.677631368,-1.748040592,-0.085112241
-4.750497126,-1.742649291,0.025866654
-4.812037125,-1.733793761,0.117349257
-4.86234884,-1.721455256,0.238451227
-4.900839925,-1.703504249,0.265071165
-4.927697833,-1.683896111,0.276693954
-4.942686375,-1.662147199,0.214830719
-4.946810286,-1.638070055,0.085480317
-4.941003069,-1.610689895,0.004870647
-4.924694876,-1.57848456,-0.122605111
-4.898324339,-1.546714127,-0.225710504
-4.862682501,-1.512349271,-0.328815896
-4.818530411,-1.477148352,-0.449917866
-4.766951531,-1.44249481,-0.470913873
-4.707582209,-1.402644925,-0.497533811
-4.639788861,-1.357392491,-0.466414729
-4.564182576,-1.311570185,-0.386179987
-4.480999542,-1.265777871,-0.403051779
-4.390018568,-1.213720701,-0.408675709
-4.291865737,-1.160943691,-0.383555486
-4.186346101,-1.106337089,-0.395928133
-4.073249717,-1.046039252,-0.390304203
-3.953052707,-0.985685177,-0.342688258
-3.825961268,-0.9244463,-0.335564613
-3.692728951,-0.860076869,-0.3393139
-3.55257971,-0.791924529,-0.354311048
-3.406641998,-0.728061236,-0.408675709
-3.256846554,-0.665543893,-0.422548071
-3.101461337,-0.591640333,-0.430046645
-2.937089742,-0.502931316,-0.456291654
-2.765182638,-0.427426862,-0.494159453
-2.588911685,-0.353898218,-0.50353267
-2.40792073,-0.273519848,-0.451042652
-2.224684117,-0.193883813,-0.410550353
-2.034414361,-0.10183054,-0.329940682
-1.841299107,-0.028425619,-0.238833008
-1.64399246,0.066042116,-0.146975477
-1.443626621,0.139810707,-0.037496296
-1.244081814,0.239167355,-0.031497437
-1.036922769,0.318795891,-0.035996581
-0.835675912,0.409368244,-0.048744157
-0.623043312,0.546449,-0.112856965
-0.421800204,0.608662661,-0.121855254
-0.211885636,0.909143319,-0.137602259
-0.020704871,0.724879308,-0.179594274
0.00901728,0.134231948,-0.131228471
-0.011058668,0.120487505,-0.136852402
-0.000194037,0.092140061,-0.159348124
-0.006218696,0.039134352,-0.075739024
-0.001948574,0.063773871,-0.109482607
-0.003159504,0.015334646,-0.079863239
-0.002908321,0.035235219,0.057735594
-0.001037565,0.014044933,0.040863802
-0.002136025,0.018251497,0.022867225
-0.000164045,0.007536381,0.058485451
-0.001003823,0.004192125,0.065609096
0.000342071,0.01271023,0.086230175
0.000300832,0.000289243,0.12522276
0.000986901,0.008057515,0.143969195
0.001624233,0.002216314,0.099352679
0.001530507,0.003843452,0.05023702
0.002437768,0.003254833,-0.005627357
0.002733939,0.00016927,-0.085862099
0.003405012,0.004420824,-0.110607393
0.004567205,0.004278356,-0.100859247
0.005868112,0.004300851,-0.10273389
0.006730384,0.006614086,-0.133852972
0.00761515,0.003738476,-0.130103685
0.007971306,-0.00167532,-0.137977188
0.008683618,0.004930711,-0.145475762
0.009118504,0.000521691,-0.132353257
0.009350942,0.005193152,-0.125229612
0.010846797,0.003059877,-0.06224159
0.010160728,-0.000711784,-0.108732749
0.012027735,0.008661131,-0.153724193
0.011195455,-0.006609222,-0.102358961
0.012260174,0.010614446,-0.112856965
0.01303247,-0.014182538,-0.100859247
0.011787799,0.012316568,-0.03937094
0.015251884,-0.000430597,-0.012751002
0.010486892,-0.005375747,-0.041995441
0.017381322,0.025472391,-0.143601118
0.009999521,-0.044528287,-0.207338997
0.017759972,0.078125678,-0.196840994
0.01166783,-0.125896437,-0.209213641
0.023177291,0.405911513,-0.205089425
0.295070492,1.639855772,-0.236583436
0.665615143,1.624390463,-0.1747202
0.963788904,1.499367024,-0.142851261
1.273610839,1.61936658,-0.101984033
1.560991201,1.589759416,0.100477465
1.837649394,1.637478801,0.112475184
2.103045561,1.517554228,0.209581717
2.358139448,1.522836803,0.247074587
2.61048906,1.543254761,0.16833956
2.844464774,1.557209157,0.267320737
3.069206677,1.605265967,0.254198232
3.280605853,1.631093971,0.317936111
3.482868691,1.682262589,0.371550916
3.672107469,1.694589847,0.291691102
3.845949063,1.720976477,0.338932119
4.006669121,1.738068925,0.305563464
4.153600321,1.746463308,0.227203366
4.288444713,1.760770125,0.236201655
4.41054622,1.767736075,0.160466057
4.520126033,1.770101799,0.088104818
4.614994731,1.756848497,0.05586095
4.694979859,1.749770072,0.049487162
4.762405804,1.741810593,0.044988018
4.818715934,1.732823842,0.047612519
4.863970234,1.718963175,0.113225041
4.897118981,1.69322515,0.161590844
4.918825749,1.675889007,0.138345264
4.929641642,1.651601909,0.034864943
4.930035288,1.622815813,-0.021749291
4.920152898,1.596462925,-0.098609674
4.899514598,1.557629064,-0.200590281
4.869125123,1.517929145,-0.279325308
4.82971553,1.488516938,-0.380556057
4.782350537,1.459037245,-0.377931556
4.727330067,1.419442303,-0.427797073
4.664252973,1.376173178,-0.460040941
4.593108011,1.33229294,-0.336689399
4.513891429,1.284487324,-0.332190254
4.427428012,1.236006858,-0.34793726
4.333586542,1.187110235,-0.329565754
4.232318284,1.131971251,-0.397427848
4.123623237,1.072018337,-0.458541226
4.007625119,1.009208559,-0.472788517
3.884995002,0.945562717,-0.466414729
3.756152775,0.888965308,-0.471288802
3.621184666,0.82512076,-0.45741644
3.479385861,0.756612249,-0.431921289
3.332319697,0.69295516,-0.418048927
3.18128708,0.626538684,-0.445418722
3.024304784,0.549759514,-0.439044934
2.85784874,0.46171035,-0.441669435
2.684944399,0.389205229,-0.510656316
2.507743692,0.310311529,-0.514405603
2.326733991,0.234315934,-0.511781102
2.142511389,0.15166182,-0.453667153
1.951019456,0.067568027,-0.351311618
1.758466554,-0.011513132,-0.262828445
1.559724036,-0.106089593,-0.150349835
1.360974019,-0.174800558,-0.1316034
1.159104827,-0.286574444,-0.142476332
0.95403398,-0.348431934,-0.126729327
0.751819879,-0.471869475,-0.138727045
0.539056063,-0.571192381,-0.147350405
0.342611688,-0.702064519,-0.172845557
0.12561524,-0.965687126,-0.200590281
-0.022928034,-0.539688139,-0.178844416
-0.016134828,-0.096551715,-0.143601118
-0.009446594,-0.158442947,-0.095235316
-0.015939879,-0.080797719,-0.004502571
-0.010784991,-0.073389367,-0.010876359
-0.015891142,-0.061500762,-0.075739024
-0.012322085,-0.037389875,-0.045744728
-0.014912651,-0.051974131,-0.061491733
-0.014608981,-0.030960056,-0.066740735
-0.014878909,-0.039646873,0.007870077
-0.016078593,-0.023915373,0.053611378
-0.015385026,-0.029749075,0.11359997
-0.016787156,-0.028238161,0.134970906
-0.016494733,-0.023255519,0.143219337
-0.01745073,-0.024620216,0.197958927
-0.017615687,-0.021125993,0.186711066
-0.01798309,-0.023540456,0.149593125
-0.018860358,-0.019652571,0.041988588
-0.018961581,-0.022591917,-0.101609104
-0.019636403,-0.024935146,-0.188967491
-0.020952306,-0.023401737,-0.282699666
-0.021934546,-0.02028618,-0.278200522
-0.022665603,-0.023083058,-0.227960076
-0.023681585,-0.019510103,-0.203964639
-0.023985255,-0.018235386,-0.133478043
-0.024791292,-0.022460696,-0.05361823
-0.025019982,-0.016315813,-0.055492874
-0.025799776,-0.026573531,-0.037121367
-0.02635088,-0.015191063,0.005620504
-0.026137187,-0.019716307,-0.06824045
-0.027689277,-0.017714252,-0.112107107
-0.026204669,-0.013009049,-0.131978329
-0.028798984,-0.026817227,-0.166846698
-0.027149419,-0.001502858,-0.144350976
-0.02896394,-0.036445085,-0.137977188
-0.029323845,0.003292325,-0.091486029
-0.027254392,-0.039305699,-0.083987455
-0.033136588,-0.011265687,-0.188592562
-0.024086478,-0.00504582,-0.207713926
-0.038403947,-0.061077106,-0.233584006
-0.015996114,0.102262809,-0.23245922
-0.094447898,-0.821190519,-0.230209648
-0.437572289,-1.702319513,-0.172845557
-0.783887088,-1.484837891,-0.014625646
-1.080759943,-1.551884227,-0.020624505
-1.388827341,-1.602925373,0.106101396
-1.668034861,-1.61350177,0.125972617
-1.944130703,-1.601864359,0.061859809
-2.203138556,-1.49999202,0.142094551
-2.458577353,-1.550227095,-0.006752143
-2.703942559,-1.547947602,0.013119078
-2.933404465,-1.588022438,0.071982884
-3.153666301,-1.62491798,0.052111663
-3.360656641,-1.662533363,0.239576013
-3.55932043,-1.702458232,0.242200514
-3.742343349,-1.716011467,0.302938963
-3.911506178,-1.744122713,0.462283661
-4.067172571,-1.756262513,0.389172564
-4.210219797,-1.775417002,0.365177128
-4.341487633,-1.783863873,0.344930978
-4.459364006,-1.786728236,0.295815318
-4.564474999,-1.787605541,0.264321307
-4.654492478,-1.775090825,0.262446664
-4.730106261,-1.767629984,0.287941815
-4.794255571,-1.762887289,0.220829578
-4.847454023,-1.751504821,0.155217056
-4.888749368,-1.734554842,0.050611948
-4.918209089,-1.714965449,-0.059992018
-4.936091866,-1.693130307,-0.149599977
-4.942731363,-1.668670748,-0.229459791
-4.939503465,-1.642599047,-0.227210218
-4.926265711,-1.612853164,-0.222711074
-4.902429505,-1.577955927,-0.246331582
-4.869228273,-1.543684801,-0.259454087
-4.827782967,-1.511876876,-0.215587429
-4.778281039,-1.47536,-0.214837571
-4.720917437,-1.433496812,-0.281949809
-4.655778389,-1.390598855,-0.258329301
-4.582526482,-1.346553652,-0.285324167
-4.501225451,-1.297083407,-0.396677991
-4.412212707,-1.244977498,-0.429671716
-4.316215557,-1.194337513,-0.446543508
-4.213117782,-1.136934032,-0.465289943
-4.102072106,-1.078379558,-0.455166868
-3.98401953,-1.017785537,-0.416549212
-3.859237481,-0.956869088,-0.423297929
-3.727699716,-0.896267568,-0.467164586
-3.589466219,-0.823016363,-0.460040941
-3.445245554,-0.761042649,-0.46041587
-3.296383613,-0.698600289,-0.459666012
-3.142767929,-0.62212855,-0.435670576
-2.981493017,-0.538930808,-0.414674568
-2.81118299,-0.455669329,-0.392928704
-2.636407893,-0.383539125,-0.421048356
-2.456436668,-0.304776645,-0.438670005
-2.274051081,-0.225710483,-0.370058053
-2.086173193,-0.135014409,-0.301446101
-1.892896732,-0.058358961,-0.254580014
-1.697809499,0.037102304,-0.211838142
-1.496690108,0.113476565,-0.219336716
-1.298262507,0.196130678,-0.26432816
-1.09231814,0.30302315,-0.305945245
-0.890209011,0.370429406,-0.316818178
-0.68140415,0.521134631,-0.244831867
-0.474162627,0.574927665,-0.184093418
-0.273110718,0.826616677,-0.112856965
-0.060740549,0.867535075,-0.012001145
0.015004449,0.255108809,0.007120219
-0.010215141,0.086842489,0.02699144
-0.001731131,0.122617031,0.068233597
-0.004186733,0.037465973,0.074607385
-0.003500664,0.069405118,-0.018374932
-0.001528685,0.02170073,-0.107982892
-0.003350704,0.033131937,-0.120355539
-0.000388986,0.023222891,-0.161972625
-0.002106032,0.015488362,-0.118480895
-5.91e-05,0.019173792,0.024366939
-0.000662664,0.001762665,0.128222189
0.000203358,0.011919156,0.201333286
0.000829442,0.001369003,0.235076869
0.000776956,0.00506943,0.207707074
0.001680468,0.004593286,0.155217056
0.001582993,0.00178516,0.120723615
0.002482756,0.002332539,0.094478606
0.002936386,0.001882639,0.031115656
0.003734925,0.001788909,-0.049494015
0.004855879,0.001301518,-0.112856965
0.005864363,0.004023412,-0.142101404
0.006895341,0.003393552,-0.171720771
0.007761362,0.002478756,-0.199840423
0.008091275,-0.001626581,-0.229084862
0.009073515,0.00272995,-0.233209078
0.009429671,0.001346508,-0.226085432
0.009962031,0.005125667,-0.26132873
0.010925526,-0.004344726,-0.200965209
0.01053188,0.000345481,-0.156723623
0.012455122,0.003997168,-0.150724764
0.011240443,-0.005094559,-0.055867803
0.013444861,0.013111391,0.025866654
0.012608832,-0.020233692,0.096728178
0.012856266,0.018352725,0.103851824
0.01481325,-0.012975306,0.07310767
0.011127973,0.004949456,0.043113374
0.018198606,0.009695901,-0.079113382
0.009107256,-0.031488688,-0.145100833
0.021392762,0.065142317,-0.175095129
0.005418231,-0.139389685,-0.227210218
0.05071002,0.648141379,-0.270327019
0.366050499,1.739414875,-0.285324167
0.724234663,1.564842459,-0.154474051
1.021156255,1.538189638,-0.122605111
1.332826452,1.622005993,-0.004877499
1.616315341,1.619029155,0.151842697
1.894304433,1.646495545,0.089604533
2.157859836,1.5143112,0.161965772
2.414543304,1.554239818,0.114724756
2.665723225,1.569588903,0.095603392
2.900842387,1.588713399,0.225328723
3.125295616,1.639848274,0.238826156
3.33488402,1.667760815,0.382048919
3.537435532,1.71655996,0.407169142
3.7267118,1.73508084,0.350929837
3.901685594,1.75724216,0.415042645
4.062375661,1.776497876,0.325059757
4.209220634,1.785342159,0.255697947
4.344961039,1.804177969,0.250074017
4.46757616,1.814304466,0.192709926
4.57792452,1.807450991,0.199833571
4.674056635,1.803923026,0.227953223
4.755053996,1.795693606,0.264321307
4.82327848,1.788363987,0.27519424
4.8801922,1.777401425,0.249324159
4.926376255,1.755967443,0.206582288
4.960987115,1.742669152,0.115099685
4.983556155,1.718955677,-0.013500859
4.994900659,1.691954183,-0.143601118
4.995867904,1.667220935,-0.215587429
4.986881527,1.635030596,-0.214087714
4.967319193,1.606848115,-0.214462643
4.937315866,1.569896335,-0.276325878
4.898397393,1.533300725,-0.279700236
4.851658485,1.499760686,-0.274451235
4.797005418,1.455929187,-0.39967742
4.734520668,1.416720409,-0.429296788
4.664271719,1.370470697,-0.388054631
4.585849927,1.318960905,-0.484411307
4.500023841,1.273528512,-0.522654034
4.406894684,1.219780468,-0.496409025
4.306586172,1.168814305,-0.493034667
4.198959593,1.110424794,-0.473913303
4.083876233,1.050231934,-0.411675139
3.962284592,0.992745972,-0.350936689
3.834090944,0.925947081,-0.388054631
3.69993637,0.863231032,-0.408300781
3.559176041,0.794025177,-0.451417581
3.412773451,0.731968981,-0.496034096
3.262655593,0.666830971,-0.488160594
3.106902972,0.589485677,-0.522654034
2.942268947,0.507581396,-0.523403891
2.769747005,0.425354687,-0.531277394
2.593228618,0.348575517,-0.540650612
2.411874009,0.271886326,-0.491160023
2.228341224,0.194972186,-0.404551494
2.038382636,0.104298606,-0.321317322
1.844768764,0.028730416,-0.282699666
1.647975731,-0.068204271,-0.241457509
1.446676388,-0.140416957,-0.241832438
1.24721406,-0.234566014,-0.269202233
1.039796333,-0.327174163,-0.303320745
0.838275798,-0.406525261,-0.272576591
0.626914112,-0.549882122,-0.217462072
0.42322665,-0.610584868,-0.211838142
0.21760095,-0.899041951,-0.095235316
0.016815221,-0.802508425,-0.065990877
-0.030204862,-0.198802719,-0.043120227
-0.006972247,-0.124269299,0.026241583
-0.017469475,-0.124606724,-0.041245583
-0.012329583,-0.063382843,-0.041620512
-0.015227567,-0.082604817,-0.077613667
-0.014995129,-0.036002684,-0.088111671
-0.01438404,-0.055963244,-0.003377784
-0.016640944,-0.034368047,0.02999087
-0.015088854,-0.036445085,0.123348116
-0.017297021,-0.033333278,0.199083714
-0.016292286,-0.02262566,0.219704792
-0.017630683,-0.031822364,0.21445579
-0.017799388,-0.021767101,0.139844979
-0.018024329,-0.02500638,0.092229034
-0.018987824,-0.020312424,0.007870077
-0.018755386,-0.022978081,-0.078363524
-0.019467698,-0.022993078,-0.095235316
-0.019895085,-0.019510103,-0.125229612
-0.020941059,-0.02338674,-0.096360102
-0.02207326,-0.022528181,-0.067115663
-0.022894293,-0.02181584,-0.082112811
-0.024138964,-0.023577948,-0.126354398
-0.024870021,-0.021414679,-0.181093988
-0.02502748,-0.021099749,-0.221586288
-0.026118441,-0.019716307,-0.257204514
-0.026193422,-0.016038375,-0.273701377
-0.027179411,-0.022243245,-0.263578302
-0.027280635,-0.015794679,-0.202464924
-0.027636791,-0.027004685,-0.209213641
-0.028825227,-0.014534959,-0.172095699
-0.027618045,-0.018876494,-0.057742446
-0.030546022,-0.023195533,-0.008626786
-0.02794046,-0.006826674,0.066358954
-0.031217095,-0.03678626,0.073482599
-0.029623766,0.008065013,0.060360095
-0.029859953,-0.047793811,0.050611948
-0.032821671,0.009992085,-0.010126501
-0.02616343,-0.035646513,-0.03337208
-0.039708603,-0.023769155,-0.061866662
-0.013840434,0.037945866,-0.048744157
-0.141505471,-1.059198824,-0.138352117
-0.509373328,-1.707133442,-0.146975477
-0.840399664,-1.464371194,-0.11998061
-1.141943786,-1.595813205,-0.212587999
-1.447848006,-1.608462891,-0.103108819
-1.726159512,-1.639967133,-0.148100263
-2.002349079,-1.593143799,-0.148475191
-2.260528401,-1.515738517,-0.034121938
-2.517253108,-1.573681878,-0.077613667
-2.761973485,-1.573100757,0.08772989
-2.992586337,-1.622102357,0.178837564
-3.211108632,-1.649317553,0.274819311
-3.41761535,-1.694416271,0.482154882
-3.616477836,-1.734281153,0.446161727
-3.800209318,-1.753851799,0.499401602
-3.970744285,-1.780242179,0.490028385
-4.126504404,-1.791185994,0.315311611
-4.26954788,-1.810869116,0.288316744
-4.401228108,-1.817943792,0.217080291
-4.51967058,-1.823882471,0.161965772
-4.625565117,-1.825093452,0.157466628
-4.717029714,-1.815094426,0.189710496
-4.79395565,-1.806070183,0.193834712
-4.858719798,-1.80015025,0.140969765
-4.912116947,-1.793607955,0.115099685
-4.954450768,-1.774678416,0.038239301
-4.984956463,-1.752877016,0.028116226
-5.003476572,-1.73056198,-0.03337208
-5.011653163,-1.705749999,-0.090736172
-5.009527474,-1.680289413,-0.052118516
-4.997103255,-1.649111349,-0.057367517
-4.974680426,-1.614866466,-0.096360102
-4.942206502,-1.580962758,-0.200215352
-4.901263563,-1.544790805,-0.214462643
-4.852541429,-1.508281426,-0.291697955
-4.795845151,-1.470527325,-0.437920148
-4.731590869,-1.427415665,-0.426672287
-4.659501155,-1.38365165,-0.514030674
-4.579321079,-1.334188903,-0.585642056
-4.491166857,-1.281573107,-0.5496489
-4.395822035,-1.230299513,-0.525278535
-4.293541544,-1.173195966,-0.483661449
-4.18377428,-1.114843946,-0.401926993
-4.06676018,-1.055948297,-0.304820459
-3.94281791,-0.9927786,-0.329565754
-3.812779749,-0.931970876,-0.347562331
-3.676450749,-0.866375468,-0.377556627
-3.533201077,-0.797555777,-0.445418722
-3.384950226,-0.732410268,-0.449917866
-3.232373017,-0.663838022,-0.470164016
-3.073452483,-0.585484202,-0.503157742
-2.905256898,-0.494904351,-0.524153749
-2.730601769,-0.419988516,-0.501283098
-2.55151906,-0.343528025,-0.484411307
-2.368492391,-0.26420692,-0.440544649
-2.182211583,-0.177215021,-0.331815326
-1.988893882,-0.09607932,-0.328815896
-1.794458976,-0.015191063,-0.323191966
-1.59396942,0.08724365,-0.26432816
-1.393588584,0.151781794,-0.272201662
-1.190358501,0.266236333,-0.268077447
-0.983454388,0.334576131,-0.251205655
-0.779894392,0.454028309,-0.188967491
-0.565436024,0.559424864,-0.161972625
-0.36739832,0.677696054,-0.122605111
-0.149138456,0.951763838,-0.012376073
0.004657182,0.540577806,-0.029247865
0.00012088,0.075358794,-0.02774815
-0.007864512,0.138929653,-0.038246154
-0.00075264,0.058884958,-0.120730468
-0.005930023,0.053696113,-0.129728756
-0.000467715,0.048297314,-0.103108819
-0.003808083,0.021562011,-0.042745298
-0.001266254,0.034384159,0.019867795
-0.001419964,0.005916741,0.083230745
-0.00124376,0.023897741,0.131596548
-1.03e-05,0.003569763,0.164965202
-0.000685158,0.005320624,0.2002085
0.000964407,0.01028077,0.154467198
0.000608251,0.000739143,0.110225612
0.001414288,0.007888803,0.10497661
0.001815432,0.002842425,0.082105959
0.002149094,0.002553739,0.045737875
0.002932637,0.00259498,0.011619364
0.003416259,0.003787215,0.031490585
0.004600946,0.007596368,0.020617652
0.005796881,0.001706428,-0.012751002
0.006614165,0.003712232,-0.054368088
0.008068781,0.008604893,-0.167221626
0.008394945,-0.003171237,-0.237708222
0.008833579,0.001698929,-0.275576021
0.00954964,0.000113032,-0.301446101
0.009515899,0.001601451,-0.286074024
0.01098926,0.00016927,-0.25270537
0.010366924,-0.004824619,-0.216712215
0.012256425,0.009395967,-0.183718489
0.011802795,-0.007595253,-0.119605682
0.012590087,0.01316013,-0.082862669
0.013587323,-0.009012438,-0.058117375
0.011941508,0.009827121,-0.013875788
0.015836729,0.002467508,-0.000753284
0.010981761,-0.010054706,0.003745861
0.017714983,0.030874939,-0.058117375
0.011116726,-0.044648261,-0.100859247
0.017175126,0.076573524,-0.109857535
0.013756029,-0.120778825,-0.124104826
0.018157367,0.347611981,-0.100484318
0.27841739,1.604707341,-0.131228471
0.652947238,1.644523484,0.007870077
0.953621589,1.509253575,0.059610237
1.265134328,1.63779748,0.008619934
1.55573134,1.608479002,0.14809341
1.83353673,1.666294891,0.075357242
2.102082065,1.54541803,0.082105959
2.358566835,1.544308277,0.100477465
2.613323312,1.582564767,0.034490014
2.851842826,1.597936347,0.167589703
3.079752642,1.638686033,0.146593696
3.292295266,1.662365765,0.221954364
3.496387621,1.719011914,0.310062609
3.689375409,1.73997725,0.240700799
3.868011987,1.770600438,0.353929267
4.032870952,1.788615181,0.324684828
4.182831352,1.801662279,0.23170251
4.321334778,1.81473562,0.264321307
4.447020338,1.811305134,0.188960639
4.561083967,1.824588429,0.170964061
4.661489953,1.821964012,0.250074017
4.746412528,1.803754313,0.352804481
4.818191073,1.794141452,0.418417003
4.878010277,1.787591659,0.409793643
4.927013586,1.774049671,0.322060327
4.964582416,1.752263267,0.170589132
4.990371855,1.735613221,0.05023702
5.005011739,1.713024496,-0.108732749
5.008723259,1.684482095,-0.208463783
5.002526146,1.656603297,-0.232834149
4.986214203,1.618984165,-0.311569176
4.959581236,1.584626808,-0.404176565
4.923556999,1.553804914,-0.40267685
4.879138729,1.512845276,-0.346812474
4.827169952,1.478416684,-0.345312759
4.767474466,1.437592016,-0.312319033
4.699819831,1.383888962,-0.275201092
4.624236041,1.33988875,-0.341938401
4.54100427,1.287655369,-0.439794791
4.450098275,1.237896438,-0.494534382
4.351866715,1.191099348,-0.521154319
4.246759471,1.128537015,-0.493784524
4.134071728,1.072059578,-0.43154636
4.014519548,1.014157459,-0.382805629
3.888421597,0.948858234,-0.409050638
3.756343975,0.890097556,-0.479912162
3.618365411,0.823876037,-0.521154319
3.473683617,0.754662683,-0.548524114
3.324109365,0.690870624,-0.544774827
3.170426198,0.617866863,-0.55264833
3.009949825,0.535812616,-0.531277394
2.839666042,0.4556442,-0.509156601
2.664137393,0.37980607,-0.511406173
2.484488583,0.299866352,-0.438295077
2.301596879,0.227065047,-0.34493783
2.114165124,0.1355704,-0.227210218
1.920584993,0.057040369,-0.180344131
1.725973884,-0.028616827,-0.178844416
1.524580816,-0.118581814,-0.179594274
1.325467146,-0.191634314,-0.293947527
1.120235091,-0.303344464,-0.363684265
0.915726596,-0.363859752,-0.347562331
0.709999672,-0.505105832,-0.349436975
0.498465532,-0.579912941,-0.348312189
0.300566541,-0.773253683,-0.203214782
0.081646851,-0.946397667,-0.136102544
-0.031835682,-0.401493881,-0.125979469
-0.011351091,-0.092656331,0.057360665
-0.013544262,-0.157141986,0.068233597
-0.015160085,-0.064335131,0.095603392
-0.012640751,-0.081720014,0.106476325
-0.016573462,-0.052716466,-0.063366376
-0.013229345,-0.04685277,-0.095985173
-0.01650598,-0.04653784,-0.155973765
-0.015058862,-0.028140683,-0.158973195
-0.016416004,-0.039080749,-0.040495726
-0.016479737,-0.02334175,0.004495718
-0.016524725,-0.030821336,0.086980032
-0.017731906,-0.023424232,0.128972047
-0.017405742,-0.0228956,0.136845549
-0.018601676,-0.024207808,0.177712778
-0.018642916,-0.021137241,0.149593125
-0.019141534,-0.024309035,0.151467769
-0.019550176,-0.021197227,0.124472902
-0.020251241,-0.022074532,0.024741868
-0.021567143,-0.025118855,-0.022124219
-0.022440663,-0.025328808,-0.053243302
-0.023404158,-0.023143044,-0.079863239
-0.024502618,-0.02073608,-0.088861528
-0.024862523,-0.01893648,-0.136852402
-0.025751039,-0.021564646,-0.192716778
-0.026024716,-0.018700283,-0.273326449
-0.026733279,-0.022959335,-0.396303062
-0.027408101,-0.015221057,-0.409800495
-0.02707069,-0.020702337,-0.394428419
-0.028712756,-0.017830476,-0.337064328
-0.027100682,-0.014103805,-0.152974336
-0.029713742,-0.028391877,-0.075739024
-0.028416585,-0.005105807,-0.006002285
-0.029541288,-0.042904898,0.109475754
-0.030662242,0.001012832,0.121098544
-0.027989197,-0.034814198,0.127847261
-0.034377511,-0.018584059,0.074607385
-0.025049974,0.001980117,-0.01612536
-0.03884633,-0.069122816,-0.092985744
-0.018477959,0.111669467,-0.163097411
-0.084550511,-0.754230414,-0.259079158
-0.420236867,-1.693096564,-0.22683529
-0.773258644,-1.501697891,-0.095985173
-1.071319935,-1.559135114,-0.131978329
-1.382480267,-1.624423091,0.028866084
-1.664563278,-1.627947307,0.078356672
-1.943058486,-1.627621129,0.002621075
-2.205346723,-1.519015288,0.116599399
-2.462101422,-1.569081651,0.00112136
-2.712025425,-1.580220423,0.069358383
-2.945854927,-1.619155512,0.192709926
-3.168418655,-1.65135335,0.178087706
-3.377002325,-1.686393055,0.353554338
-3.57840664,-1.737168011,0.295440389
-3.766475726,-1.756536202,0.284192528
-3.940778448,-1.784763673,0.373425559
-4.100741207,-1.795583766,0.262446664
-4.24705382,-1.812957401,0.255323019
-4.382288109,-1.826596867,0.200583428
-4.504779513,-1.831624499,0.120348687
-4.614692988,-1.836453425,0.086230175
-4.7110238,-1.828220256,0.135720763
-4.792306086,-1.816691571,0.250074017
-4.860166916,-1.808934546,0.330308759
-4.916979413,-1.798189436,0.424415862
-4.962488646,-1.783646421,0.377549775
-4.996435931,-1.765796642,0.308187965
-5.018873756,-1.743789038,0.189335567
-5.02972714,-1.719449452,-0.002252998
-5.030600659,-1.692466704,-0.110607393
-5.02158429,-1.664572909,-0.201715067
-5.001995713,-1.632824972,-0.332190254
-4.972910893,-1.595689482,-0.41130021
-4.934693485,-1.560199877,-0.392928704
-4.888119534,-1.52224707,-0.421798214
-4.834115045,-1.485220306,-0.441669435
-4.77233136,-1.446697625,-0.363684265
-4.702745986,-1.397148648,-0.332565183
-4.625085244,-1.349541738,-0.382805629
-4.539442859,-1.297679524,-0.436420433
-4.446542391,-1.249289039,-0.481786806
-4.346387589,-1.199567599,-0.515530389
-4.23853607,-1.132614993,-0.513655745
-4.123407721,-1.073220705,-0.434920718
-4.001613634,-1.011753129,-0.363309337
-3.873052583,-0.950375532,-0.354311048
-3.738586841,-0.887921925,-0.362934408
-3.597417869,-0.816031667,-0.41130021
-3.450006796,-0.754414124,-0.476162875
-3.298726745,-0.68601059,-0.541400469
-3.142468008,-0.61093729,-0.563521262
-2.977451584,-0.526547312,-0.577768553
-2.804022381,-0.444635534,-0.625384498
-2.626555495,-0.368639939,-0.589766271
-2.444436087,-0.28919886,-0.504657456
-2.259696121,-0.212528416,-0.357685406
-2.068687811,-0.119399132,-0.212962928
-1.874282897,-0.043002377,-0.155973765
-1.676372659,0.052410149,-0.086611956
-1.474027343,0.126846091,-0.144725904
-1.273380327,0.222224874,-0.257954372
-1.064849144,0.314904257,-0.270327019
-0.861990213,0.3942816,-0.283824452
-0.648978963,0.535610161,-0.309319604
-0.444238029,0.592949906,-0.233209078
-0.237086481,0.884406322,-0.110982321
-0.034782404,0.789882348,-0.098984603
0.012443875,0.177249878,-0.003002856
-0.010803736,0.106491868,0.09335382
-5.53e-05,0.110694683,0.074232456
-0.005052754,0.038568228,0.082855817
-0.001978566,0.062596633,-0.035246724
-0.001828606,0.02125083,-0.155598837
-0.002522173,0.031759742,-0.200965209
-0.000276516,0.01293518,-0.241832438
-0.00162241,0.0184652,-0.122605111
0.000510777,0.015713312,0.004495718
-0.000250272,0.008949817,0.118474043
0.000945662,0.012579009,0.244450086
0.001193096,0.001646441,0.224953794
0.001508013,0.009594673,0.246699658
0.002070365,0.004237115,0.230577724
0.002104106,0.003880944,0.135720763
0.003090095,0.005223145,0.101602252
0.003502487,0.003506027,-0.008626786
0.004439739,0.004893219,-0.11135725
0.005601932,0.003940931,-0.13722733
0.006434212,0.003198596,-0.1316034
0.00757766,0.004911965,-0.097484888
0.008428686,0.001316515,-0.057367517
0.008751101,0.001132805,-0.101984033
0.009688353,0.003063626,-0.183718489
0.009733341,0.001473979,-0.279325308
0.011086734,0.006452872,-0.387679702
0.011082985,-0.000996721,-0.379431271
0.011686575,0.00695526,-0.390679132
0.012661318,-0.005049569,-0.33069054
0.011724065,0.005298129,-0.176594844
0.014498333,0.000409216,-0.073489451
0.011810293,-0.009098669,0.068233597
0.01545433,0.016121971,0.152592555
0.012815027,-0.026213611,0.187835853
0.014633297,0.037548455,0.172463776
0.015840478,-0.035241603,0.06448431
0.011008005,0.035137741,-0.010126501
0.023327251,-0.016244579,-0.08548717
-0.001498693,-0.009885993,-0.14322619
0.149841343,1.205848567,-0.213712785
0.522264247,1.76272719,-0.170595985
0.844330449,1.484396604,-0.056242731
1.147775319,1.617821924,-0.077238738
1.451253929,1.607822898,0.04723759
1.729250519,1.653191556,0.056985736
2.004652793,1.597805126,-0.022499148
2.262337247,1.525000072,-0.001503141
2.519448101,1.583704513,-0.048369229
2.76340368,1.572505754,0.100477465
2.995006271,1.617222057,0.211831289
3.213281131,1.649007487,0.313062038
3.419529167,1.695455904,0.455534944
3.618084235,1.73125669,0.415042645
3.801613271,1.752626936,0.502775961
3.971833321,1.782204107,0.521897324
4.126948609,1.792428083,0.382423848
4.269917106,1.811087682,0.325809614
4.400952503,1.818008642,0.209956646
4.518750146,1.819204626,0.100852394
4.624712165,1.821457875,0.071982884
4.716180511,1.81046532,0.108725897
4.792682809,1.797875621,0.157841557
4.856910848,1.789406255,0.167964631
4.910251763,1.774338357,0.17996235
4.952544344,1.758190699,0.145468909
4.982753867,1.737244108,0.095603392
5.001112769,1.710441321,0.011619364
5.008895714,1.6862592,-0.051368658
5.006436363,1.658819054,-0.036746439
4.993929666,1.628893211,-0.062616519
4.971285645,1.589538215,-0.138352117
4.938673007,1.554427276,-0.199840423
4.897396407,1.5233017,-0.248206226
4.848419341,1.481997138,-0.330315611
4.791730561,1.442297219,-0.409425567
4.727003903,1.398454472,-0.424797643
4.654351838,1.352395968,-0.460040941
4.573883087,1.306378704,-0.565020977
4.485957556,1.253616691,-0.610762279
4.390931399,1.203692797,-0.593515558
4.288602171,1.146113105,-0.566145763
4.178898641,1.081856149,-0.477287661
4.061828306,1.025584917,-0.379431271
3.938122223,0.966460569,-0.358060335
3.808267763,0.90527043,-0.385055201
3.671950011,0.837485509,-0.424422715
3.529318925,0.770862829,-0.444293936
3.381881609,0.706512144,-0.468289373
3.230305386,0.638266075,-0.535776539
3.072625774,0.56469994,-0.548899043
2.905483661,0.473928882,-0.577393624
2.731904498,0.401588724,-0.657628366
2.554283902,0.326822856,-0.626884213
2.372175742,0.248948929,-0.536526396
2.187559493,0.16910669,-0.396303062
1.995366496,0.080060248,-0.265078017
1.801561424,0.003562265,-0.217462072
1.602638953,-0.094223483,-0.17771963
1.402235623,-0.159886376,-0.236958365
1.200857551,-0.267877353,-0.304820459
0.993383589,-0.344199126,-0.28719881
0.791300703,-0.448673385,-0.247456368
0.576917315,-0.568537972,-0.197215922
0.377541214,-0.662218382,-0.112482036
0.162940384,-0.957420215,-0.020249576
-0.011111154,-0.652320584,-0.018000004
-0.021709606,-0.120407658,0.030365798
-0.007572089,-0.148477664,0.036364658
-0.016974606,-0.09715533,-0.038996011
-0.010503815,-0.066832076,-0.086986885
-0.015336289,-0.070918667,-0.200965209
-0.01283195,-0.037356133,-0.227585147
-0.014297813,-0.056540615,-0.202464924
-0.014912651,-0.029081723,-0.177344701
-0.014462769,-0.035905206,-0.034121938
-0.016149824,-0.02756706,0.101227323
-0.015235065,-0.027428341,0.220454649
-0.016685932,-0.028230663,0.286067172
-0.016445996,-0.022295733,0.265821022
-0.017210794,-0.024473998,0.242950371
-0.017780643,-0.018426594,0.14246948
-0.017919357,-0.02257692,0.056985736
-0.018612923,-0.020608608,0.013868936
-0.019047809,-0.020987274,-0.048744157
-0.020105029,-0.023120549,-0.077238738
-0.02135345,-0.020968528,-0.096360102
-0.022215722,-0.022089529,-0.136102544
-0.023565366,-0.022681897,-0.173220486
-0.024082729,-0.019213918,-0.178469487
-0.024506367,-0.021714612,-0.206964069
-0.025376138,-0.01651077,-0.215587429
-0.025211181,-0.021066006,-0.269202233
-0.02654208,-0.020957281,-0.317568035
-0.026002222,-0.013477695,-0.280075165
-0.027359364,-0.025535012,-0.309694532
-0.02695822,-0.009372358,-0.248581154
-0.027603049,-0.032231023,-0.107982892
-0.029095155,-0.012506661,-0.013500859
-0.026984463,-0.021081003,0.075357242
-0.031097127,-0.021215973,0.08772989
-0.026324637,-0.002897548,0.07910653
-0.032555492,-0.049285979,0.001871217
-0.027280635,0.030181344,-0.106858106
-0.031322067,-0.086050301,-0.148475191
-0.031329565,0.083404504,-0.167596555
-0.02650459,-0.269103331,-0.197590851
-0.269031795,-1.487889712,-0.199840423
-0.648750273,-1.616921009,-0.068615378
-0.953286105,-1.484013075,-0.067490592
-1.263914077,-1.634425865,0.029615941
-1.556861719,-1.607503104,0.170964061
-1.835049508,-1.655537419,0.033365228
-2.105176925,-1.545326935,0.056985736
-2.361275547,-1.54260879,-0.003377784
-2.616706846,-1.580655327,-0.037871225
-2.855575018,-1.593147548,0.122973187
-3.083274889,-1.641890455,0.144344123
-3.296342374,-1.664302969,0.337432404
-3.500760894,-1.72152649,0.420666575
-3.695210795,-1.746244741,0.331808473
-3.874574681,-1.771349157,0.448786228
-4.040295919,-1.789682579,0.386922992
-4.191444755,-1.800446434,0.253448375
-4.330941668,-1.818123752,0.211831289
-4.458385514,-1.823515053,0.119598829
-4.573022742,-1.828137774,0.106476325
-4.674395972,-1.823822484,0.150717911
-4.761388,-1.813234839,0.227203366
-4.834220017,-1.803318295,0.249699088
-4.895321382,-1.794222819,0.252698518
-4.945670587,-1.78234921,0.220829578
-4.984480338,-1.763802086,0.115099685
-5.011454465,-1.742053174,0.027366369
-5.026709187,-1.717893548,-0.111732179
-5.031219246,-1.692399219,-0.169471199
-5.026060608,-1.664040528,-0.154848979
-5.010708412,-1.631359048,-0.179969202
-4.984933968,-1.596806734,-0.203214782
-4.950101917,-1.560788496,-0.249331012
-4.906669636,-1.52444783,-0.265078017
-4.855180732,-1.48619134,-0.340063757
-4.796426248,-1.44730874,-0.386554916
-4.72984383,-1.404575745,-0.33631447
-4.655058579,-1.35429568,-0.41429964
-4.572509127,-1.304026863,-0.501283098
-4.482379178,-1.254301674,-0.513280817
-4.385103616,-1.200478647,-0.509906458
-4.280539978,-1.143210136,-0.476537804
-4.168073427,-1.08547298,-0.406426137
-4.048663709,-1.023304309,-0.346062616
-3.922786949,-0.961787993,-0.36518398
-3.79073557,-0.900961524,-0.423297929
-3.652033447,-0.831065822,-0.475787947
-3.506751812,-0.765552896,-0.525278535
-3.357248791,-0.70255191,-0.565770835
-3.203265703,-0.630687896,-0.560521833
-3.041664627,-0.548476184,-0.542900184
-2.870642289,-0.467231757,-0.545149756
-2.69443507,-0.3903926,-0.546649471
-2.513605322,-0.310227933,-0.491909881
-2.329798859,-0.237666574,-0.360309907
-2.141557318,-0.146464362,-0.251955513
-1.94697995,-0.07288323,-0.191966921
-1.751169158,0.019158796,-0.156348694
-1.548988798,0.108280221,-0.220836431
-1.349009106,0.177448584,-0.289073454
-1.142779815,0.295341109,-0.32769111
-0.937532765,0.353809353,-0.32769111
-0.730362472,0.500113057,-0.242957224
-0.517553668,0.569056471,-0.199465495
-0.318627449,0.757931956,-0.043120227
-0.098448091,0.937543251,0.059985166
0.014989453,0.381849365,0.031490585
-0.006008752,0.07101351,0.097852965
-0.003575644,0.13646645,0.033740157
-0.0016599,0.044450669,-0.029622793
-0.004021777,0.067204358,-0.074239309
-1.78e-05,0.033259409,-0.182968632
-0.003181998,0.026983305,-0.158973195
0.000222103,0.030098862,-0.152974336
-0.001048812,0.009283492,-0.117356109
0.000372063,0.020812178,0.008245005
0.000443294,0.007048989,0.098977751
0.000735717,0.012249083,0.19720907
0.001886663,0.00556432,0.23770137
0.001421786,0.005223145,0.241450657
0.002606473,0.005223145,0.229452938
0.002587728,0.002418769,0.150342983
0.00322506,0.004851978,0.095228464
0.003824901,0.003041131,0.040113945
0.004267285,0.004297101,-0.014250717
0.005538199,0.005590564,-0.01912479
0.006719137,0.006070457,-0.045369799
0.007472688,0.004634526,-0.112856965
0.008717359,0.00524939,-0.176219915
0.009238472,0.000626668,-0.240707652
0.009763333,0.003727228,-0.293947527
0.01049439,0.000675407,-0.305570317
0.010576868,0.002557488,-0.334814755
0.011806544,0.003142358,-0.311569176
0.011097981,-0.002488889,-0.254580014
0.012983733,0.010217035,-0.216712215
0.012548848,-0.007838949,-0.095235316
0.013043717,0.012316568,-0.001128212
0.014479588,-0.006358028,0.069733312
0.012706306,0.006805294,0.13384612
0.016927691,0.004866975,0.069358383
0.011802795,-0.013905099,0.012369221
0.017958669,0.033443118,-0.075739024
0.012477616,-0.047280175,-0.213712785
0.016811472,0.073457967,-0.257204514
0.016305356,-0.106591981,-0.269202233
0.013148689,0.278953504,-0.26132873
0.257115515,1.553433747,-0.23245922
0.63332492,1.659325191,-0.092985744
0.935600098,1.489266771,-0.015750432
1.244818443,1.631375159,0.026241583
1.53615401,1.604459896,0.187085995
1.813104625,1.658545365,0.134970906
2.081342542,1.545612987,0.121848401
2.336740099,1.535898897,0.128972047
2.590922977,1.568325434,0.092229034
2.828137836,1.57971915,0.240325871
3.054825475,1.629316867,0.265071165
3.267386844,1.651781869,0.346055764
3.471366729,1.700543522,0.420291647
3.663702189,1.721336397,0.32131047
3.840617971,1.750711113,0.349055194
4.004097301,1.761756156,0.294315603
4.153285405,1.773382319,0.149593125
4.290769099,1.787865348,0.125597688
4.41509002,1.787677889,0.100852394
4.527631551,1.797635674,0.107976039
4.626612913,1.788026562,0.222704222
4.709807194,1.773112379,0.347555479
4.780191108,1.766903761,0.391797065
4.839489199,1.757253407,0.38767285
4.887469029,1.738005189,0.303313892
4.923676967,1.717845923,0.1597162
4.948026787,1.698725177,0.039739016
4.961279538,1.673114624,-0.135727616
4.964095044,1.645948167,-0.251205655
4.956994419,1.616014826,-0.257579443
4.939557774,1.581533746,-0.31044439
4.911942566,1.545976656,-0.383930415
4.875670894,1.508766183,-0.371932697
4.83100144,1.474161381,-0.33631447
4.778369089,1.433689134,-0.380181128
4.718010028,1.386715833,-0.395928133
4.649856775,1.347435821,-0.348687117
4.573826852,1.301688497,-0.401926993
4.489620339,1.247797985,-0.508406743
4.398069514,1.195962016,-0.49790874
4.29955303,1.145678202,-0.465664872
4.19348229,1.088574655,-0.439794791
4.080052243,1.028374296,-0.350561761
3.959903971,0.967097927,-0.296946957
3.83296999,0.903407095,-0.33631447
3.700232542,0.845579959,-0.400802207
3.560799362,0.779058506,-0.478787376
3.415112834,0.713650556,-0.537276253
3.265662299,0.650083447,-0.553773116
3.111169346,0.576566051,-0.595765131
2.948391081,0.494193124,-0.596514988
2.776926359,0.414954501,-0.581892769
2.601169021,0.338812689,-0.583017555
2.420852888,0.262820843,-0.488160594
2.237829968,0.188264928,-0.337439256
2.048662422,0.095709267,-0.216712215
1.855468438,0.021258328,-0.165721912
1.659346478,-0.072339601,-0.148100263
1.458549503,-0.145384602,-0.163847268
1.25967202,-0.235739502,-0.2557048
1.052602951,-0.329086238,-0.302195958
0.850936205,-0.40468817,-0.266202803
0.640016902,-0.549286004,-0.259829015
0.43523098,-0.605257303,-0.253455227
0.230568775,-0.885781151,-0.14022676
0.025989049,-0.826488091,-0.064491163
-0.028559047,-0.218197155,-0.023998863
-0.004580379,-0.120703842,0.066358954
-0.01445902,-0.129068231,0.039364087
-0.009795252,-0.05651812,-0.00187807
-0.012220861,-0.081776252,-0.068615378
-0.012520782,-0.036550062,-0.16609684
-0.011324848,-0.052847687,-0.146600548
-0.013757956,-0.035114131,-0.121480325
-0.012209614,-0.032159789,-0.076488881
-0.014391538,-0.033520736,0.011619364
-0.013675477,-0.021890823,0.085855246
-0.014605232,-0.029824058,0.131221619
-0.014920149,-0.021009769,0.166464917
-0.015212571,-0.023109302,0.217080291
-0.015883644,-0.020424899,0.203957787
-0.015947377,-0.017954199,0.139095122
-0.016929618,-0.021358441,0.048362376
-0.017162057,-0.020192451,-0.036746439
-0.017788141,-0.021144739,-0.071989737
-0.018999071,-0.027732024,-0.101984033
-0.019962567,-0.022423205,-0.067865521
-0.020971051,-0.020451143,-0.110982321
-0.02203577,-0.021298455,-0.196840994
-0.022002029,-0.016896934,-0.207713926
-0.023044253,-0.020799816,-0.285324167
-0.023404158,-0.014148795,-0.321692251
-0.023602856,-0.02262566,-0.340063757
-0.024746304,-0.018336614,-0.334439827
-0.02445763,-0.017583031,-0.296946957
-0.02616343,-0.020027488,-0.245956653
-0.024772547,-0.012409182,-0.109857535
-0.026909483,-0.029464138,-0.017250146
-0.025987226,-0.002158962,0.116974328
-0.026572072,-0.035024152,0.206582288
-0.028454075,-0.00369612,0.184086566
-0.024806288,-0.0271659,0.189710496
-0.03165198,-0.021755853,0.078356672
-0.022609368,0.011371778,-0.065990877
-0.035337257,-0.080246592,-0.164222197
-0.018151795,0.119418993,-0.245956653
-0.067428783,-0.65624971,-0.348687117
-0.388212823,-1.676446518,-0.353936119
-0.746644422,-1.517556863,-0.221211359
-1.043749716,-1.538083547,-0.25270537
-1.354617625,-1.621821169,-0.15747348
-1.637008054,-1.615556313,-0.059992018
-1.914404802,-1.627444918,-0.096735031
-2.176940475,-1.51019725,0.02999087
-2.432705435,-1.552487843,0.057360665
-2.682119572,-1.563979036,0.192709926
-2.914610678,-1.595468282,0.337432404
-3.136956963,-1.634433364,0.319810755
-3.346061745,-1.666447492,0.48552924
-3.547327347,-1.71437683,0.499776531
-3.734440436,-1.730798177,0.434913866
-3.907389765,-1.756971105,0.486654026
-4.066284056,-1.769009677,0.351679694
-4.212015573,-1.784572465,0.232827297
-4.346230131,-1.794912665,0.154467198
-4.467484361,-1.799047995,0.033365228
-4.576089432,-1.799066741,0.004495718
-4.670118352,-1.787890477,0.034115085
-4.749814806,-1.778641285,0.088479747
-4.816742133,-1.769155895,0.120348687
-4.872846068,-1.75883819,0.144344123
-4.917980399,-1.742289371,0.143969195
-4.95092295,-1.722433788,0.151467769
-4.972168589,-1.699762581,0.152592555
-4.982110964,-1.671512616,0.088854676
-4.981976,-1.645309694,0.070483169
-4.971966143,-1.614135379,0.038239301
-4.951395325,-1.5803254,-0.109482607
-4.921223293,-1.548198797,-0.257954372
-4.882496019,-1.510740879,-0.339688828
-4.835700876,-1.473905323,-0.408300781
-4.781152781,-1.436327432,-0.47203866
-4.718810494,-1.394494238,-0.516655175
-4.648670266,-1.347127275,-0.530902465
-4.570638371,-1.296865955,-0.539525826
-4.484587345,-1.247898098,-0.54402497
-4.39125949,-1.196215845,-0.505407314
-4.290542336,-1.141223078,-0.45741644
-4.182162206,-1.081345148,-0.425547501
-4.06672269,-1.024987685,-0.374557198
-3.944118816,-0.967175545,-0.324316752
-3.81508539,-0.900661591,-0.320567465
-3.679746129,-0.835632307,-0.355435834
-3.537666148,-0.771933976,-0.3824307
-3.390521255,-0.706713485,-0.389554346
-3.239038757,-0.641181812,-0.449917866
-3.081325404,-0.564046471,-0.493784524
-2.914153299,-0.476241003,-0.520779391
-2.740352944,-0.403675895,-0.598014703
-2.562169997,-0.324009867,-0.594640344
-2.379844394,-0.25031626,-0.520029533
-2.194422108,-0.166796089,-0.3824307
-2.001464312,-0.078983123,-0.260203944
-1.807198112,-0.003377441,-0.231334434
-1.607098453,0.095236872,-0.167971484
-1.406421445,0.156801927,-0.179969202
-1.204102372,0.266397547,-0.249331012
-0.996920832,0.335078519,-0.209213641
-0.793975674,0.449281865,-0.145850691
-0.579284867,0.563365237,-0.1316034
-0.380797282,0.659981245,-0.051743587
-0.163729603,0.950320409,0.033740157
0.001076877,0.592203822,-0.004127642
0.003378769,0.083903143,0.007870077
-0.007650818,0.134640607,-0.02774815
0.001016893,0.072419448,-0.100109389
-0.004944033,0.052301423,-0.114731608
0.000413302,0.051529095,-0.222711074
-0.002402204,0.018701397,-0.205464354
-0.000239025,0.037334752,-0.144350976
-1.03e-05,0.012627748,-0.129728756
-0.000186539,0.02003985,0.025866654
0.001298069,0.010153299,0.159341271
0.000492032,0.01014955,0.245949801
0.002096608,0.008871084,0.310812466
0.001826679,0.005039436,0.295440389
0.002640214,0.007165213,0.236951512
0.003078848,0.002688709,0.137220478
0.003255052,0.005226895,0.061859809
0.003941121,-5.19e-05,0.00412079
0.004372257,0.000251751,-0.085112241
0.004983345,0.003011138,-0.161972625
0.005538199,0.002175074,-0.19496635
0.005811877,0.002298796,-0.230959505
0.006104299,0.001713926,-0.233209078
0.006377977,0.00120404,-0.192341849
0.00621677,-0.000828008,-0.204339568
0.006449208,-0.000610557,-0.184093418
0.006584173,-0.001889022,-0.229459791
0.006569177,-0.005604446,-0.287573739
0.006839105,-0.00248514,-0.224585718
0.006839105,-0.000228142,-0.206214211
0.00685785,-0.000303125,-0.093360672
0.006955325,0.000686655,0.029615941
0.006992815,-0.000899243,0.07910653
0.007037803,-0.001229169,0.173213633
0.006906588,-0.00158534,0.144719052
0.006944078,-0.004745887,0.105726467
0.007004062,-0.004749636,0.052486592
0.006917835,-0.002282685,-0.109857535
0.007202759,-0.00338494,-0.20358971
0.007273991,-0.003838589,-0.273326449
0.007082791,-0.000753025,-0.350186832
0.007281489,-0.000633052,-0.305570317
0.007420202,-0.001409129,-0.230209648
0.00739021,-0.000670543,-0.232834149
0.007333975,-0.003317455,-0.20958857
0.007266493,-0.004074786,-0.208838712
0.007363967,-0.002297681,-0.235833578
0.007360218,-0.001457868,-0.245581725
0.007243999,-0.00118043,-0.269577162
0.007431449,-0.002256441,-0.244831867
0.0076189,-0.002128969,-0.198715637
0.007442696,-0.002695093,-0.138727045
0.007318979,-0.001993999,-0.034871795
0.007412704,-0.002278936,0.04723759
0.00746519,-0.004430957,0.066358954
0.007378963,-0.002365166,0.057360665
0.007307732,-0.004355974,-0.012001145
0.00735272,-0.004187261,-0.075739024
0.007453943,-0.001202925,-0.094485459
