0.00250525,-0.018239135,-0.083987455
0.004113575,0.014322371,-0.094860387
0.002853908,-0.008153879,-0.095235316
0.003146331,-0.008525046,-0.094485459
0.004241041,0.023234139,-0.103858676
0.001579244,-0.047985018,-0.090736172
0.006471702,0.072190749,-0.087361813
-0.001097549,-0.099716011,-0.104983462
0.008552403,0.120423769,-0.093360672
-0.003999282,-0.168224521,-0.071614808
0.022326266,0.535430201,-0.082862669
0.183589931,3.852564806,-0.06824045
0.326419714,4.180196925,-0.116606252
0.465680439,2.776104264,-0.148475191
0.628304995,2.867658898,0.02999087
0.757259692,2.66247829,0.037864373
0.885160917,2.641520453,0.027366369
0.991719028,2.58511425,0.209956646
1.08623532,2.520868542,0.056985736
1.168867249,2.552953904,0.101602252
1.238025236,2.399759232,0.228328152
1.302733149,2.329091202,0.008994863
1.353922132,2.2396436,0.071982884
1.396432156,2.19936631,-0.029997722
1.427219026,2.127532289,-0.124854683
1.450147971,2.054243592,-0.067865521
1.464113034,2.001965221,-0.191217063
1.46810198,1.936591014,-0.126354398
1.464536672,1.874935979,-0.070490022
1.451868767,1.779887122,-0.142101404
1.431264208,1.689670941,-0.2152125
1.401673272,1.59913983,-0.202089996
1.363752036,1.504874549,-0.331815326
1.318040357,1.421106933,-0.299946386
1.265096838,1.331190685,-0.141351546
1.205581304,1.223023496,-0.26132873
1.139392532,1.114151465,-0.117731038
1.067006647,0.990950121,-0.081362954
0.986485411,0.859470619,-0.202839853
0.903621042,0.746969394,-0.119230753
0.816707744,0.612303101,-0.200215352
0.726262877,0.491677434,-0.261703659
0.631172988,0.336476958,-0.26995209
0.527910256,0.186945222,-0.335564613
0.423620296,0.04157131,-0.370432982
0.31091006,-0.122675903,-0.424047786
0.205724086,-0.262208614,-0.287948668
0.09077569,-0.551393036,-0.225335575
-0.001352481,-0.44024526,-0.206964069
-0.004400427,-0.066074744,-0.069365236
0.003749921,-0.077670915,-0.130103685
-0.001090051,-0.05759788,-0.095610245
0.002812669,-0.031713638,-0.083987455
0.000252095,-0.045229381,-0.163472339
0.001586742,-0.019086447,-0.10573332
0.000983152,-0.03548155,-0.073114523
0.000983152,-0.016889436,-0.058867232
0.001403041,-0.020668595,-0.037121367
0.000675733,-0.015667207,0.001871217
0.001358053,-0.011509382,0.004870647
0.000818195,-0.016072117,-0.000378355
0.001009395,-0.011951784,0.014618793
0.000675733,-0.01161061,-0.043120227
0.000439545,-0.00851005,-0.050993729
0.000390808,-0.010425873,-0.064116234
0.00015837,-0.008356334,-0.098234746
8.34e-05,-0.010549596,-0.011251287
-1.03e-05,-0.010737054,0.011619364
1.59e-05,-0.009327368,0.077606815
-0.000171543,-0.01062083,0.135345835
-0.00041148,-0.010065953,0.088854676
-0.00044897,-0.009012438,0.106851253
-0.000520201,-0.007137855,0.045362947
-0.000456468,-0.007868942,-0.037121367
-0.000265269,-0.007557761,-0.070115093
-0.000287763,-0.0085063,-0.103108819
-0.000272767,-0.009679789,-0.130853542
-0.000216531,-0.010362138,-0.128229042
-0.000160296,-0.009668542,-0.116981181
-6.66e-05,-0.005994359,-0.115856395
-5.53e-05,-0.009634799,-0.080613097
-0.000115308,-0.009709783,-0.095235316
-5.53e-05,-0.005446981,-0.12298004
0.000109632,-0.007029129,-0.142851261
4.66e-06,-0.007197841,-0.206214211
6.46e-05,-0.008003912,-0.239957794
0.000162119,-0.008562538,-0.26995209
5.71e-05,-0.006777935,-0.255329871
0.000139625,-0.005705673,-0.215962357
0.000154621,-0.007272825,-0.211463213
0.000169617,-0.00855129,-0.150724764
0.000113381,-0.006912905,-0.145850691
9.84e-05,-0.007958922,-0.157098552
0.000165868,-0.007643992,-0.130478614
0.000169617,-0.008705006,-0.138727045
-1.41e-05,-0.01206051,-0.143601118
-0.00064017,-0.010320897,-0.127104255
-0.0009026,-0.009166154,-0.100109389
-0.001288748,-0.012476667,-0.110982321
-0.001828606,-0.010883272,-0.07686381
-0.001603665,-0.011014492,-0.054368088
-0.002091036,-0.009844753,-0.044245013
-0.002046048,-0.006309289,-0.00187807
-0.002582157,-0.013331477,-0.026998293
-0.002443443,-0.003984806,-0.019874647
-0.002514675,-0.015599722,-0.048744157
-0.003223237,-0.005042071,-0.089611386
-0.001989813,-0.010178428,-0.086237027
-0.004130498,-0.018366607,-0.072739594
-0.001749876,0.002939903,0.007870077
-0.003838075,-0.029381657,0.019492866
-0.002679631,0.014592311,0.034115085
-0.002259742,-0.035728995,0.077981743
-0.004625367,0.016144466,0.073482599
0.001080626,-0.023769155,0.038989159
-0.009109183,-0.022505686,0.011994292
0.00992829,0.061194445,-0.043495155
-0.076014016,-0.993202255,-0.103858676
-0.329956957,-1.718043515,-0.089236457
-0.548704192,-1.553282666,-0.171720771
-0.737511834,-1.676678966,-0.098234746
-0.918731479,-1.690637111,-0.01912479
-1.070382683,-1.761575081,-0.063366376
-1.212837565,-1.828973838,0.053611378
-1.329919147,-1.838650436,0.034115085
-1.435738703,-1.86852754,0.002996003
-1.528672912,-1.845672624,0.023242153
-1.60896546,-1.891105017,-0.028872936
-1.674738091,-1.899653116,-0.035996581
-1.724281258,-1.926080987,-0.006002285
-1.761906322,-1.941088898,0.021742438
-1.785993712,-1.940050379,-0.034871795
-1.800974756,-1.943428378,-0.045744728
-1.804824989,-1.918188992,-0.06524102
-1.798897804,-1.89225976,-0.184468347
-1.784051725,-1.855990329,-0.178094559
-1.759645669,-1.808447154,-0.21821193
-1.726283229,-1.746514681,-0.266577732
-1.682978415,-1.672832322,-0.170221056
-1.6315345,-1.592798875,-0.227960076
-1.572581317,-1.51060216,-0.223086003
-1.505402807,-1.417109207,-0.125979469
-1.432795731,-1.316897749,-0.154099122
-1.353924058,-1.205131362,-0.102358961
-1.268439132,-1.088007416,-0.071614808
-1.177439412,-0.964663604,-0.176594844
-1.082476989,-0.846583621,-0.218961787
-0.986434851,-0.718564598,-0.21221307
-0.883666989,-0.572032194,-0.281199951
-0.777423794,-0.434703993,-0.253080299
-0.66269659,-0.262789735,-0.204714496
-0.54591118,-0.14395242,-0.260578873
-0.428627151,0.02682584,-0.203214782
-0.305310965,0.167918204,-0.18071906
-0.189590274,0.361341427,-0.240707652
-0.059908269,0.628956896,-0.214087714
0.011866528,0.311410034,-0.183343561
-0.00086511,0.023897741,-0.207338997
-0.001277501,0.090951575,-0.181093988
0.00049953,0.028550456,-0.141351546
-0.001948574,0.037379742,-0.185968061
0.000529522,0.025344919,-0.104983462
-0.001367477,0.013535047,-0.03937094
0.000323326,0.022952952,-0.068615378
-0.000887604,0.003509777,-0.004502571
-0.00022028,0.015342145,-0.024373792
-0.00018279,0.00502444,-0.06824045
-0.000497707,0.008166241,-0.064116234
0.000398306,0.004998196,-0.092610815
-0.000197786,0.003727228,-0.059992018
0.000162119,0.003847202,-0.053243302
0.000143374,-0.001611584,-0.034871795
0.000439545,0.002699957,0.015743579
0.00076196,0.001346508,-0.010876359
0.000653239,0.002253806,0.025116797
0.001069379,0.001796408,0.043113374
0.001358053,0.001923879,0.042738446
0.001301818,0.003648496,0.047987447
0.00148177,0.001541464,-0.003752713
0.001474272,-0.001506607,-0.023249006
0.001253081,-0.002297681,-0.052868373
0.001388045,-0.000295627,-0.054368088
0.001399292,-3.32e-05,-0.041995441
0.001376798,0.000236755,-0.037871225
0.001358053,-0.000108169,-0.016500289
0.001166853,-0.000250637,-0.029997722
0.001114367,-0.002511384,-0.035621653
0.00099065,-0.004790877,-0.072739594
0.001095622,-0.000321871,-0.112107107
0.001275575,0.000592925,-0.09411053
0.001657974,0.00192013,-0.139476903
0.002385282,0.003007388,-0.18071906
0.002673955,0.002771191,-0.200590281
0.003303789,0.005987975,-0.2152125
0.003461247,0.001196541,-0.21221307
0.004027348,0.00578552,-0.240707652
0.004623441,0.000986588,-0.225335575
0.004495974,0.001770164,-0.198340709
0.005650669,0.003074873,-0.191966921
0.004780899,-0.000243139,-0.21221307
0.006306746,0.012050377,-0.170970913
0.005541948,-0.010718308,-0.143601118
0.005976833,0.011637969,-0.148100263
0.007146524,-0.011303178,-0.05961709
0.005346999,0.010794406,-0.062616519
0.008931053,0.004158382,-0.03637151
0.004038595,-0.01332023,-0.017250146
0.010119489,0.037263518,-0.041245583
0.004154814,-0.054576052,-0.025123649
0.009122253,0.090340461,-0.063741305
0.007187763,-0.132641187,-0.047619371
0.006959074,0.360805296,-0.098609674
0.241144732,1.880379768,-0.043870084
0.585018926,2.109517546,0.000746431
0.856203564,2.083547073,-0.002252998
1.12879783,2.325334538,0.123348116
1.370320301,2.370058339,0.126347546
1.592809049,2.564381362,0.224203936
1.805535374,2.544788221,0.326184543
2.006628522,2.511094466,0.356178839
2.203609005,2.491175147,0.381299062
2.382106869,2.514622431,0.493777672
2.550546139,2.566402163,0.537269401
2.703063364,2.576356198,0.503900747
2.844172352,2.630625376,0.535394757
2.972557199,2.595042042,0.445411869
3.088229154,2.527298361,0.127472332
3.191495634,2.533297027,0.109850683
3.27940617,2.5325172,0.397420996
3.356763242,2.461211812,-0.200215352
3.423056986,2.389617738,-0.179969202
3.478969721,2.32743782,-0.239582866
3.52358294,2.271972658,-0.236208507
3.555741948,2.230649351,0.323934971
3.577958581,2.151995597,-0.552273401
3.591106359,2.078489449,-0.292447812
3.593779403,2.019346355,-0.022499148
3.586828739,1.937258365,-0.048744157
3.571176622,1.868386186,-0.200215352
3.546883037,1.804020504,-1.287883511
3.515087683,1.741735609,-0.640756575
3.475449401,1.681152836,-0.219336716
3.428136894,1.600500777,-0.29319767
3.373003953,1.515672147,0.102727038
3.309915613,1.429951215,-0.141726475
3.238774399,1.348238143,-0.209213641
3.15935912,1.269261961,-0.176594844
3.072730746,1.179117013,-0.410175424
2.978435647,1.092691239,-0.445418722
2.877969677,1.0213896,-0.62763407
2.771336585,0.940152671,-0.853716076
2.656223233,0.850375142,-0.982691549
2.53653234,0.773131075,-1.114666451
2.413032453,0.691969129,-0.830845425
2.284520139,0.609641193,-0.47766259
2.151014144,0.513426346,-0.217837001
2.007933177,0.410489244,-0.081737883
1.859142468,0.318121042,-0.199090566
1.704724495,0.21698354,-0.374182269
1.547577243,0.134419406,-0.41992357
1.386902173,0.022326841,-0.433046075
1.220701061,-0.067780615,-0.413924711
1.053731403,-0.177972353,-0.092985744
0.878727616,-0.28259283,0.153342412
0.707821497,-0.371894215,0.059235308
0.528105205,-0.5243578,0.122598259
0.35547829,-0.582739812,0.229452938
0.17867123,-0.869895935,0.039739016
0.007720123,-0.764188199,0.028116226
-0.029035171,-0.161970912,0.161965772
-0.008869246,-0.115683709,-0.077613667
-0.017735655,-0.119384136,-0.35956005
-0.012779464,-0.052851436,-0.194216493
-0.015133842,-0.081641282,-0.14885012
-0.014541499,-0.034720469,0.020992581
-0.013919163,-0.052555252,0.516648322
-0.015347536,-0.031991076,0.549267119
-0.01362674,-0.032590943,0.532395328
-0.015355034,-0.031537427,0.4915281
-0.014369044,-0.021039762,0.235826726
-0.015212571,-0.027604552,-0.015375503
-0.015148838,-0.01812666,-0.24108258
-0.015152587,-0.022606914,-0.233958935
-0.01544501,-0.016525766,-0.320192536
-0.015463755,-0.018617801,-0.313068891
-0.016172318,-0.022828115,-0.248956083
-0.015801166,-0.018898989,-0.427422144
-0.016176067,-0.017249356,-0.253455227
-0.016254796,-0.014579949,-0.16909627
-0.016281039,-0.01669073,-0.216337286
-0.016888379,-0.016994412,-0.158223338
-0.016753415,-0.012457921,-0.309694532
-0.016535972,-0.011723085,-0.389929274
-0.016509729,-0.013698895,-0.415049497
-0.016457243,-0.011434399,-0.313818748
-0.016378513,-0.012079256,-0.201715067
-0.016565964,-0.016844446,-0.092985744
-0.017222041,-0.016548261,0.105351539
-0.017683169,-0.013237748,0.080981173
-0.017990588,-0.013301484,-0.09411053
-0.018646665,-0.015333532,-0.165721912
-0.018747888,-0.016248328,-0.235833578
-0.019291494,-0.016192091,-0.371182839
-0.019602662,-0.00976602,-0.259829015
-0.020210002,-0.016469529,-0.20658914
-0.020539915,-0.00828135,-0.235083721
-0.020056292,-0.014205033,-0.052868373
-0.021855817,-0.016390796,0.000746431
-0.020352464,-0.00792143,0.106476325
-0.02237318,-0.024500243,0.229827867
-0.021031035,0.003663492,0.245949801
-0.021934546,-0.032560949,0.28081817
-0.023276692,0.00709023,0.126722474
-0.019651399,-0.023652931,0.027741298
-0.026020967,-0.014587448,-0.07086495
-0.017083327,0.008106254,-0.17771963
-0.029638762,-0.079440521,-0.068615378
-0.011613522,0.136676404,-0.003377784
-0.064470814,-0.768192309,0.009369791
-0.374345235,-1.872389181,-3.43e-06
-0.711793625,-1.668993176,0.01274415
-0.994975096,-1.658874177,-0.062616519
-1.285080988,-1.696939459,-0.094485459
-1.541269586,-1.674380728,0.074982314
-1.792333288,-1.718365943,0.065234168
-2.029701856,-1.609437674,0.095228464
-2.260967036,-1.613040623,0.125597688
-2.480160403,-1.595884439,0.050986877
-2.681950867,-1.62046772,0.174713348
-2.873727724,-1.646663143,0.241825585
-3.048945204,-1.669713016,0.248949231
-3.213751684,-1.703526744,0.310062609
-3.361623886,-1.704280326,0.277818741
-3.494724988,-1.718789599,0.085480317
-3.612593862,-1.721901407,0.008245005
-3.715384218,-1.729755909,-0.013500859
-3.805690371,-1.730097083,-0.143976047
-3.881799023,-1.72341607,-0.029622793
-3.94527726,-1.712434762,-0.068990307
-3.994677965,-1.695304823,-0.029247865
-4.031459502,-1.680405637,0.136095692
-4.056960268,-1.65553367,0.004495718
-4.070535433,-1.621959888,0.212206218
-4.07308476,-1.584906881,0.157091699
-4.064863181,-1.545270698,-0.05361823
-4.046369315,-1.503557477,0.119598829
-4.018926562,-1.460779493,-0.134602829
-3.983577146,-1.416711796,-0.255329871
-3.940159862,-1.371043205,-0.135352687
-3.888288559,-1.31986334,-0.294322456
-3.827475868,-1.265474189,-0.283449523
-3.757474353,-1.20644357,-0.263203374
-3.678276517,-1.143495073,-0.301446101
-3.590669651,-1.08627905,-0.385055201
-3.494889944,-1.021965857,-0.505407314
-3.391570977,-0.954987006,-0.512530959
-3.282339822,-0.888398069,-0.597264845
-3.165254491,-0.812046303,-0.591265986
-3.040809853,-0.741576979,-0.562396476
-2.911881399,-0.676112792,-0.515530389
-2.779368891,-0.609486363,-0.410925281
-2.641491551,-0.527672062,-0.350561761
-2.496044959,-0.441096321,-0.274826163
-2.3430891,-0.349534189,-0.302195958
-2.182496507,-0.261796206,-0.292822741
-2.019542039,-0.189249844,-0.309694532
-1.851477669,-0.096165551,-0.380556057
-1.680305371,-0.013350223,-0.380556057
-1.504889193,0.093823436,-0.432671146
-1.324224401,0.170688838,-0.413549782
-1.143229696,0.270457894,-0.323191966
-0.954965661,0.361135223,-0.273326449
-0.771470367,0.442848296,-0.163847268
-0.577774016,0.58565028,-0.054743016
-0.393169015,0.632499858,-0.002252998
-0.201695827,0.931769536,0.037864373
-0.020060041,0.777742549,0.061484881
0.014367118,0.13763619,0.04161366
-0.006529864,0.113154136,0.020617652
0.003506236,0.111320794,0.094478606
-0.001948574,0.045609162,0.122598259
0.000784454,0.073454218,0.127472332
0.000139625,0.024812538,0.139844979
-0.00026152,0.044458168,0.149218196
0.001121865,0.020857168,0.178462635
-0.000227778,0.023721531,0.100852394
0.001567997,0.02071095,0.078731601
0.00053702,0.011784186,0.040488873
0.001478021,0.017899076,-0.053993159
0.001395543,0.00583426,-0.082112811
0.00144428,0.010322011,-0.127854113
0.001695464,0.007941291,-0.121855254
0.001665472,0.007690097,-0.094860387
0.002269062,0.005980477,-0.093735601
0.002377784,0.005999223,-0.08248774
0.002812669,0.008121251,-0.081737883
0.003513734,0.006854033,-0.091486029
0.004623441,0.007555127,-0.104608533
0.005178294,0.006940264,-0.149974906
0.005931845,0.006857782,-0.173595414
0.006377977,0.004769496,-0.19496635
0.006681647,0.008031271,-0.24408201
0.007386461,0.001057822,-0.211838142
0.007240249,0.003802212,-0.212962928
0.008522411,0.007213953,-0.238833008
0.007915071,-0.00104546,-0.201715067
0.0091335,0.014202398,-0.223086003
0.008961045,-0.006747942,-0.204339568
0.008931053,0.01455482,-0.166471769
0.010805558,-0.003231224,-0.205839283
0.008192498,0.003284827,-0.170970913
0.012713804,0.01428488,-0.145850691
0.008042538,-0.020049983,-0.12298004
0.013137442,0.040911457,-0.089986314
0.009504652,-0.054666032,-0.091486029
0.010711833,0.078170668,-0.007502
0.01503819,-0.091756531,-0.004502571
0.000739466,0.196243153,-0.013875788
0.218973087,1.659523897,0.020617652
0.6019682,1.929242648,0.038989159
0.917976002,1.685130701,0.085105389
1.239161186,1.830519609,0.061109952
1.54346083,1.776880291,0.141344694
1.827898219,1.833147775,0.185961209
2.107510632,1.728193622,0.195709355
2.374601351,1.698721428,0.298814748
2.642063223,1.727882441,0.242200514
2.892020966,1.723357197,0.272569739
3.131485231,1.776246682,0.319810755
3.35548483,1.792049417,0.229452938
3.568372362,1.847045933,0.287566887
3.771370007,1.881463277,0.308187965
3.959784002,1.910635538,0.240325871
4.135537591,1.932230734,0.265446093
4.295691549,1.949900553,0.270695095
4.44292267,1.971859418,0.253448375
4.577287189,1.983781766,0.266195951
4.699624883,2.000735495,0.275944097
4.809658326,2.001811505,0.22607858
4.905254332,1.999235828,0.178837564
4.987095221,1.997987356,0.179587421
5.056451906,1.989285542,0.202458072
5.113601814,1.975061206,0.225328723
5.158207535,1.954557017,0.166464917
5.19079393,1.93683471,0.180712207
5.211638426,1.908449774,0.133471191
5.221220895,1.865795512,-0.088861528
5.219938734,1.830429629,-0.205464354
5.207893165,1.788975101,-0.195716208
5.18556781,1.734874635,-0.260578873
5.152966419,1.683676025,-0.413549782
5.110812551,1.638944725,-0.469414159
5.059885999,1.594952011,-0.530527537
5.000884079,1.54119272,-0.574019266
4.934751543,1.491595003,-0.511406173
4.861597111,1.444456739,-0.48928538
4.780491029,1.386877047,-0.433795932
4.691572009,1.330129671,-0.423672857
4.594975018,1.265366577,-0.482536663
4.489762801,1.200266059,-0.502407884
4.377116298,1.138596027,-0.571019836
4.256814316,1.070184995,-0.505407314
4.12944545,1.0054294,-0.445418722
3.997060409,0.937520756,-0.491534952
3.857938397,0.865495528,-0.497533811
3.711959445,0.800158812,-0.583017555
3.562317711,0.737870169,-0.600264275
3.409613036,0.663269263,-0.578143482
3.251082399,0.583685717,-0.608137778
3.085672329,0.503584785,-0.566145763
2.912224381,0.412386322,-0.496783954
2.733389106,0.334553636,-0.530902465
2.551280945,0.249466314,-0.521154319
2.364838929,0.165994882,-0.418048927
2.175915068,0.077926973,-0.374557198
1.980977795,-0.015817174,-0.240707652
1.784855835,-0.095003309,-0.068990307
1.583683958,-0.199335101,-0.026248435
1.381676053,-0.2658678,-0.002252998
1.178176041,-0.382219418,-0.007876929
0.96955863,-0.455684326,-0.030372651
0.765957395,-0.564001481,0.011244435
0.550299344,-0.683281197,0.002621075
0.349854775,-0.768938393,0.056610808
0.132813339,-1.078788217,0.081356102
-0.039386188,-0.696167081,0.043488303
-0.047169133,-0.111784576,0.098977751
-0.03294164,-0.174106963,0.080231316
-0.042002997,-0.110941014,0.109100826
-0.035299767,-0.080644003,0.150342983
-0.039502407,-0.087606205,0.127472332
-0.036788124,-0.048971049,0.092978891
-0.037984058,-0.069201549,0.011994292
-0.038032795,-0.041176533,-0.004877499
-0.037320483,-0.052851436,0.002621075
-0.0385839,-0.039928061,0.000746431
-0.037489189,-0.037228661,0.016868365
-0.038501422,-0.037532344,0.000746431
-0.037965313,-0.032347247,-0.051368658
-0.038471429,-0.033715693,-0.136852402
-0.038527665,-0.027597054,-0.222711074
-0.038625139,-0.031574919,-0.250455798
-0.039078769,-0.029505379,-0.31606832
-0.039817324,-0.0339069,-0.351311618
-0.041050748,-0.029471637,-0.31606832
-0.041350669,-0.027540816,-0.320942393
-0.042471623,-0.029280429,-0.305945245
-0.04309021,-0.024245299,-0.287573739
-0.043798773,-0.029520376,-0.223460931
-0.043948733,-0.020721083,-0.141726475
-0.044061203,-0.027169649,-0.126729327
-0.045110926,-0.02298183,-0.091486029
-0.04415118,-0.020938535,-0.081737883
-0.04600694,-0.026059896,-0.126729327
-0.044811005,-0.014088809,-0.118855824
-0.046321856,-0.037768541,-0.098984603
-0.045916963,-0.005274519,-0.106108248
-0.045534564,-0.038428394,-0.081362954
-0.048132628,-0.009327368,-0.079488311
-0.043416374,-0.021935813,-0.128229042
-0.050921892,-0.03867209,-0.155598837
-0.041819295,0.020965894,-0.145475762
-0.052818891,-0.098939933,-0.169846127
-0.0399073,0.13148006,-0.173220486
-0.070720413,-0.600484615,-0.170221056
-0.377175738,-1.817883805,-0.154848979
-0.749894814,-1.718433428,-0.050618801
-1.059698004,-1.701213509,-0.061116804
-1.385205798,-1.796307355,0.027366369
-1.679341875,-1.758500765,0.209956646
-1.965751243,-1.778543806,0.197583999
-2.241265988,-1.649512509,0.277068883
-2.510523635,-1.676101595,0.300314463
-2.774461437,-1.67526928,0.218954935
-3.021596177,-1.696073402,0.264696236
-3.258522362,-1.725459365,0.200583428
-3.478742958,-1.74207192,0.137220478
-3.691319323,-1.793529223,0.227953223
-3.892007577,-1.809504419,0.23470194
-4.079757998,-1.836318455,0.230577724
-4.253382149,-1.843213171,0.280443241
-4.411579124,-1.852916012,0.248949231
-4.558262889,-1.865531956,0.218954935
-4.691918845,-1.870630822,0.216705362
-4.81429028,-1.878117906,0.175838134
-4.923930078,-1.871346912,0.177337849
-5.018547592,-1.86447844,0.201333286
-5.10035099,-1.862045232,0.166839845
-5.169831393,-1.852147433,0.211831289
-5.226253993,-1.835474892,0.233577154
-5.270237378,-1.816102951,0.203582858
-5.302137705,-1.790743593,0.216705362
-5.321969967,-1.765436722,0.092229034
-5.330315264,-1.741258351,-0.007502
-5.327570988,-1.709427931,-0.088111671
-5.313988325,-1.678028666,-0.277075736
-5.290148371,-1.640300809,-0.361809622
-5.256216081,-1.598137688,-0.381680843
-5.212371409,-1.561440851,-0.409050638
-5.159596595,-1.520994848,-0.412424996
-5.098663936,-1.481099973,-0.388804488
-5.029805869,-1.43849445,-0.361059764
-4.95349852,-1.390062724,-0.386554916
-4.869573182,-1.339152799,-0.400427278
-4.777220069,-1.282604128,-0.414674568
-4.676607888,-1.224477058,-0.447293365
-4.568325232,-1.162683304,-0.475413018
-4.451895978,-1.09769901,-0.505407314
-4.327964954,-1.033963188,-0.505032385
-4.197323203,-0.966879361,-0.520029533
-4.060266895,-0.900680337,-0.500908169
-3.91706596,-0.828988784,-0.463415299
-3.767555441,-0.759205558,-0.44316915
-3.615173181,-0.702656887,-0.41130021
-3.459476796,-0.628907043,-0.452167438
-3.296582311,-0.545165671,-0.465289943
-3.12670717,-0.460531998,-0.433046075
-2.948917869,-0.373701313,-0.450292795
-2.767169613,-0.300577579,-0.423672857
-2.581687343,-0.216405053,-0.335189684
-2.392058668,-0.139614635,-0.273701377
-2.19960324,-0.045964218,-0.222336145
-2.001220627,0.040112884,-0.12298004
-1.802376885,0.122808239,-0.077238738
-1.597609708,0.221804967,-0.083987455
-1.393821023,0.287227914,-0.034121938
-1.185657242,0.402814701,-0.009751572
-0.975840149,0.46027067,-0.011626216
-0.767376448,0.600909385,0.038989159
-0.549521477,0.681119043,0.072357813
-0.347952205,0.82152531,0.12222333
-0.123975101,1.075073908,0.169089418
0.01625287,0.509422237,0.179587421
0.002595226,0.062679114,0.220829578
-0.001378724,0.166306063,0.20883186
0.003929874,0.065449748,0.220829578
-0.00116878,0.072411949,0.188960639
0.00330004,0.05510205,0.103851824
-2.16e-05,0.032944479,0.088104818
0.002666457,0.045222998,-0.005252428
0.001508013,0.01918504,-0.0911111
0.002044122,0.032742024,-0.09973446
0.00254274,0.01518468,-0.085862099
0.001879165,0.016931791,-0.085112241
0.00307135,0.01518093,-0.107233034
0.002591477,0.01199039,-0.124854683
0.003296291,0.009088536,-0.167596555
0.003266299,0.008616141,-0.195341279
0.00348749,0.006700317,-0.190467206
0.003618706,0.000859116,-0.215962357
0.004102328,0.01068568,-0.206214211
0.005425729,0.009309736,-0.190467206
0.006115546,0.006310404,-0.227210218
0.006910337,0.011113085,-0.222711074
0.008057534,0.007041491,-0.208463783
0.00814751,0.004900717,-0.188967491
0.00886732,0.006737809,-0.182593703
0.008706112,0.002463759,-0.190467206
0.009373436,0.009463452,-0.182593703
0.009853309,-0.002455146,-0.196091136
0.009568385,0.006651578,-0.198715637
0.011169212,9.05e-05,-0.158598266
0.009508401,0.000289243,-0.101984033
0.012211437,0.010160797,-0.051743587
0.010145732,-0.015408515,-0.008251858
0.012080221,0.026803345,-0.018749861
0.011772803,-0.026292344,-0.063741305
0.010490641,0.028467975,-0.097859817
0.015480573,-0.016068368,-0.142851261
0.006662902,0.004004667,-0.149974906
0.021239053,0.040169122,-0.152599407
-0.003399441,-0.12040016,-0.168346413
0.091011878,1.044473215,-0.176219915
0.444022409,1.974750025,-0.169471199
0.788462702,1.682603763,-0.064116234
1.096507607,1.752938117,-0.073114523
1.412740349,1.751753381,-0.018374932
1.696859072,1.757350886,0.131221619
1.978323496,1.73584192,0.072732742
2.244195787,1.616667181,0.121848401
2.509940612,1.652951609,0.104601681
2.765431895,1.6282671,0.054736164
3.004577494,1.656712023,0.183711637
3.232078667,1.675836518,0.167214774
3.447328076,1.707382001,0.201708214
3.655416877,1.741323201,0.298814748
3.847628619,1.746703254,0.219329863
4.025129247,1.765209138,0.206207359
4.18776505,1.770334247,0.218580006
4.337309309,1.78627945,0.151467769
4.475550304,1.793421612,0.153717341
4.600830971,1.791232099,0.167214774
4.712637697,1.781705468,0.161215915
4.810006984,1.771050338,0.148468339
4.894063537,1.768354688,0.174338419
4.966198239,1.756466082,0.214080862
5.025653788,1.737709005,0.279318455
5.072092775,1.71916563,0.290566316
5.106407464,1.698361508,0.246699658
5.128432898,1.674996705,0.250823874
5.138555225,1.644163564,0.069358383
5.137805423,1.609738722,-0.05961709
5.125977296,1.574290357,-0.107607963
5.103479487,1.539655562,-0.260203944
5.070810614,1.506089279,-0.280450094
5.028161876,1.466689293,-0.320942393
4.977261567,1.427712963,-0.373057483
4.918585812,1.384934979,-0.384680272
4.851740964,1.33772923,-0.431171431
4.776708277,1.287636623,-0.406801066
4.693221574,1.237412796,-0.394803347
4.601944427,1.186600349,-0.41992357
4.502558172,1.125338976,-0.442794221
4.395130291,1.069633868,-0.441294506
4.280279369,1.009853416,-0.493034667
4.157630507,0.9445167,-0.49790874
4.028844516,0.887270684,-0.388804488
3.893910148,0.818814662,-0.369308196
3.751271564,0.74797792,-0.329565754
3.603628052,0.682922392,-0.341563472
3.453333991,0.621646023,-0.398927563
3.297978765,0.55494461,-0.392928704
3.135897816,0.473613952,-0.462665442
2.966187631,0.387203174,-0.445793651
2.789920428,0.312666005,-0.397802777
2.610256622,0.234323432,-0.440919577
2.425415433,0.151620579,-0.399302492
2.238062407,0.074320275,-0.344562902
2.044755953,-0.020938535,-0.331815326
1.848544017,-0.092360147,-0.2557048
1.649737766,-0.19097821,-0.172470628
1.44614028,-0.264263157,-0.158598266
1.24471347,-0.35465555,-0.134977758
1.035676171,-0.449202018,-0.101234175
0.832491076,-0.521917092,-0.112107107
0.619592296,-0.668070831,-0.108732749
0.413520463,-0.712490949,-0.06524102
0.205574126,-1.009657345,-3.43e-06
0.000465788,-0.894542952,0.048362376
-0.049849675,-0.204313993,0.117724186
-0.025361141,-0.133927151,0.18858571
-0.035633429,-0.149399959,0.220079721
-0.030287341,-0.068534197,0.266195951
-0.032229328,-0.097860174,0.26657088
-0.032154348,-0.050815639,0.269570309
-0.031262083,-0.06672335,0.256447805
-0.033001624,-0.043561002,0.152217626
-0.030958413,-0.043763457,0.082855817
-0.03282542,-0.041581443,0.020617652
-0.031479526,-0.029891543,-0.038246154
-0.032236826,-0.039114492,-0.077613667
-0.032278065,-0.028980496,-0.145100833
-0.032469264,-0.031402457,-0.154474051
-0.032907899,-0.028223164,-0.191591992
-0.032514253,-0.026236106,-0.244831867
-0.033275302,-0.025508768,-0.262078588
-0.033076604,-0.027915733,-0.322817037
-0.033852649,-0.031042537,-0.302570887
-0.034966105,-0.026011156,-0.240332723
-0.03532601,-0.024676453,-0.213337856
-0.036660658,-0.028226914,-0.186717919
-0.037174272,-0.02127596,-0.162347553
-0.037234256,-0.024578975,-0.148475191
-0.038190254,-0.02379165,-0.149974906
-0.037691635,-0.019180176,-0.164972054
-0.03877135,-0.024623965,-0.205464354
-0.038415194,-0.014433732,-0.223086003
-0.039209984,-0.02712091,-0.253455227
-0.039652368,-0.011629356,-0.285324167
-0.038917562,-0.028234412,-0.282699666
-0.04115947,-0.01844159,-0.282699666
-0.038171509,-0.012979055,-0.22683529
-0.04233291,-0.03449177,-0.157098552
-0.038407696,0.007517635,-0.115481466
-0.042107969,-0.059090048,-0.108732749
-0.041002011,0.027496941,-0.110232464
-0.038261485,-0.074180441,-0.072364665
-0.047787719,0.034654099,-0.077988596
-0.025466114,-0.090834237,-0.065990877
-0.208661487,-1.438726899,-0.077238738
-0.59093679,-1.865543204,-0.016500289
-0.912609346,-1.625015459,0.023992011
-1.227942326,-1.779319884,-0.047244442
-1.533591613,-1.732189118,0.083230745
-1.814654893,-1.774187276,0.067858669
-2.092786447,-1.683153776,0.053611378
-2.356026933,-1.628644651,0.170589132
-2.62081576,-1.662405891,0.075732171
-2.868572835,-1.643195165,0.138345264
-3.102912203,-1.683401221,0.194959498
-3.324733627,-1.695743475,0.136095692
-3.537036314,-1.741539538,0.279693384
-3.739872751,-1.758583247,0.323560042
-3.92585364,-1.769245875,0.268820452
-4.098518044,-1.783357736,0.318685969
-4.255620308,-1.786158363,0.276319026
-4.401254351,-1.805012918,0.175838134
-4.535506399,-1.805560297,0.149218196
-4.655939596,-1.805875227,0.151467769
-4.763266254,-1.798856788,0.121473473
-4.855135744,-1.787444327,0.134970906
-4.934566019,-1.786192105,0.143219337
-5.002700527,-1.772050251,0.161590844
-5.057207383,-1.753589358,0.199833571
-5.099526208,-1.732650265,0.152217626
-5.129072156,-1.708644356,0.179212492
-5.146523798,-1.685043356,0.126347546
-5.153058322,-1.653430388,0.025866654
-5.148514522,-1.624074418,0.034115085
-5.133720928,-1.589600837,-0.057742446
-5.108501338,-1.551835488,-0.145100833
-5.073594306,-1.514561279,-0.172845557
-5.029809618,-1.470662295,-0.21821193
-4.977267243,-1.429279,-0.274826163
-4.91638707,-1.385931143,-0.331815326
-4.847727701,-1.340693706,-0.352436404
-4.770846752,-1.292254481,-0.399302492
-4.685024416,-1.236631855,-0.421048356
-4.591216687,-1.18059307,-0.446543508
-4.489438564,-1.12264971,-0.473913303
-4.379731284,-1.063064215,-0.448418151
-4.262555977,-1.000985524,-0.47466316
-4.138171323,-0.937785833,-0.425922429
-4.007540818,-0.873547622,-0.369683124
-3.869892167,-0.803119539,-0.347187402
-3.724966688,-0.735139661,-0.304445531
-3.576071007,-0.6765252,-0.337064328
-3.424341074,-0.611750859,-0.354685976
-3.266492757,-0.532669701,-0.409050638
-3.101423846,-0.448084766,-0.445418722
-2.928485764,-0.364249665,-0.404926422
-2.750565248,-0.291740795,-0.435670576
-2.568888223,-0.210188936,-0.462290513
-2.38326724,-0.135854222,-0.441669435
-2.194260901,-0.046331636,-0.414674568
-1.99855883,0.039606747,-0.389554346
-1.802481858,0.115238673,-0.332565183
-1.600166533,0.218430718,-0.259829015
-1.398057404,0.27789249,-0.238458079
-1.193129019,0.391597197,-0.158223338
-0.984556597,0.452558636,-0.095610245
-0.779995615,0.573896644,-0.073489451
-0.564150114,0.67488418,0.00112136
-0.364504084,0.781720414,0.089979462
-0.144039802,1.067553081,0.149968054
0.011330419,0.583157084,0.168714489
0.006014323,0.068059168,0.233952083
-0.002327224,0.161653348,0.203957787
0.004987094,0.076404811,0.189335567
-0.00105631,0.068913978,0.211456361
0.003663694,0.059612297,0.13384612
0.000518275,0.030413792,0.155591984
0.002838912,0.047941143,0.120723615
0.001957894,0.0162157,0.04723759
0.002066616,0.031377328,0.044988018
0.002966378,0.015867028,0.010494577
0.001931651,0.018030297,0.011244435
0.003348777,0.016834313,-3.43e-06
0.002778928,0.010869389,0.013119078
0.003517483,0.01122556,0.033365228
0.003483741,0.006134193,-0.015750432
0.003731176,0.010771911,-0.031872366
0.004109826,0.004915714,-0.081737883
0.004008603,0.006137942,-0.128229042
0.004773401,0.01001083,-0.146225619
0.005890606,0.007832565,-0.201340138
0.006737882,0.005489336,-0.228335005
0.007438947,0.007078983,-0.251205655
0.008383698,0.003299823,-0.261703659
0.008357454,0.004604533,-0.2988216
0.00905477,0.005039436,-0.317568035
0.009084762,-0.003418682,-0.285324167
0.009830815,0.009182265,-0.289823311
0.010175724,-0.002008996,-0.284949238
0.009819568,0.004833232,-0.252330441
0.011435392,0.000649163,-0.197590851
0.009770831,0.000311738,-0.14885012
0.012440126,0.013580037,-0.119605682
0.010423159,-0.015326033,-0.077988596
0.012316409,0.026405933,-0.085112241
0.012308911,-0.023435479,-0.111732179
0.010468147,0.02597103,-0.118105967
0.0159492,-0.012784099,-0.173970343
0.006756627,-0.004052291,-0.195341279
0.021441499,0.045114272,-0.210713356
-0.002345969,-0.131621414,-0.227585147
0.082910267,0.985191402,-0.203214782
0.429821159,1.964151133,-0.14022676
0.775048745,1.676665084,0.005995433
1.079322145,1.724455703,-0.007876929
1.392859349,1.745829698,0.036364658
1.674901121,1.744629965,0.150342983
1.953167639,1.731792821,0.083980603
2.216213177,1.618121857,0.170589132
2.479105005,1.643110048,0.182211922
2.729385163,1.615396213,0.138345264
2.963469599,1.649967273,0.259072306
3.189426181,1.674138146,0.229827867
3.402662371,1.699077598,0.205082573
3.606481049,1.725741667,0.265821022
3.792900571,1.722371167,0.176213063
3.965415015,1.737536543,0.118474043
4.123818186,1.742950339,0.129721904
4.269617185,1.756091166,0.062609667
4.40440909,1.76034272,0.067858669
4.525232185,1.757433367,0.108350968
4.632056476,1.747794261,0.110225612
4.724248381,1.734312261,0.152217626
4.804248505,1.729565816,0.212956075
4.872056849,1.71826583,0.247824445
4.926537462,1.697289246,0.263196521
4.968698829,1.674051915,0.206582288
4.998094816,1.646304338,0.169089418
5.015411493,1.617990636,0.169089418
5.021394913,1.590400524,0.016493437
5.016577435,1.556549304,-0.060366947
5.001401443,1.523249211,-0.08248774
4.975345823,1.485228919,-0.231334434
4.939748973,1.444876645,-0.271451805
4.895443173,1.41096169,-0.299196529
4.842375937,1.371089309,-0.370058053
4.781304564,1.326875395,-0.362934408
4.711970373,1.280254515,-0.374932126
4.634017208,1.230686792,-0.385055201
4.547448818,1.176582577,-0.396677991
4.452475148,1.115759857,-0.435295647
4.349831003,1.06171188,-0.466789658
4.239557623,1.00443962,-0.43454579
4.12194743,0.941926026,-0.41429964
3.998050147,0.884361332,-0.427422144
3.867712066,0.818001093,-0.363309337
3.730022176,0.748206619,-0.364059194
3.585947721,0.682097575,-0.363684265
3.43830046,0.619314041,-0.364434123
3.286739233,0.556275564,-0.401552064
3.12887592,0.48099606,-0.397802777
2.962989726,0.392894408,-0.453292225
2.789781715,0.316936305,-0.439044934
2.612899674,0.2405358,-0.400052349
2.431035199,0.158444062,-0.424047786
2.246617648,0.087618567,-0.372682554
2.056730291,-0.006725447,-0.321692251
1.862546569,-0.080673997,-0.332565183
1.666105943,-0.177942359,-0.292822741
1.464247998,-0.253071897,-0.246706511
1.264744431,-0.335021167,-0.271451805
1.05707552,-0.439049276,-0.248956083
0.854640227,-0.496002857,-0.192341849
0.645126803,-0.649313753,-0.142476332
0.437971506,-0.690925747,-0.059242161
0.235539962,-0.958466232,0.011619364
0.023424726,-0.958623697,0.060735023
-0.048215106,-0.263764518,0.120723615
-0.022598121,-0.116066124,0.152217626
-0.031082131,-0.160789925,0.155966913
-0.027539316,-0.062531782,0.183336708
-0.027764257,-0.100597065,0.170964061
-0.028982685,-0.051404258,0.153342412
-0.027130674,-0.0617782,0.149218196
-0.029548786,-0.047696333,0.123348116
-0.027246893,-0.039654372,0.127847261
-0.029117649,-0.041633931,0.119973758
-0.028116664,-0.028631823,0.088854676
-0.028465322,-0.042068834,0.075732171
-0.028787737,-0.027851997,0.033740157
-0.028499063,-0.028665566,-0.012376073
-0.029147642,-0.027019682,-0.01612536
-0.02903892,-0.024665206,-0.032622223
-0.02960877,-0.026292344,-0.073489451
-0.029428817,-0.025718722,-0.106108248
-0.029818714,-0.027409595,-0.152224478
-0.030662242,-0.023427981,-0.229834719
-0.031472028,-0.025040122,-0.232834149
-0.032304308,-0.027544565,-0.22683529
-0.033125341,-0.023506714,-0.256079728
-0.033533983,-0.02248694,-0.253080299
-0.033683944,-0.02788199,-0.2988216
-0.034332522,-0.018996467,-0.315318463
-0.034111331,-0.019131437,-0.291323026
-0.035161054,-0.024039095,-0.283824452
-0.034793651,-0.010789542,-0.247456368
-0.035738401,-0.028879268,-0.197215922
-0.035952095,-0.01242043,-0.135352687
-0.035089822,-0.023705419,-0.107607963
-0.037624153,-0.01673572,-0.107607963
-0.03464369,-0.012382938,-0.085862099
-0.038775099,-0.036126406,-0.090736172
-0.035003595,0.005882999,-0.082112811
-0.038179007,-0.056476879,-0.133478043
-0.037530428,0.029270296,-0.208463783
-0.034396256,-0.070884924,-0.240707652
-0.044267399,0.033848028,-0.310069461
-0.021480916,-0.075702603,-0.293572598
-0.199360194,-1.420847126,-0.296572028
-0.579296114,-1.870402123,-0.164597126
-0.89968276,-1.620973858,-0.043495155
-1.211240487,-1.771840298,-0.079863239
-1.514201734,-1.728413708,0.10497661
-1.792138339,-1.769939471,0.112850112
-2.066614608,-1.688361368,0.106101396
-2.327455728,-1.634568334,0.242950371
-2.588874195,-1.65827806,0.182211922
-2.830587866,-1.632712497,0.247449516
-3.061013268,-1.682786358,0.317936111
-3.281672498,-1.701873362,0.222329293
-3.491309639,-1.737497937,0.255323019
-3.689279861,-1.74697208,0.31831104
-3.869929657,-1.756708664,0.26357145
-4.037686608,-1.771622846,0.257947519
-4.191099846,-1.777760231,0.246699658
-4.333292297,-1.791808356,0.166089988
-4.462636891,-1.787178136,0.131596548
-4.577412832,-1.784201298,0.127472332
-4.678126237,-1.772758843,0.13084669
-4.765159504,-1.764848103,0.204332715
-4.841106949,-1.760971465,0.230952653
-4.904064074,-1.741535789,0.213331004
-4.954162094,-1.724038431,0.201708214
-4.992188303,-1.701209759,0.112100255
-5.016763063,-1.670436605,0.114349827
-5.029438466,-1.644619848,0.089229604
-5.031320469,-1.613453031,-0.008626786
-5.022555284,-1.581412658,-0.002627927
-5.003491568,-1.551651778,-0.069740164
-4.974316772,-1.512795422,-0.205464354
-4.93569822,-1.472544376,-0.286448953
-4.88870438,-1.436342429,-0.312693962
-4.833511455,-1.395738961,-0.334439827
-4.769898253,-1.347670904,-0.358435263
-4.697932257,-1.296517283,-0.350936689
-4.617111099,-1.245183702,-0.406801066
-4.527502262,-1.190685825,-0.459291084
-4.429645603,-1.132427535,-0.488910451
-4.324223442,-1.074836596,-0.529402751
-4.21111581,-1.01350024,-0.502032956
-4.090933797,-0.951170355,-0.500908169
-3.964835845,-0.890377629,-0.477287661
-3.831314854,-0.819548385,-0.455166868
-3.690487043,-0.750290041,-0.462665442
-3.544875494,-0.689103652,-0.424422715
-3.395709884,-0.624932927,-0.395553205
-3.241460617,-0.555922028,-0.33631447
-3.080298175,-0.473144192,-0.315693392
-2.910782939,-0.386253521,-0.349062046
-2.735842885,-0.313013563,-0.337439256
-2.557101336,-0.226846481,-0.354685976
-2.373733507,-0.152151847,-0.401926993
-2.18790258,-0.069535225,-0.350936689
-1.995323434,0.020264799,-0.287948668
-1.801094724,0.095982956,-0.299196529
-1.601628647,0.197019231,-0.262078588
-1.4012928,0.255577454,-0.214837571
-1.199558571,0.367943709,-0.223460931
-0.992474506,0.438720464,-0.198715637
-0.789615575,0.549946972,-0.123354969
-0.575783292,0.660817309,-0.066740735
-0.377321949,0.748821482,-0.004127642
-0.16082412,1.0535312,0.064859239
0.005680661,0.640714281,0.088479747
0.009298456,0.077357099,0.117724186
-0.003163253,0.154848611,0.152217626
0.005575689,0.081833604,0.178462635
-0.000846365,0.057640235,0.176213063
0.00398236,0.060024705,0.151467769
0.001223088,0.026334699,0.147343553
0.002962629,0.048728468,0.102727038
0.002778928,0.013756247,0.059610237
0.002284058,0.028374246,0.047987447
0.003689937,0.011975393,0.031865513
0.002531493,0.011169323,0.04161366
0.003817403,0.019331257,0.026616511
0.003315036,0.006666574,-0.024373792
0.003914878,0.00727019,-0.010876359
0.003978611,0.006621584,0.007120219
0.004068587,0.005939236,-0.002252998
0.004522217,0.001320264,-0.013875788
0.004555958,0.002609977,-0.049119086
0.005448223,0.00344979,-0.090736172
0.006261758,0.004469563,-0.158973195
0.007169018,0.002876168,-0.207338997
0.008125016,0.006160437,-0.245206796
0.008537407,0.003389803,-0.250455798
0.008927304,0.002437515,-0.230959505
0.009819568,-7.07e-05,-0.241832438
0.00935844,-0.00428099,-0.233584006
0.010423159,0.008526161,-0.239957794
0.010370673,-0.002657601,-0.251205655
0.010738076,0.010250777,-0.238833008
0.011487878,-0.005746914,-0.211463213
0.010325685,0.002737448,-0.150349835
0.013227418,0.007060237,-0.111732179
0.010235708,-0.009807261,-0.068990307
0.013793519,0.023027935,-0.020999433
0.011082985,-0.028170676,-0.00187807
0.012500111,0.03613127,-0.006752143
0.014569564,-0.039995546,-0.078363524
0.008597391,0.037057314,-0.09411053
0.021430252,-0.015468502,-0.158223338
-0.004617869,-0.028991743,-0.239957794
0.139295378,1.308515729,-0.26995209
0.511699537,1.950294215,-0.263953231
0.84076889,1.657480602,-0.124479755
1.151396862,1.784896008,-0.145850691
1.460427757,1.743523961,-0.031122508
1.740508796,1.789406255,0.089229604
2.017631866,1.731972781,0.001871217
2.279533956,1.643998601,0.124847831
2.54361422,1.678543416,0.109100826
2.792387277,1.65191309,0.140594836
3.026321752,1.699096344,0.293190817
3.249301619,1.715378972,0.257197662
3.461638048,1.756308617,0.322435256
3.664793151,1.780104574,0.356553768
3.851152689,1.776359157,0.274444382
4.023378459,1.796690884,0.28944153
4.180806887,1.802205908,0.274444382
4.325852335,1.810431578,0.21445579
4.459298346,1.81950456,0.202458072
4.57959283,1.812613592,0.17696292
4.685866016,1.801381091,0.13084669
4.777398095,1.79810432,0.141344694
4.856595932,1.792398089,0.154842127
4.924595475,1.784352379,0.174338419
4.979653436,1.762719691,0.257197662
5.022182205,1.735838171,0.203582858
5.052466708,1.709822708,0.18558628
5.07014329,1.686165471,0.193459783
5.076077973,1.658867793,0.060360095
5.07090059,1.620217641,0.049862091
5.054918561,1.591930183,0.023242153
5.028188119,1.551154254,-0.087361813
4.991927695,1.508158818,-0.169846127
4.946902084,1.476965757,-0.29019824
4.893801107,1.435529974,-0.404926422
4.833337073,1.395908788,-0.493409595
4.764553987,1.345032606,-0.547399328
4.68709944,1.29124707,-0.557147474
4.601010924,1.236029353,-0.556772546
4.506340923,1.173223324,-0.557897332
4.403756763,1.118676708,-0.562021548
4.293280936,1.060170973,-0.56989505
4.175250854,1.000731695,-0.581142911
4.050929934,0.938116874,-0.538775968
3.920974251,0.875535795,-0.508781672
3.784236609,0.805981267,-0.496783954
3.640454578,0.736340509,-0.444293936
3.493197214,0.67933444,-0.467164586
3.342310808,0.603335096,-0.438670005
3.184751165,0.529037873,-0.400802207
3.020210865,0.447977155,-0.425172572
2.847542712,0.360542855,-0.386929845
2.670668169,0.290178507,-0.408300781
2.48942228,0.2003035,-0.430796503
2.304562346,0.123783022,-0.412799925
2.116669463,0.040101637,-0.391803918
1.922553223,-0.038675839,-0.364434123
1.72727479,-0.127268632,-0.320567465
1.525484327,-0.218167161,-0.22683529
1.324897296,-0.289536285,-0.197215922
1.119061651,-0.41188282,-0.162347553
0.913458445,-0.462935213,-0.113606822
0.708008948,-0.607233114,-0.093735601
0.495241383,-0.677462491,-0.034121938
0.297454863,-0.846441152,0.008994863
0.077586673,-1.057946603,0.046862661
-0.047191627,-0.463122671,0.088854676
-0.029027673,-0.087471235,0.134595977
-0.028214138,-0.18157905,0.136470621
-0.031509518,-0.080040388,0.110975469
-0.027235646,-0.093278693,0.108350968
-0.031093378,-0.068950355,0.091854105
-0.02786548,-0.059971102,0.12222333
-0.030482289,-0.058568914,0.129721904
-0.02869776,-0.03647133,0.113974899
-0.029623766,-0.052405285,0.152592555
-0.029736236,-0.029704085,0.140969765
-0.029188881,-0.038109715,0.12222333
-0.030208611,-0.035534038,0.065984025
-0.029635013,-0.029992771,-0.006377214
-0.03021236,-0.028590583,0.020617652
-0.030039906,-0.024567728,-0.023623934
-0.030456046,-0.026059896,-0.068615378
-0.03055352,-0.023967861,-0.107607963
-0.03093217,-0.027225886,-0.209213641
-0.031730709,-0.026869715,-0.260953801
-0.032540496,-0.024957641,-0.299571458
-0.033410266,-0.026622271,-0.308569746
-0.034272538,-0.028245659,-0.299571458
-0.034572459,-0.02163588,-0.278200522
-0.034954858,-0.024440256,-0.270327019
-0.035457225,-0.024845166,-0.261703659
-0.035254779,-0.027735773,-0.235083721
-0.036555685,-0.025347554,-0.236208507
-0.035794636,-0.017343085,-0.170595985
-0.037215511,-0.027750769,-0.124104826
-0.036638164,-0.012247968,-0.10835782
-0.037013065,-0.035582777,-0.082862669
-0.03835521,-0.010538348,-0.103483747
-0.035843373,-0.026104886,-0.079488311
-0.040278452,-0.026292344,-0.066740735
-0.035209791,0.000517942,-0.04499487
-0.04123445,-0.053904951,-0.055117945
-0.03581713,0.032123412,-0.098984603
-0.03945367,-0.095666912,-0.149225049
-0.040495895,0.094329574,-0.230584577
-0.033316541,-0.285993324,-0.239582866
-0.27359809,-1.650689748,-0.260203944
-0.65599711,-1.81282618,-0.113606822
-0.966343906,-1.65598357,-0.051743587
-1.284132488,-1.805035413,-0.035621653
-1.580368011,-1.756506209,0.178462635
-1.859500551,-1.806778776,0.112850112
-2.131502473,-1.69388014,0.132346405
-2.392231123,-1.684379753,0.188210781
-2.652884792,-1.703897911,0.105351539
-2.893766183,-1.694052602,0.23170251
-3.123625484,-1.737569171,0.228703081
-3.340344505,-1.755902593,0.184086566
-3.549036895,-1.802414746,0.29244096
-3.745886163,-1.812612478,0.293565746
-3.926037341,-1.828044045,0.277068883
-4.092894529,-1.838466727,0.34155662
-4.245205558,-1.847014825,0.331433545
-4.386554482,-1.86034311,0.259822163
-4.514853103,-1.858506019,0.239950942
-4.629614048,-1.857396266,0.197958927
-4.72999379,-1.844049235,0.156341842
-4.815857366,-1.836423431,0.235076869
-4.890545144,-1.830608475,0.239201084
-4.95349852,-1.81327608,0.249324159
-5.003761497,-1.794057855,0.246699658
-5.041244099,-1.772443913,0.120723615
-5.066613649,-1.746068531,0.142844409
-5.079761427,-1.712783435,0.079856387
-5.081159808,-1.683026304,-0.015750432
-5.07213969,-1.651364597,0.032990299
-5.051981263,-1.610438701,-0.041620512
-5.021854219,-1.572609616,-0.139101974
-4.982797033,-1.534086936,-0.212587999
-4.934813454,-1.494735689,-0.31606832
-4.879283118,-1.456591675,-0.398552634
-4.81641222,-1.409734598,-0.448418151
-4.745229767,-1.359012131,-0.449917866
-4.665537062,-1.306906222,-0.490035237
-4.577184143,-1.250222581,-0.521529248
-4.48017476,-1.190768307,-0.560896761
-4.375149994,-1.131598969,-0.633632929
-4.262256056,-1.071541079,-0.631383357
-4.141849102,-1.003017572,-0.628383927
-4.01511007,-0.939375479,-0.605513277
-3.88238012,-0.875395961,-0.576268838
-3.74226462,-0.800750066,-0.527903036
-3.596236931,-0.738723864,-0.494159453
-3.447693657,-0.675726628,-0.496409025
-3.294490363,-0.60014719,-0.406426137
-3.134632577,-0.525055144,-0.363684265
-2.966740662,-0.433624233,-0.352061476
-2.791853095,-0.352372308,-0.340813615
-2.613711387,-0.276391709,-0.39405349
-2.430613487,-0.196830658,-0.41992357
-2.245296174,-0.115912408,-0.401552064
-2.054040429,-0.018988969,-0.367058624
-1.860025412,0.047341276,-0.329565754
-1.662756255,0.15274158,-0.242582295
-1.460804584,0.228058576,-0.199090566
-1.260656187,0.319631955,-0.213337856
-1.052488658,0.416971552,-0.184468347
-0.850173334,0.495707787,-0.153349264
-0.63774318,0.636159044,-0.087736742
-0.433159704,0.682851158,-0.008251858
-0.225183374,0.995362889,0.070108241
-0.024506367,0.846416023,0.115474613
0.019169599,0.157360553,0.159341271
-0.004674104,0.112201848,0.220829578
0.006198025,0.119362755,0.20883186
0.000716972,0.047277541,0.218580006
0.003240056,0.074339021,0.221954364
0.003052605,0.024906267,0.203207929
0.002437768,0.043423398,0.192334997
0.004076085,0.017419182,0.132346405
0.002355289,0.024156434,0.095603392
0.004274783,0.021704479,0.065234168
0.002970127,0.011660464,0.030365798
0.004001105,0.020474753,0.031865513
0.004091081,0.003850951,-0.014625646
0.004117324,0.010753165,-0.03937094
0.004405998,0.007607615,-0.041245583
0.004477229,0.007318929,-0.060741876
0.005189541,0.008859837,-0.049868943
0.004923361,0.003284827,-0.06224159
0.005815626,0.006812792,-0.068615378
0.006767874,0.003858449,-0.091860958
0.007446445,-0.001547848,-0.100859247
0.008462427,0.003700984,-0.143976047
0.0091335,0.006692819,-0.187092848
0.009215978,0.00223506,-0.172470628
0.010052007,0.002868669,-0.21221307
0.009898298,-0.000419349,-0.196466065
0.010520633,0.000536688,-0.209213641
0.011049244,-0.005773158,-0.280075165
0.010775566,0.008957315,-0.312319033
0.012316409,-0.002192705,-0.335939541
0.010711833,-0.005994359,-0.299196529
0.013362383,0.013325093,-0.259454087
0.011217949,-0.014684926,-0.191217063
0.013081207,0.025802318,-0.092610815
0.013264909,-0.022704392,-0.049494015
0.011131722,0.025479889,0.000371503
0.01685646,-0.009196147,-0.016500289
0.007461441,-0.005083312,-0.023623934
0.022026345,0.045380463,-0.023249006
-0.001262505,-0.134988165,-0.087361813
0.081541879,0.975683517,-0.115856395
0.428325304,1.96794154,-0.128229042
0.776180946,1.697322989,-0.048369229
1.082032679,1.764301839,-0.079488311
1.397511871,1.78857394,-0.011626216
1.679954786,1.789676195,0.122598259
1.95873117,1.787512926,0.010494577
2.22188168,1.674989207,0.092229034
2.48453732,1.713136971,0.099352679
2.736965662,1.694886031,0.054736164
2.971998597,1.712049713,0.204707644
3.197130396,1.743074061,0.219329863
3.409957945,1.78627945,0.299939534
3.615107521,1.810858983,0.426290506
3.804338801,1.820561824,0.370801058
3.979095153,1.836259582,0.346430693
4.139132892,1.837526801,0.354679124
4.285831653,1.856879995,0.27219481
4.421924465,1.858390909,0.216705362
4.544577076,1.864573284,0.187085995
4.653444578,1.851743638,0.131596548
4.748020853,1.832701624,0.139095122
4.829156927,1.835742198,0.172088847
4.898798537,1.823092511,0.186336138
4.956068414,1.804009256,0.261696806
5.000752864,1.780044587,0.239201084
5.033740403,1.756601052,0.216330434
5.054509918,1.733858611,0.251573732
5.063102649,1.701840734,0.137595407
5.060624554,1.663707966,0.09635325
5.047150612,1.628713251,0.068983455
5.022778298,1.59468957,-0.061116804
4.988456111,1.547011426,-0.13722733
4.94491136,1.512406623,-0.229834719
4.893115038,1.469703623,-0.36818341
4.833921919,1.415753124,-0.475038089
4.76742198,1.38385147,-0.542525255
4.692681716,1.335386001,-0.59314063
4.609401208,1.277843802,-0.617136066
4.517557961,1.223540881,-0.619760567
4.417121983,1.158953999,-0.646005576
4.309034276,1.093752253,-0.661002724
4.192747484,1.028456778,-0.67674973
4.069588756,0.969208707,-0.654254008
3.941248897,0.905874046,-0.567270549
3.806112083,0.834996063,-0.529402751
3.664193309,0.768069701,-0.474288232
3.518019409,0.707539416,-0.454417011
3.368673847,0.642303927,-0.452167438
3.214008439,0.564666198,-0.426297358
3.052403614,0.482600703,-0.443919007
2.882052349,0.398072006,-0.437545219
2.705968847,0.322305111,-0.473913303
2.526095096,0.237034079,-0.534276824
2.342089936,0.162114495,-0.538401039
2.155741645,0.075385038,-0.485911021
1.962866328,-0.013144019,-0.45179251
1.768907547,-0.086140281,-0.37380734
1.569355242,-0.191600571,-0.242957224
1.369068132,-0.257064759,-0.205464354
1.166392902,-0.370147104,-0.168721341
0.959211363,-0.437733319,-0.124104826
0.757150971,-0.552866458,-0.077613667
0.543326185,-0.66658991,-0.01050143
0.344977313,-0.7691296,0.063734453
0.12868193,-1.069340318,0.139095122
-0.034471236,-0.645894514,0.164965202
-0.036012079,-0.099408579,0.220454649
-0.024356407,-0.173537089,0.227203366
-0.032634221,-0.09976475,0.189335567
-0.026095947,-0.079796692,0.170214204
-0.030658493,-0.082443603,0.114724756
-0.027783002,-0.047598854,0.101602252
-0.029282606,-0.063885231,0.061859809
-0.028937697,-0.034975412,0.016868365
-0.028536553,-0.049825859,0.03861423
-0.029665005,-0.034030623,0.036739586
-0.028596537,-0.035342831,0.065609096
-0.02975873,-0.040134265,0.082855817
-0.029185132,-0.028875519,0.03861423
-0.029575029,-0.02891676,0.032990299
-0.029623766,-0.024301537,-0.003377784
-0.02979622,-0.029407901,-0.06824045
-0.030152376,-0.025253825,-0.085112241
-0.030204862,-0.022303231,-0.098609674
-0.030962162,-0.027769515,-0.151474621
-0.032026881,-0.027619549,-0.193466635
-0.032664213,-0.024965139,-0.188592562
-0.033515238,-0.024447754,-0.253830156
-0.034231299,-0.024080336,-0.265452946
-0.034351267,-0.026371076,-0.225335575
-0.035052332,-0.020012491,-0.23245922
-0.034632443,-0.020158708,-0.204714496
-0.035925852,-0.025471277,-0.243707081
-0.035457225,-0.015266047,-0.252330441
-0.036278259,-0.029070476,-0.237708222
-0.036986821,-0.011843058,-0.216337286
-0.035719656,-0.025643738,-0.131228471
-0.038381453,-0.01786047,-0.102358961
-0.035292269,-0.012697868,-0.046869514
-0.039198737,-0.034964165,-0.052118516
-0.035700911,0.009283492,-0.083987455
-0.038760103,-0.057324191,-0.093360672
-0.038568904,0.029199062,-0.127479184
-0.035014842,-0.069002843,-0.117356109
-0.0453996,0.028258021,-0.148100263
-0.021867064,-0.065928527,-0.166846698
-0.196694647,-1.408887286,-0.236583436
-0.57817516,-1.881893316,-0.147350405
-0.901084889,-1.644814804,-0.034496867
-1.214367161,-1.807483619,-0.026248435
-1.51955532,-1.771082966,0.23770137
-1.798335453,-1.820463232,0.254573161
-2.073865194,-1.740639738,0.209206788
-2.334342659,-1.690798325,0.294690532
-2.596136028,-1.730685702,0.16833956
-2.84060897,-1.710968839,0.230577724
-3.07179542,-1.75798338,0.310062609
-3.291239972,-1.774775895,0.221579436
-3.500554698,-1.821962898,0.299189676
-3.700298202,-1.839988888,0.338182261
-3.883219898,-1.85036283,0.252698518
-4.052720138,-1.869007433,0.276693954
-4.207438032,-1.873094024,0.283067742
-4.350755186,-1.892987099,0.228328152
-4.482008026,-1.89306958,0.208082002
-4.599378282,-1.891082522,0.198333856
-4.703360823,-1.882388206,0.179212492
-4.792013663,-1.866405512,0.226453509
-4.868605937,-1.861186673,0.258322448
-4.934224859,-1.846606166,0.302938963
-4.986651015,-1.826199456,0.366301914
-5.026997861,-1.805920217,0.272569739
-5.055467843,-1.780092212,0.239201084
-5.071712303,-1.75002765,0.137595407
-5.076312338,-1.717267437,-0.013125931
-5.070032746,-1.681864063,-0.002252998
-5.053169699,-1.645752096,-0.101984033
-5.025603229,-1.607360636,-0.217462072
-4.988101882,-1.565115034,-0.272201662
-4.94179411,-1.524346603,-0.350561761
-4.887392226,-1.482082254,-0.407550923
-4.825810988,-1.438059547,-0.475413018
-4.756626758,-1.391513651,-0.493409595
-4.678936023,-1.339441485,-0.514030674
-4.593424854,-1.283207744,-0.535026681
-4.499200986,-1.222325037,-0.565020977
-4.396268167,-1.161341103,-0.651254578
-4.285841078,-1.099599837,-0.653879079
-4.167649788,-1.034244376,-0.64488079
-4.042376619,-0.970279854,-0.621635211
-3.911093787,-0.904946888,-0.607762849
-3.773062737,-0.832093094,-0.595015273
-3.628144755,-0.762726025,-0.539525826
-3.480088852,-0.701858315,-0.570269979
-3.32885004,-0.631981359,-0.54102554
-3.171054209,-0.556045751,-0.485536093
-3.005959056,-0.468364005,-0.472413588
-2.833065962,-0.381739525,-0.440919577
-2.655629067,-0.305354017,-0.43454579
-2.473678365,-0.220184213,-0.409800495
-2.288915905,-0.145587057,-0.366308766
-2.099504673,-0.053586272,-0.30182103
-1.905635868,0.021269576,-0.265452946
-1.709813829,0.119640193,-0.195716208
-1.508150832,0.205777282,-0.110607393
-1.30934458,0.278766046,-0.120355539
-1.102991572,0.393989165,-0.091860958
-0.900177629,0.455846655,-0.074239309
-0.692107574,0.607774108,-0.063366376
-0.482537915,0.657270598,0.010869506
-0.281954633,0.902942198,0.113225041
-0.065498043,0.981892136,0.179212492
0.023301008,0.297328167,0.199083714
-0.001986064,0.079662836,0.250074017
0.004394751,0.150484582,0.231327582
0.003153829,0.046482717,0.229452938
0.00201413,0.08072385,0.199833571
0.004454735,0.03725602,0.121473473
0.00189791,0.041826253,0.116974328
0.004690923,0.03199594,0.035989729
0.0026927,0.020366027,-0.040870654
0.00428603,0.027103278,-0.058117375
0.003723678,0.010974366,-0.088861528
0.003986109,0.022004413,-0.081362954
0.004675927,0.010037075,-0.077613667
0.004308524,0.008901077,-0.083237598
0.004878373,0.007375167,-0.063741305
0.004792146,0.008732365,-0.063366376
0.00542198,0.009530937,-0.074989166
0.005380741,0.004679516,-0.09710996
0.005853116,0.005181905,-0.10835782
0.006869098,0.004507055,-0.100109389
0.007630147,0.006554099,-0.082112811
0.008619885,0.009377221,-0.092610815
0.009590879,0.00668532,-0.117356109
0.009564636,0.002894913,-0.114731608
0.010460649,0.009238502,-0.146600548
0.010558123,0.001087815,-0.159723052
0.010670594,0.006696568,-0.164222197
0.011825289,0.002193819,-0.184468347
0.01087304,0.001766414,-0.219336716
0.012706306,0.004821985,-0.259829015
0.01128918,-0.006879162,-0.225710504
0.01314494,0.017456674,-0.167971484
0.01276629,-0.016432037,-0.112856965
0.01227517,0.021415793,-0.063366376
0.014749517,-0.012116747,-0.035621653
0.010471896,0.002699957,-0.000378355
0.017565023,0.016478142,-0.045744728
0.008473674,-0.034979162,-0.109482607
0.02011435,0.080153977,-0.112856965
0.005916849,-0.160962387,-0.144350976
0.041442468,0.659032706,-0.169471199
0.349146212,1.910999207,-0.188592562
0.714359771,1.764121879,-0.090361243
1.018689406,1.731646604,-0.041245583
1.337666424,1.81159007,-0.002627927
1.625174252,1.780516982,0.177712778
1.904632956,1.824018555,0.1597162
2.171270045,1.702091928,0.209956646
2.432740998,1.7235709,0.261321878
2.689379478,1.721722561,0.188210781
2.927100453,1.7350321,0.303688821
3.154350443,1.766858771,0.319060898
3.368437659,1.798171805,0.296940104
3.575360517,1.839993752,0.376424989
3.768168352,1.843634192,0.324684828
3.945590251,1.866147934,0.272569739
4.108672186,1.872622743,0.286817029
4.25770658,1.881305812,0.23770137
4.395771371,1.890896179,0.164590273
4.521246987,1.892658287,0.143969195
4.633612315,1.887495685,0.127097403
4.73110532,1.873046399,0.121848401
4.814397075,1.863950922,0.189335567
4.886513031,1.853565733,0.238451227
4.946418462,1.83326025,0.324309899
4.993363565,1.810986454,0.331058616
5.028356825,1.789271285,0.277818741
5.051199543,1.753612967,0.319060898
5.062675262,1.72123517,0.201708214
5.063275104,1.696899333,0.114349827
5.052957828,1.659227713,0.101227323
5.031888392,1.618841697,-0.052493444
4.99993558,1.577859563,-0.166846698
4.958340314,1.535332773,-0.268452375
4.908302277,1.492802234,-0.401177135
4.850027666,1.450777833,-0.507656886
4.784352509,1.405930309,-0.578143482
4.710991881,1.351466174,-0.577393624
4.629499651,1.302610792,-0.596514988
4.540243221,1.244491221,-0.609262564
4.442742718,1.181700189,-0.600264275
4.33708062,1.124206728,-0.619760567
4.223339405,1.056669252,-0.620885353
4.102280123,0.995989,-0.623884783
3.975008732,0.931083438,-0.598389631
3.841476494,0.859001973,-0.606263134
3.700892368,0.789005044,-0.608512706
3.554692225,0.726618921,-0.587891628
3.406208935,0.668668063,-0.61038735
3.253301813,0.592724956,-0.591265986
3.09377019,0.513250135,-0.569520122
2.926223185,0.426115768,-0.53540161
2.751538064,0.347207071,-0.511406173
2.573167666,0.264504219,-0.521154319
2.389698614,0.182221272,-0.499408455
2.203908926,0.106109453,-0.435670576
2.012308272,0.009992085,-0.378681413
1.818180785,-0.062483043,-0.321317322
1.62052548,-0.167977076,-0.20958857
1.419409838,-0.237347895,-0.161972625
1.21945639,-0.333172828,-0.126354398
1.012117392,-0.425372319,-0.036746439
0.811264181,-0.507437813,-0.028872936
0.599471359,-0.653257876,-0.009376644
0.397246011,-0.708273138,0.086230175
0.189228442,-1.020908592,0.14246948
-0.006829785,-0.836509611,0.162340701
-0.044357375,-0.169502987,0.232077439
-0.021900805,-0.148121493,0.257572591
-0.032461766,-0.136619052,0.235451797
-0.026575821,-0.068080548,0.247074587
-0.02915514,-0.095711902,0.199458642
-0.028334106,-0.046245405,0.166464917
-0.027985448,-0.064934998,0.119973758
-0.029260112,-0.040329221,0.038989159
-0.027550563,-0.044693251,-0.006377214
-0.029406323,-0.040554171,-0.092985744
-0.028184146,-0.031492437,-0.137602259
-0.028941446,-0.036175145,-0.158598266
-0.028911454,-0.026569782,-0.197215922
-0.02907641,-0.032519709,-0.149225049
-0.029233869,-0.025287567,-0.124854683
-0.029293853,-0.027529569,-0.125604541
-0.029856204,-0.027360856,-0.084362384
-0.029586276,-0.022393211,-0.091486029
-0.030429803,-0.02923169,-0.109482607
-0.031393299,-0.027000936,-0.107982892
-0.032083116,-0.023169289,-0.105358391
-0.033069106,-0.027660789,-0.148475191
-0.033623959,-0.026397321,-0.153724193
-0.033706438,-0.024552731,-0.15184955
-0.034497479,-0.023461724,-0.202839853
-0.034351267,-0.02262191,-0.163847268
-0.035389743,-0.025036373,-0.185968061
-0.035359751,-0.017069396,-0.2152125
-0.035333508,-0.029854052,-0.197590851
-0.036578179,-0.014025073,-0.209213641
-0.034962356,-0.020664846,-0.152599407
-0.037935321,-0.025227581,-0.123354969
-0.035161054,-0.00365113,-0.064116234
-0.037849094,-0.03966187,0.013119078
-0.036686901,0.008466174,0.054736164
-0.036270761,-0.054932223,0.070108241
-0.040072257,0.009628416,0.011994292
-0.032229328,-0.033003351,-0.026623364
-0.046970435,-0.03557153,-0.093735601
-0.020524919,0.068730268,-0.146225619
-0.13522588,-1.129761878,-0.245581725
-0.500371955,-1.912685217,-0.222711074
-0.839327448,-1.652429361,-0.109107678
-1.147975943,-1.788557829,-0.157848409
-1.460617134,-1.79016997,0.05023702
-1.741024337,-1.815728035,0.169839275
-2.01912215,-1.783683913,0.163465487
-2.280964255,-1.69459998,0.320935541
-2.543203755,-1.744621353,0.266195951
-2.792647885,-1.724589559,0.321685398
-3.025847554,-1.762234934,0.465283091
-3.247706468,-1.786514533,0.400420425
-3.458142148,-1.826593118,0.429664864
-3.660866115,-1.85850227,0.456284802
-3.847720522,-1.865599441,0.317186254
-4.019983783,-1.884716438,0.257572591
-4.177580916,-1.890130234,0.220079721
-4.322720089,-1.903312302,0.128222189
-4.456151104,-1.911552969,0.08772989
-4.577502809,-1.911875397,0.066733882
-4.68443957,-1.900020534,0.0356148
-4.776207837,-1.886512289,0.082105959
-4.855476904,-1.877784231,0.166839845
-4.922737893,-1.865899374,0.250823874
-4.978361954,-1.847498468,0.372675702
-5.021149405,-1.823511303,0.343806192
-5.051940024,-1.797150917,0.349430122
-5.071239928,-1.767941165,0.350554908
-5.078494262,-1.736560646,0.17996235
-5.075337596,-1.703448012,0.141344694
-5.061781175,-1.666991121,0.095603392
-5.037303889,-1.626027734,-0.056992589
-5.002974205,-1.586054126,-0.190842134
-4.95932823,-1.541847709,-0.31044439
-4.906905823,-1.498038705,-0.427422144
-4.847154102,-1.456966591,-0.567270549
-4.77952946,-1.40684774,-0.599889346
-4.703360823,-1.355611638,-0.604388491
-4.619139314,-1.300153974,-0.629508714
-4.52678995,-1.24051974,-0.61038735
-4.426605156,-1.182670108,-0.606263134
-4.318693652,-1.120205254,-0.579268268
-4.203186654,-1.056968071,-0.574769123
-4.080402828,-0.990375384,-0.546274542
-3.951020744,-0.9230966,-0.542525255
-3.81489794,-0.853500832,-0.558272261
-3.671494558,-0.781010707,-0.554522974
-3.523922277,-0.720611643,-0.619760567
-3.373601972,-0.651795701,-0.619385639
-3.21793183,-0.579766724,-0.622385068
-3.055468482,-0.499043431,-0.652754293
-2.884427399,-0.404242019,-0.616386209
-2.708580085,-0.333783943,-0.582267697
-2.528811306,-0.251366026,-0.575518981
-2.344734915,-0.171516289,-0.515530389
-2.157325654,-0.078870648,-0.386554916
-1.963306889,0.00556432,-0.311569176
-1.76808844,0.084784197,-0.206214211
-1.566822838,0.18349224,-0.068615378
-1.366730676,0.246991864,-0.058117375
-1.16305821,0.369225923,-0.002627927
-0.957503741,0.428882653,0.052861521
-0.754082458,0.561325691,0.047612519
-0.541127443,0.649254881,0.123348116
-0.343813298,0.790950861,0.174713348
-0.124080073,1.052413948,0.21445579
0.017351329,0.508492444,0.22907801
0.005324505,0.059968467,0.26057202
0.000435796,0.162605636,0.287941815
0.006183029,0.064842383,0.271819881
0.000870682,0.069540088,0.286442101
0.005594434,0.055053311,0.253073446
0.002400278,0.032787014,0.238826156
0.004897118,0.043085973,0.182961779
0.003734925,0.013197622,0.089229604
0.003997356,0.027099529,0.062609667
0.004803393,0.013595033,0.004870647
0.004113575,0.015938262,-0.029247865
0.005140804,0.011892912,-0.075739024
0.004694672,0.010025827,-0.151099692
0.005324505,0.009092285,-0.170595985
0.005260772,0.006047962,-0.2152125
0.005688159,0.010936874,-0.221961217
0.005826873,0.002887415,-0.196840994
0.006119296,0.003326068,-0.173220486
0.007146524,0.009605921,-0.155223908
0.007828844,0.008368696,-0.142101404
0.008717359,0.007660103,-0.123354969
0.009868306,0.009635914,-0.149974906
0.010014517,0.003611004,-0.134227901
0.010490641,0.007611364,-0.15747348
0.011109228,0.002542492,-0.19496635
0.010966765,0.000536688,-0.197590851
0.012301413,0.001796408,-0.211088284
0.011409149,-0.000974226,-0.214087714
0.012878761,0.011364279,-0.252330441
0.01231266,-0.008468809,-0.238083151
0.012732549,0.01482476,-0.180344131
0.014003464,-0.009166154,-0.119605682
0.012001492,0.008481171,-0.023998863
0.015859223,0.00619043,0.035239872
0.010663096,-0.016623245,0.062984595
0.01723511,0.033251911,0.047612519
0.011259188,-0.051452997,0.02699144
0.016084164,0.085747733,0.02136751
0.014940716,-0.122732141,-0.047244442
0.012458871,0.330864457,-0.073114523
0.261396884,1.745049872,-0.140976617
0.639750723,1.852759662,-0.11435668
0.947889353,1.690030861,-0.060366947
1.265929118,1.833278995,-0.086986885
1.56095746,1.779114794,0.09335382
1.8404649,1.840623612,0.095978321
2.111687029,1.729183401,0.121098544
2.372093263,1.718884442,0.264321307
2.632154589,1.735579479,0.202833001
2.87341463,1.728804736,0.299939534
3.103225194,1.770742907,0.391797065
3.319539322,1.788199023,0.388422707
3.528235461,1.840578622,0.475406165
3.725035992,1.848230669,0.451785657
3.905622055,1.861423985,0.382798777
4.072610458,1.879386239,0.360677983
4.225075197,1.88275299,0.2433253
4.365318163,1.898210801,0.128222189
4.492930715,1.896767372,0.071233027
4.608685147,1.888620435,-0.005252428
4.710474518,1.884620075,-0.029997722
4.797534028,1.870875632,0.046112804
4.872787906,1.860190509,0.092978891
4.936401107,1.843480476,0.194959498
4.987083974,1.817033859,0.307063179
5.02496772,1.798340517,0.276319026
5.051015841,1.770285508,0.359553197
5.065363302,1.735365776,0.358053482
5.068452487,1.702733035,0.202833001
5.061468081,1.664472796,0.149968054
5.043690276,1.627086113,0.026241583
5.015276529,1.588229757,-0.133852972
4.977370289,1.548889758,-0.231334434
4.930376448,1.506872854,-0.346812474
4.875022316,1.454785691,-0.466414729
4.811506588,1.409608241,-0.579643196
4.740241657,1.365945454,-0.640381646
4.660920104,1.310753981,-0.654254008
4.573129536,1.253830393,-0.658753152
4.477586017,1.196359428,-0.646755434
4.374402014,1.133793346,-0.626509284
4.263378832,1.072700686,-0.606263134
4.144913865,1.010693229,-0.603638633
4.019873135,0.943973071,-0.529777679
3.888672781,0.87915374,-0.501283098
3.750296822,0.806247458,-0.524903606
3.605172645,0.738226339,-0.490410166
3.456981777,0.678217188,-0.531652323
3.305210605,0.607849092,-0.566895621
3.147381033,0.533604357,-0.606638063
2.982480829,0.444156755,-0.657628366
2.809711452,0.363133529,-0.632508143
2.632705694,0.28674802,-0.629508714
2.45057129,0.197900285,-0.638132074
2.265850069,0.128192041,-0.579643196
2.07676875,0.033105693,-0.479162305
1.88234884,-0.043763457,-0.412050068
1.686440574,-0.135580533,-0.286448953
1.484316448,-0.221391444,-0.138727045
1.284719156,-0.298073136,-0.073114523
1.078231183,-0.41133919,0.008245005
0.874914873,-0.465604619,0.04161366
0.667658353,-0.621210005,0.067108811
0.458868488,-0.677282531,0.114349827
0.259409909,-0.912224019,0.158591414
0.043245742,-1.004535984,0.213705933
-0.048683733,-0.333948906,0.230952653
-0.023726573,-0.103600147,0.284567457
-0.029203877,-0.173840772,0.292815889
-0.028255377,-0.064931249,0.290566316
-0.026703287,-0.09742527,0.298814748
-0.029301351,-0.058216492,0.261321878
-0.026564574,-0.061748207,0.25194866
-0.029260112,-0.052795198,0.195334427
-0.027066941,-0.037539842,0.119598829
-0.028525306,-0.045900482,0.05023702
-0.028041684,-0.0309863,-0.022874077
-0.027947958,-0.039429422,-0.053243302
-0.02862278,-0.031297481,-0.086986885
-0.028172899,-0.032002324,-0.104983462
-0.028675266,-0.027270876,-0.15184955
-0.028442828,-0.027732024,-0.251205655
-0.028873964,-0.026314839,-0.276325878
-0.02900143,-0.020638602,-0.296197099
-0.029522543,-0.027083418,-0.317568035
-0.03063225,-0.025992411,-0.29019824
-0.031254585,-0.023997854,-0.242582295
-0.031966897,-0.026614772,-0.216337286
-0.033181576,-0.023979108,-0.203214782
-0.033102847,-0.022426954,-0.158598266
-0.03362021,-0.023626687,-0.14885012
-0.033927629,-0.018509075,-0.119230753
-0.034201307,-0.028583084,-0.128229042
-0.034819894,-0.016585753,-0.146975477
-0.034347518,-0.019978748,-0.148100263
-0.036203278,-0.02298183,-0.218961787
-0.034512475,-0.016443285,-0.193841564
-0.036544438,-0.033378268,-0.163097411
-0.035464723,-0.00158534,-0.113981751
-0.036184533,-0.043448528,-0.009751572
-0.037590412,0.000420464,0.005620504
-0.034047598,-0.031529929,0.050611948
-0.040773322,-0.024770183,0.050611948
-0.031179605,0.005553072,0.006370362
-0.044672292,-0.083152195,-0.041995441
-0.025792278,0.133647078,-0.052118516
-0.081018944,-0.788932695,-0.071989737
-0.409732141,-1.886591021,-0.114731608
-0.769457148,-1.69617088,-0.012376073
-1.074161685,-1.743279151,-0.068990307
-1.39171033,-1.808450904,0.03861423
-1.676147719,-1.799670357,0.212581147
-1.955437717,-1.815458095,0.137220478
-2.220875123,-1.697887998,0.316436397
-2.482529778,-1.740429785,0.340431833
-2.737155039,-1.7329427,0.263196521
-2.973578856,-1.756082553,0.390672279
-3.19896184,-1.785461018,0.35017998
-3.411302017,-1.815881751,0.364052342
-3.616680283,-1.85841229,0.45665973
-3.807726083,-1.864643404,0.408293928
-3.983382198,-1.883392983,0.393671709
-4.144803322,-1.890122736,0.381299062
-4.29276175,-1.902341268,0.26919538
-4.428772084,-1.911755424,0.158591414
-4.553216722,-1.912422775,0.127847261
-4.66391374,-1.904204603,0.06748374
-4.759907141,-1.892286005,0.059235308
-4.84288398,-1.880221188,0.110975469
-4.913301634,-1.867860188,0.08772989
-4.972982125,-1.853230942,0.192709926
-5.019398617,-1.826593118,0.215205648
-5.053180947,-1.803629476,0.203582858
-5.075847461,-1.775075828,0.287566887
-5.085681114,-1.737179258,0.190460353
-5.085070026,-1.705588785,0.135720763
-5.074246634,-1.668603263,0.068233597
-5.052569858,-1.627628627,-0.103108819
-5.021160652,-1.589814539,-0.208463783
-4.980757571,-1.548911138,-0.333689969
-4.931934214,-1.507047951,-0.416924141
-4.87484429,-1.461574316,-0.480287091
-4.810106385,-1.412816412,-0.537276253
-4.73685073,-1.363631104,-0.550398758
-4.654927363,-1.306396335,-0.601389061
-4.564722434,-1.248992855,-0.605513277
-4.466003502,-1.192654137,-0.604388491
-4.360003994,-1.129574419,-0.58451727
-4.246720158,-1.06533246,-0.579643196
-4.126017032,-1.000775571,-0.581142911
-3.999195522,-0.940211543,-0.514780531
-3.865888225,-0.87049955,-0.521154319
-3.724812978,-0.791804556,-0.502782813
-3.57806548,-0.733227587,-0.497158882
-3.428210052,-0.669221825,-0.499033526
-3.273612127,-0.592453902,-0.478412447
-3.112633386,-0.514302536,-0.534276824
-2.943560533,-0.423115321,-0.55264833
-2.768665468,-0.350598952,-0.559022118
-2.590137612,-0.266835085,-0.574019266
-2.406687305,-0.191825521,-0.547399328
-2.22122753,-0.112868085,-0.454042082
-2.028790846,-0.009458589,-0.38543013
-1.833969793,0.055263264,-0.344187973
-1.634728656,0.164217777,-0.199465495
-1.43268326,0.232475093,-0.145100833
-1.231278945,0.335205991,-0.093360672
-1.023070177,0.419580972,0.027741298
-0.821380937,0.501459008,0.068608526
-0.608163491,0.648141379,0.142094551
-0.40738526,0.704926247,0.174713348
-0.196151041,1.019492522,0.226828437
-0.007991978,0.765325311,0.253073446
0.016890201,0.112535524,0.256822733
-0.00279585,0.133122194,0.317561183
0.007708876,0.102847679,0.28944153
0.001249332,0.047986133,0.322060327
0.005242027,0.07348796,0.29244096
0.003742423,0.029322785,0.223829008
0.003993607,0.0458866,0.242950371
0.004953353,0.013010163,0.182211922
0.003618706,0.026495913,0.119598829
0.005508207,0.018948842,0.059985166
0.004364759,0.011544239,0.011244435
0.005309509,0.018513939,-0.038246154
0.005148302,0.007641358,-0.121855254
0.005538199,0.014041184,-0.130103685
0.005789383,0.007423906,-0.182593703
0.005961837,0.006475367,-0.227210218
0.006535436,0.007423906,-0.200590281
0.006258009,0.001616448,-0.24408201
0.007139026,0.002861171,-0.269577162
0.008263729,0.007262692,-0.26132873
0.008991037,0.008346201,-0.257579443
0.010085748,0.00987961,-0.268452375
0.010490641,0.001710177,-0.211463213
0.010659347,0.003985921,-0.144350976
0.011585352,0.00479949,-0.142101404
0.011345415,0.003322318,-0.115481466
0.012593836,0.007667602,-0.137602259
0.011960253,-0.002822565,-0.126729327
0.012597585,0.010052071,-0.115481466
0.013253662,-0.008746247,-0.145100833
0.012473867,0.009197261,-0.110232464
0.014798254,-0.000471838,-0.074239309
0.011731563,-0.004078535,-0.033747009
0.015997937,0.019863639,-0.004877499
0.012098966,-0.025235079,0.007120219
0.015435585,0.040664012,0.031490585
0.014768262,-0.050470715,0.005620504
0.01204648,0.059638541,-0.042745298
0.021531476,-0.053979935,-0.09411053
-0.000741393,0.0742078,-0.11435668
0.181081843,1.489439232,-0.170221056
0.561133983,1.938015697,-0.107982892
0.880969524,1.668971795,0.042738446
1.194480485,1.824056047,-0.010126501
1.498420224,1.783722519,0.132721334
1.777582756,1.8420258,0.220454649
2.052850066,1.759570392,0.170589132
2.314006103,1.703977758,0.325809614
2.576526779,1.745421039,0.290566316
2.822311874,1.724122027,0.313436967
3.055402822,1.764961693,0.390297351
3.275031075,1.785038477,0.291691102
3.485076858,1.833174019,0.354679124
3.685915073,1.853423264,0.368551486
3.870531321,1.864674512,0.290566316
4.041654883,1.881879434,0.339307047
4.197741165,1.88144828,0.289816459
4.341616922,1.888631682,0.200583428
4.472985981,1.893325638,0.160840986
4.591750869,1.896819861,0.092603963
4.697285501,1.886884571,0.061484881
4.788056531,1.872487773,0.100477465
4.866365852,1.863542263,0.13084669
4.933720565,1.847439595,0.174338419
4.98880102,1.829286134,0.265446093
5.031221068,1.803698076,0.236576584
5.061126921,1.767128711,0.26919538
5.07839861,1.736396797,0.273694525
5.084205827,1.707828152,0.1192239
5.079163408,1.673965685,0.069358383
5.063957424,1.633103524,-0.020624505
5.03837043,1.591731478,-0.184468347
5.002702349,1.551780365,-0.307819889
4.958437788,1.510861967,-0.412424996
4.905636731,1.463577485,-0.472413588
4.845033985,1.414006012,-0.513280817
4.776629548,1.36996081,-0.530527537
4.699411189,1.31570288,-0.55564776
4.613911267,1.260976304,-0.568020407
4.520343476,1.201713237,-0.542900184
4.418689069,1.13696514,-0.578143482
4.309570384,1.083404555,-0.602138918
4.192979922,1.019125104,-0.605138348
4.069884928,0.952524919,-0.590516129
3.941106435,0.891169817,-0.583392483
3.805328539,0.813404616,-0.594640344
3.662217581,0.743666379,-0.545524685
3.514731527,0.692257815,-0.553023259
3.36434374,0.621458564,-0.581142911
3.20817498,0.541713803,-0.594265416
3.044980574,0.462902585,-0.608887635
2.87379328,0.37791649,-0.605888205
2.697481088,0.306292423,-0.61901071
2.517412389,0.22462434,-0.60176399
2.333249771,0.148771213,-0.524528678
2.145825514,0.058240102,-0.44879308
1.951832991,-0.02788199,-0.403051779
1.756757005,-0.104961094,-0.283449523
1.555660109,-0.2056337,-0.171345842
1.354825643,-0.274243437,-0.117731038
1.150628315,-0.39097747,-0.023249006
0.943705457,-0.446408889,-0.003752713
0.740017995,-0.574454156,0.017993151
0.526069492,-0.674354433,0.0761071
0.328534156,-0.79749579,0.100477465
0.110184315,-1.070442573,0.155966913
-0.038981295,-0.574334182,0.182586851
-0.031547008,-0.090845484,0.255697947
-0.024225191,-0.179854434,0.27219481
-0.030542273,-0.092330154,0.260946949
-0.024645081,-0.086552689,0.317936111
-0.029196379,-0.075500148,0.299939534
-0.025781031,-0.050886873,0.324684828
-0.027981699,-0.062396812,0.299564605
-0.027096933,-0.03507664,0.205457501
-0.027216901,-0.049762123,0.1597162
-0.027981699,-0.033340776,0.083230745
-0.027014455,-0.036257627,0.036364658
-0.02831911,-0.033490743,-0.008251858
-0.027438093,-0.028279402,-0.077988596
-0.028124162,-0.030337694,-0.108732749
-0.028270373,-0.025981163,-0.182218774
-0.028334106,-0.02640107,-0.248581154
-0.028840223,-0.024537734,-0.295822171
-0.028840223,-0.025711223,-0.346437545
-0.02972124,-0.0269372,-0.338938971
-0.03059101,-0.027717027,-0.329190825
-0.031284577,-0.024680203,-0.291697955
-0.032521751,-0.024342778,-0.257579443
-0.032645468,-0.022996827,-0.194591421
-0.03305411,-0.025834946,-0.120355539
-0.033526485,-0.019138935,-0.101234175
-0.033548979,-0.022704392,-0.077988596
-0.034733666,-0.020282431,-0.113606822
-0.033725183,-0.017646767,-0.139476903
-0.035445978,-0.027139655,-0.164597126
-0.034519973,-0.007434039,-0.19796578
-0.035217289,-0.030930062,-0.177344701
-0.036019577,-0.004925847,-0.164972054
-0.034576208,-0.029355413,-0.106858106
-0.038115273,-0.015843418,-0.064491163
-0.033087851,-0.008243859,-0.052868373
-0.040034767,-0.045173144,-0.035246724
-0.032577986,0.032314619,-0.012001145
-0.040012273,-0.102085484,0.008245005
-0.034699925,0.119748919,0.034490014
-0.042340408,-0.43323432,0.008245005
-0.313412576,-1.757406009,-0.051743587
-0.691533975,-1.777651505,0.115474613
-0.998829078,-1.692459206,0.107601111
-1.317881076,-1.826263191,0.106476325
-1.609981441,-1.782667889,0.325059757
-1.889061495,-1.833574065,0.228328152
-2.158836505,-1.714271854,0.249324159
-2.419640135,-1.72692154,0.270695095
-2.678632993,-1.737029291,0.143594266
-2.918595876,-1.741513294,0.25494809
-3.147450442,-1.783031558,0.26657088
-3.36236244,-1.800708876,0.254198232
-3.569978865,-1.849702977,0.36442727
-3.764968624,-1.85908339,0.362177698
-3.944827379,-1.87787796,0.344556049
-4.110788554,-1.885739961,0.360303055
-4.261933641,-1.895124123,0.327684258
-4.40246903,-1.906124176,0.246699658
-4.530066585,-1.90525437,0.239950942
-4.64498124,-1.904639507,0.20583243
-4.745222269,-1.885503763,0.120348687
-4.830620968,-1.873978827,0.178837564
-4.90487386,-1.86537824,0.146218767
-4.967174908,-1.847243524,0.154842127
-5.017677822,-1.827597894,0.173588562
-5.056180155,-1.801304993,0.083230745
-5.082153296,-1.770809277,0.117349257
-5.096234577,-1.740021126,0.031865513
-5.0982328,-1.705783742,-0.059992018
-5.089666312,-1.66708485,-0.053243302
-5.070969999,-1.62824724,-0.134977758
-5.041825195,-1.587550043,-0.18634299
-5.003517811,-1.545788083,-0.22383586
-4.956853884,-1.503613715,-0.283824452
-4.902294541,-1.461004443,-0.355060905
-4.840330904,-1.415290862,-0.414674568
-4.770261907,-1.366334252,-0.444293936
-4.691660163,-1.313628477,-0.533901895
-4.604596904,-1.2526108,-0.559771975
-4.508562264,-1.192410442,-0.576268838
-4.404504742,-1.132794953,-0.629883642
-4.292829232,-1.069955182,-0.644130933
-4.173790667,-1.007734023,-0.651254578
-4.04851,-0.944380616,-0.595390202
-3.917185928,-0.877615468,-0.582642626
-3.778914942,-0.805582741,-0.52677825
-3.633989462,-0.741352029,-0.497158882
-3.485794846,-0.682377648,-0.525278535
-3.333345103,-0.60680196,-0.481036948
-3.174128397,-0.530723883,-0.520779391
-3.007308699,-0.444185634,-0.517779961
-2.832706057,-0.35865591,-0.494534382
-2.655029226,-0.286109548,-0.538401039
-2.473074774,-0.204801385,-0.527528107
-2.288248581,-0.130586644,-0.486660879
-2.098526181,-0.033430756,-0.43154636
-1.903952562,0.041852497,-0.3824307
-1.707032063,0.135675376,-0.276700807
-1.503921948,0.218768143,-0.198340709
-1.303338666,0.302378293,-0.16909627
-1.095489803,0.409664428,-0.075364095
-0.891648631,0.465849429,-0.041245583
-0.681854032,0.623790546,0.016868365
-0.473139147,0.664251545,0.110975469
-0.271198723,0.919595994,0.219704792
-0.055791856,0.967963984,0.311187395
0.024684393,0.270986527,0.332933259
-0.001506191,0.081454938,0.389547493
0.006156786,0.142750053,0.369301343
0.00390738,0.045065533,0.366676842
0.003532479,0.080810081,0.344556049
0.005568191,0.032093418,0.260197092
0.003195068,0.042118688,0.233952083
0.006089303,0.03244584,0.144344123
0.00390738,0.021487028,0.063359524
0.005515705,0.028542958,0.040113945
0.004987094,0.013343839,0.034115085
0.00523078,0.019155046,0.042363517
0.005733147,0.008203732,0.01274415
0.005538199,0.010948122,-0.004127642
0.006250511,0.007862558,-0.056242731
0.005995578,0.006996501,-0.143601118
0.006715388,0.008458676,-0.157848409
0.006790368,0.006430377,-0.204714496
0.007258995,0.008653632,-0.241457509
0.008612387,0.008451177,-0.243332153
0.009148496,0.004473312,-0.268077447
0.010089497,0.006527855,-0.304445531
0.010970514,0.006872779,-0.309694532
0.01098551,0.002609977,-0.259454087
0.011926512,0.003146108,-0.263953231
0.011765305,0.002894913,-0.248206226
0.012642573,0.008424933,-0.236208507
0.012695059,-0.006001858,-0.235833578
0.012582589,0.008938569,-0.206214211
0.013950977,0.001822652,-0.216337286
0.012436377,0.000784133,-0.16909627
0.015221892,0.005189403,-0.104233605
0.012680063,-0.015963392,-0.022124219
0.01545433,0.025787321,0.023992011
0.01413093,-0.030442671,0.00674529
0.013531088,0.028854139,0.049112234
0.017812458,-0.025692477,-0.012001145
0.009564636,0.013767495,-0.050993729
0.024227014,0.022746747,-0.046869514
-0.001644904,-0.093871061,-0.098984603
0.108358547,1.138382325,-0.117356109
0.470272977,1.977625636,-0.091486029
0.810338176,1.688647419,0.055111093
1.118416821,1.792413086,0.059985166
1.431657854,1.793931498,0.14246948
1.712994811,1.823115006,0.262071735
1.99126133,1.789425001,0.211456361
2.253913221,1.696093262,0.335932689
2.516853787,1.743096556,0.315686539
2.767936233,1.723443428,0.288691673
3.00364399,1.760057783,0.395546352
3.227242444,1.776944027,0.350929837
3.438926545,1.817105093,0.382048919
3.6432101,1.845145106,0.4105435
3.831927765,1.850030269,0.338932119
4.006747851,1.87128804,0.341181691
4.166718107,1.873811229,0.313436967
4.31371304,1.883375352,0.218580006
4.448812365,1.889411509,0.150717911
4.57182863,1.892718273,0.118099114
4.681400945,1.882989187,0.100102537
4.775984719,1.865525572,0.124472902
4.857904336,1.852665933,0.144719052
4.927815874,1.83649578,0.174338419
4.985940526,1.815931604,0.290191388
5.031697193,1.796454687,0.240325871
5.065389545,1.772943667,0.226828437
5.087343748,1.741518158,0.247824445
5.096780006,1.70433018,0.06448431
5.095122944,1.665053917,0.013494007
5.08305863,1.626025099,-0.073489451
5.060020963,1.587659883,-0.26432816
5.026932201,1.548094934,-0.338564042
4.984954536,1.504582114,-0.417673998
4.934702806,1.4644098,-0.504282528
4.876638139,1.420814498,-0.558272261
4.811041711,1.373597501,-0.560896761
4.737632346,1.324022279,-0.546649471
4.65570898,1.268324669,-0.583017555
4.565159141,1.212863257,-0.582642626
4.466320242,1.147147875,-0.577393624
4.359334743,1.081001339,-0.567270549
4.244813735,1.024096498,-0.567645478
4.123300823,0.962358981,-0.578893339
3.995482076,0.899526708,-0.537651182
3.861919845,0.832817798,-0.565770835
3.721095783,0.761096252,-0.558647189
3.574561978,0.698560163,-0.544774827
3.42553883,0.634936816,-0.57289448
3.271492009,0.558026425,-0.582267697
3.110618241,0.479275193,-0.638132074
2.941639114,0.395770019,-0.642631218
2.765810545,0.320696719,-0.641131503
2.586622863,0.240025914,-0.649754863
2.402482739,0.163554175,-0.586016984
2.216141945,0.086437579,-0.498283669
2.023926454,-0.012270463,-0.412050068
1.829176631,-0.079245564,-0.289823311
1.630906488,-0.179719464,-0.193091707
1.428591164,-0.252314565,-0.159348124
1.227108119,-0.349088038,-0.062991448
1.018408231,-0.436357375,-0.019874647
0.815639276,-0.519056479,-0.010126501
0.602099415,-0.664895287,0.047612519
0.398929316,-0.718313404,0.063359524
0.189127219,-1.028541894,0.107976039
-0.006844781,-0.834331346,0.120348687
-0.042569097,-0.164359131,0.198333856
-0.020554911,-0.145114662,0.277443812
-0.031217095,-0.134590753,0.281942956
-0.025046225,-0.068080548,0.32993383
-0.028011692,-0.093983536,0.296190247
-0.026789514,-0.044235852,0.280068313
-0.026602064,-0.066719601,0.239576013
-0.028112915,-0.044217107,0.178087706
-0.026148434,-0.044187113,0.184836423
-0.028150405,-0.039733104,0.142844409
-0.026808259,-0.032339749,0.098977751
-0.02748683,-0.037659815,0.063359524
-0.027693026,-0.031128768,0.008245005
-0.027734265,-0.031023791,-0.029622793
-0.027880476,-0.02676099,-0.076488881
-0.027854233,-0.029974025,-0.136477473
-0.028352851,-0.023356747,-0.218586858
-0.028349102,-0.023562951,-0.303320745
-0.029252614,-0.027574559,-0.334814755
-0.030182368,-0.024350276,-0.363309337
-0.030759716,-0.024425259,-0.341938401
-0.031903164,-0.026371076,-0.32206718
-0.032338049,-0.019543845,-0.286074024
-0.0325255,-0.022475693,-0.236583436
-0.033114094,-0.019922511,-0.246331582
-0.032847914,-0.0201962,-0.208463783
-0.034182562,-0.02743209,-0.227210218
-0.033451505,-0.014906127,-0.260953801
-0.034512475,-0.02707592,-0.259079158
-0.034722419,-0.009484833,-0.240332723
-0.034261291,-0.026498548,-0.183343561
-0.036394478,-0.014028822,-0.148475191
-0.033324039,-0.017294345,-0.078363524
-0.037777863,-0.033828168,-0.025873506
-0.033481497,0.008050017,0.022867225
-0.037657894,-0.056086966,0.033740157
-0.035382245,0.033653071,0.00974472
-0.03441875,-0.080482789,0.008619934
-0.041860534,0.055810642,-0.030372651
-0.022815564,-0.143967417,-0.064866091
-0.22292647,-1.520612433,-0.125604541
-0.607008796,-1.864429701,-0.011251287
-0.925041063,-1.653666585,0.059985166
-1.241018873,-1.824092424,0.051361806
-1.543357785,-1.779012452,0.280068313
-1.82273401,-1.833896493,0.260946949
-2.097866356,-1.740013628,0.265821022
-2.358445045,-1.703762941,0.378674561
-2.620343385,-1.740913427,0.234327011
-2.864771339,-1.727828838,0.294315603
-3.096621365,-1.770674307,0.376799917
-3.315477321,-1.785580991,0.300314463
-3.525054478,-1.834882524,0.382048919
-3.724636775,-1.851382604,0.412418144
-3.907925874,-1.863256212,0.378674561
-4.077763525,-1.876100855,0.392546923
-4.232507661,-1.881042256,0.320935541
-4.376293442,-1.897666058,0.218205077
-4.507786219,-1.895536532,0.146968624
-4.626224943,-1.895307832,0.112475184
-4.731560877,-1.884180308,0.061109952
-4.821229698,-1.866619214,0.097103107
-4.89885295,-1.858536012,0.124472902
-4.965210427,-1.840003885,0.145468909
-5.018750039,-1.818843592,0.203582858
-5.060420285,-1.795801218,0.133471191
-5.089906248,-1.765421725,0.178837564
-5.107893998,-1.735949532,0.125972617
-5.114664711,-1.701644663,-0.011626216
-5.110042181,-1.663946799,-0.018374932
-5.095068635,-1.625915259,-0.149974906
-5.069549124,-1.583635914,-0.262078588
-5.033614863,-1.541285335,-0.329565754
-4.988986648,-1.499853301,-0.405301351
-4.936474265,-1.458286298,-0.447668294
-4.876163941,-1.41426734,-0.505032385
-4.808415582,-1.365142017,-0.519654604
-4.732790552,-1.314921939,-0.550023829
-4.648546548,-1.258418258,-0.56427112
-4.5557623,-1.198607813,-0.577768553
-4.45453903,-1.137458915,-0.598014703
-4.345146667,-1.075054047,-0.568395335
-4.228102575,-1.012517959,-0.588266557
-4.10398785,-0.946240202,-0.551898473
-3.974054661,-0.887464527,-0.520029533
-3.837549458,-0.817812521,-0.507656886
-3.693838658,-0.744295125,-0.462665442
-3.546393843,-0.688889949,-0.482161734
-3.395616159,-0.617888244,-0.495284239
-3.238693848,-0.541184057,-0.550023829
-3.074430974,-0.46299145,-0.588266557
-2.901410414,-0.376104528,-0.590891057
-2.724026006,-0.301004984,-0.610762279
-2.542630157,-0.216764973,-0.585267127
-2.357695243,-0.146063201,-0.51815489
-2.169959818,-0.0561582,-0.424422715
-1.975101274,0.025982278,-0.371182839
-1.779931563,0.103897445,-0.275950949
-1.578471012,0.206118456,-0.1747202
-1.3772429,0.267282351,-0.157848409
-1.172355755,0.387098198,-0.071614808
-0.965125478,0.444467936,-0.011626216
-0.759972153,0.576629786,-0.015375503
-0.544951433,0.668758043,0.031115656
-0.346175174,0.798756624,0.121848401
-0.125388477,1.062382981,0.194959498
0.018044896,0.523466613,0.217080291
0.006677898,0.060294645,0.284192528
0.001388045,0.161630853,0.306313322
0.007281489,0.067178114,0.293565746
0.00189791,0.07052237,0.281942956
0.006550432,0.055548201,0.238076298
0.003307538,0.035122744,0.213705933
0.005755642,0.04017662,0.161965772
0.004597197,0.015987001,0.125972617
0.004904616,0.03195095,0.119973758
0.005894355,0.008781104,0.120723615
0.005133306,0.018937595,0.136845549
0.006081805,0.011529243,0.108725897
0.005703155,0.008263719,0.077981743
0.006351734,0.012429043,0.068608526
0.006269256,0.00605546,-0.054743016
0.006692894,0.005658049,-0.120355539
0.006872847,-0.003512411,-0.144725904
0.007116532,0.004840731,-0.268452375
0.008233737,0.008372445,-0.29019824
0.009047272,0.006962759,-0.288323597
0.00981207,0.009639663,-0.325066609
0.01083555,0.00915977,-0.314193677
0.011079236,0.003967175,-0.274826163
0.011409149,0.007217702,-0.269202233
0.012177696,0.004162132,-0.259079158
0.012023986,0.005181905,-0.24108258
0.013227418,0.00718021,-0.271451805
0.012413883,-0.002301431,-0.282324737
0.013553582,0.012429043,-0.277075736
0.013534837,-0.009612304,-0.227210218
0.013504845,0.009219756,-0.135352687
0.015274378,-0.004273492,-0.082112811
0.01261633,0.003348562,-0.013875788
0.017013919,0.014022438,0.028866084
0.012192692,-0.020413652,0.018743009
0.0172726,0.042624826,0.002246146
0.013786021,-0.052888928,-0.038246154
0.01454707,0.070282423,-0.071239879
0.019454524,-0.089570768,-0.12298004
0.004709668,0.18982833,-0.145850691
0.218954342,1.618980416,-0.168346413
0.599752535,1.89399299,-0.043870084
0.912937332,1.667022229,0.122973187
1.228465261,1.821015473,0.124097974
1.527696243,1.771080331,0.274444382
1.806067734,1.832559156,0.259072306
2.078189624,1.733045042,0.195709355
2.337857304,1.697664163,0.316061468
2.598919615,1.724586924,0.251573732
2.84065578,1.708371781,0.294690532
3.070766265,1.752503214,0.378674561
3.289018631,1.768804588,0.319435826
3.498010943,1.811773779,0.368551486
3.695868694,1.824352231,0.368176557
3.876889642,1.833713899,0.307063179
4.044372915,1.84768704,0.328059186
4.197265041,1.851968588,0.275569168
4.338853902,1.859579395,0.196459213
4.468607138,1.861052817,0.145843838
4.584878934,1.854724225,0.07310767
4.687170672,1.839480116,0.054736164
4.775092454,1.827070377,0.108350968
4.850721233,1.816407748,0.126347546
4.914739328,1.797980598,0.209206788
4.966569391,1.773577276,0.278943527
5.006121446,1.750561146,0.190460353
5.033740403,1.716668685,0.182961779
5.049947373,1.682948686,0.115099685
5.05450242,1.652347993,-0.009751572
5.04799039,1.614218975,-0.06824045
5.030576239,1.573056882,-0.202839853
5.002301205,1.524651399,-0.340063757
4.964529929,1.484246638,-0.427422144
4.917907241,1.448460848,-0.482911592
4.863321655,1.404434392,-0.527153178
4.80138801,1.357708536,-0.524528678
4.731364001,1.303960492,-0.497533811
4.653268374,1.252008299,-0.507281957
4.567149865,1.201686993,-0.503907599
4.472779786,1.143788622,-0.523028963
4.370206872,1.083220845,-0.568395335
4.259517352,1.017437979,-0.573269409
4.141288573,0.954144558,-0.547774257
4.016285332,0.895590084,-0.494159453
3.885171205,0.826050553,-0.503907599
3.747027685,0.756934678,-0.49790874
3.602683302,0.695654559,-0.469789087
3.455395946,0.633853307,-0.539525826
3.303988428,0.567628039,-0.548149186
3.146233836,0.491456233,-0.566520692
2.980516347,0.404809258,-0.62201014
2.806993419,0.32612926,-0.629508714
2.629582768,0.249218869,-0.658378223
2.446882264,0.170055229,-0.645630648
2.261692417,0.096852763,-0.550773687
2.071763821,0.000697902,-0.445793651
1.877343912,-0.068991595,-0.376431841
1.681225701,-0.162758237,-0.274451235
1.479513967,-0.240752137,-0.197215922
1.279980407,-0.319447132,-0.171720771
1.072491449,-0.427381872,-0.15184955
0.869418824,-0.484091757,-0.146600548
0.660104098,-0.642152846,-0.07386438
0.451359221,-0.689324853,-0.026998293
0.249328821,-0.942254839,0.028866084
0.034401827,-0.981936011,0.128597118
-0.045677027,-0.294226492,0.175463205
-0.019857595,-0.108751501,0.241450657
-0.027340619,-0.165198944,0.289066602
-0.024974993,-0.065831049,0.330683687
-0.024412642,-0.10120443,0.322810185
-0.02616343,-0.053383817,0.273319596
-0.02389153,-0.06065345,0.245199944
-0.026448354,-0.048378681,0.150717911
-0.024210195,-0.037427367,0.120723615
-0.025915995,-0.043767207,0.130471761
-0.025207432,-0.027728274,0.078356672
-0.0253274,-0.0368275,0.109850683
-0.02589725,-0.026104886,0.103851824
-0.025616074,-0.02712091,0.04723759
-0.026005971,-0.025058868,0.025866654
-0.02593474,-0.023754159,-0.0479943
-0.026358378,-0.025178842,-0.111732179
-0.026369625,-0.021215973,-0.157098552
-0.027051945,-0.023098054,-0.19496635
-0.027966703,-0.026907207,-0.266202803
-0.028652772,-0.024140323,-0.313443819
-0.029481303,-0.022764379,-0.321692251
-0.030482289,-0.022708141,-0.331065468
-0.03040356,-0.017628021,-0.273326449
-0.031119621,-0.024931397,-0.247831297
-0.031423291,-0.018719029,-0.243707081
-0.031408295,-0.021474666,-0.257579443
-0.03229681,-0.01907145,-0.312319033
-0.031494522,-0.018644045,-0.331065468
-0.033485246,-0.022453198,-0.318317893
-0.03210561,-0.00806015,-0.251205655
-0.033743928,-0.031732384,-0.153724193
-0.033466501,-0.003467421,-0.081362954
-0.032742942,-0.034135599,-0.008251858
-0.035408488,-0.007673986,0.030365798
-0.031022147,-0.021212224,0.028116226
-0.038283979,-0.032036066,0.014243864
-0.029218873,0.023684039,0.00112136
-0.04024846,-0.095456958,-0.037121367
-0.027745512,0.137973615,-0.067490592
-0.057238973,-0.611195982,-0.15184955
-0.359319203,-1.840588755,-0.217462072
-0.728502963,-1.731173094,-0.054743016
-1.033166261,-1.711767411,-0.01612536
-1.351520943,-1.811993866,0.094103678
-1.639249962,-1.780437135,0.290191388
-1.918288777,-1.814434573,0.225703651
-2.184895874,-1.689332402,0.307813037
-2.44597693,-1.71649136,0.305563464
-2.702068054,-1.712003608,0.236576584
-2.938128218,-1.722546263,0.370426129
-3.164568422,-1.759306836,0.350929837
-3.378359466,-1.784654947,0.335182832
-3.584941164,-1.827687874,0.418042074
-3.776579308,-1.82806654,0.358053482
-3.952981476,-1.844435399,0.314561753
-4.115467318,-1.8500479,0.345680835
-4.263864381,-1.860429341,0.27519424
-4.402229093,-1.868051396,0.179587421
-4.527089871,-1.863837333,0.137970335
-4.63896033,-1.85832231,0.037489444
-4.736209649,-1.839786433,0.017243294
-4.81959138,-1.830211063,0.107226182
-4.891984764,-1.817115226,0.102352109
-4.951402823,-1.793128062,0.196084284
-4.998685337,-1.771352906,0.248949231
-5.033599867,-1.741730746,0.195709355
-5.056686271,-1.713094616,0.191960068
-5.069073,-1.682748866,0.0761071
-5.069834049,-1.64546341,-0.023998863
-5.060176599,-1.611604692,-0.098984603
-5.040100651,-1.569542799,-0.215587429
-5.009459992,-1.526228684,-0.350561761
-4.969608016,-1.486067618,-0.472413588
-4.921189551,-1.440747699,-0.527528107
-4.864407046,-1.397216133,-0.579268268
-4.79978911,-1.351397575,-0.57289448
-4.727257013,-1.300075242,-0.548149186
-4.646604561,-1.245558619,-0.550773687
-4.557936726,-1.191536886,-0.551148615
-4.460732394,-1.134752018,-0.579643196
-4.35562515,-1.070577543,-0.577768553
-4.242629988,-1.006856718,-0.557147474
-4.121926863,-0.943304605,-0.50953153
-3.994914153,-0.879115134,-0.459291084
-3.860939531,-0.811491427,-0.447293365
-3.719654341,-0.742026879,-0.424422715
-3.573577915,-0.68264009,-0.451417581
-3.424918421,-0.619961533,-0.479537234
-3.271122784,-0.54705525,-0.517030104
-3.110016577,-0.467794132,-0.578143482
-2.940857497,-0.380764742,-0.589766271
-2.76536259,-0.30691367,-0.615261423
-2.586073685,-0.226565293,-0.617885924
-2.402297215,-0.153006656,-0.571394765
-2.215630258,-0.070573744,-0.483286521
-2.022458768,0.019983612,-0.403801636
-1.827600225,0.089193216,-0.323566894
-1.628032924,0.191661672,-0.181093988
-1.426542382,0.251213425,-0.137977188
-1.224463245,0.363137278,-0.126729327
-1.016059528,0.436291005,-0.069365236
-0.813672972,0.530833724,-0.048744157
-0.598970918,0.664716442,-0.019874647
-0.398083967,0.722746033,0.04723759
-0.183801802,1.04427076,0.12222333
-0.001292497,0.731965232,0.134221048
0.015739255,0.101231788,0.207707074
-0.001569924,0.14465088,0.241825585
0.008844826,0.099780861,0.229827867
0.00208911,0.05735155,0.2838176
0.006374228,0.069000208,0.262446664
0.004319771,0.024636327,0.259822163
0.005238278,0.051127934,0.20883186
0.005871861,0.020508495,0.124472902
0.004705919,0.028734165,0.128972047
0.006344236,0.018993832,0.094103678
0.005122059,0.01513594,0.066733882
0.006168033,0.017625387,0.123348116
0.006059311,0.00915977,0.119598829
0.006636659,0.013887468,0.085105389
0.006494197,0.006700317,0.064859239
0.006666651,0.008218729,-0.013125931
0.007337724,0.007367668,-0.089986314
0.007217755,0.008091257,-0.154474051
0.008353705,0.010175794,-0.212962928
0.009332197,0.008053766,-0.265078017
0.009853309,0.007937542,-0.276325878
0.010936773,0.007382665,-0.30744496
0.011375408,0.00371973,-0.305945245
0.011750309,0.006617835,-0.259829015
0.012402636,0.002186321,-0.266577732
0.012323907,0.006726561,-0.238833008
0.01344861,0.00524564,-0.26432816
0.012732549,-0.00073053,-0.305570317
0.014183416,0.012687735,-0.321692251
0.013538586,-0.006826674,-0.31906775
0.013984718,0.016519383,-0.217462072
0.015484322,-0.007257828,-0.164597126
0.012968737,0.009264746,-0.085112241
0.017298843,0.008237475,0.010869506
0.012305162,-0.015086087,0.023242153
0.018314825,0.039745466,0.040863802
0.013039968,-0.054081162,0.011994292
0.016635269,0.082444718,-0.026623364
0.01765125,-0.116707231,-0.050993729
0.01076057,0.287786539,-0.071239879
0.249478782,1.708930407,-0.146975477
0.62980085,1.861978861,-0.059242161
0.9399452,1.684257145,0.073857528
1.258344871,1.823789856,0.050611948
1.555742587,1.773146122,0.208082002
1.835816128,1.83851658,0.187460924
2.10876655,1.724433208,0.180712207
2.370185017,1.703374143,0.305188536
2.631933398,1.723657131,0.188210781
2.875622797,1.71597509,0.267695666
3.107536555,1.754793954,0.347555479
3.325743933,1.771740185,0.285692243
3.535606015,1.819069656,0.394421566
3.734438509,1.830519609,0.414667716
3.917810086,1.839161437,0.343806192
4.086849198,1.847349615,0.362552627
4.240881023,1.853449509,0.315686539
4.383609583,1.860565426,0.21445579
4.514138864,1.863984665,0.168714489
4.632765038,1.861513965,0.11060054
4.737369916,1.846153631,0.055486021
4.82706498,1.83361642,0.11060054
4.905280575,1.823276221,0.116974328
4.97153308,1.806416221,0.14809341
5.024915234,1.774240878,0.216330434
5.066233073,1.749181453,0.146593696
5.095542833,1.72680643,0.164590273
5.112945737,1.691901695,0.1192239
5.119000388,1.659673864,0.002246146
5.114362863,1.619632771,-0.031497437
5.099156879,1.579033052,-0.13722733
5.073307455,1.542437443,-0.258329301
5.037485664,1.499427011,-0.364809051
4.992793716,1.454695711,-0.449917866
4.939554025,1.408967133,-0.512905888
4.878516393,1.367771297,-0.564646048
4.809542107,1.318818437,-0.574769123
4.732098807,1.259821561,-0.59876456
4.646797583,1.208690435,-0.602513847
4.553181054,1.154792424,-0.600264275
4.451886553,1.093845982,-0.625009569
4.343052793,1.032813309,-0.601014132
4.226109924,0.97000728,-0.548899043
4.102538805,0.908562198,-0.504657456
3.972673099,0.845253781,-0.491534952
3.835864226,0.775654264,-0.461540656
3.691932234,0.705942271,-0.453667153
3.543943813,0.649558563,-0.485161164
3.393046161,0.58520038,-0.498283669
3.235632729,0.507513911,-0.562021548
3.071321119,0.430449804,-0.596889917
2.89920032,0.345767392,-0.604388491
2.721958375,0.273745913,-0.642256289
2.540487546,0.191196776,-0.62201014
2.354675363,0.115632335,-0.562021548
2.166002686,0.032603305,-0.496034096
1.970596786,-0.053500042,-0.411675139
1.774388599,-0.127774769,-0.313818748
1.572268223,-0.225178102,-0.241832438
1.370084114,-0.28978373,-0.199090566
1.164998271,-0.400530345,-0.138352117
0.956961957,-0.458837374,-0.116981181
0.752689649,-0.583838318,-0.098609674
0.537473981,-0.683686107,-0.050618801
0.338581502,-0.799771534,0.031115656
0.118728309,-1.082743587,0.094853535
-0.035963342,-0.598032661,0.108725897
-0.030684736,-0.089413303,0.217830149
-0.022324443,-0.179899424,0.241825585
-0.029552535,-0.095501948,0.223454079
-0.023366668,-0.083504617,0.256072876
-0.027809245,-0.076036278,0.209581717
-0.024468877,-0.047407647,0.196084284
-0.026613311,-0.062078133,0.16271563
-0.025721046,-0.033738188,0.119973758
-0.025638568,-0.04734766,0.106101396
-0.026695789,-0.030468915,0.087354961
-0.025739791,-0.033756933,0.126347546
-0.026800761,-0.034431783,0.130096833
-0.026178426,-0.02747708,0.106101396
-0.026789514,-0.028699308,0.104226752
-0.02665455,-0.024725193,0.031115656
-0.026965718,-0.026607274,-0.013875788
-0.027423097,-0.022340723,-0.055492874
-0.027629293,-0.025242577,-0.149225049
-0.028656521,-0.025535012,-0.199090566
-0.029338841,-0.021467167,-0.239582866
-0.030354823,-0.025415039,-0.294697384
-0.031243338,-0.02532131,-0.317193106
-0.031044641,-0.021024766,-0.292822741
-0.031981893,-0.02275688,-0.299946386
-0.032236826,-0.017511797,-0.297696814
-0.032480511,-0.023517961,-0.294697384
-0.033170329,-0.01556598,-0.311569176
-0.03260048,-0.019915013,-0.32769111
-0.034328773,-0.021485913,-0.333315041
-0.03256299,-0.015247301,-0.255329871
-0.034838639,-0.036321363,-0.199090566
-0.033818908,-0.001157935,-0.125604541
-0.034193809,-0.037551089,-0.030372651
-0.036210776,0.000491698,0.003370932
-0.032086865,-0.026138628,0.043488303
-0.039161247,-0.02244195,0.041238731
-0.029680001,0.013827481,0.045737875
-0.042449129,-0.088011115,-0.00187807
-0.02540613,0.137921127,-0.058117375
-0.072384974,-0.73820273,-0.105358391
-0.393573908,-1.878905231,-0.155973765
-0.75672551,-1.703039352,-0.031122508
-1.061846187,-1.730820672,-0.06824045
-1.380384571,-1.806505087,-0.000753284
-1.666820182,-1.787388089,0.185961209
-1.947478568,-1.808458402,0.128972047
-2.214681758,-1.685365784,0.249324159
-2.477393634,-1.721350279,0.26357145
-2.733844663,-1.71447056,0.221579436
-2.972510389,-1.733820005,0.367051771
-3.200176519,-1.760607796,0.353554338
-3.413705132,-1.785232319,0.389922422
-3.621014138,-1.829000083,0.506150319
-3.814369329,-1.832734252,0.45665973
-3.992983413,-1.851701283,0.411293358
-4.157107572,-1.854022016,0.391797065
-4.306576852,-1.862630102,0.268070594
-4.445946299,-1.871298173,0.161965772
-4.572467888,-1.867504017,0.163840416
-4.686081636,-1.865460722,0.10197718
-4.786090227,-1.848893157,0.068608526
-4.871668878,-1.8347663,0.12222333
-4.946364154,-1.823983698,0.085480317
-5.008575226,-1.800952572,0.148468339
-5.057885954,-1.776920418,0.129721904
-5.095117372,-1.747804394,0.095228464
-5.119448447,-1.717916043,0.158966343
-5.132914891,-1.685894416,0.031865513
-5.134834384,-1.648732683,-0.016500289
-5.12610294,-1.616174925,-0.042370369
-5.107841512,-1.575736421,-0.166846698
-5.079094104,-1.533400838,-0.243332153
-5.040887943,-1.492951086,-0.33631447
-4.994122792,-1.44869968,-0.425922429
-4.938967357,-1.404931916,-0.523403891
-4.875575347,-1.359949423,-0.608512706
-4.804591591,-1.310445435,-0.646005576
-4.725105081,-1.253518098,-0.666626655
-4.636853386,-1.198506585,-0.631758286
-4.540998698,-1.142936447,-0.607762849
-4.437207356,-1.081753807,-0.559397047
-4.325813022,-1.02064615,-0.5065321
-4.207010644,-0.956662883,-0.490035237
-4.081178873,-0.89432925,-0.430421574
-3.948846318,-0.829712374,-0.398552634
-3.808895775,-0.759396765,-0.353936119
-3.662845592,-0.696429522,-0.389554346
-3.513679982,-0.637957529,-0.455166868
-3.360098038,-0.569820186,-0.508781672
-3.200082794,-0.490120416,-0.604763419
-3.032265859,-0.401880045,-0.579268268
-2.857138355,-0.327267892,-0.5901412
-2.678640491,-0.251905906,-0.615636352
-2.494946499,-0.170908924,-0.556397617
-2.308631949,-0.105321014,-0.485536093
-2.117143765,-0.005338255,-0.433421003
-1.920309493,0.069911256,-0.395928133
-1.722436745,0.158522794,-0.262078588
-1.518591824,0.240727008,-0.200590281
-1.317284984,0.316996292,-0.161222767
-1.10852886,0.425868323,-0.083612526
-0.903116853,0.478577848,-0.107607963
-0.69284238,0.633954535,-0.051743587
-0.482020552,0.677339883,0.028116226
-0.279802701,0.918459996,0.091854105
-0.062090192,0.989664157,0.176587992
0.025587904,0.295993464,0.248574302
-0.000377739,0.084120595,0.274444382
0.006370479,0.153828838,0.203207929
0.005050828,0.047225052,0.195709355
0.003873639,0.08023271,0.152592555
0.006355483,0.035538902,0.095603392
0.003899882,0.045024292,0.147343553
0.006764125,0.033405626,0.140594836
0.004630939,0.019323759,0.136095692
0.006115546,0.030140103,0.160091129
0.00553445,0.010520717,0.149968054
0.005853116,0.01954121,0.165340131
0.006647906,0.010322011,0.153342412
0.00621677,0.009268496,0.151842697
0.006842854,0.008338702,0.125597688
0.006865349,0.008188736,0.019492866
0.007532672,0.010318262,-0.034121938
0.007423951,0.004585787,-0.113981751
0.007555166,0.005170657,-0.167596555
0.007862585,0.004645774,-0.175095129
0.007933816,0.002947402,-0.210713356
0.008466176,0.005223145,-0.233209078
0.008661124,0.00075414,-0.253830156
0.00852616,-0.001889022,-0.290948097
0.008481172,0.003247335,-0.346062616
0.008289972,0.001856394,-0.34793726
0.008173753,0.001039076,-0.341938401
0.008012546,0.000817875,-0.305195388
0.007645143,-0.001019216,-0.265827875
0.007588907,0.000679156,-0.230584577
0.007570162,0.000607922,-0.146600548
0.007528923,0.000322986,-0.094485459
0.00754017,-0.000228142,-0.014625646
0.007281489,-0.001502858,0.029241012
0.007217755,-1.07e-05,0.011994292
0.007191512,-0.002661351,0.023617082
0.007019058,-0.003958562,-0.028498007
0.006970321,-0.000149409,-0.09411053
0.006872847,-0.001799042,-0.116606252
0.006940329,-0.001993999,-0.153349264
0.006700392,0.000109283,-0.182218774
0.006561679,-0.002383912,-0.186717919
0.006602918,-0.00374486,-0.132728186
0.006359232,-0.002466394,-0.123729897
0.006659153,-0.001570343,-0.118105967
0.006426714,-0.003197481,-0.080988025
0.006198025,-0.004970837,-0.116981181
0.006501695,-0.003399936,-0.100859247
0.006265507,-0.000573065,-0.079863239
