0.003442502,-0.011471891,-0.101984033
0.0051558,0.00178516,-0.115481466
0.003022613,-0.033389515,-0.121105396
0.005058326,0.018907601,-0.098609674
0.003506236,-0.046785285,-0.11135725
0.004177308,0.02894037,-0.109482607
0.005568191,-0.041307754,-0.104233605
0.00087818,-0.00756526,-0.110982321
0.009669608,0.015420877,-0.092610815
-0.007632073,-0.13973086,-0.094485459
0.07509733,1.624735386,-0.08548717
0.29102531,3.054588566,-0.040870654
0.46749496,2.69156432,-0.013125931
0.626471729,2.818488586,-0.011626216
0.7701038,2.962486554,0.082855817
0.887867702,2.869829665,0.066358954
1.007633576,2.687099064,-0.018374932
1.1084632,2.541219015,0.147718482
1.200388925,2.533690689,0.024741868
1.28008538,2.450327983,-0.042745298
1.350315584,2.435983674,0.14246948
1.409639918,2.361581475,-0.077613667
1.455857714,2.298141837,-0.109482607
1.49271798,2.253755461,-0.041995441
1.517926323,2.182802494,-0.176219915
1.537005035,2.09619301,-0.133103115
1.547194844,2.02233444,-0.167971484
1.547292318,1.993874521,-0.228335005
1.538249706,1.939537858,-0.205464354
1.519804577,1.864925706,-0.204339568
1.493085383,1.77917853,-0.135352687
1.457256094,1.694683576,-0.146600548
1.413501399,1.606994332,-0.161597696
1.362361153,1.507945116,-0.079113382
1.304412706,1.400085359,-0.122605111
1.240390862,1.276359132,-0.219711644
1.170280626,1.169582884,-0.177344701
1.094550624,1.044600687,-0.215962357
1.011273865,0.903800757,-0.361809622
0.926066365,0.785908233,-0.291323026
0.837308554,0.640586809,-0.326941253
0.745041668,0.513909988,-0.422548071
0.647848584,0.349790247,-0.280075165
0.541766597,0.197611599,-0.287948668
0.435778336,0.052233938,-0.295822171
0.321725953,-0.115567485,-0.207338997
0.214200598,-0.243335313,-0.185968061
0.097733853,-0.548453689,-0.156348694
0.00064949,-0.464101204,-0.113606822
-0.005596361,-0.076546165,-0.023623934
0.003873639,-0.079594237,-0.054743016
-0.00147245,-0.065501122,-0.085862099
0.002565234,-0.036452584,-0.017625075
0.00011713,-0.046646566,-0.101984033
0.001275575,-0.020211197,-0.14322619
0.000859434,-0.037191169,-0.061116804
0.000788203,-0.017466807,-0.098234746
0.001365551,-0.020841057,-0.139851831
0.000477035,-0.018362858,-0.058492303
0.00110312,-0.015142324,-0.054743016
0.000503279,-0.018820256,-0.126729327
0.000716972,-0.013286487,-0.03074758
0.000484533,-0.013886354,0.042363517
0.000405804,-0.012502911,-0.015000574
0.000398306,-0.012019269,0.037489444
4.22e-05,-0.01129568,0.070108241
-0.000149049,-0.016270823,-0.003002856
-0.000216531,-0.013785126,-0.032247294
-0.000355245,-0.00891121,0.000746431
-0.000617675,-0.010564593,-0.05961709
-0.00056144,-0.011228195,-0.121480325
-0.000662664,-0.010643325,-0.089986314
-0.000651417,-0.01071081,-0.18071906
-0.000505205,-0.00869001,-0.213712785
-0.00041148,-0.008476307,-0.170595985
-0.000467715,-0.009870997,-0.217462072
-0.000568938,-0.00810139,-0.195716208
-0.000527699,-0.007613999,-0.140976617
-0.000535197,-0.006987888,-0.140601689
-0.00037399,-0.007122858,-0.161597696
-0.000332751,-0.008348835,-0.103483747
-0.000343998,-0.009439843,-0.059242161
-0.000280265,-0.010504606,-0.125604541
-0.00018279,-0.009612304,-0.09411053
-0.000111559,-0.009256134,-0.076488881
-0.000310257,-0.009968475,-0.161597696
-1.41e-05,-0.00801516,-0.156723623
0.000150872,-0.006526741,-0.12298004
-3.66e-05,-0.006515493,-0.183718489
4.96e-05,-0.007040376,-0.195341279
4.66e-06,-0.008794986,-0.10573332
0.000162119,-0.00675544,-0.135727616
6.84e-05,-0.006470503,-0.136477473
6.46e-05,-0.00711536,-0.06524102
0.000394557,-0.007209089,-0.0911111
-0.000137802,-0.009687288,-0.05661766
-0.000823871,-0.009248635,-0.025123649
-0.001063808,-0.01125069,-0.034121938
-0.00162241,-0.011558122,-0.037496296
-0.001719884,-0.007763966,-0.062991448
-0.001929829,-0.012427928,-0.049868943
-0.002233499,-0.008663765,-0.086611956
-0.002004809,-0.01336147,-0.097484888
-0.002784603,-0.014508715,-0.063366376
-0.002166017,-0.006995386,-0.111732179
-0.003339457,-0.019412624,-0.129728756
-0.002675882,-0.004003552,-0.121105396
-0.002679631,-0.022561924,-0.145100833
-0.00362813,-0.003838589,-0.151474621
-0.001599916,-0.01323025,-0.110232464
-0.004797822,-0.016653238,-0.07686381
-0.00079013,0.006576594,-0.086237027
-0.005071499,-0.040010542,-0.049868943
-0.001127541,0.037319756,-0.054368088
-0.003410688,-0.073906752,-0.095235316
-0.003845573,0.079824051,-0.075739024
0.001384296,-0.219363145,-0.095610245
-0.170526558,-1.428476679,-0.114731608
-0.432061244,-1.687034163,-0.093735601
-0.628460631,-1.601114526,-0.133478043
-0.821770834,-1.726374162,-0.133852972
-0.989314091,-1.716105196,0.008619934
-1.139885579,-1.844049235,-0.059242161
-1.274512528,-1.87180806,-0.040870654
-1.384426004,-1.930062601,0.156341842
-1.486320346,-1.943458371,-0.066365806
-1.57211644,-1.951822761,0.031865513
-1.647527776,-1.996002933,0.169089418
-1.705772396,-1.982026042,-0.098234746
-1.750573065,-2.004937195,0.095228464
-1.783163209,-2.00657933,0.077231886
-1.803366624,-2.007107963,-0.092610815
-1.815393448,-1.999084747,0.057360665
-1.815798341,-1.970759798,-0.109482607
-1.807070646,-1.935105229,-0.123354969
-1.789611506,-1.885173837,-0.062616519
-1.762772344,-1.830934652,-0.225335575
-1.727033031,-1.760521566,-0.09710996
-1.681962433,-1.676514003,-0.146600548
-1.628715244,-1.592131524,-0.229834719
-1.568397422,-1.499500879,-0.065990877
-1.500499102,-1.395270315,-0.215962357
-1.42707849,-1.290034975,-0.236208507
-1.347813172,-1.169439301,-0.112856965
-1.262088309,-1.047793861,-0.290573169
-1.171137327,-0.922729182,-0.302945816
-1.077108407,-0.80932066,-0.244456939
-0.981474911,-0.681747788,-0.366683695
-0.878403379,-0.532249794,-0.308194818
-0.771286665,-0.391513601,-0.265452946
-0.655884639,-0.224529496,-0.30744496
-0.539612843,-0.106921908,-0.230209648
-0.421294088,0.064523704,-0.244456939
-0.298382795,0.185861713,-0.209963498
-0.181005041,0.396561093,-0.190092277
-0.050494504,0.630741499,-0.22683529
0.01310745,0.274349528,-0.119230753
-0.001592418,0.030994913,-0.167596555
-3.66e-05,0.091941355,-0.14885012
0.00038331,0.025622358,-0.022874077
-0.001333736,0.040978942,-0.122605111
0.001016893,0.024025213,-0.109482607
-0.000988827,0.015649576,-0.018374932
0.000705725,0.015814539,-0.071614808
-0.000497707,0.005013192,-0.071239879
0.000162119,0.018423959,0.016118508
0.000132127,0.005283132,0.002996003
-5.53e-05,0.00911478,-0.056242731
0.000570761,0.007296434,0.010119649
0.000379561,0.004911965,0.043863232
0.000776956,0.005403105,0.013119078
0.000776956,0.004244613,0.103851824
0.001020642,-4.82e-05,0.096728178
0.00091567,0.000236755,0.028491155
0.001058132,0.001612699,0.064859239
0.001324312,-0.002316427,0.008245005
0.00133181,0.001264026,-0.059242161
0.001650476,0.003243586,-0.067865521
0.001875416,0.000450457,-0.080238168
0.001871667,-0.000445593,-0.126729327
0.001642978,0.000907855,-0.161597696
0.001676719,-0.003737361,-0.160097981
0.001830428,-0.001750303,-0.182593703
0.001650476,-0.000771771,-0.176969773
0.001459276,-0.003906074,-0.138352117
0.001335559,-0.001019216,-0.135352687
0.001343057,-0.004329729,-0.163472339
0.001313065,-0.001127942,-0.127104255
0.001361802,-0.001034213,-0.133478043
0.001365551,-0.004610917,-0.196466065
0.001740452,0.003033633,-0.165346983
0.002666457,0.001691431,-0.173220486
0.002820167,-0.000771771,-0.227960076
0.00326255,0.002714953,-0.200215352
0.003798658,-0.001011718,-0.205839283
0.003993607,0.004222118,-0.242957224
0.004837134,0.003682238,-0.207713926
0.004357261,0.001897635,-0.174345272
0.005369494,0.008724867,-0.164972054
0.005144553,-0.002747581,-0.106858106
0.005530701,0.012354059,-0.043120227
0.00621677,-0.002398909,-0.030372651
0.005290764,0.00942971,-0.010876359
0.00746519,0.00349478,0.032240442
0.00466468,-0.007861444,0.062984595
0.008244984,0.023961477,0.053611378
0.005077071,-0.026408568,0.055111093
0.007262744,0.037544706,0.059235308
0.007131528,-0.043223578,-0.003752713
0.003453749,0.045567921,-0.024373792
0.013962224,-0.025801203,-0.039745868
-0.009255395,0.015780797,-0.109107678
0.14269573,1.434289001,-0.095985173
0.486120042,2.14959988,-0.014625646
0.771573412,1.98308817,-0.025123649
1.038236745,2.206733421,-0.068990307
1.292085961,2.257620851,0.145843838
1.517716378,2.416011867,0.118474043
1.735522612,2.530087741,0.03861423
1.931040982,2.570946152,0.355054053
2.119754898,2.689172352,0.149968054
2.288261651,2.797287052,0.147343553
2.441408709,2.955224419,0.459284231
2.578123857,3.079947925,0.220829578
2.698092177,3.204094058,0.28944153
2.803338135,3.287674216,0.376424989
2.889460392,3.367782646,0.116974328
2.960440399,3.44764738,0.152592555
3.016754278,3.470048647,0.085855246
3.061389991,3.486117572,-0.123354969
3.094145091,3.478278066,-0.166846698
3.114700913,3.430772384,-0.283449523
3.123960968,3.391169943,-0.190842134
3.12224767,3.348673147,-0.210338427
3.110580751,3.283538886,-0.302945816
3.090602277,3.209354138,-0.064866091
3.062364734,3.127787283,-0.149225049
3.025358256,3.050153302,-0.259829015
2.980437618,2.9809362,-0.054743016
2.928461343,2.899403087,-0.154099122
2.870730338,2.810994003,-0.334814755
2.807094643,2.714666681,-0.232834149
2.737505519,2.590846725,-0.382805629
2.662135422,2.484899043,-0.497533811
2.579728433,2.381935697,-0.355810763
2.490876896,2.247179424,-0.388054631
2.396439334,2.132814864,-0.40567628
2.296531967,2.007296535,-0.419548642
2.191503452,1.871951643,-0.446168579
2.082358524,1.744682454,-0.478412447
1.968797262,1.600661991,-0.500533241
1.850549737,1.471143302,-0.37380734
1.729797874,1.295539865,-0.372307625
1.609529633,1.11268929,-0.415424426
1.488650304,0.955205572,-0.291697955
1.361401407,0.77926846,-0.277075736
1.230448487,0.615058738,-0.281199951
1.093598375,0.445450217,-0.122605111
0.955844752,0.314638066,-0.074239309
0.815575543,0.151095696,-0.144725904
0.671692288,0.018720143,-0.075364095
0.529046206,-0.144293595,-0.113231894
0.376997608,-0.305286532,-0.265452946
0.236301011,-0.447841071,-0.17771963
0.082689076,-0.764784317,-0.109482607
-0.028532804,-0.515018627,-0.130853542
-0.026433358,-0.088063603,-0.041620512
-0.018931589,-0.136124162,0.070483169
-0.023955263,-0.088228566,0.060735023
-0.019452702,-0.070371289,0.068608526
-0.022658105,-0.07386926,0.126722474
-0.020303727,-0.046279148,0.095603392
-0.021537151,-0.06074343,0.085855246
-0.021147254,-0.035684005,0.061109952
-0.021136007,-0.044693251,0.01836808
-0.02180708,-0.035515292,-0.042745298
-0.020982298,-0.034514265,-0.063741305
-0.021705857,-0.038499628,-0.017250146
-0.021203489,-0.03004151,-0.050243872
-0.021762092,-0.031023791,-0.008626786
-0.021754594,-0.028841777,0.042363517
-0.021687112,-0.027454585,-0.086986885
-0.02195704,-0.025422537,-0.134602829
-0.021878311,-0.026817227,-0.123354969
-0.022271957,-0.027274625,-0.20958857
-0.022538137,-0.024593972,-0.203214782
-0.022361933,-0.026611023,-0.183718489
-0.022549384,-0.027956974,-0.230209648
-0.022635611,-0.026393571,-0.212587999
-0.022406922,-0.024605219,-0.184843275
-0.02256438,-0.021714612,-0.206964069
-0.022264459,-0.02595117,-0.185968061
-0.021889558,-0.023128048,-0.16909627
-0.022005778,-0.021587141,-0.200590281
-0.021923299,-0.024560229,-0.204339568
-0.021690861,-0.019191423,-0.211463213
-0.021642124,-0.024087834,-0.193091707
-0.022275706,-0.024316533,-0.16047291
-0.022901791,-0.020391157,-0.125229612
-0.023077994,-0.023510463,-0.074614237
-0.023906526,-0.023671677,-0.06824045
-0.024018996,-0.025617494,-0.060366947
-0.024450132,-0.026434812,-0.06224159
-0.024933754,-0.018145406,-0.09973446
-0.024817535,-0.02590618,-0.106483177
-0.025930991,-0.021212224,-0.101984033
-0.024997487,-0.018640296,-0.092235886
-0.026744526,-0.032178535,-0.101234175
-0.026088449,-0.009634799,-0.083237598
-0.026572072,-0.034203084,-0.038246154
-0.027393105,-0.013653905,-0.020249576
-0.025391134,-0.028459362,0.041238731
-0.029185132,-0.021170983,0.05586095
-0.024146462,-0.006136827,0.051361806
-0.030088643,-0.048813584,0.039739016
-0.024131466,0.027395713,-0.017625075
-0.029136395,-0.097346538,-0.06224159
-0.026849498,0.101156805,-0.106858106
-0.028064178,-0.360852921,-0.126729327
-0.268120786,-1.709000526,-0.163847268
-0.620520228,-1.866338027,-0.098609674
-0.897500836,-1.790496148,-0.136102544
-1.174867592,-1.988414621,-0.138727045
-1.426276202,-2.006781785,0.180712207
-1.661316635,-2.130133096,0.054361235
-1.885694884,-2.081138994,0.034490014
-2.095152072,-2.068354338,0.311937252
-2.298460885,-2.082361222,-0.020624505
-2.483219595,-2.10071339,0.09335382
-2.658144653,-2.166200073,0.423291076
-2.818219882,-2.189103728,0.09635325
-2.966069589,-2.210931372,0.137595407
-3.098807037,-2.228631185,0.13947005
-3.214419008,-2.254961578,-0.028498007
-3.316826965,-2.266014119,0.224953794
-3.404478819,-2.278435106,0.127847261
-3.479309058,-2.280399669,0.252698518
-3.541658844,-2.254759123,0.313062038
-3.591250748,-2.229857162,-0.245581725
-3.628305963,-2.200493694,0.004870647
-3.653581788,-2.14993619,0.127097403
-3.668600322,-2.101429481,-0.12860397
-3.673084138,-2.061077207,0.138720193
-3.666572108,-2.010043559,-0.01050143
-3.650282659,-1.955399465,0.011994292
-3.625318002,-1.894655478,0.101227323
-3.592600392,-1.835433651,-0.248206226
-3.552605953,-1.772901312,-0.124854683
-3.505315941,-1.696054656,-0.20658914
-3.450625383,-1.617839555,-0.502782813
-3.387672007,-1.53847346,-0.404926422
-3.316182135,-1.462687818,-0.42854693
-3.236740613,-1.380059949,-0.502782813
-3.149711095,-1.291782086,-0.543275113
-3.055468482,-1.210158993,-0.520029533
-2.953941542,-1.121689923,-0.26132873
-2.846446178,-1.033959439,-0.224585718
-2.732566251,-0.94490175,-0.30182103
-2.611754403,-0.861426569,-0.210338427
-2.487437232,-0.78194425,-0.451417581
-2.35956225,-0.698634032,-0.678624373
-2.226708582,-0.605999638,-0.462665442
-2.084951016,-0.492332424,-0.435670576
-1.936209044,-0.399675535,-0.436045504
-1.783170707,-0.29383283,-0.226085432
-1.625408617,-0.204857622,-0.256454657
-1.466435597,-0.109193902,-0.325816467
-1.300384446,0.001170297,-0.280075165
-1.133516011,0.093654724,-0.207338997
-0.959978087,0.225096735,-0.123354969
-0.787156224,0.299240242,-0.084737312
-0.613352121,0.466213099,-0.06824045
-0.434839261,0.529116606,-0.056992589
-0.266673668,0.701919416,-0.044619942
-0.078484613,0.906841331,-0.052118516
0.018895922,0.362031274,0.013119078
0.000237099,0.062097994,0.196084284
0.001725456,0.146652935,0.26057202
0.002962629,0.047584972,0.191210211
0.00023335,0.071827079,0.124472902
0.00352873,0.042051203,-0.046494585
0.000641992,0.037492217,-0.145850691
0.003138833,0.038459502,-0.104233605
0.00151926,0.016253192,-0.045744728
0.002479007,0.029543985,0.043113374
0.002576481,0.013632525,0.063359524
0.002437768,0.020354779,0.066358954
0.003168825,0.012091618,0.016118508
0.002748936,0.010340757,-0.085862099
0.003472494,0.01050947,0.005995433
0.003183821,0.007930043,0.044988018
0.003659945,0.011383025,-0.087736742
0.003858642,0.005481838,-0.109482607
0.004218547,0.006902772,-0.230959505
0.005380741,0.01176544,-0.3824307
0.005909351,0.00646037,-0.34793726
0.006824109,0.00506943,-0.297696814
0.007960059,0.006606588,-0.199465495
0.007877581,0.005942985,-0.154848979
0.008559901,0.007465147,-0.197590851
0.008893563,0.00093035,-0.205464354
0.009560887,0.010921878,-0.278200522
0.009875804,-0.002151464,-0.296946957
0.009493405,0.004319596,-0.218961787
0.011292929,0.00619043,-0.187842705
0.00977458,-0.000962978,-0.125229612
0.012297664,0.016234446,-0.114731608
0.010490641,-0.015213558,-0.161222767
0.011964002,0.025641104,-0.145100833
0.012830023,-0.022828115,-0.135727616
0.01019072,0.023789016,-0.078363524
0.016234124,-0.001566594,-0.01912479
0.006569177,-0.015907154,-0.02474872
0.021100339,0.064223771,-0.09973446
-0.000921345,-0.149969832,-0.16047291
0.070336088,0.938161864,-0.152224478
0.411814664,2.069071544,-0.087361813
0.767468246,1.815751644,0.160466057
1.07843363,1.862871163,0.136095692
1.403056657,1.916023089,0.232827297
1.6946734,1.921463129,0.506900176
1.982106247,1.957815042,0.226828437
2.255727742,1.863804705,0.359553197
2.527182309,1.926153336,0.454035229
2.788960681,1.946803742,0.207707074
3.034048461,2.002531345,0.439787939
3.268046669,2.054404806,0.367051771
3.487881118,2.109450061,0.274444382
3.698350539,2.167228459,0.369676272
3.893141601,2.199036383,0.203957787
4.077195498,2.256098689,0.281942956
4.249946129,2.290606013,0.290191388
4.410193813,2.311732564,0.254573161
4.55785607,2.316685212,0.385798206
4.691073391,2.301418608,0.118848972
4.812998694,2.296818381,-0.078738453
4.924981623,2.302517114,-0.129353828
5.027134647,2.285353432,-0.130478614
5.116724739,2.264283119,0.173213633
5.192488482,2.228126162,0.26919538
5.256784004,2.17279597,0.121848401
5.310147412,2.134397012,0.157841557
5.353073577,2.089635719,0.136095692
5.386147343,2.039288169,-0.098984603
5.407535445,1.995014268,0.067108811
5.416859233,1.952907384,0.125597688
5.415374625,1.910403089,-0.181093988
5.403250327,1.85802724,-0.232834149
5.381131168,1.803289417,-0.372307625
5.349065885,1.746815729,-0.496783954
5.306889523,1.689097319,-0.44879308
5.256251645,1.63622658,-0.346437545
5.197928296,1.582062378,-0.250830727
5.132069437,1.526994628,-0.371932697
5.059361137,1.472151828,-0.410550353
4.979237296,1.4124876,-0.427422144
4.891041835,1.353396995,-0.580018125
4.795457076,1.287059252,-0.554897902
4.692494266,1.217579707,-0.425547501
4.581733514,1.154904899,-0.377181698
4.463504735,1.085624061,-0.416174283
4.338452757,1.017194283,-0.394428419
4.207503587,0.953072297,-0.477287661
4.07040604,0.878887549,-0.542150326
3.927250094,0.803761761,-0.364434123
3.778901768,0.739009915,-0.40567628
3.626279571,0.675225354,-0.389179417
3.470819373,0.610068598,-0.359185121
3.30913207,0.533623103,-0.556772546
3.139046984,0.445900117,-0.56989505
2.962757287,0.365907911,-0.521904177
2.782107491,0.292829168,-0.48066202
2.598177311,0.20668833,-0.345687688
2.409380917,0.126347451,-0.220836431
2.21767904,0.038504492,-0.216337286
2.019682574,-0.055828274,-0.221586288
1.820703869,-0.122938345,-0.199465495
1.619115852,-0.228676074,-0.171720771
1.413921288,-0.292130708,-0.144350976
1.210455017,-0.395510212,-0.1316034
0.999029598,-0.489775492,-0.026623364
0.793910014,-0.578304549,-0.101984033
0.578274457,-0.733647493,-0.201715067
0.371812727,-0.765931562,-0.087736742
0.159270103,-1.067503227,-0.178469487
-0.04119696,-0.885946114,-0.165346983
-0.079864249,-0.197756702,0.08173103
-0.056391697,-0.172071165,0.029615941
-0.066540267,-0.17070272,-0.006377214
-0.060170699,-0.098580014,0.07310767
-0.062652544,-0.122432208,-0.046494585
-0.061464108,-0.072864484,-0.101234175
-0.060916752,-0.096060574,-0.001503141
-0.062228906,-0.06928403,0.017618223
-0.060170699,-0.070599988,0.019492866
-0.061824013,-0.064942496,0.055486021
-0.060425632,-0.05337257,-0.010126501
-0.061299151,-0.065339908,-0.043495155
-0.060969238,-0.052109101,-0.045744728
-0.060826776,-0.052821443,-0.042370369
-0.061550335,-0.053428807,-0.038246154
-0.062183918,-0.050062056,-0.091486029
-0.063278629,-0.045518067,-0.111732179
-0.063631036,-0.048078748,-0.208838712
-0.06448581,-0.047831303,-0.248581154
-0.065299345,-0.050459468,-0.162347553
-0.066176613,-0.047118961,-0.145850691
-0.066146621,-0.038229688,-0.074989166
-0.067443779,-0.044239602,0.020617652
-0.066885176,-0.034784205,-0.03937094
-0.067496265,-0.044475799,-0.110982321
-0.068294804,-0.028095693,-0.107233034
-0.066626495,-0.037933504,-0.149974906
-0.069269547,-0.034847941,-0.165346983
-0.066420299,-0.024425259,-0.116231323
-0.070210548,-0.050065806,-0.175470058
-0.067121364,-0.003958562,-0.228709933
-0.069145829,-0.071739734,-0.224210789
-0.070139317,0.010352005,-0.262453516
-0.064946938,-0.069392756,-0.24108258
-0.07735991,-0.003354946,-0.218961787
-0.051206816,-0.032392237,-0.183343561
-0.2112633,-1.297492066,-0.222336145
-0.599915669,-1.828186513,-0.227960076
-0.938604981,-1.611889629,-0.14885012
-1.262714394,-1.791688382,-0.236958365
-1.583925822,-1.760307863,0.04423816
-1.877180882,-1.779406115,0.233202225
-2.170357213,-1.696452068,0.054736164
-2.448305065,-1.657112069,0.368551486
-2.726560337,-1.710091534,0.281193099
-2.989950783,-1.695357311,0.077981743
-3.24076705,-1.744257683,0.475031237
-3.479620226,-1.754279204,0.261321878
-3.706026689,-1.793514226,0.221204507
-3.922040896,-1.812215066,0.464533233
-4.123122797,-1.832115639,0.131596548
-4.3154845,-1.866742937,0.224953794
-4.496546687,-1.876442029,0.273319596
-4.664970961,-1.89113876,0.117724186
-4.819167742,-1.889504123,0.284942386
-4.959421955,-1.894366792,0.197583999
-5.088395397,-1.903196078,0.219329863
-5.206133057,-1.906416611,0.26919538
-5.313527197,-1.909685884,0.133471191
-5.407634846,-1.898888286,0.298439819
-5.487113858,-1.884821415,0.325059757
-5.554127412,-1.869708527,0.183336708
-5.608829217,-1.852057453,0.322060327
-5.652021561,-1.834695066,0.314186824
-5.683659456,-1.810977842,0.079856387
-5.703079328,-1.782641645,0.036739586
-5.710588595,-1.749933921,-0.035621653
-5.707443176,-1.713447037,-0.288323597
-5.694032967,-1.676543996,-0.380556057
-5.669964323,-1.641538033,-0.373057483
-5.636024535,-1.597834005,-0.522279105
-5.592183612,-1.551096902,-0.596889917
-5.539071388,-1.51091709,-0.51815489
-5.47828119,-1.467096838,-0.546649471
-5.410127938,-1.424367593,-0.531652323
-5.33396305,-1.378897708,-0.365558909
-5.250097697,-1.326716815,-0.24970594
-5.158344426,-1.271236657,-0.263203374
-5.057983428,-1.210563903,-0.26995209
-4.950045681,-1.154086467,-0.226460361
-4.834298747,-1.092705121,-0.337439256
-4.710547676,-1.025801254,-0.36218455
-4.58007463,-0.964656105,-0.250455798
-4.442909601,-0.899233159,-0.373432411
-4.299037593,-0.836258417,-0.431921289
-4.148930982,-0.772766291,-0.362934408
-3.993680728,-0.703556687,-0.505032385
-3.835127598,-0.644713526,-0.511406173
-3.67296417,-0.576763642,-0.389929274
-3.502759116,-0.489782991,-0.462290513
-3.324309989,-0.411714107,-0.39705292
-3.140488531,-0.331481955,-0.2988216
-2.952145766,-0.263048428,-0.380181128
-2.761231181,-0.190048416,-0.332940112
-2.565142962,-0.101954263,-0.245581725
-2.365571913,-0.023113051,-0.211088284
-2.160913457,0.066668227,-0.136852402
-1.95481913,0.134029493,-0.086986885
-1.746134237,0.235508169,-0.047619371
-1.533505386,0.301999628,-0.092985744
-1.322874757,0.396223668,-0.118105967
-1.104078785,0.487635833,-0.052493444
-0.891337463,0.568426611,-0.091860958
-0.668919947,0.735174518,-0.046494585
-0.455248871,0.751839561,0.072732742
-0.23716521,1.045474242,0.049487162
-0.025372388,0.898551925,0.056235879
0.02208258,0.173778151,0.184461494
-0.003020791,0.132563569,0.265821022
0.008252482,0.138682208,0.2433253
0.002651461,0.058682503,0.322060327
0.005039581,0.089823076,0.278193669
0.00481464,0.034230443,0.043863232
0.004151065,0.059646039,0.034490014
0.005924347,0.03370556,-0.049868943
0.003997356,0.035137741,-0.206214211
0.006040566,0.02866668,-0.112856965
0.004822138,0.017734112,-0.142851261
0.005759391,0.024407628,-0.234708792
0.005680661,0.008852338,-0.221961217
0.005714402,0.013692511,-0.259829015
0.006497946,0.008762358,-0.243707081
0.006340487,0.012717728,-0.227585147
0.006835356,0.011150577,-0.233209078
0.00746519,0.011480504,-0.208838712
0.00867612,0.01266524,-0.237333293
0.009328448,0.009219756,-0.202464924
0.01034443,0.014251137,-0.153349264
0.010970514,0.008773606,-0.15747348
0.011431643,0.012012885,-0.064116234
0.012308911,0.006201678,-0.032247294
0.012031484,0.007086481,-0.10573332
0.01306996,0.01068568,-0.102358961
0.012436377,0.000233006,-0.136102544
0.013692296,0.014963479,-0.224960646
0.0134861,-0.004715894,-0.196840994
0.013399873,0.016748082,-0.185593133
0.015090676,-0.003257468,-0.226085432
0.01265382,0.004233366,-0.16909627
0.017021417,0.014802265,-0.13722733
0.012076472,-0.018670289,-0.124479755
0.017497541,0.04269606,-0.149599977
0.013531088,-0.051625459,-0.147350405
0.014843242,0.078991736,-0.135727616
0.018925914,-0.096716678,-0.231709363
0.005541948,0.209455214,-0.155598837
0.225050232,1.651931836,-0.202089996
0.605233588,1.886869574,-0.199465495
0.918392142,1.64202279,-0.090736172
1.237279183,1.764762987,-0.181843846
1.539314425,1.694477372,0.10197718
1.821884807,1.740734582,0.116974328
2.098404286,1.618403044,0.029241012
2.36320811,1.577184713,0.307063179
2.629076652,1.60080071,0.132346405
2.876852472,1.584956735,0.124847831
3.113261293,1.613371664,0.325809614
3.335697555,1.61864674,0.186336138
3.549979719,1.660907339,0.205082573
3.753967102,1.667067219,0.300689391
3.94138761,1.665762509,0.239576013
4.115150475,1.66643361,0.253823304
4.273823574,1.677208713,0.258697377
4.422190645,1.694638586,0.221204507
4.5598243,1.691976678,0.180712207
4.683969017,1.680088073,0.109100826
4.793076455,1.667164697,0.08473046
4.887476527,1.655939694,0.063734453
4.969669822,1.643364992,0.003370932
5.040117469,1.632698614,0.065234168
5.098527045,1.613442898,0.143219337
5.143991289,1.588293492,0.012369221
5.176037827,1.558566355,0.075732171
5.196289979,1.535059084,0.075357242
5.2054863,1.509171093,-0.137602259
5.20355556,1.47232054,-0.091860958
5.190658966,1.434191522,-0.226460361
5.166714039,1.396759849,-0.425172572
5.132504322,1.365221865,-0.37380734
5.089454441,1.328637503,-0.403051779
5.038051765,1.290778424,-0.429671716
4.978210067,1.249387632,-0.388429559
4.910045567,1.200153584,-0.306695103
4.833243348,1.153761404,-0.26995209
4.747927128,1.104673573,-0.319817607
4.654561783,1.051491654,-0.248206226
4.553413493,0.996442649,-0.201715067
4.4443248,0.94033638,-0.308569746
4.327516895,0.884522546,-0.295072313
4.204129478,0.827606457,-0.228335005
4.073813891,0.766217613,-0.374557198
3.936603874,0.701248315,-0.344187973
3.793380445,0.63811236,-0.233958935
3.644870911,0.581207518,-0.346812474
3.493230955,0.525048761,-0.250455798
3.336076205,0.448378316,-0.181093988
3.17060615,0.371932821,-0.277450664
2.998069212,0.29475249,-0.243332153
2.819878767,0.214925247,-0.236583436
2.638839074,0.147601474,-0.323566894
2.452625747,0.077492069,-0.33069054
2.262745889,0.002032605,-0.256454657
2.067021324,-0.08848351,-0.264703088
1.868087606,-0.152418037,-0.244456939
1.667436842,-0.244362584,-0.179594274
1.462144803,-0.313887119,-0.202089996
1.25861105,-0.398382073,-0.188967491
1.047702995,-0.487979642,-0.135352687
0.842287239,-0.560278559,-0.136102544
0.6279076,-0.72516688,-0.191966921
0.419293939,-0.747530655,-0.15747348
0.210162914,-1.020042535,-0.051743587
-0.001146286,-0.944196907,-0.13722733
-0.059443391,-0.23265019,-0.028872936
-0.033391521,-0.140034542,0.16833956
-0.04331515,-0.171508791,0.032990299
-0.038433939,-0.080647753,0.144719052
-0.039509905,-0.112425684,0.227953223
-0.039918547,-0.061223324,0.037114515
-0.038553908,-0.077303496,0.080981173
-0.040574624,-0.055509595,0.056985736
-0.038115273,-0.053747487,-0.06524102
-0.040008524,-0.05382247,-0.035621653
-0.039105012,-0.040400456,-0.022124219
-0.039704854,-0.049627153,-0.052118516
-0.03971985,-0.037224912,-0.088111671
-0.039607379,-0.047190195,-0.071614808
-0.040180978,-0.040599161,-0.044245013
-0.039843567,-0.034975412,-0.089236457
-0.040492146,-0.039939308,-0.094860387
-0.04055213,-0.033843164,-0.118855824
-0.041256944,-0.035987687,-0.218586858
-0.042194196,-0.035170369,-0.219711644
-0.042839026,-0.034338054,-0.214087714
-0.044053705,-0.036531316,-0.260203944
-0.044454849,-0.030828835,-0.16909627
-0.044990958,-0.030682617,-0.123729897
-0.045009703,-0.024740189,-0.181468917
-0.045369608,-0.0314362,-0.163472339
-0.046179394,-0.02460147,-0.155598837
-0.04509593,-0.025789956,-0.203214782
-0.047004176,-0.029719082,-0.239207937
-0.045639537,-0.016432037,-0.172845557
-0.04736783,-0.03957189,-0.151474621
-0.046917949,-0.00734031,-0.179219345
-0.04642308,-0.040239241,-0.137977188
-0.049114869,-0.011089476,-0.179969202
-0.044627304,-0.027739522,-0.224210789
-0.051844148,-0.035605272,-0.242957224
-0.042715309,0.017411684,-0.235083721
-0.053943594,-0.099161134,-0.248956083
-0.040578373,0.13246984,-0.26995209
-0.073378462,-0.625753994,-0.239957794
-0.381280904,-1.806550077,-0.299946386
-0.751881789,-1.673158499,-0.172845557
-1.058412094,-1.657816912,-0.156723623
-1.380294595,-1.742128157,-0.107233034
-1.6712965,-1.699623862,0.233577154
-1.954462974,-1.708231947,0.10197718
-2.226104992,-1.576362532,0.116599399
-2.491471166,-1.605759742,0.320560612
-2.751982373,-1.597702784,0.076856957
-2.994205909,-1.604335059,0.151842697
-3.225609803,-1.626732577,0.331433545
-3.44355475,-1.644826052,0.15671677
-3.654886444,-1.682388946,0.220829578
-3.85276669,-1.680075711,0.281193099
-4.035485939,-1.690063489,0.154842127
-4.202909228,-1.689279913,0.203207929
-4.357042276,-1.702904382,0.189710496
-4.501236698,-1.712329786,0.152217626
-4.63343054,-1.708216951,0.197583999
-4.752397874,-1.698559099,0.146968624
-4.855503147,-1.682868839,0.170964061
-4.945576862,-1.675239287,0.17696292
-5.023807453,-1.661854764,0.165340131
-5.089906248,-1.646576912,0.36442727
-5.143532088,-1.626275179,0.248199373
-5.183507781,-1.600698368,0.159341271
-5.211396667,-1.576767442,0.323185113
-5.22725123,-1.549001118,0.007120219
-5.231843767,-1.520226269,-0.098234746
-5.226433946,-1.490079225,-0.03337208
-5.209683369,-1.454169713,-0.345687688
-5.182180632,-1.418890061,-0.363309337
-5.145800239,-1.386021123,-0.340813615
-5.099987336,-1.349328035,-0.4660398
-5.04566793,-1.309800578,-0.448418151
-4.983820513,-1.268248571,-0.407925852
-4.912866749,-1.222392522,-0.271451805
-4.833309008,-1.172734818,-0.277450664
-4.745289751,-1.123493272,-0.298446671
-4.648475317,-1.07239214,-0.157098552
-4.544162863,-1.015037398,-0.272576591
-4.431988735,-0.955950542,-0.358435263
-4.312162877,-0.898584553,-0.229084862
-4.18593371,-0.84204713,-0.316443249
-4.052682648,-0.778450027,-0.373057483
-3.912008546,-0.709634085,-0.219711644
-3.765317282,-0.651053366,-0.293947527
-3.61491075,-0.594684655,-0.346437545
-3.460623993,-0.529070501,-0.20658914
-3.299011669,-0.455823045,-0.248206226
-3.129080293,-0.369371026,-0.291697955
-2.952381954,-0.293566639,-0.219336716
-2.772541944,-0.228991004,-0.267327589
-2.588495545,-0.146554342,-0.323941823
-2.399946585,-0.081183883,-0.231709363
-2.207494906,0.011484253,-0.170595985
-2.008549941,0.092068827,-0.196091136
-1.809649965,0.162601887,-0.116606252
-1.604729078,0.262048515,-0.05961709
-1.4003443,0.316951302,-0.133478043
-1.192499186,0.435473686,-0.134602829
-0.982041011,0.488464399,-0.118855824
-0.77429712,0.627978364,-0.155598837
-0.55712072,0.720294078,-0.171345842
-0.355813879,0.814900533,-0.105358391
-0.131289419,1.084300605,-0.106858106
0.017654999,0.552792589,-0.173220486
0.007660139,0.06584716,0.011994292
0.001358053,0.170835055,0.015368651
0.007660139,0.075861182,-0.109107678
0.002081612,0.079617846,0.102727038
0.006771623,0.065202303,0.06448431
0.003509985,0.039820449,-0.056242731
0.005984331,0.053493658,0.09335382
0.004844632,0.023849002,0.026241583
0.005170796,0.039610496,-0.043120227
0.006018072,0.020857168,0.069358383
0.005178294,0.022990443,0.070858098
0.006317993,0.017149243,0.090354391
0.005654418,0.012758969,0.109850683
0.006332989,0.016238195,0.073857528
0.006250511,0.011338035,0.012369221
0.0066704,0.01235031,-0.122605111
0.007026556,0.008732365,-0.123729897
0.006914086,0.009628416,-0.214462643
0.00750268,0.00686528,-0.338564042
0.008402443,0.009542185,-0.217462072
0.009485906,0.010322011,-0.281199951
0.010280697,0.009752138,-0.321317322
0.010918028,0.006824039,-0.170970913
0.010899283,0.003284827,-0.194591421
0.011862779,0.00861989,-0.187842705
0.011978998,0.001901384,-0.084362384
0.01212521,0.009141024,-0.082112811
0.012807529,0.001286521,-0.158223338
0.012177696,0.00596923,-0.153349264
0.014059699,0.006527855,-0.10273389
0.012631326,-0.005177041,-0.09973446
0.014794505,0.019113806,-0.022124219
0.013647308,-0.012469169,0.04423816
0.013947228,0.023856501,-0.008626786
0.015810486,-0.012139242,-0.104233605
0.012196441,0.010948122,-0.163097411
0.019064627,0.001983866,-0.27295152
0.009560887,-0.025535012,-0.35356119
0.022202548,0.074312777,-0.313818748
0.004912114,-0.157123241,-0.312693962
0.054099125,0.75993776,-0.304820459
0.37244631,1.932496924,-0.229459791
0.728441052,1.711937238,-0.035246724
1.028541805,1.679570688,-0.096735031
1.342727588,1.728231113,-0.02774815
1.626328947,1.69327389,0.284192528
1.902919658,1.713316931,0.013868936
2.166325101,1.58025528,0.061859809
2.426135243,1.591255333,0.224953794
2.676400405,1.569225234,-0.092985744
2.910139932,1.582182352,0.041238731
3.137108746,1.616239776,0.215205648
3.350314945,1.626951143,0.123723045
3.552712748,1.644084832,0.227578295
3.738138782,1.638078668,0.328434115
3.909611002,1.650739601,0.274069454
4.068748978,1.659985045,0.191960068
4.216534952,1.668780588,0.234327011
4.352425318,1.662751929,0.266945808
4.472149952,1.646218107,0.163840416
4.577883281,1.635439255,0.201333286
4.670603796,1.62746103,0.23170251
4.750813865,1.614237721,0.107976039
4.819090835,1.597156521,0.137970335
4.875014818,1.577690851,0.250074017
4.917341141,1.552582686,0.158591414
4.946624658,1.524493935,0.194959498
4.964319985,1.49677635,0.211456361
4.9707008,1.469287465,-0.096735031
4.966258223,1.429726266,-0.137602259
4.950752318,1.397254739,-0.196091136
4.924595475,1.364993165,-0.370807911
4.889317291,1.324869591,-0.349436975
4.845446376,1.29425765,-0.398552634
4.793038965,1.253099306,-0.346062616
4.732110054,1.208570462,-0.380181128
4.662427206,1.165784979,-0.403426707
4.583915438,1.112591812,-0.260203944
4.496765952,1.060924555,-0.369308196
4.401387388,1.011795484,-0.302945816
4.297820987,0.951767587,-0.222711074
4.186441649,0.894881491,-0.418423855
4.068557779,0.841703321,-0.39705292
3.944251854,0.777326392,-0.370807911
3.812582874,0.71745596,-0.384305344
3.674101942,0.652906569,-0.276325878
3.530668569,0.590295496,-0.178094559
3.383193762,0.534474164,-0.155598837
3.230222907,0.463941104,-0.21221307
3.069675303,0.38448128,-0.217837001
2.900846136,0.303105632,-0.254580014
2.727274471,0.236587929,-0.297696814
2.550032525,0.161255936,-0.219711644
2.368014341,0.091191522,-0.242207366
2.183071928,0.013512552,-0.288323597
1.990455292,-0.076688633,-0.21821193
1.79623408,-0.144417317,-0.244831867
1.597607782,-0.243110363,-0.272576591
1.396285945,-0.299284117,-0.182593703
1.195087825,-0.402907316,-0.154848979
0.987310193,-0.474535133,-0.211088284
0.785662192,-0.576643669,-0.20358971
0.573044588,-0.716723758,-0.207338997
0.372892442,-0.756371188,-0.231709363
0.159704988,-1.063304161,-0.149974906
-0.024753802,-0.774085998,-0.078738453
-0.045358361,-0.140192007,0.020242724
-0.026939475,-0.169596716,0.071982884
-0.036885598,-0.130991554,0.054736164
-0.030272345,-0.086185271,0.111725326
-0.033950123,-0.098984923,0.040113945
-0.031813188,-0.053709995,0.0356148
-0.032454268,-0.079879174,0.093728749
-0.032952887,-0.048551142,-0.021749291
-0.031580749,-0.054756012,0.004870647
-0.033290298,-0.04667281,-0.001503141
-0.031910662,-0.04051668,-0.131978329
-0.032881656,-0.043763457,-0.087736742
-0.032634221,-0.033794425,-0.063741305
-0.03297913,-0.037528594,-0.053243302
-0.032892903,-0.031170009,0.002246146
-0.032795428,-0.034038121,-0.01912479
-0.033590218,-0.031229996,-0.034496867
-0.033586469,-0.027994465,-0.081737883
-0.03381141,-0.032587194,-0.122605111
-0.034223801,-0.030442671,-0.128978899
-0.035367249,-0.030412677,-0.184468347
-0.036165788,-0.028740549,-0.175844986
-0.036701897,-0.027439589,-0.155598837
-0.037028061,-0.024361523,-0.18634299
-0.037110539,-0.026472304,-0.175095129
-0.03801405,-0.026978441,-0.186717919
-0.037695384,-0.020859802,-0.210338427
-0.038673876,-0.028474359,-0.219711644
-0.038501422,-0.017871717,-0.238083151
-0.038812589,-0.028174425,-0.251580584
-0.039877308,-0.017088141,-0.249331012
-0.038411445,-0.02374666,-0.225710504
-0.040983266,-0.024848915,-0.1747202
-0.038111524,-0.009998468,-0.07686381
-0.041635594,-0.043857187,-0.011626216
-0.039532399,0.007240197,0.049487162
-0.040203472,-0.053533784,0.034115085
-0.042741552,0.013632525,-0.038246154
-0.036075812,-0.047370155,-0.061491733
-0.049351056,-0.015888408,-0.163847268
-0.023276692,0.023665293,-0.208838712
-0.156763942,-1.213255805,-0.310819319
-0.526686257,-1.871886792,-0.294322456
-0.858079996,-1.593522464,-0.184468347
-1.16377802,-1.725343141,-0.321317322
-1.470971899,-1.709724115,-0.029997722
-1.748143707,-1.724184649,0.127847261
-2.021888919,-1.662514617,-0.067865521
-2.281279172,-1.58068532,0.218205077
-2.538997366,-1.612976887,0.223454079
-2.780748527,-1.590136967,0.051736734
-3.011260156,-1.632442557,0.283067742
-3.23274042,-1.646250735,0.300689391
-3.440709251,-1.666353763,0.22907801
-3.636707494,-1.674092042,0.378674561
-3.81610887,-1.678516058,0.353179409
-3.982519926,-1.691398192,0.242200514
-4.136128112,-1.696692014,0.271070024
-4.279145346,-1.709334202,0.225703651
-4.408388717,-1.699470146,0.128222189
-4.52213368,-1.686861701,0.097852965
-4.621932326,-1.673525918,0.05586095
-4.708748151,-1.663148226,0.045362947
-4.78391955,-1.653677833,0.000746431
-4.846910416,-1.636165478,0.088854676
-4.897192138,-1.612227054,0.242200514
-4.93380497,-1.583568429,0.098227893
-4.957971089,-1.557189297,0.223829008
-4.970582758,-1.529520452,0.28081817
-4.971879916,-1.498076196,-0.021374362
-4.962529885,-1.466043322,0.053986307
-4.942416446,-1.429833877,0.000746431
-4.912694295,-1.394640456,-0.280450094
-4.87450313,-1.361797761,-0.317942964
-4.827640505,-1.321681685,-0.37680677
-4.772267627,-1.28394258,-0.471288802
-4.708661924,-1.240152321,-0.516655175
-4.635829906,-1.185830655,-0.446543508
-4.554015261,-1.139592191,-0.37380734
-4.463859069,-1.089008443,-0.433795932
-4.365391321,-1.027334663,-0.311569176
-4.258859453,-0.970133637,-0.205839283
-4.144702098,-0.914012371,-0.331440397
-4.023800275,-0.851761219,-0.275201092
-3.895985277,-0.790016204,-0.161597696
-3.761133387,-0.724229588,-0.292072884
-3.619998157,-0.66065498,-0.25270537
-3.47468278,-0.60657701,-0.133478043
-3.325303477,-0.539905591,-0.253455227
-3.169168457,-0.461503032,-0.240332723
-3.004496942,-0.378781433,-0.168346413
-2.83239114,-0.30479914,-0.257204514
-2.657312373,-0.233808682,-0.308194818
-2.477431124,-0.154003935,-0.277075736
-2.294449444,-0.087902389,-0.327316181
-2.106654035,0.00637039,-0.355060905
-1.912991425,0.078646812,-0.246706511
-1.71832783,0.160093695,-0.253830156
-1.517354651,0.242725313,-0.247831297
-1.318327208,0.315440388,-0.103858676
-1.112405336,0.428121572,-0.10273389
-0.908556666,0.483770443,-0.14885012
-0.701660051,0.648789984,-0.080613097
-0.492112886,0.693213852,-0.067490592
-0.292223171,0.892204587,-0.145100833
-0.073562163,1.013197672,-0.184093418
0.025029302,0.342621841,-0.152599407
0.000615749,0.079576606,-0.136852402
0.00545947,0.164963861,-0.14022676
0.005515705,0.05226768,-0.013125931
0.003341279,0.08558277,0.02136751
0.006213021,0.043535873,-0.044619942
0.003476243,0.041451337,0.128222189
0.006437961,0.041871243,0.112850112
0.004244791,0.019571204,-0.004877499
0.005755642,0.031062398,0.167589703
0.005556944,0.016605613,0.10497661
0.005418231,0.019203786,-0.001128212
0.006261758,0.016586868,0.083980603
0.005898104,0.016328175,0.003370932
0.006539185,0.010277021,0.00674529
0.006434212,0.011341784,0.056610808
0.006884094,0.010558209,0.021742438
0.006865349,0.005864253,-0.018749861
0.007169018,0.008897328,-0.149974906
0.008057534,0.013088896,-0.208088855
0.008844826,0.009980837,-0.290948097
0.009504652,0.004345841,-0.338189114
0.010550625,0.011338035,-0.221586288
0.010966765,0.004072152,-0.214837571
0.011187957,0.00497945,-0.178469487
0.012147704,0.005759276,-0.061866662
0.011727814,0.000285494,-0.038621082
0.012897506,0.0094747,-0.012376073
0.01250386,-0.000243139,0.043113374
0.013193677,0.011626721,0.010494577
0.013909738,-0.006650463,-0.084737312
0.012886259,0.00592049,-0.115106537
0.015589295,0.003794713,-0.155598837
0.012601334,-0.004194759,-0.176594844
0.016567786,0.022698008,-0.172095699
0.013294901,-0.025272571,-0.208088855
0.015641781,0.043989522,-0.230959505
0.016016682,-0.043373544,-0.239582866
0.011907767,0.048413538,-0.19496635
0.022967346,-0.035024152,-0.224210789
-0.001592418,0.026480917,-0.193466635
0.161901908,1.418381289,-0.160097981
0.537155315,1.95090533,-0.115856395
0.859442709,1.639349635,-0.007502
1.170123167,1.768842079,-0.137602259
1.475510024,1.719694262,0.131971476
1.753855271,1.761966109,0.2433253
2.027937894,1.687736371,0.040113945
2.288325384,1.613356667,0.319435826
2.550212478,1.645764458,0.197583999
2.793755665,1.617555733,0.059235308
3.025058335,1.663715465,0.259072306
3.246666065,1.676976265,0.167964631
3.457697838,1.707003335,0.125597688
3.65763629,1.719533048,0.172463776
3.840119352,1.720762775,0.140219908
4.009237193,1.730904269,0.074232456
4.164457454,1.734923375,0.072357813
4.309202981,1.75333178,0.200958357
4.441764226,1.746988191,0.188960639
4.559198215,1.735328285,0.225703651
4.662022313,1.726735196,0.328059186
4.751087543,1.711858505,0.218205077
4.828422121,1.70010487,0.172088847
4.894483427,1.691275584,0.198333856
4.948214238,1.670621429,0.231327582
4.988456111,1.638446086,0.089229604
5.015865123,1.61055604,0.053236449
5.031472252,1.584563072,0.149593125
5.035794861,1.554112346,-0.128978899
5.028709232,1.518112854,-0.146225619
5.010339083,1.485678819,-0.043120227
4.981749132,1.450680354,-0.286448953
4.943981606,1.411614045,-0.271451805
4.897812547,1.372334032,-0.239582866
4.843526883,1.334103787,-0.458916155
4.781368297,1.294969992,-0.449168009
4.710377044,1.240558346,-0.379806199
4.630418158,1.189236012,-0.412424996
4.541945271,1.137006381,-0.383930415
4.444920892,1.076648557,-0.359185121
4.340241035,1.022803035,-0.323191966
4.2279057,0.967041689,-0.40267685
4.10861595,0.908884626,-0.487410736
3.983294044,0.848358091,-0.387304773
3.851392625,0.781889127,-0.47766259
3.712799224,0.714145446,-0.509156601
3.568612299,0.654919871,-0.335939541
3.420627627,0.594067157,-0.445418722
3.268312849,0.52230812,-0.437545219
3.10869125,0.445967602,-0.31044439
2.940042035,0.361435156,-0.342313329
2.765630592,0.28931245,-0.237333293
2.588092475,0.214992732,-0.119605682
2.405538182,0.13710006,-0.131978329
2.220786969,0.060294645,-0.127104255
2.029418753,-0.033798174,-0.035246724
1.834770154,-0.101050714,-0.073114523
1.637500997,-0.200216155,-0.145100833
1.435673044,-0.270194338,-0.108732749
1.235723344,-0.358382221,-0.153349264
1.027435847,-0.455238175,-0.209213641
0.825416694,-0.53846966,-0.224585718
0.614628607,-0.699515086,-0.206214211
0.409928912,-0.727060208,-0.21221307
0.203557158,-1.007415344,-0.173220486
-0.001419964,-0.909625847,-0.092610815
-0.053666167,-0.216232592,-0.076488881
-0.028847721,-0.141091807,-0.009376644
-0.038763852,-0.162008404,-0.006752143
-0.033612712,-0.077742149,-0.023623934
-0.035157305,-0.110948512,-0.032997152
-0.035037336,-0.060061082,-0.022124219
-0.0338489,-0.07481405,0.091854105
-0.035543453,-0.053575025,0.039739016
-0.033503991,-0.053473797,0.059610237
-0.035464723,-0.052600242,0.079481458
-0.034250044,-0.040003044,-0.128978899
-0.034999846,-0.048138734,-0.110607393
-0.035056081,-0.034750462,-0.181093988
-0.035048583,-0.038927033,-0.337814185
-0.035509712,-0.034649235,-0.219711644
-0.035269775,-0.033824418,-0.17771963
-0.035783389,-0.035185366,-0.09710996
-0.035569696,-0.028849275,0.006370362
-0.036113302,-0.03175113,0.002246146
-0.036919339,-0.034907927,0.078356672
-0.037774114,-0.031496186,0.106101396
-0.038475178,-0.032470969,0.098977751
-0.0393412,-0.032898374,0.104226752
-0.03952865,-0.024897654,0.048737305
-0.039802328,-0.030892571,-0.029247865
-0.040390923,-0.02914171,-0.134227901
-0.040128492,-0.029449142,-0.244456939
-0.041410653,-0.028418121,-0.295447242
-0.040672098,-0.023255519,-0.317568035
-0.042081726,-0.030873825,-0.407175994
-0.041489382,-0.013578922,-0.391803918
-0.041868032,-0.04047169,-0.331065468
-0.042943998,-0.016000883,-0.332940112
-0.04089329,-0.031271236,-0.193841564
-0.044627304,-0.025493772,-0.090736172
-0.039671113,-0.010107194,0.012369221
-0.046108163,-0.054238627,0.094478606
-0.039899802,0.028179289,0.101227323
-0.045283381,-0.101328152,0.112475184
-0.0431277,0.105322129,0.033740157
-0.04263658,-0.356916297,-0.008251858
-0.297175613,-1.682951321,-0.092985744
-0.677347722,-1.757192306,-0.021749291
-0.984579091,-1.636814084,-0.062991448
-1.301434169,-1.777842712,-0.173970343
-1.595270326,-1.725624328,0.08772989
-1.872783293,-1.766104074,-0.092610815
-2.14211967,-1.644893537,-0.200590281
-2.401918565,-1.648905145,0.080981173
-2.658159649,-1.658641729,-0.112107107
-2.893931139,-1.654442663,-0.011626216
-3.121601018,-1.700602395,0.367801629
-3.337240324,-1.715250386,0.296940104
-3.543769536,-1.749915175,0.430414721
-3.736063757,-1.749041619,0.602881923
-3.912098522,-1.762673587,0.457784516
-4.075577852,-1.7711542,0.408293928
-4.225691961,-1.784006341,0.343431263
-4.365998661,-1.795133866,0.19158514
-4.492651465,-1.78405883,0.08173103
-4.603899588,-1.77484338,0.005995433
-4.700481584,-1.761500098,-0.010876359
-4.784017025,-1.753881793,0.02136751
-4.856181718,-1.744130212,0.060360095
-4.916810708,-1.725845529,0.219329863
-4.964925502,-1.703238058,0.151467769
-4.999667578,-1.677863703,0.157841557
-5.02234159,-1.650382316,0.375300203
-5.033329939,-1.620452724,0.048737305
-5.033056261,-1.590058235,0.062609667
-5.022244116,-1.555715874,0.189335567
-5.000338651,-1.517320665,-0.145850691
-4.968325854,-1.480773795,-0.071989737
-4.927892781,-1.444496865,-0.166846698
-4.879211886,-1.403229795,-0.403051779
-4.822324409,-1.361801511,-0.450667724
-4.757466536,-1.318449904,-0.6306335
-4.683880967,-1.266512708,-0.584892198
-4.601492724,-1.213776939,-0.674125229
-4.510489255,-1.159950162,-0.731864249
-4.411039267,-1.099423626,-0.517030104
-4.303795087,-1.03943697,-0.652754293
-4.188550519,-0.97825808,-0.602888776
-4.066494001,-0.916303111,-0.374932126
-3.938292855,-0.855694094,-0.417299069
-3.802743649,-0.786979379,-0.319442679
-3.660663668,-0.719066987,-0.206964069
-3.51448227,-0.660992405,-0.250080869
-3.364765556,-0.597129112,-0.245956653
-3.209024182,-0.520166232,-0.19796578
-3.045274924,-0.435097655,-0.212962928
-2.873596509,-0.356173962,-0.261703659
-2.697741697,-0.285254738,-0.271451805
-2.517631758,-0.203297969,-0.327316181
-2.334080229,-0.12952563,-0.464915014
-2.14673845,-0.044003404,-0.436795362
-1.952974617,0.031617274,-0.337814185
-1.75888462,0.119186544,-0.36818341
-1.558638749,0.21077867,-0.18934242
-1.359251401,0.278496106,-0.048369229
-1.155087815,0.396399878,-0.11435668
-0.949795776,0.445727656,0.000371503
-0.745733413,0.611260833,0.08473046
-0.533033331,0.685396841,0.074607385
-0.335404268,0.805913782,0.147343553
-0.114242671,1.058442607,0.214830719
0.021062849,0.492404772,0.130096833
0.005916849,0.065734685,0.074232456
0.002677704,0.16959783,0.126347546
0.007401457,0.067459301,0.013868936
0.00243027,0.080765091,-0.058117375
0.00697407,0.05955231,-0.023249006
0.00367869,0.041023932,-0.100109389
0.00625426,0.050535566,-0.187842705
0.005002091,0.022896714,-0.193466635
0.005613179,0.035077754,-0.178844416
0.006168033,0.014191151,-0.1747202
0.005463219,0.019886134,-0.051743587
0.006527938,0.013403826,0.080606244
0.006228017,0.012751471,0.076482029
0.006779121,0.01509095,0.141344694
0.006475451,0.004930711,0.168714489
0.007022807,0.012451538,0.076482029
0.007255246,0.009369723,0.05023702
0.007311481,0.00529438,0.002246146
0.008050036,0.008919823,-0.100484318
0.008826081,0.009320984,-0.208088855
0.009875804,0.009583426,-0.305570317
0.010621857,0.010112058,-0.419173713
0.011187957,0.003412298,-0.456291654
0.011259188,0.00421462,-0.341563472
0.012012739,0.008267468,-0.293947527
0.012151453,-0.000546821,-0.21821193
0.01261633,0.009620917,-0.109857535
0.013047466,0.000829123,-0.098234746
0.012575091,0.007502638,-0.041995441
0.014385863,0.007116474,0.035239872
0.012785035,-0.00194526,0.145468909
0.01507568,0.015668322,0.182961779
0.013602319,-0.02069109,0.185211352
0.01458456,0.022338088,0.190460353
0.015855474,-0.015685953,0.04161366
0.012545099,0.018570176,-0.037871225
0.019094619,0.000581678,-0.158223338
0.009650863,-0.020676093,-0.322817037
0.023334749,0.067121876,-0.407550923
0.003768666,-0.151919398,-0.43717029
0.063235463,0.838419052,-0.441294506
0.391828691,1.957440126,-0.435670576
0.745892694,1.70882543,-0.136102544
1.047811716,1.717504749,-0.095985173
1.36267607,1.772043867,0.077231886
1.645287691,1.750801093,0.488153741
1.921154843,1.7638032,0.272569739
2.183165654,1.642997573,0.392921851
2.442863325,1.666639814,0.489278527
2.692611124,1.654507513,0.18858571
2.924581118,1.681310301,0.281568028
3.148925626,1.715258999,0.312312181
3.361022117,1.731631607,0.206957216
3.563401175,1.754374048,0.142844409
3.748924684,1.752788151,0.073482599
3.920089485,1.761429978,-0.031872366
4.078087762,1.775466856,-0.150349835
4.224284156,1.790815941,-0.071239879
4.360095792,1.79086468,0.001871217
4.480922635,1.78263901,0.020617652
4.586393534,1.76892831,0.148468339
4.678412984,1.761336249,0.255697947
4.757618319,1.749481386,0.2838176
4.824999275,1.736183094,0.389922422
4.881166943,1.717253555,0.530145756
4.924093108,1.687800107,0.398170853
4.954096435,1.666965992,0.400420425
4.972616544,1.637385072,0.337807333
4.979548463,1.605247221,-0.079113382
4.975349572,1.57319935,-0.09411053
4.96001987,1.53305703,-0.196466065
4.933638087,1.497259993,-0.418048927
4.897670085,1.456716512,-0.361059764
4.853000631,1.414515899,-0.481036948
4.800030869,1.377132965,-0.478787376
4.739589329,1.335104814,-0.523028963
4.671023686,1.281622961,-0.544774827
4.593734095,1.226945124,-0.307070032
4.508084213,1.178974545,-0.380181128
4.413759121,1.123674347,-0.30182103
4.311384905,1.064148838,-0.168346413
4.201179007,1.002827479,-0.39705292
4.083422603,0.9406963,-0.441669435
3.959742763,0.881095808,-0.458916155
3.829603379,0.816493929,-0.585642056
3.692588311,0.750519855,-0.588641485
3.550073445,0.68472949,-0.569145193
3.403798321,0.619883915,-0.622385068
3.253508009,0.554963356,-0.654254008
3.096454482,0.477018195,-0.616386209
2.930635769,0.387683067,-0.553398187
2.757765169,0.315020481,-0.45179251
2.581809134,0.240115894,-0.300321315
2.400945644,0.163149265,-0.216337286
2.217210413,0.08940317,-0.187842705
2.027874161,-0.009657294,-0.074239309
1.834301528,-0.078000841,-0.071614808
1.638558218,-0.172686029,-0.077238738
1.438297351,-0.247688095,0.041238731
1.240004714,-0.336115924,0.032615371
1.033662952,-0.434823966,-0.018749861
0.832607295,-0.511314451,-0.060741876
0.624413523,-0.681162918,-0.14022676
0.420118721,-0.710571376,-0.235083721
0.21657747,-0.979933957,-0.214837571
0.008653626,-0.937879562,-0.118855824
-0.053572442,-0.247073231,-0.103108819
-0.028064178,-0.134954422,0.023617082
-0.037230507,-0.168528204,0.094103678
-0.032930393,-0.077168527,0.053236449
-0.033560226,-0.107750474,0.083230745
-0.034283785,-0.058478934,0.099352679
-0.032536747,-0.073175665,0.14809341
-0.034726168,-0.055554585,0.114349827
-0.03267546,-0.050909368,0.080981173
-0.034328773,-0.051243044,0.061859809
-0.033324039,-0.039898067,-0.105358391
-0.033837653,-0.048045005,-0.133852972
-0.033845151,-0.036175145,-0.144350976
-0.033650203,-0.039264458,-0.212587999
-0.034242546,-0.035860216,-0.171720771
-0.033927629,-0.037404872,-0.171345842
-0.034482483,-0.03516662,-0.152599407
-0.034474985,-0.028800536,-0.145100833
-0.034789902,-0.029689088,-0.140601689
-0.035419735,-0.03044642,-0.090361243
-0.036180784,-0.032954612,-0.079113382
-0.037073049,-0.030648875,-0.061866662
-0.037819102,-0.029959028,-0.087736742
-0.038096528,-0.026138628,-0.117731038
-0.03828023,-0.028470609,-0.14322619
-0.039101263,-0.026577281,-0.167221626
-0.038610143,-0.024204058,-0.140976617
-0.039663615,-0.031263738,-0.161972625
-0.039521152,-0.01606087,-0.204339568
-0.039873559,-0.033595719,-0.24970594
-0.040908286,-0.021609636,-0.278950379
-0.039524901,-0.024054092,-0.293947527
-0.042280424,-0.024503992,-0.26432816
-0.039401184,-0.013526434,-0.136477473
-0.042689066,-0.043804698,-0.064866091
-0.040364679,0.007783826,0.028491155
-0.041496881,-0.056368154,0.108350968
-0.043247668,0.016200704,0.129346975
-0.037365471,-0.054729768,0.177712778
-0.050352042,-0.008705006,0.137220478
-0.024285176,0.006355394,0.14809341
-0.166338914,-1.256150013,0.049112234
-0.539822788,-1.872606632,0.033365228
-0.870013094,-1.614191617,0.062234738
-1.177844306,-1.767086355,-0.170970913
-1.484831989,-1.748014348,0.047987447
-1.76221749,-1.777051638,0.091854105
-2.036078922,-1.716787544,-0.138352117
-2.294981803,-1.649921169,0.145468909
-2.55341231,-1.692088039,0.109475754
-2.794646107,-1.669203129,-0.009001715
-3.023050792,-1.718339699,0.317186254
-3.24243536,-1.737010546,0.350554908
-3.449894326,-1.76791867,0.26057202
-3.646526151,-1.782727876,0.442787369
-3.825623857,-1.784298776,0.427790221
-3.991708749,-1.804090624,0.318685969
-4.144908294,-1.810010557,0.353554338
-4.286797075,-1.824407354,0.26057202
-4.417288866,-1.824549822,0.153717341
-4.532241011,-1.809605647,0.116599399
-4.631597274,-1.797064687,0.04161366
-4.718135672,-1.787298109,-0.000753284
-4.79217487,-1.776485514,-0.077238738
-4.854599636,-1.764113267,-0.029622793
-4.905376227,-1.740351052,-0.005252428
-4.942735112,-1.712404769,-0.074989166
-4.968104663,-1.690449653,0.093728749
-4.981919764,-1.658787946,0.008245005
-4.984191665,-1.625086693,-0.020249576
-4.975988831,-1.59188033,0.163840416
-4.956936362,-1.550943186,0.02136751
-4.92717672,-1.514954942,0.052486592
-4.888738121,-1.477838198,-0.002252998
-4.84189799,-1.435877532,-0.206214211
-4.786547606,-1.39498163,-0.264703088
-4.723515501,-1.348851891,-0.544399899
-4.6519469,-1.297762006,-0.531277394
-4.572051748,-1.245232441,-0.516280246
-4.483605104,-1.188710015,-0.702994739
-4.38660322,-1.130429229,-0.539900754
-4.281990844,-1.070641279,-0.609637492
-4.169213126,-1.007190394,-0.670375942
-4.04930479,-0.95002686,-0.502032956
-3.922768204,-0.887104607,-0.500533241
-3.789172233,-0.813902141,-0.44316915
-3.649000498,-0.747864331,-0.383930415
-3.504045026,-0.685856874,-0.373432411
-3.355794175,-0.619590365,-0.378306485
-3.202309706,-0.547527645,-0.40567628
-3.041282228,-0.465218455,-0.356935549
-2.871557047,-0.380644768,-0.35956005
-2.697363047,-0.310201688,-0.402301921
-2.518838939,-0.22478069,-0.342313329
-2.336295894,-0.152710472,-0.401177135
-2.150948588,-0.068492956,-0.479162305
-1.958152,0.020182318,-0.404551494
-1.764849295,0.098712349,-0.415799355
-1.565904331,0.197180445,-0.326941253
-1.367041844,0.25901169,-0.165346983
-1.164970205,0.377710286,-0.167971484
-0.960041821,0.439357822,-0.076488881
-0.758300094,0.583880673,0.033740157
-0.546574755,0.684155867,0.05886038
-0.349946678,0.784907205,0.166089988
-0.130775805,1.059128705,0.291316174
0.017152632,0.554329747,0.313436967
0.008256231,0.067286839,0.278943527
0.001388045,0.161589612,0.241825585
0.007986302,0.073221769,0.138720193
0.002445266,0.077690775,0.046862661
0.007116532,0.062694111,-0.028498007
0.003933623,0.037488468,-0.055492874
0.00632924,0.049763238,-0.038996011
0.005189541,0.018562678,-0.05961709
0.005339501,0.037012324,0.002996003
0.006235515,0.016939289,-0.008251858
0.005358246,0.01828524,-0.041620512
0.006730384,0.018120277,0.035239872
0.006156786,0.013055153,0.004495718
0.006734133,0.012830203,-0.009376644
0.006730384,0.008511164,0.00112136
0.006992815,0.009737141,-0.062616519
0.007348971,0.003273579,-0.087361813
0.007562664,0.009092285,-0.125979469
0.008559901,0.011952898,-0.170221056
0.009523397,0.009857115,-0.194216493
0.010370673,0.012009136,-0.229459791
0.011124224,0.009054793,-0.276325878
0.011465384,0.003536021,-0.316443249
0.012031484,0.008252472,-0.333689969
0.012293915,0.002906161,-0.344562902
0.012410134,0.006914019,-0.277825593
0.013467355,0.004776995,-0.185593133
0.012702557,8.68e-05,-0.170595985
0.0144346,0.010959369,-0.154474051
0.013403622,-0.005656934,-0.108732749
0.01435587,0.018412711,-0.038246154
0.015090676,-0.009713532,0.023242153
0.013227418,0.014772271,0.071982884
0.017133887,0.00097909,0.112100255
0.012001492,-0.011291931,0.11060054
0.018869679,0.032273378,0.058485451
0.011911516,-0.055505845,-0.007876929
0.01837106,0.08814345,-0.062616519
0.014873234,-0.135625523,-0.134602829
0.018423546,0.394993941,-0.168346413
0.279264666,1.798809163,-0.238833008
0.655151656,1.838220396,-0.10573332
0.961786933,1.687987565,-0.052493444
1.280475277,1.816921384,-0.095235316
1.574645095,1.765055422,0.261696806
1.854351233,1.82170532,0.178837564
2.124538635,1.6999699,0.153342412
2.385394751,1.694451128,0.442037511
2.644473836,1.715172768,0.226453509
2.884747887,1.711577318,0.258322448
3.114385996,1.749443895,0.449161156
3.330486431,1.768021012,0.370426129
3.539467495,1.812231178,0.3674267
3.736575445,1.823392445,0.355428981
3.917577648,1.834092564,0.29806489
4.084464828,1.845617501,0.186336138
4.236835841,1.855440316,0.140219908
4.378383463,1.863804705,0.164215344
4.509208916,1.867148961,0.026241583
4.626747877,1.863343558,0.032990299
4.728477264,1.845025133,0.076856957
4.816668975,1.83546101,0.068983455
4.892976325,1.829353619,0.164965202
4.957211862,1.81123015,0.323560042
5.009435571,1.786901812,0.362177698
5.048732694,1.76191737,0.227203366
5.075496876,1.737742747,0.441662582
5.090826578,1.705379947,0.244075158
5.095186677,1.672705965,-0.078363524
5.088809611,1.639855772,0.209956646
5.071320479,1.59909109,-0.077613667
5.04310543,1.558431385,-0.294697384
5.004989245,1.519222607,-0.15747348
4.95797666,1.481093589,-0.463790228
4.902813727,1.43586365,-0.57289448
4.839571677,1.391503518,-0.565395906
4.768385475,1.344777662,-0.621260282
4.688790244,1.288873848,-0.555272831
4.600999677,1.237997665,-0.556772546
4.505227467,1.182333798,-0.441294506
4.401668564,1.121023686,-0.434170861
4.290435437,1.055585743,-0.575518981
4.171696793,0.990983864,-0.419173713
4.046464863,0.930708522,-0.402301921
3.914968337,0.861528911,-0.578893339
3.776899797,0.796713329,-0.449168009
3.632544167,0.734488421,-0.527903036
3.484484515,0.669459137,-0.709368527
3.333185718,0.603653775,-0.56989505
3.175712302,0.52684836,-0.683873375
3.010051048,0.439219103,-0.755109828
2.836494379,0.359924242,-0.589766271
2.659616087,0.286650542,-0.615636352
2.477871581,0.197611599,-0.644130933
2.292805451,0.124904023,-0.540650612
2.103892837,0.032644546,-0.425547501
1.908220758,-0.045934225,-0.410550353
1.712762373,-0.129289432,-0.277450664
1.511103125,-0.225241838,-0.078363524
1.310950979,-0.291669561,-0.119605682
1.105902626,-0.40666398,-0.115856395
0.901101708,-0.466766861,0.022867225
0.696930623,-0.630372966,0.016118508
0.485553941,-0.700774806,0.011619364
0.287857397,-0.860504274,0.216330434
0.067719279,-1.068376783,0.213331004
-0.055829346,-0.466864339,0.091479177
-0.037088045,-0.097305297,0.258697377
-0.036446964,-0.193951298,0.184461494
-0.039367443,-0.090489313,0.043863232
-0.035041085,-0.105890887,0.181462065
-0.038700119,-0.076242483,0.128972047
-0.035108567,-0.066610875,0.045737875
-0.03793907,-0.070378787,0.083605674
-0.036139545,-0.047388901,0.060360095
-0.036926837,-0.063210382,0.010869506
-0.037121786,-0.043557253,0.003745861
-0.036450713,-0.048487407,0.005995433
-0.037537926,-0.043755959,-0.081737883
-0.036671905,-0.038859548,-0.121855254
-0.037264248,-0.037644819,-0.073489451
-0.037170523,-0.035432811,-0.130103685
-0.037350475,-0.035219108,-0.153349264
-0.037759118,-0.034409288,-0.08548717
-0.038070285,-0.039017013,-0.138352117
-0.038977546,-0.034952917,-0.215962357
-0.039611128,-0.031743631,-0.204714496
-0.040492146,-0.0318861,-0.273326449
-0.041474386,-0.031623658,-0.346812474
-0.041320677,-0.030255212,-0.248581154
-0.042190447,-0.029265433,-0.214462643
-0.042239184,-0.026584779,-0.24970594
-0.042531607,-0.033839415,-0.16609684
-0.043183935,-0.021890823,-0.099359532
-0.042550352,-0.028755546,-0.139851831
-0.044424857,-0.026584779,-0.104608533
-0.042771544,-0.01812666,-0.006002285
-0.044968464,-0.041169035,-0.084737312
-0.043637565,-0.011726834,-0.088486599
-0.044514834,-0.046695305,-0.008251858
-0.045632039,-0.006972892,-0.050993729
-0.0423704,-0.040531676,-0.026998293
-0.048934916,-0.02262566,-0.025123649
-0.039299961,-0.006732945,-0.087736742
-0.053212537,-0.084985538,-0.185218204
-0.033057859,0.124292908,-0.178469487
-0.09470283,-0.820631893,-0.20358971
-0.429695619,-1.860676786,-0.275576021
-0.788063485,-1.659286585,-0.056242731
-1.093292883,-1.732751493,-0.08248774
-1.411028979,-1.790428663,0.061484881
-1.695376391,-1.779987235,0.442787369
-1.97492882,-1.788231651,0.268820452
-2.240220014,-1.675490481,0.457034659
-2.501623486,-1.726374162,0.727358252
-2.754467967,-1.721470252,0.447286513
-2.989647113,-1.747257016,0.556765693
-3.21403286,-1.774101045,0.607755997
-3.425563251,-1.803779443,0.278568598
-3.630401659,-1.842032184,0.29806489
-3.820495211,-1.846066286,0.262071735
-3.995847656,-1.864096025,0.062234738
-4.156477739,-1.867608994,0.094103678
-4.304095007,-1.883471715,0.070858098
-4.441949854,-1.894539253,-0.007127072
-4.56784161,-1.893781922,-0.000753284
-4.67932592,-1.885799947,-0.028123079
-4.775889171,-1.870360882,0.08772989
-4.858959734,-1.860418094,0.198333856
-4.929726047,-1.850655265,0.254573161
-4.989800183,-1.835096226,0.440912725
-5.037266399,-1.80923073,0.389172564
-5.071254924,-1.781310691,0.325059757
-5.093689,-1.754635375,0.417667146
-5.104482399,-1.723828478,0.308187965
-5.104013773,-1.691132001,0.092603963
-5.093509047,-1.657228293,0.058485451
-5.072552081,-1.617652097,-0.042745298
-5.041097887,-1.576898662,-0.388054631
-5.000612328,-1.538627176,-0.385805059
-4.952085143,-1.496074142,-0.462665442
-4.895073948,-1.451609033,-0.74011268
-4.829897409,-1.404523257,-0.509906458
-4.75669424,-1.352529823,-0.501658027
-4.674467203,-1.298729291,-0.655753723
-4.584014839,-1.241599499,-0.472413588
-4.485749538,-1.183449935,-0.455541797
-4.379618814,-1.122912151,-0.451042652
-4.265982572,-1.061185882,-0.490410166
-4.144833314,-0.999418373,-0.485536093
-4.017097045,-0.933699242,-0.44316915
-3.882931224,-0.86739899,-0.686497876
-3.741904715,-0.794065303,-0.651629507
-3.595187209,-0.727450122,-0.688372519
-3.445151828,-0.6688844,-0.959071041
-3.291022529,-0.593979812,-0.807224917
-3.129770111,-0.516510795,-0.758484186
-2.959996193,-0.429650117,-0.860089864
-2.784819952,-0.349714149,-0.670001013
-2.60612339,-0.270606746,-0.575144052
-2.42211823,-0.191270645,-0.548149186
-2.236253562,-0.114663936,-0.337814185
-2.043415734,-0.014220029,-0.236958365
-1.847743655,0.058952443,-0.210713356
-1.64925607,0.159643795,-0.10573332
-1.447143192,0.230585514,-0.065990877
-1.246316224,0.330542028,-0.01050143
-1.038152444,0.421024401,0.023617082
-0.83659067,0.508162517,0.073482599
-0.625034036,0.669035481,0.140594836
-0.423048624,0.701773198,0.102352109
-0.213344001,1.002231362,0.183711637
-0.016086091,0.829874702,0.127472332
0.020882897,0.142753802,0.051361806
-0.001344983,0.126159993,0.2002085
0.009272213,0.127543435,0.13084669
0.003285044,0.056399261,0.139095122
0.006205523,0.08342325,0.275944097
0.005433227,0.029555233,0.241825585
0.005219533,0.048664732,0.29806489
0.006651655,0.023980223,0.323934971
0.005065824,0.032404599,0.273694525
0.006831607,0.026087254,0.23470194
0.005808128,0.016894299,0.109100826
0.006839105,0.024088949,0.063359524
0.006606667,0.013726254,-0.061116804
0.006887843,0.016346921,-0.192716778
0.007285238,0.006527855,-0.130478614
0.007150273,0.012462785,-0.208463783
0.007840091,0.009845867,-0.229459791
0.007791354,0.005110671,-0.149974906
0.008282474,0.011124333,-0.230959505
0.009272213,0.009913352,-0.241832438
0.010235708,0.006707815,-0.249331012
0.010963016,0.008068762,-0.314193677
0.011716567,0.008136247,-0.282699666
0.011720316,0.003922185,-0.253455227
0.012368895,0.006201678,-0.223086003
0.012590087,-0.00028063,-0.185968061
0.012706306,0.007026494,-0.166471769
0.013718539,0.001800157,-0.152224478
0.012878761,0.001762665,-0.200590281
0.014802003,0.008807348,-0.207338997
0.01356108,-0.005476974,-0.16609684
0.015045688,0.01405993,-0.199840423
0.01485074,-0.017448061,-0.198715637
0.014108436,0.017659129,-0.164222197
0.017043911,-0.01048586,-0.196840994
0.01235015,0.003794713,-0.142851261
0.019518257,0.018821371,-0.085862099
0.010944271,-0.047010235,-0.055492874
0.021220308,0.087689801,-0.008251858
0.009860807,-0.156234688,0.019492866
0.035012916,0.582137311,0.039364087
0.32832796,1.880983384,-0.011626216
0.694145109,1.770349244,0.20583243
0.996004147,1.705526164,0.211831289
1.312263132,1.801658529,0.131971476
1.599058648,1.765085415,0.454410158
1.875780575,1.813745841,0.251198803
2.140336963,1.686570381,0.187085995
2.399419797,1.699587485,0.406044356
2.652762897,1.700539773,0.1597162
2.886086283,1.71858076,0.207707074
3.111285565,1.75418659,0.377924703
3.324383043,1.777363934,0.26357145
3.529161467,1.814675634,0.249699088
3.718535209,1.806367482,0.269570309
3.892268081,1.82867127,0.211456361
4.052583247,1.835783438,0.156341842
4.199304502,1.845887441,0.156341842
4.336267085,1.857434872,0.197583999
4.460385559,1.851833618,0.163465487
4.569478001,1.846382331,0.140594836
4.664477914,1.824708402,0.196084284
4.746836166,1.808774446,0.200583428
4.817714949,1.800781225,0.192709926
4.876649386,1.785327162,0.30106432
4.922218603,1.759345442,0.229827867
4.954572559,1.730255663,0.124472902
4.975195863,1.700910941,0.152217626
4.984752089,1.663786699,0.025866654
4.982993804,1.630985246,-0.013875788
4.970715796,1.593268636,-0.146600548
4.948255477,1.553081325,-0.205839283
4.915327922,1.521562087,-0.153724193
4.873297771,1.479072788,-0.373432411
4.823177256,1.43438273,-0.301446101
4.764711445,1.385448615,-0.36518398
4.697979067,1.335104814,-0.592765701
4.622597723,1.28949246,-0.388429559
4.538803601,1.230907993,-0.550398758
4.446990346,1.178314692,-0.646005576
4.347139214,1.123426902,-0.445793651
4.2400225,1.054307277,-0.61901071
4.125302794,0.997593643,-0.599889346
4.003936093,0.935878622,-0.5470244
3.876578474,0.867268884,-0.61601128
3.7418578,0.800357518,-0.575893909
3.60087253,0.72595157,-0.615261423
3.455617138,0.671551171,-0.603638633
3.30659399,0.609933628,-0.649754863
3.152314731,0.531156152,-0.710118384
2.990376244,0.450811525,-0.630258571
2.820058719,0.361765083,-0.641506432
2.645534806,0.290081029,-0.634382787
2.466545821,0.209736402,-0.493034667
2.283924046,0.136755136,-0.497158882
2.097354564,0.04534672,-0.462290513
1.90416058,-0.040115519,-0.350561761
1.710524214,-0.12053138,-0.374557198
1.510698232,-0.213848122,-0.315318463
1.312319368,-0.280069641,-0.263953231
1.109014304,-0.400927756,-0.220086573
0.905090654,-0.461885446,-0.115481466
0.703011517,-0.617505829,-0.056992589
0.492879507,-0.695465987,0.052111663
0.297357388,-0.835369865,0.135345835
0.079236238,-1.066629671,0.193084854
-0.050449516,-0.49634778,0.259822163
-0.034205056,-0.093612369,0.36442727
-0.03180569,-0.193643867,0.413917859
-0.035760895,-0.091104177,0.35580391
-0.031070884,-0.100968232,0.371550916
-0.034943611,-0.083549607,0.265071165
-0.031569502,-0.069171555,0.218954935
-0.034062594,-0.069047833,0.27519424
-0.032266818,-0.044089635,0.162340701
-0.033170329,-0.059075051,0.149968054
-0.033406517,-0.039680616,0.091104248
-0.032660464,-0.046406619,-0.026248435
-0.033725183,-0.042946139,-0.044619942
-0.032922895,-0.037284899,-0.140976617
-0.03366145,-0.034956667,-0.167596555
-0.033414015,-0.032291009,-0.151099692
-0.033695191,-0.035249101,-0.172470628
-0.033987613,-0.030146487,-0.214837571
-0.033972617,-0.028616827,-0.260578873
-0.034647439,-0.03251221,-0.226085432
-0.035483468,-0.036250129,-0.240332723
-0.036300753,-0.031724885,-0.268827304
-0.037035559,-0.030945059,-0.267702518
-0.037582914,-0.027060923,-0.28157488
-0.037702882,-0.029756573,-0.344562902
-0.038655131,-0.030663871,-0.40267685
-0.038347712,-0.020282431,-0.368933267
-0.039007538,-0.029921537,-0.384305344
-0.039333702,-0.02015121,-0.346812474
-0.039071271,-0.030292704,-0.259454087
-0.040612114,-0.022018295,-0.236208507
-0.039078769,-0.019266407,-0.193466635
-0.041661837,-0.032474719,-0.132728186
-0.039326204,-0.006601724,-0.026248435
-0.041564363,-0.04411213,0.021742438
-0.041099485,0.003738476,0.07310767
-0.039671113,-0.048146233,0.103101966
-0.044612308,-0.00531576,0.033740157
-0.035828377,-0.023765406,0.056235879
-0.050543242,-0.052225325,0.017243294
-0.02574354,0.089163223,0.015743579
-0.121204582,-1.021216024,-0.035621653
-0.476873161,-1.886403563,-0.065990877
-0.821467164,-1.634740795,0.058110522
-1.125613098,-1.750874961,-0.136477473
-1.43764695,-1.777014147,0.056610808
-1.716940697,-1.78684446,0.315311611
-1.992496681,-1.764285728,0.084355531
-2.253082868,-1.672386171,0.365177128
-2.512401889,-1.723217364,0.480655167
-2.75805577,-1.703969146,0.233202225
-2.987262743,-1.74265679,0.48852867
-3.208611791,-1.770768036,0.601382209
-3.417671585,-1.801211264,0.436413581
-3.617400093,-1.826319429,0.539144044
-3.800224314,-1.82613572,0.518897895
-3.968363664,-1.845440175,0.28081817
-4.12341147,-1.850988941,0.224953794
-4.266829848,-1.867676479,0.181087136
-4.399904707,-1.872565391,0.067858669
-4.518500889,-1.860485579,0.057735594
-4.621568672,-1.849523017,0.06448431
-4.711046294,-1.837049542,0.080231316
-4.788137187,-1.829161297,0.035239872
-4.85408977,-1.816087955,0.103101966
-4.908157993,-1.792764393,0.242200514
-4.949115927,-1.766602713,0.136845549
-4.977540921,-1.736331946,0.214830719
-4.993684158,-1.704872695,0.251573732
-4.998809054,-1.673687132,0.08473046
-4.993316755,-1.640079608,0.03861423
-4.977196012,-1.60118576,-0.068615378
-4.951039169,-1.561024693,-0.147725334
-4.915359841,-1.522711966,-0.290573169
-4.871556408,-1.482344696,-0.379056342
-4.8197076,-1.439877893,-0.394803347
-4.759663456,-1.394636706,-0.673000443
-4.69106782,-1.343040684,-0.654254008
-4.613590779,-1.288261619,-0.586391913
-4.527573494,-1.232755217,-0.779480194
-4.432697297,-1.174631896,-0.551523544
-4.330293089,-1.116077422,-0.455541797
-4.22024465,-1.052724015,-0.5496489
-4.1026607,-0.989408099,-0.422548071
-3.979145817,-0.929252731,-0.417299069
-3.848684018,-0.862491332,-0.407925852
-3.711320291,-0.790942248,-0.401926993
-3.568036878,-0.727446373,-0.404926422
-3.420513335,-0.666226241,-0.438295077
-3.269203291,-0.595187044,-0.615636352
-3.111467444,-0.517185645,-0.672250585
-2.944883934,-0.424356295,-0.692871664
-2.772017083,-0.350359005,-0.806849989
-2.59601231,-0.274678341,-0.676374801
-2.415122578,-0.191930498,-0.588266557
-2.231874718,-0.116857198,-0.630258571
-2.041837401,-0.016604499,-0.450667724
-1.848287262,0.051949001,-0.431921289
-1.651670432,0.154121273,-0.37380734
-1.450907198,0.223255894,-0.175844986
-1.251651065,0.316475158,-0.149974906
-1.044701964,0.417087776,-0.038621082
-0.844549819,0.493304572,0.036364658
-0.634841446,0.666167369,0.058485451
-0.432616098,0.691620457,0.157841557
-0.226615496,0.972680435,0.213705933
-0.024431387,0.869574621,0.259447234
0.022742406,0.177249878,0.304438678
-0.001311242,0.121079873,0.341181691
0.0091335,0.132312375,0.29244096
0.004001105,0.049988188,0.202458072
0.006235515,0.086700021,0.146593696
0.005924347,0.032951977,0.090354391
0.005249525,0.054273484,0.133471191
0.007094038,0.028921624,0.167214774
0.005148302,0.025581117,0.187835853
0.007157771,0.030125106,0.245949801
0.005958088,0.017400437,0.155591984
0.006737882,0.022574286,0.116974328
0.006895341,0.013047655,0.108725897
0.006869098,0.016789323,-0.009751572
0.007382712,0.011562985,-0.025498578
0.007420202,0.008713619,-0.06524102
0.008046287,0.008916074,-0.199840423
0.008016295,0.00587925,-0.282699666
0.008631132,0.010202038,-0.325066609
0.009695851,0.011881664,-0.350186832
0.010486892,0.006557849,-0.32769111
0.011427894,0.013156381,-0.328815896
0.012222684,0.005448095,-0.337439256
0.012260174,0.000881611,-0.331065468
0.013024972,0.007048989,-0.426672287
0.012893757,0.002857422,-0.406051208
0.01363981,0.01041574,-0.299196529
0.013696045,-0.008360083,-0.257204514
0.013654806,0.007033993,-0.096735031
0.014978206,0.002531244,-0.012751002
0.013471104,0.002977395,0.001496289
0.016305356,0.013640023,0.082105959
0.013816013,-0.012071757,0.120723615
0.016387834,0.028524212,0.145468909
0.015274378,-0.02599616,0.141344694
0.014712026,0.033173178,0.109475754
0.018914667,-0.022089529,-0.019874647
0.010588115,0.010082065,-0.122605111
0.025314227,0.023605306,-0.227585147
-0.000291512,-0.096937879,-0.297321885
0.107230095,1.133553399,-0.29019824
0.466418994,1.983256883,-0.28457431
0.805869356,1.678509674,-0.057742446
1.112999502,1.784063693,-0.089986314
1.425505729,1.785908283,0.054361235
1.706137872,1.807199797,0.346430693
1.983163468,1.787546669,0.167214774
2.244660665,1.686202962,0.465283091
2.50657775,1.734368498,0.639250007
2.755973142,1.720849005,0.426665434
2.989600199,1.753384268,0.604756567
3.211886499,1.775699304,0.587884775
3.422640846,1.812186188,0.406044356
3.626287069,1.837178128,0.392921851
3.813943764,1.846093645,0.37305063
3.987327979,1.863665986,0.326559472
4.145599934,1.864213364,0.215955505
4.29141018,1.882839221,0.175463205
4.427443008,1.886187226,0.039364087
4.550429281,1.88392273,-0.120355539
4.658794415,1.86962716,-0.043495155
4.752654629,1.852988361,-0.028872936
4.834143111,1.850941316,0.066358954
4.904422052,1.835142331,0.228703081
4.962970341,1.81739003,0.36442727
5.009113156,1.794043973,0.35580391
5.041827018,1.759469164,0.353554338
5.061970448,1.725884135,0.451410729
5.070776873,1.693836264,0.155966913
5.068639937,1.663524257,0.140594836
5.055807076,1.62278207,0.051361806
5.031974619,1.578230731,-0.427797073
4.998188541,1.539554334,-0.402301921
4.955674768,1.500424289,-0.55564776
4.905168105,1.461447959,-0.740862537
4.846627314,1.411089161,-0.527528107
4.779883689,1.360775354,-0.543650041
4.704701042,1.313730819,-0.517405032
4.620734465,1.259176704,-0.447668294
4.528812489,1.200824685,-0.49790874
4.428770157,1.138626021,-0.393303633
4.320952379,1.080648918,-0.427797073
4.20590276,1.01356509,-0.46041587
4.084007449,0.95175634,-0.321317322
3.956057486,0.893951698,-0.508781672
3.821595494,0.82147657,-0.596889917
3.680666459,0.755221309,-0.508406743
3.534620025,0.689937081,-0.747611254
3.385266965,0.625323954,-0.73448875
3.230848992,0.556807946,-0.66812637
3.068786788,0.472609176,-0.862339436
2.89874669,0.387634328,-0.784729195
2.723540457,0.314450608,-0.776480764
2.5446377,0.229996895,-0.834219784
2.361453573,0.156584475,-0.672250585
2.175742614,0.075771202,-0.49490931
1.982687344,-0.015828422,-0.349436975
1.788102478,-0.087250034,-0.275201092
1.589449936,-0.192800304,-0.142851261
1.388371784,-0.256828561,-0.103483747
1.186847501,-0.365239445,-0.12860397
0.979081116,-0.444016921,0.032990299
0.777650557,-0.556435664,0.043863232
0.565231651,-0.696564492,-0.047619371
0.365754327,-0.748141769,0.022492296
0.153050495,-1.058625202,-0.006002285
-0.028791486,-0.758650681,-0.153349264
-0.047232866,-0.137458865,0.000746431
-0.029481303,-0.173019704,0.197958927
-0.039348698,-0.131733888,0.13084669
-0.032514253,-0.086826378,0.284567457
-0.036297004,-0.099626031,0.411293358
-0.034137574,-0.056641843,0.292815889
-0.034767408,-0.079391782,0.371925844
-0.035187297,-0.049450942,0.431914436
-0.034032602,-0.056593104,0.358428411
-0.035652174,-0.048176226,0.307063179
-0.03407759,-0.042458748,0.256822733
-0.035194795,-0.04271744,0.169089418
-0.034913619,-0.036070169,-0.029247865
-0.035014842,-0.040895345,-0.089611386
-0.035183548,-0.033438254,-0.10573332
-0.03525103,-0.037622324,-0.214837571
-0.035644676,-0.032643431,-0.213712785
-0.035528457,-0.030750102,-0.31906775
-0.03634949,-0.034892931,-0.457791369
-0.037414209,-0.031151263,-0.463790228
-0.038134019,-0.033786927,-0.430421574
-0.038970048,-0.033247047,-0.375307055
-0.039393686,-0.026596026,-0.23545865
-0.039611128,-0.029314172,-0.085862099
-0.04032344,-0.026641016,-0.116231323
-0.040132241,-0.029974025,-0.086611956
-0.04134692,-0.030236467,-0.060366947
-0.040795816,-0.020166207,-0.165346983
-0.041770558,-0.034611743,-0.178469487
-0.041748064,-0.014058815,-0.172845557
-0.041376912,-0.03377193,-0.233209078
-0.043607573,-0.02118598,-0.282324737
-0.040548381,-0.02118598,-0.24108258
-0.044840997,-0.035515292,-0.245956653
-0.040548381,0.000116781,-0.204714496
-0.04486724,-0.061313304,-0.076488881
-0.042299169,0.028258021,-0.028872936
-0.041718072,-0.086421468,0.001496289
-0.048627498,0.056256793,-3.43e-06
-0.030096141,-0.157723107,0.024366939
-0.233798599,-1.513159091,-0.066365806
-0.61896064,-1.831369555,0.047612519
-0.936348077,-1.636442917,0.217080291
-1.251759787,-1.810906607,0.116599399
-1.553033979,-1.768402312,0.435663723
-1.831319243,-1.817580123,0.433414151
-2.104757036,-1.720559205,0.160840986
-2.364109799,-1.697820513,0.388422707
-2.624182371,-1.740212333,0.220079721
-2.865971022,-1.729159792,0.077606815
-3.095650371,-1.773542419,0.365552056
-3.312534349,-1.791343459,0.281942956
-3.520548168,-1.837113278,0.26919538
-3.718383426,-1.848833171,0.452910443
-3.899614319,-1.86110794,0.374550345
-4.067513731,-1.87203301,0.376799917
-4.220458343,-1.878564057,0.449161156
-4.363179405,-1.89684499,0.406794213
-4.494780903,-1.896455077,0.36442727
-4.612780993,-1.892904617,0.295440389
-4.715623835,-1.876651982,0.196834141
-4.803568112,-1.862315172,0.160466057
-4.880141641,-1.85369209,0.043863232
-4.945220706,-1.837649408,0.08173103
-4.998782811,-1.819544686,0.148843268
-5.039901953,-1.791467182,-0.041620512
-5.06797454,-1.76113268,0.082480888
-5.084346467,-1.730468251,-0.014250717
-5.089163945,-1.694491254,-0.143601118
-5.082884353,-1.660808747,0.062234738
-5.066317478,-1.620943865,-0.199090566
-5.039482064,-1.58023542,-0.169846127
-5.00295546,-1.542976208,-0.086611956
-4.958424719,-1.501487937,-0.369308196
-4.906156021,-1.459452288,-0.286448953
-4.845826952,-1.414338574,-0.383180558
-4.77751999,-1.366904126,-0.452167438
-4.700515325,-1.312380004,-0.396677991
-4.614501788,-1.252288372,-0.60738792
-4.520064227,-1.194611202,-0.527153178
-4.417472568,-1.13474077,-0.550398758
-4.306760554,-1.073295689,-0.747611254
-4.188558017,-1.007902735,-0.638881931
-4.064094634,-0.945966513,-0.660252867
-3.933587847,-0.88277432,-0.728864819
-3.795976686,-0.80999551,-0.571019836
-3.652247141,-0.746398407,-0.553023259
-3.504629872,-0.684972071,-0.608887635
-3.353046151,-0.614206563,-0.5065321
-3.1953253,-0.53905453,-0.508781672
-3.029090448,-0.447957295,-0.539525826
-2.855282595,-0.368100059,-0.51815489
-2.678704224,-0.301593603,-0.553773116
-2.497349614,-0.212963319,-0.560521833
-2.312853334,-0.142568978,-0.566145763
-2.124416844,-0.053297587,-0.48628595
-1.929539556,0.02930029,-0.453292225
-1.733976198,0.116258446,-0.398927563
-1.532410675,0.203396562,-0.253080299
-1.332292271,0.274731943,-0.291697955
-1.126074226,0.39535761,-0.199090566
-0.921468257,0.455610457,-0.073489451
-0.715253962,0.621762247,-0.077613667
-0.504402141,0.67955939,0.06748374
-0.305378447,0.862023801,0.221954364
-0.084801695,1.033244463,0.259822163
0.025554163,0.387746803,0.246699658
0.003131335,0.06782297,0.389922422
0.005868112,0.163914095,0.389172564
0.007187763,0.059004932,0.22607858
0.00424854,0.085923944,0.323185113
0.007915071,0.049174619,0.258322448
0.004709668,0.042988495,0.142844409
0.007596405,0.040768988,0.215955505
0.005620677,0.021333312,0.129721904
0.006891592,0.034804065,0.094103678
0.006962823,0.016856808,0.170589132
0.006767874,0.025172458,0.148468339
0.007521425,0.016279436,0.097103107
0.006962823,0.016024493,0.071233027
0.007761362,0.013849976,0.054361235
0.007547668,0.010108309,-0.01912479
0.008046287,0.008631137,-0.093735601
0.008256231,0.004143386,-0.126354398
0.008721108,0.012837702,-0.204339568
0.010018266,0.011682959,-0.29019824
0.010816805,0.008608642,-0.332565183
0.011495376,0.011214313,-0.39967742
0.01242513,0.010314513,-0.461915585
0.012432628,0.007277688,-0.410925281
0.013024972,0.009489696,-0.408675709
0.013148689,0.002576234,-0.398552634
0.013711041,0.006445374,-0.248206226
0.014457094,0.001102812,-0.228335005
0.013748531,0.003052378,-0.223460931
0.01549557,0.00263997,-0.115481466
0.013887244,-0.001461617,-0.09710996
0.016106658,0.016373165,-0.076488881
0.014760764,-0.012577895,-0.004502571
0.015398095,0.022323092,0.047612519
0.016717747,-0.018872744,0.034490014
0.013572327,0.018798876,0.016868365
0.020118099,0.000739143,-0.020249576
0.010618108,-0.019547594,-0.103858676
0.024541931,0.069210162,-0.16909627
0.004818389,-0.154015182,-0.188592562
0.063692842,0.828371287,-0.206214211
0.39365071,1.959550906,-0.220461502
0.749701688,1.730116944,-0.018374932
1.05397134,1.746939452,-0.01912479
1.371137586,1.802183413,0.096728178
1.655158834,1.791779477,0.461158875
1.933575313,1.810476568,0.313811896
2.197471876,1.686532889,0.436788509
2.458575426,1.723450927,0.599132636
2.712016,1.722003749,0.37605006
2.947697514,1.745222334,0.493027814
3.172713094,1.770634181,0.553766264
3.384865821,1.79873418,0.425540648
3.590678972,1.837789242,0.371550916
3.78169478,1.839221424,0.295815318
3.957744541,1.85739738,0.189710496
4.119596801,1.858128468,0.057735594
4.268226302,1.862484999,0.083980603
4.406411062,1.87807778,0.134595977
4.532531507,1.877207973,0.103851824
4.644296993,1.866804038,0.166089988
4.740717781,1.856100169,0.199833571
4.8245269,1.844961397,0.206207359
4.896875295,1.831584372,0.256822733
4.957980409,1.809809216,0.419916718
5.006732535,1.788180278,0.388422707
5.042374373,1.759694114,0.314936682
5.065895662,1.725048071,0.332183402
5.077405123,1.698458986,0.102352109
5.078016211,1.6622083,0.020242724
5.067657697,1.621717307,-0.187842705
5.045883446,1.583149637,-0.367808481
5.014230555,1.538032173,-0.352061476
4.973411334,1.495422901,-0.614511566
4.924093108,1.455325571,-0.615636352
4.867089411,1.414320942,-0.679749159
4.802355255,1.363665961,-0.794477342
4.729380775,1.311080158,-0.493409595
4.647941031,1.26342076,-0.542150326
4.558051018,1.198766392,-0.514405603
4.459935677,1.13503057,-0.270327019
4.354206097,1.080963848,-0.432296217
4.240648585,1.016928092,-0.478037519
4.1199792,0.958328628,-0.457041512
3.993513845,0.897595888,-0.560896761
3.860555206,0.8283113,-0.565770835
3.720960818,0.763761909,-0.578143482
3.57595661,0.699047555,-0.667001584
3.427345853,0.637445008,-0.747236325
3.274513712,0.56703942,-0.783229481
3.114745901,0.482038328,-0.779480194
2.946182914,0.396182427,-0.755109828
2.771062908,0.324085965,-0.721741174
2.593101152,0.245743392,-0.600639204
2.410108225,0.167978191,-0.531652323
2.224562222,0.092668693,-0.444668864
2.032864094,-0.006691704,-0.308194818
1.837818099,-0.075680108,-0.262453516
1.641167529,-0.171643761,-0.154099122
1.439422054,-0.244670016,-0.120355539
1.239269908,-0.338819072,-0.130853542
1.031619742,-0.43453528,-0.11135725
0.829540605,-0.514632463,-0.167971484
0.619262383,-0.686149309,-0.143601118
0.414633919,-0.716303851,-0.092235886
0.20885076,-0.996853943,-0.022499148
0.002535242,-0.92022099,-0.008251858
-0.053178796,-0.22792999,0.064859239
-0.028105417,-0.139809592,0.244075158
-0.037811604,-0.164340385,0.158966343
-0.033069106,-0.078885645,0.228703081
-0.034280036,-0.108875223,0.374550345
-0.03430253,-0.0599786,0.302938963
-0.033065357,-0.077097292,0.435663723
-0.034977352,-0.055115932,0.460783946
-0.032851663,-0.051497987,0.361802769
-0.034823643,-0.052135345,0.365552056
-0.033586469,-0.038630849,0.215580576
-0.034186311,-0.045176893,0.103476895
-0.034250044,-0.034847941,0.022492296
-0.034017606,-0.03876207,-0.118855824
-0.034373762,-0.03453676,-0.149599977
-0.034145072,-0.033839415,-0.194216493
-0.034823643,-0.033134572,-0.265827875
-0.034692427,-0.030273958,-0.267702518
-0.03547597,-0.033775679,-0.290948097
-0.036518195,-0.031083778,-0.306320174
-0.037028061,-0.029936533,-0.258704229
-0.038100277,-0.033078334,-0.281199951
-0.038632637,-0.02720714,-0.263953231
-0.038767601,-0.027765766,-0.236208507
-0.039532399,-0.026843471,-0.29019824
-0.039374941,-0.024372771,-0.220461502
-0.040488397,-0.030337694,-0.219336716
-0.039918547,-0.016803205,-0.292447812
-0.040465903,-0.030971303,-0.268077447
-0.041541869,-0.01844159,-0.272201662
-0.040237213,-0.026438561,-0.281199951
-0.043063967,-0.025527514,-0.260953801
-0.0399073,-0.011955533,-0.204339568
-0.043412625,-0.042143818,-0.125229612
-0.040799565,0.006591591,-0.026998293
-0.042235435,-0.057586633,0.031115656
-0.043858757,0.018221504,0.075732171
-0.037995305,-0.055543337,0.109850683
-0.051030613,-0.00333995,0.074607385
-0.024708814,-0.002155213,0.094478606
-0.171520045,-1.278255095,-0.046869514
-0.547924398,-1.874582443,-0.018749861
-0.878838264,-1.626125212,0.097478036
-1.190313513,-1.792483206,-0.082862669
-1.4991832,-1.772980044,0.185211352
-1.778701887,-1.810194266,0.269570309
-2.055363829,-1.749131599,0.046112804
-2.316028746,-1.683378726,0.313436967
-2.577049818,-1.736264462,0.272569739
-2.823078599,-1.721380272,0.13084669
-3.054891134,-1.762444888,0.464158304
-3.274725583,-1.781895561,0.511774249
-3.484246505,-1.822540269,0.394796495
-3.685249676,-1.844709088,0.542143474
-3.869978394,-1.85126263,0.468657449
-4.040355903,-1.863503657,0.322810185
-4.196104774,-1.868969941,0.383173705
-4.340306695,-1.885417532,0.297315033
-4.473973898,-1.891037532,0.197958927
-4.595820472,-1.886497292,0.19420964
-4.702213626,-1.870417119,0.096728178
-4.79361449,-1.857100082,0.086230175
-4.872864813,-1.844180456,0.033365228
-4.940223275,-1.829847394,0.080231316
-4.99643968,-1.811810156,0.217080291
-5.040014423,-1.783983846,0.092603963
-5.070906266,-1.755988824,0.158966343
-5.09012744,-1.725508104,0.210706503
-5.098251545,-1.694270053,0.097103107
-5.095338564,-1.660085158,0.056610808
-5.081332263,-1.619327974,0.02136751
-5.056929957,-1.577614753,-0.004127642
-5.022255363,-1.53505797,-0.195341279
-4.979051772,-1.495369299,-0.275201092
-4.927990256,-1.455541908,-0.406801066
-4.8687484,-1.4117479,-0.705994168
-4.801888555,-1.362330143,-0.597264845
-4.726825877,-1.309999284,-0.617510995
-4.643515377,-1.257792147,-0.79485227
-4.551398452,-1.196976926,-0.629883642
-4.450730036,-1.135355633,-0.631758286
-4.342653575,-1.075410218,-0.684623232
-4.226445512,-1.014205083,-0.606263134
-4.103260542,-0.949959375,-0.558272261
-3.974002175,-0.880697282,-0.506157171
-3.83780814,-0.818104956,-0.479162305
-3.695214544,-0.752149627,-0.421798214
-3.547676005,-0.684927081,-0.487410736
-3.39705203,-0.620741359,-0.599139489
-3.241340649,-0.54669908,-0.560146904
-3.076957807,-0.461248088,-0.592015844
-2.90441712,-0.377116803,-0.665501869
-2.727913729,-0.306400034,-0.556397617
-2.547196451,-0.223742171,-0.552273401
-2.362722665,-0.152950419,-0.592390772
-2.175114707,-0.062929194,-0.447668294
-1.98057108,0.022289349,-0.45179251
-1.785618811,0.094449547,-0.403801636
-1.585129254,0.194331079,-0.2557048
-1.384669689,0.258355586,-0.242582295
-1.180828518,0.379914796,-0.157098552
-0.973684468,0.438656728,-0.111732179
-0.770379405,0.583127091,-0.019874647
-0.556610854,0.688396174,0.104601681
-0.358400696,0.774387045,0.192334997
-0.138041386,1.064343795,0.34155662
0.016481559,0.580232735,0.264696236
0.01079806,0.070769815,0.270320167
0.002370286,0.168101913,0.282692814
0.009463412,0.079231682,0.092978891
0.003558722,0.074755178,0.14809341
0.008454929,0.066008374,0.17696292
0.005294513,0.037675926,0.157466628
0.007528923,0.053456166,0.26657088
0.00674538,0.022086894,0.255697947
0.006546683,0.035107748,0.263196521
0.007521425,0.018405213,0.270695095
0.006584173,0.021985667,0.202458072
0.00791882,0.020028602,0.206582288
0.007420202,0.015083452,0.097852965
0.00791882,0.014993472,-0.003002856
0.00807253,0.008818596,-0.014250717
0.008331211,0.011536741,-0.164597126
0.008623634,0.006584093,-0.217462072
0.008882316,0.008631137,-0.226460361
0.010052007,0.013141384,-0.338189114
0.010828052,0.01001458,-0.340063757
0.011439141,0.007892552,-0.386929845
0.012560095,0.010093312,-0.481786806
0.012758792,0.004255861,-0.44016972
0.01337363,0.00524564,-0.432671146
0.013726037,0.002490003,-0.368558338
0.013696045,0.009223506,-0.273701377
0.014787007,0.004120891,-0.237708222
0.014074695,0.002313793,-0.104233605
0.015769247,0.011889163,-0.089611386
0.014505831,-0.005345753,-0.066740735
0.015877969,0.01747542,0.011994292
0.016035427,-0.011089476,-0.011626216
0.014861987,0.0180153,0.09635325
0.01837106,-0.005147048,0.113974899
0.013403622,-0.000471838,0.023992011
0.020448012,0.024448869,-0.004877499
0.01235015,-0.048408674,-0.0911111
0.02117532,0.09151395,-0.208088855
0.012905004,-0.150772153,-0.253080299
0.028995755,0.51219662,-0.210338427
0.310921307,1.849239195,-0.256079728
0.682845593,1.791074634,-0.101984033
0.987805062,1.702748032,-0.074239309
1.306362191,1.812786054,-0.094485459
1.597109163,1.773273594,0.316436397
1.87617797,1.824468455,0.280068313
2.144085973,1.699231314,0.319435826
2.404623423,1.712094703,0.575512128
2.661951721,1.719724256,0.404169712
2.90029878,1.725265523,0.464158304
3.128137365,1.762296036,0.587884775
3.342618227,1.785687082,0.484779383
3.550238401,1.827036634,0.44241244
3.744808271,1.833380223,0.415417573
3.923812251,1.847454592,0.263946379
4.0883563,1.848534352,0.129346975
4.238909044,1.858668348,0.134970906
4.379879318,1.87232281,0.119973758
4.508789027,1.871599221,0.07910653
4.62389863,1.860940342,0.088479747
4.723862232,1.849482891,0.100102537
4.8101382,1.830028469,0.10497661
4.885272109,1.809809216,0.108350968
4.948705358,1.805640144,0.222329293
5.000093038,1.78187793,0.290191388
5.03874908,1.748750299,0.244450086
5.064714724,1.715427711,0.306313322
5.07911842,1.680710434,0.273319596
5.082320075,1.65042842,0.030365798
5.074833302,1.613949035,-0.128978899
5.05632069,1.573416802,-0.138727045
5.027232122,1.532415922,-0.377556627
4.989063451,1.49219112,-0.51215603
4.942380778,1.447632282,-0.429296788
4.887420292,1.404569362,-0.692871664
4.824369442,1.356396328,-0.702994739
4.753366941,1.308875649,-0.478787376
4.674161607,1.259037985,-0.595015273
4.586569737,1.191864178,-0.48066202
4.491082453,1.139218389,-0.315693392
4.387909697,1.086205182,-0.386179987
4.276481622,1.019143849,-0.417299069
4.157671746,0.959798301,-0.493784524
4.032586028,0.896789817,-0.480287091
3.90060588,0.829207351,-0.566145763
3.762016227,0.765171595,-0.642256289
3.617851796,0.699939856,-0.58451727
3.469957101,0.636121552,-0.800851129
3.318467105,0.569476378,-0.860839721
3.160378851,0.490668908,-0.756984472
2.993941552,0.406961279,-0.876586727
2.820227425,0.333282669,-0.790728055
2.643307894,0.259600309,-0.593890487
2.461432172,0.178258404,-0.595765131
2.275942404,0.10432485,-0.482161734
2.085755127,0.008428682,-0.364059194
1.890206765,-0.063529061,-0.361434693
1.694111048,-0.153685255,-0.265827875
1.492365573,-0.238506387,-0.19796578
1.292749535,-0.309418113,-0.133103115
1.086583978,-0.421739377,-0.052493444
0.883012735,-0.485550182,0.007495148
0.67634106,-0.65759941,0.076482029
0.466122823,-0.70417155,-0.001503141
0.266368072,-0.908384873,0.051361806
0.047283425,-1.035282894,0.084355531
-0.054089805,-0.37587208,-0.03637151
-0.030047404,-0.107173102,0.102352109
-0.034047598,-0.186936609,0.083230745
-0.034193809,-0.082319881,0.049112234
-0.031648231,-0.109043936,0.231327582
-0.034471236,-0.068369234,0.245574872
-0.031254585,-0.069805164,0.318685969
-0.034006359,-0.064811275,0.390297351
-0.032045626,-0.049360962,0.364052342
-0.033222815,-0.055115932,0.37605006
-0.03282542,-0.036932477,0.244075158
-0.032626723,-0.04608794,0.131596548
-0.033260306,-0.03588646,0.058485451
-0.032877907,-0.039204472,-0.109482607
-0.033500242,-0.036148901,-0.091860958
-0.033207819,-0.031916093,-0.081737883
-0.033691442,-0.034997907,-0.188592562
-0.033766422,-0.031188755,-0.178469487
-0.034291283,-0.031312477,-0.233958935
-0.035269775,-0.033220803,-0.35956005
-0.035865867,-0.033100829,-0.377556627
-0.036960578,-0.032069809,-0.408300781
-0.037804106,-0.029831557,-0.403801636
-0.037695384,-0.025107607,-0.294697384
-0.038493923,-0.028316894,-0.233209078
-0.038385202,-0.024515239,-0.158223338
-0.038973797,-0.028020709,-0.121855254
-0.039408682,-0.020001243,-0.103108819
-0.038977546,-0.026910956,-0.081362954
-0.040585871,-0.023911623,-0.147725334
-0.038951303,-0.023544205,-0.120730468
-0.041556865,-0.033359522,-0.155598837
-0.039558642,-0.005454479,-0.240332723
-0.041245697,-0.045075666,-0.208463783
-0.041429398,0.002827428,-0.222336145
-0.039153749,-0.044190862,-0.201715067
-0.044938472,-0.010373385,-0.132728186
-0.035535955,-0.014853638,-0.100109389
-0.050127102,-0.066018507,-0.120730468
-0.02692073,0.11012481,-0.068990307
-0.108424207,-0.943405832,-0.069740164
-0.457063392,-1.88524882,-0.056242731
-0.808390617,-1.648031589,0.17696292
-1.114478539,-1.749581499,0.12522276
-1.430538827,-1.787136895,0.277068883
-1.713375388,-1.789187689,0.5346449
-1.991990564,-1.775484487,0.258697377
-2.255482234,-1.672041248,0.352804481
-2.516893203,-1.727258965,0.433039222
-2.767780702,-1.714365583,0.106851253
-3.001422754,-1.74279176,0.273694525
-3.22459757,-1.768769731,0.371925844
-3.435786801,-1.801934853,0.13947005
-3.640239062,-1.834545099,0.279318455
-3.829279142,-1.836187234,0.316061468
-4.003042006,-1.852990996,0.194584569
-4.162513645,-1.855409208,0.304438678
-4.309062446,-1.868133877,0.297689962
-4.44586757,-1.878770261,0.257197662
-4.570912049,-1.872749101,0.297689962
-4.680855516,-1.8594883,0.264696236
-4.775986645,-1.844375412,0.285692243
-4.858007486,-1.83121584,0.265071165
-4.928571352,-1.818989809,0.251573732
-4.987681993,-1.79848562,0.352429552
-5.034019756,-1.772676362,0.154467198
-5.067877066,-1.744527623,0.014243864
-5.089403881,-1.712922154,0.149218196
-5.099874866,-1.681440407,-0.147725334
-5.099792388,-1.647896619,-0.34793726
-5.088965247,-1.609902571,-0.147350405
-5.067569647,-1.568744226,-0.351311618
-5.036175437,-1.528245735,-0.425172572
-4.995648639,-1.485737691,-0.222336145
-4.946476624,-1.445524137,-0.416174283
-4.88961164,-1.401681389,-0.47766259
-4.824678787,-1.350681484,-0.332940112
-4.751104466,-1.303134561,-0.43717029
-4.669286072,-1.248246771,-0.496783954
-4.579328577,-1.188844985,-0.452542367
-4.481333204,-1.134159649,-0.483661449
-4.37539368,-1.072654581,-0.569145193
-4.26136754,-1.00666551,-0.66812637
-4.140012087,-0.945692824,-0.586391913
-4.012174595,-0.88263935,-0.614886494
-3.877547646,-0.813579712,-0.734113821
-3.73612749,-0.744850001,-0.560896761
-3.589601184,-0.683757341,-0.637382216
-3.440045677,-0.62253346,-0.771231762
-3.28537652,-0.549803389,-0.559771975
-3.123085626,-0.467164272,-0.612636922
-2.952580651,-0.38158206,-0.64788022
-2.776740835,-0.312162502,-0.397802777
-2.597549404,-0.232567708,-0.403801636
-2.413349296,-0.161952166,-0.438670005
-2.226607359,-0.080227846,-0.304070602
-2.032941,0.017407935,-0.320567465
-1.837332655,0.080652616,-0.359934978
-1.63808402,0.185434308,-0.241457509
-1.435656225,0.247243058,-0.19796578
-1.233584586,0.353464429,-0.220836431
-1.025285842,0.436617182,-0.196840994
-0.82337541,0.533570615,-0.125979469
-0.610375407,0.686352879,-0.082112811
-0.409087311,0.717534692,-0.018000004
-0.196098555,1.030361354,0.22607858
-0.005971262,0.785773263,0.190460353
0.019859417,0.121166104,0.182961779
-1.03e-05,0.138610973,0.404544641
0.010708084,0.116089733,0.270320167
0.004301026,0.060107187,0.268070594
0.008016295,0.082092296,0.380174276
0.006374228,0.034654099,0.284567457
0.006752878,0.053628628,0.281942956
0.00784384,0.025937288,0.232827297
0.006561679,0.030672484,0.121848401
0.00841369,0.023893992,0.054736164
0.007015309,0.020249803,0.010119649
0.008095024,0.018671404,0.034490014
0.007903824,0.012747722,-0.01912479
0.008207494,0.017752858,-0.038621082
0.008537407,0.01019454,0.019117938
0.008379949,0.014142411,-0.106483177
0.009032276,0.008267468,-0.157098552
0.009043523,0.007465147,-0.096360102
0.009883302,0.011889163,-0.205839283
0.010966765,0.009530937,-0.250080869
0.011611595,0.008286214,-0.253455227
0.012796282,0.011514246,-0.355810763
0.013193677,0.005031938,-0.363684265
0.01352359,0.006291658,-0.344187973
0.014235902,0.00587925,-0.340063757
0.013920985,0.006250417,-0.330315611
0.01522939,0.008443679,-0.288323597
0.014419604,-0.001296654,-0.256079728
0.015638032,0.013347588,-0.332940112
0.015638032,-0.006875413,-0.274451235
0.015349358,0.013096394,-0.169846127
0.017186373,-0.002702591,-0.155973765
0.014430851,0.004803239,-0.012001145
0.018880926,0.015473365,0.085105389
0.014235902,-0.02204079,0.071233027
0.019255827,0.042058701,0.067108811
0.01587422,-0.053215105,0.059985166
0.016605276,0.072764371,0.039739016
0.02151648,-0.090710514,-0.035621653
0.0066704,0.192670198,-0.017250146
0.220393962,1.629354358,-0.132353257
0.600401114,1.887469441,-0.138727045
0.913091042,1.655024898,-0.017250146
1.228660209,1.812928522,-0.128229042
1.528269842,1.760721386,0.147718482
1.807173692,1.818750977,0.218580006
2.080281572,1.722783575,0.09635325
2.340612826,1.692662775,0.363302484
2.601427703,1.712897024,0.274069454
2.844161105,1.704821321,0.233952083
3.074983901,1.750399932,0.466407877
3.292448975,1.760241493,0.463408447
3.501497522,1.807743426,0.461908732
3.700584949,1.817532498,0.469782235
3.883086756,1.828903719,0.369676272
4.051466042,1.838854005,0.271070024
4.205404142,1.840087481,0.218205077
4.348620073,1.858683344,0.229827867
4.481248799,1.857716059,0.152217626
4.600441074,1.84782201,0.131596548
4.704149938,1.830002224,0.140219908
4.794129927,1.811942492,0.086605104
4.872562965,1.805775114,0.100102537
4.939550276,1.789462492,0.161965772
4.994019642,1.760383961,0.281568028
5.035914829,1.734184789,0.174713348
5.065565749,1.70662092,0.262071735
5.082597501,1.673587019,0.331433545
5.088753376,1.640883044,-0.088111671
5.084464508,1.605374693,-0.031497437
5.069014838,1.562173053,0.007495148
5.043214151,1.523365436,-0.363684265
5.007654791,1.482998165,-0.318692821
4.963255266,1.435623704,-0.381680843
4.910971573,1.395762571,-0.69099702
4.850410065,1.349111698,-0.692871664
4.781267074,1.293155396,-0.678999302
4.703932495,1.246796958,-0.717991887
4.617993939,1.192291583,-0.629133785
4.523740079,1.134648156,-0.539900754
4.422198143,1.082864675,-0.493409595
4.313023223,1.01765543,-0.563146334
4.196518988,0.956663998,-0.559771975
4.073637687,0.898266988,-0.408300781
3.944120639,0.832866537,-0.510281387
3.807364252,0.76550902,-0.511781102
3.664155819,0.693408809,-0.39967742
3.516774738,0.633954535,-0.643756004
3.365925822,0.572640674,-0.670001013
3.209314679,0.497938541,-0.600639204
3.044793124,0.414305895,-0.754734899
2.872458632,0.334726098,-0.658753152
2.696277656,0.268437094,-0.546274542
2.515699091,0.184800699,-0.601389061
2.330670452,0.114241394,-0.565770835
2.141780332,0.019788655,-0.437545219
1.946145743,-0.065426139,-0.389554346
1.750143751,-0.13343601,-0.353936119
1.548413272,-0.23049067,-0.185593133
1.347440093,-0.292760568,-0.094485459
1.142916602,-0.407380071,-0.095985173
0.936064975,-0.467059296,-0.027373221
0.732774908,-0.613670432,0.019492866
0.519741164,-0.709049215,-0.020999433
0.32189091,-0.815851707,0.108350968
0.10168156,-1.082218704,0.212206218
-0.045350863,-0.569816437,0.095978321
-0.03593335,-0.095531942,0.222329293
-0.029312598,-0.192102959,0.251573732
-0.03543848,-0.098973676,0.083230745
-0.029650009,-0.096143056,0.18558628
-0.033897637,-0.084678106,0.224953794
-0.030384815,-0.058467687,0.196084284
-0.03271295,-0.070847433,0.262071735
-0.031603243,-0.046095439,0.274444382
-0.031786945,-0.05719297,0.232452368
-0.032503006,-0.040400456,0.143969195
-0.031535761,-0.044385819,0.13947005
-0.03282542,-0.041858881,0.111725326
-0.032169344,-0.038507127,-0.020249576
-0.03260048,-0.035372824,-0.011626216
-0.03237179,-0.031518681,-0.07086495
-0.032450519,-0.034019375,-0.23245922
-0.032967883,-0.028215666,-0.22683529
-0.03324156,-0.033363271,-0.28157488
-0.034111331,-0.033749435,-0.355810763
-0.034887376,-0.027874492,-0.320192536
-0.035599688,-0.030543898,-0.352811333
-0.03672814,-0.029902791,-0.379056342
-0.036761881,-0.024170316,-0.351311618
-0.037230507,-0.029122964,-0.359934978
-0.037567918,-0.023720416,-0.352436404
-0.03759791,-0.02954662,-0.245581725
-0.038636386,-0.023124299,-0.136852402
-0.03793907,-0.02347672,-0.112856965
-0.039689858,-0.029347914,-0.083987455
-0.038253987,-0.012791597,0.000371503
-0.039836069,-0.037356133,0.00974472
-0.039626125,-0.00563069,0.011244435
-0.038827585,-0.038983271,0.127472332
-0.041965507,-0.012521657,0.126347546
-0.037245503,-0.019255159,0.024366939
-0.044383618,-0.040632904,-0.057742446
-0.03566717,0.019826147,-0.124479755
-0.045905716,-0.100926991,-0.225710504
-0.03434002,0.130576511,-0.246706511
-0.060718055,-0.578671967,-0.247456368
-0.359337948,-1.80356949,-0.363309337
-0.73055742,-1.707830787,-0.152224478
-1.035430663,-1.688271388,-0.113606822
-1.35418274,-1.798001978,-0.080988025
-1.642834016,-1.764027036,0.366301914
-1.922401441,-1.79601492,0.310062609
-2.190039515,-1.67225495,0.397795925
-2.450689436,-1.705899966,0.665869945
-2.706908026,-1.709859085,0.383548634
-2.943871701,-1.720967864,0.427415292
-3.170829269,-1.754249211,0.571012984
-3.384279153,-1.775075828,0.313811896
-3.590759628,-1.819743392,0.337432404
-3.783649941,-1.817925046,0.416167431
-3.96099311,-1.835579869,0.243700229
-4.124644895,-1.840581256,0.202833001
-4.274114174,-1.847472223,0.1597162
-4.414372137,-1.864178507,0.035239872
-4.542539541,-1.856518961,0.018743009
-4.656411971,-1.845961309,-0.01050143
-4.755764485,-1.829637441,0.041988588
-4.840919498,-1.816552851,0.128972047
-4.915356092,-1.806362618,0.162340701
-4.978122017,-1.784385007,0.353554338
-5.028418735,-1.761496349,0.345305907
-5.066399956,-1.731030626,0.391047208
-5.090970967,-1.698922768,0.46828252
-5.104354933,-1.668828213,0.134595977
-5.106938001,-1.632273844,0.064859239
-5.098581458,-1.59651055,-0.053243302
-5.079960125,-1.558021612,-0.372682554
-5.051208967,-1.515629792,-0.424047786
-5.01314152,-1.474737638,-0.548524114
-4.966717529,-1.434550328,-0.580767983
-4.912473103,-1.39075257,-0.600639204
-4.84973717,-1.343505581,-0.631383357
-4.778577211,-1.292475682,-0.473163446
-4.698914498,-1.238438953,-0.48066202
-4.610569077,-1.181684078,-0.392928704
-4.514189528,-1.124666761,-0.304445531
-4.409862078,-1.068279304,-0.431921289
-4.2976842,-1.004832168,-0.441669435
-4.178465682,-0.943968207,-0.417673998
-4.052926333,-0.882395654,-0.498283669
-3.920402579,-0.813088571,-0.59314063
-3.780729462,-0.746690842,-0.575144052
-3.635346604,-0.684810857,-0.637757145
-3.486072272,-0.624216836,-0.739362823
-3.33256156,-0.552802722,-0.706369097
-3.171867744,-0.472514332,-0.710118384
-3.002539959,-0.388652987,-0.702244881
-2.827457443,-0.317516311,-0.615261423
-2.649491938,-0.244010163,-0.550023829
-2.466315309,-0.168258264,-0.511406173
-2.280574358,-0.095082042,-0.374182269
-2.088715022,0.007536381,-0.290948097
-1.892814254,0.07321802,-0.281949809
-1.695046478,0.169271653,-0.074239309
-1.491332773,0.24467113,0.010494577
-1.290295861,0.326391702,-0.003377784
-1.081592223,0.430517289,0.136095692
-0.877788541,0.495572817,0.115474613
-0.667559056,0.671817362,0.042363517
-0.460482489,0.697517895,0.00412079
-0.256112707,0.950462877,0.010119649
-0.042764046,0.945438995,-0.043120227
0.026963791,0.241360617,-0.080238168
0.000660737,0.104767252,0.140219908
0.009797074,0.149701006,0.105726467
0.006411718,0.05209147,0.149218196
0.006775372,0.089586879,0.385798206
0.008162506,0.041871243,0.273319596
0.006276754,0.051015459,0.312312181
0.008631132,0.029420263,0.404544641
0.006524189,0.028692925,0.249699088
0.008503666,0.0339755,0.187835853
0.00765639,0.016725587,0.1192239
0.008162506,0.022184372,-0.001128212
0.008514913,0.011379276,-0.049494015
0.008181251,0.018577675,-0.067115663
0.008826081,0.012953926,-0.068615378
0.008747352,0.01244029,-0.130853542
0.009373436,0.011799183,-0.204339568
0.009388432,0.00861989,-0.253830156
0.009755835,0.009605921,-0.388054631
0.01000327,0.006734059,-0.448043223
0.010007019,0.007168963,-0.375307055
0.010464398,0.003337315,-0.338938971
0.010573119,0.005586815,-0.240707652
0.010468147,0.004968202,-0.084737312
0.010288195,0.003491031,-0.078363524
0.010085748,0.004473312,-0.092985744
0.009954533,0.002377529,-0.043120227
0.009710847,0.00358476,-0.084737312
0.009560887,0.001908883,-0.094860387
0.00943342,0.000761638,-0.076488881
0.009377185,0.002043853,-0.142101404
0.009279711,0.001983866,-0.178844416
0.009009782,-0.000385607,-0.164597126
0.008946049,-0.000288129,-0.10573332
0.008946049,0.000682905,-0.076488881
0.008811085,-0.001236668,-0.013125931
0.008807336,-0.00010067,0.030365798
0.008777344,0.001811404,-0.07386438
0.008679869,-0.001289156,-0.097859817
0.008724857,-0.002387661,-0.120730468
0.008578646,0.000360477,-0.183343561
0.008421188,-0.002743832,-0.149225049
0.008338709,-0.004622164,-0.09710996
0.008394945,-0.001112945,-0.042745298
0.00848867,9.43e-05,-0.043495155
0.008050036,-0.002267688,-0.076488881
0.008046287,-0.001701564,-0.097859817
0.008263729,-0.000659296,-0.15184955
0.008008797,-0.000670543,-0.130853542
0.008087526,-0.001787795,-0.134227901
