0.001286822,-0.000659296,-0.087361813
0.002756434,0.002834927,-0.09710996
0.000312079,-0.018741524,-0.100484318
0.00322506,0.015597088,-0.113606822
0.000188362,-0.040539175,-0.104608533
0.003078848,0.031433565,-0.10835782
0.001155606,-0.045529315,-0.113981751
0.000323326,0.023425346,-0.117731038
0.005639422,-0.022978081,-0.113231894
-0.008558079,-0.005375747,-0.099359532
0.111001599,1.976272187,-0.109107678
0.319450304,3.372334133,-0.041620512
0.468803365,2.940996334,-0.005627357
0.623806183,2.813693403,0.043863232
0.764465289,2.702429403,0.15109284
0.887620268,2.658320465,0.052111663
1.002437448,2.642787671,0.092229034
1.09588902,2.51921141,0.214080862
1.184365656,2.479477749,0.061109952
1.258963457,2.392568332,0.102727038
1.326003254,2.350862609,0.083230745
1.381207426,2.269247015,-0.079488311
1.424958373,2.196355729,-0.016500289
1.459617971,2.139630848,-0.109482607
1.483008044,2.089860669,-0.132728186
1.498390232,2.041983819,-0.096360102
1.504291174,1.969864862,-0.222711074
1.502232967,1.896662396,-0.169846127
1.492403063,1.800121371,-0.196840994
1.473946687,1.727664989,-0.266202803
1.446282742,1.643200028,-0.176219915
1.410251007,1.533649398,-0.193841564
1.366927447,1.432549388,-0.179969202
1.316124613,1.310292833,-0.127104255
1.259690765,1.195688327,-0.185593133
1.19665866,1.098419964,-0.217087144
1.127354461,0.989926599,-0.207338997
1.050840916,0.861780105,-0.254954942
0.968565143,0.752416933,-0.311194247
0.884726032,0.630370332,-0.322442108
0.79494849,0.500427987,-0.418048927
0.7021305,0.370886804,-0.460790799
0.599527594,0.202485515,-0.408675709
0.493348133,0.081511175,-0.39105406
0.383348431,-0.089285831,-0.328440967
0.269742181,-0.204516448,-0.251955513
0.161601987,-0.424221325,-0.139851831
0.04139748,-0.617648297,-0.098609674
-0.013982896,-0.245003692,-0.092610815
0.000488282,-0.043118601,0.016118508
-0.001749876,-0.099078653,0.013868936
-0.001648653,-0.031136266,-0.000753284
-0.000306508,-0.050935612,0.085480317
-0.001993562,-0.028088194,-0.009751572
-0.000212782,-0.024515239,-0.083987455
-0.001866096,-0.027844499,0.000746431
-0.000553942,-0.015022351,-0.07086495
-0.001262505,-0.023547954,-0.09973446
-0.001015071,-0.011194452,-0.034496867
-0.001052561,-0.016300817,-0.047619371
-0.001581171,-0.012589142,-0.03337208
-0.001195023,-0.010223418,-0.046494585
-0.001551179,-0.011839309,-0.028123079
-0.001502442,-0.010984499,0.034490014
-0.001794865,-0.012390436,-0.00187807
-0.001802363,-0.011648102,0.033365228
-0.002173515,-0.010418375,0.053986307
-0.002435945,-0.01183556,-0.011626216
-0.002255993,-0.011768075,0.002246146
-0.002552165,-0.009278629,-0.034496867
-0.002705874,-0.0103059,-0.089611386
-0.002728368,-0.00819137,-0.133852972
-0.002604651,-0.006759189,-0.173595414
-0.002390957,-0.00855504,-0.208838712
-0.002604651,-0.008397575,-0.239957794
-0.002514675,-0.006984139,-0.252330441
-0.002297232,-0.007359056,-0.299196529
-0.002383459,-0.007040376,-0.24970594
-0.002196009,-0.007584006,-0.211088284
-0.002181013,-0.009559816,-0.202089996
-0.002364714,-0.0080564,-0.125979469
-0.002240997,-0.007546514,-0.10835782
-0.002147272,-0.007134106,-0.093735601
-0.002255993,-0.007887688,-0.100859247
-0.002226001,-0.008453812,-0.108732749
-0.002034801,-0.006717948,-0.097484888
-0.002016056,-0.007617748,-0.136102544
-0.002049797,-0.006886661,-0.119230753
-0.001869845,-0.006444259,-0.112856965
-0.0018511,-0.007516521,-0.111732179
-0.001881092,-0.007377801,-0.106858106
-0.00188859,-0.0073853,-0.139851831
-0.001944825,-0.00675544,-0.117731038
-0.001843602,-0.006886661,-0.079113382
-0.00203855,-0.008723752,-0.018374932
-0.002447192,-0.010714559,0.007495148
-0.002852085,-0.009623552,-0.014250717
-0.003178249,-0.009604806,-0.013875788
-0.003695613,-0.010039709,-0.033747009
-0.003755597,-0.009964726,-0.025873506
-0.004003031,-0.016626994,-0.009376644
-0.004209227,-0.010609583,-0.010876359
-0.004209227,-0.01251041,-0.020624505
-0.004685351,-0.00801141,-0.074239309
-0.004164239,-0.008982444,-0.122605111
-0.005517632,-0.01588091,-0.150724764
-0.00442667,-0.000741778,-0.147350405
-0.005468894,-0.022929342,-0.133103115
-0.005064001,0.003760971,-0.12298004
-0.004212976,-0.02132095,-0.121105396
-0.006559856,-0.007658989,-0.151099692
-0.002840838,-0.008787488,-0.156348694
-0.007961986,-0.027495826,-0.125979469
-0.001442458,0.030522518,-0.090361243
-0.008606816,-0.077888366,-0.064116234
-0.000868859,0.112246838,-0.055492874
-0.017192049,-0.44438059,-0.091486029
-0.223417591,-1.558276555,-0.097484888
-0.47195446,-1.578293352,-0.09710996
-0.662606614,-1.532890952,-0.112856965
-0.853929842,-1.621521236,-0.06524102
-1.015677129,-1.619549175,0.013119078
-1.166586029,-1.710207758,0.065234168
-1.297565191,-1.695038632,0.02999087
-1.409919272,-1.717863555,0.047612519
-1.513403195,-1.682655137,0.101227323
-1.602479672,-1.684405997,0.087354961
-1.681242623,-1.6897898,0.102352109
-1.743015061,-1.67445946,0.128222189
-1.792981866,-1.690295937,0.131971476
-1.829725913,-1.681297939,0.136470621
-1.856156434,-1.67971954,0.091104248
-1.873285661,-1.648980128,0.020992581
-1.879606491,-1.61485147,-0.022874077
-1.8771134,-1.576418769,-0.034871795
-1.864734169,-1.51815298,-0.030372651
-1.843094883,-1.462579093,-0.074614237
-1.811625693,-1.385957387,-0.073114523
-1.771136385,-1.299434134,-0.133852972
-1.722121828,-1.22932473,-0.249331012
-1.665343072,-1.154210189,-0.204714496
-1.600863849,-1.062925495,-0.162347553
-1.530202508,-0.97412275,-0.201340138
-1.452635492,-0.868212559,-0.217087144
-1.366539477,-0.768473496,-0.243332153
-1.277298043,-0.677503732,-0.34793726
-1.183194143,-0.573813048,-0.383930415
-1.085003822,-0.471963205,-0.34793726
-0.979004313,-0.33829044,-0.382055772
-0.866009152,-0.22424081,-0.378306485
-0.747536687,-0.087081321,-0.389554346
-0.624209254,0.016901798,-0.445043793
-0.502302696,0.145243248,-0.424797643
-0.370292556,0.285945699,-0.426672287
-0.245379291,0.401539985,-0.353186262
-0.107456962,0.686645313,-0.245206796
0.000844438,0.469842291,-0.226460361
0.003588714,0.056999128,-0.178469487
-0.005528879,0.095870481,-0.168721341
5.71e-05,0.054273484,-0.145100833
-0.00442667,0.034406654,-0.092610815
-0.001416215,0.042429869,-0.071239879
-0.003196994,0.013448816,-0.041620512
-0.002282236,0.028565453,0.010869506
-0.002297232,0.007952538,0.012369221
-0.002754611,0.017299209,-0.022499148
-0.001836104,0.007840063,0.048362376
-0.002540918,0.006411631,0.069733312
-0.001701139,0.009797128,0.068608526
-0.002124777,0.003509777,0.120348687
-0.002012307,0.006902772,0.091854105
-0.001806112,0.002782438,0.055111093
-0.001671147,0.001305267,0.01274415
-0.001449956,0.001522719,-0.004877499
-0.001326238,0.001590204,0.007495148
-0.0010938,-0.000134413,0.01274415
-0.000988827,0.002302545,0.060360095
-0.000670162,0.003172352,0.046862661
-0.000441472,0.0020551,0.030365798
-0.000467715,0.001230284,0.003370932
-0.000583934,0.00070915,-0.067115663
-0.000538946,0.001316515,-0.091486029
-0.000666413,-0.000404353,-0.13722733
-0.000632672,-3.32e-05,-0.130853542
-0.000700154,-0.000899243,-0.171345842
-0.000958835,-0.001536601,-0.256829586
-0.000861361,-9.69e-05,-0.254954942
-0.001003823,-0.000588062,-0.269202233
-0.001003823,-0.000681791,-0.240707652
-0.000613926,0.00111031,-0.209963498
-4.41e-05,0.00353977,-0.216337286
0.000173366,0.001234033,-0.210338427
0.000818195,0.003562265,-0.228709933
0.001579244,0.002797435,-0.251205655
0.001466774,0.0009341,-0.251580584
0.002385282,0.002849923,-0.232084291
0.00223907,0.000686655,-0.218961787
0.003097593,0.007603866,-0.195341279
0.003161327,-0.002650103,-0.146225619
0.003371271,0.010175794,-0.123354969
0.004533464,-0.001011718,-0.113606822
0.003018864,0.003528522,-0.071239879
0.005635673,0.009264746,-0.028123079
0.003131335,-0.010703312,-0.015750432
0.006018072,0.02444512,0.010119649
0.004117324,-0.026798481,0.02136751
0.004582201,0.036116273,0.008619934
0.007165269,-0.030558895,0.008245005
0.000469537,0.022578035,0.017243294
0.013538586,0.00713522,0.028491155
-0.011433569,-0.064893757,0.025116797
0.108204838,1.236692956,0.037114515
0.448528719,2.043337268,0.069733312
0.75264841,1.773652259,0.088479747
1.030749972,1.904925558,0.009369791
1.302714404,1.93044988,0.095978321
1.542504833,2.03919444,0.249324159
1.778711208,2.109776239,0.17133899
1.995381492,2.089099588,0.278193669
2.206630707,2.176110233,0.415792502
2.399209853,2.211648577,0.364052342
2.576193117,2.287183025,0.43941301
2.739781168,2.333222783,0.590134348
2.888845555,2.373237632,0.586759989
3.028027551,2.402537364,0.578136629
3.149799145,2.39891567,0.485904169
3.258550427,2.38538493,0.361427841
3.353291659,2.388905397,0.187835853
3.435282507,2.35805351,-0.007127072
3.506404976,2.298213071,0.196459213
3.56588302,2.25501518,-0.283074595
3.614327727,2.187518945,-0.630258571
3.651150503,2.120180174,-0.172095699
3.677682247,2.059439936,-0.575144052
3.694549043,1.996408957,-0.592390772
3.701383488,1.925347265,0.005620504
3.698200579,1.855260356,0.120723615
3.685600156,1.779639677,0.111350398
3.664691927,1.700682242,-0.063741305
3.636094479,1.636444031,-0.181843846
3.600430147,1.570185021,-0.326191395
3.557275293,1.501691507,-0.41992357
3.505853872,1.433704131,-0.359185121
3.445794731,1.367242665,-0.315693392
3.376816696,1.295322414,-0.492284809
3.299497114,1.222044964,-1.473098289
3.213985945,1.149839776,-2.122099868
3.120586859,1.075538804,-0.855215791
3.020132136,1.005226945,0.231327582
2.913052912,0.930839743,-0.176594844
2.799135495,0.849966483,-0.145850691
2.678488604,0.773839667,-0.267327589
2.554351385,0.702463045,-0.713117814
2.426273956,0.621049905,-0.453667153
2.292471789,0.532160928,-0.012376073
2.150391808,0.429403787,0.259822163
1.999715347,0.339791221,-0.082862669
1.844806254,0.244352451,-0.346062616
1.684401112,0.151230666,-0.532027252
1.522687566,0.063661396,-0.893458518
1.354446993,-0.049762123,-0.20658914
1.184140716,-0.127823508,0.215580576
1.010370353,-0.25526141,-0.064491163
0.83270102,-0.333806438,-0.238083151
0.658229593,-0.466384446,-0.672625514
0.473519619,-0.574337931,-0.906206094
0.301747479,-0.66712979,-0.896832877
0.11122654,-0.94615772,-0.281199951
-0.027040698,-0.552157865,0.266195951
-0.02449512,-0.080951435,0.636625506
-0.015759927,-0.156650846,0.998431702
-0.022107001,-0.083485871,0.567638626
-0.016457243,-0.074682829,0.374550345
-0.020532417,-0.070828687,0.369301343
-0.017825631,-0.040779121,0.200958357
-0.019606411,-0.056503124,0.083980603
-0.018879103,-0.028545593,-0.022499148
-0.018489206,-0.040138014,-0.334439827
-0.01949769,-0.0262661,-0.954946825
-0.018680406,-0.0291867,-0.8814608
-0.019733877,-0.030408928,-0.475787947
-0.019141534,-0.022978081,-0.259829015
-0.019407714,-0.024140323,0.280443241
-0.019475196,-0.019375133,0.542518403
-0.019696387,-0.019989996,0.268820452
-0.019906332,-0.017886714,-0.020249576
-0.01991383,-0.018516574,-0.077988596
-0.020157516,-0.018985219,-0.282324737
-0.020322472,-0.019416373,-0.320192536
-0.02063364,-0.017215613,0.080981173
-0.02082109,-0.015194813,-0.027373221
-0.02089982,-0.014246274,-0.226460361
-0.02067113,-0.013935093,-0.287573739
-0.020524919,-0.01408131,-0.397427848
-0.020344966,-0.013237748,-0.305945245
-0.020296229,-0.013863859,-0.125229612
-0.020922314,-0.016012131,0.005620504
-0.021402187,-0.018741524,-0.217837001
-0.021499661,-0.016806954,-0.377931556
-0.022313196,-0.015550983,-0.484786235
-0.022616866,-0.011906794,-0.561646619
-0.022811815,-0.01511608,-0.213337856
-0.02347164,-0.012142991,0.077231886
-0.023287939,-0.01246542,0.246699658
-0.024427638,-0.017695506,0.395171424
-0.023884032,-0.00842007,0.269570309
-0.02513995,-0.020717334,-0.075739024
-0.024806288,-0.006702952,-0.251580584
-0.024671324,-0.022813118,-0.159723052
-0.026410864,-0.00837133,-0.227210218
-0.023962761,-0.015457254,-0.215962357
-0.027955456,-0.020214946,-0.140601689
-0.023272943,0.007311431,-0.329565754
-0.028187895,-0.049079775,-0.30182103
-0.024716312,0.038748188,-0.041620512
-0.025893501,-0.081262616,0.155966913
-0.029672503,0.078778033,0.292815889
-0.017105821,-0.203972819,0.411293358
-0.223417591,-1.581457648,0.269570309
-0.58184919,-1.842658294,-0.01912479
-0.87313602,-1.588802264,-0.156348694
-1.163526836,-1.68902497,-0.275950949
-1.433864198,-1.623328334,0.001871217
-1.684410537,-1.693216537,0.23170251
-1.930120652,-1.620598941,0.193834712
-2.1609397,-1.565118783,0.328809044
-2.38758235,-1.570528829,0.15409227
-2.594463969,-1.55870396,0.082105959
-2.790919591,-1.596229362,0.2433253
-2.972641604,-1.605684759,0.223829008
-3.141691963,-1.64119311,0.278568598
-3.297785743,-1.64703806,0.16833956
-3.435663084,-1.653546612,-0.009001715
-3.560250184,-1.662477125,-0.10835782
-3.669151427,-1.658360541,-0.20358971
-3.765096091,-1.661637312,-0.006002285
-3.848444081,-1.651105905,0.18558628
-3.91744461,-1.639314778,0.12522276
-3.973601031,-1.628348467,-0.215962357
-4.016193533,-1.613370549,-0.332940112
-4.046103135,-1.600705866,-0.014250717
-4.064814444,-1.583613419,-0.068615378
-4.071671383,-1.55532971,-0.038621082
-4.066846408,-1.522708217,0.185961209
-4.051865364,-1.485797678,0.071233027
-4.028137879,-1.450919186,0.06748374
-3.99518783,-1.4182677,0.130471761
-3.954061191,-1.375092304,0.148468339
-3.905815181,-1.329622419,0.151842697
-3.848886464,-1.280905756,-0.046869514
-3.783035104,-1.223655991,-0.233209078
-3.707702497,-1.163928027,-0.421423285
-3.623301035,-1.101444427,-0.508406743
-3.530861695,-1.036325163,-0.517779961
-3.430253263,-0.970707259,-0.628758856
-3.322506715,-0.904242044,-0.582267697
-3.207850742,-0.832895415,-0.566145763
-3.085722993,-0.761646265,-0.542150326
-2.957323149,-0.693186494,-0.44879308
-2.825500459,-0.627951005,-0.373432411
-2.689332667,-0.55478978,-0.312319033
-2.545408173,-0.470313572,-0.281199951
-2.393899432,-0.37821156,-0.182218774
-2.234206602,-0.287410508,-0.230209648
-2.071173404,-0.212322212,-0.295072313
-1.903896327,-0.116474783,-0.28719881
-1.732120438,-0.038199695,-0.375307055
-1.557843959,0.063455192,-0.442794221
-1.376268158,0.149052401,-0.418798784
-1.196473136,0.230851705,-0.371182839
-1.00972745,0.347308299,-0.395178276
-0.825538589,0.409386989,-0.40267685
-0.636925896,0.576903476,-0.328440967
-0.447087276,0.610297297,-0.325066609
-0.262887168,0.82512076,-0.296572028
-0.062768763,0.919802198,-0.147350405
0.018052394,0.277918735,-0.026998293
-0.00594127,0.07528756,0.006370362
5.71e-05,0.14253635,0.092978891
-0.001371226,0.041552564,0.196459213
-0.002270989,0.07955786,0.114724756
-0.00010781,0.036517434,0.088104818
-0.002660886,0.041282624,0.132346405
8.71e-05,0.033338141,0.041238731
-0.001869845,0.018686401,-0.040495726
-0.000583934,0.024565093,-0.03937094
-0.001135039,0.010292018,-0.097859817
-0.00082762,0.020838422,-0.172845557
-0.000452719,0.009122278,-0.115856395
-0.000793879,0.010539463,-0.022499148
8.71e-05,0.010858142,0.066358954
-0.000205284,0.009320984,0.109100826
0.000252095,0.008736114,0.107601111
0.000357067,0.005545574,0.072357813
0.000653239,0.0085749,-0.002252998
0.000971905,0.006872779,-0.044245013
0.001676719,0.009418462,-0.054743016
0.002966378,0.009590924,-0.045369799
0.003296291,0.007210203,-0.086986885
0.004004854,0.00870987,-0.145850691
0.00436101,0.004690764,-0.149225049
0.004724664,0.007296434,-0.161597696
0.00545947,0.000877862,-0.170221056
0.005238278,0.003206094,-0.130853542
0.006546683,0.007735087,-0.154099122
0.005718151,-0.002545126,-0.230209648
0.007000313,0.01370001,-0.230209648
0.006955325,-0.006642965,-0.242957224
0.006764125,0.01167546,-0.27857545
0.008803587,-0.002995026,-0.24108258
0.006003076,0.003412298,-0.172845557
0.010273199,0.013182625,-0.154474051
0.005545697,-0.021654626,-0.160847839
0.01076057,0.042767294,-0.170221056
0.007307732,-0.053432557,-0.208838712
0.008065032,0.074916392,-0.195341279
0.013066211,-0.088835931,-0.20358971
-0.001817359,0.188699831,-0.181468917
0.212577276,1.658672836,-0.121105396
0.592172037,1.952678685,-0.060741876
0.905821711,1.689498479,0.020617652
1.224817474,1.81154508,-0.026623364
1.526983931,1.755862467,0.207707074
1.808789515,1.821611591,0.337432404
2.084776635,1.716706177,0.204707644
2.347780934,1.678584657,0.40192014
2.611347584,1.718074623,0.310812466
2.857196412,1.711277385,0.231327582
3.091592016,1.749556369,0.394796495
3.310999077,1.76483797,0.290941245
3.521472247,1.822698849,0.332933259
3.722190494,1.848253164,0.395921281
3.907249125,1.871632964,0.35017998
4.07809526,1.893149427,0.357678554
4.232835648,1.9020387,0.265071165
4.375770403,1.919596044,0.311937252
4.506494633,1.928316604,0.32131047
4.62563817,1.939661581,0.124097974
4.730902873,1.941899833,0.196459213
4.820429232,1.946282608,0.311187395
4.897201459,1.948400887,0.308562894
4.961616949,1.940223956,0.380924133
5.013709443,1.929175163,0.339307047
5.053647646,1.907812416,0.212206218
5.081450304,1.882175618,0.10197718
5.097353605,1.854840449,0.008994863
5.101848668,1.82835634,-0.07386438
5.095730283,1.793965241,-0.163097411
5.079290875,1.748139185,-0.280450094
5.052290505,1.705372448,-0.403426707
5.015122819,1.660483684,-0.500158312
4.968751315,1.614102751,-0.461915585
4.913925792,1.571688436,-0.356935549
4.851516023,1.521742047,-0.39705292
4.781750696,1.468578873,-0.360684836
4.70474603,1.420743264,-0.371557768
4.620280835,1.361243999,-0.583392483
4.527972711,1.295048724,-0.642256289
4.428054096,1.232891301,-0.573644337
4.320127597,1.166467327,-0.601014132
4.204219454,1.094697043,-0.575518981
4.081289417,1.024658873,-0.524153749
3.952132273,0.960750589,-0.641506432
3.817261638,0.889355221,-0.672625514
3.675455335,0.813805777,-0.63925686
3.528152983,0.746613224,-0.628758856
3.378717444,0.679345687,-0.519279676
3.2245694,0.60543088,-0.431921289
3.063200763,0.519991136,-0.403051779
2.89325814,0.428511485,-0.431921289
2.717058419,0.348759226,-0.450292795
2.536895994,0.258872971,-0.354311048
2.352062303,0.18133272,-0.24970594
2.165687769,0.09848365,-0.198715637
1.972804953,0.00219007,-0.139476903
1.778426283,-0.073374371,-0.153724193
1.580576029,-0.181995208,-0.233584006
1.380997482,-0.245491083,-0.274076306
1.1809803,-0.356140219,-0.29019824
0.973956219,-0.441939883,-0.244831867
0.773785328,-0.552975184,-0.14885012
0.562179957,-0.693647641,-0.085862099
0.362578915,-0.738281462,-0.029997722
0.15000255,-1.046125483,-0.004502571
-0.033533983,-0.754072949,0.023242153
-0.053366246,-0.127272381,0.167214774
-0.034996097,-0.163703027,0.212956075
-0.044889735,-0.123144549,0.224953794
-0.038100277,-0.078135811,0.267695666
-0.041819295,-0.094632142,0.112100255
-0.039828571,-0.050257013,-0.006002285
-0.040180978,-0.072242122,-0.091486029
-0.040548381,-0.041566446,-0.20958857
-0.039333702,-0.05022327,-0.170221056
-0.040822059,-0.040475439,-0.156348694
-0.039532399,-0.036583805,-0.163472339
-0.040597118,-0.03867209,-0.118855824
-0.040120994,-0.0305364,-0.175095129
-0.040338436,-0.036531316,-0.182968632
-0.040409668,-0.02846686,-0.124854683
-0.040383425,-0.03170239,-0.101234175
-0.040915784,-0.029239188,-0.061116804
-0.041099485,-0.027900736,-0.071989737
-0.042126714,-0.030798841,-0.109107678
-0.042794038,-0.026656013,-0.140976617
-0.043645063,-0.028725553,-0.155223908
-0.044724778,-0.030236467,-0.129353828
-0.04479226,-0.025864939,-0.119605682
-0.045500823,-0.02671225,-0.137602259
-0.04570327,-0.019191423,-0.162347553
-0.045774501,-0.026014906,-0.220086573
-0.046666765,-0.019941257,-0.316818178
-0.045950704,-0.020391157,-0.317568035
-0.047615265,-0.027964472,-0.241457509
-0.046340601,-0.01242043,-0.18934242
-0.047978919,-0.033985633,-0.093735601
-0.04725536,-0.004978335,-0.006002285
-0.046929196,-0.038075973,0.006370362
-0.049650977,-0.009331117,-0.013500859
-0.044949719,-0.022730636,-0.022499148
-0.052301527,-0.035807727,-0.049119086
-0.043078963,0.0222856,-0.064866091
-0.054359734,-0.101493116,-0.092235886
-0.041718072,0.136908852,-0.16909627
-0.070907864,-0.610138718,-0.223086003
-0.373696657,-1.862333917,-0.29319767
-0.743476509,-1.748816669,-0.16909627
-1.050914074,-1.695784716,-0.142101404
-1.373662596,-1.78000973,-0.068615378
-1.665103135,-1.74207192,0.326184543
-1.948250865,-1.772635121,0.218580006
-2.219772914,-1.646955578,0.173213633
-2.485150336,-1.670057939,0.351304766
-2.745402861,-1.673169747,0.199083714
-2.987712624,-1.68767527,0.268070594
-3.219097772,-1.714309345,0.315311611
-3.435175713,-1.734172427,0.291316174
-3.64441171,-1.780242179,0.29244096
-3.841377197,-1.789108956,0.137595407
-4.023474111,-1.808567128,0.184086566
-4.190736192,-1.81516566,0.131971476
-4.343976976,-1.826503138,0.127847261
-4.485625821,-1.839493998,0.240700799
-4.615585252,-1.844896546,0.080231316
-4.73321419,-1.844866553,0.097478036
-4.835618398,-1.835006246,0.108350968
-4.924031301,-1.826979282,0.068233597
-4.999832534,-1.821348035,0.164215344
-5.064210534,-1.814824486,0.241825585
-5.116089334,-1.79965536,0.313436967
-5.154824106,-1.780590851,0.289066602
-5.18180948,-1.76324346,0.307813037
-5.196411874,-1.737651653,0.183336708
-5.199621026,-1.71028649,-0.008251858
-5.19275284,-1.680544356,-0.030372651
-5.175012524,-1.641365572,-0.198715637
-5.146565037,-1.608496633,-0.356935549
-5.108632553,-1.569782745,-0.401552064
-5.06172494,-1.524072913,-0.440919577
-5.006262086,-1.4859214,-0.472788517
-4.943031284,-1.441126365,-0.458166298
-4.87215625,-1.388930476,-0.287573739
-4.793250836,-1.339141551,-0.263203374
-4.706236314,-1.284782393,-0.271451805
-4.610865249,-1.2222688,-0.161597696
-4.507673748,-1.16306197,-0.229084862
-4.39678928,-1.099329897,-0.334064898
-4.277720722,-1.033059639,-0.329565754
-4.151690253,-0.971048433,-0.324316752
-4.019605133,-0.905329303,-0.411675139
-3.881007982,-0.83822298,-0.401926993
-3.735546394,-0.765646625,-0.364809051
-3.585466026,-0.701262197,-0.47466316
-3.432847577,-0.636319144,-0.523403891
-3.274575622,-0.556656865,-0.532777109
-3.1082283,-0.470647247,-0.565020977
-2.934045546,-0.385151266,-0.585642056
-2.755446459,-0.312289974,-0.539525826
-2.572745954,-0.224398275,-0.482161734
-2.385655359,-0.148867577,-0.47466316
-2.19513442,-0.05845269,-0.361059764
-1.997985231,0.029352778,-0.301071172
-1.800776058,0.104771001,-0.275201092
-1.598374506,0.206069717,-0.178844416
-1.396272875,0.266236333,-0.181468917
-1.191636913,0.388102974,-0.146975477
-0.983844285,0.452382425,-0.113981751
-0.779841906,0.59055044,-0.149225049
-0.56530106,0.69416989,-0.147350405
-0.365778747,0.78029948,-0.046869514
-0.144290986,1.059788558,0.02999087
0.010441904,0.574147839,0.019492866
0.00451097,0.064973604,0.157091699
-0.003759346,0.162853081,0.187460924
0.003416259,0.075696219,0.160840986
-0.002649639,0.069963744,0.2838176
0.002160341,0.064793644,0.256072876
-0.001071306,0.035253965,0.199458642
0.001050634,0.048829695,0.149968054
0.000154621,0.020939649,0.038989159
0.000154621,0.035572644,-0.026248435
0.001159355,0.017404186,-0.11998061
0.000173366,0.018900103,-0.150724764
0.001418037,0.015657074,-0.161597696
0.000795701,0.011596728,-0.220086573
0.001489268,0.013861224,-0.178469487
0.001489268,0.008871084,-0.200215352
0.001717958,0.012001638,-0.243707081
0.002085361,0.005410604,-0.195716208
0.00216409,0.007367668,-0.208838712
0.003168825,0.011682959,-0.179969202
0.003899882,0.009890857,-0.120730468
0.004608444,0.009770884,-0.136102544
0.005759391,0.009103532,-0.129353828
0.005958088,0.005001945,-0.116606252
0.006336738,0.009077288,-0.121105396
0.006921584,0.003251084,-0.097859817
0.006955325,0.007258943,-0.078363524
0.008155008,0.006231671,-0.113606822
0.0072365,0.000158022,-0.194591421
0.00879234,0.012117862,-0.248581154
0.008065032,-0.007194092,-0.275201092
0.008642379,0.016110724,-0.253830156
0.009707098,-0.010223418,-0.188592562
0.007776358,0.010546961,-0.112482036
0.011832787,0.006707815,-0.060366947
0.006696643,-0.01156562,-0.071989737
0.013193677,0.037147294,-0.07386438
0.006741631,-0.052499014,-0.076113952
0.012057727,0.086313857,-0.083987455
0.010389418,-0.127838505,-0.071989737
0.00909226,0.336165777,-0.046869514
0.259912276,1.764886709,-0.109107678
0.636294135,1.867816313,-0.062616519
0.943562995,1.669241735,-0.018000004
1.262240092,1.77827873,-0.10573332
1.558070722,1.720987725,0.189710496
1.838522913,1.773592273,0.221579436
2.110461103,1.653409007,0.082105959
2.372558141,1.63941712,0.276319026
2.634096576,1.64638682,0.134970906
2.87594896,1.630906513,0.132721334
3.106756761,1.671026338,0.240325871
3.325335291,1.686289193,0.17133899
3.535988414,1.726870166,0.274069454
3.734382274,1.729307124,0.212581147
3.916336726,1.737472807,0.187835853
4.083868735,1.748469111,0.21745522
4.237120766,1.753672954,0.114724756
4.378953312,1.766048951,0.185211352
4.509317637,1.768662119,0.13947005
4.626807862,1.76492795,0.086980032
4.729013372,1.754531513,0.15409227
4.81744502,1.746976943,0.07910653
4.893628652,1.740187204,0.121473473
4.957553022,1.726094089,0.214830719
5.009180639,1.706201014,0.232452368
5.047821685,1.683552302,0.248574302
5.073629869,1.66005253,0.251198803
5.087707402,1.636140349,0.17133899
5.090774092,1.607897881,0.010494577
5.08305863,1.575096428,-0.041995441
5.064902174,1.542145008,-0.140601689
5.036357212,1.506257991,-0.277450664
4.99800484,1.468923796,-0.311194247
4.950917274,1.430824771,-0.371182839
4.895428177,1.388237995,-0.418423855
4.831575039,1.343506695,-0.458916155
4.759489075,1.296443414,-0.392553775
4.67899783,1.246894436,-0.295822171
4.590135046,1.197454184,-0.291697955
4.493305616,1.140016961,-0.20658914
4.389180612,1.079752867,-0.198715637
4.277460114,1.022270654,-0.273701377
4.157645503,0.957575045,-0.273701377
4.030928965,0.897115994,-0.254954942
3.898210262,0.833927551,-0.324316752
3.75874709,0.757883217,-0.385805059
3.612524453,0.691511731,-0.380181128
3.463096413,0.636725168,-0.470164016
3.310286765,0.570867318,-0.531652323
3.150770138,0.48814572,-0.553773116
2.983151901,0.401311286,-0.547399328
2.807994405,0.328277532,-0.520029533
2.629564023,0.246913132,-0.548149186
2.445720071,0.164322754,-0.511406173
2.25883942,0.097122702,-0.499783383
2.067096304,-0.002758829,-0.479162305
1.870449482,-0.074806552,-0.404926422
1.672970381,-0.166256209,-0.386554916
1.470246414,-0.245903492,-0.326566324
1.269764355,-0.326859233,-0.263203374
1.061773029,-0.438010757,-0.221586288
0.858441723,-0.502755105,-0.159348124
0.650064249,-0.674241958,-0.155223908
0.441877975,-0.704062824,-0.133852972
0.239607638,-0.936102457,-0.050993729
0.023664662,-0.982205951,-0.06224159
-0.05774509,-0.291560835,-0.067865521
-0.031636984,-0.108001668,0.017243294
-0.03892506,-0.169607963,0.018743009
-0.036435717,-0.06870291,0.076482029
-0.035749648,-0.102426658,0.167214774
-0.037511683,-0.053837467,0.191210211
-0.034714921,-0.065261175,0.286442101
-0.037267997,-0.052855185,0.278568598
-0.035119814,-0.04163768,0.229827867
-0.036870602,-0.047463884,0.23770137
-0.036049569,-0.031244992,0.150717911
-0.036229521,-0.03975185,0.103101966
-0.036619418,-0.028635573,0.014243864
-0.036034573,-0.031781123,-0.106483177
-0.036761881,-0.027488328,-0.117356109
-0.036413223,-0.027124659,-0.196466065
-0.03680312,-0.029970276,-0.260578873
-0.036949331,-0.02667101,-0.288323597
-0.037361722,-0.027510823,-0.325066609
-0.038437688,-0.025426287,-0.313443819
-0.039247475,-0.026014906,-0.338564042
-0.039989778,-0.027049675,-0.316443249
-0.040803314,-0.024204058,-0.231709363
-0.040777071,-0.022295733,-0.21221307
-0.041628096,-0.02635608,-0.209213641
-0.041710574,-0.021096,-0.136102544
-0.041988001,-0.02550127,-0.081737883
-0.042704062,-0.015858415,-0.085862099
-0.041976754,-0.023840389,-0.071239879
-0.043791275,-0.02667101,-0.10835782
-0.042205443,-0.014808648,-0.146225619
-0.044391116,-0.03453676,-0.154099122
-0.043142696,-0.005424486,-0.204714496
-0.043600075,-0.042188808,-0.236958365
-0.045245891,-0.001701564,-0.275576021
-0.0416131,-0.030288955,-0.281949809
-0.048361318,-0.020784819,-0.302945816
-0.03877135,0.008623639,-0.308194818
-0.052117826,-0.086215264,-0.249331012
-0.033601465,0.135326704,-0.19496635
-0.087047352,-0.777486491,-0.118480895
-0.413203724,-1.907035224,-0.085862099
-0.772347635,-1.702971867,0.063359524
-1.077067168,-1.70291563,0.046112804
-1.395444344,-1.760127903,0.094853535
-1.681328851,-1.739679952,0.383173705
-1.961533607,-1.749274068,0.206582288
-2.227728313,-1.627227467,0.224578865
-2.49096505,-1.663864317,0.323560042
-2.746205149,-1.651177139,0.133096262
-2.982557735,-1.665420221,0.256447805
-3.209024182,-1.693197792,0.240325871
-3.422830223,-1.71936697,0.236576584
-3.629850555,-1.753585608,0.305938393
-3.821631162,-1.752205915,0.180337279
-3.998134552,-1.768346075,0.265071165
-4.16006929,-1.773249984,0.199458642
-4.308871246,-1.786642005,0.172838705
-4.446831065,-1.795478789,0.277818741
-4.571564377,-1.795002645,0.148468339
-4.683284875,-1.792190771,0.213331004
-4.779551954,-1.780152199,0.22907801
-4.862476306,-1.773981071,0.175838134
-4.934262349,-1.768218603,0.241450657
-4.993238026,-1.752708304,0.224203936
-5.039568291,-1.732875215,0.195709355
-5.072994464,-1.711175043,0.187835853
-5.094011414,-1.685946905,0.209956646
-5.103796331,-1.660471322,0.035239872
-5.102716616,-1.630485492,-0.088111671
-5.091008457,-1.599787321,-0.059992018
-5.068889298,-1.567773192,-0.196840994
-5.036640314,-1.529801639,-0.262453516
-4.995269989,-1.493266016,-0.271076876
-4.945663089,-1.454042242,-0.263578302
-4.887617167,-1.412865152,-0.296197099
-4.821375909,-1.368471277,-0.320942393
-4.746688132,-1.319330958,-0.200590281
-4.663163938,-1.267911146,-0.261703659
-4.571238213,-1.213075845,-0.308194818
-4.471248367,-1.158394258,-0.267702518
-4.363704266,-1.097189123,-0.355810763
-4.248512185,-1.032857184,-0.400802207
-4.125927056,-0.971652049,-0.356185691
-3.997047339,-0.908965994,-0.323566894
-3.8618168,-0.841829678,-0.358435263
-3.71908824,-0.768612215,-0.282699666
-3.570751161,-0.705176327,-0.250455798
-3.419692301,-0.642040371,-0.340438686
-3.263369831,-0.565107485,-0.36518398
-3.099748039,-0.484043018,-0.421798214
-2.92804713,-0.398363327,-0.442044364
-2.751251316,-0.326281861,-0.464540086
-2.570743983,-0.242514245,-0.46903923
-2.38550165,-0.163541813,-0.427797073
-2.197533786,-0.079575491,-0.435295647
-2.002645251,0.012076621,-0.388429559
-1.806620765,0.088435885,-0.387679702
-1.605501374,0.189299698,-0.386929845
-1.403969593,0.252345673,-0.362934408
-1.200900717,0.365776691,-0.430046645
-0.99283816,0.437277035,-0.416549212
-0.790256656,0.568670307,-0.329190825
-0.576922991,0.682993626,-0.278200522
-0.378480393,0.749991222,-0.166471769
-0.160831618,1.048327358,0.019492866
0.005182043,0.631581312,0.05886038
0.007671386,0.070964771,0.05586095
-0.004602873,0.15481112,0.122598259
0.003926125,0.083914391,0.112475184
-0.002360965,0.063267734,0.112475184
0.002179086,0.068868988,0.10197718
-0.000737644,0.031755993,0.133096262
0.001016893,0.048649735,0.186711066
0.000679482,0.020317288,0.152967483
0.000300832,0.033979249,0.176587992
0.001530507,0.019271271,0.154467198
0.000492032,0.019612445,0.100102537
0.001729205,0.016264439,0.14246948
0.001249332,0.008751111,0.102352109
0.00189791,0.01392496,0.033365228
0.001792938,0.00830496,-0.004877499
0.002119102,0.011525494,-0.114731608
0.002640214,0.007795073,-0.1747202
0.002479007,0.009006054,-0.198715637
0.003393765,0.010423239,-0.216337286
0.00432352,0.007787575,-0.166846698
0.005167047,0.008698622,-0.178469487
0.006104299,0.01055071,-0.231709363
0.006486698,0.00506943,-0.218961787
0.006689145,0.008008776,-0.220086573
0.00746519,0.006220424,-0.227210218
0.007180265,0.001106561,-0.178094559
0.008308717,0.008289963,-0.145475762
0.007873832,-0.001544099,-0.158598266
0.008417439,0.010839396,-0.193466635
0.009167241,-0.008431317,-0.181843846
0.008244984,0.007892552,-0.127479184
0.010726829,0.004068402,-0.100484318
0.007896326,-0.008847475,-0.005252428
0.011787799,0.020920904,0.02999087
0.008417439,-0.027195893,-0.07686381
0.011082985,0.040862717,-0.185968061
0.01098926,-0.042751183,-0.311194247
0.007266493,0.04912213,-0.381680843
0.018348566,-0.036036426,-0.419548642
-0.006173708,0.03240085,-0.352811333
0.160117379,1.428552777,-0.261703659
0.536143082,1.970550959,-0.158223338
0.858081818,1.661585938,-0.003002856
1.169920721,1.783445081,-0.053993159
1.475292581,1.738102667,0.185211352
1.754338894,1.783040171,0.336682546
2.030247285,1.720279132,0.166089988
2.290942193,1.650585885,0.353179409
2.553740296,1.688917359,0.263196521
2.799915289,1.660708634,0.155966913
3.031911525,1.694514863,0.327684258
3.25244329,1.720777771,0.286817029
3.463340098,1.753181813,0.401545212
3.664613198,1.7698731,0.451785657
3.849079486,1.781289311,0.37605006
4.019629449,1.79136332,0.368926415
4.17571948,1.798333019,0.184086566
4.319958891,1.812988509,0.161215915
4.451886553,1.817240063,0.18858571
4.571187549,1.813652111,0.121848401
4.675878653,1.802040944,0.216705362
4.765629953,1.791813219,0.209581717
4.843755572,1.781724214,0.186711066
4.909835623,1.771091579,0.261696806
4.963933837,1.757219665,0.272569739
5.005360397,1.737997691,0.274444382
5.033436733,1.714021774,0.307438108
5.049624958,1.687350207,0.242950371
5.054637385,1.660344965,0.069358383
5.048545244,1.627404792,-0.063366376
5.031839655,1.593456094,-0.225710504
5.004861779,1.561157029,-0.364059194
4.968098987,1.523496656,-0.410175424
4.922750962,1.48675108,-0.427422144
4.869038896,1.447830988,-0.399302492
4.807094003,1.403789535,-0.412050068
4.736942528,1.358060957,-0.370058053
4.657823421,1.304496623,-0.266952661
4.570149073,1.251524656,-0.296197099
4.474403107,1.195035972,-0.265827875
4.370690494,1.135068062,-0.228709933
4.25959983,1.07663731,-0.35356119
4.141161106,1.010449533,-0.413549782
4.016232846,0.949255646,-0.388054631
3.885752302,0.88719945,-0.391428989
3.74821987,0.816302721,-0.334439827
3.603538076,0.744303737,-0.205839283
3.454871085,0.67892953,-0.16909627
3.30284498,0.61765691,-0.205839283
3.144989165,0.537301035,-0.303695673
2.979121716,0.444696635,-0.422173142
2.80559129,0.369045963,-0.510281387
2.628570536,0.293931422,-0.588266557
2.446661072,0.210092572,-0.560896761
2.261647429,0.134858058,-0.507656886
2.072067491,0.037375993,-0.469789087
1.876894031,-0.037761043,-0.423672857
1.680629608,-0.133394769,-0.401552064
1.478989105,-0.217882225,-0.378306485
1.27936557,-0.296884651,-0.37680677
1.07275388,-0.412767623,-0.415799355
0.869490055,-0.474868808,-0.44316915
0.663388231,-0.648792619,-0.453667153
0.455194458,-0.688353819,-0.463415299
0.256122027,-0.896361298,-0.365933837
0.039133078,-1.00869006,-0.24708144
-0.056650379,-0.344229119,-0.125229612
-0.032236826,-0.099059907,0.071607955
-0.036938084,-0.176686389,0.169839275
-0.036398227,-0.070303804,0.230202796
-0.034415001,-0.100638306,0.221954364
-0.036896845,-0.058392703,0.139844979
-0.033995111,-0.062329327,0.175088277
-0.036638164,-0.053814972,0.146218767
-0.034287534,-0.039103244,0.099727608
-0.035738401,-0.053245098,0.146968624
-0.035296018,-0.031983578,0.125972617
-0.035123563,-0.039553144,0.117724186
-0.035723405,-0.029779068,0.078731601
-0.035149807,-0.030918815,0.042363517
-0.035749648,-0.032388488,0.097103107
-0.035502214,-0.026618521,0.125972617
-0.035873366,-0.027327114,0.127472332
-0.036019577,-0.022595666,0.017243294
-0.036458211,-0.02559125,-0.117356109
-0.037226758,-0.027154652,-0.202089996
-0.038010301,-0.025025126,-0.238458079
-0.038835083,-0.029895292,-0.2152125
-0.039731097,-0.027994465,-0.193091707
-0.039731097,-0.019810036,-0.156723623
-0.040289699,-0.026269849,-0.216337286
-0.040792067,-0.018842751,-0.276700807
-0.040544632,-0.021647127,-0.313068891
-0.041898025,-0.024316533,-0.341563472
-0.040942027,-0.018235386,-0.280825023
-0.04255785,-0.030660122,-0.275201092
-0.04183804,-0.012754105,-0.246331582
-0.04255785,-0.033292037,-0.220086573
-0.043442617,-0.009814759,-0.213712785
-0.041365665,-0.029471637,-0.095235316
-0.045253389,-0.020207447,-0.009751572
-0.040068508,-0.005158295,0.092978891
-0.046674263,-0.05026826,0.111725326
-0.039948539,0.032494579,0.002996003
-0.046074422,-0.100465844,-0.104233605
-0.04271156,0.110998366,-0.293947527
-0.045737011,-0.375984555,-0.413174854
-0.307084247,-1.74220314,-0.48066202
-0.685284376,-1.813313572,-0.358810192
-0.991994633,-1.667793443,-0.285699096
-1.310053143,-1.799137975,-0.238458079
-1.603124502,-1.752625822,0.212206218
-1.881818407,-1.803468262,0.206207359
-2.151417214,-1.689767305,0.150342983
-2.41151603,-1.696230867,0.43078965
-2.670152732,-1.712303542,0.328059186
-2.908379824,-1.708906797,0.412793073
-3.136012213,-1.750215108,0.505025533
-3.350714266,-1.768848463,0.406044356
-3.557895806,-1.813122365,0.487403884
-3.752469425,-1.816980256,0.427040363
-3.930363699,-1.830248555,0.479155452
-4.094086714,-1.838339255,0.507650034
-4.243844668,-1.849594251,0.362552627
-4.383071652,-1.863020015,0.395921281
-4.50948452,-1.862735078,0.256822733
-4.623180747,-1.862671342,0.1192239
-4.721494785,-1.845740109,0.131596548
-4.805330146,-1.840869942,0.102352109
-4.878458335,-1.836063511,0.198333856
-4.939053584,-1.819177268,0.30406375
-4.987430809,-1.804319323,0.314936682
-5.023387564,-1.777681498,0.302189106
-5.046346501,-1.753761819,0.317186254
-5.057889703,-1.728687397,0.193084854
-5.058305843,-1.697209399,0.057735594
-5.047973572,-1.665660167,0.051361806
-5.027324025,-1.628487187,-0.130103685
-4.996222238,-1.592843865,-0.322442108
-4.956081588,-1.556012059,-0.438670005
-4.908056769,-1.519240238,-0.523403891
-4.851724145,-1.477549513,-0.57289448
-4.787349894,-1.431802189,-0.619385639
-4.714682834,-1.382635626,-0.44879308
-4.633134368,-1.326911772,-0.379431271
-4.542895697,-1.27427723,-0.397802777
-4.444529173,-1.215501555,-0.258704229
-4.338293477,-1.151938195,-0.288698525
-4.223866193,-1.0887535,-0.364809051
-4.10269819,-1.023690473,-0.298446671
-3.975696727,-0.96018335,-0.275950949
-3.842378183,-0.894066808,-0.36218455
-3.702217695,-0.819934549,-0.352061476
-3.555815105,-0.751962169,-0.331815326
-3.406053403,-0.69001095,-0.398927563
-3.251924104,-0.615320065,-0.339688828
-3.090780407,-0.530116518,-0.309694532
-2.920841533,-0.440916361,-0.343438115
-2.745196665,-0.367833868,-0.392553775
-2.566188936,-0.284070001,-0.496783954
-2.382592418,-0.203095514,-0.535026681
-2.197117646,-0.120047738,-0.526028392
-2.004943394,-0.026487301,-0.448043223
-1.810594715,0.050531817,-0.371182839
-1.611473547,0.155684675,-0.313443819
-1.41090901,0.22107388,-0.239207937
-1.209380978,0.336165777,-0.279700236
-1.00200449,0.415220692,-0.356185691
-0.801121287,0.536052563,-0.3824307
-0.588991054,0.672885874,-0.397802777
-0.39087462,0.722813518,-0.389929274
-0.177151058,1.027841914,-0.318317893
-0.001067557,0.690068302,-0.317193106
0.010865542,0.08571774,-0.299946386
-0.00499277,0.146975363,-0.120355539
0.004844632,0.095263116,-0.002627927
-0.001667398,0.057479021,0.112100255
0.002501501,0.071440915,0.228328152
-0.000122806,0.027204506,0.328059186
0.000964407,0.046287761,0.363302484
0.001448029,0.016223199,0.192709926
0.000668235,0.031354833,0.160840986
0.002066616,0.020740944,0.157841557
0.000709474,0.013032658,0.055111093
0.001980388,0.015297155,0.071607955
0.001714209,0.008342452,0.017993151
0.002141596,0.012354059,0.004495718
0.00227656,0.006629083,0.010119649
0.002257815,0.010378249,-0.032247294
0.002752685,0.00888983,0.065234168
0.002820167,0.00533937,0.112850112
0.00356622,0.007742585,0.092229034
0.004518468,0.010471978,0.049487162
0.005249525,0.004364586,-0.056992589
0.006111797,0.004810737,-0.112107107
0.006959074,0.004480811,-0.112107107
0.006887843,0.002062599,-0.115481466
0.0076189,0.004836981,-0.106858106
0.007513927,-0.002623859,-0.118480895
0.008095024,0.008773606,-0.19796578
0.008462427,0.000150524,-0.304445531
0.008185,0.006445374,-0.398927563
0.009725843,0.002467508,-0.425547501
0.008188749,-0.000974226,-0.381305914
0.010783064,0.014288629,-0.338938971
0.008627383,-0.015637214,-0.271076876
0.01072308,0.025273685,-0.188967491
0.010749323,-0.021384686,-0.12298004
0.008664873,0.023751524,-0.013500859
0.014153424,-0.01421628,0.043488303
0.005024585,-0.009511077,0.106476325
0.019645724,0.043224692,0.143594266
-0.004055518,-0.129998025,0.055486021
0.080915794,0.995490361,-0.067865521
0.428182841,1.996142766,-0.182968632
0.774137735,1.708982895,-0.151099692
1.079085958,1.760181506,-0.276325878
1.39312178,1.782803974,-0.221211359
1.673997609,1.786916809,0.054361235
1.951240648,1.792791752,-0.11998061
2.212872809,1.685085711,0.02136751
2.474355009,1.726161574,0.210331575
2.725414962,1.71314072,0.132346405
2.958382192,1.742013048,0.407918999
3.180972163,1.763904428,0.482154882
3.392015183,1.798584213,0.521522396
3.595316497,1.830185933,0.628377075
3.782313367,1.829289883,0.499776531
3.954767827,1.849047988,0.517773109
4.112578654,1.848916767,0.424415862
4.257466643,1.866327894,0.361802769
4.391452512,1.874448587,0.423291076
4.512691746,1.869289735,0.251573732
4.620367062,1.868131243,0.223829008
4.712903876,1.851451203,0.215205648
4.792394135,1.845651243,0.14809341
4.860374934,1.838092925,0.192334997
4.91605523,1.816051578,0.190460353
4.959543746,1.796327215,0.184086566
4.990180656,1.773344828,0.240700799
5.008547056,1.749882547,0.272944667
5.015887617,1.719195623,0.150342983
5.011609997,1.685981762,0.110225612
4.996505236,1.650975799,0.095978321
4.971075701,1.610529796,-0.088861528
4.935681297,1.575775027,-0.239582866
4.891390493,1.536768704,-0.358810192
4.839024322,1.496094002,-0.465289943
4.779040162,1.451051522,-0.592390772
4.710901905,1.401337581,-0.665501869
4.634710775,1.351383693,-0.590516129
4.549923165,1.29354156,-0.640381646
4.456392863,1.23815513,-0.638132074
4.354719712,1.17715245,-0.494534382
4.24505742,1.113840284,-0.518529818
4.1281183,1.052965076,-0.503907599
4.004547182,0.983991669,-0.389554346
3.875472517,0.923273926,-0.362934408
3.740290714,0.859121946,-0.354311048
3.598117008,0.785012182,-0.275576021
3.451515721,0.721527554,-0.259454087
3.301349125,0.655054841,-0.341938401
3.145510277,0.574773949,-0.394803347
2.982180908,0.486923492,-0.429296788
2.810378776,0.40228232,-0.460790799
2.634092827,0.32091417,-0.506907029
2.453450529,0.23833504,-0.539900754
2.269692804,0.167573281,-0.517030104
2.082279794,0.070042476,-0.48628595
1.889247019,-0.010752051,-0.442044364
1.695321978,-0.099236118,-0.382805629
1.495218569,-0.190378343,-0.325066609
1.296892191,-0.265856553,-0.286823882
1.092428684,-0.390343861,-0.310069461
0.888879935,-0.450746674,-0.323941823
0.685413664,-0.618161933,-0.31606832
0.476106436,-0.681987735,-0.364809051
0.279470862,-0.846887303,-0.372307625
0.06142844,-1.033577024,-0.301071172
-0.054352236,-0.424363793,-0.257954372
-0.033931378,-0.090091902,-0.21821193
-0.034654937,-0.181871485,-0.172470628
-0.03672814,-0.07521896,-0.121480325
-0.032964134,-0.099817238,-0.071989737
-0.036371984,-0.067042029,-0.007502
-0.033087851,-0.057080495,0.131596548
-0.035824628,-0.059603684,0.170214204
-0.03396137,-0.037442364,0.172088847
-0.034898623,-0.050335745,0.241075728
-0.034831141,-0.030975052,0.175463205
-0.034355016,-0.036943725,0.134221048
-0.03525103,-0.03206606,0.194584569
-0.03471867,-0.029955279,0.167964631
-0.03528852,-0.028024459,0.138345264
-0.034763659,-0.02617612,0.13084669
-0.035134811,-0.028028208,0.09635325
-0.035569696,-0.024380269,0.038989159
-0.035719656,-0.026944699,-0.023623934
-0.036510697,-0.027619549,-0.02774815
-0.037279244,-0.02734211,-0.011251287
-0.037871588,-0.024571477,-0.065615949
-0.038970048,-0.027709529,-0.142476332
-0.039236227,-0.022374465,-0.168346413
-0.039217482,-0.022779375,-0.22683529
-0.040139739,-0.024560229,-0.255329871
-0.039588634,-0.020301177,-0.245206796
-0.040773322,-0.026970943,-0.284199381
-0.040375927,-0.017658015,-0.277825593
-0.04108074,-0.028703058,-0.331065468
-0.041759311,-0.013796374,-0.370058053
-0.040915784,-0.027045926,-0.285699096
-0.043285158,-0.01871153,-0.274451235
-0.040244711,-0.015974639,-0.204339568
-0.044349877,-0.039331943,-0.123354969
-0.040424664,0.008379943,-0.113606822
-0.043648812,-0.058546419,-0.073489451
-0.043206429,0.026248468,-0.065615949
-0.040034767,-0.071885952,-0.036746439
-0.050078364,0.029139075,-0.024373792
-0.026842,-0.076362456,0.023242153
-0.204402612,-1.445254197,-0.026623364
-0.584743426,-1.913412555,-0.048744157
-0.90547498,-1.651132149,-0.027373221
-1.218123669,-1.805732758,-0.176219915
-1.521875957,-1.771086715,0.088479747
-1.799332689,-1.823200123,0.165715059
-2.072586781,-1.751212386,-0.025873506
-2.33115975,-1.706488585,0.225703651
-2.591209829,-1.751482326,0.212956075
-2.833257161,-1.73348258,0.247074587
-3.061898034,-1.778641285,0.484404454
-3.278898231,-1.79880055,0.472781665
-3.486589636,-1.841657267,0.567638626
-3.68398251,-1.85544295,0.530520684
-3.864306142,-1.86425724,0.446911584
-4.030942139,-1.88012371,0.469032378
-4.182499617,-1.887382095,0.304813607
-4.323657342,-1.904324577,0.311937252
-4.45245458,-1.904073382,0.326184543
-4.56769165,-1.904781975,0.236201655
-4.669466024,-1.894006872,0.285317315
-4.755689505,-1.883025565,0.272944667
-4.830257314,-1.879111435,0.317936111
-4.893206941,-1.863664871,0.405294499
-4.944006026,-1.848285792,0.352054623
-4.982677064,-1.824598562,0.2838176
-5.008095352,-1.796378589,0.277818741
-5.022371582,-1.772800084,0.172838705
-5.025543245,-1.742173147,0.028866084
-5.017539108,-1.707332147,-0.023249006
-4.99916521,-1.670916498,-0.146225619
-4.970466539,-1.631651483,-0.269202233
-4.932031688,-1.591093005,-0.349062046
-4.885124075,-1.552405361,-0.432671146
-4.830654709,-1.511085802,-0.505407314
-4.768132469,-1.464682375,-0.610762279
-4.698044727,-1.417570355,-0.583017555
-4.619461729,-1.363484886,-0.543650041
-4.532199772,-1.303790665,-0.61038735
-4.436903687,-1.245127465,-0.561646619
-4.333071106,-1.182186466,-0.527153178
-4.221245635,-1.117520851,-0.58714177
-4.101839667,-1.054201186,-0.536526396
-3.976356553,-0.989126912,-0.407175994
-3.845054976,-0.923044112,-0.392553775
-3.706634029,-0.848394468,-0.338564042
-3.561937239,-0.777377765,-0.257579443
-3.413930073,-0.714946653,-0.348687117
-3.26223763,-0.643525041,-0.413174854
-3.103766978,-0.561470794,-0.480287091
-2.936437414,-0.469316293,-0.565770835
-2.762442111,-0.390711279,-0.592765701
-2.584742786,-0.307089881,-0.596514988
-2.402034784,-0.226077902,-0.493034667
-2.217568496,-0.147934035,-0.398552634
-2.02718627,-0.050305752,-0.317193106
-1.834194733,0.0252062,-0.235833578
-1.637814091,0.127224756,-0.209213641
-1.438033098,0.196947996,-0.162347553
-1.239013153,0.305891262,-0.188217634
-1.032142781,0.396774795,-0.266952661
-0.831941898,0.495898995,-0.317193106
-0.621637433,0.65451871,-0.360684836
-0.420971673,0.686915253,-0.368558338
-0.212620442,0.991070094,-0.29319767
-0.018264266,0.796642095,-0.214837571
0.016406579,0.131603782,-0.201340138
-0.005375169,0.128225784,-0.130478614
0.00519329,0.116899553,-0.091860958
-0.001037565,0.051919008,-0.135727616
0.002100357,0.079805305,-0.175470058
0.001058132,0.029146574,-0.122605111
0.000919419,0.051862771,0.034115085
0.002021628,0.024606334,0.080606244
0.00034582,0.028145546,0.179587421
0.002490254,0.024205173,0.286442101
0.001005646,0.015015967,0.210706503
0.001991636,0.020553485,0.237326441
0.001871667,0.010052071,0.237326441
0.002092859,0.015338395,0.154842127
0.002550238,0.008046267,0.117724186
0.002347791,0.009077288,0.054361235
0.003135084,0.008904827,0.007120219
0.002966378,0.0038547,-0.10573332
0.003494989,0.006887775,-0.13722733
0.004439739,0.008893579,-0.049119086
0.005287015,0.008739863,-0.043120227
0.006126794,0.008608642,-0.030372651
0.006891592,0.007243946,0.003370932
0.007127779,0.003176101,0.018743009
0.007753864,0.00592049,0.01274415
0.007802601,0.001867642,-0.002627927
0.007952561,0.008874833,-0.043870084
0.009099758,0.001518969,-0.101609104
0.008304968,0.000135527,-0.151099692
0.009995772,0.009212258,-0.26432816
0.008751101,-0.005424486,-0.329940682
0.010280697,0.015383385,-0.362559479
0.010018266,-0.013878855,-0.370807911
0.009332197,0.019402491,-0.293947527
0.012305162,-0.007145353,-0.256829586
0.00765639,0.003101118,-0.188967491
0.014846991,0.021093365,-0.182218774
0.006029319,-0.044325832,-0.179219345
0.01636534,0.08540281,-0.112107107
0.005376992,-0.153715249,-0.157098552
0.030157948,0.576322355,-0.115481466
0.324354009,1.896085024,-0.016875218
0.692375576,1.803420637,0.151467769
0.995588007,1.715341481,0.17133899
1.312964197,1.813633366,0.151467769
1.600250834,1.783932473,0.430039793
1.877377653,1.836533272,0.281193099
2.142200221,1.716181294,0.186336138
2.401354286,1.73467593,0.314936682
2.65642568,1.73925741,0.071233027
2.891511101,1.74910272,0.13084669
3.116822853,1.787880344,0.209956646
3.329245509,1.809603012,0.15409227
3.534226379,1.852264772,0.363677413
3.724934769,1.852793404,0.416917288
3.899747356,1.869109775,0.473531522
4.060381188,1.875798287,0.519647752
4.207136184,1.882719247,0.409793643
4.343641387,1.900119127,0.413168001
4.467737367,1.902657312,0.29244096
4.578659326,1.897764651,0.250074017
4.674720209,1.882989187,0.340056905
4.756617333,1.871932897,0.268070594
4.827046235,1.861825145,0.294315603
4.885148392,1.845808708,0.358053482
4.930796337,1.827835206,0.27219481
4.964702384,1.802637062,0.22907801
4.986229199,1.775264401,0.228703081
4.996021613,1.74640707,0.095228464
4.994949397,1.714287965,0.00112136
4.982757616,1.678648393,-0.089986314
4.959734946,1.637152624,-0.292072884
4.926796144,1.594712065,-0.382805629
4.884571044,1.557636562,-0.429296788
4.833666986,1.518195336,-0.464165157
4.775279905,1.46939994,-0.478787376
4.709357313,1.4237276,-0.553773116
4.635265628,1.37711047,-0.520404462
4.553226042,1.321506589,-0.542900184
4.46280367,1.262595944,-0.648255149
4.364107233,1.202474318,-0.581142911
4.257387914,1.138434813,-0.574769123
4.142529495,1.072798164,-0.637007288
4.020461729,1.010704477,-0.58451727
3.89250052,0.94424676,-0.571769694
3.758960784,0.876555568,-0.596514988
3.618504124,0.806836077,-0.497158882
3.472675133,0.739591036,-0.404176565
3.323966902,0.676612545,-0.349062046
3.170441194,0.599574682,-0.284199381
3.010051048,0.511015632,-0.315318463
2.840622039,0.423300144,-0.339688828
2.665404559,0.346835904,-0.401177135
2.485916956,0.262824592,-0.494534382
2.30257912,0.18708769,-0.461165727
2.117160583,0.098952295,-0.431921289
1.925147538,0.012770217,-0.396303062
1.732343452,-0.070877426,-0.322442108
1.534080807,-0.171505041,-0.31906775
1.335934382,-0.237201677,-0.286823882
1.134537564,-0.363128665,-0.267327589
0.92960918,-0.432375761,-0.312319033
0.729400799,-0.573385643,-0.301446101
0.518796413,-0.675576661,-0.321317322
0.322700696,-0.77582936,-0.350936689
0.106030412,-1.054062467,-0.302570887
-0.045077185,-0.58005541,-0.265452946
-0.039131255,-0.090039413,-0.184843275
-0.030740971,-0.179749457,-0.078363524
-0.037549173,-0.091692796,-0.034121938
-0.031625737,-0.088959654,-0.009376644
-0.035982087,-0.080036639,-0.03337208
-0.032529249,-0.049683391,-0.039745868
-0.034741164,-0.064841269,-0.038996011
-0.033740179,-0.035264098,-0.074989166
-0.033488995,-0.051183057,-0.01612536
-0.034295032,-0.033764432,0.010869506
-0.033372776,-0.035309088,-0.000753284
-0.034609949,-0.033183311,0.060735023
-0.033803912,-0.027878241,0.099727608
-0.034624945,-0.031413705,0.155591984
-0.034407503,-0.024496493,0.212956075
-0.034377511,-0.028223164,0.233202225
-0.034891125,-0.025182591,0.209581717
-0.034733666,-0.0269372,0.144344123
-0.035442229,-0.028676813,0.085105389
-0.036312,-0.02685097,-0.000753284
-0.037084296,-0.027195893,-0.066365806
-0.037819102,-0.027184645,-0.084737312
-0.038576402,-0.021598388,-0.097484888
-0.038557657,-0.021572144,-0.161972625
-0.039194988,-0.024747688,-0.174345272
-0.039022534,-0.017384325,-0.118105967
-0.039558642,-0.024335279,-0.162347553
-0.039989778,-0.016686981,-0.155598837
-0.039821073,-0.025801203,-0.119230753
-0.041301932,-0.017616774,-0.125229612
-0.03975734,-0.016881937,-0.091860958
-0.042359153,-0.028819282,-0.121480325
-0.039952288,-0.002747581,-0.095235316
-0.041913021,-0.041127794,-0.049119086
-0.041631845,0.00533937,-0.049494015
-0.040255958,-0.045143151,-0.054743016
-0.045155914,-0.000951731,-0.155223908
-0.036450713,-0.023049315,-0.178844416
-0.051233059,-0.05341756,-0.256454657
-0.026347131,0.098000007,-0.346812474
-0.121219578,-1.037952301,-0.347562331
-0.475519768,-1.946315236,-0.353186262
-0.819712627,-1.680563102,-0.205089425
-1.125939262,-1.772140231,-0.220086573
-1.438925362,-1.795246341,0.016868365
-1.718710229,-1.81395093,0.368926415
-1.995195968,-1.801717402,0.282317885
-2.255590955,-1.708074482,0.527146326
-2.515682273,-1.761856269,0.613754856
-2.76328189,-1.743759044,0.469782235
-2.993403621,-1.778562552,0.633251148
-3.213781676,-1.80698498,0.540643759
-3.423062661,-1.841938454,0.472031807
-3.624080829,-1.873911342,0.455534944
-3.808280937,-1.874668674,0.289066602
-3.978047357,-1.891198746,0.245199944
-4.133162645,-1.898910781,0.120348687
-4.276236114,-1.912250314,0.113225041
-4.408175023,-1.916996758,0.191960068
-4.526478783,-1.916381894,0.151842697
-4.631578529,-1.909877091,0.261321878
-4.722139615,-1.897264897,0.34155662
-4.799684137,-1.88924918,0.359178268
-4.865895403,-1.878260375,0.446161727
-4.919536238,-1.857276292,0.481779953
-4.96027673,-1.833435346,0.457409588
-4.988840437,-1.809976814,0.442037511
-5.006014652,-1.781423166,0.34418112
-5.011986825,-1.75173352,0.134970906
-5.007225582,-1.720165543,0.017618223
-4.992484475,-1.682932575,-0.121105396
-4.966882485,-1.645137233,-0.358810192
-4.931338122,-1.605223611,-0.496783954
-4.887178533,-1.562805547,-0.595765131
-4.834283751,-1.519877597,-0.69699588
-4.773722243,-1.476188565,-0.786978768
-4.705677712,-1.42671832,-0.767107546
-4.629156668,-1.372580363,-0.629133785
-4.544623991,-1.321291772,-0.601014132
-4.451982205,-1.261563808,-0.508031815
-4.350878903,-1.1993389,-0.386554916
-4.242123872,-1.13613546,-0.422173142
-4.125357207,-1.068129338,-0.436420433
-4.001321211,-1.003208779,-0.431171431
-3.871219317,-0.937515893,-0.488535522
-3.734672875,-0.864849557,-0.518904747
-3.591411955,-0.789929973,-0.490035237
-3.443892161,-0.734955952,-0.535026681
-3.293601848,-0.667752152,-0.571394765
-3.137766749,-0.581525083,-0.551523544
-2.973732566,-0.493082257,-0.546274542
-2.801712991,-0.407882459,-0.522654034
-2.62509713,-0.328756311,-0.489660308
-2.443273894,-0.242394272,-0.425547501
-2.259088782,-0.169019344,-0.344187973
-2.070123682,-0.07225337,-0.21821193
-1.87703842,0.00592049,-0.125229612
-1.682502291,0.100493203,-0.090361243
-1.482770034,0.17921819,-0.012376073
-1.2856021,0.262985806,-0.007502
-1.08039254,0.382344255,-0.079488311
-0.879456851,0.457200103,-0.156723623
-0.672845161,0.630359084,-0.233209078
-0.467361922,0.666178616,-0.321692251
-0.266355002,0.907234993,-0.36518398
-0.053669916,0.940842517,-0.325816467
0.021943867,0.25420526,-0.303320745
-0.004374183,0.088255925,-0.216712215
0.003693686,0.147792681,-0.086986885
0.001148108,0.046865132,-0.02474872
0.000908172,0.083944384,-0.015750432
0.002602724,0.035437674,0.019492866
0.000450792,0.043449642,0.11359997
0.002943884,0.031785987,0.085480317
0.000743215,0.022559289,0.066733882
0.002407776,0.025344919,0.118848972
0.001631731,0.00825997,0.020242724
0.002070365,0.020729696,-0.05661766
0.002471509,0.012237835,-0.072364665
0.002002883,0.013246361,-0.121855254
0.002733939,0.009377221,-0.113606822
0.002531493,0.007007749,-0.086986885
0.002913892,0.007600117,-0.06524102
0.003195068,0.005073179,-0.043120227
0.003806156,0.008443679,-0.020249576
0.004762154,0.007753833,0.027741298
0.005444474,0.001672685,0.078731601
0.006422965,0.005215647,0.092978891
0.007330226,0.007240197,0.095603392
0.00731523,0.004188376,0.089229604
0.008248733,0.002883666,0.068233597
0.00814751,-0.001307902,0.057360665
0.008807336,0.009572178,-0.003002856
0.0091335,-0.004074786,-0.053993159
0.009193484,0.00574428,-0.092610815
0.010370673,-0.000959229,-0.199840423
0.008811085,4.55e-05,-0.215587429
0.011682826,0.01262025,-0.201340138
0.008994786,-0.012266714,-0.236208507
0.011604097,0.027358222,-0.158598266
0.010595613,-0.025336307,-0.069740164
0.009917043,0.028827895,-0.035246724
0.014325878,-0.022295733,-0.036746439
0.00606306,0.011184319,-0.03637151
0.020811666,0.023241637,-0.098234746
-0.005176472,-0.102422909,-0.156348694
0.101820274,1.12446917,-0.165721912
0.461031667,1.997406235,-0.227210218
0.800497024,1.69767541,-0.125604541
1.108800611,1.794932526,-0.181843846
1.422618991,1.802745788,-0.101984033
1.704128403,1.822728842,0.135345835
1.982556128,1.812767308,-0.018374932
2.244604429,1.720129166,0.178087706
2.506559005,1.762389765,0.335932689
2.757097845,1.759911566,0.278943527
2.992760614,1.792982959,0.521522396
3.215954175,1.806907362,0.519272823
3.426251142,1.84912672,0.579636344
3.629953601,1.876724331,0.68461638
3.819019924,1.891855965,0.54626769
3.993738786,1.903129707,0.559765123
4.152681814,1.897116045,0.437913295
4.298754491,1.92536976,0.289066602
4.43345642,1.927289333,0.230202796
4.555760373,1.93022493,0.086605104
4.666104984,1.932496924,0.135720763
4.761843453,1.914819607,0.204707644
4.843256954,1.908074857,0.253448375
4.913265967,1.896467439,0.360677983
4.971476845,1.868030015,0.392921851
5.017109795,1.844106587,0.397420996
5.050708422,1.832154246,0.421041504
5.071504181,1.798606708,0.373800488
5.081026666,1.764151873,0.26357145
5.08017939,1.742864108,0.201708214
5.068186307,1.707318265,0.042738446
5.045932184,1.668810581,-0.139476903
5.013701945,1.623483164,-0.274826163
4.971731778,1.582103619,-0.468664301
4.921202621,1.543464714,-0.566520692
4.862519367,1.494856777,-0.681623803
4.795903209,1.449323156,-0.804975345
4.721669062,1.393603051,-0.777980479
4.639010889,1.340638583,-0.831595283
4.548116142,1.287902814,-0.831220354
4.449723374,1.224586899,-0.735613536
4.343525168,1.163044339,-0.710118384
4.229525272,1.0942134,-0.623134926
4.10831603,1.030218886,-0.543650041
3.980613502,0.967761529,-0.512530959
3.847103758,0.899264267,-0.485536093
3.706920776,0.823849792,-0.464540086
3.560105795,0.754613944,-0.45741644
3.410400328,0.702725486,-0.449168009
3.257230775,0.623760552,-0.478412447
3.097485459,0.534406679,-0.528652893
2.929417341,0.45415953,-0.557522403
2.754222355,0.372922601,-0.643756004
2.575413323,0.289597387,-0.620510425
2.391618108,0.213530558,-0.515530389
2.205472263,0.132987224,-0.420298499
2.01322303,0.028456727,-0.26995209
1.818098307,-0.042031343,-0.137602259
1.62056297,-0.142827671,-0.045369799
1.419169902,-0.219996754,-0.057742446
1.219733817,-0.313902115,-0.079113382
1.012694739,-0.412074027,-0.084737312
0.812272665,-0.506121856,-0.158598266
0.602789233,-0.666919837,-0.214837571
0.400447665,-0.699155166,-0.225335575
0.194278358,-0.993689647,-0.216712215
-0.007178443,-0.870259604,-0.233209078
-0.053808629,-0.191090685,-0.140976617
-0.029425068,-0.140188258,-0.0479943
-0.039686109,-0.148211473,-0.060741876
-0.034283785,-0.0703188,0.017618223
-0.035974589,-0.10304527,0.010494577
-0.035734652,-0.053837467,-0.037871225
-0.034711172,-0.069520228,-0.011251287
-0.036255765,-0.046399121,-0.055117945
-0.034444993,-0.050125792,-0.01912479
-0.03619578,-0.047400148,0.063734453
-0.035056081,-0.033554478,0.048362376
-0.035798385,-0.039181977,0.022117367
-0.035625931,-0.030765099,-0.040495726
-0.035652174,-0.036535065,-0.107607963
-0.036109553,-0.029797814,-0.151099692
-0.035828377,-0.032047314,-0.195341279
-0.036484454,-0.029876547,-0.185593133
-0.036401976,-0.026108635,-0.196466065
-0.037054304,-0.03242223,-0.189717348
-0.038295226,-0.026963445,-0.083612526
-0.038850079,-0.024901403,-0.01912479
-0.03971985,-0.028635573,0.005245576
-0.040222217,-0.022768128,0.097852965
-0.040510891,-0.025478775,0.088104818
-0.041204458,-0.024578975,0.0356148
-0.040885792,-0.024830169,0.08473046
-0.042025491,-0.025160096,0.028491155
-0.041268191,-0.017852971,-0.061491733
-0.042242933,-0.033648208,-0.086986885
-0.042494117,-0.010557094,-0.116981181
-0.041950511,-0.030270209,-0.12298004
-0.04395998,-0.017260603,-0.116606252
-0.041189462,-0.017684259,-0.072739594
-0.045455835,-0.034622991,-0.054368088
-0.041009509,0.005455594,-0.03637151
-0.045448337,-0.05988862,-0.010126501
-0.042872767,0.032258382,-0.042370369
-0.042272926,-0.082807272,-0.057367517
-0.049182351,0.05343742,-0.086986885
-0.030508532,-0.153407817,-0.117356109
-0.23277512,-1.541783974,-0.23545865
-0.614979191,-1.885417532,-0.163097411
-0.931358145,-1.663324437,-0.077238738
-1.247778338,-1.826641857,-0.211088284
-1.550012277,-1.788591571,0.148843268
-1.829388502,-1.849009381,0.22307915
-2.10417219,-1.765230518,0.025116797
-2.364567178,-1.736129492,0.320185684
-2.625108377,-1.775990624,0.256072876
-2.868913995,-1.772526395,0.220079721
-3.100374124,-1.814966954,0.405294499
-3.317333081,-1.827852838,0.387297921
-3.524919514,-1.876824444,0.521522396
-3.723395852,-1.895202856,0.535019829
-3.907011115,-1.908816077,0.554516121
-4.07638014,-1.921765697,0.586759989
-4.230513188,-1.928236757,0.403419855
-4.372630659,-1.941272608,0.39629621
-4.502548852,-1.945152994,0.271070024
-4.620916345,-1.947946123,0.105351539
-4.725596202,-1.937725897,0.149968054
-4.81595859,-1.925383642,0.139095122
-4.89339814,-1.916381894,0.220454649
-4.959478191,-1.905681775,0.38767285
-5.01382384,-1.886069887,0.437163438
-5.054793021,-1.860796759,0.452160586
-5.083885338,-1.834593838,0.49715203
-5.100823366,-1.805552798,0.369301343
-5.106274426,-1.776121845,0.219704792
-5.101550674,-1.742353107,0.164965202
-5.086314697,-1.704449039,-0.056992589
-5.061031373,-1.666889894,-0.256829586
-5.026071855,-1.628003544,-0.359185121
-4.981968502,-1.583538435,-0.458541226
-4.929272417,-1.539684441,-0.552273401
-4.868654674,-1.495196837,-0.704119525
-4.800261485,-1.445055491,-0.681998732
-4.723391784,-1.393234518,-0.683873375
-4.638311751,-1.337109503,-0.785479053
-4.545178844,-1.277160339,-0.700370238
-4.444394209,-1.218234697,-0.713117814
-4.336400227,-1.15802684,-0.783604409
-4.220574563,-1.089019691,-0.703744596
-4.097558298,-1.023060613,-0.628008999
-3.9682287,-0.96135309,-0.630258571
-3.832372075,-0.886298536,-0.577018696
-3.689302356,-0.810089239,-0.498658597
-3.540732838,-0.747361942,-0.529027822
-3.38970397,-0.683956047,-0.538775968
-3.233970095,-0.609238918,-0.541400469
-3.070783188,-0.52035369,-0.536901325
-2.899325964,-0.431382232,-0.543275113
-2.722792582,-0.359990613,-0.594265416
-2.541966582,-0.271810229,-0.543650041
-2.356739245,-0.193096488,-0.492284809
-2.168531445,-0.106513249,-0.38543013
-1.973909089,-0.020173705,-0.226085432
-1.778495692,0.062142984,-0.118480895
-1.577649979,0.165481246,0.037489444
-1.377591558,0.23033432,0.075732171
-1.174335232,0.352958292,0.061109952
-0.968038459,0.417856355,0.043113374
-0.766124278,0.563511455,-0.077238738
-0.553952806,0.667592052,-0.147725334
-0.356882347,0.762018547,-0.110607393
-0.138150107,1.042902314,-0.123354969
0.012788784,0.558180141,-0.178469487
0.005796881,0.064321249,-0.039745868
-0.001716135,0.161698338,0.025491725
0.005103314,0.070391149,0.024741868
-0.000947588,0.068895232,0.127472332
0.00375367,0.06197802,0.102727038
0.000413302,0.029675206,0.094103678
0.002696449,0.049677007,0.066358954
0.001927902,0.016294433,-0.016500289
0.001909157,0.02844548,-0.011626216
0.002943884,0.017317955,-0.029622793
0.001927902,0.015293405,-0.03337208
0.003067601,0.016643105,-0.019499719
0.002550238,0.008177488,-0.090361243
0.003112589,0.009497195,-0.132728186
0.002910143,0.008409937,-0.165721912
0.003195068,0.001057822,-0.240707652
0.003824901,0.000536688,-0.250080869
0.004012352,0.007918796,-0.266577732
0.005197039,0.006160437,-0.272576591
0.005845618,0.005987975,-0.190467206
0.006730384,0.010003332,-0.136102544
0.007596405,0.001099063,-0.064491163
0.007637645,0.000967842,0.056235879
0.008604889,0.007232698,0.08772989
0.008304968,0.001132805,0.091479177
0.00928346,0.00754013,0.081356102
0.009309703,-0.006178068,0.020242724
0.00954964,0.006227922,-0.019874647
0.010891785,-0.001997748,-0.085112241
0.009339695,0.000487949,-0.136477473
0.01212521,0.006351644,-0.135352687
0.009343444,-0.011194452,-0.123354969
0.012608832,0.02201566,-0.08248774
0.010655598,-0.032189782,-0.049494015
0.010888036,0.035748855,-0.009001715
0.014134679,-0.02851185,0.07310767
0.006842854,0.022191871,0.098227893
0.021081594,0.002726201,0.016118508
-0.005412659,-0.066344684,0.008619934
0.120760272,1.226547712,-0.043870084
0.488508161,1.993627076,-0.094485459
0.822998582,1.69363006,0.022867225
1.133405363,1.807462238,-0.079863239
1.445727888,1.80151981,0.034490014
1.726806164,1.841185987,0.203207929
2.005586297,1.813517141,-0.005627357
2.268695568,1.730120693,0.16271563
2.531939803,1.777806335,0.230952653
2.782418659,1.764136876,0.131221619
3.01962602,1.804372926,0.354304195
3.243295705,1.820288135,0.31268711
3.453948828,1.854075619,0.337807333
3.657891223,1.890183837,0.484404454
3.847898548,1.902496098,0.38467342
4.024518158,1.910699273,0.485154312
4.185275707,1.915970601,0.496777101
4.332907972,1.937318352,0.439038082
4.468239735,1.936692241,0.443912155
4.591702132,1.939462875,0.235451797
4.703478865,1.939342902,0.195709355
4.800975619,1.923521421,0.162340701
4.884829726,1.911771535,0.084355531
4.956323347,1.899897926,0.211456361
5.016082566,1.889186559,0.255323019
5.063814961,1.869938341,0.253823304
5.099119388,1.836716981,0.350554908
5.121778405,1.808478262,0.346805621
5.132935459,1.781075608,0.253448375
5.133201638,1.748105442,0.232827297
5.122730653,1.715019052,0.147343553
5.102186079,1.669556665,-0.036746439
5.07158291,1.631330169,-0.205839283
5.031472252,1.592162632,-0.366308766
4.982663891,1.540450385,-0.49790874
4.925615206,1.50100166,-0.640381646
4.860862305,1.450946545,-0.669251156
4.78809777,1.402008681,-0.606263134
4.706646779,1.353745667,-0.717242029
4.616794256,1.284611046,-0.74011268
4.518798884,1.224283216,-0.699995309
4.413526683,1.163865406,-0.812848848
4.300868932,1.099342259,-0.808724632
4.18083313,1.041995016,-0.739362823
4.054678944,0.97944768,-0.753985042
3.922717541,0.916184253,-0.721741174
3.784454052,0.844020306,-0.629508714
3.638805013,0.76852335,-0.595390202
3.488878354,0.706069743,-0.566895621
3.336076205,0.634636883,-0.529402751
3.177103185,0.55759902,-0.511781102
3.01068838,0.473790163,-0.488910451
2.836329423,0.389805095,-0.537651182
2.658273942,0.314589327,-0.581142911
2.475599681,0.229764446,-0.574019266
2.289251389,0.156468251,-0.543650041
2.099266559,0.060257153,-0.437545219
1.903077116,-0.021208475,-0.307070032
1.706239095,-0.112628139,-0.178469487
1.503533874,-0.20225945,-0.071989737
1.302913102,-0.272305118,-0.012376073
1.096537599,-0.39385308,0.061109952
0.891492995,-0.457813852,0.076856957
0.686613348,-0.627268657,-0.007127072
0.476095189,-0.684867094,-0.031872366
0.278289923,-0.856623887,-0.009376644
0.058631679,-1.037348685,-0.122230182
-0.056316717,-0.417386595,-0.156723623
-0.034924866,-0.091411608,-0.051368658
-0.036379482,-0.182917503,-0.070490022
-0.038104026,-0.075680108,0.019117938
-0.034276287,-0.097717705,0.130471761
-0.037916576,-0.065662336,0.078356672
-0.034400005,-0.059603684,0.085480317
-0.037185519,-0.05948371,0.019867795
-0.035333508,-0.038263431,-0.044245013
-0.036117051,-0.049518427,-0.034121938
-0.035940848,-0.031499935,-0.089986314
-0.035520959,-0.038450889,-0.064116234
-0.036431968,-0.0309863,-0.055117945
-0.035802134,-0.032425979,-0.109107678
-0.036488203,-0.035740242,-0.109857535
-0.036409474,-0.033074585,-0.147725334
-0.036788124,-0.030903818,-0.176219915
-0.036956829,-0.027600803,-0.22383586
-0.037740372,-0.032830889,-0.287948668
-0.038793844,-0.029441643,-0.308194818
-0.03915,-0.026142377,-0.328815896
-0.040413417,-0.027866994,-0.312693962
-0.040900788,-0.022460696,-0.224585718
-0.041316928,-0.024582724,-0.092985744
-0.041973005,-0.021677121,-0.012001145
-0.041560614,-0.023529209,0.05023702
-0.042846524,-0.024204058,0.070858098
-0.04191677,-0.015843418,0.02999087
-0.043097708,-0.029017988,-0.005627357
-0.042947747,-0.00999097,-0.037871225
-0.042816532,-0.030592637,-0.025123649
-0.044646049,-0.012724112,-0.009001715
-0.041684331,-0.022933091,-0.013500859
-0.046033183,-0.027754519,-0.007502
-0.041264442,0.001950124,0.015743579
-0.046588036,-0.057721602,0.023242153
-0.042764046,0.036468695,0.058110522
-0.044177423,-0.100372115,0.064109382
-0.048166369,0.073356739,0.004495718
-0.034564961,-0.219891778,0.003745861
-0.257207418,-1.622589748,-0.127104255
-0.641312237,-1.863334945,-0.101984033
-0.955468028,-1.670938993,-0.050618801
-1.274171369,-1.832321844,-0.142851261
-1.574080921,-1.787778002,0.227203366
-1.854158212,-1.8500479,0.286442101
-2.128746951,-1.753383153,0.121098544
-2.390600303,-1.741558284,0.376424989
-2.65232619,-1.777520284,0.299564605
-2.89654045,-1.778517562,0.255323019
-3.130013797,-1.823068902,0.395546352
-3.347565098,-1.829749916,0.313436967
-3.555620157,-1.877394317,0.403794784
-3.754730078,-1.896957465,0.401170283
-3.939488789,-1.914987205,0.323934971
-4.110469888,-1.926159719,0.370801058
-4.266061301,-1.932417077,0.295440389
-4.409970799,-1.945227978,0.381299062
-4.541347356,-1.948039852,0.348680265
-4.660937026,-1.950480559,0.206957216
-4.767202715,-1.939817931,0.256822733
-4.859424612,-1.93083118,0.178837564
-4.938686181,-1.918668886,0.1597162
-5.006205851,-1.905644283,0.265821022
-5.062545974,-1.889305418,0.266945808
-5.106128215,-1.863106246,0.295065461
-5.137597405,-1.837368221,0.377924703
-5.156732352,-1.806808769,0.27219481
-5.163844224,-1.772796335,0.175088277
-5.160395135,-1.737235495,0.19158514
-5.146516299,-1.704655243,0.028866084
-5.122372675,-1.666968626,-0.154099122
-5.088890267,-1.622113604,-0.295447242
-5.046597685,-1.581671351,-0.420673428
-4.995686129,-1.538567189,-0.515530389
-4.937347785,-1.494938144,-0.626134355
-4.871046543,-1.447987339,-0.559771975
-4.796145072,-1.393017067,-0.57851841
-4.713171983,-1.334931238,-0.672250585
-4.621407465,-1.275623181,-0.571769694
-4.521282655,-1.218227199,-0.596140059
-4.413892263,-1.155417421,-0.681248874
-4.298883884,-1.090024467,-0.666251726
-4.176887349,-1.029737878,-0.652379364
-4.048749936,-0.965840842,-0.718366815
-3.914449151,-0.896586247,-0.706744026
-3.773478877,-0.822034082,-0.614136637
-3.625569186,-0.751133603,-0.662877368
-3.473989213,-0.689411083,-0.626884213
-3.31885143,-0.61754332,-0.604013562
-3.156613023,-0.5344693,-0.636632359
-2.986010574,-0.44618019,-0.607762849
-2.809300987,-0.369056096,-0.637757145
-2.62926228,-0.290379848,-0.597639774
-2.444327366,-0.210777555,-0.533526966
-2.257293006,-0.130174235,-0.43717029
-2.063907823,-0.032932117,-0.311944105
-1.86738097,0.038489495,-0.223460931
-1.668053606,0.14182026,-0.083612526
-1.464857264,0.214209157,-0.016500289
-1.263235506,0.312129874,0.019492866
-1.053695839,0.408209751,0.095603392
-0.851084343,0.500128054,0.075357242
-0.639085325,0.666171118,0.025866654
-0.435191668,0.693794973,0.050986877
-0.226997895,0.976407106,0.037864373
-0.025004986,0.842951793,-0.06824045
0.01920334,0.160761046,-0.016500289
-0.004906543,0.109806131,0.061109952
0.006029319,0.125931294,-0.011251287
0.000409553,0.050663037,0.08772989
0.002711445,0.080131482,0.146593696
0.002359038,0.028636687,0.105726467
0.001564248,0.040416567,0.163090558
0.003543726,0.025873552,0.089604533
0.001680468,0.028797901,0.040113945
0.003401263,0.023504079,0.033740157
0.002340293,0.016556874,-0.035996581
0.003131335,0.019867388,-0.041620512
0.003191319,0.006351644,-0.093360672
0.003157578,0.011690457,-0.121855254
0.00348749,0.008672378,-0.14322619
0.003453749,0.008882332,-0.230209648
0.00398236,0.008353699,-0.248206226
0.004053591,0.00686528,-0.297696814
0.004732162,0.011079343,-0.367433552
0.005695657,0.010423239,-0.367433552
0.006392973,0.007120223,-0.372307625
0.007491433,0.010074566,-0.326941253
0.008083777,0.00601422,-0.197590851
0.008076279,0.006025467,-0.13722733
0.009066017,0.004589536,-0.092235886
0.008762348,0.001770164,0.043863232
0.009815819,0.008912325,0.090729319
0.00958713,-0.002057735,0.039364087
0.010175724,0.011547989,0.047987447
0.01102675,-0.004423459,0.058110522
0.009857058,0.007697595,0.038989159
0.012428879,0.0061042,0.056610808
0.009572134,-0.007265326,0.08772989
0.01352359,0.019983612,0.082105959
0.01022821,-0.026337334,0.048362376
0.012365146,0.03370181,0.004870647
0.013159936,-0.049428447,-0.074989166
0.008781093,0.046643931,-0.090361243
0.020343039,-0.032238521,-0.086986885
-0.004719092,0.012072872,-0.109107678
0.155618567,1.397059782,-0.178469487
0.531393087,1.969549932,-0.125229612
0.855547487,1.671701188,0.064859239
1.167161449,1.809580517,-0.038621082
1.473241873,1.775181919,0.196834141
1.751500893,1.833219009,0.43941301
2.026599498,1.781221826,0.20883186
2.286368401,1.710280106,0.404169712
2.547764374,1.757380879,0.396671138
2.79358696,1.738642547,0.223454079
3.025485722,1.780419504,0.398170853
3.244686588,1.797009564,0.350929837
3.45371639,1.832420436,0.360303055
3.654610839,1.858225946,0.349805051
3.839152108,1.86612169,0.268820452
4.009623341,1.881422036,0.331058616
4.164982316,1.881646986,0.171713918
4.307950812,1.888819141,0.159341271
4.439349864,1.898765678,0.199458642
4.558515895,1.896156258,0.050611948
4.6645304,1.883611549,0.143969195
4.755792551,1.870763157,0.17133899
4.834270577,1.855297847,0.13084669
4.901280382,1.838719035,0.311937252
4.956240868,1.820243145,0.374550345
4.998844618,1.794962519,0.337807333
5.028994156,1.761677423,0.434164008
5.047060636,1.738957477,0.346430693
5.054116272,1.703314156,0.135345835
5.050172314,1.665747513,0.040863802
5.035232509,1.635682951,-0.14322619
5.00985546,1.579194266,-0.333315041
4.974708492,1.546419057,-0.435670576
4.93108876,1.516879378,-0.457041512
4.879277442,1.46328505,-0.490410166
4.819825641,1.423701356,-0.61038735
4.752590896,1.374156127,-0.540275683
4.676797161,1.316092793,-0.468289373
4.592418193,1.267394876,-0.543650041
4.499176565,1.207179521,-0.485161164
4.397994534,1.138794733,-0.49490931
4.289134531,1.079389198,-0.620510425
4.172735268,1.019586251,-0.655753723
4.049805231,0.957436326,-0.625009569
3.920974251,0.896658596,-0.66212751
3.78627982,0.829413555,-0.684248304
3.644368544,0.756983417,-0.601389061
3.497407352,0.693986181,-0.658003295
3.347716881,0.630726503,-0.702244881
3.192252934,0.554400981,-0.701869953
3.028781102,0.466692992,-0.714617528
2.856799017,0.381047044,-0.660627796
2.680175658,0.310199054,-0.635132644
2.499432137,0.227087542,-0.520779391
2.315145802,0.156273294,-0.464915014
2.128043959,0.065520982,-0.416549212
1.934283876,-0.019873772,-0.272201662
1.739905205,-0.095704403,-0.182968632
1.539453138,-0.196223293,-0.001128212
1.339304742,-0.260757687,0.088104818
1.135279868,-0.383137964,0.026616511
0.928750657,-0.452546274,0.014993722
0.725794251,-0.596000613,-0.041245583
0.513716504,-0.68673043,-0.158598266
0.316882232,-0.798095657,-0.180344131
0.098296204,-1.057399225,-0.136477473
-0.04646057,-0.549383483,-0.132728186
-0.036761881,-0.088565991,-0.029622793
-0.030347325,-0.182246402,0.068233597
-0.036090808,-0.091524083,0.121848401
-0.03036607,-0.089012142,0.222704222
-0.034744913,-0.075323937,0.24632473
-0.031232091,-0.054058667,0.27219481
-0.033459003,-0.06537365,0.248199373
-0.032398033,-0.037116186,0.155217056
-0.032439272,-0.049061029,0.118099114
-0.033155333,-0.034877934,0.005245576
-0.032293061,-0.038705833,-0.083987455
-0.033425262,-0.030652624,-0.092235886
-0.032735444,-0.031117521,-0.154099122
-0.033076604,-0.035316586,-0.183718489
-0.033050361,-0.02397161,-0.232084291
-0.033515238,-0.027443338,-0.340438686
-0.033758924,-0.026487301,-0.414674568
-0.0338489,-0.024414012,-0.434920718
-0.034767408,-0.025486273,-0.432671146
-0.035622182,-0.027589555,-0.379431271
-0.036529442,-0.030768848,-0.261703659
-0.037399213,-0.027814505,-0.172845557
-0.037477942,-0.020709836,-0.091486029
-0.038059038,-0.027012184,-0.043495155
-0.038520167,-0.020038735,0.00412079
-0.038216497,-0.021268461,0.057360665
-0.039344949,-0.023150543,0.024366939
-0.038456433,-0.018902738,-0.001503141
-0.03986981,-0.030064005,-0.034871795
-0.039030032,-0.010553345,-0.06224159
-0.039746093,-0.034791703,-0.067490592
-0.0408558,-0.0116556,-0.079113382
-0.038737609,-0.026865966,-0.007876929
-0.042696564,-0.020379909,0.040488873
-0.037455448,-0.006882912,0.074607385
-0.044102442,-0.051231796,0.062609667
-0.0378266,0.03500652,0.007120219
-0.0431277,-0.098906191,0.004870647
-0.041002011,0.106806798,-0.026248435
-0.040923282,-0.36688158,-0.037121367
-0.296452055,-1.735567117,-0.121105396
-0.676260509,-1.819882111,-0.016500289
-0.984215437,-1.677410054,0.052861521
-1.302228959,-1.818277468,-0.005627357
-1.595682717,-1.775135815,0.314186824
-1.873604326,-1.832363084,0.277818741
-2.143281863,-1.721597724,0.19420964
-2.402818327,-1.725703061,0.429289935
-2.661548754,-1.750676256,0.279318455
-2.90131294,-1.750271346,0.294690532
-3.129293987,-1.786960684,0.414667716
-3.343291227,-1.80455552,0.331808473
-3.550037881,-1.850370329,0.419541789
-3.745035138,-1.85944331,0.393671709
-3.924181581,-1.873438947,0.385798206
-4.089329221,-1.880611102,0.417292217
-4.240403077,-1.89037393,0.279318455
-4.380338624,-1.901325244,0.248199373
-4.507448808,-1.901932609,0.093728749
-4.622520921,-1.897354877,-0.040120797
-4.722728209,-1.878447833,0.031865513
-4.808336852,-1.868085138,-0.014625646
-4.88298714,-1.857684952,0.032615371
-4.945700579,-1.841739749,0.199083714
-4.996679617,-1.821351784,0.200583428
-5.035350655,-1.791500924,0.26357145
-5.060963891,-1.764371959,0.371175987
-5.075367588,-1.734577337,0.230577724
-5.078745446,-1.699368919,0.146968624
-5.070921262,-1.663511895,0.135720763
-5.052854783,-1.624460582,-0.067115663
-5.024774698,-1.584239529,-0.246706511
-4.986950936,-1.543531085,-0.36218455
-4.941081799,-1.504697224,-0.413174854
-4.887497199,-1.46034459,-0.478037519
-4.825833482,-1.414859708,-0.568020407
-4.757234097,-1.367500243,-0.461915585
-4.680810528,-1.316747783,-0.505032385
-4.595441822,-1.264574389,-0.594265416
-4.501142973,-1.199065211,-0.497533811
-4.398206405,-1.136112965,-0.553773116
-4.287591865,-1.073479398,-0.61901071
-4.169329345,-1.008746298,-0.556022688
-4.044288614,-0.948527193,-0.531277394
-3.913665608,-0.881788289,-0.604013562
-3.776301882,-0.812586183,-0.594640344
-3.631781295,-0.742615498,-0.551898473
-3.483324248,-0.680915473,-0.595015273
-3.330941988,-0.612639411,-0.584892198
-3.171796513,-0.527878266,-0.590891057
-3.004459452,-0.444699269,-0.583392483
-2.829706849,-0.368872387,-0.577768553
-2.651580137,-0.288640235,-0.607012992
-2.468463492,-0.210226428,-0.582642626
-2.282879999,-0.138756076,-0.542525255
-2.092216598,-0.038747073,-0.427422144
-1.89721934,0.031249856,-0.338938971
-1.700838699,0.123644303,-0.222711074
-1.498677083,0.205758537,-0.046119656
-1.299139775,0.294291342,-0.031122508
-1.09137339,0.404194395,0.043113374
-0.888147056,0.464379756,0.13947005
-0.679218478,0.647946422,0.069358383
-0.471035952,0.681962605,0.026241583
-0.268435703,0.911006654,0.024741868
-0.053801131,0.951745092,-0.035996581
0.023267267,0.260042711,-0.066740735
-0.003152006,0.086340101,0.014618793
0.00488962,0.141992721,0.054736164
0.002291556,0.042891016,0.102352109
0.002287807,0.086317606,0.196459213
0.00398236,0.035328948,0.213331004
0.001639229,0.046194032,0.238076298
0.004199802,0.032775766,0.188210781
0.001961643,0.02143079,0.116224471
0.003832399,0.02894037,0.090729319
0.003172574,0.013081397,-0.024373792
0.003558722,0.020343532,-0.060366947
0.003948619,0.007176461,-0.098984603
0.003622455,0.010940624,-0.172845557
0.004274783,0.00821498,-0.16047291
0.003899882,0.006479116,-0.22683529
0.004462233,0.01109059,-0.292447812
0.004589699,0.006816541,-0.36218455
0.004923361,0.005691791,-0.449168009
0.006089303,0.01010081,-0.445418722
0.00693658,0.005511831,-0.395178276
0.007678884,0.006621584,-0.3393139
0.008653626,0.008301211,-0.274826163
0.008496168,0.00084037,-0.169846127
0.009377185,0.005148162,-0.098234746
0.009598377,0.000682905,-0.000378355
0.009894549,0.004908216,0.102352109
0.010464398,-0.003939816,0.113225041
0.010254454,0.007840063,0.118099114
0.011795297,0.00111406,0.087354961
0.010160728,-0.007014132,0.064109382
0.012908753,0.012294073,0.038239301
0.010899283,-0.016135853,-0.009751572
0.012305162,0.026270963,0.019492866
0.012953741,-0.023892878,0.020617652
0.010363175,0.021738222,-0.020249576
0.016305356,-0.006166821,-0.064866091
0.006902839,-0.011771824,-0.072739594
0.021377766,0.055420729,-0.086237027
-0.000992576,-0.14435733,-0.088486599
0.074223811,0.931807027,-0.092235886
0.415732379,1.9789116,-0.134227901
0.765777443,1.713898052,0.076482029
1.071321758,1.764841719,0.079856387
1.387322062,1.798310524,0.124097974
1.669689997,1.798865401,0.42216629
1.947851543,1.814544413,0.212956075
2.210578415,1.699325043,0.28944153
2.471749447,1.736040626,0.453285372
2.72405782,1.727237584,0.23170251
2.959169484,1.753144321,0.371550916
3.18318033,1.774394594,0.362177698
3.394665733,1.810765254,0.280068313
3.599260456,1.844698955,0.36442727
3.788859138,1.843379249,0.247074587
3.963514267,1.857787294,0.318685969
4.122884682,1.858229695,0.291691102
4.269264778,1.877121743,0.170589132
4.405121402,1.876199448,0.218580006
4.528913712,1.872768961,0.052486592
4.639445774,1.870227026,0.031865513
4.735405434,1.850247721,0.10497661
4.818082352,1.84292185,0.050611948
4.888619975,1.828007668,0.158966343
4.947546914,1.809805467,0.246699658
4.994394543,1.78079817,0.224953794
5.028780463,1.750789845,0.266945808
5.05136075,1.731511634,0.213705933
5.062491561,1.698057825,0.070858098
5.062502808,1.662661949,0.056610808
5.05158944,1.621132437,-0.048369229
5.029796445,1.578065767,-0.225335575
4.99792986,1.541046502,-0.337439256
4.956394578,1.5008217,-0.424797643
4.906311553,1.454980648,-0.427047216
4.848884218,1.406905092,-0.48628595
4.783643946,1.366890243,-0.474288232
4.71095814,1.319268337,-0.377181698
4.630519381,1.264418038,-0.444668864
4.541349179,1.209560241,-0.477287661
4.443927405,1.145115827,-0.488160594
4.338272805,1.080225262,-0.557147474
4.224651559,1.022251908,-0.565020977
4.103824716,0.960743091,-0.547774257
3.976542077,0.889527682,-0.593515558
3.843755892,0.826721654,-0.701495024
3.704360202,0.765164097,-0.695121236
3.558819885,0.699936107,-0.706369097
3.410396579,0.638307316,-0.747236325
3.257508202,0.568201661,-0.686122947
3.097080566,0.485881223,-0.633258001
2.927854004,0.388515382,-0.56989505
2.751916714,0.316306445,-0.568770264
2.572110445,0.240543299,-0.546649471
2.387786619,0.162234468,-0.488160594
2.201577042,0.092657446,-0.451417581
2.009237833,-0.003257468,-0.353936119
1.814986628,-0.07387301,-0.305570317
1.617372562,-0.173657063,-0.217837001
1.416046976,-0.242506747,-0.143601118
1.215070048,-0.343029386,-0.149974906
1.006580104,-0.434287836,-0.08248774
0.805022079,-0.532261041,-0.026623364
0.593083046,-0.686374259,-0.049119086
0.391033901,-0.71950189,-0.07086495
0.18094313,-1.018752822,-0.061116804
-0.013937908,-0.822146557,-0.102358961
-0.047881445,-0.159080305,-0.050618801
-0.025788529,-0.148050259,0.068983455
-0.036135796,-0.134748218,0.121098544
-0.029814965,-0.070956158,0.238076298
-0.032724197,-0.095696905,0.298439819
-0.031621988,-0.047587607,0.313811896
-0.031363306,-0.069036585,0.318685969
-0.032503006,-0.040235492,0.221579436
-0.030778461,-0.044940696,0.16271563
-0.032671711,-0.039511903,0.074607385
-0.031344561,-0.032283511,-0.05361823
-0.032116857,-0.036838748,-0.095985173
-0.032019383,-0.025932424,-0.165721912
-0.032131854,-0.031136266,-0.239957794
-0.032240575,-0.024140323,-0.262453516
-0.032225579,-0.032605939,-0.281949809
-0.032930393,-0.031222497,-0.318692821
-0.032802926,-0.025343805,-0.384680272
-0.033691442,-0.030963805,-0.437545219
-0.034598702,-0.023547954,-0.409800495
-0.035254779,-0.023671677,-0.355060905
-0.036304502,-0.02774702,-0.370432982
-0.036716893,-0.019671317,-0.300696244
-0.036998068,-0.02752582,-0.213712785
-0.037714129,-0.024751437,-0.129353828
-0.037335479,-0.018389102,0.009369791
-0.038257736,-0.027975719,0.019867795
-0.037804106,-0.015266047,0.067858669
-0.038643884,-0.029475386,0.086980032
-0.03918749,-0.013672651,0.018743009
-0.038107775,-0.023154292,0.043113374
-0.040709588,-0.019435119,0.017243294
-0.037624153,-0.010403378,0.01274415
-0.041455641,-0.037472357,0.025491725
-0.038197752,0.011120584,-0.013875788
-0.040754577,-0.057781589,-0.02474872
-0.040837055,0.020482251,-0.046869514
-0.036836861,-0.065118707,-0.049119086
-0.047851452,0.018120277,-0.10273389
-0.023381664,-0.042147567,-0.10573332
-0.189590274,-1.389110436,-0.126354398
-0.568079076,-1.919891114,-0.073114523
-0.892698354,-1.648170308,0.080231316
-1.205425772,-1.800270223,0.020992581
-1.51141247,-1.77371863,0.279693384
-1.789911427,-1.821561737,0.41654236
-2.065219977,-1.754069251,0.230952653
-2.325247561,-1.696714509,0.468657449
-2.586013701,-1.74575735,0.433039222
-2.831033998,-1.730513241,0.293565746
-3.062475382,-1.768942192,0.43941301
-3.281278852,-1.785712212,0.323185113
-3.490031227,-1.828430209,0.317936111
-3.689954683,-1.845233971,0.339681976
-3.873866118,-1.852199922,0.250448945
-4.04362504,-1.865235772,0.299564605
-4.198639105,-1.870364631,0.169089418
-4.342139961,-1.881840828,0.104601681
-4.473542761,-1.882159507,0.080231316
-4.592802519,-1.883085551,-0.031122508
-4.698719549,-1.869232383,0.080981173
-4.789723018,-1.853935786,0.133096262
-4.868497216,-1.842448341,0.131596548
-4.935525766,-1.829404992,0.235826726
-4.990508746,-1.809009529,0.247449516
-5.033266205,-1.781801832,0.233202225
-5.063363258,-1.754905315,0.249324159
-5.081557203,-1.721466503,0.118099114
-5.088826534,-1.690288439,-0.007127072
-5.085294966,-1.654907559,-0.029997722
-5.070988744,-1.615695032,-0.178094559
-5.046252776,-1.576163826,-0.303320745
-5.011668159,-1.533475822,-0.355060905
-4.96826587,-1.492913595,-0.409425567
-4.916597014,-1.450244337,-0.400052349
-4.85708148,-1.405861709,-0.433795932
-4.789835488,-1.357238776,-0.390679132
-4.714352921,-1.308555855,-0.39705292
-4.630577543,-1.25333064,-0.499783383
-4.538460619,-1.192309214,-0.439419863
-4.438152107,-1.136589109,-0.453667153
-4.329903192,-1.070791246,-0.500908169
-4.213695129,-1.008033956,-0.481036948
-4.090356449,-0.950806686,-0.514030674
-3.960771919,-0.882136962,-0.586016984
-3.824802824,-0.812788638,-0.666251726
-3.682018029,-0.748790375,-0.668501298
-3.534419505,-0.6877652,-0.696246022
-3.38379928,-0.616201119,-0.697745737
-3.22762677,-0.544205884,-0.61601128
-3.063472618,-0.463595066,-0.59314063
-2.890733233,-0.374484889,-0.603263705
-2.713390064,-0.303351962,-0.585267127
-2.531630562,-0.219760557,-0.509156601
-2.345975837,-0.149092527,-0.438670005
-2.157164447,-0.060570969,-0.383930415
-1.962197182,0.024520103,-0.307070032
-1.766757541,0.103083876,-0.219711644
-1.565653147,0.193704968,-0.159723052
-1.366082098,0.257920683,-0.192341849
-1.161794794,0.380225976,-0.150724764
-0.955655479,0.440021425,-0.068990307
-0.751368175,0.60061695,-0.123354969
-0.538053255,0.683893426,-0.151099692
-0.339370721,0.802625764,-0.0911111
-0.11753805,1.047000153,-0.090736172
0.019263325,0.489832844,-0.098984603
0.004432241,0.059128654,0.045737875
0.000938164,0.162455669,0.146968624
0.005879359,0.064801142,0.199458642
0.000754462,0.072037033,0.311562324
0.005178294,0.054925839,0.34155662
0.001736703,0.03833578,0.338932119
0.00428603,0.040064145,0.297689962
0.002992621,0.01734045,0.237326441
0.003644949,0.036165012,0.182586851
0.004046093,0.012282825,0.056235879
0.003356275,0.021359556,-0.005627357
0.004480978,0.012995167,-0.028872936
0.003776164,0.003532272,-0.161222767
0.004402249,0.013220117,-0.218961787
0.004151065,0.006490364,-0.247456368
0.00458595,0.006329149,-0.34493783
0.004972098,0.002148829,-0.377556627
0.005095816,0.001882639,-0.427047216
0.006310495,0.009508442,-0.36518398
0.007112783,0.006111698,-0.289073454
0.007776358,0.005268135,-0.363309337
0.009047272,0.004713259,-0.317942964
0.009084762,0.001219036,-0.237333293
0.009590879,0.005500584,-0.159348124
0.010037011,0.000724146,-0.0479943
0.010374422,0.009695901,0.015743579
0.011090483,0.000454206,0.076856957
0.010254454,0.004008416,0.053236449
0.0121627,0.009186014,0.026616511
0.010745574,-0.005105807,0.010119649
0.012736298,0.016414406,-0.05961709
0.012098966,-0.017924205,-0.053243302
0.011922763,0.02044101,-0.049868943
0.0142434,-0.011261937,-0.104608533
0.009845811,0.006141691,-0.098609674
0.017148883,0.01365502,-0.10573332
0.008008797,-0.034607994,-0.16047291
0.019765692,0.074923891,-0.19796578
0.004904616,-0.161554755,-0.161972625
0.042852095,0.68144522,-0.053243302
0.352737764,1.921073216,-0.053243302
0.716620424,1.759041759,0.085480317
1.020950059,1.726517744,0.136845549
1.339657149,1.807031084,0.122598259
1.626823817,1.773172366,0.443162297
1.90617005,1.817258809,0.365177128
2.172334764,1.699242562,0.358053482
2.43326586,1.718921934,0.547017547
2.689154537,1.724804376,0.345305907
2.92703672,1.739028711,0.386922992
3.153694366,1.766438864,0.385423277
3.366938055,1.795401171,0.311562324
3.574044614,1.82912492,0.409418714
3.767587256,1.826976647,0.322060327
3.945863928,1.847567067,0.317561183
4.109362003,1.852279769,0.222704222
4.258951251,1.858319675,0.062984595
4.39736845,1.864648267,0.130471761
4.523275201,1.864775739,0.059610237
4.637440054,1.864865719,0.052486592
4.737696079,1.845362557,0.162340701
4.823016049,1.818765974,0.119973758
4.896605366,1.811957488,0.121848401
4.959105112,1.800515034,0.172838705
5.008843228,1.769471939,0.127097403
5.046265845,1.746433314,0.165340131
5.071301734,1.71831082,0.181836993
5.08457323,1.686225457,-0.028872936
5.087178792,1.657495598,-0.124479755
5.07881475,1.612854279,-0.215587429
5.060073449,1.566717042,-0.337064328
5.03106361,1.53202226,-0.321692251
4.992523787,1.492487304,-0.368558338
4.945334998,1.447261115,-0.343438115
4.889418514,1.40520672,-0.361809622
4.825884042,1.361720143,-0.450292795
4.754304194,1.309449271,-0.395553205
4.674360304,1.260155237,-0.481411877
4.586715949,1.205308687,-0.5470244
4.490786281,1.13372961,-0.449542938
4.386998688,1.078624368,-0.494159453
4.275371915,1.024576391,-0.554897902
4.155853476,0.955681716,-0.58151784
4.029781768,0.893603026,-0.617510995
3.897895345,0.832870286,-0.641881361
3.75939192,0.763840641,-0.635507573
3.61397532,0.692868929,-0.581142911
3.465428297,0.637088837,-0.562396476
3.313957046,0.571414696,-0.589016414
3.155246456,0.490511443,-0.638507002
2.988063104,0.408292233,-0.623134926
2.813419223,0.331370594,-0.602888776
2.634542708,0.254460203,-0.545524685
2.450691258,0.173883127,-0.439044934
2.26402805,0.101981622,-0.401177135
2.072251193,0.00228005,-0.295072313
1.876376667,-0.064458854,-0.242582295
1.679122506,-0.156223441,-0.2557048
1.476462272,-0.238352671,-0.218586858
1.27648633,-0.31158888,-0.242957224
1.068828666,-0.424311305,-0.226085432
0.865658567,-0.492538628,-0.236583436
0.657089894,-0.667107295,-0.291323026
0.448479981,-0.701243451,-0.263953231
0.246119669,-0.927396894,-0.193091707
0.029670576,-0.983788099,-0.129728756
-0.052845134,-0.300442609,-0.013500859
-0.02672953,-0.107735477,0.163465487
-0.033852649,-0.17267853,0.188210781
-0.031723211,-0.070052609,0.229827867
-0.030849692,-0.103146498,0.272944667
-0.032469264,-0.058977573,0.217830149
-0.029856204,-0.065163697,0.256447805
-0.032641719,-0.05310263,0.215205648
-0.030467293,-0.041731409,0.16833956
-0.031989391,-0.046027954,0.146968624
-0.031265832,-0.031679895,0.070483169
-0.031337063,-0.038747073,0.038239301
-0.031753204,-0.028676813,-0.086986885
-0.031457032,-0.034128101,-0.166471769
-0.031966897,-0.028215666,-0.185593133
-0.03168947,-0.024751437,-0.308569746
-0.0323343,-0.025175092,-0.354685976
-0.032469264,-0.02424155,-0.35656062
-0.03297913,-0.028635573,-0.339688828
-0.033905135,-0.0273871,-0.259079158
-0.034613698,-0.028391877,-0.230209648
-0.035659672,-0.025741216,-0.246706511
-0.036293255,-0.02374666,-0.199465495
-0.036282008,-0.028118188,-0.114731608
-0.037073049,-0.023109302,-0.096735031
-0.036799371,-0.01835161,-0.039745868
-0.0376354,-0.030236467,0.029615941
-0.037766616,-0.016124606,-0.008251858
-0.0376354,-0.023814145,-0.056992589
-0.039026283,-0.018291624,-0.075364095
-0.037744121,-0.022659402,-0.088111671
-0.040147237,-0.025381297,-0.10273389
-0.037496687,-0.003688622,-0.078738453
-0.040499644,-0.045199388,-0.084737312
-0.038992542,0.010888135,-0.127479184
-0.038606394,-0.048307447,-0.109857535
-0.042512862,0.003828456,-0.148475191
-0.034474985,-0.032879629,-0.179219345
-0.049013646,-0.038555866,-0.172095699
-0.022969273,0.069948747,-0.11135725
-0.136223116,-1.136446641,-0.099359532
-0.499097292,-1.940365309,-0.100859247
-0.837636644,-1.653899034,0.062984595
-1.146097689,-1.775012092,-0.009751572
-1.459143773,-1.781723099,0.181462065
-1.73953598,-1.803217068,0.491903028
-2.017446342,-1.772931305,0.316436397
-2.279528384,-1.681485397,0.461533804
-2.541220529,-1.733872494,0.516648322
-2.790679655,-1.717957284,0.307813037
-3.024314209,-1.751186142,0.401170283
-3.245985672,-1.768181112,0.361052912
-3.456207659,-1.804413052,0.37305063
-3.659760157,-1.832842978,0.445411869
-3.847473087,-1.83440638,0.370051201
-4.020876047,-1.849946673,0.368176557
-4.179444174,-1.848889408,0.185211352
-4.325003236,-1.862146459,0.110225612
-4.459843879,-1.865813143,0.143969195
-4.581964131,-1.862480135,0.022117367
-4.691052824,-1.856144044,0.093728749
-4.785786557,-1.836460923,0.135720763
-4.867083839,-1.827327954,0.05586095
-4.93717533,-1.81462578,0.104601681
-4.995176264,-1.790863566,0.138720193
-5.040610516,-1.765163033,0.091854105
-5.073879231,-1.737029291,0.212956075
-5.09493742,-1.711193788,0.182211922
-5.104692344,-1.677035137,-0.101234175
-5.104231216,-1.642370348,-0.149599977
-5.092924202,-1.606528321,-0.24108258
-5.071037481,-1.565081291,-0.367808481
-5.039493311,-1.525576329,-0.362934408
-4.998464146,-1.482610887,-0.379806199
-4.949100931,-1.440950154,-0.348687117
-4.891864795,-1.397208634,-0.430046645
-4.826729495,-1.348105807,-0.455916725
-4.752892744,-1.296221099,-0.450292795
-4.670422022,-1.242150627,-0.554148045
-4.580247084,-1.186111843,-0.493784524
-4.482075508,-1.132255073,-0.455166868
-4.376147231,-1.075144027,-0.517779961
-4.262327287,-1.006841721,-0.569145193
-4.140979331,-0.942314825,-0.575144052
-4.013145588,-0.881668316,-0.590516129
-3.878653604,-0.815581767,-0.596889917
-3.736899787,-0.743519047,-0.484411307
-3.589946093,-0.682606347,-0.484411307
-3.440240625,-0.623841919,-0.529777679
-3.285399014,-0.549597185,-0.537276253
-3.123246834,-0.469529996,-0.604763419
-2.952730612,-0.383617857,-0.605138348
-2.776283456,-0.31410457,-0.535026681
-2.595941079,-0.233291297,-0.460790799
-2.410627515,-0.155454862,-0.398177706
-2.22247595,-0.076549914,-0.288323597
-2.02775612,0.014712285,-0.2152125
-1.831589171,0.085788974,-0.236583436
-1.631122109,0.182416229,-0.161222767
-1.429084211,0.243936294,-0.112482036
-1.226528949,0.357116117,-0.1747202
-1.017784073,0.42651318,-0.192716778
-0.8156487,0.544004544,-0.225335575
-0.601786425,0.689325967,-0.28157488
-0.400929465,0.726371476,-0.232834149
-0.185522598,1.035943862,-0.145475762
-0.002248495,0.724688101,-0.116981181
0.014903226,0.100219514,0.044613089
-0.002762109,0.142675069,0.173963491
0.007431449,0.097013977,0.140594836
0.000814446,0.061186946,0.203207929
0.004979596,0.076074885,0.20883186
0.002797673,0.028314259,0.181462065
0.003607459,0.051202917,0.204332715
0.004038595,0.022319342,0.147718482
0.002962629,0.031962197,0.137220478
0.004597197,0.021370803,0.124097974
0.003180072,0.017329203,0.053611378
0.00447348,0.019248776,-0.01612536
0.003971113,0.004278356,-0.122605111
0.004184806,0.010250777,-0.170970913
0.004600946,0.009062291,-0.227585147
0.00458595,0.00969965,-0.329190825
0.005133306,0.008976061,-0.342313329
0.005242027,0.010479476,-0.309694532
0.006164284,0.009913352,-0.26432816
0.00697407,0.005639303,-0.225335575
0.007780107,0.009129776,-0.207338997
0.009200982,0.008252472,-0.169846127
0.009253468,0.003209843,-0.071239879
0.00951215,0.006767802,-0.028872936
0.010258203,0.002831178,-0.007502
0.01030694,0.006917769,0.063734453
0.011341666,0.001672685,0.057735594
0.010434406,-0.000648048,0.025866654
0.012061476,0.008728616,-0.040120797
0.011266686,-0.00922614,-0.071239879
0.012001492,0.01347506,-0.081362954
0.012852517,-0.012026767,-0.139476903
0.011169212,0.015053459,-0.133852972
0.015139414,-0.001750303,-0.149974906
0.009924541,-0.011768075,-0.163472339
0.016624022,0.034579115,-0.16609684
0.009872055,-0.054396092,-0.161972625
0.016012933,0.088019727,-0.163847268
0.012597585,-0.132554956,-0.165721912
0.015161908,0.381103281,-0.078363524
0.274409698,1.782481545,-0.135352687
0.650615354,1.842112031,-0.028872936
0.95732936,1.682408806,0.080606244
1.275744026,1.80848951,0.000371503
1.569239023,1.764369324,0.333308188
1.848604001,1.8235949,0.354304195
2.119053833,1.709728979,0.237326441
2.37960253,1.699006364,0.444662012
2.639168987,1.717399773,0.261321878
2.880335302,1.721805043,0.225328723
3.110273332,1.753942894,0.348680265
3.325976372,1.769771873,0.30668825
3.534710002,1.811800023,0.435288795
3.732009151,1.815076795,0.423666005
3.913637438,1.82701039,0.382423848
4.08119944,1.835247308,0.348680265
4.233885371,1.840049989,0.196459213
4.375605447,1.844140329,0.256072876
4.504830072,1.844474005,0.18858571
4.621697961,1.840233698,0.073482599
4.724810732,1.818593512,0.154842127
4.813452324,1.805497675,0.078356672
4.890591954,1.797174527,0.042738446
4.956308351,1.780025842,0.158591414
5.009784229,1.759679118,0.125597688
5.050517223,1.733607417,0.116224471
5.078642296,1.695954543,0.217830149
5.095074207,1.664529034,0.016493437
5.100337817,1.639248407,-0.20658914
5.095332888,1.601974199,-0.212962928
5.079684521,1.565427329,-0.288698525
5.053565168,1.518566503,-0.335939541
5.018050796,1.467589093,-0.340438686
4.973542549,1.435852403,-0.322442108
4.920838967,1.399860409,-0.364809051
4.859925052,1.351331204,-0.46903923
4.79105199,1.298629178,-0.455916725
4.71345873,1.249380133,-0.511031244
4.627130276,1.197555412,-0.58451727
4.533408775,1.139218389,-0.51515546
4.431698134,1.083352066,-0.541400469
4.322485724,1.022255657,-0.65650358
4.205797788,0.95261115,-0.648255149
4.082020473,0.887825561,-0.594640344
3.952274735,0.831295636,-0.599889346
3.815495855,0.758239387,-0.526403321
3.671627596,0.690053305,-0.436045504
3.523485466,0.637703701,-0.476162875
3.372351626,0.569948773,-0.519654604
3.215268107,0.500829148,-0.562771405
3.050277925,0.416787843,-0.601389061
2.877414823,0.334583629,-0.559022118
2.70020287,0.270716587,-0.501283098
2.518270912,0.183945889,-0.440919577
2.332008849,0.11349906,-0.354311048
2.1420915,0.026450923,-0.275950949
1.945624631,-0.055974491,-0.267702518
1.748550422,-0.131182761,-0.250455798
1.545833953,-0.223393499,-0.155598837
1.344335913,-0.28964876,-0.148475191
1.138432786,-0.40940837,-0.216712215
0.931404956,-0.46600578,-0.238458079
0.727226373,-0.618420625,-0.282699666
0.513622779,-0.700549856,-0.320942393
0.315131445,-0.817992481,-0.193841564
0.093722412,-1.070183881,-0.071239879
-0.046786734,-0.524785204,-0.004502571
-0.03381141,-0.084531889,0.184086566
-0.029203877,-0.18562815,0.212956075
-0.034407503,-0.083680828,0.145843838
-0.02877649,-0.092255171,0.162340701
-0.033256557,-0.075567633,0.118848972
-0.029814965,-0.053814972,0.130096833
-0.032124356,-0.066063497,0.112100255
-0.030759716,-0.035496546,0.089229604
-0.030939668,-0.051996626,0.111350398
-0.031580749,-0.03431181,0.030365798
-0.030830947,-0.036452584,-0.015000574
-0.031948152,-0.033516987,-0.068615378
-0.031295824,-0.028324392,-0.165346983
-0.031704466,-0.032669675,-0.214462643
-0.031734458,-0.02514135,-0.30182103
-0.031963148,-0.026142377,-0.361434693
-0.032045626,-0.021883325,-0.32469168
-0.032521751,-0.02644606,-0.291697955
-0.033593967,-0.031316226,-0.29019824
-0.034167566,-0.021812091,-0.2152125
-0.03502234,-0.028845526,-0.150349835
-0.035880864,-0.025235079,-0.106108248
-0.035858369,-0.018160403,-0.018000004
-0.036773128,-0.025733718,-0.001128212
-0.036739387,-0.014699923,0.043863232
-0.037099292,-0.025520016,0.078356672
-0.037890333,-0.017646767,0.059235308
-0.037230507,-0.019183925,0.029615941
-0.038913813,-0.023562951,-0.056242731
-0.037425456,-0.015704699,-0.049868943
-0.039618626,-0.034094358,-0.084737312
-0.038085281,-0.005626941,-0.173220486
-0.039172494,-0.039080749,-0.130853542
-0.040203472,0.001376501,-0.121855254
-0.037095543,-0.037427367,-0.140976617
-0.043416374,-0.012787848,-0.187842705
-0.03396137,0.001582705,-0.220086573
-0.048068895,-0.079530501,-0.185218204
-0.027310627,0.132631054,-0.130478614
-0.091718618,-0.854111946,-0.122230182
-0.427285006,-1.923006671,-0.148100263
-0.783032313,-1.692028052,0.037864373
-1.08826921,-1.734584835,0.00112136
-1.405727878,-1.787418082,0.115474613
-1.689842852,-1.782604153,0.492652886
-1.969567735,-1.791549663,0.294690532
-2.234757707,-1.674924357,0.353554338
-2.496513585,-1.719284489,0.466032948
-2.750662722,-1.712281047,0.220454649
-2.987558915,-1.734881019,0.320185684
-3.212735702,-1.75622877,0.342681406
-3.425267079,-1.783567689,0.334807903
-3.631241438,-1.819698402,0.407544071
-3.822995801,-1.820928128,0.320185684
-4.000129026,-1.834612584,0.313436967
-4.16207876,-1.836288461,0.218205077
-4.311079413,-1.847026073,0.177712778
-4.44851812,-1.850906459,0.24632473
-4.57397499,-1.848225806,0.135345835
-4.686643988,-1.839835172,0.152967483
-4.78441442,-1.824054933,0.19158514
-4.869175787,-1.811540216,0.085480317
-4.941587915,-1.79785951,0.125972617
-5.002790503,-1.778727516,0.192709926
-5.051760072,-1.752584581,0.150342983
-5.087904277,-1.726287931,0.211081432
-5.112149125,-1.695098619,0.161965772
-5.124487117,-1.661209907,-0.113231894
-5.126050454,-1.629754405,-0.168721341
-5.11724028,-1.592903852,-0.165721912
-5.097827907,-1.554261198,-0.271826734
-5.06861937,-1.516199665,-0.290948097
-5.030761867,-1.476087338,-0.313443819
-4.984064198,-1.432705738,-0.318317893
-4.929212433,-1.389459108,-0.434170861
-4.866431511,-1.344022965,-0.521904177
-4.795256557,-1.290661086,-0.439794791
-4.715878768,-1.239057565,-0.52377882
-4.627473363,-1.182400168,-0.52377882
-4.530827634,-1.123358302,-0.467539515
-4.426428953,-1.065879838,-0.605138348
-4.314149852,-1.002893849,-0.648630077
-4.195010063,-0.941913664,-0.587516699
-4.068852128,-0.880404847,-0.572144622
-3.936324624,-0.817523835,-0.554148045
-3.797037656,-0.745329894,-0.470913873
-3.650721294,-0.681496594,-0.475787947
-3.501244516,-0.627744801,-0.541775398
-3.347673819,-0.555082215,-0.556022688
-3.186552617,-0.480263858,-0.595390202
-3.017389787,-0.395094054,-0.548524114
-2.841471242,-0.318412362,-0.467164586
-2.662343544,-0.246724559,-0.424422715
-2.478255906,-0.16431789,-0.332940112
-2.291450236,-0.094272222,-0.250830727
-2.09875862,0.00057043,-0.185593133
-1.901819376,0.070301169,-0.1747202
-1.703223069,0.163119272,-0.119605682
-1.49906698,0.239650997,-0.097859817
-1.297182792,0.319676945,-0.228335005
-1.087564396,0.42165801,-0.220461502
-0.88339706,0.495231643,-0.223086003
-0.672680204,0.670426421,-0.292822741
-0.464778855,0.692632732,-0.187842705
-0.260049167,0.943845599,-0.026998293
-0.04634435,0.938199355,0.019117938
0.023829619,0.233213679,0.079856387
-0.002503427,0.098116231,0.230577724
0.006385475,0.143117471,0.203957787
0.002951382,0.048364799,0.162340701
0.003420008,0.088394644,0.181462065
0.004608444,0.03442165,0.131596548
0.00258023,0.051285399,0.137595407
0.0049646,0.031433565,0.115849542
0.002816418,0.023069176,0.11359997
0.00477715,0.031669762,0.100477465
0.003768666,0.015612084,0.016868365
0.004214798,0.023031684,-0.046119656
0.004552209,0.009999583,-0.16609684
0.004192304,0.013804986,-0.2557048
0.005013338,0.012631498,-0.314943534
0.00470217,0.010453232,-0.367058624
0.005185792,0.009268496,-0.295447242
0.005380741,0.006970257,-0.230209648
0.005560693,0.008383692,-0.211463213
0.005864363,0.003925934,-0.167596555
0.006040566,0.005305627,-0.12298004
0.006535436,0.006186681,-0.077238738
0.006614165,-0.001787795,-0.006377214
0.006422965,0.000694153,0.034490014
0.006310495,0.001672685,0.035989729
0.006081805,-0.003984806,0.05886038
0.005995578,0.001189043,0.053611378
0.005815626,-0.001026714,0.011994292
0.005665665,-0.00432598,-0.042745298
0.005556944,0.000154273,-0.06224159
0.005661916,-0.002668849,-0.067115663
0.005530701,-0.005398242,-0.128229042
0.005253274,-0.00127041,-0.142851261
0.005298262,-0.001011718,-0.098609674
0.005028334,-0.000921738,-0.126354398
0.004968349,0.000128029,-0.142851261
0.004942106,-0.000423098,-0.1316034
0.004634688,0.000229256,-0.135352687
0.004567205,-0.002713839,-0.07686381
0.004612193,0.00016927,-0.078738453
0.004608444,-0.001727808,-0.138727045
0.004529715,-0.005960617,-0.152974336
0.004368508,0.000592925,-0.127854113
0.004372257,-0.005908128,-0.084737312
0.004499723,-0.007891437,-0.04499487
0.004387253,-0.000516828,-0.001503141
0.004274783,-0.002638856,-0.02474872
0.004016101,-0.004194759,-0.10835782
0.003847395,-0.005716921,-0.164597126
0.00401985,-0.002511384,-0.197590851
