0.002332795,-0.012589142,-0.095985173
0.003697435,0.016785573,-0.091860958
0.002827665,-0.017020656,-0.106858106
0.003135084,0.011353032,-0.101984033
0.004064838,-0.004693399,-0.111732179
0.0013693,-0.010628328,-0.116981181
0.006370479,0.027935593,-0.088111671
-0.001015071,-0.056679334,-0.100859247
0.008113769,0.09236876,-0.080613097
-0.004182984,-0.174444388,-0.11135725
0.027211226,0.727181296,-0.10573332
0.225057731,2.790073657,-0.046119656
0.416152268,3.269771948,0.00974472
0.547986205,3.549999612,0.053986307
0.675062648,3.591266682,-0.159348124
0.791105754,2.925261085,-0.24970594
0.91544542,2.843892935,-0.17771963
1.016721176,2.800110174,0.149218196
1.10671991,2.685621892,0.449161156
1.191132619,2.582827259,0.20883186
1.266513963,2.444662993,0.305563464
1.334922149,2.374051201,0.266195951
1.387337058,2.290148615,0.041238731
1.430390689,2.260241518,0.293565746
1.460427757,2.232355221,0.191210211
1.480886104,2.167404669,-0.036746439
1.492328083,2.100860722,-0.209963498
1.493509021,2.046591544,-0.428921859
1.487236927,1.970805903,-0.354311048
1.472833231,1.887251989,-0.337064328
1.45159134,1.803206935,-0.214462643
1.421842946,1.706141027,-0.027373221
1.38327688,1.614597641,-0.210338427
1.337074081,1.518574001,-0.311944105
1.283032102,1.416634178,-0.305570317
1.222013215,1.301516036,-0.424797643
1.154343584,1.187552637,-0.326941253
1.081189152,1.069776336,-0.154474051
1.000510457,0.931803278,-0.237708222
0.916948773,0.818897144,-0.181843846
0.831070201,0.686746541,-0.14322619
0.741468862,0.55669922,-0.361434693
0.64786358,0.398934315,-0.281949809
0.544814542,0.238331291,-0.243707081
0.440640802,0.094475791,-0.347187402
0.328118015,-0.086886365,-0.357685406
0.220731373,-0.207452045,-0.494159453
0.108388539,-0.510422149,-0.5470244
0.006392973,-0.511955558,-0.554522974
-0.008239413,-0.102242949,-0.385805059
0.003577467,-0.067769367,-0.110982321
-0.002027303,-0.078090821,-0.009001715
0.00159424,-0.032291009,0.165715059
-0.000190288,-0.051659201,0.208456931
0.000462039,-0.023866633,0.08473046
0.000353318,-0.034368047,0.078731601
-9.66e-05,-0.018111664,0.034864943
0.000728219,-0.019127688,-0.066740735
-0.000332751,-0.019873772,-0.088861528
0.000473286,-0.014583698,-0.066365806
-7.03e-05,-0.017459309,-0.10573332
3.84e-05,-0.012701617,-0.141351546
-0.000141551,-0.014973612,-0.087736742
-0.00037399,-0.011936787,-0.008251858
-0.000287763,-0.012154239,0.06748374
-0.000568938,-0.009998468,0.132346405
-0.000595181,-0.01057584,0.152967483
-0.000842616,-0.011895546,0.045362947
-0.000925094,-0.009556067,0.014993722
-0.001078804,-0.009784766,0.040113945
-0.001123792,-0.01080079,-0.042745298
-0.001180027,-0.009357361,0.037864373
-0.001187525,-0.009728529,0.095978321
-0.001015071,-0.009409849,0.032240442
-0.001048812,-0.0080564,0.020617652
-0.001078804,-0.009856,-0.089986314
-0.001078804,-0.009139909,-0.216712215
-0.001135039,-0.011220697,-0.251955513
-0.001153784,-0.010140937,-0.268827304
-0.000838867,-0.006830423,-0.279325308
-0.000737644,-0.00842007,-0.282699666
-0.000958835,-0.007722725,-0.282324737
-0.000756389,-0.007599002,-0.289823311
-0.000722648,-0.006669209,-0.278950379
-0.000812624,-0.005998108,-0.14022676
-0.000625173,-0.007261577,-0.032247294
-0.00067766,-0.006391771,-0.082862669
-0.000583934,-0.006478002,-0.022499148
-0.000463966,-0.007688982,-0.054743016
-0.000565189,-0.00729532,-0.208088855
-0.000452719,-0.00662047,-0.23245922
-0.000407731,-0.00846131,-0.219336716
-0.000516452,-0.009458589,-0.121480325
-0.000418978,-0.008483805,-0.100859247
-0.000325253,-0.009008689,-0.070490022
-0.000685158,-0.009904739,-0.055117945
-0.001449956,-0.01066582,-0.125979469
-0.001761124,-0.008896214,-0.040495726
-0.001862347,-0.010590837,-0.01050143
-0.002143523,-0.008817481,0.004870647
-0.002248495,-0.009556067,0.025866654
-0.002799599,-0.010819536,-0.025123649
-0.002507177,-0.006875413,-0.032622223
-0.00313701,-0.013368969,-0.089236457
-0.002897074,-0.005416988,-0.05361823
-0.003028289,-0.01745556,0.019117938
-0.00363188,-0.005701924,-0.019499719
-0.002398455,-0.010647074,0.028491155
-0.004392929,-0.013601417,-0.028872936
-0.002128526,0.0009341,-0.129353828
-0.004531642,-0.028541843,-0.115106537
-0.002630894,0.016733085,-0.142851261
-0.003380696,-0.040434198,-0.132353257
-0.004872802,0.020118582,-0.113231894
0.00019586,-0.029527874,-0.108732749
-0.00931163,-0.005443232,-0.139476903
0.009797074,0.032247134,-0.139851831
-0.090642653,-1.088701012,-0.161597696
-0.350062898,-1.794860177,-0.146225619
-0.56446503,-1.695368559,-0.089236457
-0.752226698,-1.886872209,-0.130853542
-0.926885576,-1.934272915,0.091479177
-1.07198351,-2.041529056,0.006370362
-1.20710158,-2.118143263,-0.179219345
-1.315856611,-2.13254006,0.207332145
-1.415479053,-2.14993619,-0.007127072
-1.503033433,-2.115372629,-0.072364665
-1.579423261,-2.129728186,0.352804481
-1.642567836,-2.095562036,-0.002627927
-1.690735117,-2.083294765,0.020617652
-1.728127742,-2.053290189,0.200958357
-1.753414815,-2.017624373,-0.086611956
-1.77047281,-1.99043917,0.034115085
-1.776568701,-1.937178518,-0.021749291
-1.773228333,-1.889770314,-0.122230182
-1.762161255,-1.826668101,-0.038621082
-1.742377729,-1.760427836,-0.17771963
-1.714338884,-1.692189266,-0.087736742
-1.677403637,-1.612500743,-0.075739024
-1.631706954,-1.530139064,-0.203964639
-1.57859473,-1.442547299,-0.016500289
-1.517452125,-1.342549543,-0.067865521
-1.448957713,-1.242589279,-0.205089425
-1.374322422,-1.136352912,-0.038621082
-1.292297832,-1.023064362,-0.176594844
-1.204657225,-0.907612545,-0.371557768
-1.112600285,-0.794027812,-0.22383586
-1.019666076,-0.683603625,-0.310819319
-0.921142093,-0.542889927,-0.425172572
-0.816897121,-0.42001851,-0.274451235
-0.706503772,-0.265219195,-0.344562902
-0.589182253,-0.135884215,-0.434170861
-0.473019179,0.006527855,-0.369683124
-0.34827462,0.158241607,-0.319817607
-0.230450734,0.277450089,-0.316443249
-0.101638499,0.604347371,-0.326191395
0.001470523,0.472511697,-0.166846698
0.005819375,0.056650456,-0.210338427
-0.003496915,0.081844851,-0.325066609
0.001920404,0.057419035,-0.104233605
-0.002177264,0.028576701,-0.106858106
0.000514526,0.04143634,-0.219336716
-0.000996325,0.011960397,-0.049868943
-0.000287763,0.02889163,-0.049494015
-0.000269018,0.008537408,-0.196840994
-0.00071515,0.015387135,-0.12298004
9.46e-05,0.010528215,-0.055867803
-0.000662664,0.007337675,-0.11998061
0.000139625,0.009448456,-0.042745298
8.41e-06,0.001807655,0.106101396
0.000147123,0.009444706,0.055111093
1.59e-05,-0.001604086,0.048737305
0.00027084,-0.001570343,0.182586851
0.000675733,0.005080677,0.131971476
0.000492032,-0.004982084,0.092229034
0.000848187,1.56e-05,0.173963491
0.000923168,0.002823679,0.111725326
0.001031889,0.001833899,0.040113945
0.001403041,0.00389969,0.061109952
0.00133181,-0.001922765,-0.004502571
0.00125683,0.000559183,-0.082862669
0.001155606,-0.001007968,-0.05361823
0.001118116,-0.002608862,-0.073114523
0.001275575,0.001005334,-0.150349835
0.001219339,0.000502946,-0.125979469
0.001005646,-0.000876748,-0.103483747
0.00087818,-0.000426848,-0.205839283
0.00095316,0.000761638,-0.208463783
0.000904423,-0.002691344,-0.089986314
0.000949411,0.000851618,-0.126354398
0.001425535,0.002951151,-0.185218204
0.002111604,0.000322986,-0.11998061
0.002434019,0.003412298,-0.174345272
0.003022613,0.000859116,-0.284949238
0.003240056,2.68e-05,-0.229834719
0.003569969,0.007806321,-0.21221307
0.004143567,6.43e-05,-0.292447812
0.004117324,0.004477061,-0.2557048
0.005264521,0.003419797,-0.218961787
0.004608444,-0.000546821,-0.269202233
0.005751893,0.012691484,-0.220836431
0.004949604,-0.005915627,-0.126354398
0.005590685,0.019121304,-0.100859247
0.0064792,-0.007947675,-0.073489451
0.004683425,0.013535047,-0.008626786
0.008166255,0.006741558,0.01836808
0.00330004,-0.009694786,-0.033747009
0.009407177,0.039692978,-0.031122508
0.003420008,-0.051827914,0.013494007
0.008574897,0.091525198,-0.047619371
0.005973084,-0.129855556,-0.037871225
0.006610416,0.366249085,-0.009751572
0.243127959,1.874343611,-0.09411053
0.585626265,2.106968113,0.022867225
0.853579257,2.093024965,-0.03937094
1.125033824,2.339356419,-0.020999433
1.366061426,2.393876791,0.337807333
1.588059053,2.606165817,0.089604533
1.798637196,2.637118932,0.199083714
1.993859394,2.716994913,0.521897324
2.181857249,2.810855284,0.117349257
2.347709702,2.885763621,0.410918429
2.501017968,2.99068778,0.634375934
2.636949573,3.06774064,0.228703081
2.761262996,3.166842345,0.418042074
2.873617076,3.216777487,0.336682546
2.970041613,3.259165558,0.08772989
3.051672557,3.282792802,0.18858571
3.118476166,3.29745579,-0.03074758
3.173294191,3.31310106,-0.017625075
3.214507057,3.300998752,-0.030372651
3.24415048,3.271432829,-0.212587999
3.262865537,3.226596553,-0.040120797
3.269512532,3.186101811,-0.181843846
3.265992212,3.135900478,-0.28457431
3.253849168,3.059627445,-0.09411053
3.23271225,2.98349688,-0.285699096
3.202116579,2.908940965,-0.373057483
3.163276836,2.817982449,-0.227585147
3.116924076,2.726022905,-0.453667153
3.064306721,2.6352406,-0.518529818
3.006133333,2.542253784,-0.308944675
2.941043021,2.447658577,-0.491160023
2.869343205,2.348061982,-0.508031815
2.79104888,2.24521861,-0.314568606
2.706819872,2.133167285,-0.461165727
2.616948605,2.033319497,-0.506907029
2.521322606,1.857018715,-0.450292795
2.424189506,1.612565593,-0.400052349
2.325166905,1.446844957,-0.311944105
2.22184419,1.303281893,-0.192341849
2.113479056,1.148857495,-0.080238168
1.999584132,1.034391707,-0.229834719
1.884077134,0.921965467,-0.264703088
1.765345987,0.800301281,-0.158598266
1.6426034,0.678622098,-0.278200522
1.51184168,0.538474524,-0.433046075
1.374447961,0.420383293,-0.30182103
1.23358266,0.286901736,-0.345687688
1.087524979,0.172214748,-0.633258001
0.941980913,0.045279235,-0.440544649
0.78896507,-0.091411608,-0.326566324
0.638213629,-0.185613153,-0.422173142
0.48044779,-0.357774856,-0.131978329
0.324571452,-0.432338269,-0.011626216
0.170011017,-0.708869255,-0.136852402
0.011997743,-0.761113883,-0.043870084
-0.035588441,-0.211677355,0.044988018
-0.015643708,-0.093402415,0.02699144
-0.022425667,-0.129773075,0.083605674
-0.019175275,-0.053807473,0.204707644
-0.01964765,-0.086668913,0.120723615
-0.020494926,-0.047336413,-0.008251858
-0.019029064,-0.055187166,0.010119649
-0.020614895,-0.041645179,-0.125604541
-0.019096546,-0.036969969,-0.22683529
-0.020273735,-0.039883071,-0.118105967
-0.019595164,-0.031961083,-0.096360102
-0.019835101,-0.039361937,-0.181468917
-0.019902583,-0.024518988,-0.141726475
-0.019820105,-0.028080696,-0.133478043
-0.0202175,-0.024361523,-0.181843846
-0.020093782,-0.023491717,-0.02474872
-0.020337468,-0.026333585,0.086980032
-0.020449938,-0.020979776,0.026241583
-0.020712369,-0.023165539,0.032990299
-0.020693624,-0.019663818,0.04723759
-0.020952306,-0.02073608,-0.074989166
-0.02139094,-0.026322337,-0.153724193
-0.021252227,-0.019438868,-0.07686381
-0.021023537,-0.019078949,-0.10273389
-0.020963553,-0.020301177,-0.190842134
-0.02085858,-0.015899656,-0.141726475
-0.020693624,-0.015850917,-0.17771963
-0.020674879,-0.016188342,-0.280450094
-0.020723616,-0.017028155,-0.234333864
-0.020656134,-0.017755493,-0.138352117
-0.021330956,-0.021178481,-0.124479755
-0.021754594,-0.017459309,-0.095235316
-0.022032021,-0.018685286,-0.034121938
-0.022838058,-0.019892518,-0.088486599
-0.022631862,-0.01660075,-0.142851261
-0.023524127,-0.022475693,-0.075739024
-0.023696581,-0.013608915,-0.046119656
-0.024090227,-0.022198255,-0.123729897
-0.024765049,-0.015944646,-0.092235886
-0.024048988,-0.018696534,-0.087361813
-0.025736042,-0.020578615,-0.232834149
-0.024213944,-0.009259883,-0.20358971
-0.026429609,-0.031271236,-0.160847839
-0.025199934,-0.004535934,-0.193466635
-0.025938489,-0.036257627,-0.101984033
-0.027119427,0.004165881,-0.050993729
-0.023816549,-0.029820309,-0.09973446
-0.0300624,-0.01979129,-0.115481466
-0.020997294,0.008567402,-0.076488881
-0.033991362,-0.079455518,-0.100859247
-0.015549982,0.130047878,-0.09710996
-0.070630437,-0.783800087,-0.055492874
-0.381757028,-1.89581397,-0.083237598
-0.713945557,-1.735762073,-0.049868943
-0.990165116,-1.794320297,-0.142101404
-1.274043902,-1.880813557,0.002996003
-1.523431796,-1.904662002,0.276319026
-1.765790297,-1.986075141,0.020617652
-1.992860335,-1.90268994,0.26057202
-2.214239375,-1.92543613,0.390672279
-2.424708796,-1.898322162,0.016493437
-2.618288928,-1.896676278,0.477280809
-2.802256597,-1.888611822,0.403419855
-2.971100761,-1.880641095,0.2002085
-3.133042997,-1.883306752,0.606256282
-3.28200616,-1.846763631,0.299939534
-3.417536621,-1.831916934,0.298439819
-3.538978302,-1.794399029,0.344930978
-3.646548646,-1.766527729,0.095603392
-3.742418329,-1.731439285,0.212581147
-3.825267701,-1.686483035,0.002621075
-3.896221464,-1.653850294,-0.124104826
-3.954188657,-1.60640085,-0.025498578
-3.99924051,-1.567308296,-0.012001145
-4.033067828,-1.525220158,0.090729319
-4.05627045,-1.472206951,0.089604533
-4.067761166,-1.427516892,-0.034121938
-4.068334765,-1.384510209,-0.175470058
-4.059082208,-1.340723699,0.052486592
-4.040055982,-1.297083407,-0.106108248
-4.012365794,-1.25427543,-0.293947527
-3.976037887,-1.209592869,0.000371503
-3.930626129,-1.159117847,-0.559771975
-3.875920575,-1.106138383,-0.403426707
-3.812074935,-1.053076436,-0.242957224
-3.739137945,-0.998676038,-0.708993598
-3.657484508,-0.942659748,-0.295822171
-3.56768822,-0.879531291,-0.392178846
-3.47021396,-0.819147224,-0.521529248
-3.36569531,-0.761695004,-0.538775968
-3.253082548,-0.691570603,-0.748361111
-3.132720582,-0.628112219,-0.563896191
-3.006622631,-0.56710579,-0.447668294
-2.876262055,-0.503801122,-0.468289373
-2.741728831,-0.436571078,-0.320192536
-2.599101495,-0.353392081,-0.390304203
-2.448649974,-0.274580862,-0.516280246
-2.291030347,-0.189890951,-0.246706511
-2.128465775,-0.121734863,-0.317942964
-1.962931988,-0.038570863,-0.336689399
-1.791632223,0.042242411,-0.122230182
-1.618191773,0.120468759,-0.223086003
-1.437253304,0.214865261,-0.332940112
-1.255917439,0.278766046,-0.262078588
-1.069284223,0.395260132,-0.323191966
-0.880544064,0.448933192,-0.224585718
-0.69329601,0.588694603,-0.03337208
-0.498077561,0.656966915,-0.067115663
-0.315864428,0.761444924,0.017618223
-0.110321206,1.006093003,-0.012001145
0.01772623,0.479316434,-0.043120227
0.004353512,0.061145706,0.00412079
0.00068698,0.163625409,0.043863232
0.005335752,0.065614711,0.083605674
0.000563263,0.077480822,0.1192239
0.004604695,0.054674645,0.088479747
0.001511762,0.031898462,-0.020624505
0.004083583,0.047851163,-0.043120227
0.002850159,0.020384773,-0.04499487
0.003315036,0.034496634,0.005995433
0.003832399,0.01734045,0.020617652
0.003228809,0.022229362,-0.03937094
0.004319771,0.017580397,-0.059992018
0.003558722,0.012987668,-0.1316034
0.004349763,0.01554085,-0.251580584
0.00443599,0.008289963,-0.16609684
0.004533464,0.01154049,-0.120730468
0.005032083,0.011161824,-0.170970913
0.005879359,0.012339063,-0.122230182
0.006865349,0.009628416,-0.096735031
0.007476437,0.009043546,-0.140601689
0.00863863,0.008451177,-0.155223908
0.009084762,0.007903799,-0.096735031
0.009917043,0.011176821,-0.101984033
0.010059505,0.003112365,-0.081737883
0.010580617,0.011229309,-0.122605111
0.011307925,0.001222785,-0.159348124
0.010603111,0.006745307,-0.153349264
0.012488863,0.007877555,-0.242957224
0.011004256,-0.003433679,-0.14885012
0.013242415,0.018750136,-0.082112811
0.012031484,-0.014227528,-0.136477473
0.012721302,0.027167014,-0.052868373
0.014468341,-0.016949422,-0.078363524
0.010846797,0.013617528,-0.129728756
0.017898685,0.008544907,-0.113606822
0.008263729,-0.024320283,-0.089611386
0.02159146,0.075654978,-0.074239309
0.003003868,-0.161003627,-0.042370369
0.056813409,0.80740595,0.010119649
0.385380394,2.004117243,-0.014250717
0.748089614,1.773779731,0.121098544
1.05904375,1.752034568,-0.001503141
1.386422299,1.797170778,0.121098544
1.681596853,1.770270512,0.425540648
1.972160124,1.773622266,0.118474043
2.250047992,1.640928034,0.271819881
2.525454016,1.676290168,0.306313322
2.79407808,1.66980411,0.110225612
3.046037795,1.700269833,0.239576013
3.288846177,1.730698065,0.223454079
3.51657604,1.756923481,0.403794784
3.734993363,1.798925387,0.34155662
3.939880508,1.818975927,0.338932119
4.134052983,1.85996181,0.247074587
4.317372074,1.872506519,-0.181093988
4.486898557,1.888230522,-0.006377214
4.642504966,1.898814417,0.02136751
4.783677687,1.90509427,-0.079863239
4.912628635,1.918238846,0.122973187
5.030426278,1.918628759,0.251198803
5.137906646,1.916660447,0.116974328
5.233161492,1.910834243,-0.015375503
5.314432531,1.899691722,0.212956075
5.383005673,1.890307559,0.187085995
5.43921458,1.872982663,0.169089418
5.483280443,1.845407547,0.469407306
5.515735623,1.815687909,0.315311611
5.535781579,1.7741434,-0.124104826
5.54422435,1.731684095,-0.086611956
5.541172656,1.701747005,-0.202464924
5.526375313,1.666823523,-0.442794221
5.50154562,1.628735746,-0.098234746
5.466211201,1.587352452,-0.026623364
5.421106861,1.537717243,-0.416549212
5.367713461,1.493477084,-0.455541797
5.30561111,1.454107092,-0.34793726
5.235965751,1.409938167,-0.430046645
5.158676161,1.361303986,-0.326941253
5.072992538,1.313149698,-0.17771963
4.979199806,1.26162116,-0.216337286
4.877222985,1.20093341,-0.475787947
4.767785634,1.140590584,-0.373057483
4.65116518,1.080139031,-0.236958365
4.527084196,1.015016018,-0.462665442
4.396588656,0.953285999,-0.192341849
4.260312142,0.891136075,-0.175844986
4.117381136,0.827047831,-0.523403891
3.968208028,0.764425511,-0.46903923
3.814618586,0.701563245,-0.572519551
3.657992446,0.639312093,-0.885585016
3.496931228,0.567144396,-0.661377653
3.328139551,0.485345093,-0.468289373
3.152142276,0.403133381,-0.592390772
2.969779183,0.321911448,-0.393303633
2.784285666,0.251273412,-0.26995209
2.595601742,0.166212334,-0.383180558
2.402085343,0.088784557,-0.339688828
2.206270802,0.004008416,-0.16047291
2.004217908,-0.082578573,-0.08248774
1.801853846,-0.15842795,-0.180344131
1.594406127,-0.26321714,-0.144725904
1.386062394,-0.329172468,-0.12298004
1.175829161,-0.446956267,-0.475038089
0.961427028,-0.521879601,-0.336689399
0.752700896,-0.657434447,-0.055867803
0.533050149,-0.758639434,-0.236208507
0.328845323,-0.829603648,-0.007127072
0.105239371,-1.124370577,0.108725897
-0.061509096,-0.672907255,-0.155973765
-0.061677801,-0.115447511,-0.095985173
-0.0499434,-0.200898503,-0.020999433
-0.057910046,-0.122113529,-0.068615378
-0.050974378,-0.104852368,-0.012376073
-0.055589409,-0.104893609,-0.002627927
-0.052046595,-0.06932902,-0.008626786
-0.053658669,-0.08852475,-0.092610815
-0.053051329,-0.05917253,-0.124854683
-0.052470233,-0.070033864,0.001871217
-0.053632426,-0.054339855,-0.032247294
-0.052297778,-0.057387927,-0.01050143
-0.053381242,-0.053308834,0.055111093
-0.052417747,-0.0442471,-0.159348124
-0.052916365,-0.050688167,-0.232834149
-0.053501211,-0.044044645,-0.194216493
-0.054191028,-0.045075666,-0.294697384
-0.055143277,-0.042619962,-0.237708222
-0.055806852,-0.042612463,-0.173220486
-0.056620387,-0.037749795,-0.19496635
-0.056976543,-0.039654372,-0.187092848
-0.058329935,-0.039508154,-0.163097411
-0.058509888,-0.032407234,-0.188592562
-0.05948463,-0.037401123,-0.206214211
-0.059117227,-0.027510823,-0.104983462
-0.05933467,-0.043418534,-0.103108819
-0.060455624,-0.02761205,-0.153724193
-0.058866044,-0.031376213,-0.113231894
-0.061557833,-0.033865659,-0.101984033
-0.058667346,-0.015944646,-0.112107107
-0.061977722,-0.049076026,-0.070115093
-0.059660834,0.00102408,0.007495148
-0.060538102,-0.06186818,-0.029997722
-0.063181154,0.0085749,-0.07686381
-0.056357956,-0.053661256,-0.069740164
-0.070405497,-0.021902071,-0.192341849
-0.043337644,0.019822398,-0.229084862
-0.181319957,-1.213728199,-0.233209078
-0.562260613,-1.860455585,-0.158223338
-0.904050356,-1.611597194,-0.052118516
-1.224339528,-1.771589104,-0.154848979
-1.546776882,-1.749716469,0.161965772
-1.839098438,-1.752520845,0.313436967
-2.1302653,-1.674335738,0.015743579
-2.405506367,-1.609508908,0.424040934
-2.681328531,-1.667366038,0.467532663
-2.943594274,-1.649025118,0.001871217
-3.192933432,-1.690145971,0.432664294
-3.431156774,-1.702030827,0.340431833
-3.655580011,-1.732695255,-0.068615378
-3.870559491,-1.757882153,0.376799917
-4.072316213,-1.779638563,0.240700799
-4.26466292,-1.809594399,0.05886038
-4.444911572,-1.816976507,0.274819311
-4.611667537,-1.826746834,0.074982314
-4.764473435,-1.830346033,0.068233597
-4.903651683,-1.83481129,0.040113945
-5.030555671,-1.838732917,-0.022124219
-5.1470824,-1.849406793,0.135720763
-5.252403338,-1.849755465,0.008994863
-5.34407413,-1.841765993,0.149968054
-5.423050775,-1.837311984,0.314186824
-5.488673446,-1.825078455,0.072732742
-5.542033105,-1.812841177,0.282692814
-5.583523399,-1.797008449,0.377174846
-5.61215084,-1.778427582,-0.001128212
-5.629403784,-1.75488282,0.056610808
-5.634281246,-1.72849244,0.014243864
-5.626910692,-1.707013468,-0.425922429
-5.608836715,-1.67661898,-0.380930985
-5.579710656,-1.643393871,-0.276700807
-5.540181095,-1.609606387,-0.461915585
-5.491357737,-1.572272191,-0.371557768
-5.433810434,-1.537521172,-0.182593703
-5.368292735,-1.50021697,-0.210338427
-5.295595682,-1.458507498,-0.260578873
-5.21479327,-1.410735625,-0.07386438
-5.125465608,-1.359698228,0.016118508
-5.028160054,-1.306351345,-0.192716778
-4.922156796,-1.246777098,-0.124854683
-4.808438076,-1.186355538,-0.028872936
-4.687528754,-1.122162318,-0.28157488
-4.558922715,-1.058613955,-0.301446101
-4.424085821,-0.99924966,-0.210713356
-4.283138042,-0.934366593,-0.338189114
-4.135610749,-0.866154267,-0.376431841
-3.9826174,-0.797930693,-0.322442108
-3.825391419,-0.735630802,-0.467539515
-3.664731344,-0.668531978,-0.632883072
-3.498080351,-0.586942628,-0.520029533
-3.323518948,-0.505739441,-0.525653464
-3.142175585,-0.417956468,-0.613386779
-2.955302433,-0.340618672,-0.428172002
-2.766524783,-0.264814285,-0.3824307
-2.573566987,-0.177829884,-0.484411307
-2.377448776,-0.101478119,-0.364059194
-2.176925478,-0.004629663,-0.325066609
-1.972581939,0.066323304,-0.421048356
-1.766978733,0.167562033,-0.334439827
-1.555999446,0.253462925,-0.333689969
-1.347258318,0.33974998,-0.426672287
-1.131109147,0.452862318,-0.350561761
-0.919724967,0.516954311,-0.28719881
-0.702732268,0.703235373,-0.270701948
-0.487415377,0.72950203,-0.161222767
-0.278318093,0.955831683,0.037864373
-0.056226741,0.999127052,0.053986307
0.025392956,0.280269462,0.026241583
-0.001678645,0.095683023,0.242950371
0.006494197,0.162118244,0.254573161
0.004076085,0.054116019,0.158216485
0.00371618,0.093366038,0.247074587
0.005691908,0.04256109,0.177712778
0.003198817,0.052305172,0.011619364
0.006074307,0.039509269,-0.009751572
0.003779913,0.025461144,-0.008626786
0.005553195,0.034627854,-0.07386438
0.004998342,0.018363972,-0.035621653
0.005335752,0.023444092,0.030740727
0.005849367,0.012841451,-0.05661766
0.005388239,0.017902825,-0.080613097
0.006149288,0.013253859,-0.035996581
0.00606306,0.009804626,-0.049868943
0.006550432,0.011832925,-0.061491733
0.006677898,0.008263719,-0.052118516
0.007045301,0.010318262,-0.02774815
0.007828844,0.01131554,-0.082862669
0.00879234,0.01014955,-0.10573332
0.009635867,0.010142051,-0.079113382
0.010479394,0.009842118,-0.152974336
0.010644351,0.004836981,-0.169471199
0.011157965,0.009875861,-0.176969773
0.011536615,0.002602478,-0.307819889
0.011195455,0.002385027,-0.361434693
0.012500111,0.003191098,-0.326566324
0.011615344,0.000952845,-0.33069054
0.013163685,0.013002665,-0.255329871
0.012601334,-0.007509022,-0.112107107
0.013148689,0.017827842,-0.085862099
0.014112185,-0.008262605,-0.093735601
0.012012739,0.006077955,-0.02774815
0.016069168,0.004570791,-0.064116234
0.011067989,-0.009814759,-0.123354969
0.017227612,0.034849055,-0.10273389
0.011037997,-0.050455719,-0.147350405
0.016481559,0.085215351,-0.260953801
0.014142177,-0.127099919,-0.277825593
0.014198412,0.353516918,-0.207713926
0.264958444,1.758344415,-0.274826163
0.638104907,1.831659356,-0.106483177
0.94100617,1.640474385,-0.031497437
1.253598624,1.753350525,-0.120730468
1.544510553,1.688606178,0.224953794
1.820077784,1.727428792,0.139844979
2.087314715,1.600478282,-0.004877499
2.345565269,1.583734506,0.260946949
2.600175534,1.584596815,0.145843838
2.836396905,1.580900137,0.052486592
3.065315205,1.63137141,0.236201655
3.281059483,1.641970302,0.254198232
3.486306533,1.672990901,0.115099685
3.676898704,1.669879094,0.172838705
3.85099523,1.679356985,0.245199944
4.012630047,1.690135838,0.066733882
4.161878135,1.694694823,0.02136751
4.300389059,1.70338539,0.086230175
4.425587248,1.696655637,-0.046869514
4.53634425,1.684095931,-0.114731608
4.632195189,1.675574077,-0.055867803
4.715306992,1.663869181,-0.034871795
4.78658317,1.651984324,-0.008626786
4.845487615,1.642817613,0.143219337
4.891739151,1.617803178,0.21745522
4.924876651,1.595690597,0.082855817
4.9453275,1.570811131,0.121473473
4.953500342,1.539981739,0.061859809
4.950268695,1.508754936,-0.204714496
4.935812513,1.469456178,-0.256454657
4.910592923,1.441944798,-0.307819889
4.87557342,1.404021983,-0.465664872
4.831766238,1.364438289,-0.417673998
4.779692489,1.337106869,-0.280825023
4.719547122,1.294805029,-0.355060905
4.65104896,1.249931261,-0.325441538
4.573519433,1.198920108,-0.121105396
4.487704595,1.145741938,-0.182218774
4.393057088,1.093471065,-0.27857545
4.289974309,1.030466331,-0.154474051
4.179198562,0.972230535,-0.179969202
4.060684858,0.91592556,-0.327316181
3.936483905,0.854199291,-0.239957794
3.805572225,0.790583443,-0.125604541
3.667379967,0.723218428,-0.248206226
3.524651408,0.662594414,-0.237708222
3.378410026,0.604977231,-0.129728756
3.227414899,0.535059034,-0.274076306
3.069791522,0.457316328,-0.361434693
2.903571666,0.369477117,-0.311569176
2.730468627,0.294767487,-0.420673428
2.553646571,0.217669637,-0.508406743
2.37210451,0.139169599,-0.401552064
2.188196825,0.064879875,-0.401552064
1.99853066,-0.028485606,-0.45741644
1.806671324,-0.098295077,-0.305195388
1.610969253,-0.197400531,-0.233209078
1.411165765,-0.267105025,-0.295822171
1.212258291,-0.369408518,-0.219711644
1.005560373,-0.459343512,-0.215962357
0.80558818,-0.551051861,-0.28719881
0.595954788,-0.707384585,-0.237708222
0.394869138,-0.731420489,-0.21221307
0.18700153,-1.026359879,-0.205089425
-0.009622797,-0.854085702,-0.161597696
-0.048305083,-0.176536422,0.005245576
-0.025612325,-0.150910873,0.118474043
-0.035835875,-0.145819505,0.124097974
-0.029916189,-0.076587406,0.269945238
-0.032615476,-0.103941321,0.24632473
-0.031760702,-0.054707273,0.109100826
-0.030995903,-0.074461629,0.132346405
-0.032420527,-0.047966273,0.064109382
-0.030830947,-0.051445499,-0.06824045
-0.032604229,-0.046519094,-0.046869514
-0.031434538,-0.03885205,-0.014250717
-0.03225932,-0.043733464,-0.067115663
-0.032124356,-0.033865659,-0.052868373
-0.03210561,-0.039965552,0.004495718
-0.032233077,-0.029962777,-0.013875788
-0.03218434,-0.030783845,-0.033747009
-0.032795428,-0.031158761,-0.004877499
-0.032544245,-0.027874492,-0.053993159
-0.032889154,-0.028673064,-0.138727045
-0.033372776,-0.028335639,-0.123354969
-0.03422755,-0.031061283,-0.100109389
-0.035209791,-0.027015933,-0.175470058
-0.035734652,-0.027222137,-0.14022676
-0.036394478,-0.026644766,-0.042370369
-0.036315749,-0.024488995,-0.148475191
-0.036889347,-0.027724525,-0.192341849
-0.036859355,-0.019303898,-0.170595985
-0.037241754,-0.026903458,-0.317942964
-0.037991556,-0.019003965,-0.39705292
-0.037324232,-0.024638962,-0.356185691
-0.039056275,-0.025272571,-0.335939541
-0.037590412,-0.01376638,-0.28457431
-0.039802328,-0.033213304,-0.159348124
-0.038535163,-0.002271437,-0.045744728
-0.039194988,-0.041172784,-0.04499487
-0.040593369,-0.002833812,0.020242724
-0.037136782,-0.032137294,0.056610808
-0.043690051,-0.021973305,-0.074989166
-0.0340401,0.004454566,-0.101984033
-0.0474803,-0.084310688,-0.165721912
-0.028716505,0.129916657,-0.232084291
-0.084048144,-0.78041459,-0.274826163
-0.410939322,-1.861959001,-0.262078588
-0.767222738,-1.654603877,-0.079113382
-1.066798629,-1.67967455,-0.198340709
-1.379750988,-1.73748294,-0.021374362
-1.660668056,-1.709187985,0.303688821
-1.935526725,-1.705093895,0.038989159
-2.19740632,-1.584224533,0.137220478
-2.454524673,-1.616279902,0.328434115
-2.701929341,-1.603165319,0.041988588
-2.933756872,-1.634579581,0.043488303
-3.158483779,-1.664482929,0.255697947
-3.369245623,-1.682565157,0.123348116
-3.56943151,-1.707943262,0.074232456
-3.753144247,-1.706162408,0.281568028
-3.923300564,-1.723509799,0.190085425
-4.079593042,-1.723667264,0.014993722
-4.223206368,-1.738034068,0.080231316
-4.356881068,-1.743350385,0.000371503
-4.476028355,-1.736170732,-0.127854113
-4.580835679,-1.728784875,-0.031872366
-4.67198161,-1.715524075,-0.003752713
-4.750418397,-1.708704342,-0.038996011
-4.81641222,-1.69536106,0.068233597
-4.869786875,-1.679929493,0.230952653
-4.911190942,-1.660437579,0.204332715
-4.939480971,-1.633481076,0.203582858
-4.955159331,-1.608102971,0.341181691
-4.959673139,-1.579770523,0.119598829
-4.952317581,-1.545739344,-0.142851261
-4.933505049,-1.511025816,-0.122605111
-4.904615178,-1.476488499,-0.330315611
-4.865902901,-1.439600454,-0.569145193
-4.818481673,-1.40464698,-0.413924711
-4.763701139,-1.36917612,-0.340813615
-4.700920218,-1.325142165,-0.488910451
-4.629419099,-1.275758151,-0.303320745
-4.549463963,-1.225796765,-0.10835782
-4.460721147,-1.171295139,-0.266202803
-4.363393099,-1.113887909,-0.170970913
-4.2581134,-1.05440739,-0.003377784
-4.144342193,-0.992137492,-0.152974336
-4.02336539,-0.932173331,-0.224585718
-3.896671346,-0.868714947,-0.108732749
-3.762752959,-0.800165196,-0.162722482
-3.622270057,-0.735409601,-0.306320174
-3.477910678,-0.676292752,-0.16047291
-3.330004735,-0.609546349,-0.141351546
-3.176546509,-0.535905231,-0.349436975
-3.01541031,-0.451657722,-0.3393139
-2.845733866,-0.365385663,-0.326566324
-2.670816307,-0.292325665,-0.521154319
-2.491407433,-0.207691992,-0.543650041
-2.308943117,-0.136630299,-0.405301351
-2.123007217,-0.046522844,-0.460040941
-1.931309088,0.032835753,-0.39405349
-1.739011118,0.114597565,-0.185968061
-1.540298592,0.210917389,-0.187092848
-1.342722016,0.277142657,-0.157098552
-1.139743117,0.400681426,-0.030372651
-0.935815718,0.460563105,-0.088111671
-0.733530385,0.620764969,-0.134227901
-0.523705794,0.692092852,-0.06524102
-0.327107709,0.821439079,-0.119605682
-0.107385731,1.050044476,-0.223086003
0.021381515,0.466306828,-0.20958857
0.004409747,0.066679475,-0.121480325
0.002591477,0.171948558,-0.139101974
0.006681647,0.065258541,-0.065615949
0.002167839,0.079096712,0.088104818
0.006306746,0.056687947,-0.015000574
0.002917641,0.042197421,-0.02774815
0.005815626,0.047794925,0.108350968
0.004432241,0.021771964,0.014618793
0.004949604,0.036453698,-0.051743587
0.00538449,0.017216728,0.075732171
0.004799644,0.02332037,0.066733882
0.005841869,0.016429403,-0.024373792
0.005380741,0.013516301,0.037114515
0.005826873,0.01495973,0.095228464
0.005770638,0.008653632,0.039364087
0.006265507,0.012335313,0.049112234
0.006351734,0.006554099,0.062234738
0.006651655,0.007701344,-0.075739024
0.007510178,0.010854393,-0.154474051
0.008342458,0.01023578,-0.147350405
0.009317201,0.009748389,-0.185218204
0.010194469,0.00897981,-0.197590851
0.010460649,0.006205427,-0.11135725
0.010809307,0.002501251,-0.07086495
0.011412898,0.00061917,-0.145475762
0.011244192,0.00623542,-0.111732179
0.012481365,0.005084426,-0.115106537
0.011851532,-0.00149536,-0.230584577
0.013058713,0.01212536,-0.198340709
0.01295749,-0.006552985,-0.173595414
0.012706306,0.014116167,-0.226460361
0.015053186,-0.003298709,-0.206964069
0.012023986,0.000499196,-0.110607393
0.016297858,0.017966561,-0.10573332
0.011735312,-0.023214279,-0.106858106
0.01606167,0.042771043,-0.019499719
0.013969722,-0.05166295,-0.090736172
0.013223669,0.06773299,-0.145100833
0.020331792,-0.071338573,-0.129728756
0.001223088,0.129234309,-0.162722482
0.199212056,1.563743953,-0.245581725
0.578270708,1.924949853,-0.103858676
0.892527722,1.653990128,-0.007876929
1.206158651,1.79086468,-0.188217634
1.507770255,1.734458478,0.137970335
1.786516646,1.780914394,0.177712778
2.060138141,1.678273476,-0.06824045
2.320533129,1.632953558,0.191210211
2.582397728,1.671854904,0.167964631
2.826237088,1.652329248,0.002996003
3.057772196,1.69749545,0.120723615
3.277066787,1.711063682,0.293190817
3.487596193,1.750144989,0.196834141
3.688052009,1.769936836,0.146218767
3.871461076,1.774979464,0.340056905
4.041010053,1.784877262,0.16271563
4.195907899,1.795416168,0.043113374
4.339671186,1.812774807,0.208456931
4.472682311,1.815402972,0.052861521
4.593347947,1.813835821,-0.022124219
4.699025041,1.804950297,0.078731601
4.789323696,1.79589981,0.018743009
4.867700499,1.791948189,-0.024373792
4.933982996,1.78016831,0.111350398
4.987923752,1.76357825,0.290566316
5.029713966,1.742624162,0.211456361
5.058397642,1.720102921,0.28081817
5.075136971,1.69601453,0.361427841
5.079883218,1.666913503,0.123348116
5.072677621,1.636579001,0.0356148
5.054528663,1.597164019,-0.004127642
5.025305131,1.556886729,-0.204339568
4.986008008,1.521742047,-0.379431271
4.937915707,1.48365052,-0.311569176
4.881830518,1.440906279,-0.378681413
4.818134838,1.400737714,-0.583392483
4.746506253,1.359991778,-0.352436404
4.666633595,1.309411779,-0.289823311
4.57849437,1.256196117,-0.441669435
4.482013597,1.199156306,-0.271451805
4.377457457,1.137939923,-0.234333864
4.264758468,1.076243648,-0.396303062
4.144276534,1.013550094,-0.397427848
4.01788241,0.950684078,-0.238083151
3.885561102,0.887529377,-0.280075165
3.746255389,0.814923028,-0.339688828
3.601247431,0.747006886,-0.170595985
3.453079058,0.690836881,-0.238458079
3.30110169,0.617675656,-0.374182269
3.142960951,0.540251629,-0.341938401
2.976842318,0.452821078,-0.436795362
2.802745791,0.367838732,-0.611137207
2.625177682,0.295288621,-0.568395335
2.442885819,0.209057803,-0.531277394
2.257935909,0.135686624,-0.632508143
2.068787107,0.039081864,-0.49790874
1.874457174,-0.039639375,-0.365933837
1.679437423,-0.129810566,-0.37680677
1.478186817,-0.219329403,-0.24708144
1.279380566,-0.298391816,-0.135727616
1.073904826,-0.417079164,-0.200215352
0.87136456,-0.485981336,-0.243707081
0.666556144,-0.658293006,-0.188967491
0.458306137,-0.702364452,-0.259454087
0.259334929,-0.906641511,-0.288323597
0.041491205,-1.033037144,-0.215962357
-0.057280213,-0.371616777,-0.188592562
-0.033080353,-0.107195597,-0.06524102
-0.037238005,-0.188807442,-0.011251287
-0.03691559,-0.078735678,0.063734453
-0.034737415,-0.112249473,0.142094551
-0.037429205,-0.074341655,0.106101396
-0.034317526,-0.068620428,0.190460353
-0.036889347,-0.06415892,0.177712778
-0.034894874,-0.0480675,0.132346405
-0.036154541,-0.058565165,0.196834141
-0.03562968,-0.039594385,0.126722474
-0.035674668,-0.045990462,0.040863802
-0.036042071,-0.038844552,0.031115656
-0.035622182,-0.038822057,-0.013500859
-0.036409474,-0.036351356,-0.052118516
-0.035929601,-0.031916093,-0.049119086
-0.036548187,-0.034480522,-0.095610245
-0.036776877,-0.031271236,-0.205089425
-0.036986821,-0.033640709,-0.241832438
-0.03786409,-0.033644458,-0.26132873
-0.038700119,-0.031548675,-0.271826734
-0.039258722,-0.033543231,-0.196091136
-0.040128492,-0.030341443,-0.09973446
-0.040454656,-0.026326086,-0.028498007
-0.040938278,-0.029205446,-0.043495155
-0.041163219,-0.02271564,-0.028123079
-0.041114481,-0.02909672,-0.026998293
-0.042107969,-0.0258162,-0.100859247
-0.041320677,-0.025268822,-0.071614808
-0.043011481,-0.029865299,-0.086611956
-0.041819295,-0.013024045,-0.16909627
-0.043146445,-0.037179922,-0.208838712
-0.043176437,-0.008693759,-0.233209078
-0.042115467,-0.036996213,-0.253830156
-0.045373357,-0.016593251,-0.251580584
-0.040578373,-0.01911644,-0.155973765
-0.047731484,-0.04141648,-0.153724193
-0.039322455,0.022559289,-0.159348124
-0.048567513,-0.101721815,-0.138727045
-0.039228729,0.127865864,-0.18634299
-0.058869793,-0.526674784,-0.198715637
-0.348162149,-1.78243919,-0.209213641
-0.721788486,-1.726141713,-0.008251858
-1.026054389,-1.680825544,-0.029997722
-1.343865464,-1.798028222,-0.020999433
-1.63354022,-1.75753348,0.362552627
-1.912211631,-1.781831825,0.13084669
-2.179651009,-1.657273283,0.017618223
-2.439299943,-1.69262042,0.403419855
-2.695064904,-1.699942541,0.18558628
-2.930960111,-1.709874082,0.081356102
-3.156725493,-1.752374628,0.485904169
-3.370359079,-1.776969157,0.333308188
-3.577060745,-1.823016414,0.139095122
-3.769699875,-1.826668101,0.405294499
-3.946308238,-1.844236693,0.29806489
-4.109086503,-1.85040782,0.136095692
-4.257573542,-1.860241883,0.286817029
-4.395713314,-1.875572223,0.183336708
-4.522358621,-1.879261402,0.034115085
-4.636328525,-1.878410341,0.011994292
-4.73559856,-1.867005378,-0.001128212
-4.820794813,-1.860058174,0.06448431
-4.893806782,-1.849579255,0.062609667
-4.9541396,-1.835868555,0.266195951
-5.002438096,-1.820039576,0.326184543
-5.038053691,-1.79632985,0.162340701
-5.061263812,-1.773332466,0.362552627
-5.073335624,-1.745161232,0.26657088
-5.073395608,-1.713424542,0.001496289
-5.062455997,-1.681271695,0.140969765
-5.040816712,-1.643457606,0.030365798
-5.007982882,-1.604702477,-0.287948668
-4.96576528,-1.565673659,-0.245206796
-4.915029928,-1.525730045,-0.237333293
-4.85617422,-1.482779599,-0.509906458
-4.789723018,-1.43876439,-0.4660398
-4.715282675,-1.392447193,-0.288323597
-4.63289818,-1.337645634,-0.469789087
-4.54239333,-1.281318164,-0.511406173
-4.443681897,-1.223629747,-0.361434693
-4.337093793,-1.159451523,-0.446168579
-4.222021681,-1.092210231,-0.550398758
-4.099222858,-1.027387151,-0.352436404
-3.97038438,-0.962485338,-0.232834149
-3.834958892,-0.893406955,-0.378306485
-3.692683963,-0.823057604,-0.253455227
-3.546082676,-0.75843323,-0.138727045
-3.396770854,-0.694858622,-0.355060905
-3.242630308,-0.618544348,-0.393678561
-3.081827771,-0.533918173,-0.337814185
-2.912387515,-0.446172692,-0.559397047
-2.73661893,-0.365389412,-0.680873945
-2.556880144,-0.279780955,-0.554148045
-2.372747518,-0.204478956,-0.671125799
-2.186714144,-0.116883442,-0.713117814
-1.994416174,-0.023255519,-0.461165727
-1.801102222,0.050333111,-0.464540086
-1.603180737,0.15822661,-0.45179251
-1.403212293,0.224691825,-0.292072884
-1.20244156,0.340833489,-0.30182103
-0.995949838,0.422479077,-0.29319767
-0.795598995,0.546434003,-0.192341849
-0.584316038,0.679323192,-0.140976617
-0.386488279,0.728793438,-0.129353828
-0.172491039,1.042358685,-0.014625646
0.003045107,0.700790917,0.008994863
0.014704528,0.09407838,0.02999087
-0.000857612,0.153630132,0.160091129
0.008859822,0.097261422,0.160840986
0.00227656,0.059919728,0.193459783
0.006599169,0.072955578,0.167964631
0.004117324,0.032494579,0.168714489
0.005219533,0.053962303,0.176587992
0.005545697,0.023601557,0.050611948
0.004672178,0.034549122,0.142094551
0.006198025,0.020486,0.181087136
0.005099565,0.018363972,0.061484881
0.006261758,0.020426014,0.108350968
0.005834371,0.011143079,0.109475754
0.00625426,0.014693539,-0.003002856
0.006183029,0.005253139,0.015743579
0.006347985,0.011547989,0.040863802
0.006839105,0.00772009,-0.080988025
0.006715388,0.003970924,-0.130478614
0.007633896,0.011877915,-0.131978329
0.008379949,0.010085814,-0.200965209
0.009174739,0.007551378,-0.236208507
0.01026945,0.009860864,-0.223086003
0.010906781,0.005819263,-0.131228471
0.010959267,0.006044213,-0.112856965
0.011922763,0.006794046,-0.161972625
0.011829038,0.000907855,-0.118855824
0.012646322,0.009373472,-0.16609684
0.012815027,-0.002095227,-0.221961217
0.012650071,0.008428682,-0.16047291
0.014014711,-0.000340617,-0.15747348
0.012507609,0.002081344,-0.139476903
0.015150661,0.011877915,-0.067115663
0.012650071,-0.013335226,-0.053243302
0.015383099,0.026833338,-0.068990307
0.01435587,-0.024968888,-0.074239309
0.01371479,0.031853472,-0.107607963
0.017853697,-0.02177085,-0.181093988
0.009493405,0.010655687,-0.179969202
0.024234512,0.023916487,-0.227960076
-0.001554928,-0.09783018,-0.231709363
0.105250618,1.125488943,-0.253455227
0.463033638,1.985776322,-0.248206226
0.799919677,1.681606485,-0.009751572
1.104995366,1.77733394,-0.085112241
1.416451869,1.782935194,0.132346405
1.695993051,1.794403893,0.395921281
1.972163873,1.766153927,0.10497661
2.232461386,1.671884897,0.267320737
2.493384984,1.722494889,0.365552056
2.741483219,1.708525497,0.151467769
2.973130798,1.740217197,0.296940104
3.194644802,1.766172673,0.496027244
3.405013001,1.808770697,0.375675131
3.607324576,1.84054113,0.274069454
3.79343668,1.843754165,0.400045497
3.964803927,1.85195734,0.26357145
4.121111401,1.860831616,0.080981173
4.265335815,1.878756379,0.17133899
4.399141731,1.886704611,0.07310767
4.521168258,1.891623517,-0.064866091
4.629492153,1.876765572,-0.006752143
4.722377625,1.867208948,0.013868936
4.802381498,1.865705532,0.040863802
4.870276069,1.851454952,0.161215915
4.925802656,1.83353019,0.362177698
4.968852538,1.812396141,0.318685969
4.999268256,1.788060304,0.271444953
5.018080788,1.763420785,0.374550345
5.025387609,1.735766937,0.137970335
5.021094992,1.701387085,-0.021749291
5.005769039,1.664176612,0.020617652
4.97937226,1.620326367,-0.185218204
4.942665703,1.581125087,-0.419173713
4.896879044,1.545403033,-0.359185121
4.842559638,1.498234776,-0.381305914
4.780292331,1.455134364,-0.608512706
4.710560745,1.407519955,-0.457791369
4.632600082,1.351451178,-0.307070032
4.546282876,1.299146563,-0.467539515
4.452445156,1.242181735,-0.361059764
4.350700773,1.183338574,-0.265452946
4.241132207,1.12064502,-0.427047216
4.123735708,1.055139592,-0.434170861
3.999407289,0.99140377,-0.258704229
3.86951534,0.923900036,-0.280450094
3.732552757,0.85231721,-0.403051779
3.589145627,0.782290287,-0.259454087
3.442383132,0.721467567,-0.300696244
3.292362748,0.654751158,-0.524153749
3.136925045,0.577203409,-0.49790874
2.973974325,0.48801075,-0.530902465
2.802708301,0.402053621,-0.716117243
2.627104673,0.326357959,-0.728864819
2.44704722,0.237596454,-0.658753152
2.263551926,0.165245049,-0.747236325
2.076611291,0.071178474,-0.649754863
1.884013401,-0.012221724,-0.432296217
1.690425771,-0.100300881,-0.452542367
1.490734754,-0.198232846,-0.357685406
1.292659559,-0.271510295,-0.208463783
1.089298261,-0.393395682,-0.266202803
0.886994183,-0.460985647,-0.271451805
0.685188724,-0.627328644,-0.177344701
0.477328613,-0.689834739,-0.181843846
0.281555311,-0.855776576,-0.163472339
0.06370034,-1.054984762,-0.061491733
-0.05388361,-0.445310384,-0.046869514
-0.033908884,-0.099558546,0.050611948
-0.034347518,-0.194809857,0.144344123
-0.036634415,-0.082361121,0.149593125
-0.032615476,-0.105692181,0.159341271
-0.036334494,-0.076816105,0.094478606
-0.032784181,-0.065827299,0.139095122
-0.035453476,-0.070824938,0.090729319
-0.03377392,-0.04725768,0.004870647
-0.034347518,-0.057931556,0.149218196
-0.034486232,-0.039530649,0.095228464
-0.034156319,-0.047073971,0.002996003
-0.034917368,-0.03975185,0.087354961
-0.034426248,-0.038173451,0.058485451
-0.034913619,-0.037764792,0.024366939
-0.034778655,-0.03184111,0.048737305
-0.035374747,-0.035260349,0.025491725
-0.035370998,-0.030757601,-0.041245583
-0.035479719,-0.030555146,-0.100484318
-0.036252016,-0.032838388,-0.11435668
-0.037174272,-0.031766126,-0.133478043
-0.037905329,-0.031413705,-0.182218774
-0.038741358,-0.032306006,-0.128229042
-0.039176243,-0.027282124,-0.075364095
-0.039352447,-0.028226914,-0.194216493
-0.04013599,-0.025216333,-0.214462643
-0.039858563,-0.026888461,-0.191591992
-0.040945776,-0.028954252,-0.304445531
-0.040162233,-0.018179149,-0.319817607
-0.041009509,-0.03174738,-0.277825593
-0.041298183,-0.014834893,-0.26132873
-0.040885792,-0.03215604,-0.19496635
-0.043041473,-0.018096667,-0.123354969
-0.040109747,-0.021463418,-0.029622793
-0.044406112,-0.037288648,0.030365798
-0.039971033,0.003296074,0.072357813
-0.044154929,-0.060196052,0.041238731
-0.042055483,0.030488775,-0.066365806
-0.040754577,-0.082717292,-0.117731038
-0.048372565,0.049110883,-0.188217634
-0.02881398,-0.139918318,-0.219336716
-0.226300579,-1.493532207,-0.280825023
-0.608613372,-1.839197814,-0.115481466
-0.924265018,-1.63566309,-0.041620512
-1.237026177,-1.810524192,-0.173220486
-1.537719273,-1.770505595,0.271819881
-1.815093527,-1.816582845,0.314561753
-2.087357881,-1.722216336,0.067108811
-2.345570944,-1.700868585,0.451410729
-2.604380101,-1.74332789,0.410918429
-2.844339235,-1.73164174,0.145843838
-3.071941632,-1.781741845,0.479155452
-3.287749643,-1.803775694,0.547017547
-3.494889944,-1.853429648,0.268445523
-3.69144304,-1.868857466,0.456284802
-3.87113309,-1.881147232,0.496027244
-4.037165495,-1.894595491,0.186711066
-4.188501782,-1.901310247,0.200583428
-4.328377345,-1.915647058,0.158966343
-4.456822177,-1.921739453,-0.03937094
-4.573720058,-1.925766057,-0.043495155
-4.676277975,-1.913067632,-0.015750432
-4.764312228,-1.904047138,0.072357813
-4.840394637,-1.897017452,0.091479177
-4.903711667,-1.882092022,0.221204507
-4.954769434,-1.862888794,0.426665434
-4.99310681,-1.839344032,0.280443241
-5.01874629,-1.81417588,0.397420996
-5.032910049,-1.785209824,0.464158304
-5.035909257,-1.754545395,0.075732171
-5.027863882,-1.71838094,0.050611948
-5.009021358,-1.680338152,0.037114515
-4.979857809,-1.640975658,-0.384680272
-4.940901846,-1.598572591,-0.502032956
-4.893296917,-1.561238396,-0.401177135
-4.83724172,-1.517005735,-0.623509854
-4.772893712,-1.465975837,-0.710118384
-4.700627795,-1.417105458,-0.469789087
-4.620204033,-1.363492384,-0.497158882
-4.531656165,-1.306111399,-0.593515558
-4.434826735,-1.245978525,-0.387304773
-4.330484289,-1.185793164,-0.314193677
-4.218583838,-1.121487468,-0.44879308
-4.098784224,-1.054437384,-0.368933267
-3.972768751,-0.990210421,-0.203214782
-3.840514925,-0.921574439,-0.368933267
-3.700714342,-0.848825622,-0.405301351
-3.555110292,-0.779548532,-0.195716208
-3.406585762,-0.714369282,-0.352061476
-3.254143518,-0.64271897,-0.501658027
-3.095744096,-0.564578852,-0.428921859
-2.929250562,-0.473436627,-0.598014703
-2.755491447,-0.390377603,-0.821847137
-2.577675902,-0.307536031,-0.725490461
-2.395301562,-0.227461344,-0.665876797
-2.210932748,-0.147784068,-0.743861967
-2.020704232,-0.048374932,-0.517779961
-1.828166325,0.024073952,-0.326566324
-1.631943142,0.131809986,-0.31606832
-1.431937207,0.20353903,-0.160097981
-1.233123458,0.308849354,-0.100859247
-1.026927908,0.407868577,-0.155223908
-0.827469329,0.502996166,-0.121105396
-0.618368296,0.667097162,-0.114731608
-0.418688526,0.694184886,-0.201340138
-0.211596962,0.994613056,-0.198715637
-0.016097338,0.827212794,-0.175844986
0.020969124,0.14941607,-0.171720771
-0.001457454,0.125605117,-0.067865521
0.00917099,0.119718926,0.010869506
0.003371271,0.053801089,0.10497661
0.006246762,0.080281449,0.131971476
0.005579438,0.029495246,0.136095692
0.005163298,0.053771096,0.251198803
0.006471702,0.026428428,0.208082002
0.004915863,0.0283555,0.219704792
0.006734133,0.02516121,0.345680835
0.005575689,0.014843505,0.236201655
0.00655793,0.020452258,0.183711637
0.006419216,0.01118057,0.203207929
0.006531687,0.013763746,0.057360665
0.006741631,0.005481838,0.015743579
0.006681647,0.007787575,0.037489444
0.007363967,0.009009803,-0.090736172
0.007221504,0.00610045,-0.205839283
0.007922569,0.006932765,-0.243707081
0.008848575,0.007686348,-0.275950949
0.009575883,0.004447068,-0.26995209
0.01041941,0.003573512,-0.216337286
0.011274184,0.006962759,-0.106483177
0.011311674,0.002036354,-0.046119656
0.011930261,0.005189403,-0.08548717
0.012151453,0.00084037,-0.07086495
0.012571342,0.007198956,-0.060366947
0.013156187,-5.57e-05,-0.137977188
0.01257884,0.000150524,-0.145475762
0.014543321,0.004964453,-0.148100263
0.013028721,-0.00868626,-0.245206796
0.015251884,0.010337008,-0.274076306
0.014175918,-0.015131077,-0.251205655
0.014284639,0.023042931,-0.234333864
0.016140399,-0.01462119,-0.173595414
0.012271421,0.011094339,-0.090736172
0.019443277,0.007420157,-0.095985173
0.0098908,-0.031308728,-0.083237598
0.022629936,0.075370041,-0.096735031
0.005901853,-0.158574168,-0.145850691
0.051639775,0.738481283,-0.117356109
0.368528594,1.937299606,-0.109107678
0.726637778,1.746028404,0.116974328
1.02772827,1.739602334,0.065234168
1.343274943,1.810161638,0.077981743
1.627089996,1.787782866,0.415042645
1.904254306,1.817989896,0.114349827
2.167408564,1.692797745,0.131971476
2.426956276,1.733588671,0.398920711
2.679961965,1.736775463,0.167964631
2.913960173,1.756443587,0.194584569
3.137723584,1.790381038,0.413168001
3.34896905,1.822485147,0.352804481
3.553683741,1.865967974,0.233577154
3.743428635,1.86980712,0.425540648
3.917637632,1.886543397,0.434538937
4.077251733,1.888253016,0.21445579
4.22328317,1.90743375,0.314186824
4.35912105,1.917264063,0.265071165
4.48355444,1.91448968,0.043863232
4.595271189,1.917282809,0.070483169
4.691886926,1.905787866,0.083980603
4.774863765,1.892725772,0.064859239
4.846019974,1.876476886,0.089229604
4.904748216,1.861289015,0.238451227
4.950651094,1.841425933,0.280443241
4.984096013,1.81649023,0.203207929
5.005131708,1.787407949,0.356553768
5.014597958,1.752356996,0.236951512
5.013090856,1.719859226,0.031490585
5.000332975,1.685340654,0.114349827
4.977085364,1.645603244,-0.019874647
4.943460493,1.602821511,-0.302945816
4.900028212,1.555653253,-0.298446671
4.848539309,1.515424702,-0.285699096
4.789361186,1.476489613,-0.578143482
4.721672811,1.419149868,-0.57289448
4.645691625,1.369210977,-0.391428989
4.561766287,1.316880118,-0.583767412
4.46954439,1.25294559,-0.594640344
4.369460819,1.1989576,-0.450292795
4.261999197,1.14015568,-0.551148615
4.146870848,1.073240566,-0.605513277
4.024638126,1.004728306,-0.455166868
3.896688164,0.939878982,-0.385805059
3.762289905,0.87277266,-0.519654604
3.620839757,0.802726991,-0.392178846
3.475029511,0.738777467,-0.260953801
3.326148826,0.670235214,-0.464165157
3.172057017,0.596151694,-0.490785095
3.011344457,0.511675485,-0.444668864
2.842046663,0.422838997,-0.635132644
2.66729406,0.34806563,-0.732989035
2.488916164,0.262652131,-0.626509284
2.306474341,0.185966689,-0.716117243
2.121625654,0.094588266,-0.741612395
1.930362411,0.007063986,-0.537651182
1.737854497,-0.071004898,-0.55264833
1.539603099,-0.177878624,-0.511781102
1.340916816,-0.245007441,-0.342688258
1.139579983,-0.36647667,-0.3393139
0.934464148,-0.440391478,-0.326191395
0.735020565,-0.580171634,-0.230209648
0.525495894,-0.689227374,-0.202089996
0.330528629,-0.775364463,-0.19796578
0.115624129,-1.068717957,-0.125604541
-0.041845538,-0.633559758,-0.083612526
-0.040529636,-0.107079373,0.020242724
-0.030126133,-0.186303,0.092603963
-0.0376354,-0.108680267,0.092603963
-0.031194601,-0.093683603,0.155966913
-0.035453476,-0.090673022,0.102352109
-0.032244324,-0.056885538,0.145843838
-0.034133825,-0.080546525,0.201333286
-0.033578971,-0.049728381,0.110975469
-0.033069106,-0.057534144,0.241450657
-0.034148821,-0.050215772,0.26657088
-0.032994126,-0.04653784,0.141344694
-0.033912633,-0.042507487,0.18858571
-0.033361529,-0.036842497,0.16271563
-0.03411508,-0.038780816,0.086605104
-0.033942625,-0.033610716,0.066358954
-0.03407759,-0.034165592,0.049862091
-0.034572459,-0.032950863,-0.021749291
-0.034317526,-0.031286233,-0.123729897
-0.035082324,-0.032680923,-0.154099122
-0.035982087,-0.03161616,-0.196091136
-0.036814367,-0.029842804,-0.238833008
-0.037717878,-0.031687394,-0.219711644
-0.038313971,-0.027229635,-0.143976047
-0.038257736,-0.028958001,-0.15184955
-0.038857577,-0.028069449,-0.199465495
-0.038711366,-0.024309035,-0.134227901
-0.039633623,-0.029250436,-0.197215922
-0.039641121,-0.022183258,-0.243332153
-0.039648619,-0.03781728,-0.155973765
-0.040814561,-0.020001243,-0.188967491
-0.039329953,-0.027848248,-0.185593133
-0.041958009,-0.031409955,-0.132728186
-0.039337451,-0.009518575,-0.102358961
-0.042201694,-0.045394345,-0.093735601
-0.040555879,0.006876528,-0.109482607
-0.040833306,-0.056443137,-0.112856965
-0.043855008,0.009313486,-0.167596555
-0.036668156,-0.04141648,-0.191966921
-0.050606975,-0.028271904,-0.228335005
-0.024225191,0.046257767,-0.23545865
-0.149048479,-1.174721876,-0.287948668
-0.517771111,-1.896631288,-0.179969202
-0.852745154,-1.636311696,0.020242724
-1.158649374,-1.786342072,-0.10573332
-1.467507814,-1.788107929,0.221204507
-1.745616874,-1.814329596,0.489653456
-2.020790459,-1.76652398,0.165340131
-2.280135724,-1.694495003,0.390672279
-2.539421004,-1.75564765,0.555640907
-2.784325083,-1.740429785,0.181462065
-3.013734503,-1.784834907,0.379424418
-3.232388013,-1.810216761,0.635875649
-3.44052555,-1.854246966,0.326184543
-3.640272803,-1.882466939,0.37904949
-3.823348208,-1.88893425,0.512524107
-3.992675994,-1.90786004,0.20583243
-4.147052728,-1.911942882,0.121098544
-4.289151454,-1.927082014,0.173963491
-4.420539258,-1.934257918,0.032615371
-4.539870246,-1.937617171,-0.006002285
-4.645498603,-1.928289246,0.035989729
-4.736393351,-1.91797529,0.109475754
-4.815531203,-1.91208535,0.113974899
-4.882488521,-1.895052889,0.202458072
-4.937291549,-1.877776732,0.483654597
-4.980037761,-1.852481109,0.3674267
-5.009242549,-1.822067875,0.36442727
-5.026263055,-1.794301551,0.514773679
-5.031586649,-1.759914201,0.139844979
-5.025734444,-1.725973001,-0.03337208
-5.009932367,-1.691829346,0.045737875
-4.983288153,-1.650157366,-0.268077447
-4.946840278,-1.608567868,-0.479537234
-4.902159577,-1.566067322,-0.338938971
-4.848927384,-1.524260372,-0.484786235
-4.787807274,-1.480747551,-0.687997591
-4.71882549,-1.428206739,-0.486660879
-4.641164748,-1.372565366,-0.427047216
-4.554746318,-1.316324127,-0.5470244
-4.460117557,-1.257387237,-0.379431271
-4.357672109,-1.195252309,-0.262828445
-4.247571184,-1.132603746,-0.440919577
-4.130294653,-1.067428244,-0.450292795
-4.006288649,-1.003752408,-0.245956653
-3.876186755,-0.937163471,-0.350561761
-3.739059216,-0.861988944,-0.4660398
-3.595160965,-0.794282755,-0.251205655
-3.447761139,-0.73145798,-0.362559479
-3.296376115,-0.661491044,-0.634757715
-3.139386322,-0.583253448,-0.576643767
-2.974969739,-0.490769021,-0.644130933
-2.802447797,-0.408699778,-0.851091575
-2.626038131,-0.330222235,-0.782479623
-2.444739757,-0.246267161,-0.677499587
-2.261371929,-0.17249857,-0.747986183
-2.073227862,-0.071346072,-0.621260282
-1.880435023,0.00344979,-0.418798784
-1.686221309,0.100005811,-0.421798214
-1.485821728,0.183252293,-0.28719881
-1.288113937,0.271158988,-0.154099122
-1.082634448,0.393048124,-0.254580014
-0.88123763,0.460165694,-0.275576021
-0.675791882,0.640658043,-0.228709933
-0.470057461,0.677467355,-0.268827304
-0.270392686,0.899830391,-0.213337856
-0.056575399,0.964481009,-0.133852972
0.02613526,0.28459225,-0.112482036
0.000683231,0.088522116,0.040113945
0.007607652,0.153150239,0.111725326
0.005575689,0.049433311,0.148468339
0.004837134,0.086148894,0.191960068
0.007052799,0.039344305,0.134970906
0.004732162,0.04656145,0.23170251
0.007333975,0.036224999,0.228328152
0.005152051,0.02431015,0.15409227
0.006887843,0.031099889,0.250448945
0.006288001,0.01428488,0.175088277
0.006400471,0.022210617,0.092603963
0.007052799,0.008739863,0.15671677
0.006737882,0.011754193,0.094478606
0.007300234,0.008694873,0.023992011
0.007131528,0.007510137,0.057735594
0.007690131,0.01059945,0.017243294
0.007798852,0.004814486,-0.109482607
0.008128765,0.008076261,-0.121105396
0.009009782,0.008567402,-0.089986314
0.009842062,0.00704524,-0.101984033
0.010700586,0.006557849,-0.089611386
0.011615344,0.007416408,-0.049119086
0.011604097,0.003907188,0.005620504
0.012282668,0.002437515,-0.074989166
0.012717553,-0.001570343,-0.112107107
0.012680063,0.007795073,-0.081362954
0.013849754,0.003596007,-0.209213641
0.012908753,0.000173019,-0.25270537
0.014629548,0.00866488,-0.273326449
0.013767276,-0.008637521,-0.358810192
0.015004449,0.014862251,-0.325816467
0.015199398,-0.012454172,-0.254580014
0.013924734,0.014963479,-0.175844986
0.017411314,-0.003793599,-0.112482036
0.012380142,-0.002537628,-0.035246724
0.019297066,0.022353085,-0.044245013
0.011615344,-0.046950249,-0.078738453
0.020256812,0.089800581,-0.06824045
0.012230182,-0.15182192,-0.155598837
0.027784824,0.497934792,-0.176219915
0.30840947,1.84944165,-0.202839853
0.679591452,1.806941104,-0.03337208
0.982372747,1.702897999,-0.029997722
1.298650477,1.819534553,-0.093360672
1.587496702,1.783463827,0.331433545
1.864511051,1.830125947,0.191960068
2.130402087,1.706677158,0.088854676
2.389113769,1.72622156,0.436788509
2.645017442,1.743902627,0.26919538
2.881362531,1.751704642,0.199458642
3.107345356,1.795791085,0.46828252
3.320251634,1.822346427,0.484029526
3.526001051,1.867148961,0.335932689
3.71879764,1.8766381,0.483654597
3.895957107,1.88855295,0.530145756
4.058720376,1.896118767,0.247449516
4.207244905,1.909439554,0.249324159
4.345088505,1.921283169,0.239950942
4.471460134,1.925452242,0.016118508
4.586251071,1.922947799,0.023242153
4.685858518,1.90837479,0.109100826
4.770912308,1.895136485,0.122973187
4.845071475,1.889426505,0.144344123
4.906611474,1.875850775,0.340806762
4.955802234,1.846434819,0.447661442
4.993168617,1.821960263,0.349805051
5.017226014,1.794535114,0.493402743
5.029331567,1.761486216,0.426665434
5.030298812,1.725966617,0.113974899
5.020019026,1.688546191,0.098602822
4.998735897,1.64615812,-0.007876929
4.967112997,1.599608475,-0.352061476
4.926260035,1.56685951,-0.427797073
4.876941809,1.525937363,-0.40267685
4.819671932,1.477115724,-0.669626084
4.754720334,1.431619594,-0.706369097
4.68195205,1.377159209,-0.463790228
4.600538549,1.321060438,-0.553023259
4.510686026,1.265771487,-0.591640915
4.412713148,1.206039774,-0.354311048
4.306916085,1.143976081,-0.368558338
4.193411059,1.082377283,-0.491909881
4.072486741,1.016980581,-0.374557198
3.94623508,0.953151029,-0.278950379
3.813917521,0.883311565,-0.425922429
3.674315636,0.809539226,-0.418048927
3.52971632,0.749511329,-0.311944105
3.382005326,0.683870931,-0.513280817
3.229521843,0.612940459,-0.64488079
3.070350125,0.53067251,-0.593515558
2.903005566,0.431150898,-0.739362823
2.728672852,0.360006724,-0.891208946
2.550741088,0.283201309,-0.794102413
2.368460473,0.20254925,-0.815848277
2.184575281,0.125053989,-0.850341718
1.994965351,0.026008522,-0.610762279
1.802352465,-0.046020455,-0.49790874
1.606099289,-0.150037317,-0.426297358
1.405804681,-0.226186628,-0.212587999
1.206780987,-0.333982648,-0.137602259
1.000191791,-0.428982766,-0.182968632
0.800463283,-0.526614797,-0.138352117
0.591774642,-0.686906641,-0.112107107
0.391555014,-0.712925853,-0.178844416
0.18533697,-1.012671674,-0.12860397
-0.010530058,-0.853474588,-0.125979469
-0.0499434,-0.182280144,-0.112482036
-0.027006957,-0.154468831,-0.013875788
-0.037189268,-0.148016516,-0.021374362
-0.031243338,-0.078184551,0.046862661
-0.033717685,-0.109542575,0.040488873
-0.032907899,-0.058910088,0.050986877
-0.032199336,-0.078983123,0.164590273
-0.033751426,-0.052071609,0.090729319
-0.031801941,-0.053736239,0.148468339
-0.033552728,-0.051902897,0.255697947
-0.032420527,-0.039294452,0.15671677
-0.033087851,-0.045315612,0.173213633
-0.033039114,-0.035140376,0.206957216
-0.033117843,-0.03647133,0.139095122
-0.033466501,-0.035713998,0.141344694
-0.033271553,-0.037262404,0.104226752
-0.033826406,-0.032448474,-0.013125931
-0.033882641,-0.031181256,-0.101984033
-0.034370012,-0.034315559,-0.16609684
-0.035337257,-0.033651957,-0.199840423
-0.0361208,-0.03188235,-0.20958857
-0.036855606,-0.032141043,-0.216337286
-0.037687886,-0.028114439,-0.158598266
-0.037646647,-0.028403124,-0.163097411
-0.03831772,-0.028215666,-0.233584006
-0.038238991,-0.02276063,-0.167596555
-0.038932558,-0.033509488,-0.139101974
-0.0393412,-0.019318895,-0.18634299
-0.038737609,-0.030318948,-0.127854113
-0.040338436,-0.0249164,-0.113606822
-0.038730111,-0.019738802,-0.169471199
-0.041140725,-0.035691503,-0.161222767
-0.039172494,-0.007302818,-0.12298004
-0.040885792,-0.044899455,-0.09973446
-0.040874545,0.002493753,-0.082862669
-0.039033781,-0.050463217,-0.067865521
-0.044544826,-0.010883272,-0.109107678
-0.035389743,-0.015595973,-0.160847839
-0.049992137,-0.066220962,-0.203964639
-0.026189673,0.102566492,-0.191591992
-0.111704591,-0.969031382,-0.233958935
-0.462439472,-1.895986431,-0.183718489
-0.811119896,-1.656455965,0.0356148
-1.115427038,-1.763967049,-0.098609674
-1.42882178,-1.800262725,0.091104248
-1.709071525,-1.806808769,0.451410729
-1.985740965,-1.788569076,0.152217626
-2.24675079,-1.691919326,0.292066031
-2.506403473,-1.756476215,0.602132066
-2.755637658,-1.746383461,0.225328723
-2.986992814,-1.780448383,0.290566316
-3.207798256,-1.809789356,0.598757708
-3.416846803,-1.848851916,0.287941815
-3.619218363,-1.888004457,0.29244096
-3.806293962,-1.893335771,0.541393617
-3.978302289,-1.913157612,0.317936111
-4.136229336,-1.9159095,0.212206218
-4.280963616,-1.928469206,0.283442671
-4.41466081,-1.939041854,0.131221619
-4.536706082,-1.939409272,0.061109952
-4.645562336,-1.93290072,0.082105959
-4.739943663,-1.918511421,0.144344123
-4.82080606,-1.910454463,0.199458642
-4.890297709,-1.898813303,0.199833571
-4.94815618,-1.877131876,0.428540078
-4.993159296,-1.855859108,0.388797636
-5.026113094,-1.829228782,0.294315603
-5.046725151,-1.797810771,0.489653456
-5.055167922,-1.764911839,0.235076869
-5.05229618,-1.727701366,-0.01912479
-5.038334867,-1.691105757,0.077231886
-5.013913816,-1.652013203,-0.198715637
-4.979366689,-1.608084225,-0.49490931
-4.935720714,-1.565969843,-0.341938401
-4.884479246,-1.524665282,-0.429296788
-4.825421091,-1.477901934,-0.660627796
-4.758291318,-1.431254811,-0.478037519
-4.683281126,-1.380701056,-0.425547501
-4.59942327,-1.320913106,-0.605138348
-4.506886456,-1.262294896,-0.503157742
-4.406682917,-1.202323236,-0.363684265
-4.298310285,-1.139543452,-0.481036948
-4.182244684,-1.075376476,-0.536901325
-4.059423368,-1.009436144,-0.373057483
-3.930427432,-0.943207127,-0.413549782
-3.795001943,-0.872689063,-0.550773687
-3.652502073,-0.801544889,-0.381305914
-3.505837053,-0.737775325,-0.375307055
-3.356030363,-0.671358849,-0.593890487
-3.20077636,-0.595629445,-0.555272831
-3.038650423,-0.509469861,-0.53540161
-2.867714312,-0.420723353,-0.753235185
-2.691885743,-0.347813322,-0.732239177
-2.51186953,-0.264720556,-0.58151784
-2.327961844,-0.18746899,-0.661002724
-2.141482338,-0.096101815,-0.557147474
-1.948981921,-0.011595613,-0.343438115
-1.755765444,0.072127013,-0.357310477
-1.556306865,0.171528651,-0.266577732
-1.35747812,0.237967622,-0.122230182
-1.15453671,0.366687738,-0.1747202
-0.949522099,0.433475381,-0.205089425
-0.747589173,0.588769586,-0.167596555
-0.536602388,0.680121765,-0.229084862
-0.340405448,0.786579333,-0.243332153
-0.121245821,1.050145703,-0.162347553
0.020200577,0.524576366,-0.15747348
0.008439933,0.066424531,-0.06824045
0.003420008,0.167614522,0.046487733
0.009024778,0.070042476,0.082105959
0.003746172,0.076251095,0.149218196
0.008353705,0.061393151,0.146593696
0.004822138,0.033338141,0.192334997
0.007337724,0.04782117,0.195334427
0.00621677,0.022011911,0.116974328
0.006467953,0.032764519,0.222329293
0.007251497,0.016571871,0.209581717
0.006355483,0.019829896,0.109475754
0.007570162,0.015492111,0.183336708
0.007082791,0.012515273,0.135345835
0.007543919,0.010663185,0.040488873
0.007446445,0.007506388,0.048362376
0.007813848,0.010269523,0.00112136
0.008211243,0.005346868,-0.084737312
0.008271227,0.009613419,-0.122230182
0.009294707,0.009770884,-0.148475191
0.010243207,0.010209536,-0.193841564
0.010715582,0.008237475,-0.189717348
0.011829038,0.006265414,-0.159348124
0.012192692,0.004627028,-0.100484318
0.012447624,0.007832565,-0.095235316
0.013268658,0.003693486,-0.12860397
0.013021223,-0.001562845,-0.087736742
0.014235902,0.001402745,-0.173595414
0.013568578,0.00034923,-0.257954372
0.014742019,0.012897688,-0.219711644
0.014603305,-0.00792518,-0.257204514
0.014562066,0.011026854,-0.238833008
0.016230375,-0.006466754,-0.164222197
0.013737284,0.00452955,-0.117356109
0.018018653,0.012159103,-0.060366947
0.013159936,-0.020406153,-0.009001715
0.018528519,0.04080648,-0.003752713
0.014562066,-0.0536875,-0.006002285
0.016271615,0.07533255,-0.013125931
0.020065613,-0.096791661,-0.091860958
0.007045301,0.214126675,-0.093360672
0.227663292,1.652599188,-0.187467776
0.607205567,1.896951082,-0.113606822
0.917492379,1.676627592,-0.007127072
1.232049315,1.825968122,-0.09973446
1.529428286,1.779144788,0.28944153
1.806862524,1.839405133,0.307813037
2.077593532,1.734518465,0.080231316
2.335757859,1.714078012,0.399295639
2.594619501,1.749541373,0.344556049
2.835170979,1.745559759,0.145843838
3.063706879,1.789953633,0.42516572
3.279169982,1.809674246,0.555265979
3.486670187,1.861319008,0.34418112
3.683538201,1.874189895,0.432664294
3.863850586,1.885081222,0.526771397
4.030130426,1.896954831,0.264321307
4.182040311,1.906436472,0.24632473
4.32299184,1.914782115,0.316061468
4.452516387,1.917893923,0.097103107
4.570445245,1.924556191,0.025866654
4.674116619,1.907459994,0.064109382
4.762447043,1.889040341,0.046862661
4.838911851,1.881287066,0.061484881
4.903893442,1.869173511,0.203957787
4.956510797,1.84759706,0.392921851
4.996940121,1.816928883,0.310812466
5.024724034,1.786841825,0.409793643
5.04064233,1.759116743,0.456284802
5.045542287,1.724718145,0.125597688
5.038722837,1.688002562,0.062984595
5.020618868,1.648370128,0.050611948
4.991987679,1.603867528,-0.2557048
4.953387872,1.559102486,-0.424797643
4.906236573,1.517576723,-0.359934978
4.851321074,1.476658326,-0.571769694
4.788720105,1.430637313,-0.742362252
4.718208725,1.381459502,-0.523028963
4.639573241,1.327130338,-0.539525826
4.552839894,1.270412955,-0.627259141
4.457536311,1.209365285,-0.44879308
4.354127368,1.145513239,-0.406051208
4.242909238,1.082358537,-0.529402751
4.123893166,1.016943089,-0.485911021
3.99875871,0.955160582,-0.316818178
3.86788452,0.890161291,-0.413174854
3.730085909,0.821135396,-0.443544078
3.586566308,0.755243804,-0.254205085
3.439747578,0.691451744,-0.395553205
3.288977392,0.622527077,-0.569145193
3.132519958,0.546265291,-0.501283098
2.967833447,0.457005147,-0.589391343
2.794546706,0.371820346,-0.752485327
2.617713403,0.298449168,-0.651629507
2.43621633,0.215420137,-0.645255719
2.252229916,0.141059179,-0.754359971
2.064273299,0.046216527,-0.543275113
1.871352994,-0.030825086,-0.401177135
1.677300487,-0.122255997,-0.406801066
1.476885911,-0.211681104,-0.240707652
1.278480803,-0.29180828,-0.139101974
1.072945079,-0.407994934,-0.185218204
0.870794711,-0.477620696,-0.181468917
0.666087518,-0.653036675,-0.142851261
0.458561069,-0.694952351,-0.191591992
0.260230942,-0.900661591,-0.176969773
0.043335718,-1.022550727,-0.142476332
-0.053452473,-0.361602754,-0.138727045
-0.029158889,-0.107375557,-0.00187807
-0.033518987,-0.18517825,0.014618793
-0.033009122,-0.076906085,0.044613089
-0.031134617,-0.111653355,0.09335382
-0.033590218,-0.068789141,0.048737305
-0.030621002,-0.068616679,0.164965202
-0.033567724,-0.063806499,0.12222333
-0.031243338,-0.04505692,0.088854676
-0.032518002,-0.057714104,0.205082573
-0.032244324,-0.041993851,0.129721904
-0.032000638,-0.046485352,0.119973758
-0.032536747,-0.035361576,0.14809341
-0.032124356,-0.036820002,0.066733882
-0.032679209,-0.034915426,0.023242153
-0.032473013,-0.031001296,0.008619934
-0.033020369,-0.031773625,-0.0479943
-0.033057859,-0.028478108,-0.137977188
-0.033447756,-0.031308728,-0.166471769
-0.034392507,-0.031413705,-0.191966921
-0.035127313,-0.030855079,-0.200590281
-0.035929601,-0.032084805,-0.187467776
-0.03676563,-0.028793038,-0.137602259
-0.036776877,-0.024057841,-0.053243302
-0.037459197,-0.02923169,-0.092985744
-0.037676639,-0.023506714,-0.056992589
-0.037759118,-0.029666593,-0.022874077
-0.038647633,-0.025002631,-0.113606822
-0.037837847,-0.022378215,-0.117356109
-0.03956614,-0.027019682,-0.143976047
-0.038171509,-0.015059843,-0.175844986
-0.039986029,-0.037689809,-0.175470058
-0.039584885,-0.007895186,-0.145850691
-0.039048777,-0.037791036,-0.089611386
-0.041733068,-0.010005967,-0.082112811
-0.037133033,-0.024552731,-0.041995441
-0.044432355,-0.035245352,-0.059992018
-0.035341006,0.017014273,-0.076488881
-0.046329354,-0.099682268,-0.078738453
-0.033436509,0.133384636,-0.09411053
-0.064047176,-0.616178624,-0.152224478
-0.368493031,-1.824688542,-0.20658914
-0.737579316,-1.714815483,0.013494007
-1.040990445,-1.709083008,-0.056992589
-1.358546588,-1.815173158,0.003370932
-1.645117163,-1.786683246,0.478780524
-1.923061266,-1.810291744,0.267695666
-2.188637386,-1.691072015,0.197958927
-2.447506526,-1.736444421,0.561264838
-2.701385734,-1.743819031,0.265821022
-2.93588631,-1.760881485,0.141344694
-3.160287052,-1.799003005,0.518522966
-3.372139859,-1.828265246,0.341181691
-3.576569625,-1.874799894,0.221954364
-3.767289262,-1.879017706,0.509524677
-3.942739181,-1.896278866,0.343056334
-4.103852885,-1.901992595,0.185961209
-4.251567628,-1.911819159,0.304438678
-4.388440234,-1.923426577,0.181462065
-4.514118297,-1.926542134,0.076856957
-4.627833268,-1.924266391,0.068608526
-4.726499713,-1.90804,0.089979462
-4.810796203,-1.893568219,0.14809341
-4.883144598,-1.882658146,0.095228464
-4.943889807,-1.862495132,0.320935541
-4.991929621,-1.83980143,0.394046638
-5.028010093,-1.815945487,0.236201655
-5.052468635,-1.785082352,0.461533804
-5.064821623,-1.755261486,0.323934971
-5.065871345,-1.719760633,-0.012751002
-5.055711528,-1.67976453,0.07310767
-5.034675833,-1.640312056,-0.090361243
-5.003420337,-1.596540543,-0.424422715
-4.962642355,-1.55524348,-0.362934408
-4.913185415,-1.513549004,-0.377556627
-4.855994268,-1.468768966,-0.638881931
-4.791462558,-1.42491872,-0.580393054
-4.718817992,-1.374233745,-0.419173713
-4.638120551,-1.31819871,-0.538775968
-4.549156544,-1.260993935,-0.531277394
-4.451633547,-1.199507613,-0.330315611
-4.346027684,-1.135269403,-0.363684265
-4.232203992,-1.070881226,-0.483661449
-4.110957259,-1.008630073,-0.336689399
-3.983652127,-0.943124645,-0.292447812
-3.850059904,-0.874301205,-0.471663731
-3.709554508,-0.804656697,-0.3824307
-3.564025437,-0.741678207,-0.316443249
-3.415485912,-0.682737568,-0.521529248
-3.261967702,-0.604203788,-0.534276824
-3.101854983,-0.521992076,-0.463415299
-2.933224513,-0.437669583,-0.650504721
-2.75782708,-0.357996057,-0.743861967
-2.578958064,-0.276984078,-0.596140059
-2.395470267,-0.198120371,-0.652379364
-2.21020544,-0.118173155,-0.6737503
-2.018773492,-0.025894932,-0.446918437
-1.825298333,0.044863078,-0.408675709
-1.62789796,0.153855082,-0.373057483
-1.427310929,0.219206795,-0.217087144
-1.227462453,0.323459854,-0.17771963
-1.020205933,0.41832875,-0.163097411
-0.819697631,0.521434565,-0.117356109
-0.608770831,0.678937028,-0.133103115
-0.408693665,0.710085099,-0.178844416
-0.198044291,1.013366385,-0.088486599
-0.007444623,0.786185671,-0.080988025
0.020320545,0.124289159,-0.064491163
-0.00026152,0.136552681,0.101602252
0.010528131,0.112921688,0.106476325
0.004177308,0.054397207,0.120348687
0.007765111,0.07951287,0.130096833
0.006273005,0.029244052,0.155217056
0.00644171,0.052957527,0.20583243
0.007566413,0.022664266,0.103851824
0.006096801,0.028992858,0.156341842
0.007971306,0.023192898,0.172838705
0.006775372,0.012743972,0.040863802
0.00791882,0.017981557,0.101602252
0.007660139,0.009354726,0.11060054
0.007738868,0.015195927,0.034115085
0.007948812,0.010220784,0.083605674
0.008005048,0.008762358,0.067108811
0.008653626,0.007791324,-0.037496296
0.008507415,0.007615113,-0.074989166
0.009403428,0.008323706,-0.092610815
0.010426908,0.007101478,-0.121105396
0.011019252,0.006407882,-0.123354969
0.012072723,0.008424933,-0.104233605
0.012642573,0.003296074,-0.034871795
0.012758792,0.004402078,-0.045369799
0.01352359,0.004135887,-0.127104255
0.01329865,-0.000434346,-0.083237598
0.014333376,0.004911965,-0.115856395
0.013831009,-0.00347492,-0.200590281
0.014648293,0.010749416,-0.184468347
0.015544307,-0.007940176,-0.230959505
0.014370867,0.006486614,-0.239957794
0.016920193,0.002699957,-0.201715067
0.014127181,-0.007280323,-0.14322619
0.017977414,0.021333312,-0.057742446
0.01458456,-0.031923591,-0.012751002
0.017130138,0.039066867,0.008245005
0.01750129,-0.042507487,-0.025498578
0.013193677,0.048949669,-0.042370369
0.024669397,-0.032658428,-0.122230182
-0.000167794,0.02026105,-0.144725904
0.16208561,1.404509375,-0.198715637
0.537339016,1.947321127,-0.164972054
0.859866347,1.656689528,-0.013875788
1.170306869,1.808826935,-0.154474051
1.475453789,1.774911979,0.134221048
1.753750299,1.820003199,0.310062609
2.028204074,1.752308257,0.032615371
2.287380633,1.693217652,0.320185684
2.548143024,1.741027017,0.439038082
2.793182067,1.729802014,0.181462065
3.024323529,1.774293367,0.358053482
3.242737103,1.788922612,0.56351441
3.451755657,1.838006694,0.354304195
3.652702593,1.858998274,0.354679124
3.837345085,1.868734858,0.514023822
4.007433919,1.884005211,0.293940675
4.162459232,1.879464971,0.164590273
4.30595259,1.899035618,0.23470194
4.438255153,1.905277979,0.071982884
4.559415658,1.899440528,-0.026248435
4.667353405,1.894517873,0.032990299
4.759942705,1.880312283,0.059235308
4.840096539,1.869181009,0.078731601
4.90840725,1.852073565,0.167214774
4.963986323,1.824340984,0.402295069
5.007298636,1.805921331,0.362177698
5.038681598,1.779216022,0.3674267
5.058075227,1.741683121,0.515523536
5.065880666,1.708551741,0.248949231
5.062900203,1.67587401,0.095228464
5.049186324,1.636983911,0.097852965
5.024232914,1.589736921,-0.188592562
4.989130933,1.545410532,-0.437920148
4.944637682,1.508031347,-0.392553775
4.891682916,1.467487865,-0.537651182
4.831132656,1.420769508,-0.78622891
4.762274589,1.366923986,-0.580393054
4.685727303,1.314866816,-0.498658597
4.601243362,1.266453835,-0.629883642
4.508631568,1.207055798,-0.453667153
4.408371794,1.148107661,-0.325441538
4.299909186,1.084776749,-0.439419863
4.183389955,1.018004103,-0.447293365
4.059830083,0.9571064,-0.278200522
3.930459246,0.887904294,-0.348687117
3.794531391,0.821690273,-0.45741644
3.651907803,0.755041349,-0.309694532
3.505655174,0.689869596,-0.408675709
3.356444576,0.62916685,-0.62201014
3.201475499,0.55624932,-0.582642626
3.039233342,0.468845013,-0.611512136
2.868207255,0.381159519,-0.799351415
2.691940052,0.31187868,-0.773481334
2.511695149,0.22610901,-0.680873945
2.327067653,0.151388131,-0.761483616
2.140127019,0.067320582,-0.62463464
1.946981773,-0.020533625,-0.406801066
1.753262928,-0.093353676,-0.374182269
1.55402554,-0.199106402,-0.230959505
1.354087088,-0.264649322,-0.097859817
1.151498086,-0.381289625,-0.130103685
0.945306285,-0.458739896,-0.148475191
0.744003193,-0.599224895,-0.14885012
0.532221618,-0.705539996,-0.212962928
0.335364852,-0.787924169,-0.228709933
0.117809801,-1.075747643,-0.164597126
-0.040484648,-0.628115969,-0.187092848
-0.038257736,-0.102321681,-0.107233034
-0.028067927,-0.188312553,-0.003002856
-0.035584692,-0.106753195,0.021742438
-0.029241367,-0.092461375,0.132721334
-0.033807661,-0.091970234,0.146593696
-0.03044105,-0.060331022,0.199458642
-0.032000638,-0.073947993,0.221204507
-0.031419542,-0.043902177,0.13947005
-0.031130868,-0.06056347,0.236576584
-0.032049375,-0.044123377,0.199833571
-0.030943417,-0.043516013,0.110225612
-0.032079367,-0.043238574,0.190460353
-0.031554506,-0.034780456,0.102727038
-0.032109359,-0.038435893,0.045362947
-0.031963148,-0.034090609,0.075357242
-0.032206834,-0.034503017,-0.004877499
-0.032739193,-0.02990654,-0.051368658
-0.032641719,-0.031758628,-0.095610245
-0.033578971,-0.033318281,-0.143601118
-0.034426248,-0.029220443,-0.173970343
-0.035003595,-0.030052757,-0.191217063
-0.036222023,-0.028796787,-0.158598266
-0.036473207,-0.028763044,-0.085112241
-0.036923088,-0.033483244,-0.061866662
-0.037395464,-0.023323004,-0.077988596
-0.037223009,-0.027064672,-0.049494015
-0.038366457,-0.023484219,-0.143976047
-0.037324232,-0.021170983,-0.23245922
-0.038951303,-0.032939615,-0.213712785
-0.038182756,-0.011846807,-0.265452946
-0.038760103,-0.037284899,-0.271076876
-0.039798579,-0.00945109,-0.217837001
-0.037804106,-0.028725553,-0.171720771
-0.041605602,-0.023934118,-0.130103685
-0.036540689,-0.007703979,-0.072739594
-0.043161441,-0.052978907,-0.01612536
-0.036548187,0.026435927,0.002996003
-0.042479121,-0.103577652,-0.008626786
-0.039716101,0.109007559,-0.029247865
-0.040623361,-0.371759245,-0.079488311
-0.298753947,-1.703305543,-0.218961787
-0.677853838,-1.769879484,-0.107607963
-0.984489115,-1.666218793,-0.096360102
-1.302052756,-1.81862614,-0.146975477
-1.595334059,-1.772590131,0.290191388
-1.873525597,-1.815064432,0.244075158
-2.142974444,-1.697033188,0.063359524
-2.401824839,-1.713949425,0.453285372
-2.659273105,-1.74013735,0.321685398
-2.897518942,-1.74251807,0.112100255
-3.124967629,-1.784107569,0.545142904
-3.338987363,-1.806482592,0.500526388
-3.545737767,-1.856428981,0.253823304
-3.741173658,-1.865794398,0.50577539
-3.920440069,-1.879512596,0.400420425
-4.085329027,-1.887479574,0.170214204
-4.23630166,-1.89608391,0.289066602
-4.375832314,-1.90399465,0.217080291
-4.504037209,-1.911043082,0.102352109
-4.621726131,-1.910454463,0.100477465
-4.724295295,-1.890512649,0.056235879
-4.812603226,-1.881484657,0.090354391
-4.889390449,-1.868441309,0.05023702
-4.953539759,-1.849178094,0.227578295
-5.005501037,-1.828224005,0.414667716
-5.044884387,-1.800592652,0.258697377
-5.072154686,-1.771997763,0.43941301
-5.087848042,-1.74090218,0.432289365
-5.092260627,-1.706518578,0.05586095
-5.085947294,-1.670327879,0.116599399
-5.068446915,-1.630511736,0.042363517
-5.040486799,-1.588401104,-0.324316752
-5.00291422,-1.545090738,-0.344562902
-4.956265289,-1.50246647,-0.364809051
-4.90161597,-1.461892995,-0.654254008
-4.839104978,-1.415365845,-0.689872234
-4.768556107,-1.363481137,-0.496783954
-4.689575714,-1.309403167,-0.565770835
-4.602366243,-1.253435617,-0.596514988
-4.50732884,-1.196440795,-0.381680843
-4.404313543,-1.136161704,-0.380930985
-4.293530297,-1.071229898,-0.506907029
-4.174652939,-1.005600747,-0.366308766
-4.049046108,-0.945419135,-0.235083721
-3.917324642,-0.877990384,-0.388804488
-3.778243869,-0.80455547,-0.358435263
-3.633423362,-0.742045625,-0.212587999
-3.485292478,-0.681882758,-0.430421574
-3.333221386,-0.61147717,-0.551148615
-3.174949431,-0.532740935,-0.444293936
-3.00859461,-0.448583405,-0.571769694
-2.834355621,-0.373168931,-0.683498446
-2.656498838,-0.292906786,-0.547774257
-2.473843321,-0.207632005,-0.571394765
-2.288342307,-0.136903988,-0.645630648
-2.098466197,-0.038964525,-0.431921289
-1.903633897,0.029356527,-0.36518398
-1.707695638,0.122452068,-0.367058624
-1.505803951,0.213140644,-0.167596555
-1.306157922,0.291981856,-0.158223338
-1.099291299,0.408389711,-0.196840994
-0.89604622,0.471045774,-0.133478043
-0.689580741,0.650342139,-0.173220486
-0.481476945,0.685561805,-0.220836431
-0.281081114,0.896714834,-0.157848409
-0.063481075,0.996288933,-0.167596555
0.027676103,0.311297559,-0.198715637
0.002194082,0.085852709,-0.056242731
0.008289972,0.158938951,-0.01912479
0.007337724,0.048169842,-0.018000004
0.00583812,0.089504397,0.069358383
0.008484921,0.041725026,0.101602252
0.005748144,0.045605412,0.180337279
0.008514913,0.040056647,0.184461494
0.006494197,0.023849002,0.19420964
0.008008797,0.032738275,0.282317885
0.007442696,0.014892245,0.184086566
0.00754017,0.024178929,0.172088847
0.008248733,0.015008469,0.227203366
0.007933816,0.014442345,0.077231886
0.00848867,0.012504026,0.050986877
0.008121267,0.009898356,0.054736164
0.008889814,0.008638636,-0.053243302
0.008934802,0.006242919,-0.0911111
0.00935844,0.011364279,-0.146225619
0.010550625,0.010040824,-0.208088855
0.010966765,0.006546601,-0.211838142
0.011993994,0.010880637,-0.208088855
0.012878761,0.007615113,-0.168721341
0.012987482,0.006351644,-0.105358391
0.013909738,0.007888803,-0.103108819
0.013624814,0.00025925,-0.068615378
0.014453345,0.00992085,-0.041995441
0.014569564,-0.001386634,-0.086611956
0.014535823,0.009740891,-0.05961709
0.016027929,0.00263997,-0.079488311
0.01439711,-0.002601364,-0.123729897
0.017325086,0.009219756,-0.106108248
0.015049437,-0.0125554,-0.091486029
0.017478796,0.024951257,-0.063366376
0.016459065,-0.026172371,-0.055492874
0.015473075,0.031800983,-0.05661766
0.020174334,-0.02141093,-0.111732179
0.011577854,0.00709023,-0.122230182
0.026307714,0.033953005,-0.158223338
0.000833191,-0.109906244,-0.179219345
0.102135191,1.089039551,-0.183718489
0.458088694,1.977730612,-0.190467206
0.798048921,1.677152476,-0.000378355
1.103255825,1.777101492,-0.094485459
1.415507119,1.785998263,0.05586095
1.696349207,1.803233179,0.363677413
1.974000888,1.781094354,0.118099114
2.235445598,1.671416252,0.247074587
2.4971115,1.730634329,0.430039793
2.747459141,1.717917158,0.177337849
2.981821003,1.753920399,0.253448375
3.204474707,1.778454941,0.518522966
3.414966622,1.811335127,0.384298491
3.619265173,1.850390189,0.311937252
3.808383983,1.854353058,0.476156023
3.982735442,1.869829615,0.29806489
4.142042124,1.869214752,0.107226182
4.288365984,1.880034845,0.209206788
4.423986421,1.886948307,0.132721334
4.548573521,1.890431282,0.022117367
4.660927602,1.882494298,0.079856387
4.758281893,1.858383411,0.097852965
4.842136,1.849715339,0.127847261
4.914116992,1.833852618,0.157466628
4.974003678,1.815028055,0.330683687
5.021574866,1.78700304,0.345680835
5.056481898,1.755794982,0.261696806
5.079140914,1.732707617,0.415042645
5.090091772,1.694949767,0.201333286
5.089893075,1.657675558,-0.046494585
5.079058436,1.620390102,0.013494007
5.057314178,1.582204847,-0.183718489
5.025173915,1.535782673,-0.430046645
4.983754853,1.489919126,-0.342688258
4.933593099,1.454826932,-0.407925852
4.875505938,1.407943611,-0.684248304
4.809515864,1.357311124,-0.580018125
4.735169247,1.307106042,-0.472788517
4.652473584,1.253680427,-0.620135496
4.561575088,1.197315465,-0.508781672
4.462949882,1.138142378,-0.342313329
4.356680444,1.079392947,-0.440919577
4.242725536,1.013951254,-0.497158882
4.121328843,0.950170442,-0.341188543
3.993851256,0.888882826,-0.323191966
3.860251536,0.818499733,-0.427047216
3.719172541,0.752057013,-0.282699666
3.573111111,0.693416307,-0.263578302
3.424301657,0.63064777,-0.48628595
3.27069347,0.556343049,-0.52377882
3.11054701,0.477629309,-0.517779961
2.941725341,0.391563454,-0.679749159
2.766106716,0.313479574,-0.66812637
2.587320179,0.239411051,-0.521529248
2.403352509,0.161300926,-0.600264275
2.217277895,0.081529921,-0.537276253
2.025186121,-0.009263632,-0.348312189
1.830181366,-0.077667166,-0.351311618
1.6323761,-0.17946827,-0.259454087
1.430049529,-0.24950644,-0.152974336
1.229395015,-0.347468398,-0.200965209
1.020983801,-0.444714266,-0.226085432
0.81967696,-0.535196638,-0.229084862
0.609736149,-0.697539275,-0.266202803
0.406674771,-0.721841369,-0.259829015
0.199676933,-1.010542148,-0.164597126
-0.002364714,-0.886328529,-0.160847839
-0.04911112,-0.204002812,-0.103108819
-0.024967495,-0.148612634,0.022117367
-0.035149807,-0.153992687,-0.026998293
-0.029440064,-0.076321215,0.044988018
-0.031415793,-0.107293075,0.112100255
-0.03116086,-0.058216492,0.107226182
-0.030141129,-0.07571385,0.159341271
-0.031741956,-0.050369488,0.123348116
-0.029814965,-0.051336773,0.193084854
-0.031591996,-0.050928114,0.200583428
-0.03029109,-0.04051668,0.107601111
-0.031142115,-0.043789702,0.158966343
-0.031145864,-0.03566151,0.085105389
-0.030988405,-0.040044285,-0.046869514
-0.031457032,-0.0305364,-0.06224159
-0.031292075,-0.035519041,-0.12298004
-0.03188067,-0.0321073,-0.167596555
-0.031760702,-0.028084445,-0.156723623
-0.03248426,-0.036126406,-0.131228471
-0.033762673,-0.031421203,-0.113981751
-0.034257542,-0.029929035,-0.116606252
-0.035303516,-0.034727967,-0.086237027
-0.035955844,-0.028433118,-0.008251858
-0.036113302,-0.028478108,0.008994863
-0.036731889,-0.026202364,-0.039745868
-0.036450713,-0.023986607,-0.008626786
-0.037777863,-0.027420843,-0.056242731
-0.037125535,-0.01736183,-0.156723623
-0.03793907,-0.031578668,-0.159348124
-0.038085281,-0.013383965,-0.207713926
-0.037470444,-0.030307701,-0.231709363
-0.039817324,-0.020417401,-0.172845557
-0.036675654,-0.017043151,-0.129728756
-0.04096827,-0.035552784,-0.103483747
-0.03680312,0.00565055,-0.058867232
-0.040612114,-0.060945885,-0.043870084
-0.039026283,0.028662931,-0.038246154
-0.037193017,-0.081026418,-0.038246154
-0.04577825,0.041140156,-0.060741876
-0.024652579,-0.113715397,-0.052118516
-0.215829595,-1.470253635,-0.143976047
-0.598566025,-1.847131049,-0.068615378
-0.916568301,-1.627643624,-0.003377784
-1.229921803,-1.804566768,-0.124854683
-1.532062017,-1.762399898,0.216330434
-1.810639703,-1.807993505,0.300689391
-2.085160961,-1.71478174,0.006370362
-2.344659935,-1.683993589,0.319060898
-2.605249871,-1.731529265,0.365926985
-2.848639349,-1.719569425,-0.008626786
-3.079222209,-1.763832079,0.310062609
-3.296664789,-1.7799235,0.461908732
-3.505349682,-1.830522244,0.189710496
-3.704969468,-1.848814425,0.457409588
-3.888640966,-1.858048621,0.525271683
-4.058489864,-1.867354051,0.27219481
-4.213297734,-1.869078667,0.322060327
-4.356367454,-1.880656092,0.243700229
-4.487365361,-1.88385413,0.051361806
-4.60821095,-1.887730768,-0.007876929
-4.715623835,-1.872535398,-0.050243872
-4.807639537,-1.858206086,0.023617082
-4.888318232,-1.847475973,-0.007502
-4.956355265,-1.828373972,0.076482029
-5.012125538,-1.809868088,0.331058616
-5.055647795,-1.781756842,0.190085425
-5.086022274,-1.750293841,0.28944153
-5.104804814,-1.720367998,0.443537226
-5.112257846,-1.687079153,0.09635325
-5.108448852,-1.651694524,0.05886038
-5.09436757,-1.612598221,0.077606815
-5.069822802,-1.572152218,-0.299196529
-5.034983252,-1.530555221,-0.386929845
-4.99170843,-1.487289846,-0.299571458
-4.939998335,-1.443240894,-0.54402497
-4.879999179,-1.400035505,-0.665876797
-4.812535744,-1.352154906,-0.49490931
-4.736393351,-1.297353347,-0.559022118
-4.651714462,-1.244955003,-0.695121236
-4.558832739,-1.187221596,-0.507281957
-4.457422018,-1.124108135,-0.374932126
-4.348607003,-1.064923801,-0.508031815
-4.232162753,-1.002488939,-0.456291654
-4.108445423,-0.939896613,-0.247831297
-3.978740924,-0.874196228,-0.362559479
-3.842070764,-0.803441967,-0.385805059
-3.698644888,-0.738915071,-0.168721341
-3.551196325,-0.679389563,-0.276325878
-3.400373653,-0.614952647,-0.432296217
-3.24357131,-0.540636678,-0.37380734
-3.079338429,-0.45535065,-0.479912162
-2.906741506,-0.370949425,-0.674125229
-2.729428329,-0.302763343,-0.58451727
-2.548313656,-0.219869283,-0.563896191
-2.362973849,-0.147217944,-0.69962038
-2.174938503,-0.060983377,-0.545149756
-1.980477354,0.02480129,-0.422923
-1.78505271,0.100935604,-0.433046075
-1.583565917,0.202852933,-0.242957224
-1.382236582,0.257766967,-0.127104255
-1.177799317,0.378370139,-0.153349264
-0.969954203,0.453990817,-0.107607963
-0.766645391,0.594562047,-0.087361813
-0.553585403,0.695800777,-0.142101404
-0.355675166,0.783167592,-0.08548717
-0.135649518,1.062889118,0.00412079
0.017625007,0.578245677,-0.044245013
0.011315423,0.069120182,0.043488303
0.00318757,0.167063394,0.118099114
0.010408163,0.078954244,0.037489444
0.004424743,0.072689388,0.072732742
0.009069766,0.066409535,0.105351539
0.005849367,0.035962558,0.100852394
0.008042538,0.051135432,0.078356672
0.007210257,0.021723225,0.040113945
0.007273991,0.0339755,0.071607955
0.008357454,0.016346921,-3.43e-06
0.007461441,0.020358529,-0.044619942
0.00886732,0.016853058,0.063734453
0.008068781,0.011356781,0.020617652
0.008492419,0.014277381,0.011994292
0.00860114,0.008443679,0.077606815
0.008762348,0.01289019,-0.003752713
0.00924597,0.006940264,-0.041620512
0.009380934,0.008672378,-0.03637151
0.010516884,0.012459036,-0.03937094
0.011270435,0.006936514,-0.025498578
0.011862779,0.006291658,-0.034496867
0.013096203,0.007525133,-0.054743016
0.013133693,0.0058755,-0.051368658
0.013759778,0.004570791,-0.065615949
0.013973471,0.000319236,-0.072364665
0.014145926,0.004900717,-0.068615378
0.015090676,-0.007066621,-0.180344131
0.014337125,0.001181545,-0.252330441
0.01609916,0.00299989,-0.273326449
0.01481325,-0.006811677,-0.306695103
0.016702751,0.019754913,-0.228709933
0.015892965,-0.0150261,-0.123354969
0.016091662,0.021130857,-0.03637151
0.018266088,-0.015640963,0.005620504
0.014123432,0.008511164,0.000371503
0.02136277,0.012339063,-0.012751002
0.012016488,-0.037209915,0.005995433
0.024178277,0.076641009,-0.018374932
0.008604889,-0.159503961,-0.065615949
0.048974229,0.698556414,-0.084362384
0.361810368,1.920184663,-0.151474621
0.72443711,1.744266296,-0.048369229
1.027000962,1.717212314,-0.108732749
1.343859789,1.793706548,-0.092235886
1.629703056,1.772152593,0.245949801
1.908209511,1.796765868,0.080606244
2.173613176,1.669106765,0.028491155
2.434379316,1.704011501,0.315686539
2.689653155,1.703317905,0.139095122
2.927246664,1.727252581,0.088479747
3.153713111,1.757598331,0.464908162
3.366671875,1.781757956,0.46828252
3.573770937,1.821637835,0.34418112
3.767501029,1.823531164,0.527146326
3.946295064,1.847945733,0.40192014
4.110299256,1.845310069,0.118099114
4.260818258,1.850495166,0.158966343
4.40051012,1.86432209,0.092603963
4.528336365,1.86612169,-0.063366376
4.644668145,1.861858888,-0.04499487
4.74628881,1.841118502,-0.062616519
4.833674484,1.82822512,-0.048369229
4.909689411,1.816677688,-0.007127072
4.973411334,1.79351909,0.193084854
5.024832755,1.768692113,0.334807903
5.064755963,1.742297984,0.274819311
5.091268961,1.711014943,0.439038082
5.105372737,1.679491955,0.34718055
5.10869436,1.63838235,0.06448431
5.100390303,1.599484753,0.094478606
5.081457802,1.563841432,-0.023998863
5.052545437,1.518135349,-0.33069054
5.014178069,1.480411241,-0.35956005
4.967240464,1.435743677,-0.3824307
4.912148762,1.38812552,-0.68237366
4.849660263,1.349197929,-0.69699588
4.778620273,1.299690192,-0.519654604
4.698496431,1.238091395,-0.620510425
4.610383449,1.178858321,-0.568395335
4.513778959,1.129654266,-0.374557198
4.409155337,1.071313494,-0.425547501
4.297303624,1.005245691,-0.503907599
4.177785185,0.944239262,-0.371182839
4.052227091,0.883570258,-0.257954372
3.920715569,0.819459519,-0.359934978
3.781799753,0.750999748,-0.264703088
3.637129206,0.68756011,-0.156723623
3.488829617,0.626347477,-0.379431271
3.336634807,0.559717299,-0.455541797
3.178122915,0.484471537,-0.438295077
3.011201994,0.393171847,-0.628383927
2.836809296,0.319463243,-0.729239748
2.659023744,0.254134025,-0.633632929
2.47643571,0.170445142,-0.687622662
2.290788484,0.100257005,-0.704494454
2.100912374,0.008829843,-0.452542367
1.905738913,-0.064796279,-0.35656062
1.709429503,-0.152927924,-0.306695103
1.50631189,-0.244879969,-0.14022676
1.305604891,-0.319743316,-0.13722733
1.098149673,-0.432180804,-0.158598266
0.892835141,-0.495196786,-0.128978899
0.68668083,-0.663972992,-0.150349835
0.475780272,-0.707020916,-0.176594844
0.276392924,-0.892825834,-0.124479755
0.056363528,-1.049124815,-0.1316034
-0.051296793,-0.401692586,-0.173595414
-0.028090421,-0.102310434,-0.038621082
-0.031052139,-0.192072966,-0.044619942
-0.031876921,-0.080733983,-0.083612526
-0.028780239,-0.105695931,-0.005627357
-0.03218434,-0.070978653,-0.03074758
-0.028817729,-0.068088046,-0.018749861
-0.031442036,-0.06433888,-0.004502571
-0.029440064,-0.043924672,0.067858669
-0.030463544,-0.056638094,0.169839275
-0.030148627,-0.037903511,0.124847831
-0.029773726,-0.04442706,0.167589703
-0.030609755,-0.03610766,0.200583428
-0.030283592,-0.035241603,0.10197718
-0.030834696,-0.033730689,0.097103107
-0.030576014,-0.031514932,0.05886038
-0.031089629,-0.031754879,-0.026248435
-0.031078382,-0.027012184,-0.079863239
-0.031685721,-0.031691143,-0.142476332
-0.032840416,-0.030285206,-0.184468347
-0.033286549,-0.028020709,-0.220086573
-0.034272538,-0.030611383,-0.199840423
-0.034921117,-0.025947421,-0.144350976
-0.03513856,-0.025658735,-0.092985744
-0.0361208,-0.026254852,-0.080613097
-0.035685915,-0.021943311,-0.057367517
-0.036641913,-0.028399375,-0.035996581
-0.036694399,-0.016998161,-0.083612526
-0.036773128,-0.028073198,-0.092235886
-0.037916576,-0.017433065,-0.096360102
-0.036420721,-0.023529209,-0.109107678
-0.039401184,-0.031638655,-0.085862099
-0.036394478,-0.009443592,-0.07686381
-0.039258722,-0.042923644,-0.067115663
-0.037804106,0.00434959,-0.050993729
-0.037815353,-0.05512343,-0.087361813
-0.041200709,0.008728616,-0.118480895
-0.033642705,-0.039110742,-0.136477473
-0.047926433,-0.028496854,-0.217087144
-0.021300964,0.049107134,-0.206214211
-0.143038816,-1.163414392,-0.258704229
-0.510929168,-1.891701135,-0.2152125
-0.847406564,-1.6261777,-0.019874647
-1.155406481,-1.770276895,-0.110607393
-1.466488083,-1.767318803,0.182586851
-1.746291696,-1.788880257,0.467907591
-2.023872145,-1.738004075,0.150342983
-2.285316856,-1.656066052,0.328809044
-2.54670908,-1.716345143,0.522272253
-2.795144725,-1.703669212,0.125597688
-3.028329398,-1.740369798,0.26657088
-3.249397271,-1.756416229,0.488153741
-3.459825453,-1.797593319,0.122598259
-3.663025544,-1.828981337,0.205457501
-3.85071973,-1.835174959,0.356928696
-4.024666296,-1.846309982,0.08173103
-4.183361889,-1.846894852,0.11060054
-4.330304336,-1.857111329,0.154842127
-4.465208712,-1.858202336,0.007870077
-4.588761086,-1.864081029,0.008245005
-4.700560313,-1.851581309,-0.024373792
-4.796542467,-1.832790489,0.047987447
-4.880587773,-1.825809542,0.11060054
-4.95266249,-1.807892278,0.12522276
-5.012129287,-1.78895899,0.375300203
-5.060011643,-1.764469437,0.272944667
-5.094843695,-1.731810452,0.207707074
-5.11754395,-1.702139553,0.387297921
-5.128517302,-1.668633256,0.083230745
-5.127894967,-1.632963691,-0.062991448
-5.116497976,-1.596229362,0.055486021
-5.094337578,-1.554988536,-0.248956083
-5.0622573,-1.513586496,-0.471288802
-5.021216887,-1.473976557,-0.370807911
-4.972011131,-1.432949434,-0.511406173
-4.915011183,-1.387412064,-0.643006147
-4.849980856,-1.339272772,-0.449917866
-4.776848917,-1.288509064,-0.401177135
-4.695098005,-1.234476084,-0.502782813
-4.604521924,-1.178789721,-0.416549212
-4.505645534,-1.121374993,-0.346062616
-4.399034937,-1.059588738,-0.464165157
-4.284487685,-0.994679427,-0.466414729
-4.162611119,-0.932791944,-0.258329301
-4.034676153,-0.870495801,-0.329565754
-3.899906741,-0.805511507,-0.481786806
-3.758389112,-0.741820675,-0.30182103
-3.612027761,-0.678782198,-0.355435834
-3.462134844,-0.614930152,-0.543650041
-3.307045798,-0.543924697,-0.410550353
-3.144567454,-0.466418188,-0.403051779
-2.973901271,-0.384345195,-0.575518981
-2.797225426,-0.309226905,-0.496409025
-2.617096743,-0.229380917,-0.402301921
-2.432293044,-0.158641653,-0.517779961
-2.245543609,-0.083470875,-0.403801636
-2.052687036,0.014367361,-0.222336145
-1.857333623,0.078913003,-0.283449523
-1.658396156,0.176383821,-0.19496635
-1.455327281,0.24494107,-0.121105396
-1.253128175,0.350821267,-0.22683529
-1.043078643,0.444295474,-0.242582295
-0.83984856,0.5361088,-0.212962928
-0.626957278,0.699137535,-0.232084291
-0.423194836,0.717392224,-0.215587429
-0.212354262,1.011075644,-0.128229042
-0.014350299,0.832045469,-0.184843275
0.02303108,0.145535683,-0.143601118
0.000619498,0.130347812,0.034490014
0.011195455,0.120011361,0.00412079
0.005159549,0.050104412,0.052111663
0.008331211,0.0827484,0.134221048
0.007453943,0.031557287,0.108350968
0.007195261,0.053351189,0.094103678
0.008687367,0.026848335,0.071607955
0.006929082,0.030147601,0.127847261
0.00890481,0.02278049,0.099727608
0.00765639,0.017010523,0.036739586
0.008499917,0.023301624,0.082480888
0.008567399,0.008162492,-0.004877499
0.008859822,0.013857475,-0.076113952
0.009051021,0.01019079,-0.003377784
0.009028527,0.010573205,-0.020249576
0.009650863,0.008143746,-0.077238738
0.00947091,0.006467869,-0.037496296
0.010276948,0.00700025,-0.049119086
0.011319172,0.007060237,-0.124104826
0.012005241,0.001848896,-0.100859247
0.012852517,0.004739503,-0.103858676
0.01344861,0.005575567,-0.092985744
0.013512343,-0.001210423,-0.048369229
0.014322129,0.004432071,-0.075739024
0.014145926,0.003187348,-0.048744157
0.015143163,0.007393913,-0.069365236
0.01507568,-0.001502858,-0.12298004
0.015293123,0.00992085,-0.141351546
0.016305356,-0.003002525,-0.16909627
0.014981955,0.0063254,-0.120730468
0.017887438,0.007232698,-0.109107678
0.014906975,-0.016192091,-0.06524102
0.018213602,0.024227668,0.031490585
0.016320352,-0.029280429,0.014243864
0.016901448,0.034177955,-0.01612536
0.01946952,-0.033029595,-0.027373221
0.012773788,0.025359916,-0.040870654
0.026450177,-0.00342618,-0.133852972
7.21e-05,-0.05269772,-0.161972625
0.131609907,1.247359333,-0.222336145
0.499474015,1.945663995,-0.245206796
0.830196682,1.644613464,-0.044619942
1.137296836,1.776756569,-0.14322619
1.445469207,1.752315756,0.039364087
1.724046893,1.78232408,0.283067742
1.999265466,1.730233168,0.023617082
2.25899313,1.649573611,0.211456361
2.520359111,1.699999893,0.386548064
2.766721554,1.67371824,0.151842697
2.998121698,1.714756611,0.311562324
3.219058356,1.731920293,0.558640337
3.429509032,1.771226549,0.324684828
3.631595667,1.798033086,0.297689962
3.817036698,1.798685441,0.440162868
3.988220243,1.810401585,0.154467198
4.145176296,1.805190244,0.04161366
4.290630386,1.822267695,0.114349827
4.424844944,1.823366201,-0.037871225
4.547437571,1.813112232,-0.082862669
4.656638734,1.808362038,-0.084362384
4.750311498,1.787186749,-0.066740735
4.831462568,1.770652927,-0.011626216
4.901070437,1.759761599,0.020242724
4.958805191,1.737694008,0.269570309
5.004333169,1.704768832,0.240700799
5.037418182,1.676875037,0.171713918
5.057981502,1.647129154,0.338932119
5.066776679,1.608055346,0.088479747
5.064553516,1.574252866,-0.050993729
5.050644689,1.533878097,0.054361235
5.026369849,1.491268825,-0.204339568
4.992347584,1.450680354,-0.425547501
4.949031522,1.404899288,-0.368933267
4.898168703,1.358709563,-0.536151467
4.83921927,1.321937743,-0.741612395
4.772284446,1.271983855,-0.579643196
4.697206771,1.208945378,-0.525278535
4.613311426,1.167633318,-0.639631788
4.52112327,1.113712813,-0.496409025
4.4204661,1.049748291,-0.35956005
4.311561109,0.991771188,-0.418048927
4.194944404,0.927555473,-0.400802207
4.071969378,0.872626442,-0.227585147
3.943295856,0.810596491,-0.21221307
3.80759669,0.738102617,-0.32469168
3.66525053,0.675491545,-0.213337856
3.519204096,0.619212814,-0.253830156
3.36956986,0.550768039,-0.505407314
3.213262386,0.478919022,-0.472413588
3.049460641,0.403680759,-0.461915585
2.877002432,0.319853156,-0.655753723
2.699835467,0.250992224,-0.600264275
2.519523082,0.174602967,-0.469414159
2.334925578,0.104216125,-0.55264833
2.147385102,0.020028602,-0.467539515
1.953666257,-0.058865098,-0.286448953
1.759062646,-0.136165403,-0.299571458
1.558265671,-0.235060903,-0.206964069
1.357213762,-0.298260595,-0.109107678
1.152604044,-0.416295588,-0.172470628
0.945081344,-0.479277828,-0.169471199
0.741877504,-0.626020185,-0.118105967
0.528693799,-0.719033244,-0.124104826
0.330052505,-0.814479512,-0.115481466
0.109644458,-1.083230978,-0.055117945
-0.040432162,-0.582109953,-0.101984033
-0.03240928,-0.094980814,-0.068990307
-0.02506497,-0.190018423,-0.013500859
-0.031591996,-0.100473342,-0.061491733
-0.025552341,-0.094583403,-0.017250146
-0.03024985,-0.086005311,-0.016875218
-0.02661706,-0.061628233,0.052111663
-0.028589039,-0.072455825,0.081356102
-0.027760508,-0.043755959,0.041988588
-0.027779253,-0.057402923,0.130096833
-0.028461573,-0.040707887,0.029615941
-0.027528069,-0.042350022,-0.057742446
-0.028679015,-0.039808087,-0.002252998
-0.027842986,-0.038405899,-0.089236457
-0.028476569,-0.034686727,-0.12298004
-0.028424083,-0.02729712,-0.087736742
-0.028675266,-0.031514932,-0.099359532
-0.029196379,-0.029224192,-0.091486029
-0.029125148,-0.036475079,-0.066740735
-0.030103639,-0.033374518,-0.018000004
-0.031044641,-0.026314839,0.014618793
-0.031663227,-0.030341443,-0.006752143
-0.032847914,-0.032857134,-0.029247865
-0.032997875,-0.025583752,-0.01050143
-0.03316658,-0.026727247,-0.067490592
-0.03377392,-0.024335279,-0.095610245
-0.033612712,-0.025984912,-0.05361823
-0.034977352,-0.024170316,-0.179594274
-0.033938876,-0.016289569,-0.232834149
-0.035153556,-0.028174425,-0.217462072
-0.035063579,-0.011831811,-0.294697384
-0.035108567,-0.037048701,-0.232084291
-0.036664407,-0.013852611,-0.138727045
-0.03415257,-0.026386073,-0.070115093
-0.038587649,-0.030345192,-0.032622223
-0.033567724,0.000218009,-0.020624505
-0.038711366,-0.058343964,0.020617652
-0.034501228,0.034481637,0.033740157
-0.037035559,-0.094452182,0.043488303
-0.039697356,0.083292029,0.038989159
-0.028581541,-0.247613111,0.027741298
-0.256348895,-1.612793178,-0.118105967
-0.638043101,-1.801912358,-0.069365236
-0.948468627,-1.629510709,-0.075364095
-1.263857842,-1.789836294,-0.235833578
-1.560824422,-1.742720525,0.143594266
-1.838614816,-1.786750731,0.134221048
-2.109540773,-1.670781528,-0.163097411
-2.368451152,-1.665030308,0.184461494
-2.627354034,-1.692402968,0.187835853
-2.866315931,-1.680701821,-0.037121367
-3.094596899,-1.727536403,0.401545212
-3.311094729,-1.743961499,0.542143474
-3.519224768,-1.787819243,0.322060327
-3.715661645,-1.794316548,0.560140052
-3.895756587,-1.803052105,0.483654597
-4.062598779,-1.810869116,0.157466628
-4.215037275,-1.814652024,0.211456361
-4.356734857,-1.825303405,0.111350398
-4.486945472,-1.823657521,-0.07686381
-4.605076777,-1.818416187,-0.104608533
-4.708579445,-1.801391224,-0.143601118
-4.798334494,-1.787684273,-0.09973446
-4.876617572,-1.772893813,-0.137977188
-4.941959067,-1.752520845,0.029241012
-4.995509926,-1.732177871,0.274444382
-5.036779028,-1.706664796,0.109475754
-5.065567676,-1.675981621,0.257572591
-5.082636918,-1.640030869,0.341181691
-5.087904277,-1.604357554,-0.009001715
-5.082093312,-1.569366588,0.066733882
-5.065181528,-1.527867069,0.113225041
-5.037712531,-1.485002855,-0.22683529
-5.000623575,-1.447604924,-0.279700236
-4.954728195,-1.40491692,-0.253455227
-4.901327296,-1.362060203,-0.582642626
-4.840030983,-1.32017452,-0.719116673
-4.770378126,-1.267993628,-0.553023259
-4.693013556,-1.217263663,-0.653129222
-4.606992521,-1.164216713,-0.704869382
-4.512101329,-1.104301291,-0.498283669
-4.409273483,-1.045878038,-0.469414159
-4.298107838,-0.98275333,-0.554148045
-4.179335453,-0.920262231,-0.415049497
-4.054354706,-0.863169931,-0.186717919
-3.922494527,-0.796431027,-0.243332153
-3.783477487,-0.727671323,-0.178844416
-3.639163096,-0.671561304,0.026616511
-3.491575819,-0.612440706,-0.191966921
-3.339557213,-0.541345271,-0.352811333
-3.180430483,-0.467827875,-0.290948097
-3.012703525,-0.381852,-0.464540086
-2.837549778,-0.30646377,-0.649005006
-2.658916949,-0.237036714,-0.58451727
-2.475466643,-0.156054728,-0.604763419
-2.289511998,-0.092382642,-0.713867671
-2.098698636,-0.00307001,-0.498283669
-1.90399755,0.069588827,-0.346437545
-1.707901833,0.16258689,-0.343438115
-1.505519027,0.243002752,-0.126354398
-1.305513092,0.324918279,-0.065990877
-1.09735681,0.435496181,-0.131228471
-0.892930793,0.497244946,-0.074614237
-0.68341362,0.670722605,-0.035996581
-0.474155129,0.694968462,-0.055117945
-0.270977532,0.922006707,0.023617082
-0.053973586,0.976913244,0.057735594
0.02817847,0.280809341,-0.043870084
0.001995385,0.092499981,0.008245005
0.009579632,0.151159432,-0.01612536
0.007348971,0.046790149,-0.086611956
0.006719137,0.088754564,-0.091486029
0.009069766,0.039494272,-0.134977758
0.006572926,0.045594165,-0.078363524
0.009155994,0.030796207,-0.082862669
0.007109034,0.022671764,-0.038246154
0.008826081,0.03356684,0.09335382
0.00825998,0.01536464,0.056235879
0.008511164,0.024182678,0.094103678
0.009006033,0.011982892,0.184836423
0.00879234,0.012091618,0.089229604
0.009294707,0.005238142,0.094478606
0.009043523,0.00389969,0.135720763
0.009778329,0.008301211,0.017993151
0.009677106,0.001676434,-0.058492303
0.010022015,0.006070457,-0.075739024
0.010355677,0.004480811,-0.107982892
0.010318187,0.002096341,-0.130478614
0.010888036,0.00610045,-0.143976047
0.01083555,0.002823679,-0.140601689
0.010610609,-0.002083979,-0.110982321
0.010576868,-0.002211451,-0.152599407
0.010415661,0.001995114,-0.136102544
0.010239458,0.000461705,-0.104233605
0.010059505,-0.000891744,-0.184093418
0.009980776,3.06e-05,-0.162347553
0.009898298,-0.003182485,-0.143976047
0.009860807,-0.000618055,-0.140601689
0.009568385,-0.001120443,-0.052493444
0.009482157,-0.004678402,-0.011251287
0.009515899,-0.002698842,0.005245576
0.009298456,-0.000513078,0.010119649
0.009365938,-0.00158534,-0.013500859
0.009388432,-0.004712144,-0.04499487
0.009275962,-0.005506968,-0.07686381
0.009126002,-0.003407435,-0.102358961
0.008972292,-0.002042738,-0.136477473
0.008848575,-0.003208729,-0.169471199
0.008844826,-0.004502191,-0.188967491
0.008822332,-0.003804846,-0.174345272
0.00867612,-0.003085006,-0.12298004
0.008702363,-0.003909823,-0.09973446
0.008604889,-0.001337895,-0.119230753
0.008589893,-0.00149536,-0.158973195
0.008537407,-0.005521964,-0.222336145
0.008409941,-0.003219976,-0.276700807
