0.004953353,0.012162852,-0.124479755
0.005991829,-0.032969609,-0.123729897
0.004600946,-0.004610917,-0.107233034
0.006048064,0.004289603,-0.122605111
0.004784648,-0.064860015,-0.104608533
0.005541948,0.074500235,-0.100859247
0.005830622,-0.14575202,-0.113981751
0.003551224,0.148636243,-0.088861528
0.008391196,-0.223172298,-0.103483747
-0.000306508,0.30608247,-0.104233605
0.088361328,2.834703729,-0.108732749
0.292929808,3.009474851,-0.047244442
0.467584936,2.611339666,-0.015000574
0.627259021,2.617357078,-0.025873506
0.78180821,2.307863424,0.132721334
0.911681414,2.542613704,0.056235879
1.031282331,2.412116483,-0.029622793
1.131219691,2.398971907,0.122598259
1.220198694,2.394180473,-0.010126501
1.295160149,2.383919006,-0.045744728
1.358930809,2.37783036,0.032240442
1.414408659,2.19545218,-0.056992589
1.458804435,2.151500707,0.008994863
1.493692722,2.073443071,0.019117938
1.517877586,2.014869851,-0.022124219
1.534515692,1.957998752,-0.050993729
1.54236237,1.893550588,-0.156723623
1.541447612,1.845313818,-0.142476332
1.532108828,1.767769818,-0.200590281
1.513783667,1.691931688,-0.268077447
1.486970747,1.605974559,-0.19796578
1.451021491,1.519638765,-0.232834149
1.406400774,1.435200048,-0.228709933
1.353288549,1.342490671,-0.125979469
1.293559322,1.248307872,-0.100109389
1.227033139,1.135221778,-0.145850691
1.154429811,1.022383129,-0.121855254
1.07506327,0.901071365,-0.154474051
0.99042562,0.787651595,-0.336689399
0.904697008,0.671521178,-0.332940112
0.813326137,0.530305091,-0.340813615
0.719214739,0.395631299,-0.416924141
0.615355915,0.232895,-0.341563472
0.507575626,0.107275444,-0.315693392
0.396346248,-0.060728434,-0.287948668
0.280730529,-0.180735488,-0.236583436
0.170970763,-0.380790986,-0.185593133
0.048831766,-0.597466537,-0.128229042
-0.010091424,-0.260225306,-0.175844986
0.004049842,-0.03130123,-0.105358391
0.002347791,-0.096769166,-0.078738453
0.002036624,-0.033175813,-0.209963498
0.003738674,-0.04357225,-0.045744728
0.001725456,-0.027045926,-0.053243302
0.003506236,-0.020822311,-0.135727616
0.002006632,-0.029212944,0.087354961
0.003288793,-0.012705366,0.01836808
0.002557736,-0.019753798,-0.046494585
0.002643963,-0.014519963,0.001496289
0.002790175,-0.017151877,-0.082862669
0.002269062,-0.012053011,-0.081362954
0.002568983,-0.009064926,-0.109482607
0.002017879,-0.011554372,-0.076488881
0.002077863,-0.016975666,-0.036746439
0.001991636,-0.0107558,-0.074239309
0.001699213,-0.00918115,0.075357242
0.001627982,-0.014381244,0.085105389
0.001451778,-0.009113665,0.029615941
0.001260579,-0.008345086,0.11359997
0.001133112,-0.009278629,0.054736164
0.000941913,-0.011464392,-0.020999433
0.000930666,-0.010425873,-0.069740164
0.001054383,-0.010684566,-0.105358391
0.001301818,-0.010332144,-0.193841564
0.001264328,-0.009773519,-0.192341849
0.001223088,-0.008869969,-0.130478614
0.00129432,-0.006054346,-0.211463213
0.001219339,-0.008783739,-0.139851831
0.001399292,-0.008382578,-0.113231894
0.001466774,-0.006151824,-0.180344131
0.001451778,-0.006860417,-0.143601118
0.001466774,-0.006541737,-0.147725334
0.00159424,-0.007546514,-0.161597696
0.001616734,-0.009807261,-0.191966921
0.001496766,-0.008899963,-0.170221056
0.001684217,-0.006950397,-0.145100833
0.001650476,-0.005743165,-0.223086003
0.001590491,-0.008315093,-0.120355539
0.001669221,-0.008832478,-0.021749291
0.00163548,-0.005998108,-0.122605111
0.001766695,-0.008041404,-0.088861528
0.001789189,-0.008352585,-0.106108248
0.001777942,-0.006331784,-0.220086573
0.001976639,-0.006504246,-0.1747202
0.001792938,-0.007793959,-0.11998061
0.001174351,-0.009282378,-0.128229042
0.000870682,-0.011273185,-0.117731038
0.000578259,-0.013713892,-0.058117375
-2.84e-06,-0.009349863,-0.040120797
0.00012088,-0.008442565,-0.05361823
-0.000325253,-0.013481444,-0.001503141
-0.000358994,-0.005638188,-0.007876929
-0.000392735,-0.015367274,-0.061116804
-0.00101882,-0.010133438,-0.06524102
-0.000302759,-0.007816454,-0.099359532
-0.0016599,-0.014966113,-0.128978899
-0.000433974,-0.000580563,-0.118105967
-0.001569924,-0.021658375,-0.085862099
-0.001060059,0.00394468,-0.071614808
-0.000467715,-0.021283458,-0.074989166
-0.002518424,-0.002365166,-0.031872366
0.001073128,-0.01332023,-0.051368658
-0.003958043,-0.023195533,-0.07686381
0.002797673,0.029146574,-0.081362954
-0.005303938,-0.081461322,-0.129353828
0.004271034,0.119306518,-0.140601689
-0.017293272,-0.491773798,-0.146975477
-0.229363521,-1.622825946,-0.143976047
-0.47202944,-1.676097846,-0.135352687
-0.656938111,-1.724945729,-0.087736742
-0.840553374,-1.864290982,-0.012001145
-0.99121109,-1.909787111,0.022492296
-1.131607765,-2.026543639,0.034490014
-1.250803789,-2.014388843,0.054361235
-1.35202331,-2.048626227,0.0356148
-1.44491628,-2.009256235,-0.025498578
-1.52406163,-1.997720051,0.00412079
-1.593905686,-1.989869297,0.00974472
-1.647104138,-1.963089005,-0.007502
-1.689201772,-1.95803138,0.071607955
-1.718957664,-1.922035637,0.0761071
-1.738782429,-1.909663389,0.013494007
-1.749677052,-1.875467246,0.008619934
-1.75013818,-1.83148578,-0.051743587
-1.742673901,-1.78945013,-0.11435668
-1.725323483,-1.733028931,-0.147725334
-1.69901668,-1.67594413,-0.191591992
-1.663888456,-1.601890603,-0.179219345
-1.618881591,-1.521373514,-0.210338427
-1.566504172,-1.438591929,-0.190467206
-1.506178852,-1.341777215,-0.149599977
-1.438625441,-1.250728719,-0.158598266
-1.365456013,-1.143510069,-0.1316034
-1.284672346,-1.026952248,-0.124854683
-1.198160191,-0.908467355,-0.195716208
-1.10671059,-0.792813082,-0.280450094
-1.014563673,-0.682936274,-0.303320745
-0.917108158,-0.539691888,-0.379431271
-0.813538008,-0.419692332,-0.391428989
-0.703740752,-0.259377994,-0.342688258
-0.586482966,-0.129690593,-0.350936689
-0.471039701,0.004552045,-0.323566894
-0.34687249,0.160637324,-0.294322456
-0.228602472,0.283909902,-0.278950379
-0.099827727,0.597328932,-0.26132873
0.003198817,0.457200103,-0.218586858
0.00746519,0.051105439,-0.155973765
-0.001719884,0.072355712,-0.163847268
0.003731176,0.049740743,-0.234708792
-0.00064017,0.026229723,-0.118105967
0.002261564,0.033251911,-0.078363524
0.000769458,0.010078315,-0.158598266
0.001365551,0.026158488,0.035239872
0.001313065,0.007633859,0.013119078
0.000889427,0.012927682,-0.061866662
0.001879165,0.001597702,0.052111663
0.001009395,0.005313125,-0.023249006
0.001792938,0.008724867,-0.032997152
0.001601738,0.001398996,-0.008251858
0.00182293,0.002040104,-0.007502
0.001999134,-0.000989223,0.0356148
0.001882914,0.001061571,0.007120219
0.00205162,-0.004667154,0.082480888
0.002272811,0.001001585,0.124847831
0.002531493,3.8e-05,0.064859239
0.002568983,-0.001052958,0.133096262
0.0028839,0.005526828,0.093728749
0.003007617,-0.002383912,-0.002627927
0.00299637,-0.000295627,0.00674529
0.002928888,-0.000156908,-0.061491733
0.002786426,-0.005510717,-0.139101974
0.002850159,-0.001817788,-0.130478614
0.002760183,-0.005259523,-0.118480895
0.002737688,-0.002425153,-0.170970913
0.002778928,0.000536688,-0.161972625
0.002737688,-0.000220644,-0.140601689
0.002703947,0.000915354,-0.182593703
0.002591477,-0.005334506,-0.175470058
0.002460262,-0.002875053,-0.191966921
0.002760183,0.002714953,-0.200215352
0.003633702,0.002220064,-0.208838712
0.003851144,0.00398967,-0.244831867
0.004368508,0.004904466,-0.224585718
0.004885871,0.001192792,-0.266952661
0.004942106,0.004660771,-0.249331012
0.005984331,0.004042158,-0.188592562
0.005688159,0.001657689,-0.242582295
0.006584173,0.011488002,-0.205089425
0.006355483,-0.001544099,-0.163472339
0.00655793,0.008878582,-0.192716778
0.007603903,0.00079538,-0.161972625
0.00625426,0.006977755,-0.109482607
0.008912308,0.004638276,-0.099359532
0.006239264,-0.008712505,-0.089236457
0.009392181,0.027084532,-0.010876359
0.007139026,-0.030187727,-0.003752713
0.007690131,0.040240356,-0.025498578
0.009977027,-0.031717387,0.010119649
0.003798658,0.027103278,0.011994292
0.016425324,0.007487642,-0.001503141
-0.0084756,-0.061594491,-0.019499719
0.115462921,1.294463855,-0.041620512
0.453087515,2.183372367,-0.031497437
0.746530025,2.051367982,0.022492296
1.010726509,2.317168854,-0.006752143
1.264639458,2.41388609,0.110975469
1.485103741,2.575265191,0.181836993
1.70099423,2.687215288,0.116974328
1.896797525,2.684774581,0.334432974
2.087239735,2.769052083,0.282692814
2.260234052,2.812688626,0.300314463
2.417733711,2.898799471,0.442037511
2.561523241,2.945217895,0.319810755
2.691906311,3.006539254,0.373425559
2.812095822,3.02319305,0.213331004
2.916292057,3.012871596,0.087354961
3.008161547,3.029375424,0.061109952
3.085233695,3.023762923,-0.154099122
3.150417732,2.991306393,-0.152599407
3.205187019,2.941078816,-0.219336716
3.248128179,2.919952266,-0.285699096
3.279267456,2.874557364,-0.201715067
3.298649838,2.808980701,-0.239582866
3.307947383,2.770896673,-0.220836431
3.307358788,2.714606695,-0.201715067
3.297195222,2.649247484,-0.178094559
3.277186756,2.587532462,-0.187092848
3.24804945,2.506141817,-0.185593133
3.210960494,2.443358284,-0.135352687
3.166212311,2.376049506,-0.264703088
3.115401978,2.277915086,-0.222336145
3.059361777,2.15162068,-0.203214782
2.999246401,1.954268331,-0.291697955
2.935899379,1.767196196,-0.225710504
2.867307492,1.641066753,-0.272201662
2.792181081,1.535216549,-0.320567465
2.70959414,1.434656419,-0.413549782
2.619850338,1.324299718,-0.500533241
2.524460528,1.220350341,-0.506907029
2.422817369,1.111414574,-0.570644908
2.315258272,1.004135938,-0.409800495
2.201550799,0.900074086,-0.303320745
2.084308009,0.802592021,-0.343063187
1.965066997,0.6974954,-0.268452375
1.839681357,0.580124009,-0.249331012
1.708548486,0.465077101,-0.216337286
1.568196798,0.337020587,-0.204714496
1.424081105,0.243336427,-0.201715067
1.27622015,0.124311654,-0.266952661
1.123680431,0.026492164,-0.368558338
0.970012261,-0.094264723,-0.35356119
0.807751359,-0.209975234,-0.375307055
0.64934069,-0.305001595,-0.277075736
0.482247315,-0.453011171,-0.134227901
0.321868416,-0.518959,-0.086986885
0.154921251,-0.811562661,-0.026998293
-0.000392735,-0.689096154,-0.035621653
-0.027460587,-0.130796597,-0.034871795
-0.009592805,-0.115053849,-0.000753284
-0.01805807,-0.112275717,0.00974472
-0.012790711,-0.054088661,0.069358383
-0.015107599,-0.076231235,0.040113945
-0.014399036,-0.037217414,-0.02474872
-0.013997892,-0.054815999,0.02699144
-0.015055113,-0.032122297,-0.007127072
-0.013844183,-0.038023484,-0.013125931
-0.015238814,-0.036036426,0.09335382
-0.014200339,-0.024766433,0.063359524
-0.014893906,-0.030015266,0.024366939
-0.014635224,-0.02239696,-0.017250146
-0.014755192,-0.02397161,-0.153724193
-0.01525756,-0.021099749,-0.150349835
-0.015002627,-0.020792317,-0.139101974
-0.015377528,-0.020732331,-0.134602829
-0.015351285,-0.020953532,-0.050993729
-0.015441261,-0.021182231,-0.077238738
-0.01574868,-0.020057481,-0.071239879
-0.015928632,-0.020076227,-0.088111671
-0.016153573,-0.018254132,-0.113981751
-0.016067346,-0.01484614,-0.066365806
-0.01589864,-0.015307288,-0.110982321
-0.015853652,-0.014624939,-0.143601118
-0.015677449,-0.013357721,-0.178469487
-0.015718688,-0.012562898,-0.229834719
-0.015579974,-0.014471224,-0.260578873
-0.01559497,-0.017841724,-0.248206226
-0.016048601,-0.016113358,-0.181843846
-0.016573462,-0.016349556,-0.163097411
-0.016967108,-0.016053372,-0.1316034
-0.017510715,-0.015727194,-0.138352117
-0.017814384,-0.013256494,-0.187467776
-0.018410477,-0.016237081,-0.196466065
-0.018935338,-0.015401017,-0.212962928
-0.018560437,-0.017204366,-0.194216493
-0.019857595,-0.018077921,-0.199090566
-0.019149032,-0.013481444,-0.185593133
-0.020198755,-0.023772904,-0.139851831
-0.020030049,-0.004442204,-0.152974336
-0.020086284,-0.023278014,-0.11135725
-0.021810829,-0.007625246,-0.053993159
-0.019269,-0.019551343,-0.02474872
-0.022961775,-0.024174065,0.003370932
-0.018541692,0.004379583,0.01836808
-0.023636597,-0.047985018,-0.028123079
-0.019587666,0.034050483,-0.073489451
-0.021563394,-0.083613343,-0.061491733
-0.024251435,0.077844491,-0.07686381
-0.013949155,-0.232241531,-0.035996581
-0.226997895,-1.576152578,-0.06524102
-0.585159566,-1.838459228,0.00412079
-0.873342215,-1.649347546,0.031115656
-1.159534141,-1.774513453,-0.091860958
-1.424311721,-1.7376629,0.18858571
-1.669680676,-1.830882164,0.181462065
-1.908848769,-1.785011118,0.033365228
-2.132795882,-1.761091439,0.289816459
-2.350842052,-1.791707128,0.172463776
-2.549160932,-1.802422245,0.085105389
-2.736566444,-1.850329088,0.312312181
-2.909796949,-1.865929368,0.285317315
-3.071045618,-1.894115598,0.27519424
-3.218910322,-1.900860347,0.367801629
-3.350380605,-1.896642535,0.331433545
-3.468766842,-1.876940668,0.258322448
-3.572693149,-1.855431703,0.209581717
-3.6650875,-1.827245473,0.208456931
-3.745601239,-1.782472932,0.079481458
-3.812787247,-1.749956416,0.001496289
-3.868317583,-1.705442568,0.016493437
-3.911633645,-1.660328853,-0.02774815
-3.942821659,-1.627339942,0.004870647
-3.964093542,-1.582184986,0.034490014
-3.973923446,-1.534360625,0.04423816
-3.972967448,-1.492504936,-0.066740735
-3.96228277,-1.453517358,-0.055867803
-3.941333302,-1.414297333,-0.00187807
-3.912102271,-1.371373131,-0.190842134
-3.87476588,-1.321809157,-0.156348694
-3.828806767,-1.266257764,-0.162347553
-3.774007487,-1.21367946,-0.448418151
-3.710094365,-1.159530256,-0.464915014
-3.637802205,-1.097121638,-0.430796503
-3.556647386,-1.031934889,-0.527153178
-3.467053545,-0.967490475,-0.530902465
-3.36986046,-0.901362685,-0.548899043
-3.265296823,-0.837668104,-0.56989505
-3.153610066,-0.771757766,-0.640006717
-3.034110372,-0.699785026,-0.514405603
-2.908349831,-0.635246882,-0.413549782
-2.779312656,-0.57110615,-0.589766271
-2.64569794,-0.495601696,-0.456291654
-2.504513972,-0.419216188,-0.390304203
-2.355753255,-0.326079406,-0.51215603
-2.19892092,-0.235698262,-0.415049497
-2.038755715,-0.165191446,-0.329190825
-1.873274414,-0.06955397,-0.35956005
-1.703579225,0.004732005,-0.370058053
-1.530686131,0.104257365,-0.262078588
-1.350654922,0.188954774,-0.286448953
-1.171860886,0.279125966,-0.325441538
-0.985145192,0.383990139,-0.219711644
-0.802647134,0.445690164,-0.227960076
-0.614049437,0.605584595,-0.22383586
-0.426610184,0.623644328,-0.14322619
-0.241326612,0.852729618,-0.065990877
-0.04487099,0.875367082,-0.007127072
0.022599943,0.22574534,0.031490585
-0.001791116,0.084326799,0.146593696
0.005845618,0.134569372,0.166839845
0.003228809,0.044236967,0.202083143
0.003348777,0.082021062,0.260946949
0.004642186,0.036202504,0.11060054
0.002707696,0.047926146,0.11359997
0.004859628,0.031463558,0.126347546
0.002917641,0.026023518,0.053236449
0.004765903,0.031043652,0.11359997
0.003956117,0.013388829,0.10197718
0.004372257,0.023016687,0.078356672
0.004825887,0.011390524,0.05886038
0.00436101,0.015608335,0.02699144
0.004930859,0.013745,-3.43e-06
0.004713417,0.009152271,-0.040870654
0.005140804,0.007978783,-0.046869514
0.00523078,0.004615781,-0.10835782
0.0059131,0.010996861,-0.163847268
0.007378963,0.011529243,-0.161597696
0.008053785,0.007742585,-0.172845557
0.008841077,0.009579676,-0.157848409
0.009583381,0.003164853,-0.132728186
0.009898298,0.009182265,-0.138727045
0.010843048,0.007375167,-0.187842705
0.010430657,-0.003006274,-0.232834149
0.011634089,0.011319289,-0.27295152
0.011322921,-0.001769049,-0.354311048
0.011761556,0.01032576,-0.36218455
0.012758792,0.000521691,-0.35656062
0.011431643,0.004642025,-0.364059194
0.014213408,0.004747001,-0.310819319
0.011266686,-0.004787128,-0.285699096
0.015045688,0.020006107,-0.258329301
0.012110213,-0.025467527,-0.217462072
0.014303384,0.043115966,-0.181093988
0.015184402,-0.038218441,-0.160847839
0.010340681,0.044383184,-0.143601118
0.022558704,-0.027675786,-0.125979469
-0.003118265,0.009980837,-0.098609674
0.15670578,1.385538595,-0.080613097
0.536900382,1.994695588,0.004870647
0.866250911,1.700997171,0.148468339
1.184736808,1.815226761,0.065984025
1.499514935,1.779219771,0.262446664
1.786989022,1.823096261,0.410918429
2.073139708,1.764886709,0.167589703
2.344163139,1.691661748,0.413917859
2.616419994,1.729528325,0.346805621
2.873290912,1.723173488,0.173213633
3.118791083,1.77140276,0.509149748
3.351499632,1.793946495,0.293565746
3.569583293,1.84315055,0.385423277
3.778013253,1.878137767,0.461533804
3.973374164,1.911321635,0.202833001
4.158695226,1.95022673,0.452910443
4.329473879,1.960454455,0.212206218
4.485533918,1.973224115,0.434164008
4.627838839,1.987598417,0.351679694
4.757622068,2.004638377,-0.0479943
4.876941809,2.011641819,0.301814177
4.984096013,2.007454,-0.051368658
5.077540087,2.00098294,0.102352109
5.158342499,1.99190246,0.115849542
5.226600724,1.980733694,0.231327582
5.282254778,1.955299352,0.257947519
5.326796766,1.912465131,-0.338564042
5.35984054,1.880750935,0.124097974
5.380827498,1.842764385,-0.242957224
5.390263756,1.799337796,-0.068990307
5.388801642,1.767814808,0.432289365
5.377273436,1.722888552,-0.348312189
5.355975311,1.670201522,-0.26132873
5.324596097,1.614342698,-0.405301351
5.283698147,1.565479817,-0.542150326
5.234271199,1.51413124,-0.358435263
5.176750138,1.454403276,-0.894958233
5.11202723,1.405266707,-0.729239748
5.040057485,1.349685321,-0.72286596
4.960102349,1.292270592,-0.728864819
4.872098088,1.235268273,-0.146600548
4.776025958,1.169267954,-0.257954372
4.672590772,1.104493613,-0.381305914
4.56198373,1.038478298,-0.41992357
4.443571249,0.971746893,-0.493409595
4.318286833,0.909548229,-0.717616958
4.187011498,0.845793661,-0.551148615
4.049179146,0.779081001,-0.395928133
3.904857257,0.706437161,-0.636632359
3.755136794,0.644590918,-0.286074024
3.602229672,0.591435243,-0.262828445
3.445479815,0.511596753,-0.147725334
3.280643343,0.43136835,0.048737305
3.108027675,0.355740173,-0.208463783
2.929169906,0.276910209,-0.352061476
2.746236963,0.207554387,-0.594265416
2.55913887,0.123273135,-0.630258571
2.36782689,0.049721997,-0.638881931
2.172278528,-0.041304005,-0.660252867
1.971549035,-0.113902855,-0.241832438
1.770774554,-0.188196328,-0.162722482
1.563832951,-0.288276566,-0.10273389
1.358540912,-0.348128252,0.181087136
1.148502627,-0.469121337,0.11060054
0.937658304,-0.539601908,0.067858669
0.729112125,-0.685613178,0.100102537
0.51104346,-0.745866025,0.120723615
0.308248262,-0.859060845,-0.071614808
0.08138442,-1.101298209,-0.147350405
-0.059994496,-0.531072556,-0.007502
-0.045808242,-0.087632449,0.015368651
-0.041583108,-0.195690911,0.098227893
-0.046426829,-0.097297799,0.282317885
-0.041028254,-0.103007779,0.31268711
-0.04509593,-0.083422135,-0.021374362
-0.041418151,-0.061219574,-0.158223338
-0.043813769,-0.074161695,-0.200965209
-0.0421792,-0.047928781,-0.438670005
-0.042584093,-0.059896119,-0.370807911
-0.043063967,-0.043054865,-0.209213641
-0.042107969,-0.04568678,-0.16609684
-0.043123951,-0.043088608,-0.101234175
-0.042734054,-0.039770596,-0.028498007
-0.043285158,-0.03795225,0.076482029
-0.04301523,-0.035612771,0.000746431
-0.043986223,-0.037693558,0.007495148
-0.044964715,-0.0348067,-0.048369229
-0.045369608,-0.039399428,-0.279700236
-0.04668551,-0.038915786,-0.313443819
-0.046955439,-0.032845886,-0.406801066
-0.04770899,-0.033756933,-0.361059764
-0.048642494,-0.031068781,-0.217462072
-0.048518776,-0.033104579,-0.112107107
-0.049722208,-0.026787234,-0.03937094
-0.048743717,-0.022858108,-0.034871795
-0.050292058,-0.034083111,-0.014625646
-0.049654726,-0.014883632,-0.10835782
-0.049995886,-0.042050089,-0.100109389
-0.051184322,-0.017759242,-0.083987455
-0.049062383,-0.029584112,-0.120730468
-0.053272521,-0.027956974,-0.091860958
-0.048053899,-0.011093225,-0.074239309
-0.054554682,-0.058550168,-0.090736172
-0.048395059,0.026750857,-0.115856395
-0.053332505,-0.101140694,-0.044245013
-0.052275284,0.097670081,-0.060741876
-0.049418539,-0.33815547,-0.152599407
-0.303185277,-1.687202875,-0.239207937
-0.689636976,-1.800288969,-0.197590851
-1.00594095,-1.650787226,-0.32206718
-1.334076799,-1.775506982,-0.437920148
-1.638443925,-1.720757911,0.045362947
-1.928471088,-1.755257736,0.054361235
-2.212582313,-1.625150429,-0.005627357
-2.485802663,-1.61745714,0.3674267
-2.757950797,-1.63274249,0.273319596
-3.012703525,-1.633229881,0.253823304
-3.259275913,-1.673938326,0.317561183
-3.490481108,-1.677957432,0.285317315
-3.709865675,-1.712835923,0.204707644
-3.9184306,-1.72961719,0.037489444
-4.115658518,-1.758144594,0.163465487
-4.302021805,-1.767228823,0.034864943
-4.473539012,-1.76602909,-0.059992018
-4.631631015,-1.76940334,0.117724186
-4.776335303,-1.766542726,0.029241012
-4.909965016,-1.772923807,0.161965772
-5.032617627,-1.773606155,0.214830719
-5.142647321,-1.763847076,0.232827297
-5.238715702,-1.751399845,0.303313892
-5.321966218,-1.7412621,0.219329863
-5.392758774,-1.725204422,0.303688821
-5.450860931,-1.709154242,0.212956075
-5.497464875,-1.689508612,0.26919538
-5.531213463,-1.661596071,0.265071165
-5.552500341,-1.636135485,0.073482599
-5.562813868,-1.605347334,0.116224471
-5.561752898,-1.574169269,-0.055117945
-5.549984756,-1.543021198,-0.223460931
-5.528577909,-1.505949445,-0.335564613
-5.496902523,-1.469844976,-0.377556627
-5.455041077,-1.43013381,-0.391803918
-5.404624391,-1.389425366,-0.566520692
-5.346034863,-1.350419043,-0.411675139
-5.2796249,-1.307337376,-0.381305914
-5.205379505,-1.260469052,-0.455916725
-5.122308942,-1.214144357,-0.200590281
-5.030758118,-1.161014925,-0.107607963
-4.930772021,-1.102138023,-0.133852972
-4.82288676,-1.052240372,-0.096360102
-4.707465989,-0.99511433,-0.06524102
-4.584187294,-0.932795693,-0.247831297
-4.454265352,-0.875437202,-0.364434123
-4.317917607,-0.814322047,-0.29319767
-4.174979103,-0.752873216,-0.449542938
-4.024951221,-0.685114539,-0.530152608
-3.869667227,-0.625266602,-0.531652323
-3.712186313,-0.56733074,-0.608512706
-3.548901931,-0.48825708,-0.606638063
-3.376889854,-0.412538924,-0.573644337
-3.198579441,-0.335838486,-0.499783383
-3.014341842,-0.261222584,-0.475038089
-2.826778872,-0.193163973,-0.43717029
-2.634975771,-0.108893969,-0.383555486
-2.438793827,-0.036913731,-0.39967742
-2.238135565,0.054359715,-0.332565183
-2.032284924,0.126834843,-0.280450094
-1.826666721,0.207779337,-0.227585147
-1.614975123,0.295933477,-0.094485459
-1.405367973,0.361772581,-0.050243872
-1.190414736,0.478386641,-0.058492303
-0.976080085,0.529825198,-0.035996581
-0.761779176,0.699190023,-0.026998293
-0.54076004,0.740704538,-0.037121367
-0.333462281,0.877282906,0.021742438
-0.101983408,1.082767196,0.059610237
0.024909334,0.437670698,0.078356672
0.004282281,0.068853991,0.178462635
0.004754656,0.174512987,0.21445579
0.007742617,0.062255459,0.292815889
0.00352873,0.085234097,0.33855719
0.007570162,0.051251656,0.273694525
0.00409483,0.045039288,0.280443241
0.007139026,0.046257767,0.164965202
0.005399486,0.02134081,0.038239301
0.006302997,0.036776127,-0.032622223
0.006460455,0.020204813,-0.176594844
0.006006825,0.027032044,-0.205464354
0.007041552,0.019762411,-0.233958935
0.00652044,0.018030297,-0.266577732
0.007176516,0.013947455,-0.213712785
0.007180265,0.01482101,-0.224210789
0.00754017,0.00942971,-0.20958857
0.007566413,0.007472645,-0.197215922
0.00811002,0.014539823,-0.188592562
0.00928346,0.005579316,-0.135727616
0.010018266,0.011086841,-0.138352117
0.010813056,0.011776688,-0.12298004
0.011581603,0.005410604,-0.109107678
0.011915265,0.009770884,-0.08548717
0.012620079,0.004432071,-0.06524102
0.012218935,-0.001551597,-0.09710996
0.013167434,0.012005387,-0.079113382
0.013369881,-0.00059556,-0.097484888
0.013152438,0.006250417,-0.175095129
0.014644544,0.001305267,-0.254580014
0.01306996,0.002936154,-0.31044439
0.0159492,0.014888495,-0.296572028
0.013444861,-0.011524379,-0.248206226
0.015967945,0.025059983,-0.184843275
0.015338111,-0.020372411,-0.153349264
0.013973471,0.025629856,-0.120355539
0.018633491,-0.022295733,-0.099359532
0.01000327,0.010423239,-0.110232464
0.0248456,0.033990496,-0.127104255
-0.000381488,-0.104548686,-0.107607963
0.099345927,1.051626624,-0.161222767
0.453856062,1.946462568,-0.217087144
0.793426392,1.660866099,-0.074989166
1.098895726,1.706384723,-0.232084291
1.412001795,1.689757172,-0.127479184
1.693469967,1.690518252,0.142844409
1.972028908,1.663801696,-0.063366376
2.235944216,1.548147423,0.136470621
2.500826769,1.565446075,0.140594836
2.751897969,1.529866489,0.047987447
2.986968394,1.551645395,0.17133899
3.214300862,1.565404834,-0.005252428
3.42985769,1.590164326,0.143594266
3.635322183,1.605468422,0.119598829
3.823533732,1.597490197,0.061859809
3.997858948,1.608299042,0.271819881
4.158215353,1.608737695,0.075357242
4.306871097,1.618939175,0.083980603
4.44477843,1.614488915,0.13947005
4.568679462,1.604141217,-0.044245013
4.678221785,1.590299296,0.048737305
4.774263923,1.569521418,0.043113374
4.857589419,1.557456602,0.022117367
4.928423214,1.547547556,0.099352679
4.987035236,1.52649224,0.109100826
5.032094588,1.497623662,0.085105389
5.064141125,1.476129693,0.082105959
5.084618218,1.451955071,0.169464346
5.093285929,1.421178167,0.044988018
5.091025276,1.393610549,0.002996003
5.078379865,1.365769243,-0.050243872
5.0547686,1.328483787,-0.236958365
5.021421156,1.294456356,-0.295072313
4.979316025,1.265775236,-0.341938401
4.928760625,1.223975785,-0.22383586
4.869934909,1.186266673,-0.276700807
4.802081577,1.141115467,-0.272576591
4.725654259,1.092927436,-0.099359532
4.640326792,1.049617071,-0.24108258
4.546177904,0.991231309,-0.221961217
4.444448517,0.943024532,-0.133478043
4.334497552,0.885632299,-0.195341279
4.217179782,0.824187217,-0.220461502
4.093454954,0.772759907,-0.242582295
3.962678238,0.707768115,-0.242582295
3.825033336,0.648651265,-0.347562331
3.680943886,0.589301967,-0.348687117
3.533022947,0.533356912,-0.300696244
3.381334253,0.471008282,-0.368933267
3.222271257,0.393408044,-0.343813044
3.055440312,0.317944831,-0.367433552
2.881238814,0.241941738,-0.437920148
2.70296589,0.176005155,-0.496409025
2.520014202,0.102697712,-0.510656316
2.332979842,0.032457087,-0.47766259
2.141641619,-0.056649341,-0.480287091
1.944200007,-0.127111167,-0.410925281
1.746304765,-0.205078823,-0.369683124
1.542268645,-0.293289201,-0.347562331
1.339488443,-0.358494696,-0.274451235
1.130946013,-0.477410743,-0.236958365
0.923160883,-0.531155037,-0.190467206
0.71584063,-0.686970376,-0.115856395
0.501378513,-0.733808707,-0.107607963
0.300491561,-0.869498523,-0.084362384
0.076548197,-1.070378837,-0.00187807
-0.048181365,-0.453457321,0.007870077
-0.028892709,-0.086575184,0.096728178
-0.028611533,-0.18674915,0.190085425
-0.031621988,-0.07881816,0.249324159
-0.027209403,-0.100795771,0.290566316
-0.030935919,-0.06946399,0.209581717
-0.027393105,-0.060184805,0.250823874
-0.030084894,-0.065069968,0.216705362
-0.028270373,-0.04411213,0.133471191
-0.029117649,-0.057357933,0.203582858
-0.029316347,-0.035848968,0.148468339
-0.028577792,-0.043366046,0.120723615
-0.029541288,-0.034555506,0.091479177
-0.029140144,-0.03174738,-0.003377784
-0.029616268,-0.030465166,-0.029247865
-0.029312598,-0.030836333,-0.097859817
-0.02964626,-0.03219728,-0.107233034
-0.029829961,-0.02505137,-0.156348694
-0.030077396,-0.031151263,-0.264703088
-0.030875935,-0.030247714,-0.282699666
-0.031861925,-0.029610356,-0.328440967
-0.032566739,-0.026547287,-0.36218455
-0.033376525,-0.024665206,-0.346437545
-0.033665199,-0.023128048,-0.280450094
-0.03381141,-0.023896627,-0.235833578
-0.0346062,-0.021864579,-0.256829586
-0.034220052,-0.021512157,-0.248956083
-0.03532601,-0.024204058,-0.262828445
-0.034928615,-0.015326033,-0.263203374
-0.03608331,-0.029359162,-0.232834149
-0.036240768,-0.012112998,-0.20958857
-0.035697162,-0.028245659,-0.185593133
-0.037905329,-0.018546567,-0.181843846
-0.034954858,-0.01493612,-0.142851261
-0.039135004,-0.032493464,-0.193841564
-0.034868631,0.004675767,-0.239582866
-0.038985044,-0.057309194,-0.233958935
-0.037084296,0.026462171,-0.273326449
-0.035685915,-0.078094571,-0.237333293
-0.04350635,0.048259822,-0.257579443
-0.023430401,-0.123763162,-0.201715067
-0.217108007,-1.482423428,-0.226085432
-0.597992427,-1.861569088,-0.146600548
-0.914682549,-1.604443785,0.002246146
-1.227743629,-1.732444061,-0.120355539
-1.529486448,-1.67688517,0.246699658
-1.80785044,-1.714920459,0.286817029
-2.082165502,-1.618998047,0.084355531
-2.343966368,-1.565077542,0.316061468
-2.606037163,-1.582087508,0.134595977
-2.84856062,-1.553856288,0.153717341
-3.080549359,-1.597031684,0.209206788
-3.302359535,-1.607229415,0.147718482
-3.51384119,-1.638100048,0.271819881
-3.712947362,-1.640420782,0.107601111
-3.894650629,-1.641834217,0.158591414
-4.063704737,-1.654401422,0.181087136
-4.218632575,-1.653902783,0.010494577
-4.363449334,-1.663950548,0.148843268
-4.495913104,-1.654738847,0.115849542
-4.613092161,-1.642044171,0.031865513
-4.717164678,-1.633173644,0.133096262
-4.807407098,-1.61750213,0.125597688
-4.885487729,-1.607075699,0.101602252
-4.95220886,-1.59134045,0.158966343
-5.005448551,-1.565148776,0.206582288
-5.045795397,-1.543579824,0.107601111
-5.073564314,-1.517009485,0.111725326
-5.089096462,-1.489494355,0.034864943
-5.093887697,-1.465608419,-0.218586858
-5.087649344,-1.430302523,-0.234333864
-5.070478879,-1.395592744,-0.294697384
-5.043324799,-1.361883992,-0.353186262
-5.006708219,-1.32844893,-0.357310477
-4.96156264,-1.296880952,-0.333689969
-4.908367937,-1.256712388,-0.224210789
-4.846647986,-1.216123916,-0.284949238
-4.776192841,-1.170609041,-0.141351546
-4.696743821,-1.121082558,-0.02474872
-4.608158463,-1.069201599,-0.164972054
-4.511167826,-1.01345525,-0.077613667
-4.406045585,-0.95996215,-0.085112241
-4.293136651,-0.901242712,-0.233958935
-4.173179578,-0.844289131,-0.238458079
-4.046485534,-0.789007678,-0.178844416
-3.913485656,-0.726212897,-0.205089425
-3.773043992,-0.660594994,-0.261703659
-3.626768869,-0.605118584,-0.199090566
-3.477820701,-0.548262482,-0.250455798
-3.323087812,-0.471637027,-0.351311618
-3.16048575,-0.394134268,-0.337814185
-2.989677105,-0.312766118,-0.335939541
-2.812960021,-0.24505618,-0.363684265
-2.633120011,-0.172731019,-0.348687117
-2.448252579,-0.096386751,-0.30182103
-2.260802079,-0.020721083,-0.327316181
-2.066232209,0.069213911,-0.300321315
-1.869206738,0.126808599,-0.224585718
-1.668904631,0.230911691,-0.248581154
-1.464429877,0.294546286,-0.265452946
-1.260933614,0.387270659,-0.243707081
-1.050340475,0.485869976,-0.303695673
-0.846544292,0.575591267,-0.337814185
-0.631913469,0.717774639,-0.294697384
-0.427213774,0.724939295,-0.305945245
-0.214322492,1.018251548,-0.221961217
-0.014781435,0.823369899,-0.118855824
0.021051602,0.133388385,-0.064491163
-0.001270003,0.130377805,0.047612519
0.009740839,0.119628946,0.089229604
0.00337502,0.051645319,0.115099685
0.006666651,0.089163223,0.072732742
0.005451972,0.031722251,0.093728749
0.005212035,0.051566586,0.2002085
0.006659153,0.028074312,0.100852394
0.004987094,0.030657488,0.121098544
0.007056548,0.029142825,0.19720907
0.005564442,0.021535767,0.10497661
0.006719137,0.02017482,0.127847261
0.006471702,0.012867695,0.136095692
0.006475451,0.019927375,0.167964631
0.007318979,0.007881304,0.21745522
0.00704905,0.015124693,0.115849542
0.007641394,0.009062291,0.041238731
0.007750115,0.005639303,-0.077613667
0.00829747,0.016118222,-0.164222197
0.009478408,0.011409269,-0.1747202
0.010138234,0.011821678,-0.195716208
0.011090483,0.013268856,-0.173595414
0.011844034,0.009275994,-0.172845557
0.011679077,0.00583426,-0.187092848
0.012560095,0.005549323,-0.237333293
0.012282668,0.001556461,-0.271451805
0.013159936,0.005043186,-0.268452375
0.013437363,-0.000651798,-0.254205085
0.013324893,0.010588202,-0.224210789
0.014764513,0.000461705,-0.251580584
0.013096203,0.003663492,-0.237708222
0.015904212,0.009126027,-0.182968632
0.013471104,-0.012431677,-0.124104826
0.016001686,0.02754568,-0.031872366
0.015071931,-0.022726887,0.004870647
0.014295886,0.034492884,-0.012376073
0.018254841,-0.020068728,-0.125604541
0.010318187,0.012511524,-0.260953801
0.02511178,0.024070203,-0.405301351
-0.000718899,-0.095344483,-0.459291084
0.107548761,1.10670937,-0.427797073
0.466977597,1.957065209,-0.37380734
0.805179538,1.657559334,-0.157848409
1.111773576,1.723612141,-0.229834719
1.424238563,1.707175797,-0.07386438
1.705043161,1.722528632,0.172088847
1.983084739,1.689528473,-0.047619371
2.246272739,1.580232785,0.185211352
2.511024076,1.613652851,0.220079721
2.762174005,1.575250144,0.112100255
2.99694076,1.596050517,0.281942956
3.222578676,1.617664459,0.13947005
3.437254487,1.653041589,0.25194866
3.643180108,1.672848433,0.301814177
3.832013993,1.657278147,0.23470194
4.006957795,1.676256425,0.390672279
4.167104255,1.678003536,0.217080291
4.315148911,1.683567299,0.149968054
4.45295877,1.694417385,0.17133899
4.576649857,1.672840935,-0.005252428
4.686105953,1.66485896,0.043113374
4.781799433,1.655857213,0.109100826
4.86481751,1.635997881,0.142094551
4.936262394,1.635450502,0.209956646
4.995777928,1.614417681,0.252323589
5.041789528,1.589718175,0.203957787
5.074525883,1.565948463,0.181087136
5.09521292,1.535538978,0.235451797
5.103873133,1.511083168,0.051736734
5.101327555,1.480666184,-0.034496867
5.088224765,1.446128867,-0.116981181
5.064249846,1.412176419,-0.318692821
5.030175095,1.379228749,-0.392178846
4.987485118,1.33498859,-0.479162305
4.936641044,1.301815969,-0.404551494
4.877627878,1.270675396,-0.418798784
4.810156945,1.218771942,-0.436045504
4.734025799,1.176743791,-0.222711074
4.649140714,1.120832479,-0.267702518
4.555512938,1.060988291,-0.254205085
4.453888524,1.012492829,-0.129728756
4.344346201,0.949109428,-0.2152125
4.227088415,0.897802092,-0.245956653
4.10320238,0.842486897,-0.212587999
3.973295434,0.779973303,-0.208463783
3.836505307,0.714651584,-0.302195958
3.692715777,0.644658403,-0.295822171
3.545192234,0.598172494,-0.20958857
3.394230848,0.529551509,-0.277450664
3.236513746,0.451265174,-0.268827304
3.071021198,0.376371834,-0.250455798
2.897494521,0.288693838,-0.332565183
2.719712718,0.225944046,-0.387679702
2.537814501,0.152250439,-0.409800495
2.351736139,0.079475378,-0.404176565
2.162182445,-0.006013105,-0.372682554
1.965940516,-0.083620841,-0.309319604
1.769162479,-0.164156676,-0.250455798
1.566318544,-0.264720556,-0.257204514
1.363853259,-0.318348626,-0.26132873
1.157646462,-0.439364206,-0.27295152
0.949002809,-0.506174344,-0.334439827
0.743935711,-0.644222386,-0.345312759
0.528645062,-0.725845479,-0.381680843
0.328399191,-0.818074962,-0.380556057
0.106217863,-1.080872753,-0.308194818
-0.042771544,-0.565673609,-0.265452946
-0.033890139,-0.084595624,-0.11998061
-0.026969467,-0.187941385,-0.029247865
-0.033327788,-0.097537745,0.048362376
-0.027284384,-0.093211208,0.174338419
-0.03150202,-0.083707072,0.167964631
-0.028150405,-0.060289781,0.233577154
-0.03055352,-0.073940495,0.209581717
-0.029515045,-0.041532704,0.104226752
-0.029301351,-0.051816666,0.14809341
-0.030122384,-0.040674145,0.096728178
-0.029402574,-0.043279815,0.043113374
-0.030294839,-0.03561652,0.013494007
-0.029638762,-0.033010849,-0.043120227
-0.030268596,-0.035991436,-0.018000004
-0.030066149,-0.029831557,-0.044619942
-0.030388564,-0.029764072,-0.029247865
-0.03063225,-0.02702718,0.001496289
-0.030602257,-0.027109662,-0.016875218
-0.031562004,-0.02882678,0.00112136
-0.032383037,-0.02855684,-0.009751572
-0.032919146,-0.025433785,-0.009376644
-0.034010108,-0.030791343,-0.01912479
-0.034373762,-0.026862217,0.010494577
-0.034433746,-0.028545593,-0.014250717
-0.035281022,-0.024042844,-0.107607963
-0.034936113,-0.021253465,-0.146225619
-0.036030824,-0.025216333,-0.278200522
-0.035468472,-0.014962364,-0.372682554
-0.036514446,-0.029614105,-0.424797643
-0.036555685,-0.01035089,-0.463790228
-0.036117051,-0.028189422,-0.40267685
-0.038092779,-0.015056093,-0.358435263
-0.03517605,-0.017920456,-0.274451235
-0.03956614,-0.033805673,-0.211838142
-0.035191046,0.003247335,-0.125604541
-0.039689858,-0.059232516,-0.032247294
-0.037264248,0.031737247,-0.013875788
-0.036983072,-0.08339964,0.029241012
-0.043532593,0.056054338,-0.033747009
-0.025237424,-0.152710472,-0.086237027
-0.228317547,-1.524496569,-0.230209648
-0.610727814,-1.857639962,-0.230209648
-0.926544416,-1.619714138,-0.182218774
-1.240936395,-1.757690945,-0.389929274
-1.541636989,-1.705989946,-0.095985173
-1.820075962,-1.748299284,-0.071614808
-2.093554994,-1.648635205,-0.245956653
-2.354381118,-1.609272711,0.026241583
-2.616301952,-1.632926199,-0.040870654
-2.858139341,-1.610888601,0.061859809
-3.088680961,-1.652931749,0.229827867
-3.308672868,-1.668329574,0.295440389
-3.519299748,-1.706323622,0.464533233
-3.71836843,-1.70961164,0.359928126
-3.900199164,-1.717912294,0.441662582
-4.068990841,-1.727322701,0.464533233
-4.22331134,-1.728413708,0.281193099
-4.367764444,-1.744936282,0.353554338
-4.499947039,-1.735630852,0.275944097
-4.617058613,-1.724702034,0.117724186
-4.720759979,-1.712494749,0.082855817
-4.810267593,-1.698326651,0.049487162
-4.888014562,-1.693478979,0.049487162
-4.954420776,-1.679689547,0.095603392
-5.007525503,-1.657164557,0.199083714
-5.047598671,-1.632150122,0.15671677
-5.075611273,-1.607709309,0.219704792
-5.09152957,-1.582492418,0.250448945
-5.095964649,-1.552551578,0.073482599
-5.089831268,-1.520957356,0.104601681
-5.072312145,-1.488362107,0.050611948
-5.044442004,-1.453063709,-0.089236457
-5.00734555,-1.415414584,-0.223086003
-4.961802577,-1.380292397,-0.348312189
-4.908202981,-1.34206965,-0.408675709
-4.846340567,-1.302497203,-0.607762849
-4.776567742,-1.259209332,-0.535026681
-4.697673575,-1.204580234,-0.469414159
-4.609972984,-1.148196527,-0.600264275
-4.513769639,-1.093582426,-0.455916725
-4.409022299,-1.037303695,-0.406426137
-4.296488266,-0.97398778,-0.462290513
-4.17650495,-0.916096907,-0.385805059
-4.050223297,-0.858037323,-0.2152125
-3.917549582,-0.794001567,-0.16909627
-3.777921454,-0.72974836,-0.208463783
-3.63240738,-0.664464133,-0.066365806
-3.483489205,-0.608564068,-0.103108819
-3.330244672,-0.534409314,-0.202839853
-3.169359657,-0.456456654,-0.183718489
-3.00003562,-0.379550012,-0.254205085
-2.824499474,-0.29792317,-0.351686547
-2.645285549,-0.222133779,-0.42854693
-2.461111684,-0.145965723,-0.406426137
-2.2747334,-0.075136479,-0.421798214
-2.082206741,0.017374193,-0.439419863
-1.886305972,0.08935818,-0.343438115
-1.687480976,0.187338884,-0.298446671
-1.48377102,0.260143939,-0.245956653
-1.282299222,0.353959319,-0.18071906
-1.072339666,0.458621037,-0.173220486
-0.868760925,0.53013263,-0.139851831
-0.656788151,0.691451744,-0.084737312
-0.450015253,0.707168248,-0.116606252
-0.242402577,0.972515472,-0.09973446
-0.032428025,0.90545039,-0.06824045
0.024976816,0.198871319,-0.098234746
-0.000782632,0.107256698,-0.047619371
0.009309703,0.136447705,-0.060366947
0.004754656,0.049988188,-0.064866091
0.006153037,0.085110375,-0.064866091
0.006317993,0.027774379,-0.082862669
0.005163298,0.050959222,0.032615371
0.007240249,0.027616914,0.052861521
0.005122059,0.026383438,0.076856957
0.007127779,0.03370181,0.16833956
0.005890606,0.012549016,0.137220478
0.006906588,0.025626107,0.128597118
0.006932831,0.014899743,0.098977751
0.006599169,0.01707051,0.088104818
0.007356469,0.015934513,0.105351539
0.007090289,0.010067068,0.046487733
0.00780635,0.012706481,0.037864373
0.007877581,0.007581371,-0.06524102
0.008256231,0.006996501,-0.191591992
0.00939593,0.013197622,-0.207338997
0.01026945,0.008046267,-0.215587429
0.010974263,0.0052044,-0.209963498
0.011978998,0.008338702,-0.176594844
0.011881524,0.006194179,-0.109857535
0.012623828,0.00763011,-0.103483747
0.012867514,0.001938876,-0.073114523
0.012998729,0.002677462,-0.008251858
0.01401846,-0.004086034,0.016118508
0.013186179,0.006839036,0.036739586
0.01503819,0.006921518,-0.028498007
0.01371479,-0.004978335,-0.077613667
0.015626785,0.019462478,-0.110982321
0.014828246,-0.012397935,-0.144725904
0.014760764,0.022694259,-0.158598266
0.016995174,-0.013788875,-0.270701948
0.012871263,0.011326788,-0.296197099
0.019803182,0.014082425,-0.330315611
0.010411912,-0.038094718,-0.365933837
0.022611191,0.072573164,-0.312693962
0.007019058,-0.155424868,-0.304070602
0.048243172,0.686277895,-0.24108258
0.361337993,1.904408173,-0.219336716
0.72333865,1.743152794,-0.00187807
1.026318642,1.695414663,-0.001503141
1.343488637,1.753189311,-0.025498578
1.629238179,1.720414102,0.337807333
1.907470956,1.752731913,0.100852394
2.172435987,1.623528154,0.089979462
2.434251849,1.633107274,0.2433253
2.689844355,1.621826033,0.005245576
2.925769554,1.640005739,0.136845549
3.152835843,1.66841317,0.086980032
3.368201471,1.68792008,0.075357242
3.575405505,1.723987057,0.118848972
3.766856199,1.722059986,-0.044245013
3.943307103,1.740164709,0.099727608
4.10558675,1.73971106,0.076482029
4.254538667,1.747917984,0.053611378
4.393225794,1.758955529,0.263196521
4.519252514,1.752330752,0.220829578
4.631044243,1.736760466,0.26357145
4.727502521,1.71858076,0.37904949
4.811776517,1.716908632,0.351304766
4.884638526,1.704851314,0.336307618
4.944626435,1.684560828,0.373425559
4.992505042,1.664945191,0.305938393
5.027307102,1.642551423,0.154467198
5.049572472,1.618864192,0.149968054
5.06063955,1.588053546,-0.034121938
5.059848509,1.555158363,-0.169471199
5.04821908,1.524126516,-0.132728186
5.025803749,1.488018298,-0.238083151
4.992827457,1.444891642,-0.272201662
4.951022246,1.409439528,-0.334814755
4.900823002,1.375299623,-0.311569176
4.842885802,1.33260412,-0.317193106
4.776805752,1.288525176,-0.397427848
4.70209548,1.239407352,-0.18071906
4.619021168,1.187458908,-0.204339568
4.527204164,1.133609637,-0.332190254
4.427188075,1.076618564,-0.230584577
4.31928032,1.018761434,-0.349436975
4.203432162,0.958778528,-0.487035808
4.080790798,0.900681451,-0.479537234
3.952098532,0.838865202,-0.450667724
3.817089184,0.768047206,-0.519654604
3.675275383,0.700614706,-0.553398187
3.528456653,0.649187396,-0.47203866
3.37896113,0.588537138,-0.53540161
3.224014547,0.509384745,-0.534651752
3.060906369,0.428770178,-0.424422715
2.889565365,0.345519947,-0.371932697
2.713125707,0.275159348,-0.32769111
2.532258469,0.195500818,-0.239582866
2.347522252,0.122856978,-0.144350976
2.159820568,0.037972111,-0.119230753
1.965070746,-0.051854158,-0.079488311
1.769859795,-0.127261133,-0.029247865
1.569456466,-0.222613672,-0.079113382
1.368460792,-0.287961636,-0.179969202
1.16439468,-0.412786369,-0.238833008
0.957010694,-0.480946206,-0.31906775
0.754455433,-0.612204508,-0.352061476
0.540533173,-0.710773831,-0.329940682
0.341670687,-0.785374736,-0.307070032
0.122304864,-1.071469845,-0.191591992
-0.037549173,-0.618994248,-0.098234746
-0.035633429,-0.092716318,-0.026248435
-0.025286161,-0.17964823,0.04723759
-0.033061608,-0.103262722,0.086230175
-0.02669204,-0.092825044,0.076856957
-0.030954664,-0.084644364,0.021742438
-0.027857982,-0.056645592,0.085105389
-0.029597523,-0.075301442,0.125597688
-0.028843972,-0.041480215,0.082855817
-0.028810231,-0.054591049,0.104226752
-0.029665005,-0.037491103,0.044613089
-0.028461573,-0.041915119,-0.043495155
-0.029886197,-0.041941363,-0.10835782
-0.029177634,-0.029205446,-0.201715067
-0.029612519,-0.035001657,-0.18071906
-0.029488801,-0.032703418,-0.182968632
-0.029728738,-0.030753851,-0.169471199
-0.030216109,-0.029419148,-0.072364665
-0.029964926,-0.030341443,-0.054368088
-0.030834696,-0.030881323,0.026616511
-0.031719462,-0.028890516,0.125597688
-0.032405531,-0.026794732,0.124472902
-0.033399019,-0.028436867,0.096728178
-0.033950123,-0.022456947,0.092229034
-0.0338489,-0.027135906,0.056610808
-0.034598702,-0.025388795,-0.047244442
-0.034452491,-0.019052704,-0.097859817
-0.035277273,-0.029827807,-0.204714496
-0.035198544,-0.014876133,-0.361434693
-0.035262277,-0.031627407,-0.410175424
-0.036488203,-0.021073505,-0.423672857
-0.03494736,-0.019322644,-0.370432982
-0.03778911,-0.029227941,-0.339688828
-0.03502234,-0.007347808,-0.288698525
-0.037860341,-0.042140069,-0.200590281
-0.036383231,0.007105227,-0.162347553
-0.036064565,-0.052720215,-0.050243872
-0.039749842,0.004008416,0.020992581
-0.032045626,-0.035312837,0.085480317
-0.04642308,-0.030780096,0.074982314
-0.020090033,0.06148313,0.046487733
-0.137793951,-1.139895873,-0.03937094
-0.502898788,-1.916764309,-0.092985744
-0.83954489,-1.637076526,0.055111093
-1.146735021,-1.744703834,-0.152974336
-1.457407981,-1.741164621,-0.01612536
-1.736443047,-1.762666088,0.167214774
-2.012647609,-1.724533321,-0.133852972
-2.273357514,-1.633402343,0.050611948
-2.534753487,-1.674901862,0.058485451
-2.78107844,-1.648875151,0.028491155
-3.011515089,-1.687109146,0.221954364
-3.233374002,-1.713698231,0.202833001
-3.44461572,-1.748171813,0.389922422
-3.646020035,-1.767768703,0.356178839
-3.830452582,-1.769129651,0.297689962
-4.000845087,-1.784482485,0.43378908
-4.157010098,-1.788704046,0.216705362
-4.302235498,-1.802860897,0.201708214
-4.435853964,-1.80145496,0.220079721
-4.555788543,-1.793255534,-0.022874077
-4.661311927,-1.780260925,-0.007502
-4.752476603,-1.770325635,0.030740727
-4.831918125,-1.759175615,0.053611378
-4.898729233,-1.74274302,0.119598829
-4.953551006,-1.726854055,0.214830719
-4.99564489,-1.698577845,0.217080291
-5.024579749,-1.675378006,0.163090558
-5.042466276,-1.651424584,0.241825585
-5.048978306,-1.619226746,0.098227893
-5.044655698,-1.590849309,0.076482029
-5.029869602,-1.554917302,0.129721904
-5.00439133,-1.51622216,-0.029247865
-4.969045664,-1.479240386,-0.148100263
-4.924732366,-1.439600454,-0.274451235
-4.872324955,-1.401355212,-0.296572028
-4.811939651,-1.358577228,-0.458541226
-4.74336276,-1.310175495,-0.526028392
-4.66633935,-1.261698778,-0.401177135
-4.581008133,-1.207662049,-0.585642056
-4.487042946,-1.148530203,-0.600639204
-4.38459375,-1.094523466,-0.522654034
-4.273994206,-1.03512543,-0.592015844
-4.155735435,-0.970501055,-0.513655745
-4.031140836,-0.908647315,-0.364059194
-3.900109188,-0.84280821,-0.277450664
-3.76214562,-0.77465962,-0.329565754
-3.617685018,-0.707399582,-0.273701377
-3.470067749,-0.649804894,-0.281199951
-3.319008889,-0.584468178,-0.421423285
-3.160905639,-0.50390235,-0.347562331
-2.994700779,-0.418140178,-0.303320745
-2.821076628,-0.342092094,-0.334439827
-2.643497271,-0.265995272,-0.369308196
-2.460725535,-0.182553834,-0.397802777
-2.275423218,-0.111874556,-0.394428419
-2.084801056,-0.017358081,-0.429671716
-1.890032488,0.055885626,-0.363309337
-1.693464396,0.15202174,-0.294697384
-1.49119031,0.229648222,-0.277450664
-1.291371826,0.31929828,-0.212962928
-1.083856625,0.432710551,-0.213712785
-0.881357599,0.498388441,-0.203214782
-0.672387781,0.671618656,-0.084737312
-0.465386194,0.691346768,-0.034121938
-0.261702481,0.929313832,0.015743579
-0.047060411,0.944415473,0.109475754
0.026540153,0.244172491,0.110975469
4.66e-06,0.091408974,0.118099114
0.008496168,0.145528185,0.077981743
0.005718151,0.045282984,0.04161366
0.005628175,0.081106265,0.010494577
0.007221504,0.035238968,-0.015750432
0.005317007,0.048848441,0.068608526
0.007686382,0.033296901,0.015368651
0.005463219,0.025862304,-0.028498007
0.007169018,0.031246107,-0.009001715
0.006426714,0.017449176,-0.072739594
0.006861599,0.023024186,-0.049868943
0.007079042,0.009399716,-0.004877499
0.006989066,0.014356114,0.056610808
0.007585158,0.011038102,0.106851253
0.007052799,0.011131831,0.108350968
0.007862585,0.011015607,0.1192239
0.007952561,0.008522412,0.065234168
0.008192498,0.010914379,0.040863802
0.008946049,0.003663492,0.046487733
0.009819568,0.008473672,0.022117367
0.010730578,0.01028077,-0.056992589
0.011431643,0.005568069,-0.181843846
0.01200899,0.004537048,-0.2557048
0.012117712,0.008087508,-0.314943534
0.012908753,0.002894913,-0.305195388
0.0127288,-0.003617388,-0.238833008
0.013684798,0.009197261,-0.221211359
0.013636061,-0.002406407,-0.212587999
0.013905989,0.009849616,-0.189717348
0.015026943,-0.000119416,-0.132728186
0.013703543,0.003832205,-0.05661766
0.016534045,0.006794046,0.031865513
0.013587323,-0.008386327,0.145093981
0.016661512,0.023609056,0.135345835
0.014708277,-0.029130463,0.075357242
0.01534186,0.035130243,0.042363517
0.017864944,-0.035901456,-0.10835782
0.011146718,0.025577368,-0.223086003
0.024965569,0.003273579,-0.306320174
-0.001236262,-0.05530714,-0.295447242
0.12963043,1.227856171,-0.308944675
0.496602274,1.960814375,-0.31606832
0.826601381,1.652959108,-0.11135725
1.133052956,1.754205335,-0.262078588
1.440370553,1.734555956,-0.048744157
1.717321169,1.76038771,0.259072306
1.990927668,1.725850393,0.031115656
2.249748071,1.645025872,0.29244096
2.509576958,1.672391035,0.288691673
2.752692759,1.637103884,0.208456931
2.981877238,1.689071074,0.4105435
3.202813895,1.712803295,0.334058046
3.412117375,1.73858631,0.503150889
3.610248804,1.761846136,0.408293928
3.79082362,1.760215248,0.189335567
3.958194422,1.777926309,0.172088847
4.11179886,1.779519704,-0.171345842
4.254115028,1.786556889,-0.260953801
4.384989219,1.790351045,-0.143601118
4.501388481,1.783786255,-0.195341279
4.603515262,1.771571472,-0.03937094
4.691658237,1.754257824,0.170964061
4.767223282,1.741458171,0.254198232
4.831410082,1.729352114,0.328059186
4.883210154,1.708746698,0.447286513
4.921723733,1.682603763,0.434164008
4.948172999,1.656254624,0.371550916
4.962876616,1.626748688,0.347930407
4.966348199,1.599008609,0.102352109
4.959056375,1.562506729,-0.057367517
4.940659983,1.52006242,-0.151474621
4.912006299,1.489412988,-0.287948668
4.873507716,1.454039607,-0.33069054
4.826461389,1.413406146,-0.424047786
4.771632118,1.371786654,-0.39967742
4.708566272,1.328007643,-0.525278535
4.63726385,1.280093301,-0.631758286
4.557147507,1.222824791,-0.474288232
4.468933301,1.170355212,-0.540275683
4.372636231,1.1182643,-0.468664301
4.268136326,1.053501207,-0.270327019
4.155808488,0.990350254,-0.274826163
4.036252559,0.93283055,-0.28457431
3.910641979,0.868461119,-0.245956653
3.778519369,0.801992155,-0.283824452
3.639131177,0.736145552,-0.407550923
3.494329415,0.674430531,-0.409800495
3.346880852,0.610904662,-0.439419863
3.19473103,0.540532816,-0.549273972
3.035536818,0.462718876,-0.62201014
2.867794864,0.376011914,-0.632133214
2.694174462,0.301785925,-0.631008428
2.516212706,0.22044402,-0.606263134
2.333384735,0.146128051,-0.422548071
2.148191139,0.059983464,-0.268077447
1.955878173,-0.02631109,-0.192341849
1.762271799,-0.098126364,-0.078363524
1.564046644,-0.200294887,-0.012376073
1.364479344,-0.268203531,-0.054743016
1.16333371,-0.388990412,-0.054368088
0.958007931,-0.465968288,-0.050618801
0.757743314,-0.595059572,-0.113981751
0.546707792,-0.699233898,-0.125229612
0.349656078,-0.764746825,-0.179969202
0.133158248,-1.061230872,-0.24108258
-0.032300559,-0.654690057,-0.20958857
-0.035299767,-0.102377919,-0.124854683
-0.023044253,-0.176150258,-0.071614808
-0.031404546,-0.105448486,-0.008251858
-0.024480124,-0.088446018,0.056610808
-0.028911454,-0.089510781,-0.034871795
-0.025964732,-0.051722937,-0.017625075
-0.027603049,-0.074397893,0.112100255
-0.02733687,-0.041352744,0.099352679
-0.026583319,-0.052161589,0.162340701
-0.027768006,-0.038375906,0.244450086
-0.026485844,-0.037408621,0.182961779
-0.027663034,-0.037419869,0.097852965
-0.027269388,-0.030075252,-0.006752143
-0.027891723,-0.035245352,-0.03937094
-0.02767803,-0.025924926,-0.103108819
-0.027543065,-0.03026646,-0.16609684
-0.028202891,-0.029805312,-0.134602829
-0.028105417,-0.025373798,-0.214837571
-0.028427832,-0.026213611,-0.210713356
-0.029061414,-0.026723498,-0.135352687
-0.0302536,-0.027552064,-0.073489451
-0.030898429,-0.026708501,0.034115085
-0.031453283,-0.024264045,0.0761071
-0.03188067,-0.021530903,0.070858098
-0.032210583,-0.025422537,-0.003752713
-0.032649217,-0.019588835,-0.062991448
-0.032401782,-0.023945366,-0.109107678
-0.033575222,-0.024312784,-0.201715067
-0.032810424,-0.015209809,-0.237708222
-0.034163817,-0.030487661,-0.276325878
-0.033920131,-0.011246941,-0.278950379
-0.033815159,-0.032189782,-0.27295152
-0.035562198,-0.016851944,-0.287948668
-0.032889154,-0.025587501,-0.202089996
-0.037039308,-0.032006073,-0.146225619
-0.032323053,0.001526468,-0.058492303
-0.037646647,-0.054084911,-0.005627357
-0.03362021,0.031534792,0.00412079
-0.035322261,-0.088764697,0.051736734
-0.038865075,0.075816192,0.001871217
-0.026512088,-0.226591537,0.025116797
-0.248142312,-1.598257661,-0.025123649
-0.627928272,-1.839670209,0.101602252
-0.937731462,-1.634485852,0.118474043
-1.250785044,-1.781955548,-0.123354969
-1.546409479,-1.73708178,0.135345835
-1.821852992,-1.790976041,-0.025498578
-2.090761982,-1.692912855,-0.228335005
-2.348210247,-1.665442716,0.035239872
-2.603937717,-1.684188546,-0.067865521
-2.838569508,-1.672101235,0.091104248
-3.064983469,-1.726302927,0.266195951
-3.280622775,-1.744673841,0.280443241
-3.48543869,-1.780002232,0.453285372
-3.677373006,-1.784872399,0.392921851
-3.852140605,-1.795051384,0.474281379
-4.014379013,-1.809286968,0.506900176
-4.162974773,-1.813819709,0.282317885
-4.301065807,-1.826004499,0.307438108
-4.426436451,-1.816519109,0.195334427
-4.536361173,-1.806032692,0.002621075
-4.633130619,-1.79826442,0.031865513
-4.716594829,-1.781918056,0.020992581
-4.787698552,-1.77070805,0.007495148
-4.847300313,-1.753244434,0.023992011
-4.893165702,-1.72624669,0.05023702
-4.926314448,-1.701877111,-0.049119086
-4.948126188,-1.672239954,-0.026998293
-4.958428468,-1.647589187,0.039739016
-4.95834599,-1.620760155,-0.054368088
-4.947680056,-1.579320624,0.071982884
-4.926321946,-1.541982679,0.101227323
-4.895152677,-1.504029872,0.003745861
-4.854607134,-1.462961508,-0.062616519
-4.805318899,-1.422785445,-0.131978329
-4.748206481,-1.380198668,-0.196466065
-4.683089926,-1.335763553,-0.424047786
-4.608904516,-1.282375429,-0.40567628
-4.526175113,-1.227547625,-0.425172572
-4.435385338,-1.171497594,-0.654254008
-4.336591426,-1.112616942,-0.606638063
-4.229943339,-1.054553608,-0.623134926
-4.115362346,-0.992756105,-0.698495594
-3.993946908,-0.930894866,-0.596140059
-3.866086922,-0.863428623,-0.476912733
-3.730965104,-0.792561888,-0.455541797
-3.589027585,-0.727712563,-0.432671146
-3.443427284,-0.666185,-0.309694532
-3.29435165,-0.599119919,-0.312693962
-3.139603764,-0.526498573,-0.359934978
-2.977204149,-0.442153586,-0.294322456
-2.806417999,-0.360238058,-0.299571458
-2.631672893,-0.282911509,-0.406051208
-2.451637935,-0.202795581,-0.467914444
-2.268630012,-0.133732194,-0.440544649
-2.080639655,-0.033104579,-0.435295647
-1.887445671,0.041417594,-0.415049497
-1.693141981,0.13183998,-0.321692251
-1.492577444,0.214816522,-0.305570317
-1.29457723,0.294700002,-0.268452375
-1.08936767,0.41783386,-0.190467206
-0.887989597,0.482469482,-0.197215922
-0.682712555,0.652482913,-0.107233034
-0.476097116,0.680871598,0.024741868
-0.276274883,0.886558343,0.095978321
-0.060178197,0.97081335,0.161965772
0.02693005,0.293024124,0.2433253
0.001196845,0.079426639,0.302938963
0.007791354,0.152130466,0.23470194
0.006261758,0.047851163,0.193084854
0.005200788,0.087172416,0.10197718
0.007648892,0.041267627,-0.050993729
0.005114561,0.047746186,-0.047244442
0.007866334,0.039824199,-0.048744157
0.005661916,0.02579107,-0.053993159
0.007333975,0.034635353,0.014243864
0.006775372,0.014701037,0.069733312
0.006891592,0.019923625,0.090354391
0.00750268,0.015079703,0.066733882
0.007184014,0.014378609,0.097103107
0.007813848,0.007611364,0.124472902
0.007536421,0.011026854,0.049487162
0.008353705,0.01140552,0.011619364
0.008391196,0.007468896,-0.032997152
0.008537407,0.007453899,-0.127479184
0.009692102,0.003892192,-0.16609684
0.010535629,0.007240197,-0.150349835
0.011105479,0.010404493,-0.169471199
0.012072723,0.008229977,-0.218586858
0.012380142,0.005346868,-0.2152125
0.013021223,0.009677155,-0.291697955
0.013088705,0.002857422,-0.320567465
0.013208673,0.008938569,-0.263203374
0.014262145,0.004840731,-0.295447242
0.013381128,0.004109643,-0.221961217
0.015169406,0.005020691,-0.150349835
0.01405595,-0.008071397,-0.107233034
0.015772996,0.018082785,-0.019874647
0.015143163,-0.011149462,-0.007502
0.014704528,0.021948175,0.070483169
0.017407565,-0.007137855,0.130096833
0.013066211,0.007510137,0.141719622
0.020343039,0.016515633,0.046487733
0.011247941,-0.041150289,-0.038246154
0.022382501,0.079610348,-0.080988025
0.009039774,-0.153805229,-0.285699096
0.041719894,0.622995722,-0.321692251
0.345817092,1.888470468,-0.305195388
0.711461786,1.764350579,-0.109482607
1.015330293,1.7037903,-0.054368088
1.333598748,1.795791085,-0.066740735
1.620757918,1.761816142,0.313062038
1.89961678,1.803221932,0.086980032
2.165710263,1.687683883,0.109100826
2.426648857,1.701083402,0.344930978
2.682994914,1.706088539,0.13947005
2.92063716,1.718168352,0.402295069
3.147609723,1.745432287,0.3674267
3.361082101,1.771713941,0.310062609
3.568031202,1.808736955,0.427790221
3.76136015,1.818308576,0.23170251
3.939434376,1.839262664,0.35880334
4.102872467,1.838692791,0.266195951
4.25225552,1.848601837,0.094478606
4.391186332,1.861701423,0.176587992
4.518071576,1.85879207,-0.062616519
4.631726563,1.852834645,-0.145850691
4.73080165,1.840196207,-0.059242161
4.816245337,1.821180437,0.01836808
4.889898387,1.816501478,0.203582858
4.951749554,1.798119317,0.352804481
5.000621649,1.766922506,0.428540078
5.036949556,1.752803147,0.362177698
5.060800757,1.724140773,0.401170283
5.072640131,1.691271835,0.250448945
5.073926041,1.658444137,0.077981743
5.064317329,1.622388408,0.121473473
5.044271372,1.590389276,-0.122230182
5.014373017,1.552050305,-0.274451235
4.974869699,1.51120689,-0.410175424
4.926732411,1.468567625,-0.521904177
4.870411033,1.427510508,-0.489660308
4.806231731,1.382284319,-0.538775968
4.733752121,1.323636115,-0.3393139
4.652631042,1.270131767,-0.36218455
4.563175915,1.222986005,-0.495284239
4.465776635,1.165623765,-0.385055201
4.360688136,1.102420325,-0.476537804
4.247625492,1.042242461,-0.503907599
4.127548451,0.981258527,-0.411675139
4.00137177,0.914137208,-0.371932697
3.868731797,0.848976703,-0.422548071
3.729197393,0.778983523,-0.48628595
3.58333841,0.71188095,-0.484411307
3.433966605,0.650019711,-0.59876456
3.281149459,0.580573909,-0.653129222
3.121782793,0.507667627,-0.651629507
2.954164556,0.416566642,-0.71124317
2.780199245,0.339753729,-0.772731477
2.602417442,0.26643129,-0.783229481
2.41944326,0.182528704,-0.713492742
2.234084707,0.107234203,-0.620135496
2.042356587,0.008252472,-0.413174854
1.846995676,-0.064406365,-0.2152125
1.649445343,-0.161176089,-0.125604541
1.446976309,-0.237021717,-0.058492303
1.246640461,-0.332992869,-0.073489451
1.038660383,-0.443776975,-0.138727045
0.837507251,-0.520252463,-0.108732749
0.628904837,-0.684608402,-0.043870084
0.424343855,-0.707470816,-0.052493444
0.219857854,-0.968330288,0.017243294
0.011000507,-0.921319496,0.050611948
-0.049932153,-0.234003639,0.040113945
-0.024300172,-0.129544376,0.10497661
-0.033676446,-0.15838671,0.086980032
-0.029222622,-0.070926165,0.14246948
-0.030272345,-0.108676518,0.150717911
-0.030714728,-0.055187166,0.107976039
-0.028907705,-0.073831769,0.149218196
-0.031187103,-0.054651036,0.059610237
-0.028911454,-0.049128514,0.082480888
-0.030576014,-0.053218854,0.140969765
-0.029593774,-0.038315919,0.117349257
-0.030036157,-0.046871516,0.15671677
-0.030197364,-0.034787954,0.091854105
-0.030103639,-0.036276373,0.036364658
-0.030587261,-0.032077307,-0.025123649
-0.030193615,-0.031297481,-0.121855254
-0.030703481,-0.031338721,-0.127479184
-0.030800955,-0.029805312,-0.181843846
-0.031453283,-0.03449177,-0.221961217
-0.032503006,-0.030660122,-0.218586858
-0.032975381,-0.027615799,-0.270701948
-0.034043849,-0.028631823,-0.267702518
-0.034924866,-0.02469145,-0.19796578
-0.034744913,-0.027630796,-0.156723623
-0.035723405,-0.027529569,-0.115481466
-0.035430982,-0.025343805,-0.068990307
-0.036072063,-0.03224227,-0.086611956
-0.036297004,-0.017421817,-0.110232464
-0.036154541,-0.032216026,-0.116606252
-0.037534177,-0.023139295,-0.162347553
-0.035903358,-0.023326754,-0.161222767
-0.038587649,-0.029355413,-0.122605111
-0.036139545,-0.004783379,-0.074239309
-0.038760103,-0.044704498,-0.058117375
-0.037586663,0.006220424,-0.079488311
-0.036968076,-0.050571943,-0.088111671
-0.040983266,0.000326735,-0.145475762
-0.032705452,-0.032478468,-0.164972054
-0.047202874,-0.039958054,-0.242207366
-0.02150341,0.071609628,-0.218961787
-0.132252915,-1.110476168,-0.25270537
-0.494950887,-1.926673355,-0.250455798
-0.835023584,-1.653021729,0.041988588
-1.142431157,-1.766419004,-0.091860958
-1.45461122,-1.776691718,0.190835282
-1.734681012,-1.800487675,0.536519544
-2.012141493,-1.772125234,0.243700229
-2.273668682,-1.680450627,0.469032378
-2.535379572,-1.733913734,0.452160586
-2.784688737,-1.718497164,0.286067172
-3.017775935,-1.752674561,0.358428411
-3.239091243,-1.775034587,0.247449516
-3.448837105,-1.814996948,0.348680265
-3.651771016,-1.847708421,0.274819311
-3.838415479,-1.851836253,0.271444953
-4.010847445,-1.868849968,0.385048349
-4.168178399,-1.870488353,0.134221048
-4.312916428,-1.88583369,0.065609096
-4.447877039,-1.889140454,0.010119649
-4.569483676,-1.881769594,-0.151099692
-4.677485156,-1.876918173,-0.081362954
-4.771004211,-1.859379575,0.026241583
-4.85178038,-1.850726499,0.10197718
-4.921568201,-1.841855973,0.190085425
-4.978493169,-1.819788382,0.378674561
-5.02332758,-1.797552078,0.382048919
-5.055107938,-1.765676669,0.346430693
-5.073924219,-1.735702087,0.404169712
-5.082235774,-1.707767051,0.163090558
-5.079491499,-1.674399473,0.0356148
-5.066501179,-1.639386012,-0.034121938
-5.043639716,-1.599817314,-0.220086573
-5.010438484,-1.561425854,-0.339688828
-4.968393336,-1.522569498,-0.395178276
-4.918306563,-1.482273462,-0.318692821
-4.860065692,-1.435491368,-0.421048356
-4.793487024,-1.387888208,-0.418798784
-4.718315624,-1.339426488,-0.288323597
-4.634701454,-1.280305889,-0.4660398
-4.542652012,-1.223198593,-0.468289373
-4.442339751,-1.164974045,-0.35956005
-4.334615698,-1.102160518,-0.452167438
-4.219446111,-1.042245096,-0.488535522
-4.097198393,-0.980117666,-0.427797073
-3.968888525,-0.914282311,-0.462665442
-3.834224086,-0.844379111,-0.601389061
-3.692095368,-0.769504517,-0.595765131
-3.54436188,-0.707242117,-0.604763419
-3.393981591,-0.647225468,-0.713117814
-3.238547636,-0.573070713,-0.704494454
-3.075488195,-0.487001109,-0.689872234
-2.90426716,-0.398985688,-0.729989605
-2.728048694,-0.331002061,-0.708618669
-2.547687571,-0.246263411,-0.587891628
-2.36334875,-0.170076609,-0.508406743
-2.176126939,-0.083909527,-0.439419863
-1.98196946,0.006771551,-0.273326449
-1.786784753,0.082579688,-0.168721341
-1.58578908,0.185681753,-0.124104826
-1.384692183,0.253402938,-0.070115093
-1.18077978,0.376465563,-0.04499487
-0.973579496,0.443556888,-0.090361243
-0.7715341,0.579059246,-0.091486029
-0.558702802,0.686637815,-0.089611386
-0.360927529,0.761482416,-0.157098552
-0.142075321,1.043003542,-0.116231323
0.015420589,0.590261754,-0.121480325
0.012012739,0.06840784,-0.061491733
0.002479007,0.159902487,0.076856957
0.010119489,0.079715325,0.13947005
0.00379116,0.065839661,0.245199944
0.008507415,0.06750804,0.265071165
0.005511956,0.035685119,0.322060327
0.007322728,0.048466026,0.332183402
0.006737882,0.021824453,0.259072306
0.006629161,0.029041597,0.298814748
0.007630147,0.015818289,0.232077439
0.006719137,0.023789016,0.158966343
0.007832593,0.017272965,0.147718482
0.007378963,0.015987001,0.057360665
0.008065032,0.017685373,-0.012376073
0.007798852,0.005628055,-0.076113952
0.008106271,0.01001083,-0.121480325
0.008533658,0.002759943,-0.174345272
0.00848867,0.005410604,-0.251205655
0.00966211,0.007735087,-0.251580584
0.010543127,0.006554099,-0.244456939
0.01117671,0.008376194,-0.22383586
0.012282668,-0.000599309,-0.121855254
0.012518856,0.002943653,-0.031122508
0.012961239,0.007787575,-0.015000574
0.013474853,-0.003553652,0.002621075
0.013399873,0.004207122,-0.023249006
0.014513329,9.8e-05,-0.103483747
0.01363981,-0.001214173,-0.203964639
0.015240637,0.013013912,-0.303695673
0.014389612,-0.006448008,-0.346437545
0.015199398,0.014183652,-0.403051779
0.015982941,-0.007775213,-0.36818341
0.014239651,0.010269523,-0.275950949
0.018247343,-0.001304153,-0.268452375
0.013234916,-0.006301791,-0.149225049
0.01988566,0.025378662,-0.051368658
0.012949992,-0.049713384,-0.008626786
0.019447026,0.083618207,0.059610237
0.015315617,-0.139869579,0.054736164
0.020118099,0.39688727,0.123723045
0.283531039,1.773086135,0.036739586
0.660081604,1.828258862,0.144719052
0.966791861,1.688043803,0.204332715
1.285037822,1.812872285,0.019867795
1.577629307,1.766540091,0.340431833
1.85587708,1.821607842,0.180337279
2.125067246,1.710415076,0.017618223
2.385128571,1.707681934,0.198708785
2.643858998,1.726821427,-0.041245583
2.884238022,1.730113195,0.124847831
3.113508728,1.760312727,0.236201655
3.328533197,1.779111045,0.279318455
3.536318327,1.829814766,0.462283661
3.732515267,1.83316652,0.343056334
3.912801409,1.851218755,0.454785087
4.078871305,1.859223224,0.432289365
4.230053882,1.862949895,0.263946379
4.370116896,1.880814671,0.33555776
4.498959123,1.87717798,0.178087706
4.615062213,1.870508214,0.073482599
4.716844086,1.855931456,0.078731601
4.804829601,1.843248028,-0.025123649
4.880859524,1.837466814,-0.059992018
4.944990089,1.818968429,-0.012751002
4.996940121,1.799686468,0.042738446
5.036713368,1.770203027,-0.013500859
5.063080155,1.73463094,0.094103678
5.077318895,1.709713982,0.108725897
5.080869208,1.672634731,0.005620504
5.073536144,1.642468941,0.09335382
5.055593382,1.609798709,0.060360095
5.027149643,1.561561939,0.040113945
4.989453348,1.520609799,-0.049868943
4.943115584,1.48041499,-0.131228471
4.888859912,1.44413806,-0.21221307
4.82717745,1.4001266,-0.461915585
4.756958493,1.345482506,-0.426672287
4.678311761,1.290763428,-0.470538945
4.591136031,1.236029353,-0.623134926
4.495210113,1.183612263,-0.521529248
4.391448763,1.123160711,-0.562021548
4.279968201,1.053786143,-0.649379935
4.16129329,0.992056125,-0.602888776
4.0364775,0.936635953,-0.528652893
3.905547075,0.872551459,-0.541775398
3.768243332,0.798872849,-0.533152038
3.624210117,0.731384111,-0.413174854
3.476120473,0.674546755,-0.443919007
3.3247317,0.602131614,-0.470538945
3.166677188,0.521622023,-0.429671716
3.000888468,0.438945414,-0.466789658
2.827305556,0.358394583,-0.52677825
2.649752442,0.282781403,-0.565770835
2.46768552,0.19962865,-0.587891628
2.282645634,0.132038685,-0.635507573
2.093549318,0.033806787,-0.624259712
1.898574555,-0.044775732,-0.57289448
1.702636297,-0.128303402,-0.514030674
1.500467183,-0.220739089,-0.433046075
1.300000121,-0.301244931,-0.347562331
1.09308851,-0.427070691,-0.287573739
0.888996154,-0.491800042,-0.216712215
0.683359207,-0.655286175,-0.095985173
0.473298428,-0.698675273,-0.079113382
0.274694623,-0.877060591,0.000371503
0.055347546,-1.026551087,0.077606815
-0.050936888,-0.386564702,0.099727608
-0.027584304,-0.099243616,0.244825015
-0.030568516,-0.185515675,0.211456361
-0.031340812,-0.073291889,0.179212492
-0.028495314,-0.105819653,0.176213063
-0.031509518,-0.070052609,0.093728749
-0.028217887,-0.068942856,0.14246948
-0.0310109,-0.067720628,0.080981173
-0.028911454,-0.041855132,0.085480317
-0.029901193,-0.054860989,0.16833956
-0.029724989,-0.040497934,0.092229034
-0.029642511,-0.046496599,0.12222333
-0.030272345,-0.034892931,0.147718482
-0.029702495,-0.034214332,0.11060054
-0.030381066,-0.035241603,0.097478036
-0.030051153,-0.030337694,0.04423816
-0.030602257,-0.030480162,0.012369221
-0.030797206,-0.029344165,-0.081737883
-0.031115872,-0.03507664,-0.130478614
-0.032214332,-0.032114799,-0.152224478
-0.032855412,-0.028009462,-0.238458079
-0.033680195,-0.032227274,-0.253080299
-0.034688678,-0.026678508,-0.26995209
-0.034699925,-0.02325177,-0.285324167
-0.035445978,-0.030034012,-0.304820459
-0.035415986,-0.022771877,-0.290573169
-0.035802134,-0.030990049,-0.259454087
-0.036379482,-0.024803925,-0.252330441
-0.035940848,-0.02572622,-0.199465495
-0.037669141,-0.02419656,-0.143601118
-0.035940848,-0.020244939,-0.062616519
-0.038302724,-0.034503017,-0.053243302
-0.036563183,-0.004847114,-0.015000574
-0.037695384,-0.044490796,0.057735594
-0.038557657,-0.001780297,0.053236449
-0.035614684,-0.038578361,0.094478606
-0.042096722,-0.018460336,0.031115656
-0.03237179,-0.005956868,0.000746431
-0.046561793,-0.080895198,-0.080238168
-0.025301157,0.121376057,-0.179969202
-0.09288831,-0.864039737,-0.214462643
-0.431937527,-1.912853929,-0.325066609
-0.787242452,-1.688076431,-0.118480895
-1.092258156,-1.741427063,-0.208463783
-1.408764577,-1.794762699,-0.121855254
-1.691199994,-1.789558856,0.303688821
-1.969421524,-1.799190464,0.063734453
-2.233239358,-1.686659246,0.232077439
-2.494290422,-1.735960779,0.443537226
-2.747078668,-1.728526183,0.361427841
-2.982021627,-1.755227743,0.549642048
-3.20585252,-1.781880564,0.496027244
-3.416771823,-1.80837592,0.520397609
-3.621036632,-1.854183231,0.434164008
-3.810893997,-1.861632823,0.329558901
-3.986085234,-1.879010208,0.421041504
-4.146505372,-1.882196999,0.181462065
-4.293522799,-1.891652396,0.147718482
-4.430042998,-1.899218213,0.175463205
-4.554367668,-1.894767952,-0.036746439
-4.664959714,-1.885275064,-0.056992589
-4.760585712,-1.871238187,-0.048744157
-4.843764997,-1.862761322,0.002246146
-4.915352343,-1.848218307,0.059985166
-4.975047829,-1.832685513,0.218954935
-5.02298642,-1.810284246,0.294315603
-5.057702253,-1.777325328,0.209956646
-5.080098838,-1.752419618,0.325059757
-5.090641054,-1.719160766,0.170214204
-5.09008995,-1.685658219,0.049112234
-5.079555232,-1.653816552,0.070108241
-5.05816713,-1.609797594,-0.133478043
-5.026855398,-1.570581318,-0.283824452
-4.986609776,-1.530465241,-0.452917296
-4.937928881,-1.490540373,-0.486660879
-4.88173497,-1.448557212,-0.583017555
-4.817919322,-1.40023796,-0.612636922
-4.745657154,-1.34989041,-0.372307625
-4.664884734,-1.29500262,-0.453292225
-4.575328383,-1.239784903,-0.439794791
-4.476969357,-1.178602263,-0.274076306
-4.37077115,-1.118394406,-0.316443249
-4.256726266,-1.053177664,-0.312693962
-4.135655737,-0.98733856,-0.239957794
-4.00863178,-0.929046527,-0.217087144
-3.875511933,-0.863394881,-0.360684836
-3.735355194,-0.795669946,-0.400427278
-3.589136306,-0.728124972,-0.426672287
-3.439981944,-0.66411921,-0.614136637
-3.286193804,-0.592352674,-0.649005006
-3.125484993,-0.508423844,-0.657253437
-2.956318414,-0.421776869,-0.74311211
-2.780561077,-0.348311961,-0.78622891
-2.601414634,-0.267146266,-0.717242029
-2.417173286,-0.186535448,-0.653879079
-2.230952462,-0.107997919,-0.613761708
-2.03835832,-0.016064619,-0.440544649
-1.843124875,0.051259155,-0.32206718
-1.644329871,0.160209919,-0.261703659
-1.442022044,0.233311157,-0.188217634
-1.240655219,0.340282362,-0.147725334
-1.032097793,0.433471632,-0.126729327
-0.830356067,0.531381102,-0.083987455
-0.618154603,0.686982738,-0.030372651
-0.415947999,0.707726874,-0.094860387
-0.204541325,1.006745357,-0.072739594
-0.01036885,0.795071194,-0.103858676
0.021385264,0.122545797,-0.167971484
6.46e-05,0.133444623,-0.044245013
0.010749323,0.117484423,-0.004502571
0.004379755,0.053774845,0.085480317
0.007660139,0.083479487,0.128597118
0.006512942,0.029828922,0.175463205
0.006580424,0.052878795,0.294690532
0.007682633,0.028644186,0.255323019
0.006096801,0.030192591,0.357303625
0.008128765,0.022386827,0.400045497
0.006977819,0.019432485,0.294690532
0.007720123,0.015867028,0.264696236
0.007495182,0.007285187,0.128222189
0.007832593,0.01931626,0.042738446
0.008106271,0.005541825,-0.000378355
0.008008797,0.007375167,-0.075364095
0.008544905,0.010475727,-0.11135725
0.00867612,0.007802572,-0.221586288
0.009339695,0.005493085,-0.274076306
0.010295693,0.009275994,-0.328440967
0.011037997,0.008278716,-0.373057483
0.01182154,0.008353699,-0.320567465
0.012845019,0.009478449,-0.317568035
0.012668816,0.004435821,-0.222336145
0.013362383,0.01064069,-0.112482036
0.013257411,0.001170297,-0.049868943
0.01382726,0.007438903,0.020992581
0.01439711,0.002951151,0.020242724
0.013995966,0.005084426,0.082480888
0.01568302,0.001863893,0.103851824
0.014127181,-0.000498082,0.054736164
0.016594029,0.012286574,0.016118508
0.014595807,-0.012855333,-0.022124219
0.016567786,0.025157461,-0.051368658
0.016489057,-0.021448421,-0.149599977
0.014569564,0.023957728,-0.181843846
0.019893158,-0.013357721,-0.247831297
0.010978012,-0.002927541,-0.27857545
0.025591653,0.040244105,-0.330315611
0.001511762,-0.131283989,-0.40567628
0.088889938,0.990455231,-0.323941823
0.437825295,1.968560152,-0.28157488
0.783304065,1.686637866,0.024741868
1.088267283,1.755420065,0.031115656
1.401429586,1.78250404,0.086980032
1.681484382,1.785342159,0.460409017
1.957535236,1.794025227,0.202458072
2.218012701,1.679911862,0.349805051
2.479071264,1.719847978,0.467532663
2.728972772,1.711967231,0.235826726
2.961126468,1.733926096,0.400420425
3.183547733,1.767413647,0.277818741
3.394470785,1.799956408,0.293565746
3.597655879,1.825409496,0.370426129
3.784330334,1.83406632,0.291316174
3.956226192,1.842681904,0.409793643
4.113575891,1.8426969,0.178087706
4.258628837,1.865315619,0.050986877
4.393357009,1.871344278,0.066733882
4.515068619,1.856733778,-0.140601689
4.622818915,1.849344172,-0.013125931
4.716195507,1.829094926,0.1192239
4.79695668,1.811413859,0.206582288
4.866080927,1.809115621,0.307813037
4.923219588,1.776209191,0.333308188
4.967994015,1.755052647,0.349805051
5.000216756,1.733993581,0.212581147
5.020064015,1.69686934,0.208082002
5.028566769,1.676740067,0.02999087
5.02621614,1.63645153,-0.138352117
5.012607234,1.598011331,-0.16609684
4.98849735,1.554461018,-0.373432411
4.954426347,1.505298205,-0.406801066
4.911395211,1.477434403,-0.41429964
4.860588627,1.433591656,-0.358810192
4.801946613,1.387893071,-0.356935549
4.735667865,1.344005334,-0.370807911
4.661482455,1.29124707,-0.223086003
4.57860684,1.23878499,-0.389554346
4.486954793,1.173324552,-0.435295647
4.387201134,1.116048543,-0.329940682
4.279132172,1.057085409,-0.417299069
4.162980344,0.984201622,-0.415424426
4.040361474,0.922359129,-0.393678561
3.912070352,0.865926682,-0.416924141
3.777687089,0.803379346,-0.561646619
3.636101977,0.733296186,-0.592015844
3.489939324,0.668739297,-0.535026681
3.34094242,0.600826904,-0.633632929
3.186160793,0.531992216,-0.60176399
3.023607468,0.450537835,-0.586766842
2.852232723,0.359613062,-0.655753723
2.67638166,0.291569448,-0.676374801
2.495986797,0.209818883,-0.625759427
2.311865418,0.14051555,-0.499783383
2.124887293,0.051859021,-0.449917866
1.93101099,-0.034847941,-0.353936119
1.736935989,-0.109628806,-0.256829586
1.536783843,-0.209600317,-0.227960076
1.336834144,-0.281599301,-0.145850691
1.132846761,-0.403567169,-0.155223908
0.927453499,-0.47275053,-0.231709363
0.724875744,-0.623152073,-0.28719881
0.513435329,-0.695975873,-0.372307625
0.316316132,-0.809560606,-0.412424996
0.096489182,-1.061429578,-0.380181128
-0.043037724,-0.528151955,-0.258704229
-0.030752218,-0.08946954,-0.040495726
-0.025844764,-0.186171779,0.115849542
-0.030864688,-0.089034637,0.218580006
-0.025533596,-0.095790634,0.285317315
-0.029826212,-0.083287165,0.283067742
-0.026553327,-0.062554277,0.364052342
-0.028768992,-0.069475238,0.382423848
-0.027258141,-0.042522484,0.309312751
-0.027498077,-0.053155118,0.298439819
-0.028090421,-0.037783538,0.211831289
-0.027325623,-0.047156453,0.133096262
-0.02831911,-0.041821389,0.1192239
-0.027651787,-0.034742964,0.070858098
-0.028352851,-0.03174738,0.044613089
-0.028349102,-0.029329168,-0.043120227
-0.0285478,-0.033775679,-0.178469487
-0.028765243,-0.027203391,-0.302945816
-0.028787737,-0.027837,-0.43154636
-0.029650009,-0.026637267,-0.40567628
-0.030684736,-0.029475386,-0.300321315
-0.03127333,-0.032587194,-0.169846127
-0.032113108,-0.027889489,-0.00187807
-0.032574237,-0.02298183,0.026241583
-0.032810424,-0.03121125,-0.010126501
-0.033586469,-0.025797454,-0.010126501
-0.033080353,-0.019896267,-0.025873506
-0.034373762,-0.030296453,-0.056992589
-0.033968868,-0.018100416,-0.069740164
-0.034546216,-0.028433118,-0.12860397
-0.034962356,-0.012109249,-0.224960646
-0.034141323,-0.02685097,-0.227585147
-0.03649945,-0.020548622,-0.222336145
-0.033511489,-0.014823645,-0.163847268
-0.037504185,-0.035905206,-0.022499148
-0.033676446,0.007397662,0.059610237
-0.037088045,-0.058085272,0.019492866
-0.036225772,0.029124079,-0.068615378
-0.033429011,-0.072482069,-0.092985744
-0.043007732,0.031347334,-0.183718489
-0.020378707,-0.080216598,-0.18634299
-0.200383673,-1.439255531,-0.194216493
-0.5808632,-1.89041892,-0.059242161
-0.901549767,-1.638861129,0.063359524
-1.213872292,-1.79844438,-0.174345272
-1.516698574,-1.762913533,0.1192239
-1.79364919,-1.815836761,0.147718482
-2.066415911,-1.736905569,-0.068615378
-2.325123844,-1.689167438,0.303313892
-2.584888998,-1.732455309,0.228703081
-2.826392724,-1.711463728,0.193084854
-3.054786162,-1.760127903,0.323185113
-3.272277479,-1.781554387,0.275944097
-3.480388773,-1.825355893,0.391797065
-3.678126557,-1.841627274,0.440162868
-3.859072524,-1.84915185,0.623503002
-4.026214637,-1.862738827,0.652372512
-4.178863077,-1.864440949,0.429664864
-4.320961803,-1.880862296,0.322435256
-4.451386112,-1.876179587,0.031115656
-4.567939084,-1.867425285,-0.158973195
-4.670598225,-1.855412957,-0.154474051
-4.758947395,-1.838912877,-0.160847839
-4.835438446,-1.829933625,-0.092985744
-4.900697463,-1.812357535,-0.03937094
-4.95349852,-1.791410944,0.036739586
-4.994190274,-1.766040338,0.027741298
-5.022412821,-1.736234468,0.147718482
-5.038657282,-1.706676043,0.26919538
-5.043860908,-1.669686772,0.175088277
-5.037727527,-1.634485852,0.19158514
-5.021123162,-1.59871131,0.08473046
-4.994141537,-1.557316768,-0.126729327
-4.957161302,-1.517005735,-0.260578873
-4.911835772,-1.476064843,-0.276700807
-4.858652316,-1.432267086,-0.246706511
-4.798090808,-1.387816973,-0.371182839
-4.729607642,-1.34188969,-0.311569176
-4.652246821,-1.28740306,-0.322442108
-4.566776891,-1.234502328,-0.580767983
-4.472691736,-1.178486039,-0.575144052
-4.369987607,-1.111038543,-0.539525826
-4.259721725,-1.046931553,-0.600264275
-4.141507942,-0.982738333,-0.527153178
-4.016628419,-0.919879816,-0.378681413
-3.886054149,-0.856942566,-0.410175424
-3.748506721,-0.78909016,-0.491160023
-3.604173585,-0.723974645,-0.33631447
-3.45642885,-0.661888456,-0.313068891
-3.305325002,-0.593402441,-0.366683695
-3.147585407,-0.515311062,-0.32206718
-2.981620483,-0.429248956,-0.425922429
-2.808018826,-0.350970119,-0.633632929
-2.630450716,-0.271810229,-0.737488179
-2.447930164,-0.19430372,-0.715367386
-2.262894027,-0.121498665,-0.721366245
-2.072418076,-0.021283458,-0.632133214
-1.877776975,0.047791176,-0.471288802
-1.68117889,0.14375108,-0.377931556
-1.479425917,0.221598763,-0.254954942
-1.279858617,0.312594771,-0.136852402
-1.072624591,0.423292646,-0.066365806
-0.870661673,0.500967867,-0.02774815
-0.661346947,0.671487435,0.027366369
-0.455492557,0.684680751,-0.043870084
-0.251223998,0.942105986,-0.125229612
-0.039618626,0.926018315,-0.121105396
0.026678866,0.222952212,-0.156348694
0.000675733,0.097227679,-0.044245013
0.009804572,0.138277298,0.045737875
0.00617928,0.049609522,0.11359997
0.006981568,0.086666279,0.150342983
0.007888828,0.032067174,0.105726467
0.006284252,0.049369575,0.169839275
0.008627383,0.030316314,0.089604533
0.006198025,0.026353445,0.09635325
0.008181251,0.032532071,0.205457501
0.007453943,0.017985307,0.129721904
0.007978804,0.025082478,0.170214204
0.008226239,0.008267468,0.2002085
0.00788133,0.010726921,0.187460924
0.008428686,0.010741918,0.191210211
0.008349956,0.010516968,0.104226752
0.009013531,0.010299516,0.015743579
0.008934802,0.00758512,-0.169471199
0.009609624,0.009935847,-0.312319033
0.010595613,0.008927322,-0.3824307
0.01117671,0.008031271,-0.439419863
0.012170198,0.013066401,-0.347187402
0.012822525,0.005714286,-0.223460931
0.012897506,0.00147023,-0.106108248
0.013846005,0.011904159,-0.010876359
0.013696045,-0.000576814,0.030740727
0.014074695,0.002422518,0.032615371
0.014951963,-0.000471838,-0.000753284
0.014070946,0.005751778,-0.019874647
0.016050423,0.006906521,-0.085112241
0.014565815,-0.005274519,-0.127479184
0.016541543,0.01931626,-0.14885012
0.015739255,-0.015667207,-0.169471199
0.015862973,0.02066596,-0.122605111
0.018059892,-0.010470863,-0.115856395
0.013853503,0.011975393,-0.058492303
0.020999116,0.013954953,-0.061491733
0.011645336,-0.031743631,-0.090736172
0.023930842,0.078144424,-0.118105967
0.00814751,-0.153816476,-0.209963498
0.049686541,0.693078882,-0.181843846
0.363062538,1.906822636,-0.217087144
0.725183163,1.745582254,-0.006752143
1.028991686,1.720252888,0.040113945
1.34586176,1.80120488,0.011994292
1.630790269,1.770038063,0.356553768
1.908835596,1.807975874,0.092603963
2.172994589,1.692115397,0.092229034
2.433014676,1.70392527,0.288691673
2.68710008,1.709923936,0.095603392
2.921788106,1.727466283,0.27219481
3.146638729,1.754745215,0.219704792
3.359425039,1.789503733,0.204707644
3.565054489,1.828802491,0.270320167
3.755807866,1.83204552,0.173588562
3.931396499,1.8474171,0.383923563
4.092611427,1.842494445,0.397795925
4.239973763,1.85047642,0.407169142
4.377022572,1.867805065,0.48552924
4.502085797,1.856418848,0.253823304
4.613491378,1.847653298,0.147343553
4.710245828,1.833721397,0.064109382
4.793743779,1.808999396,-0.035621653
4.865646042,1.801703519,-0.013875788
4.925783911,1.785983266,0.020617652
4.973546298,1.755660012,0.024366939
5.008528311,1.729213395,-0.048744157
5.031149837,1.706568432,0.030365798
5.042872991,1.661900868,0.00412079
5.04359655,1.621556093,-0.058867232
5.033755399,1.599612224,0.055486021
5.01322582,1.557531585,-0.033747009
4.981614168,1.513388905,-0.191966921
4.941027386,1.475252388,-0.301446101
4.891787888,1.429655031,-0.329190825
4.834285573,1.377811564,-0.376431841
4.769506429,1.338302853,-0.429296788
4.696471965,1.288742627,-0.253455227
4.615403373,1.229172129,-0.299571458
4.52646186,1.179938081,-0.424422715
4.42906258,1.123850557,-0.367058624
4.323689156,1.06562226,-0.509156601
4.210101651,0.997181235,-0.638881931
4.089252314,0.934720129,-0.589766271
3.962352074,0.87618815,-0.527528107
3.828711115,0.80610499,-0.585642056
3.688299443,0.739144885,-0.587891628
3.542792867,0.67578023,-0.484411307
3.394497028,0.617739392,-0.508406743
3.241481184,0.547195084,-0.461915585
3.081214756,0.460776808,-0.374557198
2.912666764,0.379719839,-0.383555486
2.737561754,0.308834357,-0.438295077
2.558355327,0.226262725,-0.504282528
2.374395156,0.151515603,-0.528277965
2.18794939,0.070274925,-0.547774257
1.994980348,-0.017564285,-0.495284239
1.800028079,-0.092982509,-0.402301921
1.601158094,-0.200452352,-0.413174854
1.400361118,-0.258204505,-0.385055201
1.199230481,-0.370776963,-0.311194247
0.991707781,-0.458436214,-0.30744496
0.790888312,-0.566498425,-0.184093418
0.578600621,-0.704831403,-0.092985744
0.378362247,-0.739331229,-0.118480895
0.165002339,-1.040779172,-0.059242161
-0.019715132,-0.758703169,-0.091860958
-0.040042265,-0.128704562,-0.086611956
-0.021717104,-0.161929671,0.005245576
-0.03188067,-0.126395076,0.066733882
-0.024907511,-0.078960628,0.189335567
-0.028641525,-0.094710874,0.186711066
-0.026497091,-0.049604658,0.224578865
-0.027003208,-0.073843016,0.243700229
-0.027741763,-0.044434558,0.122973187
-0.026197171,-0.051404258,0.186711066
-0.027708022,-0.042931143,0.173588562
-0.026714534,-0.039534398,0.107226182
-0.027775504,-0.039916813,0.103476895
-0.02729938,-0.030056507,0.000371503
-0.027621794,-0.037967247,-0.009376644
-0.027693026,-0.032770903,-0.012751002
-0.027760508,-0.03714243,-0.007502
-0.02824413,-0.029224192,-0.008251858
-0.028022939,-0.02406159,-0.09973446
-0.028862717,-0.028541843,-0.15747348
-0.029717491,-0.025876186,-0.291697955
-0.030527277,-0.030907567,-0.397427848
-0.031483275,-0.031293731,-0.374557198
-0.031985642,-0.021380936,-0.306695103
-0.03203063,-0.024035346,-0.263578302
-0.032926644,-0.025789956,-0.232084291
-0.03260048,-0.020282431,-0.151474621
-0.033305294,-0.025343805,-0.110982321
-0.033680195,-0.016619496,-0.055867803
-0.033755175,-0.031473691,-0.022874077
-0.034534969,-0.017478055,-0.020999433
-0.033114094,-0.01871153,0.031115656
-0.035914605,-0.025999909,0.007495148
-0.03312909,-0.006886661,0.002996003
-0.036188282,-0.041982604,0.00674529
-0.034482483,0.005736781,0.014243864
-0.03456871,-0.052885178,0.061109952
-0.037856592,0.010786908,-0.04499487
-0.030429803,-0.039125739,-0.073114523
-0.044526081,-0.02806195,-0.143976047
-0.018088062,0.051127934,-0.22683529
-0.140748171,-1.175546693,-0.295447242
-0.507720015,-1.923284109,-0.355435834
-0.843871248,-1.644274925,-0.106483177
-1.152036121,-1.773362459,-0.20358971
-1.462082997,-1.77200901,0.002246146
-1.74089687,-1.799846568,0.286067172
-2.017052696,-1.763385928,0.022117367
-2.277443935,-1.677717485,0.326559472
-2.538386278,-1.729463474,0.406794213
-2.785127371,-1.709405436,0.307438108
-3.015695235,-1.744778817,0.447286513
-3.235837102,-1.771622846,0.362927555
-3.445384267,-1.809017028,0.378299632
-3.646574889,-1.834432624,0.224578865
-3.831134902,-1.838609195,0.237326441
-4.001178748,-1.852079948,0.35880334
-4.156998851,-1.855641656,0.181836993
-4.301399469,-1.867608994,0.248199373
-4.435167895,-1.870195919,0.170214204
-4.555578598,-1.863481162,-0.038246154
-4.661518123,-1.848413264,0.024366939
-4.753252649,-1.832464312,0.034490014
-4.832682923,-1.820474479,0.077231886
-4.90010137,-1.803921911,0.126722474
-4.955639204,-1.782919083,0.226828437
-4.999337665,-1.760836495,0.189335567
-5.030008316,-1.732755242,0.121848401
-5.048719625,-1.699233949,0.227578295
-5.056600044,-1.665360234,0.047612519
-5.053522106,-1.631111603,0.000371503
-5.040231866,-1.594489749,-0.011251287
-5.016515629,-1.55407374,-0.231334434
-4.982658319,-1.513590245,-0.384680272
-4.940024578,-1.471963255,-0.487410736
-4.88915801,-1.429166525,-0.455916725
-4.830317298,-1.386898428,-0.562021548
-4.763314991,-1.335939764,-0.498283669
-4.687892408,-1.284246263,-0.325441538
-4.604124529,-1.232623996,-0.450667724
-4.511936373,-1.171808774,-0.392928704
-4.411901539,-1.117948256,-0.310069461
-4.303787589,-1.057590432,-0.390304203
-4.187519541,-0.988095891,-0.39705292
-4.064645739,-0.926137174,-0.308194818
-3.935766022,-0.862303874,-0.331440397
-3.799991876,-0.795827411,-0.50953153
-3.656824682,-0.728233697,-0.485161164
-3.509443601,-0.666916087,-0.50353267
-3.359370731,-0.602205482,-0.625759427
-3.203228213,-0.526131155,-0.545149756
-3.039407723,-0.442371037,-0.505032385
-2.86749312,-0.361359058,-0.581142911
-2.691124694,-0.290687279,-0.596514988
-2.51054238,-0.211756088,-0.543650041
-2.325929881,-0.135992941,-0.529027822
-2.137125988,-0.042867407,-0.467539515
-1.942271194,0.029292791,-0.328440967
-1.746265453,0.11934026,-0.273326449
-1.544310033,0.21037376,-0.224585718
-1.344191628,0.276835226,-0.141726475
-1.138674649,0.40947322,-0.11135725
-0.934049934,0.470168469,-0.110982321
-0.729998818,0.630141633,-0.047244442
-0.518603391,0.688081244,-0.063741305
-0.320310754,0.825304469,-0.157098552
-0.098316876,1.03226968,-0.180344131
0.02590657,0.43015362,-0.247831297
0.00674538,0.064666172,-0.191217063
0.006415467,0.169252907,-0.075739024
0.009519648,0.060399622,0.019492866
0.005395737,0.081316219,0.149218196
0.009410926,0.052207694,0.182961779
0.006055562,0.038823171,0.284942386
0.008919806,0.043239689,0.302189106
0.007266493,0.017895327,0.274069454
0.008274976,0.036281237,0.333683117
0.008364953,0.018888856,0.23470194
0.007746366,0.02439638,0.145843838
0.008766097,0.015488362,0.097103107
0.008256231,0.010127055,0.014243864
0.009167241,0.01473103,-0.017625075
0.008822332,0.011907908,-0.068990307
0.009212229,0.009785881,-0.094485459
0.00947091,0.003217342,-0.159348124
0.009500903,0.005324373,-0.271826734
0.010614358,0.011064346,-0.32206718
0.01136791,0.011375527,-0.381680843
0.012113962,0.01086564,-0.345312759
0.013174932,0.009392218,-0.238458079
0.013167434,0.004608282,-0.200215352
0.013801017,0.011510497,-0.135352687
0.014468341,-0.000603058,-0.037121367
0.014220906,0.003715981,0.017993151
0.015386848,0.008803599,0.043863232
0.014648293,-0.001150437,0.059610237
0.016091662,0.014397355,0.047612519
0.015386848,-0.005570703,0.011994292
0.016249121,0.010659436,-0.044619942
0.016935189,-0.007703979,-0.09710996
0.015386848,0.010966868,-0.081737883
0.018970902,-0.005671931,-0.087736742
0.013898491,-0.013323979,-0.10573332
0.020777925,0.032464586,-0.113606822
0.013636061,-0.051243044,-0.149599977
0.020354286,0.084555498,-0.170595985
0.016132901,-0.133867164,-0.260578873
0.021134081,0.392984388,-0.277075736
0.284434551,1.780839411,-0.262828445
0.659286814,1.823126254,-0.07086495
0.965093559,1.681524003,0.033365228
1.282949623,1.807439743,-0.043120227
1.574918773,1.752694421,0.310062609
1.85311406,1.822305187,0.195334427
2.121809356,1.705608646,0.107976039
2.381360816,1.695305937,0.408668857
2.639836311,1.711221147,0.221579436
2.878734475,1.714925323,0.287566887
3.106336872,1.747044428,0.310812466
3.321421325,1.761928617,0.226453509
3.52926269,1.820228149,0.301439249
3.724484888,1.822466401,0.239576013
3.903811283,1.834609949,0.372300773
4.068820209,1.842839369,0.31831104
4.219136765,1.845512524,0.169089418
4.358656172,1.857956006,0.201708214
4.487033522,1.849145466,0.01274415
4.602139376,1.844455259,-0.038996011
4.702654083,1.822488896,0.053236449
4.790354674,1.807376008,0.05886038
4.865597305,1.798085574,0.1192239
4.928689394,1.771192806,0.160466057
4.979803396,1.755450058,0.181087136
5.017784616,1.724725643,0.085105389
5.043390355,1.687766365,0.12222333
5.057426648,1.656370849,0.121098544
5.060759518,1.623130743,-0.069740164
5.05378636,1.588915854,-0.020624505
5.03587359,1.552676415,-0.127104255
5.007763513,1.518529011,-0.334439827
4.970138448,1.467979006,-0.360684836
4.923482019,1.428680248,-0.362934408
4.868727728,1.38848169,-0.365933837
4.806059277,1.332236702,-0.429671716
4.735191741,1.284457331,-0.295822171
4.655888932,1.232205204,-0.302945816
4.568049628,1.182888674,-0.496783954
4.472434877,1.12536897,-0.413924711
4.36953205,1.064328798,-0.426672287
4.258688821,1.009107332,-0.517405032
4.140366316,0.939991457,-0.471288802
4.015314339,0.878692593,-0.436795362
3.884091491,0.819980653,-0.538401039
3.745824253,0.749278881,-0.58451727
3.600598852,0.684635761,-0.488160594
3.452591687,0.625158991,-0.557147474
3.300704295,0.550610574,-0.550398758
3.141948718,0.472837875,-0.423297929
2.975653881,0.396921013,-0.47466316
2.801681072,0.31538415,-0.569520122
2.623700572,0.238679963,-0.585642056
2.440681401,0.167520792,-0.580018125
2.254925454,0.091705158,-0.542525255
2.063422274,-0.006687955,-0.436045504
1.867544,-0.071087379,-0.31906775
1.670413556,-0.166379931,-0.230959505
1.467929526,-0.250526213,-0.173970343
1.267601176,-0.334893696,-0.131978329
1.05968858,-0.446022725,-0.140976617
0.857215797,-0.520886072,-0.121855254
0.648725853,-0.68529075,-0.106108248
0.44208417,-0.702484425,-0.226085432
0.238951562,-0.947518668,-0.260203944
0.02530298,-0.960614504,-0.24708144
-0.047907688,-0.266152737,-0.216337286
-0.021537151,-0.116692234,-0.067490592
-0.029747483,-0.166983547,0.037489444
-0.026527084,-0.071079881,0.150717911
-0.026545829,-0.110678572,0.202083143
-0.027895472,-0.057466659,0.207707074
-0.025661062,-0.070150088,0.260946949
-0.028184146,-0.053466299,0.196084284
-0.025882254,-0.04159269,0.19158514
-0.027509324,-0.05067317,0.215205648
-0.026568323,-0.034634238,0.107976039
-0.026913232,-0.042443751,0.098977751
-0.02744934,-0.033603218,0.10497661
-0.0270332,-0.032868381,0.049112234
-0.027584304,-0.033539482,0.025116797
-0.027441842,-0.033224552,-0.045744728
-0.02775301,-0.026071143,-0.149225049
-0.027786751,-0.02662602,-0.267327589
-0.028326608,-0.032845886,-0.343813044
-0.029372582,-0.030019015,-0.346437545
-0.030208611,-0.027552064,-0.31606832
-0.030872186,-0.028976747,-0.235833578
-0.031801941,-0.024980136,-0.13722733
-0.031771949,-0.022404459,-0.043870084
-0.032495507,-0.026179869,-0.002627927
-0.032589233,-0.017650516,0.004495718
-0.032930393,-0.025385046,0.003370932
-0.033496493,-0.015858415,-0.02474872
-0.032949138,-0.022558175,-0.064491163
-0.03494736,-0.025130102,-0.150349835
-0.033230313,-0.014013825,-0.195341279
-0.035344755,-0.030693865,-0.202464924
-0.033747677,-0.003692371,-0.202089996
-0.03475991,-0.043894678,-0.139851831
-0.03585462,-0.000648048,-0.063741305
-0.03271295,-0.034398041,0.020992581
-0.039179992,-0.017200616,0.00112136
-0.029530041,-0.00055057,-0.032247294
-0.043525095,-0.080865204,-0.077613667
-0.022815564,0.128968118,-0.116981181
-0.086916137,-0.839081539,-0.131228471
-0.421612753,-1.902390007,-0.193091707
-0.77619037,-1.680390641,0.00112136
-1.080310061,-1.72840246,-0.08248774
-1.396302867,-1.784122565,-0.035996581
-1.678749532,-1.777823967,0.26357145
-1.956626153,-1.788546581,-0.024373792
-2.220147815,-1.672461155,0.097103107
-2.480936448,-1.716975002,0.262821593
-2.733154845,-1.705491307,0.140594836
-2.966774403,-1.728409959,0.283067742
-3.190230395,-1.757567223,0.244075158
-3.401783281,-1.786724487,0.324684828
-3.605763166,-1.825277161,0.341931548
-3.794492078,-1.828130276,0.287941815
-3.96818746,-1.843738054,0.446536656
-4.128037749,-1.844090476,0.362927555
-4.274968949,-1.854393184,0.343056334
-4.411447909,-1.862090222,0.325434685
-4.53595628,-1.851888741,0.086980032
-4.645704799,-1.839767687,0.00974472
-4.741364538,-1.82564083,-0.05661766
-4.824371368,-1.810775387,-0.095235316
-4.89570753,-1.798013226,-0.113231894
-4.955455503,-1.777546528,-0.051743587
-5.001920733,-1.749603994,0.004495718
-5.03620168,-1.720754162,-0.064491163
-5.058137138,-1.692316738,0.092229034
-5.068154492,-1.661389867,0.075732171
-5.068060767,-1.625225412,0.02699144
-5.05748481,-1.589735807,0.107226182
-5.036434119,-1.549604734,-0.05361823
-5.005898432,-1.507572834,-0.184843275
-4.966132683,-1.469481307,-0.290573169
-4.917766705,-1.427816826,-0.332565183
-4.861374097,-1.382826834,-0.429671716
-4.796864882,-1.336059737,-0.502407884
-4.723995374,-1.283012787,-0.355810763
-4.642259458,-1.227828813,-0.452542367
-4.552020788,-1.171471349,-0.522279105
-4.453676757,-1.112421985,-0.439044934
-4.347523539,-1.052993955,-0.50953153
-4.233587376,-0.992621135,-0.540275683
-4.112843011,-0.934137894,-0.45179251
-3.98617521,-0.872216668,-0.376056912
-3.852721701,-0.80284585,-0.446543508
-3.711743929,-0.731506719,-0.409800495
-3.564921451,-0.66928931,-0.308194818
-3.415264721,-0.607510552,-0.387679702
-3.260554325,-0.533584497,-0.367058624
-3.098297172,-0.454679549,-0.351686547
-2.927852181,-0.370225836,-0.484036378
-2.752244804,-0.302317192,-0.552273401
-2.573068369,-0.226527802,-0.54402497
-2.389036966,-0.151064588,-0.575893909
-2.202283782,-0.066112236,-0.603638633
-2.008343746,0.025063732,-0.480287091
-1.812675416,0.095375591,-0.380181128
-1.611799711,0.198920058,-0.338564042
-1.409874283,0.256372278,-0.218961787
-1.207150317,0.375599505,-0.138352117
-0.998817831,0.457335073,-0.088486599
-0.79724481,0.566424557,0.02136751
-0.584102345,0.692782698,0.052111663
-0.384520048,0.739084898,0.007120219
-0.167512354,1.041196444,0.01836808
0.007738868,0.684088382,-0.063741305
0.016987676,0.087307386,-0.095610245
0.00205162,0.15593212,-0.041995441
0.011461635,0.094876952,-0.01612536
0.004668429,0.06436249,0.05586095
0.009253468,0.077428333,0.026616511
0.006734133,0.033623078,0.083230745
0.008106271,0.054063531,0.133096262
0.008286223,0.024385133,0.059985166
0.007367716,0.035475166,0.165340131
0.008811085,0.019923625,0.173588562
0.007798852,0.019661184,0.092978891
0.008994786,0.023650296,0.122973187
0.008394945,0.01244029,0.077231886
0.008957296,0.018468949,0.063359524
0.009126002,0.011660464,0.053986307
0.009021029,0.005054433,0.019867795
0.009519648,0.005999223,-0.037871225
0.009635867,0.011772939,-0.175844986
0.010644351,0.010719423,-0.233584006
0.011574105,0.009590924,-0.331440397
0.012316409,0.013621277,-0.398927563
0.013437363,0.008451177,-0.321317322
0.013557331,0.00052544,-0.230959505
0.014044703,0.007431404,-0.152974336
0.014554568,0.002613726,-0.112107107
0.014577062,0.009527188,-0.045369799
0.015728008,0.006160437,-0.008626786
0.014891979,0.002879917,0.025866654
0.016372838,0.010307015,0.042738446
0.015458079,-0.010275907,-0.018000004
0.01674399,0.01896009,-0.021374362
0.017051409,-0.007917681,-0.065615949
0.015405593,0.015844533,-0.082112811
0.019222085,0.00151522,-0.048744157
0.014299635,-0.004236,-0.046869514
0.021321531,0.030575006,-0.051743587
0.013624814,-0.052154091,-0.093360672
0.021291539,0.087614818,-0.119605682
0.015615538,-0.135063148,-0.185968061
0.024500692,0.429666228,-0.193466635
0.295869031,1.793725294,-0.248581154
0.67085251,1.812966014,-0.107233034
0.976902941,1.686795331,-0.018749861
1.295220133,1.808811938,-0.104983462
1.586829378,1.764564281,0.271070024
1.865868192,1.822691351,0.143969195
2.135215816,1.70356535,0.061109952
2.396386848,1.698110314,0.377174846
2.65551467,1.716091314,0.188960639
2.896129881,1.719671767,0.285317315
3.125824226,1.748420372,0.324309899
3.341148615,1.770390485,0.23470194
3.5496723,1.819467068,0.281193099
3.746386604,1.823872338,0.167964631
3.927505026,1.837834232,0.278568598
4.094710872,1.844196567,0.248949231
4.247014404,1.846997194,0.195709355
4.38793594,1.850221477,0.301814177
4.517760408,1.849932791,0.160466057
4.635141911,1.846659769,0.113225041
4.738097223,1.824674659,0.111725326
4.82740614,1.81271482,0.080606244
4.904785706,1.800912445,0.085105389
4.970179688,1.776520371,0.115099685
5.023288163,1.753811673,0.175088277
5.064246097,1.728591033,0.037489444
5.092427406,1.700037385,0.087354961
5.108446925,1.667472129,0.0761071
5.113474348,1.633452197,-0.110607393
5.107663382,1.598772411,-0.044619942
5.091400177,1.553936135,-0.136477473
5.064695979,1.508998631,-0.311194247
5.028353076,1.470925851,-0.418423855
4.983818586,1.436107346,-0.44316915
4.930920055,1.394963998,-0.440544649
4.869871176,1.342839343,-0.528652893
4.80104685,1.2897624,-0.367058624
4.72334112,1.23757401,-0.340813615
4.636952683,1.188789862,-0.460790799
4.542368909,1.131667569,-0.350186832
4.439825988,1.073154335,-0.376431841
4.329627588,1.015563396,-0.472788517
4.211979905,0.945558968,-0.457041512
4.088225085,0.884938703,-0.400802207
3.958471849,0.826661667,-0.457041512
3.821749203,0.76155365,-0.511031244
3.677993415,0.691729183,-0.434920718
3.529708822,0.626118778,-0.512905888
3.378601225,0.568846518,-0.551523544
3.221191542,0.49745115,-0.462665442
3.055680249,0.411040372,-0.485536093
2.882487234,0.328967379,-0.534276824
2.704791658,0.260968755,-0.524528678
2.52293843,0.18268242,-0.510656316
2.337186231,0.112662996,-0.502032956
2.147647533,0.022098142,-0.426672287
1.951765509,-0.056394398,-0.345687688
1.755197417,-0.132258772,-0.308569746
1.552417215,-0.232346507,-0.266952661
1.350589262,-0.297754457,-0.229459791
1.144165022,-0.4238839,-0.228335005
0.936466119,-0.492317427,-0.219336716
0.732036353,-0.638144988,-0.162722482
0.518057858,-0.711658635,-0.163097411
0.31931534,-0.819312187,-0.111732179
0.097917554,-1.068354288,-0.09710996
-0.043183935,-0.531334997,-0.164597126
-0.030654744,-0.089507032,-0.037121367
-0.025687305,-0.185613153,0.010494577
-0.030849692,-0.087861148,0.062234738
-0.025454867,-0.0970691,0.176213063
-0.029620017,-0.076381202,0.177712778
-0.026249657,-0.058257733,0.255697947
-0.028544051,-0.069760175,0.204707644
-0.027138172,-0.038799562,0.173213633
-0.027531818,-0.05642814,0.228703081
-0.027955456,-0.036482577,0.150717911
-0.027329372,-0.039148234,0.112475184
-0.028401589,-0.036996213,0.04423816
-0.027644289,-0.031496186,-0.032247294
-0.028270373,-0.03152618,-0.065990877
-0.02813166,-0.032902124,-0.129353828
-0.028450326,-0.03485169,-0.133852972
-0.028709007,-0.025343805,-0.164222197
-0.02896394,-0.030397681,-0.219336716
-0.030242352,-0.031492437,-0.268452375
-0.030830947,-0.029389155,-0.329190825
-0.031588247,-0.031087527,-0.322442108
-0.032821671,-0.028830529,-0.311194247
-0.032615476,-0.025936173,-0.251955513
-0.033335286,-0.028178174,-0.16609684
-0.033335286,-0.02217576,-0.089611386
-0.033751426,-0.024965139,-0.016500289
-0.034366263,-0.018077921,-0.006377214
-0.033785167,-0.024440256,0.029241012
-0.035472221,-0.021414679,0.020617652
-0.03381141,-0.017290596,0.04161366
-0.036263263,-0.032024819,0.055486021
-0.034448742,-0.006875413,-0.003377784
-0.035753397,-0.042904898,0.011994292
-0.036398227,0.002437515,-0.049868943
-0.033751426,-0.041791396,-0.088861528
-0.039731097,-0.00981101,-0.118855824
-0.030336078,-0.00545073,-0.152599407
-0.044664794,-0.072170888,-0.216712215
-0.022399424,0.122429573,-0.2988216
-0.09701597,-0.907747515,-0.301071172
-0.440357803,-1.917562882,-0.326566324
-0.793278358,-1.671737565,-0.116606252
-1.098961386,-1.739260045,-0.158598266
-1.415040419,-1.784557469,-0.02474872
-1.697712024,-1.781531892,0.374550345
-1.976495906,-1.780973266,0.148843268
-2.240482445,-1.668700741,0.295065461
-2.50266571,-1.718024769,0.43378908
-2.756065045,-1.708224449,0.23170251
-2.992166448,-1.732571533,0.352429552
-3.216473465,-1.755156509,0.313062038
-3.428333769,-1.787421832,0.299564605
-3.633689541,-1.824482337,0.305938393
-3.824008034,-1.827425433,0.285317315
-4.000286484,-1.845252717,0.332933259
-4.161362699,-1.843156933,0.140219908
-4.309729769,-1.854018267,0.077231886
-4.447862043,-1.859274598,0.056235879
-4.573405141,-1.8531972,-0.092235886
-4.686032899,-1.841526046,-0.039745868
-4.783439677,-1.822375306,0.045362947
-4.86802859,-1.811780163,0.137220478
-4.941175524,-1.795497535,0.190085425
-5.002168167,-1.776088103,0.291316174
-5.051557625,-1.750406316,0.302564035
-5.087788058,-1.720015576,0.17133899
-5.111425566,-1.691938072,0.23170251
-5.123962255,-1.658866679,0.060735023
-5.125289405,-1.625731549,-0.089986314
-5.116554212,-1.590496887,-0.100859247
-5.097355531,-1.552266642,-0.303320745
-5.067580894,-1.509769845,-0.400427278
-5.029202279,-1.468251581,-0.423297929
-4.982260924,-1.430197546,-0.388429559
-4.927000517,-1.386204832,-0.449168009
-4.864257086,-1.338297989,-0.451417581
-4.793187103,-1.287916696,-0.31906775
-4.71337068,-1.235068452,-0.459291084
-4.624669104,-1.176836406,-0.450292795
-4.527288569,-1.120370217,-0.301071172
-4.422327536,-1.06155705,-0.375681984
-4.309489833,-0.998833503,-0.418048927
-4.189274078,-0.941534999,-0.334439827
-4.063299844,-0.879118883,-0.342688258
-3.931184732,-0.813988371,-0.500533241
-3.792051473,-0.743455311,-0.464915014
-3.64630496,-0.678448522,-0.417299069
-3.49683568,-0.620201479,-0.532777109
-3.343377454,-0.550110821,-0.507281957
-3.182087546,-0.47270554,-0.499783383
-3.012486082,-0.386009825,-0.582642626
-2.8365188,-0.314820661,-0.599889346
-2.65698246,-0.242934152,-0.550023829
-2.472917316,-0.163556809,-0.505782243
-2.286336586,-0.091340374,-0.478037519
-2.093989879,0.003974673,-0.352061476
-1.897440532,0.072820608,-0.233958935
-1.698529308,0.165882407,-0.154474051
-1.494500686,0.239785967,-0.050993729
-1.292429047,0.334853569,-0.047244442
-1.08270193,0.444055527,-0.088861528
-0.878733292,0.515132216,-0.110232464
-0.667135418,0.690495707,-0.200965209
-0.459297802,0.700209796,-0.291697955
-0.253619615,0.940332631,-0.242957224
-0.039892304,0.928474019,-0.224210789
0.027593625,0.22161001,-0.15184955
0.001391794,0.09443455,0.058110522
0.010726829,0.148891187,0.10497661
0.006940329,0.053129989,0.147718482
0.00757766,0.085541529,0.211831289
0.008631132,0.03428668,0.2433253
0.006962823,0.054565919,0.274069454
0.009339695,0.034875299,0.210331575
0.007097787,0.029472751,0.219329863
0.009114754,0.034024239,0.17696292
0.008166255,0.015687068,0.070858098
0.008646128,0.025937288,0.116599399
0.009024778,0.013954953,0.085855246
0.008766097,0.018273992,0.001496289
0.009410926,0.014247388,-0.015000574
0.00920848,0.012327815,-0.151474621
0.009725843,0.01334009,-0.294322456
0.009954533,0.009092285,-0.395928133
0.010010768,0.011154326,-0.398552634
0.010074501,0.004229617,-0.286448953
0.010396916,0.001252779,-0.22383586
0.010734327,0.008274967,-0.09710996
0.01079806,0.00578927,-0.023249006
0.010513135,0.004968202,-0.023623934
0.010389418,0.004743252,0.048737305
0.010404414,-0.000861751,0.075357242
0.010295693,0.002197569,0.059985166
0.01019072,0.004218369,0.033740157
0.009980776,0.002418769,-0.027373221
0.009830815,0.000341731,-0.10573332
0.009722094,0.001623946,-0.178469487
0.009572134,0.000855367,-0.207713926
0.009534644,0.000116781,-0.151474621
0.009590879,0.001500224,-0.050618801
0.009264715,-0.003347448,-0.043120227
0.009189735,-0.003692371,-0.075739024
0.009302205,-0.002106474,-0.130103685
0.009024778,0.000401718,-0.194216493
0.009002284,0.000780384,-0.216337286
0.009028527,0.0009341,-0.2557048
0.008871069,-9.32e-05,-0.209963498
0.008863571,-0.006069342,-0.150349835
0.008841077,-0.000588062,-0.153724193
0.008548654,0.000446708,-0.156348694
0.008424937,-0.004502191,-0.187842705
0.008323713,-0.004689649,-0.214462643
0.008368702,-0.001525353,-0.209213641
0.008409941,-0.000445593,-0.179969202
0.008158757,-0.005690677,-0.17771963
0.008323713,-0.003411184,-0.229834719
