0.00235154,-0.030232717,-0.088486599
0.004233543,0.019391244,-0.096360102
0.001399292,-0.044329582,-0.107233034
0.004679676,0.017119249,-0.093735601
0.001642978,-0.034814198,-0.098234746
0.003963615,-0.002616361,-0.109482607
0.003360024,0.009305987,-0.103483747
0.000342071,-0.071589768,-0.10573332
0.008769846,0.110196044,-0.11135725
-0.010230137,-0.253015659,-0.101984033
0.081999258,1.652025565,-0.10273389
0.259199965,4.043686042,-0.086986885
0.394812903,3.147762839,-0.074989166
0.559758096,2.652194328,0.040488873
0.708526311,2.729202198,0.17996235
0.838403265,2.42139192,0.076856957
0.966330733,2.426423301,0.039364087
1.069814656,2.307177327,0.087354961
1.167371394,2.327745252,-0.073114523
1.248492472,2.258756848,-0.020624505
1.322445444,2.168233235,0.081356102
1.384930193,2.108760215,-0.089611386
1.434462113,2.049632118,-0.055117945
1.473751738,2.017756708,-0.029247865
1.500913316,1.952397498,-0.103858676
1.520659351,1.915951855,-0.050243872
1.530365538,1.849606613,-0.056242731
1.531801409,1.796180998,-0.056992589
1.524397114,1.742747884,-0.14022676
1.507710271,1.681955157,-0.23545865
1.482003309,1.618440536,-0.210713356
1.447272481,1.509171093,-0.264703088
1.404458786,1.423251456,-0.210338427
1.353243561,1.335858396,-0.137602259
1.295317607,1.227612476,-0.221586288
1.23028728,1.128776962,-0.184468347
1.159382254,1.017419233,-0.20658914
1.08218264,0.904460611,-0.332190254
0.998062353,0.773472249,-0.30744496
0.913510931,0.659396375,-0.313818748
0.823752133,0.53799838,-0.380181128
0.730547996,0.401048844,-0.328440967
0.629335973,0.250444846,-0.296946957
0.521705645,0.119209039,-0.309694532
0.412991853,-0.03620139,-0.263953231
0.297346141,-0.169874154,-0.196840994
0.189693319,-0.342624476,-0.10273389
0.068259136,-0.601024495,-0.116606252
-0.009495331,-0.353182127,-0.085862099
-0.001255007,-0.047872543,-0.001503141
0.00171046,-0.101736811,-0.137602259
-0.001255007,-0.049435946,-0.152224478
0.001792938,-0.05107808,-0.030372651
-0.000846365,-0.049248487,-0.099359532
0.001211841,-0.018456587,-0.080988025
-0.000100312,-0.038735826,0.059610237
0.00068698,-0.02037616,-0.009376644
0.000525773,-0.024721443,-0.031872366
7.96e-05,-0.019712558,0.060735023
0.000589506,-0.015663458,-0.034496867
-9.28e-05,-0.021549649,-0.032997152
0.00019586,-0.015892157,0.039364087
-0.000100312,-0.016203338,-0.029622793
-0.000351496,-0.01898147,0.003370932
-0.000501456,-0.016143352,-0.00187807
-0.000478962,-0.016357054,-0.01912479
-0.000632672,-0.022678148,0.02999087
-0.00086511,-0.016926927,0.013868936
-0.00097758,-0.012581644,0.054736164
-0.001101298,-0.025043872,-0.007876929
-0.001195023,-0.020237441,-0.074239309
-0.001183776,-0.013346474,-0.09411053
-0.001075055,-0.020454892,-0.228335005
-0.001172529,-0.014606193,-0.205464354
-0.001153784,-0.012922818,-0.165346983
-0.001195023,-0.015768435,-0.228709933
-0.001262505,-0.015490997,-0.179219345
-0.001075055,-0.013548929,-0.144350976
-0.000936341,-0.0136764,-0.20658914
-0.000921345,-0.020586113,-0.215587429
-0.000906349,-0.017526794,-0.148100263
-0.000801377,-0.016417041,-0.142476332
-0.000632672,-0.016064619,-0.182593703
-0.000696405,-0.013061537,-0.160097981
-0.000842616,-0.015618468,-0.193841564
-0.000726397,-0.011659349,-0.190467206
-0.00071515,-0.013878855,-0.170970913
-0.000782632,-0.018996467,-0.107607963
-0.000632672,-0.013886354,0.049487162
-0.00052395,-0.00886622,-0.084737312
-0.00052395,-0.010024713,-0.11135725
-0.000538946,-0.019037708,-0.063741305
-0.000426476,-0.021137241,-0.195716208
-0.000381488,-0.013890103,-0.101234175
-0.000636421,-0.014489969,-0.041995441
-0.001052561,-0.016203338,-0.078363524
-0.001581171,-0.018332864,-0.050993729
-0.001821108,-0.022955586,-0.071239879
-0.002162268,-0.018006687,-0.067865521
-0.002330973,-0.015311037,-0.026998293
-0.002585906,-0.024631463,0.007120219
-0.002923317,-0.014688675,0.039739016
-0.002923317,-0.01295656,0.001496289
-0.003493166,-0.019348888,-0.041245583
-0.002627145,-0.015573478,-0.10573332
-0.003654374,-0.02514135,-0.132728186
-0.00313701,-0.004903352,-0.105358391
-0.003575644,-0.021830836,-0.09411053
-0.004201729,-0.00662047,-0.056242731
-0.002169766,-0.016495773,-0.087736742
-0.005187719,-0.021264712,-0.087736742
-0.001393721,-0.007767715,-0.152974336
-0.005682588,-0.044592023,-0.176969773
-0.001138788,0.038496994,-0.110232464
-0.004299203,-0.084993036,-0.145850691
-0.004246717,0.079884037,-0.113606822
-0.000100312,-0.233973645,-0.133852972
-0.171527543,-1.476510994,-0.165721912
-0.426478968,-1.75793839,-0.145850691
-0.615530296,-1.723063648,-0.100859247
-0.799078076,-1.894483016,0.026616511
-0.956154097,-1.893485738,0.038989159
-1.09694067,-2.010377235,0.08173103
-1.222071377,-2.00518464,0.104601681
-1.32437811,-2.023945467,0.000746431
-1.419497992,-2.014786254,-0.004127642
-1.501098944,-1.984264294,0.010869506
-1.574512058,-1.977654514,-0.003752713
-1.632145588,-1.930718705,-0.017250146
-1.676680078,-1.918578906,0.031490585
-1.709761342,-1.892555945,0.027366369
-1.731992972,-1.876873183,-0.052493444
-1.74548191,-1.840911183,-0.042745298
-1.748379894,-1.796468569,-0.098609674
-1.742793869,-1.757346022,-0.146975477
-1.728720086,-1.703013108,-0.112856965
-1.706630919,-1.650434804,-0.164222197
-1.67523296,-1.57884073,-0.201715067
-1.633952611,-1.504862187,-0.183718489
-1.584308221,-1.422429274,-0.179219345
-1.526937121,-1.322202819,-0.196091136
-1.461786825,-1.230393242,-0.197215922
-1.390068264,-1.127793566,-0.139851831
-1.31150401,-1.018122962,-0.154848979
-1.226663914,-0.902622405,-0.192716778
-1.136706419,-0.78477487,-0.245206796
-1.045579233,-0.687232818,-0.340813615
-0.950163179,-0.549859627,-0.354685976
-0.847316588,-0.432319523,-0.300321315
-0.73957379,-0.290781009,-0.27295152
-0.62244347,-0.142591473,-0.319817607
-0.507476329,-0.04073788,-0.280825023
-0.384898698,0.140005663,-0.274076306
-0.264450505,0.241754279,-0.305945245
-0.14207907,0.507588895,-0.225335575
-0.019595164,0.555679447,-0.198715637
0.010539378,0.11025978,-0.163097411
-0.004854057,0.036873605,-0.128978899
0.001009395,0.067635512,-0.144350976
-0.002405953,0.006801544,-0.126729327
-0.001183776,0.036967334,-0.088486599
-0.001247509,-0.000243139,-0.055492874
-0.001731131,0.012822705,-0.005252428
-0.00056144,0.006857782,0.040863802
-0.001967319,-0.002222698,-0.009001715
-0.000643919,0.007206454,-0.004502571
-0.00131874,-0.008318842,-0.006752143
-0.000958835,-0.006489249,-0.056992589
-0.000801377,-0.003549903,0.008245005
-0.000835118,-0.014482471,-0.009751572
-0.000587683,-0.019397628,0.005245576
-0.000542695,-0.007973919,0.065609096
-0.000265269,-0.006234306,0.019492866
-0.000362743,-0.005971864,0.045362947
-0.000122806,-0.001795293,0.010494577
0.000150872,-0.004412211,0.014618793
0.000315828,-0.003647381,0.069733312
0.00049953,-0.000164406,-0.007876929
0.000694478,-0.009267381,-0.03637151
0.000387059,-0.011468142,-0.106858106
0.000300832,-0.008735,-0.180344131
0.000469537,-0.016068368,-0.158223338
0.000387059,-0.012484166,-0.173970343
0.000387059,-0.010005967,-0.170595985
0.00012088,-0.013398962,-0.152974336
0.000102134,-0.013552678,-0.181843846
0.000210856,-0.013327728,-0.193841564
-1.41e-05,-0.012502911,-0.196840994
-4.03e-05,-0.013447701,-0.215587429
0.000462039,-0.006969142,-0.188592562
0.001166853,-0.007374052,-0.167221626
0.001414288,-0.014474973,-0.199465495
0.00197289,-0.00644051,-0.22383586
0.002377784,-0.006706701,-0.233209078
0.002591477,-0.003587395,-0.220836431
0.003453749,-0.004404713,-0.182968632
0.003210064,-0.013260243,-0.174345272
0.00428603,-0.00145037,-0.150349835
0.004012352,-0.008363832,-0.122230182
0.004612193,0.002793686,-0.1316034
0.005058326,-0.014894879,-0.107233034
0.003974862,-0.002691344,-0.071989737
0.006599169,0.002400023,-0.041245583
0.003851144,-0.01044087,0.00974472
0.007348971,0.012069123,0.062609667
0.004214798,-0.037689809,0.050986877
0.006449208,0.037638435,0.022117367
0.006809113,-0.049762123,0.031865513
0.002666457,0.034927788,0.00974472
0.013328642,-0.037251156,-0.003377784
-0.009975204,0.003378556,-0.046494585
0.140281367,1.455363063,-0.03337208
0.484350509,2.18026056,-0.009001715
0.771340974,2.043187301,-0.023623934
1.039515157,2.29952153,0.065984025
1.293664294,2.350165264,0.067858669
1.517322732,2.516193332,0.146593696
1.734540372,2.621724856,0.231327582
1.932581825,2.6372614,0.196459213
2.126656826,2.703906575,0.287941815
2.301450668,2.745796007,0.338182261
2.463032999,2.790741009,0.320185684
2.612566012,2.784551135,0.26657088
2.751508071,2.759382984,0.260197092
2.883323263,2.685790605,0.247824445
3.001724497,2.654961213,0.177712778
3.108623768,2.610151181,0.125972617
3.201951623,2.565719814,-0.021374362
3.282930239,2.559661162,-0.069365236
3.351814549,2.523646674,-0.07686381
3.409703012,2.468237749,-0.203964639
3.456906797,2.376004516,-0.190467206
3.493549621,2.268452191,-0.161972625
3.521820905,2.170306524,-0.267702518
3.540895868,2.089793184,-0.234708792
3.550260895,2.016928143,-0.15184955
3.550294636,1.925470987,-0.151474621
3.540539712,1.84256193,-0.173970343
3.522222049,1.766063947,-0.260578873
3.496451355,1.693682549,-0.19796578
3.462590296,1.624649155,-0.115106537
3.421208724,1.538418337,-0.346812474
3.372756519,1.459997032,-0.391428989
3.316045244,1.379753632,-0.247456368
3.251303591,1.315279224,-0.463040371
3.178805235,1.251093502,-0.53540161
3.097815372,1.157743018,-0.400427278
3.009237513,1.090400498,-0.530152608
2.912891705,1.020789733,-0.482911592
2.809535248,0.948520809,-0.33631447
2.699389334,0.864232059,-0.366683695
2.581580444,0.770187979,-0.301071172
2.460243736,0.711847207,-0.309319604
2.33541295,0.63024286,-0.289823311
2.205933391,0.538253323,-0.268827304
2.068314732,0.443106988,-0.352061476
1.922609458,0.346700934,-0.266577732
1.772472855,0.249458815,-0.304070602
1.616768972,0.162418178,-0.384305344
1.459715445,0.059758514,-0.300321315
1.295148902,-0.054684778,-0.347187402
1.129435162,-0.132911127,-0.280825023
0.958262863,-0.260049095,-0.209213641
0.784994868,-0.334968679,-0.29019824
0.612866572,-0.478786687,-0.214837571
0.43333773,-0.556191968,-0.166846698
0.266075649,-0.700804799,-0.143976047
0.078786356,-0.925173638,-0.094860387
-0.033755175,-0.430032532,0.013494007
-0.019730128,-0.072890728,0.078356672
-0.017237037,-0.156425896,0.045737875
-0.020562409,-0.064260148,0.140969765
-0.016419753,-0.081941215,0.145843838
-0.02014252,-0.062490542,0.036739586
-0.017199547,-0.044284592,0.010119649
-0.019478945,-0.055048447,0.010119649
-0.018219277,-0.037693558,-0.104608533
-0.018691653,-0.049113517,-0.164222197
-0.019040311,-0.028830529,-0.070490022
-0.018301756,-0.030375186,-0.11135725
-0.018999071,-0.028598081,-0.167221626
-0.018661661,-0.029197948,-0.059242161
-0.019164028,-0.024387768,-0.03637151
-0.01904406,-0.022426954,-0.075739024
-0.019392718,-0.027109662,-0.046869514
-0.019475196,-0.021804592,-0.018000004
-0.019595164,-0.023934118,-0.084362384
-0.019868842,-0.019873772,-0.119230753
-0.020052543,-0.022794372,-0.047244442
-0.020348715,-0.025898681,-0.134977758
-0.02036746,-0.023214279,-0.150349835
-0.020232496,-0.019082698,-0.118855824
-0.020127524,-0.014051317,-0.226460361
-0.020165014,-0.015715947,-0.22383586
-0.019868842,-0.013627661,-0.226460361
-0.019857595,-0.023709169,-0.254954942
-0.020431193,-0.029989022,-0.231709363
-0.020892322,-0.021092251,-0.223460931
-0.021375944,-0.020353665,-0.250455798
-0.02199453,-0.018017935,-0.220836431
-0.02207326,-0.017969195,-0.138352117
-0.022744332,-0.024350276,-0.163847268
-0.023029257,-0.020526127,-0.167221626
-0.02313423,-0.032804645,-0.092985744
-0.024408893,-0.028039455,-0.112482036
-0.023295437,-0.013578922,-0.140601689
-0.024926256,-0.025313812,-0.106108248
-0.024142713,-0.007182845,-0.103108819
-0.024727559,-0.033299535,-0.12860397
-0.025886003,-0.007209089,-0.081362954
-0.023771561,-0.02248694,-0.023998863
-0.027595551,-0.027293371,-0.065990877
-0.022624364,-0.005784406,-0.009376644
-0.028810231,-0.05314762,0.044613089
-0.023006763,0.025824813,0.011619364
-0.027700524,-0.102272942,0.065984025
-0.025796027,0.093980901,0.070858098
-0.024941252,-0.330814603,0.037489444
-0.26322083,-1.671876285,0.01836808
-0.619826661,-1.784400004,0.062609667
-0.907334489,-1.604983665,0.053986307
-1.199558571,-1.706743528,0.001496289
-1.46665304,-1.644732323,0.228703081
-1.717956678,-1.718613388,0.224203936
-1.961226188,-1.637650148,0.099352679
-2.193162441,-1.608451643,0.229827867
-2.418920325,-1.608845306,0.11359997
-2.625149616,-1.610056286,0.092603963
-2.819914435,-1.650652256,0.215205648
-2.999252077,-1.666125064,0.153717341
-3.168264946,-1.705911214,0.151467769
-3.322233037,-1.724522074,0.174713348
-3.459638003,-1.745236216,0.147718482
-3.582474316,-1.75672366,0.104226752
-3.689898448,-1.768900952,0.102352109
-3.784366002,-1.773167502,-0.003002856
-3.86503345,-1.766861405,-0.147350405
-3.932181968,-1.761642566,0.001871217
-3.984840563,-1.737509185,0.0356148
-4.024984962,-1.712367277,-0.190467206
-4.053353721,-1.690130974,-0.16047291
-4.070557928,-1.66371435,-0.15747348
-4.077354883,-1.633331109,-0.295822171
-4.072541154,-1.590324426,-0.063741305
-4.0575976,-1.54971346,0.149968054
-4.03358894,-1.5066018,-0.067490592
-4.000668883,-1.457521468,-0.175470058
-3.959234825,-1.412741429,-0.20958857
-3.909121808,-1.357654933,-0.519279676
-3.850138634,-1.308165942,-0.360684836
-3.782352784,-1.259854189,-0.015750432
-3.706454076,-1.194378754,-0.210713356
-3.622341288,-1.128145987,-0.345687688
-3.529961933,-1.066254755,-0.35956005
-3.430238267,-0.996392796,-0.446543508
-3.323301505,-0.928281697,-0.442794221
-3.208791744,-0.860665488,-0.267702518
-3.086975162,-0.78041459,-0.186717919
-2.95872153,-0.71230724,-0.35356119
-2.826587672,-0.651135848,-0.46903923
-2.691585822,-0.573010727,-0.520779391
-2.549502092,-0.489235612,-0.593890487
-2.399766633,-0.400541592,-0.440544649
-2.242649373,-0.31320852,-0.190842134
-2.081370712,-0.235188375,-0.196091136
-1.916755432,-0.140773128,-0.187842705
-1.747116478,-0.071957186,-0.187092848
-1.574901955,0.03604129,-0.338564042
-1.39477702,0.131723756,-0.373432411
-1.215075724,0.204866235,-0.202839853
-1.02904235,0.330673249,-0.136102544
-0.843856252,0.372292741,-0.166471769
-0.657627929,0.539464304,-0.069365236
-0.466717093,0.595008198,-0.129353828
-0.286089791,0.757425818,-0.259829015
-0.084224347,0.946664972,-0.117731038
0.018738463,0.355837651,0.028491155
-0.001873594,0.052245185,-0.037121367
-0.000115308,0.144148492,0.017618223
0.001388045,0.038163318,0.116224471
-0.001607414,0.05685291,-0.103858676
0.001777942,0.034485386,-0.200590281
-0.001071306,0.025149963,0.004495718
0.00148177,0.024497608,-0.041995441
-0.000171543,0.016219449,-0.040120797
0.001001897,0.021127108,0.173213633
0.000881929,0.006692819,0.050611948
0.000630745,0.009605921,-0.109107678
0.001511762,0.002789937,-0.019499719
0.000930666,0.010183292,-0.081362954
0.001631731,0.004319596,-0.165721912
0.00148177,-0.005188288,0.005620504
0.001867918,-0.011850556,-0.035246724
0.002182835,-0.000895493,-0.212962928
0.002246568,0.008229977,-0.165346983
0.002707696,-0.001769049,-0.189717348
0.003712431,0.002947402,-0.214462643
0.004649684,-0.003621137,-0.081362954
0.005182043,-8.94e-05,0.013119078
0.006081805,0.003892192,-0.028498007
0.00606306,-0.010785793,-0.098609674
0.00682036,-0.003482418,-0.107607963
0.007146524,-0.007265326,-0.211463213
0.007214006,-0.001454119,-0.219711644
0.008282474,-0.012566647,-0.088111671
0.007480186,-0.010740803,-0.153724193
0.00935844,0.004315847,-0.155973765
0.008136263,-0.017954199,-0.079113382
0.009778329,0.0119454,-0.187467776
0.009305954,-0.024181563,-0.224960646
0.008882316,0.006767802,-0.112482036
0.011941508,-0.016653238,-0.119605682
0.007019058,-0.023236774,-0.167221626
0.014494584,0.010389496,-0.110982321
0.005519454,-0.049087273,-0.173220486
0.016207881,0.069247653,-0.246706511
0.004417245,-0.1656226,-0.174345272
0.031766273,0.582662194,-0.095985173
0.330892283,1.922261701,-0.046869514
0.698737646,1.814176995,0.082105959
1.004109507,1.709444042,0.143219337
1.326449386,1.798831658,0.068983455
1.617766208,1.748030459,0.191210211
1.900145391,1.799652726,0.201333286
2.171078845,1.684827019,0.142094551
2.435882669,1.698991368,0.267695666
2.695752795,1.713058238,0.235451797
2.938576172,1.728077397,0.285317315
3.171839575,1.753725442,0.324309899
3.388453623,1.768830832,0.248574302
3.59773086,1.842479449,0.334432974
3.794756331,1.878981329,0.328059186
3.977205652,1.904629374,0.333308188
4.145176296,1.925842155,0.351304766
4.29731862,1.937322101,0.274444382
4.437981475,1.96349128,0.285692243
4.567063638,1.979788904,0.197958927
4.684216452,1.978544181,0.103476895
4.78680811,1.974645049,0.100102537
4.875464699,1.957503862,0.176587992
4.951873272,1.959550906,0.255697947
5.015850127,1.9607019,0.173963491
5.068351263,1.932729373,0.182211922
5.108476917,1.913042502,0.114349827
5.136167105,1.882708,-0.021749291
5.152036665,1.842351977,-0.004877499
5.156595461,1.797185774,-0.081737883
5.1503871,1.754572754,-0.149974906
5.133692759,1.716267525,-0.199840423
5.107423446,1.656378347,-0.352436404
5.071312981,1.615208755,-0.453667153
5.026418587,1.558033974,-0.470164016
4.973535051,1.492258605,-0.52377882
4.912692368,1.460911828,-0.537651182
4.844272936,1.418992403,-0.378306485
4.767103314,1.372753939,-0.404926422
4.681678372,1.310277837,-0.560521833
4.588181812,1.25299058,-0.549273972
4.486583641,1.200903417,-0.537276253
4.377993566,1.126493719,-0.498283669
4.262036687,1.064606236,-0.418798784
4.139429064,1.003239887,-0.333315041
4.010759291,0.93705586,-0.356935549
3.875528752,0.874354808,-0.464540086
3.733718699,0.794385097,-0.463040371
3.586382606,0.715648862,-0.462665442
3.43580362,0.658196642,-0.419173713
3.28092077,0.588282194,-0.32206718
3.119289701,0.503929708,-0.32469168
2.949883187,0.417770125,-0.407925852
2.774515746,0.339667499,-0.481036948
2.596059121,0.261789822,-0.447668294
2.412848751,0.181040285,-0.418048927
2.227115298,0.096657806,-0.380556057
2.034858567,-0.004805874,-0.296572028
1.839025281,-0.073501842,-0.271826734
1.640657663,-0.179258317,-0.233958935
1.437517557,-0.260705199,-0.236208507
1.236593115,-0.347974536,-0.217837001
1.028046935,-0.444140644,-0.148475191
0.826080269,-0.519270181,-0.073489451
0.615558361,-0.682002731,-0.020249576
0.410150103,-0.713919382,-0.032622223
0.204805578,-0.989576812,-0.015000574
-0.003065779,-0.917780283,-0.094485459
-0.060909254,-0.230363198,-0.089236457
-0.035281022,-0.144739745,-0.007127072
-0.044874739,-0.167126016,-0.041995441
-0.040180978,-0.076992316,0.020992581
-0.041170717,-0.110007472,0.000371503
-0.041579359,-0.058996319,-0.104983462
-0.040177229,-0.073089434,-0.13722733
-0.04206673,-0.048693611,-0.158223338
-0.040046014,-0.047193944,-0.12860397
-0.041643092,-0.05049696,-0.110232464
-0.040473401,-0.042964885,-0.09411053
-0.041215705,-0.045334358,-0.074239309
-0.041035752,-0.033295786,-0.119605682
-0.040908286,-0.043152343,-0.152974336
-0.041515626,-0.035672757,-0.125604541
-0.041328175,-0.03638135,-0.095235316
-0.041890527,-0.032632184,-0.087361813
-0.041939264,-0.033629462,-0.067115663
-0.043168939,-0.036778761,-0.092610815
-0.043944984,-0.034874185,-0.139101974
-0.044432355,-0.044367073,-0.126729327
-0.045572054,-0.033018348,-0.132353257
-0.045943206,-0.029194198,-0.103483747
-0.046741745,-0.031916093,-0.089986314
-0.046483064,-0.029242938,-0.140601689
-0.047277854,-0.038705833,-0.137977188
-0.047240364,-0.021234719,-0.155973765
-0.047135392,-0.031035039,-0.173595414
-0.048642494,-0.021036013,-0.136477473
-0.046970435,-0.023439229,-0.0911111
-0.049834679,-0.035579028,-0.047619371
-0.047154137,-0.010114693,-0.00187807
-0.049744703,-0.051288034,0.00112136
-0.048964908,-0.001971504,-0.052868373
-0.047787719,-0.05804778,-0.092985744
-0.052578954,-0.000839256,-0.124854683
-0.043652561,-0.028598081,-0.122230182
-0.058761072,-0.061309554,-0.172095699
-0.032945389,0.074931389,-0.200965209
-0.135833219,-1.0721222,-0.169846127
-0.497826378,-1.923943962,-0.216337286
-0.843035219,-1.653685331,-0.158598266
-1.154184303,-1.741325836,-0.137977188
-1.472422766,-1.741659511,0.020992581
-1.757377518,-1.75461288,0.242575443
-2.040536495,-1.721020353,0.130096833
-2.308451996,-1.629968107,0.211081432
-2.576138808,-1.668123369,0.250074017
-2.832072474,-1.652890508,0.161965772
-3.073403746,-1.687079153,0.299189676
-3.302929385,-1.683015057,0.246699658
-3.518467468,-1.729493468,0.22307915
-3.727875919,-1.765969104,0.242950371
-3.923116862,-1.773902339,0.114724756
-4.105067565,-1.796648529,0.148843268
-4.271133712,-1.792606928,0.136845549
-4.423669681,-1.817291437,0.135720763
-4.565775905,-1.820358255,0.163465487
-4.695135495,-1.824504832,0.10197718
-4.812805672,-1.826593118,0.121848401
-4.915708499,-1.806565073,0.082105959
-5.004207629,-1.799542885,0.069358383
-5.081381,-1.794027862,0.12222333
-5.146516299,-1.78027967,0.161590844
-5.199954688,-1.753499378,0.158591414
-5.240571462,-1.733700032,0.188210781
-5.268130435,-1.702458232,0.152592555
-5.283925014,-1.664655391,-0.034496867
-5.287808988,-1.644166199,-0.040120797
-5.280922057,-1.608541623,-0.152599407
-5.263747842,-1.574937849,-0.302945816
-5.236252603,-1.538855875,-0.299196529
-5.199178643,-1.497408845,-0.431171431
-5.153714399,-1.466523215,-0.406051208
-5.100024826,-1.429102789,-0.390304203
-5.037974962,-1.390767567,-0.371182839
-4.967703519,-1.340243806,-0.208463783
-4.888378216,-1.283327717,-0.259829015
-4.800677625,-1.234626051,-0.196091136
-4.704590499,-1.180435605,-0.174345272
-4.600457997,-1.122087335,-0.317942964
-4.489014926,-1.061950712,-0.330315611
-4.369736424,-0.999958252,-0.387679702
-4.243897154,-0.937823324,-0.416174283
-4.111527109,-0.872629077,-0.422173142
-3.972577551,-0.807592294,-0.446918437
-3.827033485,-0.744017686,-0.483286521
-3.675884649,-0.680844239,-0.491909881
-3.522145247,-0.620044014,-0.476162875
-3.362879804,-0.540696665,-0.510656316
-3.195677707,-0.456231704,-0.469414159
-3.021359989,-0.379456283,-0.464540086
-2.84204859,-0.302189721,-0.450292795
-2.659947927,-0.227097675,-0.377931556
-2.473123512,-0.151379518,-0.374932126
-2.283686036,-0.0644776,-0.313068891
-2.087402869,0.026338448,-0.259454087
-1.888401669,0.096477846,-0.20958857
-1.686213811,0.204007676,-0.152974336
-1.480119484,0.264268021,-0.187092848
-1.275063633,0.361795076,-0.145475762
-1.062937149,0.452588629,-0.1316034
-0.857045269,0.531890989,-0.158598266
-0.640457463,0.688129983,-0.104608533
-0.433988235,0.714107954,-0.050618801
-0.220500861,1.006411682,-0.024373792
-0.019846348,0.817281254,-0.003752713
0.01768874,0.130846451,0.108350968
-0.005270197,0.113941461,0.137595407
0.005905602,0.097842542,0.140594836
-0.000137802,0.041908735,0.24632473
0.002673955,0.076329828,0.206207359
0.001976639,0.014476087,0.119973758
0.001684217,0.042936006,0.08772989
0.00303386,0.015694566,-0.032247294
0.001271826,0.017764106,-0.142851261
0.003217562,0.021018382,-0.157098552
0.002025377,0.008319957,-0.179594274
0.002947633,0.005391858,-0.207338997
0.002872653,0.001219036,-0.217462072
0.002940135,0.007506388,-0.237708222
0.003213813,-0.00194526,-0.245206796
0.003210064,0.003970924,-0.209963498
0.004008603,0.00106532,-0.182593703
0.004233543,0.000139276,-0.148475191
0.005140804,-0.002650103,-0.107233034
0.006029319,-0.015775933,-0.100484318
0.006842854,-0.007411544,-0.09411053
0.007900075,-0.004884606,-0.115856395
0.008143761,-0.002001497,-0.064116234
0.0089423,0.006032965,-0.058867232
0.008897312,-0.008157628,-0.117731038
0.009253468,0.00084037,-0.079863239
0.010231959,-0.006661711,-0.154474051
0.009515899,0.001976368,-0.247831297
0.011225447,-0.000704286,-0.25270537
0.009707098,-0.020143712,-0.262453516
0.011806544,0.013849976,-0.220461502
0.010753072,-0.02028618,-0.140976617
0.011019252,0.014907241,-0.076488881
0.013002478,-0.019663818,-0.085862099
0.009152245,0.012830203,-0.070115093
0.016185387,0.005358115,-0.054368088
0.00655793,-0.043456026,-0.088111671
0.019368297,0.065678447,-0.103483747
0.002422772,-0.16777837,-0.122230182
0.04855434,0.732921269,-0.119230753
0.367613836,1.907744931,-0.206964069
0.728546024,1.706092288,-0.142851261
1.033014374,1.679821882,-0.118480895
1.352913648,1.717740947,-0.151474621
1.640871357,1.700228592,0.123348116
1.921957131,1.726768939,0.05023702
2.189850138,1.593343619,0.037864373
2.454455264,1.601648022,0.18858571
2.713474365,1.580577709,0.028116226
2.955289259,1.600204593,0.154467198
3.186715646,1.616014826,0.240325871
3.404420657,1.611575813,0.16271563
3.615759849,1.656160895,0.250448945
3.813261445,1.689445991,0.206207359
3.995167159,1.682821215,0.176587992
4.16208808,1.685681828,0.217830149
4.315763749,1.718989419,0.202458072
4.45935833,1.71534523,0.217830149
4.590637413,1.713084483,0.152592555
4.708228861,1.720009192,0.141344694
4.810992974,1.704146471,0.160091129
4.899953232,1.6887299,0.103851824
4.976837929,1.68971968,0.161590844
5.042089448,1.674325605,0.202083143
5.094680561,1.655651009,0.153717341
5.134056413,1.640174451,0.153717341
5.160880579,1.614054012,0.134221048
5.175355507,1.595623112,0.016868365
5.178092284,1.555188357,-0.016875218
5.169821968,1.514149986,-0.068615378
5.150383351,1.490136577,-0.226460361
5.12039502,1.452971095,-0.281199951
5.081131638,1.419584772,-0.342313329
5.03352296,1.374111137,-0.379431271
4.977951385,1.339903747,-0.38543013
4.914191972,1.315969071,-0.412050068
4.841974793,1.270090526,-0.304070602
4.761194874,1.216664911,-0.298446671
4.671443575,1.15103576,-0.313818748
4.573092046,1.09502322,-0.229834719
4.466961322,1.037409786,-0.306695103
4.352867701,0.976785772,-0.35956005
4.232093344,0.928207828,-0.331440397
4.105350563,0.877500358,-0.376056912
3.97213699,0.814514369,-0.409800495
3.832906257,0.743100255,-0.370807911
3.68747841,0.678865794,-0.407550923
3.537473022,0.61720701,-0.43454579
3.383812349,0.55022441,-0.416549212
3.22343345,0.470982038,-0.480287091
3.054630526,0.392856917,-0.459666012
2.87890318,0.319148313,-0.459666012
2.700090399,0.238260057,-0.517405032
2.517101221,0.160479859,-0.496783954
2.330910389,0.098502396,-0.46903923
2.140603143,0.00560556,-0.415424426
1.943540181,-0.077419721,-0.36818341
1.746079825,-0.167774621,-0.317942964
1.541841258,-0.257315953,-0.248956083
1.338881103,-0.315458019,-0.245206796
1.131302169,-0.439596655,-0.210338427
0.922857213,-0.487394772,-0.185218204
0.716245523,-0.635400598,-0.221211359
0.501303532,-0.714567987,-0.175844986
0.300903952,-0.849106809,-0.089236457
0.078220256,-1.07144735,-0.055492874
-0.054378479,-0.488781963,-0.006377214
-0.038179007,-0.089057132,0.118474043
-0.035472221,-0.192301665,0.141344694
-0.039596132,-0.085184243,0.149593125
-0.034823643,-0.100143416,0.235826726
-0.038640135,-0.07701856,0.165340131
-0.035258528,-0.061856933,0.136470621
-0.037879086,-0.067334464,0.15409227
-0.036150792,-0.042012597,-0.00187807
-0.036694399,-0.055715799,-0.091486029
-0.036874351,-0.034259322,-0.130478614
-0.036177035,-0.046335385,-0.186717919
-0.037099292,-0.034416787,-0.181468917
-0.036649411,-0.032954612,-0.200215352
-0.037301738,-0.042893651,-0.214087714
-0.036893096,-0.036969969,-0.233584006
-0.037395464,-0.040527927,-0.262453516
-0.037717878,-0.026779735,-0.260578873
-0.03801405,-0.035803978,-0.233209078
-0.038981295,-0.039047007,-0.187467776
-0.039674862,-0.026303591,-0.12298004
-0.040814561,-0.047696333,-0.125604541
-0.041418151,-0.042278788,-0.152599407
-0.0414219,-0.028253158,-0.083237598
-0.042359153,-0.031462444,-0.106858106
-0.04221669,-0.021939562,-0.114731608
-0.043093959,-0.032249769,-0.052118516
-0.042884014,-0.024264045,-0.107607963
-0.043030226,-0.036456333,-0.135727616
-0.044271148,-0.029137961,-0.17771963
-0.042820281,-0.02905173,-0.254580014
-0.045564556,-0.031368715,-0.253080299
-0.042741552,-0.014141297,-0.217087144
-0.045826987,-0.045713024,-0.168721341
-0.043926239,0.005909243,-0.129728756
-0.044406112,-0.056514371,-0.112856965
-0.04736783,0.003408549,-0.125229612
-0.040364679,-0.049968327,-0.133478043
-0.054266009,-0.026281096,-0.139851831
-0.027539316,0.033251911,-0.079113382
-0.156895157,-1.20127347,-0.076113952
-0.527522286,-1.915182161,-0.092235886
-0.862537569,-1.632675005,-0.001128212
-1.173457964,-1.743545342,-0.112107107
-1.486275358,-1.726981526,0.011619364
-1.768005962,-1.746128517,0.188960639
-2.047524649,-1.686827959,0.054361235
-2.310971331,-1.597447841,0.209206788
-2.575505226,-1.645763343,0.226828437
-2.827086291,-1.618548147,0.122973187
-3.063697559,-1.651630788,0.236201655
-3.288454457,-1.668513283,0.178462635
-3.50240296,-1.696898219,0.202083143
-3.709033395,-1.727427677,0.265821022
-3.899359386,-1.730861913,0.183336708
-4.075454135,-1.744936282,0.221204507
-4.236496608,-1.752198417,0.205457501
-4.385302313,-1.767663727,0.151842697
-4.523955699,-1.775570718,0.150717911
-4.649300099,-1.777186608,0.115474613
-4.760075847,-1.77286382,0.152217626
-4.856369169,-1.76131264,0.158591414
-4.939293521,-1.755943834,0.118848972
-5.01071591,-1.744617603,0.153342412
-5.07035891,-1.734862273,0.172088847
-5.117289018,-1.72067168,0.110225612
-5.151288789,-1.696883222,0.159341271
-5.172403214,-1.672179967,0.132721334
-5.18203442,-1.647120542,-0.016500289
-5.180171162,-1.622578501,-0.007502
-5.166944655,-1.584295767,-0.103483747
-5.143355884,-1.54881366,-0.207338997
-5.109521069,-1.513631486,-0.228709933
-5.066898574,-1.475483722,-0.297321885
-5.016125732,-1.443477092,-0.275201092
-4.957180047,-1.401160255,-0.337064328
-4.89078508,-1.361524072,-0.36818341
-4.81542623,-1.312042579,-0.331065468
-4.731163482,-1.258324529,-0.417299069
-4.638600425,-1.210237726,-0.376056912
-4.537350912,-1.144972244,-0.334064898
-4.428164744,-1.089799517,-0.388054631
-4.311026927,-1.029936584,-0.350561761
-4.18729835,-0.964854811,-0.329565754
-4.057350165,-0.907683779,-0.352436404
-3.920769982,-0.83624717,-0.30744496
-3.777677768,-0.766681395,-0.268827304
-3.629044518,-0.702863091,-0.300321315
-3.477644498,-0.643296342,-0.301446101
-3.321318279,-0.571214876,-0.365558909
-3.15749404,-0.486959869,-0.43154636
-2.985358246,-0.403128517,-0.439794791
-2.807373996,-0.329393669,-0.5065321
-2.626641722,-0.247680596,-0.499033526
-2.441448126,-0.168198277,-0.460040941
-2.25424881,-0.096566711,-0.464540086
-2.060327518,-0.003531157,-0.449168009
-1.863920634,0.075021369,-0.41992357
-1.663922197,0.18038793,-0.380556057
-1.460200994,0.242849036,-0.362559479
-1.257304573,0.347173329,-0.312693962
-1.0470301,0.434120238,-0.215962357
-0.843211422,0.521794484,-0.147350405
-0.628666827,0.680118015,-0.112856965
-0.424533232,0.711569769,-0.028123079
-0.211878138,1.011626772,0.055111093
-0.015962373,0.802584523,0.020992581
0.016830217,0.127895857,0.056610808
-0.004906543,0.123018192,0.124097974
0.006048064,0.110582208,0.083230745
-0.000235276,0.052241436,0.088104818
0.003000119,0.076371069,0.085480317
0.001954145,0.028348001,0.064859239
0.001849173,0.053246213,0.083605674
0.003127586,0.020313539,0.079856387
0.001298069,0.024722558,0.076856957
0.003258801,0.023144159,0.066733882
0.002306552,0.016804319,0.059985166
0.003206315,0.017632885,0.007870077
0.003146331,0.005331871,-0.076113952
0.003468745,0.014142411,-0.091860958
0.003704933,0.006141691,-0.116606252
0.003569969,0.01046073,-0.14885012
0.004147316,0.008229977,-0.201715067
0.004151065,0.003213593,-0.250455798
0.004762154,0.010528215,-0.284199381
0.005616928,0.00079538,-0.332190254
0.006422965,-0.002297681,-0.296572028
0.007258995,-0.002057735,-0.275950949
0.008080028,-0.010752051,-0.202089996
0.008162506,-0.004802124,-0.125604541
0.009129751,-0.006429262,-0.163847268
0.009159743,-0.008296347,-0.119605682
0.009658361,0.004941958,-0.089611386
0.010029513,-0.017624272,-0.079113382
0.009650863,-0.009128662,-0.01912479
0.011199204,-0.01134067,0.004495718
0.009534644,-0.013578922,0.019492866
0.012286417,0.010738169,-0.014250717
0.010201967,-0.018407848,-0.060741876
0.012005241,0.017914072,-0.09973446
0.012252676,-0.032913371,-0.184093418
0.009924541,0.007318929,-0.240332723
0.015518064,-0.016829449,-0.312319033
0.006486698,-0.00841632,-0.352436404
0.021010363,0.037915873,-0.323941823
-0.002567161,-0.135194369,-0.257579443
0.081114492,0.97531235,-0.18071906
0.427624239,1.98151727,-0.121105396
0.773061769,1.682431301,0.08473046
1.076679093,1.702961734,0.091104248
1.390883621,1.735144575,0.135345835
1.67247926,1.742954088,0.340806762
1.949178692,1.7307618,0.145843838
2.210852092,1.610919709,0.183336708
2.473136581,1.64139668,0.259447234
2.723622935,1.609866193,0.11359997
2.957418697,1.636713971,0.263946379
3.183274055,1.663119347,0.250448945
3.397008864,1.697277999,0.201708214
3.602049719,1.722937291,0.286442101
3.789998838,1.716484976,0.155966913
3.963319319,1.737817731,0.08772989
4.12262975,1.720181654,0.126347546
4.270007082,1.740479639,0.12222333
4.406733477,1.758490632,0.127472332
4.52911241,1.747805509,0.1192239
4.637338831,1.750463668,0.1597162
4.731210292,1.738410099,0.165340131
4.812117677,1.732478918,0.144719052
4.881538095,1.731729085,0.204707644
4.938882952,1.716338759,0.202083143
4.983211246,1.672874677,0.129721904
5.01455297,1.654758707,0.142094551
5.033807885,1.64854259,0.083230745
5.04162832,1.617038348,-0.091486029
5.038261709,1.595878055,-0.124854683
5.023449371,1.555743233,-0.196091136
4.997667429,1.512031707,-0.320942393
4.962063081,1.479106531,-0.329190825
4.917674802,1.442353457,-0.360684836
4.865117431,1.406668895,-0.331815326
4.804480944,1.366001691,-0.28157488
4.73599028,1.323538637,-0.265827875
4.65907934,1.267507351,-0.178094559
4.573470696,1.207569434,-0.205464354
4.479348051,1.155819696,-0.251205655
4.376831373,1.099282273,-0.265827875
4.266329303,1.035906371,-0.393678561
4.148209245,0.97616341,-0.442419292
4.023948309,0.919820944,-0.427047216
3.893842666,0.856257583,-0.415424426
3.757206247,0.786714303,-0.35356119
3.614661389,0.721253865,-0.297321885
3.467722691,0.66440901,-0.321692251
3.317252426,0.592788692,-0.349062046
3.16091496,0.515983277,-0.389554346
2.99610848,0.4358636,-0.469789087
2.823466569,0.34991022,-0.468289373
2.646944434,0.276985192,-0.495659168
2.465766027,0.194885955,-0.530902465
2.281982059,0.123951734,-0.488910451
2.094160407,0.030477528,-0.45179251
1.900182881,-0.050508207,-0.427422144
1.705519285,-0.133563481,-0.413174854
1.504613589,-0.220874059,-0.386554916
1.305125017,-0.296236045,-0.39705292
1.099173153,-0.414364767,-0.451417581
0.894709646,-0.465923298,-0.426297358
0.689507583,-0.631246522,-0.371557768
0.478547042,-0.695259782,-0.313818748
0.279782029,-0.866626662,-0.167971484
0.059703895,-1.036036477,-0.073114523
-0.053793633,-0.415294561,0.00112136
-0.03222183,-0.092690074,0.138720193
-0.033747677,-0.178969631,0.158966343
-0.035520959,-0.07333313,0.124472902
-0.031966897,-0.094808353,0.118099114
-0.035277273,-0.060915892,0.095228464
-0.032038128,-0.058343964,0.101227323
-0.034624945,-0.057654117,0.070858098
-0.032551743,-0.034915426,0.052861521
-0.033623959,-0.047883791,0.096728178
-0.033601465,-0.030135239,0.05586095
-0.033384023,-0.037483604,0.007870077
-0.034272538,-0.03044642,-0.007127072
-0.033541481,-0.032257267,-0.01912479
-0.034182562,-0.030693865,0.013119078
-0.033897637,-0.024503992,-0.035996581
-0.034242546,-0.027743271,-0.117356109
-0.034415001,-0.022205753,-0.178844416
-0.034343769,-0.026562284,-0.253830156
-0.035284771,-0.03237724,-0.28157488
-0.036263263,-0.03049141,-0.279700236
-0.036739387,-0.024612718,-0.260953801
-0.037871588,-0.027507074,-0.238083151
-0.038411445,-0.029355413,-0.229084862
-0.038276481,-0.031713638,-0.249331012
-0.039101263,-0.029059228,-0.280450094
-0.038850079,-0.025958668,-0.250455798
-0.039824822,-0.03112127,-0.181468917
-0.039329953,-0.018737774,-0.145100833
-0.040034767,-0.039673117,-0.127104255
-0.040687094,-0.024935146,-0.104983462
-0.039686109,-0.026697254,-0.066365806
-0.04210422,-0.023847888,-0.001503141
-0.039337451,-0.014178789,0.0761071
-0.04324017,-0.041858881,0.107976039
-0.039502407,-0.0033362,0.073857528
-0.042516611,-0.061332049,-0.020249576
-0.042516611,0.014918489,-0.168721341
-0.038748856,-0.078983123,-0.304070602
-0.04948977,0.016024493,-0.40267685
-0.025353643,-0.061826939,-0.389179417
-0.195704909,-1.394044338,-0.37380734
-0.57469233,-1.896035171,-0.239582866
-0.896248666,-1.630552977,-0.067490592
-1.207360261,-1.769245875,-0.081737883
-1.512214758,-1.731817951,0.191210211
-1.789776463,-1.764536922,0.298814748
-2.063045551,-1.691008279,0.195709355
-2.322353325,-1.643300141,0.392546923
-2.582692078,-1.678939713,0.325434685
-2.824956853,-1.648399007,0.256447805
-3.055179808,-1.684994616,0.372300773
-3.275261691,-1.708809319,0.283442671
-3.485374957,-1.753945528,0.332933259
-3.684087483,-1.763884567,0.417667146
-3.865250893,-1.768934694,0.335182832
-4.032726668,-1.78405883,0.319810755
-4.186091169,-1.792280751,0.229827867
-4.329592024,-1.811716427,0.118099114
-4.460563689,-1.811915133,0.02136751
-4.577281617,-1.808634613,-0.03637151
-4.679472132,-1.797072185,0.037114515
-4.767071499,-1.788134173,0.067108811
-4.843247634,-1.783050304,0.130471761
-4.907344458,-1.769440831,0.217080291
-4.959159525,-1.752700805,0.202458072
-4.99825795,-1.729658431,0.18558628
-5.024680973,-1.706147411,0.244825015
-5.039512056,-1.679648306,0.161965772
-5.042616236,-1.650888453,0.039364087
-5.034720821,-1.620179035,0.005620504
-5.015987018,-1.581386414,-0.179969202
-4.986441071,-1.543894754,-0.304445531
-4.947556339,-1.508630099,-0.386554916
-4.900018892,-1.467929153,-0.484786235
-4.844462313,-1.430546218,-0.427047216
-4.781486443,-1.391948554,-0.41429964
-4.709786627,-1.339467729,-0.357310477
-4.629580307,-1.287354321,-0.263578302
-4.541384846,-1.233804983,-0.29319767
-4.44457791,-1.176731429,-0.271076876
-4.339661865,-1.116639797,-0.273701377
-4.226689198,-1.049087324,-0.335939541
-4.106342228,-0.991260187,-0.35656062
-3.979678176,-0.928604125,-0.37680677
-3.846772023,-0.857984834,-0.43154636
-3.706982687,-0.790901007,-0.409800495
-3.561633569,-0.725103144,-0.328815896
-3.413532678,-0.664404146,-0.318692821
-3.260865493,-0.59412228,-0.251205655
-3.10129638,-0.512094278,-0.269202233
-2.93312329,-0.420168476,-0.375681984
-2.758726842,-0.345593815,-0.41429964
-2.580652616,-0.266306453,-0.514405603
-2.397817148,-0.185032032,-0.548899043
-2.213178405,-0.109325123,-0.502782813
-2.021761453,-0.016758215,-0.455916725
-1.828406262,0.055964358,-0.400427278
-1.631017136,0.161270933,-0.372682554
-1.430748771,0.22642019,-0.323941823
-1.230829064,0.329391035,-0.363684265
-1.023610034,0.415929284,-0.410550353
-0.823008007,0.514453617,-0.362559479
-0.610900268,0.664787676,-0.358810192
-0.410118289,0.711011143,-0.318692821
-0.198033044,1.014341168,-0.246331582
-0.009412853,0.759034211,-0.184093418
0.015514315,0.112081875,-0.102358961
-0.004141745,0.132083675,0.011619364
0.006213021,0.102547746,0.145093981
-0.000358994,0.049403318,0.188210781
0.003390016,0.073671669,0.215580576
0.001871667,0.026402184,0.222704222
0.002329046,0.047554979,0.178462635
0.003270048,0.020654713,0.131971476
0.002032875,0.02709578,0.096728178
0.003866141,0.021040877,0.131221619
0.002591477,0.014543572,0.121473473
0.00349124,0.015863279,0.059985166
0.00322506,0.00794504,0.005620504
0.003588714,0.013827481,-0.016875218
0.003922376,0.008927322,0.025116797
0.00390738,0.006085454,0.052486592
0.004353512,0.003221091,0.016493437
0.00451097,0.005500584,-0.074239309
0.005140804,0.006902772,-0.178469487
0.005770638,0.008496167,-0.267702518
0.006741631,0.007633859,-0.30182103
0.007405206,0.00142899,-0.286074024
0.008342458,0.002868669,-0.229459791
0.008484921,0.003678489,-0.183343561
0.008762348,0.004930711,-0.200590281
0.009448416,-0.001480363,-0.228335005
0.009343444,-0.000711784,-0.242582295
0.010558123,-0.002095227,-0.250455798
0.009673357,-0.001615333,-0.217462072
0.011034248,0.00834995,-0.170970913
0.010614358,-0.007955173,-0.169471199
0.011307925,0.016571871,-0.137977188
0.011960253,-0.009709783,-0.083612526
0.010374422,0.009868362,-0.023998863
0.014160922,-0.003156241,0.054361235
0.009129751,-0.010073452,0.127097403
0.015634283,0.034856554,0.123348116
0.009009782,-0.051198054,0.031115656
0.015428087,0.079947773,-0.100859247
0.011529117,-0.139352194,-0.292822741
0.01541684,0.388582867,-0.371932697
0.275549397,1.784341132,-0.359934978
0.65002301,1.834943625,-0.217087144
0.954307658,1.669665391,-0.086986885
1.270386691,1.790759704,-0.050243872
1.562415825,1.741266963,0.232827297
1.839081516,1.795311191,0.199458642
2.105778589,1.68351856,0.13384612
2.364107872,1.672061108,0.361802769
2.620052785,1.675690301,0.261696806
2.855895506,1.674464324,0.325059757
3.083730342,1.715776384,0.416917288
3.299958242,1.729074676,0.2838176
3.506869853,1.763252073,0.38467342
3.699302788,1.764976689,0.417667146
3.874962651,1.782661505,0.357678554
4.037073593,1.795337436,0.39629621
4.186025509,1.804721598,0.366676842
4.324783867,1.815946601,0.310437537
4.449888331,1.814686881,0.164590273
4.560645333,1.811612565,0.020992581
4.657560991,1.796518423,0.019492866
4.740822754,1.785184694,0.016493437
4.812282633,1.77751765,0.080606244
4.871914386,1.769205748,0.183336708
4.918540824,1.748915262,0.149968054
4.952289412,1.716717424,0.13084669
4.973846219,1.694083709,0.166089988
4.98402853,1.667303417,0.048737305
4.983177505,1.63806742,0.013868936
4.971334383,1.605277214,0.010494577
4.948536653,1.56452378,-0.140976617
4.915365412,1.532820832,-0.248956083
4.872907874,1.489158045,-0.408675709
4.821812617,1.439466599,-0.517030104
4.762821944,1.400055366,-0.530527537
4.695785897,1.354045601,-0.550023829
4.620325823,1.313445882,-0.484036378
4.536816626,1.259821561,-0.413549782
4.445445754,1.197859094,-0.379806199
4.3462432,1.14878626,-0.360684836
4.238807821,1.072955629,-0.386179987
4.123409544,1.007258993,-0.41130021
4.001090595,0.95733135,-0.389554346
3.872379583,0.88683953,-0.380181128
3.73758018,0.823047471,-0.422173142
3.596220009,0.753346726,-0.406801066
3.450432257,0.69034949,-0.397802777
3.302027696,0.628788184,-0.387304773
3.148127086,0.546220301,-0.277450664
2.986492269,0.463539943,-0.264703088
2.816159749,0.383667711,-0.276325878
2.641107225,0.30927301,-0.303320745
2.461765834,0.224215681,-0.454417011
2.278904122,0.146814149,-0.514030674
2.092645807,0.059229882,-0.505782243
1.900385327,-0.019622578,-0.499783383
1.706838937,-0.108369086,-0.435295647
1.507042947,-0.1995638,-0.371557768
1.309106466,-0.271337834,-0.359185121
1.105966359,-0.389391573,-0.412424996
0.90287124,-0.442198576,-0.432671146
0.700300983,-0.603491446,-0.410175424
0.49021771,-0.679288335,-0.385805059
0.293660864,-0.834623781,-0.31606832
0.074287544,-1.044535836,-0.281949809
-0.050681955,-0.454870757,-0.244456939
-0.032615476,-0.083958266,-0.165346983
-0.03134831,-0.182831272,-0.077238738
-0.0346062,-0.078705685,0.042738446
-0.030201113,-0.092735064,0.14246948
-0.033965119,-0.064841269,0.19420964
-0.030527277,-0.05377748,0.216330434
-0.033275302,-0.058445192,0.192334997
-0.03180569,-0.034450529,0.137970335
-0.032199336,-0.047058974,0.129346975
-0.032293061,-0.029962777,0.133471191
-0.031753204,-0.041131543,0.13947005
-0.032495507,-0.031499935,0.121473473
-0.032124356,-0.026521043,0.055486021
-0.032769185,-0.029246687,0.026241583
-0.03240928,-0.024567728,0.008245005
-0.032780432,-0.025677481,0.013119078
-0.032949138,-0.020589862,0.046112804
-0.033039114,-0.023776654,-0.006377214
-0.033586469,-0.025707474,-0.107982892
-0.034332522,-0.024837667,-0.184468347
-0.035314763,-0.02316179,-0.275201092
-0.036064565,-0.027102164,-0.316818178
-0.036668156,-0.024605219,-0.291323026
-0.036495701,-0.022250743,-0.25270537
-0.037301738,-0.030262711,-0.21221307
-0.037665392,-0.025838695,-0.222711074
-0.03816776,-0.03669628,-0.241457509
-0.038595147,-0.023173038,-0.216712215
-0.038002803,-0.022678148,-0.209213641
-0.039656117,-0.022494439,-0.18934242
-0.038081532,-0.017279349,-0.137602259
-0.040507142,-0.036992464,-0.149974906
-0.038902566,-0.003838589,-0.118105967
-0.03979483,-0.046909008,-0.05361823
-0.04093078,-0.004629663,-0.042370369
-0.037650396,-0.03512163,0.025491725
-0.044158678,-0.021482164,0.06448431
-0.03445624,-0.003508662,0.07310767
-0.048095138,-0.081026418,-0.001503141
-0.028105417,0.123265637,-0.148100263
-0.09012154,-0.835568571,-0.262828445
-0.422621237,-1.897021201,-0.314193677
-0.777240093,-1.688668799,-0.19796578
-1.079504024,-1.713312067,-0.20358971
-1.394432111,-1.765204274,-0.029247865
-1.676132723,-1.769425835,0.27519424
-1.952071106,-1.764945581,0.184461494
-2.213497071,-1.66524401,0.309312751
-2.472126275,-1.710807624,0.405294499
-2.720996806,-1.686647999,0.280443241
-2.951658395,-1.718673375,0.451410729
-3.175080646,-1.740208584,0.448411299
-3.386101172,-1.76585288,0.340056905
-3.588112827,-1.80087009,0.419916718
-3.773572602,-1.796386087,0.361427841
-3.943518975,-1.821393025,0.334058046
-4.100265083,-1.830664712,0.368926415
-4.244688195,-1.844877801,0.345680835
-4.378985231,-1.85463313,0.328809044
-4.498938555,-1.848150822,0.249699088
-4.603670899,-1.839947647,0.182961779
-4.694809332,-1.830102337,0.121848401
-4.772766246,-1.822367808,0.097852965
-4.839254938,-1.809954319,0.149968054
-4.893769292,-1.789056468,0.164215344
-4.934824701,-1.768852212,0.122973187
-4.963688329,-1.746904595,0.147718482
-4.980828803,-1.718984555,0.085480317
-4.986343596,-1.692234256,-0.056992589
-4.981173711,-1.660493817,-0.012751002
-4.965322897,-1.621161316,-0.080613097
-4.939098572,-1.582657381,-0.197590851
-4.903685424,-1.545008256,-0.212587999
-4.859030966,-1.503647457,-0.370432982
-4.805888749,-1.463186458,-0.476912733
-4.745079807,-1.418638867,-0.519279676
-4.675550667,-1.36742151,-0.564646048
-4.597406303,-1.316691545,-0.490785095
-4.510965379,-1.262133682,-0.475038089
-4.416449088,-1.205412549,-0.435295647
-4.314569741,-1.146235713,-0.363309337
-4.204570039,-1.080145415,-0.431171431
-4.086843627,-1.01619964,-0.40567628
-3.962653922,-0.955665605,-0.341188543
-3.831757238,-0.88897544,-0.406801066
-3.694344774,-0.814959405,-0.427422144
-3.550697707,-0.748524184,-0.41130021
-3.40307294,-0.68839131,-0.502032956
-3.252400228,-0.617929485,-0.518904747
-3.095590387,-0.54026926,-0.427422144
-2.930045352,-0.448860844,-0.375681984
-2.757857072,-0.369922154,-0.273326449
-2.581983515,-0.291564584,-0.236583436
-2.401052543,-0.210987509,-0.316443249
-2.21796964,-0.130237971,-0.340063757
-2.028460933,-0.033438254,-0.348312189
-1.835728078,0.033731804,-0.360309907
-1.639849804,0.140684262,-0.346812474
-1.43984012,0.210122566,-0.318692821
-1.241472503,0.305831275,-0.310819319
-1.035985516,0.39940296,-0.363309337
-0.836778121,0.482177047,-0.382805629
-0.627909527,0.642127716,-0.395553205
-0.427101304,0.682472492,-0.370432982
-0.220077223,0.979035272,-0.257204514
-0.021784586,0.8179711,-0.225335575
0.019274572,0.147713948,-0.224585718
-0.003823079,0.121031134,-0.187092848
0.006726635,0.115703569,-0.11135725
0.000859434,0.041740022,-0.01912479
0.003517483,0.071879568,0.061484881
0.003056354,0.01644065,0.182586851
0.002415274,0.033060703,0.247449516
0.00398236,0.016084479,0.262446664
0.002254066,0.017164239,0.251198803
0.004166061,0.008424933,0.175088277
0.003048856,0.005399356,0.085105389
0.003941121,0.017606641,0.03861423
0.003839897,0.006947762,0.005620504
0.004053591,0.00317985,-0.060741876
0.004514719,-0.007516521,-0.083612526
0.004319771,-0.002181457,-0.081362954
0.005009589,0.006209176,-0.077238738
0.004915863,0.004240864,-0.027373221
0.005470717,0.001316515,0.032615371
0.006527938,0.009500944,0.086230175
0.007266493,-0.004940844,0.105726467
0.008218741,-0.00702538,0.031490585
0.009197233,0.008728616,-0.052493444
0.009099758,-0.007089116,-0.096735031
0.009935788,-0.000269383,-0.134227901
0.009999521,-0.00073053,-0.141351546
0.010239458,-0.003208729,-0.188592562
0.010914279,-0.003913572,-0.271451805
0.010276948,-0.004052291,-0.352811333
0.012158951,-0.004963339,-0.422548071
0.010528131,-0.005222031,-0.403051779
0.012788784,0.006940264,-0.369308196
0.011645336,-0.02437652,-0.296197099
0.012357648,0.006767802,-0.149974906
0.013831009,-0.029396653,-0.090736172
0.010224461,0.016823065,-0.054743016
0.016987676,-0.012975306,-0.026248435
0.007603903,-0.035890209,0.042738446
0.020957877,0.061970522,0.141344694
0.001882914,-0.163571806,0.148468339
0.058178048,0.804365377,0.140594836
0.384900521,1.951085289,0.062609667
0.74030292,1.722963535,0.06448431
1.043230426,1.722292434,-0.037496296
1.359943042,1.782091632,-0.109857535
1.64403927,1.755742493,0.064109382
1.922020864,1.802674553,-0.06224159
2.18533633,1.684875758,-0.047619371
2.446004996,1.693851261,0.060360095
2.699100661,1.701664523,0.003745861
2.933983635,1.697967845,0.271444953
3.15875553,1.741199478,0.422916147
3.371358138,1.770971606,0.467157734
3.577268763,1.775463107,0.646748581
3.767992149,1.814413192,0.578511558
3.943460813,1.830950763,0.487403884
4.103599775,1.812186188,0.460034089
4.250542222,1.848155686,0.326184543
4.387163644,1.875209668,0.281568028
4.510832237,1.861795152,0.235826726
4.621023139,1.853292044,0.182211922
4.716622894,1.834407494,0.134221048
4.79941978,1.825461984,0.078731601
4.870414782,1.835386027,0.152217626
4.929442945,1.825746921,0.19420964
4.975791955,1.799045361,0.131221619
5.008670773,1.768729604,0.158966343
5.029114125,1.732268965,0.165340131
5.038085506,1.693959987,0.006370362
5.036634639,1.68328986,0.011619364
5.024142937,1.66009752,0.023242153
5.00088033,1.616712171,-0.100484318
4.967855301,1.581215067,-0.128978899
4.925364022,1.544342019,-0.257579443
4.874632419,1.491013882,-0.403801636
4.815521778,1.44008896,-0.534276824
4.74799461,1.402983464,-0.655378794
4.672095902,1.34842935,-0.603263705
4.587645703,1.29574232,-0.64788022
4.495202615,1.234934597,-0.677124658
4.395216518,1.163839162,-0.61901071
4.288006079,1.111455815,-0.679749159
4.173027691,1.051307944,-0.658753152
4.050986169,0.971165772,-0.536901325
3.92313743,0.915280704,-0.446543508
3.78855172,0.858038437,-0.375307055
3.646962859,0.772673677,-0.289823311
3.500537775,0.721834986,-0.308194818
3.351169719,0.665934921,-0.341563472
3.197404074,0.580202742,-0.343813044
3.036848972,0.501372777,-0.439794791
2.867806111,0.418624934,-0.436795362
2.693368424,0.346670941,-0.45741644
2.514851815,0.257062124,-0.542150326
2.332008849,0.179169451,-0.518904747
2.146477842,0.098937299,-0.495659168
1.953703747,0.00380971,-0.448418151
1.759909923,-0.071795972,-0.381680843
1.560871233,-0.175419171,-0.315693392
1.360636609,-0.239229976,-0.263578302
1.159198552,-0.352034883,-0.301071172
0.953291676,-0.427809277,-0.328815896
0.753120785,-0.550898146,-0.356935549
0.541534159,-0.67427945,-0.364059194
0.344471197,-0.755261435,-0.286448953
0.129694163,-1.052004175,-0.230584577
-0.037466695,-0.656962052,-0.173970343
-0.042321663,-0.101736811,-0.103858676
-0.029166387,-0.172573554,-0.086237027
-0.037680388,-0.102422909,-0.11998061
-0.030793457,-0.080325324,-0.100484318
-0.035108567,-0.083182189,-0.077238738
-0.032274316,-0.045240629,-0.063366376
-0.033882641,-0.066209714,0.041988588
-0.033657701,-0.03557153,0.089979462
-0.032799177,-0.047313918,0.128597118
-0.034175064,-0.032763404,0.195334427
-0.032772934,-0.032849635,0.205457501
-0.033931378,-0.035035399,0.199833571
-0.033518987,-0.025932424,0.141719622
-0.033777669,-0.031304979,0.08473046
-0.033875143,-0.024200309,0.039364087
-0.03373643,-0.026745993,-0.020249576
-0.034107582,-0.024301537,-0.064866091
-0.034295032,-0.024608968,-0.091486029
-0.035052332,-0.027323365,-0.091860958
-0.035865867,-0.022876854,-0.090736172
-0.036409474,-0.029981523,-0.077988596
-0.037380468,-0.030577641,-0.08548717
-0.038066536,-0.031964832,-0.062991448
-0.037942819,-0.032485966,-0.050993729
-0.03873386,-0.020882297,-0.123729897
-0.038516418,-0.035522791,-0.133103115
-0.039393686,-0.034634238,-0.158223338
-0.03937869,-0.013803872,-0.194591421
-0.039708603,-0.038428394,-0.212962928
-0.040462154,-0.018074172,-0.26995209
-0.039221231,-0.025478775,-0.240707652
-0.042107969,-0.029962777,-0.245581725
-0.03930371,-0.012671624,-0.228709933
-0.04263658,-0.042376266,-0.171720771
-0.040083504,0.003644747,-0.163847268
-0.041425649,-0.065549861,-0.136477473
-0.043311401,0.011776688,-0.161597696
-0.037200515,-0.056720575,-0.146975477
-0.050235823,-0.014343752,-0.107607963
-0.023816549,0.008274967,-0.052118516
-0.166698818,-1.276691693,-0.087361813
-0.540253924,-1.913348819,-0.022124219
-0.869300783,-1.639562223,0.151467769
-1.178635347,-1.783530197,0.05886038
-1.486702745,-1.760645288,0.282317885
-1.764556873,-1.810861617,0.398920711
-2.03945678,-1.753664341,0.185961209
-2.298539614,-1.683952348,0.312312181
-2.559084562,-1.750953694,0.202458072
-2.804157346,-1.721845169,0.124847831
-3.034519014,-1.75915312,0.283442671
-3.253941071,-1.781891812,0.206582288
-3.46328579,-1.824939736,0.327684258
-3.663902813,-1.84946678,0.438288224
-3.846888242,-1.860995465,0.355428981
-4.016171039,-1.88120347,0.425540648
-4.170356574,-1.882268233,0.390297351
-4.313332568,-1.91069066,0.315686539
-4.445758848,-1.908234957,0.285692243
-4.563807675,-1.904763229,0.22607858
-4.668108882,-1.898153449,0.244825015
-4.757301579,-1.879640068,0.240325871
-4.834478699,-1.884274037,0.256072876
-4.90097489,-1.86411852,0.315686539
-4.954788179,-1.845627634,0.278943527
-4.996259728,-1.830582231,0.216330434
-5.024639733,-1.799674106,0.248949231
-5.040992915,-1.772428917,0.115099685
-5.045776652,-1.741205862,-0.06524102
-5.03968826,-1.70781579,-0.10835782
-5.023530026,-1.668547025,-0.276700807
-4.996510911,-1.632794978,-0.334064898
-4.960145514,-1.594137328,-0.341938401
-4.91543857,-1.55092444,-0.442044364
-4.862742486,-1.511025816,-0.419173713
-4.801922296,-1.463820067,-0.472788517
-4.732524372,-1.410859348,-0.504282528
-4.654537466,-1.362135186,-0.485536093
-4.567965327,-1.306546302,-0.566145763
-4.472811704,-1.24137455,-0.52677825
-4.369867639,-1.183592403,-0.507281957
-4.259976658,-1.119534153,-0.572144622
-4.142268991,-1.05508224,-0.570644908
-4.018075537,-0.99286483,-0.573644337
-3.888123603,-0.924618762,-0.596140059
-3.751093538,-0.853954481,-0.539900754
-3.607581436,-0.783039006,-0.460040941
-3.45934558,-0.71639758,-0.44016972
-3.3077956,-0.650603466,-0.373057483
-3.151458134,-0.581412608,-0.370432982
-2.986730384,-0.48425672,-0.388429559
-2.814253429,-0.400639071,-0.329190825
-2.638477347,-0.32844513,-0.377931556
-2.45809373,-0.240999582,-0.409050638
-2.275393226,-0.1716925,-0.373057483
-2.087331637,-0.070116345,-0.361059764
-1.893875223,0.006584093,-0.328440967
-1.698731755,0.102120341,-0.292822741
-1.497233714,0.191657923,-0.238833008
-1.298374977,0.269468114,-0.224585718
-1.092543081,0.383735196,-0.248956083
-0.890730124,0.442788309,-0.250830727
-0.684759514,0.618084315,-0.303320745
-0.478024107,0.665503766,-0.334064898
-0.278764225,0.884132633,-0.280450094
-0.06315866,0.964192323,-0.237708222
0.024230763,0.293020375,-0.150349835
-0.00135623,0.080690108,-0.021749291
0.005073322,0.143908545,0.008994863
0.003644949,0.042512351,0.028491155
0.002486505,0.08063762,0.038989159
0.004878373,0.028145546,-0.001503141
0.00231405,0.034350416,0.020617652
0.005024585,0.029052845,0.014993722
0.002865155,0.019117555,-0.028498007
0.004582201,0.025153712,-0.004127642
0.004098579,0.006265414,0.008619934
0.004278532,0.020283545,-0.001503141
0.00473966,0.006782799,-0.001128212
0.004289779,-0.000839256,0.025116797
0.005212035,-0.003711117,0.082105959
0.004818389,0.004717008,0.053611378
0.005324505,0.006377889,0.011994292
0.005545697,-0.005514466,0.027366369
0.005808128,0.001054073,-0.004502571
0.006794117,0.008342452,-0.020999433
0.007701378,0.008642385,0.002996003
0.008484921,0.002973646,-0.023249006
0.009403428,0.001080317,-0.050993729
0.009635867,-0.000936734,-0.052868373
0.010025764,-0.000250637,-0.077613667
0.010591864,-0.008562538,-0.07686381
0.010370673,-0.014463725,-0.058117375
0.011600348,-0.009949729,-0.121105396
0.011023001,-0.003767355,-0.200215352
0.012477616,0.008293712,-0.206214211
0.011739061,-0.011400657,-0.233584006
0.011911516,0.006351644,-0.245956653
0.013534837,-0.013395213,-0.212962928
0.011116726,0.004675767,-0.178844416
0.015330613,-0.003951064,-0.118105967
0.010423159,-0.021673371,-0.077613667
0.01617414,0.031958448,-0.110232464
0.01117671,-0.06897285,-0.136477473
0.014607054,0.073090548,-0.127479184
0.0159492,-0.116628499,-0.15184955
0.007581409,0.269108194,-0.148475191
0.241718331,1.691508032,-0.190092277
0.620132153,1.843427988,-0.085862099
0.927944619,1.641869074,0.036364658
1.242940189,1.81774995,0.006370362
1.538137236,1.751877103,0.297689962
1.814787931,1.792098156,0.380924133
2.08350947,1.730900519,0.307063179
2.341182676,1.711483589,0.460783946
2.598874627,1.713279439,0.354679124
2.83724793,1.708116838,0.345305907
3.064861574,1.737424068,0.388047778
3.280422151,1.758779318,0.268070594
3.488109807,1.819748255,0.322810185
3.683436977,1.828978702,0.31831104
3.861964833,1.835599729,0.283442671
4.026786309,1.854810456,0.349805051
4.177174096,1.874654791,0.288691673
4.317087149,1.869398461,0.273319596
4.44439978,1.871779181,0.254573161
4.557728603,1.88580856,0.186336138
4.657017384,1.861341503,0.237326441
4.742588537,1.860246746,0.2433253
4.816642732,1.858705839,0.257947519
4.879112486,1.844983892,0.336682546
4.928783119,1.824408469,0.322060327
4.965602146,1.772789951,0.302564035
4.989906978,1.739819785,0.310062609
5.0021325,1.728737251,0.16271563
5.003122238,1.701694516,0.049487162
4.99349853,1.662594464,-0.01912479
4.973036433,1.625533958,-0.241457509
4.94241077,1.589796908,-0.397802777
4.902667515,1.539408117,-0.52677825
4.854458996,1.49169998,-0.618260853
4.798583751,1.461200514,-0.612261993
4.734543162,1.41410724,-0.69399645
4.661823615,1.355653993,-0.639631788
4.580698788,1.30832827,-0.545524685
4.491232413,1.257868245,-0.584892198
4.39339075,1.179608154,-0.538775968
4.288238518,1.122973253,-0.523028963
4.175408313,1.077525862,-0.515905317
4.055469985,0.997301208,-0.484411307
3.930080596,0.936542224,-0.494534382
3.797916747,0.878808817,-0.524903606
3.65907591,0.806048752,-0.553773116
3.51457032,0.741626833,-0.545899613
3.366221994,0.679668116,-0.548524114
3.214259623,0.603964956,-0.508031815
3.055976421,0.519376272,-0.480287091
2.888928033,0.437378263,-0.421423285
2.715547568,0.359451848,-0.354311048
2.538444335,0.276437814,-0.409050638
2.356471139,0.196243153,-0.392928704
2.172615939,0.109929854,-0.355435834
1.982267455,0.022364332,-0.37380734
1.789324655,-0.049900842,-0.32206718
1.592051749,-0.156815809,-0.28157488
1.392030818,-0.221406441,-0.265827875
1.192575988,-0.329896057,-0.253455227
0.985990541,-0.413738657,-0.242957224
0.786175806,-0.515356052,-0.212962928
0.57561266,-0.66649993,-0.238833008
0.376311539,-0.72053291,-0.221211359
0.167079291,-1.019697611,-0.189717348
-0.019895085,-0.773002489,-0.223086003
-0.04592821,-0.148417677,-0.168346413
-0.026069704,-0.153314088,-0.106483177
-0.036341992,-0.137222668,-0.064866091
-0.029841208,-0.09027936,0.022117367
-0.033076604,-0.092461375,0.054361235
-0.031355808,-0.044783231,0.078731601
-0.031681972,-0.066652116,0.098602822
-0.032390535,-0.045405592,0.031865513
-0.030815951,-0.05076315,-0.002627927
-0.032731695,-0.039062003,-0.012376073
-0.031265832,-0.032036066,-0.079113382
-0.032188089,-0.040539175,-0.111732179
-0.032086865,-0.037416119,-0.106483177
-0.03218434,-0.029865299,-0.083987455
-0.032386786,-0.02860183,-0.045369799
-0.032293061,-0.028751797,-0.012001145
-0.032795428,-0.025887434,0.048362376
-0.032795428,-0.037524845,0.083980603
-0.033294047,-0.029606607,0.044613089
-0.034051347,-0.031582417,0.039739016
-0.034883627,-0.032328501,0.040863802
-0.035749648,-0.026528541,-0.033747009
-0.036548187,-0.028031957,-0.071614808
-0.036282008,-0.025778708,-0.103483747
-0.037024312,-0.030202724,-0.140976617
-0.037391715,-0.02118598,-0.139101974
-0.037455448,-0.034435532,-0.14885012
-0.038347712,-0.027941977,-0.145100833
-0.037702882,-0.020113718,-0.127479184
-0.039299961,-0.026948448,-0.132728186
-0.037834098,-0.01871153,-0.121480325
-0.039847316,-0.045825499,-0.125229612
-0.039131255,-0.019337641,-0.113606822
-0.038966299,-0.044359575,-0.054368088
-0.041009509,-0.003242471,-0.04499487
-0.037039308,-0.026517294,-0.052868373
-0.044372371,-0.037974745,-0.108732749
-0.034962356,0.01325011,-0.125979469
-0.046925447,-0.09630427,-0.148475191
-0.031520765,0.117113256,-0.192341849
-0.071339,-0.693906334,-0.21221307
-0.384981177,-1.86785269,-0.260953801
-0.749437435,-1.71455679,-0.134602829
-1.051731358,-1.70916549,-0.170595985
-1.36804283,-1.800367702,-0.063366376
-1.652573944,-1.776058109,0.280068313
-1.928639793,-1.81112031,0.245949801
-2.191696578,-1.701937098,0.412043215
-2.450543224,-1.736864328,0.583385631
-2.702484194,-1.729632187,0.487403884
-2.934877826,-1.748599218,0.644499009
-3.158873676,-1.781775588,0.673368519
-3.370876442,-1.809898082,0.52902097
-3.574796343,-1.85211744,0.518148037
-3.763199092,-1.852248661,0.362177698
-3.93638086,-1.874616185,0.19420964
-4.095758773,-1.868396319,0.124472902
-4.241928924,-1.88906922,0.040863802
-4.377939257,-1.913311328,0.075732171
-4.500456904,-1.893197052,0.100852394
-4.608372157,-1.892301001,0.167964631
-4.701756247,-1.889451635,0.25494809
-4.782093782,-1.878474077,0.265071165
-4.851412977,-1.870968247,0.34718055
-4.909162727,-1.849759215,0.394046638
-4.954150847,-1.828433958,0.369301343
-4.986433572,-1.803097095,0.378299632
-5.00643829,-1.77039312,0.311562324
-5.014952292,-1.743346636,0.129346975
-5.012470447,-1.708884302,0.025491725
-4.998996505,-1.671936271,-0.117356109
-4.975029084,-1.634257153,-0.299571458
-4.941284245,-1.59053063,-0.364059194
-4.89874048,-1.552802772,-0.529402751
-4.848458757,-1.51374771,-0.67674973
-4.790607784,-1.469057652,-0.77460612
-4.724625208,-1.417937773,-0.849966789
-4.649959925,-1.364800843,-0.753235185
-4.566559449,-1.306973707,-0.71124317
-4.47430381,-1.243159153,-0.608137778
-4.373804099,-1.190198434,-0.480287091
-4.265746384,-1.125026681,-0.490410166
-4.149980704,-1.058887644,-0.453292225
-4.027912939,-1.004116078,-0.43154636
-3.899936733,-0.932473264,-0.463790228
-3.765343525,-0.865190731,-0.484786235
-3.624140813,-0.797420807,-0.446168579
-3.477996905,-0.735345865,-0.517779961
-3.328786307,-0.671790003,-0.578143482
-3.174327095,-0.583748338,-0.556772546
-3.011781268,-0.497622497,-0.646755434
-2.841171321,-0.411541645,-0.555272831
-2.666606169,-0.342545743,-0.445418722
-2.487714658,-0.272781263,-0.41429964
-2.305898921,-0.185969324,-0.250455798
-2.120184212,-0.084558133,-0.187467776
-1.927886242,-0.008933705,-0.169846127
-1.734388589,0.081229988,-0.11435668
-1.534258937,0.169717804,-0.077988596
-1.33581634,0.228774667,-0.055492874
-1.131907686,0.35481038,-0.126354398
-0.928302702,0.422985215,-0.178469487
-0.725267567,0.58043519,-0.196840994
-0.515338003,0.63716757,-0.248956083
-0.318803652,0.789736131,-0.220836431
-0.099786488,0.998890855,-0.183343561
0.022176305,0.4095632,-0.17771963
0.003195068,0.064954858,-0.101609104
0.002763932,0.149457311,-0.026623364
0.005770638,0.034684092,-0.003002856
0.001894161,0.070668587,0.023617082
0.0057219,0.034841557,0.037489444
0.002422772,0.027200757,0.065234168
0.005339501,0.041844999,0.130096833
0.003509985,0.012766467,0.125972617
0.004484727,0.022937955,0.08173103
0.004784648,0.012785213,0.029615941
0.004199802,0.016388162,-0.071614808
0.005069573,-0.007254079,-0.168346413
0.004450986,0.000203012,-0.246331582
0.005406984,0.001398996,-0.253080299
0.005110812,-0.004119776,-0.21821193
0.005489462,0.010269523,-0.192341849
0.005901853,0.004244613,-0.122605111
0.006370479,0.001668936,-0.072364665
0.007600154,0.001676434,-0.015375503
0.00799755,0.000270497,0.085855246
0.009200982,-0.002983779,0.098977751
0.010108242,0.000739143,0.074607385
0.010261952,0.006700317,0.068233597
0.011161714,-9.32e-05,0.007120219
0.010734327,-0.003010023,-0.048744157
0.012065225,0.005369363,-0.085112241
0.011776552,-0.003351197,-0.109482607
0.01185903,0.000326735,-0.126354398
0.013174932,-0.011359416,-0.171720771
0.011465384,0.004447068,-0.161597696
0.014393361,-0.000966728,-0.143976047
0.011874026,-0.017605526,-0.133852972
0.01511692,0.015885774,-0.065990877
0.012908753,-0.038795813,-0.028498007
0.013606068,0.036637407,0.013119078
0.016140399,-0.029756573,0.027741298
0.009530895,0.022098142,-0.00187807
0.022959848,-0.01574594,-0.06524102
-0.003549401,-0.057807833,-0.088486599
0.130998819,1.260458919,-0.09411053
0.501760912,1.97391771,-0.132728186
0.834373079,1.671022589,-0.017250146
1.145274729,1.796867095,-0.063366376
1.456978667,1.783984961,-0.011251287
1.737835752,1.832214232,0.150717911
2.01511628,1.774645788,0.028491155
2.276692206,1.693513836,0.190835282
2.539137902,1.752465722,0.299189676
2.788514549,1.729876997,0.305188536
3.02477341,1.781757956,0.541018688
3.247925733,1.782830218,0.560140052
3.459099968,1.823174993,0.622378216
3.663439758,1.868453671,0.715360533
3.853087178,1.863654738,0.608505854
4.029271903,1.887330722,0.562014695
4.189684543,1.888905371,0.42216629
4.337238078,1.910466825,0.22307915
4.473653305,1.928039166,0.091479177
4.598240405,1.923592655,-0.035621653
4.709728465,1.908843436,-0.028498007
4.806130508,1.880900902,0.070108241
4.889538482,1.894900288,0.181087136
4.961013358,1.881384544,0.294315603
5.020783824,1.865218141,0.374550345
5.068508722,1.840949789,0.368551486
5.103828145,1.790249817,0.39329678
5.126914549,1.804155474,0.361427841
5.137820419,1.775489351,0.20883186
5.137464263,1.737315343,0.176587992
5.126022284,1.691489286,0.036364658
5.1038094,1.622800816,-0.165721912
5.071436699,1.616873385,-0.277450664
5.02954901,1.566038443,-0.449168009
4.979327272,1.508132574,-0.529402751
4.921270103,1.488520687,-0.647505291
4.855534962,1.431293417,-0.764857974
4.781979386,1.367321397,-0.764108117
4.700254717,1.310446549,-0.873587297
4.610087277,1.264346804,-0.86121465
4.511791984,1.219806712,-0.77198162
4.405642515,1.143987328,-0.782479623
4.291406431,1.085027943,-0.702994739
4.170050977,1.035970106,-0.597639774
4.042603382,0.96303758,-0.556772546
3.909543519,0.898398209,-0.515530389
3.770545225,0.831805523,-0.476162875
3.624824955,0.762753383,-0.520779391
3.475438153,0.687038976,-0.508781672
3.323164614,0.60520218,-0.498283669
3.164277821,0.543712109,-0.55264833
2.997364398,0.466524279,-0.544774827
2.822829238,0.376563041,-0.60738792
2.644728769,0.300454971,-0.632883072
2.462444404,0.216327435,-0.567270549
2.277127091,0.139994416,-0.482911592
2.087310966,0.050704278,-0.335564613
1.892227481,-0.029077974,-0.192341849
1.696131764,-0.122919599,-0.079488311
1.493591499,-0.207414553,-0.057367517
1.29322566,-0.284204971,-0.046869514
1.086137845,-0.402018764,-0.039745868
0.881625601,-0.462965206,-0.136477473
0.674987668,-0.628483387,-0.197215922
0.464600724,-0.689362344,-0.188217634
0.265415823,-0.887003379,-0.161597696
0.046803552,-1.018775317,-0.172470628
-0.056035541,-0.381608304,-0.127104255
-0.032210583,-0.098662495,-0.018000004
-0.035637178,-0.177957356,-0.014625646
-0.035997083,-0.081802496,0.050611948
-0.033387772,-0.102475397,0.116599399
-0.03619578,-0.059386232,0.056985736
-0.033144086,-0.062839214,0.057360665
-0.035888362,-0.059348741,0.035989729
-0.033687693,-0.042038841,-0.016875218
-0.035116065,-0.048254958,0.044613089
-0.034816145,-0.032992104,0.062984595
-0.034388758,-0.043114852,0.015743579
-0.035228536,-0.028811783,-0.037871225
-0.034703674,-0.032182284,-0.131228471
-0.035370998,-0.035129128,-0.20358971
-0.035014842,-0.029989022,-0.24408201
-0.035307265,-0.029070476,-0.260578873
-0.035805883,-0.026359829,-0.252330441
-0.036435717,-0.034180589,-0.185968061
-0.037474193,-0.038458388,-0.10835782
-0.03793907,-0.03219728,-0.044245013
-0.038936307,-0.026828475,-0.025498578
-0.039573638,-0.029295426,0.009369791
-0.039764838,-0.035117881,0.085855246
-0.040330938,-0.027600803,0.019867795
-0.040169731,-0.028785539,-0.023249006
-0.041260693,-0.026284846,-0.011251287
-0.040623361,-0.020698588,-0.092610815
-0.041841789,-0.043962163,-0.165346983
-0.041418151,-0.024725193,-0.171720771
-0.041729319,-0.036261376,-0.164597126
-0.043198931,-0.023870383,-0.149225049
-0.040488397,-0.037029955,-0.055867803
-0.044766017,-0.030240216,0.024741868
-0.039712352,-0.002428902,0.055111093
-0.045455835,-0.060458494,0.055111093
-0.040908286,0.026038515,0.028491155
-0.043420123,-0.101200681,0.001871217
-0.04600694,0.080382676,-0.036746439
-0.03540099,-0.25544137,-0.066365806
-0.266763644,-1.629934365,-0.197215922
-0.650932197,-1.837904352,-0.135727616
-0.96405701,-1.666083823,-0.040870654
-1.283472662,-1.818749863,-0.107607963
-1.582928585,-1.782457936,0.181087136
-1.862424779,-1.842275879,0.230952653
-2.135360205,-1.739848664,0.1597162
-2.395867662,-1.734513601,0.371175987
-2.656123937,-1.754601632,0.27219481
-2.899176004,-1.750267597,0.316811325
-3.131003535,-1.793199296,0.460409017
-3.348142446,-1.806055187,0.414292787
-3.556876075,-1.8630875,0.555640907
-3.75619969,-1.875759681,0.559390194
-3.940763452,-1.890531395,0.553391335
-4.110773558,-1.905895477,0.607381068
-4.265333993,-1.919156277,0.431164579
-4.408891084,-1.937279746,0.329183972
-4.54087873,-1.939386777,0.191210211
-4.660948273,-1.942502334,0.041988588
-4.767543875,-1.932120893,0.007495148
-4.858761037,-1.924690046,0.001871217
-4.937119095,-1.918923829,0.085855246
-5.004387581,-1.903019867,0.214830719
-5.059389307,-1.878039174,0.298439819
-5.102079284,-1.850355332,0.336682546
-5.132761182,-1.830837174,0.43941301
-5.151821149,-1.799580377,0.347555479
-5.159255435,-1.768514787,0.207332145
-5.155652637,-1.739335028,0.160840986
-5.141458885,-1.694172575,-0.077238738
-5.11614182,-1.654720101,-0.221961217
-5.081017346,-1.612478248,-0.328066039
-5.036850259,-1.571702318,-0.464165157
-4.984562816,-1.532204854,-0.525278535
-4.924762358,-1.482933315,-0.672625514
-4.857403895,-1.441546271,-0.691371949
-4.782168763,-1.385608715,-0.714617528
-4.698190939,-1.327335428,-0.780979908
-4.606336445,-1.278566276,-0.716117243
-4.506080419,-1.210091508,-0.753985042
-4.397576572,-1.14458608,-0.773106406
-4.281428493,-1.07872823,-0.712742885
-4.157861123,-1.013207805,-0.654628936
-4.028557768,-0.961649274,-0.613386779
-3.892832359,-0.890790037,-0.566895621
-3.750561179,-0.811318965,-0.500908169
-3.603150106,-0.750777433,-0.493409595
-3.452541127,-0.686636701,-0.461915585
-3.297916959,-0.609621333,-0.497158882
-3.135678551,-0.536557586,-0.512530959
-2.964697452,-0.442419777,-0.474288232
-2.788321527,-0.36454585,-0.536901325
-2.608728952,-0.29063854,-0.518904747
-2.424600075,-0.203065521,-0.469789087
-2.238251784,-0.132907377,-0.432296217
-2.044915338,-0.037427367,-0.343438115
-1.849588168,0.040439062,-0.231709363
-1.650718184,0.140163128,-0.086237027
-1.448091691,0.211865928,-0.003002856
-1.246432444,0.316681362,0.053986307
-1.037398893,0.397610859,0.065609096
-0.835124807,0.49007654,0.003745861
-0.622012334,0.663452973,-0.052118516
-0.419149654,0.704258895,-0.030372651
-0.208102885,1.002437566,-0.026623364
-0.013341815,0.792041868,-0.097859817
0.019323309,0.131123889,-0.03337208
-0.002184762,0.129684209,-0.006002285
0.008559901,0.112520527,0.004870647
0.002310301,0.052421396,0.10497661
0.005639422,0.066484518,0.094103678
0.004454735,0.026979556,0.106851253
0.004334767,0.042733551,0.140594836
0.005451972,0.005995474,0.064109382
0.003903631,0.020860917,-0.012751002
0.005808128,0.003247335,-0.018000004
0.004492225,0.004173379,-0.038246154
0.005526952,0.018408962,-0.046869514
0.005361995,0.005305627,-0.03937094
0.005590685,0.011776688,-0.074989166
0.005894355,-0.001431624,-0.137602259
0.005804379,-0.00329496,-0.199840423
0.00640422,0.001406495,-0.230584577
0.006306746,0.004255861,-0.283074595
0.007026556,0.002505,-0.311944105
0.008005048,0.003018636,-0.259454087
0.008769846,0.006299156,-0.197590851
0.00973709,0.003303573,-0.14022676
0.0104569,-0.008963699,-0.044245013
0.010468147,-0.012671624,0.00112136
0.011349164,-0.00154035,-0.009751572
0.011304176,-0.006313038,0.049862091
0.012170198,-0.003576147,0.051361806
0.012331405,-0.004449703,-0.031497437
0.012177696,0.006254166,-0.046119656
0.013452359,-0.001547848,-0.069365236
0.01208397,0.000139276,-0.085862099
0.014831995,-0.000329369,-0.055867803
0.012136457,-0.021864579,-0.019499719
0.014880732,0.016733085,0.023242153
0.013924734,-0.02788199,0.034115085
0.01341112,0.031729749,0.049862091
0.017208867,-0.029044232,-0.003002856
0.009440918,0.003393552,-0.054368088
0.023668411,0.018315233,-0.0911111
-0.002334722,-0.103322709,-0.136102544
0.11009059,1.106240725,-0.175470058
0.471142747,1.973122887,-0.176969773
0.808040033,1.671041335,0.003745861
1.114225428,1.761137543,-0.018749861
1.425663187,1.778623653,0.108350968
1.705110643,1.795701105,0.34418112
1.980250487,1.779279758,0.200958357
2.239648238,1.683676025,0.352054623
2.499795791,1.718981921,0.395171424
2.746731833,1.701818239,0.264321307
2.978056997,1.736850446,0.42516572
3.199511017,1.751813367,0.386922992
3.41001418,1.787100518,0.375300203
3.612067074,1.829769776,0.456284802
3.797631822,1.823197488,0.407169142
3.968320498,1.820059436,0.456284802
4.12436929,1.838674045,0.397420996
4.269455977,1.878276486,0.2838176
4.403209407,1.869379715,0.22607858
4.523316441,1.845122611,0.086605104
4.629480906,1.858143464,0.076856957
4.720776797,1.841534659,0.070108241
4.799663466,1.820932992,0.058110522
4.867329347,1.823006281,0.184836423
4.923242082,1.805782612,0.268070594
4.966385689,1.775804281,0.268070594
4.996973862,1.750583641,0.322435256
5.015617689,1.721148939,0.313062038
5.022755804,1.676740067,0.125597688
5.019186746,1.65105828,0.034115085
5.004400651,1.6035451,-0.11998061
4.978791163,1.562105568,-0.323191966
4.943505481,1.534860379,-0.394803347
4.899387132,1.470577178,-0.506157171
4.847118434,1.440842543,-0.535776539
4.786976816,1.400816447,-0.60738792
4.718894794,1.334793633,-0.655753723
4.642448731,1.293346603,-0.597264845
4.557814831,1.242856585,-0.666626655
4.465023084,1.188463684,-0.65350415
4.36419346,1.12091496,-0.63925686
4.255562146,1.051491654,-0.713867671
4.139174131,0.998767132,-0.701495024
4.016139121,0.935814886,-0.675624944
3.886805774,0.862196262,-0.663627225
3.751091612,0.785810754,-0.620510425
3.609176587,0.723402137,-0.560896761
3.462680272,0.670610131,-0.571769694
3.313327212,0.609135056,-0.554522974
3.158530589,0.534421676,-0.530527537
2.995722332,0.448925694,-0.545899613
2.824771225,0.37009573,-0.474288232
2.649490011,0.291681923,-0.470164016
2.469721233,0.211622232,-0.496034096
2.286368401,0.144017271,-0.412799925
2.099079108,0.0458866,-0.348312189
1.905727666,-0.033670703,-0.2988216
1.711570188,-0.11693593,-0.217087144
1.511114372,-0.202945547,-0.107982892
1.312409344,-0.274269681,-0.032247294
1.108208267,-0.400950251,-0.01912479
0.904299613,-0.450330517,0.024366939
0.700732119,-0.61053238,-0.015750432
0.489831562,-0.685856874,-0.090361243
0.292453683,-0.841953401,-0.08248774
0.07282543,-1.042646257,-0.125229612
-0.049253582,-0.446015227,-0.121105396
-0.030096141,-0.092641335,-0.043870084
-0.029826212,-0.188410031,-0.017250146
-0.032585484,-0.07544391,0.034490014
-0.028259126,-0.091734036,0.116224471
-0.03218434,-0.069441495,0.129346975
-0.028746497,-0.060259788,0.145093981
-0.031322067,-0.059434971,0.148468339
-0.029515045,-0.037329889,0.079481458
-0.030313584,-0.054860989,0.031115656
-0.03063225,-0.039376933,-0.028123079
-0.030039906,-0.04361724,-0.071614808
-0.030849692,-0.036392597,-0.104983462
-0.030384815,-0.032189782,-0.127104255
-0.031033394,-0.026187367,-0.112107107
-0.030815951,-0.033055839,-0.172845557
-0.031228342,-0.038510876,-0.221586288
-0.031367055,-0.024035346,-0.242957224
-0.031513267,-0.030641376,-0.296572028
-0.032424276,-0.029134212,-0.314193677
-0.033380274,-0.032523458,-0.271826734
-0.034025104,-0.038518374,-0.210713356
-0.034913619,-0.024732691,-0.145100833
-0.035385994,-0.021223471,-0.060741876
-0.035547202,-0.023397988,-0.049868943
-0.036102055,-0.020777321,-0.045369799
-0.035787138,-0.031799869,0.011244435
-0.036889347,-0.028208168,0.005620504
-0.036109553,-0.016458281,-0.046494585
-0.037260499,-0.030217721,-0.071989737
-0.037312985,-0.013485193,-0.070115093
-0.037046806,-0.039586887,-0.083987455
-0.039131255,-0.018325366,-0.061866662
-0.03627451,-0.020968528,0.019867795
-0.04047715,-0.03934694,0.059610237
-0.035678417,0.002722452,0.098227893
-0.040454656,-0.05989237,0.085855246
-0.037627902,0.030361304,-0.00187807
-0.037687886,-0.086275251,-0.021374362
-0.043821267,0.05753151,-0.025498578
-0.026748275,-0.172854741,-0.081362954
-0.234739601,-1.553181438,-0.225335575
-0.616317588,-1.852601082,-0.136477473
-0.930293426,-1.630560475,-0.03937094
-1.245236509,-1.803055854,-0.120730468
-1.54458746,-1.766880151,0.184836423
-1.821733024,-1.812713705,0.279693384
-2.093018886,-1.720011827,0.204707644
-2.350947025,-1.704227838,0.420666575
-2.609621217,-1.731124355,0.349430122
-2.84913047,-1.713941927,0.323185113
-3.077092772,-1.759213107,0.443537226
-3.293620593,-1.776699217,0.365926985
-3.50194933,-1.82447109,0.437163438
-3.698843586,-1.830454759,0.455534944
-3.878132491,-1.845039015,0.367801629
-4.043789996,-1.86074802,0.411293358
-4.195047554,-1.863439921,0.334432974
-4.335901608,-1.881874571,0.241450657
-4.465726076,-1.88574371,0.146968624
-4.581529245,-1.878714024,0.062609667
-4.682298885,-1.863169981,0.080981173
-4.76964332,-1.851952477,0.032990299
-4.8446985,-1.840480029,0.042738446
-4.907670621,-1.825779549,0.192709926
-4.959065799,-1.802598456,0.232827297
-4.997339443,-1.772882566,0.25194866
-5.023218859,-1.74876793,0.374550345
-5.038214899,-1.718684622,0.261696806
-5.041753964,-1.685515751,0.136470621
-5.03499075,-1.657715685,0.105351539
-5.017587846,-1.615496326,-0.133852972
-4.988825441,-1.566329763,-0.31606832
-4.951125396,-1.533100905,-0.433795932
-4.904933844,-1.486832448,-0.52677825
-4.850025844,-1.439375504,-0.557522403
-4.78755609,-1.403518481,-0.669251156
-4.71696973,-1.347254747,-0.635132644
-4.637738152,-1.296596016,-0.61038735
-4.550697387,-1.242821728,-0.661752582
-4.455592502,-1.178579768,-0.601014132
-4.352663432,-1.121225027,-0.645630648
-4.24175272,-1.053582574,-0.682748589
-4.122766641,-0.993835864,-0.632133214
-3.997429738,-0.929863845,-0.604013562
-3.865442092,-0.862611305,-0.614886494
-3.726803703,-0.798316857,-0.576643767
-3.582391837,-0.726426599,-0.53540161
-3.434272201,-0.669791698,-0.574019266
-3.283037138,-0.601185709,-0.529777679
-3.124918892,-0.516720748,-0.542900184
-2.957911744,-0.428259177,-0.548524114
-2.784508784,-0.357707371,-0.495659168
-2.607278085,-0.283638847,-0.533526966
-2.425274897,-0.203080517,-0.497533811
-2.241228498,-0.129675596,-0.438295077
-2.050838774,-0.023806647,-0.379056342
-1.857142424,0.045316727,-0.279325308
-1.660345642,0.144887077,-0.162722482
-1.459166267,0.214160418,-0.017625075
-1.259797664,0.304455331,0.0356148
-1.052421176,0.406166456,0.071982884
-0.851579212,0.474644973,0.119973758
-0.641372222,0.649839751,0.082105959
-0.437808477,0.68310985,0.020242724
-0.23141048,0.959134698,-0.007127072
-0.027179411,0.863902133,-0.052118516
0.022667426,0.170231439,-0.086611956
-0.002012307,0.110428493,-0.026623364
0.008496168,0.12621998,0.013868936
0.00349124,0.033878021,0.061109952
0.005376992,0.069270148,0.15109284
0.005380741,0.020947148,0.181462065
0.004469731,0.039741717,0.194584569
0.006422965,0.017850337,0.158966343
0.004357261,0.018648909,0.085480317
0.00614179,0.017044266,0.041238731
0.005073322,0.007318929,-0.043495155
0.005785634,0.01985989,-0.100859247
0.005901853,0.005549323,-0.103483747
0.005778136,0.007708843,-0.125604541
0.006224268,-0.004704646,-0.152974336
0.006220519,-0.012532905,-0.188217634
0.006651655,0.001942625,-0.224960646
0.006640408,-0.001176681,-0.299571458
0.007330226,-0.003643632,-0.351686547
0.008293721,0.008218729,-0.346812474
0.009174739,0.004263359,-0.305945245
0.009984525,0.005796768,-0.226085432
0.010741825,-0.000344366,-0.185593133
0.010850546,-0.007077868,-0.123729897
0.011656583,0.003742225,-0.037871225
0.011559109,-0.000629303,0.028866084
0.012207688,0.009148522,0.075732171
0.012755043,-0.00666546,0.079856387
0.012211437,-0.00567568,0.071982884
0.014190914,-0.00369612,0.035239872
0.012500111,-0.007400296,0.022117367
0.01492572,0.00331482,0.007120219
0.013178681,-0.024327781,-0.01612536
0.014382114,0.025427401,0.021742438
0.015308119,-0.029737827,-0.012751002
0.01284127,0.016808068,-0.060741876
0.018659734,-0.00869001,-0.092610815
0.008998535,-0.021785846,-0.103858676
0.023495957,0.056691696,-0.130478614
0.001654225,-0.15838296,-0.202464924
0.073578981,0.898990577,-0.181843846
0.412530725,1.94658629,-0.138727045
0.762467067,1.671412503,0.028491155
1.065915685,1.742200506,0.03861423
1.381241167,1.774814501,0.100852394
1.663552867,1.774724521,0.37904949
1.940537224,1.802794527,0.271819881
2.20230435,1.682776225,0.340431833
2.462834301,1.728167377,0.451785657
2.714070458,1.699336291,0.325059757
2.94767502,1.711963482,0.445411869
3.171239733,1.745664735,0.413168001
3.382957575,1.783235128,0.329183972
3.58761978,1.810637782,0.398545782
3.776528645,1.811027695,0.329183972
3.950475211,1.825806908,0.30968768
4.109770645,1.819478315,0.281193099
4.256218223,1.843075566,0.171713918
4.392655944,1.846731003,0.134970906
4.516695689,1.851904852,0.05886038
4.626103048,1.848605586,0.0761071
4.720671825,1.827107868,0.149968054
4.803108806,1.822297688,0.172463776
4.873863872,1.811485093,0.25494809
4.932457149,1.794520117,0.260197092
4.978584968,1.765636542,0.218205077
5.011808695,1.737559038,0.290191388
5.032979354,1.703351648,0.23470194
5.043236645,1.671746178,0.06748374
5.042513086,1.63519181,0.041988588
5.030666215,1.596136748,-0.107233034
5.008400844,1.560665888,-0.296946957
4.975971908,1.519844969,-0.356185691
4.934260423,1.487051014,-0.454042082
4.884286119,1.4450791,-0.476162875
4.825947775,1.397843358,-0.507281957
4.759399098,1.343128029,-0.544399899
4.684467635,1.299049085,-0.490785095
4.601168382,1.241150714,-0.559397047
4.509726279,1.16874682,-0.601389061
4.410834894,1.126013826,-0.584142341
4.304591699,1.063020339,-0.661002724
4.190250643,1.00187894,-0.666626655
4.069251345,0.947988428,-0.65350415
3.942103671,0.872693927,-0.708243741
3.808069066,0.805598852,-0.710868241
3.667188768,0.730892971,-0.672625514
3.520913645,0.66152965,-0.678249445
3.371800521,0.60929627,-0.632883072
3.218166091,0.544855605,-0.577393624
3.057322315,0.465766948,-0.590891057
2.888077008,0.381039545,-0.545149756
2.713489361,0.307387179,-0.520404462
2.535201442,0.224121952,-0.543275113
2.351957331,0.145978085,-0.492659738
2.165815235,0.066484518,-0.415799355
1.972523778,-0.02055612,-0.337814185
1.777590254,-0.100762028,-0.221211359
1.5782254,-0.196249537,-0.103483747
1.377465914,-0.257267214,-0.040870654
1.175521742,-0.373000219,-0.035996581
0.968692609,-0.436338629,-0.043870084
0.767516983,-0.557058025,-0.050618801
0.554906877,-0.685924359,-0.111732179
0.356363057,-0.752805731,-0.130478614
0.14098993,-1.052435329,-0.094860387
-0.031374554,-0.680203132,-0.112482036
-0.039903551,-0.105437238,0.006370362
-0.025196185,-0.166949805,0.120723615
-0.034351267,-0.105309767,0.119973758
-0.027513073,-0.076947326,0.232827297
-0.031618239,-0.083437132,0.267695666
-0.029080159,-0.045806753,0.250074017
-0.03032858,-0.066112236,0.257197662
-0.030294839,-0.035893958,0.144719052
-0.029410072,-0.046886513,0.037864373
-0.030763465,-0.0348067,-0.034871795
-0.02960877,-0.031754879,-0.088861528
-0.030624752,-0.031597414,-0.107233034
-0.030013663,-0.024721443,-0.1316034
-0.030576014,-0.027833251,-0.16609684
-0.030752218,-0.022741884,-0.216337286
-0.030774712,-0.024818922,-0.275576021
-0.031337063,-0.025032624,-0.335564613
-0.031172107,-0.028320643,-0.357310477
-0.031831933,-0.025062617,-0.345687688
-0.032814173,-0.022591917,-0.248206226
-0.03354523,-0.024935146,-0.171345842
-0.034407503,-0.023694172,-0.214462643
-0.034921117,-0.020586113,-0.161972625
-0.035273524,-0.026641016,-0.072364665
-0.035869616,-0.021283458,-0.030372651
-0.035490966,-0.016945673,0.026616511
-0.036585677,-0.023735413,0.05023702
-0.036102055,-0.012622885,0.043488303
-0.036758132,-0.025718722,0.000371503
-0.03744795,-0.011119469,-0.033747009
-0.036525693,-0.026468555,-0.029622793
-0.038996291,-0.019735053,-0.042745298
-0.035903358,-0.013593919,-0.005627357
-0.039858563,-0.043714718,0.010119649
-0.036364486,0.003828456,-0.041620512
-0.038782597,-0.062235598,-0.064491163
-0.03941618,0.023504079,-0.085112241
-0.034992348,-0.069786419,-0.114731608
-0.046715502,0.005009443,-0.163097411
-0.021668367,-0.038195946,-0.117356109
-0.18339316,-1.361816507,-0.119230753
-0.560843487,-1.895086632,-0.051743587
-0.885084115,-1.638043811,0.073482599
-1.195850801,-1.78297907,-0.014625646
-1.501537578,-1.748306783,0.241825585
-1.779470434,-1.812706207,0.371550916
-2.053748006,-1.748389264,0.274819311
-2.312789601,-1.686220594,0.501276246
-2.573439521,-1.732882714,0.428915007
-2.817293877,-1.707080953,0.380174276
-3.04714568,-1.746597163,0.501651174
-3.266031629,-1.764015788,0.364802199
-3.475271375,-1.80271468,0.39629621
-3.675363536,-1.820219536,0.453285372
-3.858195256,-1.83485628,0.352804481
-4.027106902,-1.853800816,0.338932119
-4.181059997,-1.850685259,0.192334997
-4.324212195,-1.864013544,0.061109952
-4.456863416,-1.865453224,0.053611378
-4.57526465,-1.862678841,0.02699144
-4.679779551,-1.856473971,0.098977751
-4.769845767,-1.838961617,0.14809341
-4.847825175,-1.832782991,0.150342983
-4.914692517,-1.822240336,0.201708214
-4.968723249,-1.789375147,0.18858571
-5.010026092,-1.76562793,0.161215915
-5.038447337,-1.741663261,0.232827297
-5.055025459,-1.705690013,0.140594836
-5.060828927,-1.675363009,0.013119078
-5.056172657,-1.640454524,-0.01612536
-5.041064146,-1.601598168,-0.208838712
-5.015342189,-1.562820544,-0.302945816
-4.980251455,-1.522254568,-0.337439256
-4.936436775,-1.48003146,-0.417673998
-4.884126839,-1.435307659,-0.387304773
-4.823865252,-1.389714051,-0.472788517
-4.755033428,-1.338957842,-0.504657456
-4.677597627,-1.286514508,-0.508781672
-4.592097705,-1.231323035,-0.625759427
-4.498263733,-1.174073271,-0.568020407
-4.396841766,-1.116156154,-0.550773687
-4.287891786,-1.052997704,-0.599514418
-4.171222595,-0.991098973,-0.594265416
-4.047808935,-0.926388368,-0.626134355
-3.917680798,-0.863612333,-0.65350415
-3.780924411,-0.796119846,-0.631758286
-3.637472292,-0.724619501,-0.586391913
-3.489420138,-0.667148536,-0.575518981
-3.338466251,-0.597110366,-0.506157171
-3.181716394,-0.521684644,-0.502407884
-3.016688722,-0.439143005,-0.558647189
-2.843908099,-0.357399939,-0.565395906
-2.667637146,-0.287121823,-0.59314063
-2.486721171,-0.203796608,-0.547399328
-2.302805987,-0.134478278,-0.478412447
-2.114290768,-0.039159482,-0.391803918
-1.919773385,0.03716604,-0.242957224
-1.724082561,0.124236671,-0.155223908
-1.521875957,0.212552025,-0.103483747
-1.321963748,0.285105886,-0.043120227
-1.115520763,0.398278211,-0.038621082
-0.911237208,0.453919583,-0.078738453
-0.704786726,0.624907797,-0.125604541
-0.495018369,0.675551531,-0.156723623
-0.29555979,0.870549404,-0.098984603
-0.076328932,1.001560261,-0.064116234
0.025539167,0.341425857,-0.034496867
0.001564248,0.07348796,0.133471191
0.00568441,0.159205142,0.223829008
0.005898104,0.049744492,0.252698518
0.003521232,0.08072385,0.311562324
0.006542934,0.042564839,0.26657088
0.003498738,0.039340556,0.220454649
0.006490448,0.030188842,0.181462065
0.00458595,0.019271271,0.073857528
0.005856865,0.030293819,0.027366369
0.005616928,0.009077288,0.002246146
0.005624426,0.020635967,-0.034871795
0.006243013,0.011319289,-0.058492303
0.005748144,0.012638996,-0.147725334
0.006610416,0.011120584,-0.210713356
0.006201774,0.008038769,-0.271826734
0.006666651,0.010130804,-0.34493783
0.00701156,0.005984226,-0.36518398
0.007367716,0.008683626,-0.355810763
0.008484921,0.008477422,-0.292072884
0.008976041,0.005223145,-0.249331012
0.009680855,0.005208149,-0.233209078
0.010839299,0.007341424,-0.167596555
0.010884287,0.004038409,-0.063366376
0.011780301,0.008001278,-0.001128212
0.011964002,0.001076568,0.031490585
0.012065225,0.001635194,0.111725326
0.013084956,7.93e-05,0.118099114
0.012286417,0.005466841,0.049112234
0.014164671,0.006479116,0.024366939
0.012788784,-0.005750663,-0.02474872
0.014610803,0.017947815,-0.069365236
0.014063448,-0.015131077,-0.059242161
0.01375228,0.02030604,-0.074989166
0.01632785,-0.009882244,-0.094860387
0.011960253,0.008005027,-0.086611956
0.019075874,0.013182625,-0.146975477
0.009710847,-0.040171756,-0.184843275
0.021310284,0.081961075,-0.176969773
0.007450194,-0.161116102,-0.144725904
0.041742389,0.649179898,-0.052493444
0.348025259,1.90617403,-0.072739594
0.71205413,1.759289204,0.077606815
1.014216837,1.709110367,0.136095692
1.331802973,1.785439637,0.095603392
1.618343556,1.767031232,0.373800488
1.896141448,1.815736648,0.31831104
2.161147718,1.691478039,0.319060898
2.421055334,1.715581427,0.460783946
2.676104233,1.711011194,0.286817029
2.912839219,1.718179599,0.352054623
3.139256929,1.746785736,0.397420996
3.352785542,1.769591913,0.331433545
3.559513452,1.807792165,0.433414151
3.75204386,1.809231845,0.372675702
3.929094607,1.822931297,0.290941245
4.091276779,1.829747281,0.250823874
4.24036366,1.845152604,0.128597118
4.379440684,1.855702757,0.130471761
4.505962273,1.855301597,0.127472332
4.619133638,1.847960729,0.121848401
4.71709152,1.82809015,0.168714489
4.802276526,1.815672912,0.118474043
4.876195756,1.810634033,0.099352679
4.937660775,1.790995901,0.14809341
4.987001495,1.763139598,0.08772989
5.023340649,1.737817731,0.091104248
5.047094377,1.704517638,0.137970335
5.059211177,1.673238346,-0.035246724
5.060275896,1.638734772,-0.108732749
5.050835889,1.595150717,-0.148100263
5.030534999,1.556830491,-0.275201092
5.000153022,1.520756016,-0.27857545
4.960833406,1.482510774,-0.328815896
4.913029779,1.439710295,-0.332190254
4.857289498,1.395552617,-0.367808481
4.793331388,1.349970257,-0.505407314
4.720683072,1.295866043,-0.501283098
4.63946077,1.242380441,-0.583017555
4.549615746,1.180972851,-0.6306335
4.451879055,1.119017882,-0.5470244
4.346479388,1.067290639,-0.609262564
4.233577952,1.005541875,-0.687622662
4.114483151,0.949308134,-0.693621521
3.989108759,0.882629217,-0.678999302
3.857049881,0.8076309,-0.671875657
3.718160308,0.750062456,-0.589766271
3.573103613,0.683304807,-0.499408455
3.424447868,0.621822233,-0.482536663
3.271611978,0.556624237,-0.486660879
3.11183667,0.474078849,-0.5470244
2.943521117,0.389748858,-0.562396476
2.769297124,0.315882789,-0.55564776
2.592156401,0.241773025,-0.536151467
2.409718328,0.166508518,-0.466789658
2.224955868,0.090640394,-0.404551494
2.033677629,-0.004412211,-0.32469168
1.838631634,-0.073903003,-0.270327019
1.640676408,-0.172798504,-0.250080869
1.43803492,-0.243050376,-0.217837001
1.237192956,-0.336419606,-0.205839283
1.028658024,-0.428367902,-0.237333293
0.826590134,-0.507977693,-0.277825593
0.615554612,-0.673923279,-0.289448383
0.41137228,-0.709007974,-0.247831297
0.204689359,-0.992081255,-0.141726475
0.001076877,-0.874807342,-0.039745868
-0.048271342,-0.194626148,0.100477465
-0.023692832,-0.134422041,0.244825015
-0.03396137,-0.143719972,0.248574302
-0.02851031,-0.065658587,0.259447234
-0.030422305,-0.095486952,0.245199944
-0.030302337,-0.044149622,0.17996235
-0.029031422,-0.063555305,0.169089418
-0.030834696,-0.04321233,0.098227893
-0.028780239,-0.044547033,0.057735594
-0.030572265,-0.038949528,0.051736734
-0.029383829,-0.031589915,0.003745861
-0.030242352,-0.041510209,-0.047619371
-0.030351074,-0.025516267,-0.119230753
-0.03017487,-0.030633878,-0.16909627
-0.030680987,-0.024339028,-0.259454087
-0.030336078,-0.023319255,-0.331815326
-0.030830947,-0.024380269,-0.308569746
-0.030962162,-0.021242217,-0.297696814
-0.03153951,-0.024357774,-0.298446671
-0.03256299,-0.024488995,-0.275576021
-0.0332828,-0.023694172,-0.191591992
-0.034118829,-0.024698948,-0.11135725
-0.034816145,-0.020094973,-0.0479943
-0.034812396,-0.020994772,0.02999087
-0.03547597,-0.024612718,0.060735023
-0.035269775,-0.018595306,0.104601681
-0.03619578,-0.025242577,0.10197718
-0.036207027,-0.013278989,0.042363517
-0.036263263,-0.026468555,0.004870647
-0.037811604,-0.019690063,-0.047619371
-0.03615829,-0.016934426,-0.134602829
-0.038775099,-0.026067394,-0.214087714
-0.036162039,-0.00657548,-0.186717919
-0.038977546,-0.040171756,-0.176594844
-0.037717878,0.011161824,-0.198340709
-0.037163025,-0.048408674,-0.22383586
-0.041166968,0.008634887,-0.250080869
-0.033140337,-0.028886767,-0.134602829
-0.047678998,-0.034739215,-0.100484318
-0.021435928,0.071909561,-0.071614808
-0.134637285,-1.125450337,-0.064866091
-0.498692399,-1.922271834,-0.068615378
-0.837074293,-1.641470548,0.101602252
-1.144061976,-1.763517149,0.064859239
-1.45574717,-1.77056933,0.247074587
-1.735070909,-1.792115787,0.447286513
-2.011702859,-1.763824581,0.271819881
-2.272296544,-1.675647946,0.380174276
-2.533343859,-1.722902434,0.34418112
-2.781618297,-1.700107505,0.233202225
-3.013876965,-1.73015707,0.415417573
-3.23550344,-1.751028677,0.364052342
-3.446152814,-1.787856735,0.332183402
-3.649022992,-1.814404579,0.368176557
-3.835551236,-1.819529689,0.242575443
-4.007702026,-1.836322204,0.244450086
-4.165254171,-1.84061125,0.269945238
-4.310906959,-1.855180509,0.280443241
-4.445931303,-1.859773237,0.289066602
-4.568171523,-1.854468167,0.241075728
-4.675603153,-1.841604779,0.195334427
-4.768379904,-1.82892135,0.122973187
-4.849440998,-1.819934599,0.086980032
-4.918745197,-1.804424299,0.086230175
-4.976352485,-1.786788223,0.09635325
-5.021614282,-1.760918977,0.061109952
-5.053552099,-1.724165903,0.060360095
-5.073046951,-1.696662021,-0.007876929
-5.080938617,-1.667478513,-0.121855254
-5.078336804,-1.629158287,-0.083237598
-5.065342735,-1.592693899,-0.145100833
-5.041787705,-1.554508643,-0.179219345
-5.008856401,-1.515213634,-0.16609684
-4.966931222,-1.472716838,-0.297696814
-4.916934425,-1.430823657,-0.367808481
-4.859214667,-1.385758681,-0.481411877
-4.792613504,-1.335939764,-0.545524685
-4.717247156,-1.283770119,-0.507656886
-4.63354301,-1.22914477,-0.583017555
-4.541276125,-1.173518394,-0.58151784
-4.440926374,-1.11203957,-0.640006717
-4.333029867,-1.052720266,-0.774231192
-4.217470382,-0.99169884,-0.762608402
-4.09539137,-0.927516867,-0.699995309
-3.967118993,-0.864947036,-0.635507573
-3.832038413,-0.797192108,-0.530902465
-3.690254604,-0.729444678,-0.442044364
-3.543327153,-0.670162865,-0.487035808
-3.393175554,-0.605789685,-0.47766259
-3.237554149,-0.529730354,-0.473913303
-3.073988591,-0.448283472,-0.510656316
-2.902298929,-0.365183208,-0.454042082
-2.726264165,-0.293532896,-0.47766259
-2.546296689,-0.214695434,-0.445418722
-2.362801394,-0.145260879,-0.337814185
-2.176051959,-0.056746819,-0.324316752
-1.981778261,0.027080783,-0.302195958
-1.78687098,0.103953683,-0.245206796
-1.585669111,0.201533226,-0.229084862
-1.384223557,0.258269356,-0.280450094
-1.179857524,0.37872631,-0.335564613
-0.972252346,0.438360544,-0.328440967
-0.768643613,0.576123649,-0.302195958
-0.554548899,0.679428169,-0.237708222
-0.356020074,0.773843416,-0.080988025
-0.136260606,1.049410866,0.037864373
0.016222877,0.559286144,0.108350968
0.009523397,0.064696166,0.255697947
0.001466774,0.161672094,0.311187395
0.00848867,0.072558167,0.259822163
0.00246776,0.068561556,0.245574872
0.007288987,0.05982225,0.159341271
0.004038595,0.031508548,0.089604533
0.00621677,0.047127574,0.095228464
0.005444474,0.015514606,0.052486592
0.005328254,0.026083505,0.065609096
0.00621677,0.013992445,0.054736164
0.005197039,0.019379996,-0.048369229
0.006302997,0.0150947,-0.129728756
0.005853116,0.011368029,-0.223460931
0.006599169,0.011795433,-0.276700807
0.0064792,0.004132138,-0.291323026
0.006790368,0.009928349,-0.256079728
0.007109034,0.007660103,-0.225710504
0.007169018,0.007461398,-0.262453516
0.008312466,0.009092285,-0.234333864
0.009028527,0.00389969,-0.139101974
0.0098908,0.006452872,-0.06524102
0.011097981,0.010183292,-0.025498578
0.011097981,0.001117809,0.059235308
0.011577854,0.006760304,0.090354391
0.012087719,0.002939903,0.063734453
0.012050229,0.006156688,0.056235879
0.013242415,0.001893886,-0.013500859
0.01238764,-0.00581065,-0.054743016
0.014029707,0.011154326,-0.092610815
0.013159936,-0.00635053,-0.187842705
0.014040954,0.017329203,-0.248956083
0.014880732,-0.008622525,-0.246331582
0.013242415,0.012511524,-0.201715067
0.017025166,0.003479783,-0.19796578
0.01193401,-0.011389409,-0.181468917
0.018757208,0.025311177,-0.144350976
0.01155536,-0.060192303,-0.095985173
0.018078637,0.078219408,-0.03074758
0.013801017,-0.136082921,-0.031872366
0.019308313,0.401513741,-0.043870084
0.283767227,1.78933877,-0.12298004
0.659466766,1.828532551,0.006370362
0.964996085,1.672960908,0.147718482
1.282417264,1.797583186,0.101227323
1.57474257,1.755431313,0.341931548
1.852525466,1.804747842,0.307438108
2.12058343,1.682161361,0.200958357
2.380296097,1.687001535,0.334058046
2.638692863,1.707352008,0.212581147
2.878235857,1.694931021,0.303313892
3.107045435,1.726030353,0.437163438
3.322755972,1.746849472,0.348305336
3.531549586,1.780996876,0.375675131
3.727697789,1.786245708,0.332183402
3.907788983,1.802637062,0.293565746
4.07404258,1.816190297,0.354679124
4.225663792,1.825229536,0.326184543
4.367042708,1.83218049,0.319060898
4.497178343,1.836994419,0.21445579
4.613240194,1.825559463,0.06748374
4.71459468,1.815969096,0.029241012
4.802778893,1.798629203,-0.062991448
4.879052501,1.785327162,-0.035246724
4.943681685,1.773404814,0.10197718
4.996014115,1.731744082,0.100852394
5.035802359,1.718393302,0.070108241
5.063132641,1.701300854,0.080231316
5.078541073,1.665889981,-0.021749291
5.08263874,1.63159636,-0.061866662
5.075474382,1.589838149,-0.023998863
5.05776031,1.55220777,-0.085112241
5.029515269,1.511686783,-0.126354398
4.991807726,1.474138886,-0.243707081
4.945904848,1.433407947,-0.379056342
4.891889112,1.390378768,-0.48928538
4.830202901,1.346299824,-0.653129222
4.759901466,1.290313528,-0.616761138
4.680823598,1.236194317,-0.581142911
4.593482912,1.178003511,-0.670375942
4.497474515,1.111849477,-0.685748019
4.393754404,1.060009759,-0.744236896
4.282202611,0.998392216,-0.776480764
4.163156548,0.930134899,-0.69962038
4.038584444,0.879689871,-0.582267697
3.907676512,0.818469739,-0.486660879
3.770354025,0.752004524,-0.433795932
3.627183082,0.685693025,-0.469414159
3.479370865,0.618522967,-0.527528107
3.328128304,0.558888733,-0.514780531
3.170242496,0.486514832,-0.538401039
3.003677731,0.399005549,-0.509156601
2.829914867,0.324460881,-0.462665442
2.652635431,0.25231568,-0.463040371
2.470774705,0.170557617,-0.436420433
2.286008496,0.103593763,-0.440544649
2.096709734,0.012369056,-0.408300781
1.901817449,-0.060762176,-0.337439256
1.705478046,-0.149714889,-0.302195958
1.502885295,-0.233040103,-0.28157488
1.302174547,-0.306838687,-0.323941823
1.094359424,-0.420528396,-0.361059764
0.88931482,-0.475000029,-0.320192536
0.681522192,-0.646299424,-0.289448383
0.470344208,-0.69805666,-0.171720771
0.269794667,-0.894861631,0.002996003
0.050177661,-1.016848245,0.053236449
-0.050753186,-0.358262247,0.121473473
-0.026440856,-0.093976038,0.199458642
-0.030759716,-0.176491432,0.139095122
-0.030774712,-0.067428193,0.098602822
-0.02820664,-0.096094316,0.092229034
-0.031089629,-0.056866793,0.067108811
-0.02797795,-0.058156506,0.097478036
-0.030917174,-0.051756679,0.130096833
-0.028753996,-0.035654011,0.100852394
-0.029964926,-0.04842742,0.032990299
-0.029676252,-0.027934479,-0.028498007
-0.029470056,-0.035560282,-0.111732179
-0.030103639,-0.026209862,-0.188217634
-0.029548786,-0.028545593,-0.236958365
-0.030317333,-0.026738495,-0.26432816
-0.030047404,-0.021748355,-0.245206796
-0.030504783,-0.025100109,-0.248956083
-0.030650995,-0.020338668,-0.245581725
-0.031029645,-0.026854719,-0.18934242
-0.032150599,-0.02640107,-0.117356109
-0.032769185,-0.021560896,-0.027373221
-0.033612712,-0.026562284,0.006370362
-0.034441244,-0.021913318,0.044613089
-0.034396256,-0.019078949,0.100852394
-0.035284771,-0.022685646,0.028116226
-0.035157305,-0.015678455,0.016118508
-0.035614684,-0.023840389,0.032240442
-0.036267012,-0.014051317,-0.054368088
-0.035610935,-0.020829809,-0.103483747
-0.03725675,-0.019551343,-0.19796578
-0.035749648,-0.011258188,-0.278200522
-0.038156513,-0.02990654,-0.285324167
-0.03627451,-0.002436401,-0.271076876
-0.037582914,-0.039808087,-0.227585147
-0.038576402,0.003712232,-0.185218204
-0.035498465,-0.039268207,-0.100859247
-0.04183804,-0.01480115,-0.061866662
-0.032383037,0.000559183,-0.041995441
-0.046730498,-0.076744871,-0.047619371
-0.025297408,0.127224756,-0.034871795
-0.093461908,-0.867372746,-0.083987455
-0.432387408,-1.90637912,-0.136852402
-0.786541387,-1.674028306,0.08473046
-1.091047226,-1.727840086,0.047987447
-1.407486164,-1.77380861,0.13084669
-1.690172765,-1.772166475,0.37605006
-1.967933167,-1.779762285,0.167589703
-2.230986203,-1.66749351,0.227578295
-2.492078506,-1.712502247,0.333308188
-2.744563083,-1.695001141,0.259822163
-2.97913114,-1.71482673,0.4105435
-3.203228213,-1.737640405,0.392546923
-3.415512155,-1.766475241,0.332183402
-3.620946656,-1.802358509,0.395921281
-3.810826515,-1.804379309,0.359178268
-3.986092732,-1.822375306,0.398920711
-4.146509121,-1.824283632,0.377549775
-4.294966168,-1.84034131,0.287566887
-4.433499586,-1.846339975,0.205082573
-4.558206654,-1.838909128,0.024741868
-4.669338558,-1.831182097,-0.028872936
-4.765170751,-1.812994893,-0.063366376
-4.848065111,-1.803839429,-0.057367517
-4.920510981,-1.792127035,0.095603392
-4.980806308,-1.771247929,0.136470621
-5.028842374,-1.748396763,0.055111093
-5.063936856,-1.71986186,0.094853535
-5.086918288,-1.68790022,0.091854105
-5.098326525,-1.654078994,-0.022124219
-5.097887891,-1.62006656,0.03861423
-5.087251949,-1.58275486,0.036739586
-5.065687644,-1.541697743,-0.093360672
-5.033952274,-1.501679145,-0.213712785
-4.994227764,-1.46227541,-0.397427848
-4.946094225,-1.42159321,-0.491534952
-4.889934055,-1.378102884,-0.565770835
-4.825957199,-1.329847369,-0.613386779
-4.753413856,-1.278318831,-0.568770264
-4.672292778,-1.224934457,-0.672625514
-4.582331534,-1.166717407,-0.744986753
-4.483938766,-1.108054207,-0.733363963
-4.37774056,-1.048371233,-0.741987324
-4.263429496,-0.985606445,-0.651254578
-4.142317728,-0.925462324,-0.527903036
-4.015365002,-0.864317176,-0.43454579
-3.88184776,-0.800738819,-0.406426137
-3.741563555,-0.733002637,-0.432671146
-3.595569608,-0.668558222,-0.489660308
-3.44673766,-0.610344922,-0.487035808
-3.29329068,-0.538507152,-0.469789087
-3.131577134,-0.456272945,-0.502407884
-2.961664503,-0.372749025,-0.46041587
-2.78607587,-0.302039754,-0.441669435
-2.606963169,-0.225691738,-0.463040371
-2.423580344,-0.152388044,-0.437545219
-2.237558217,-0.075635118,-0.396677991
-2.044675402,0.016568122,-0.309694532
-1.849831854,0.084079354,-0.260203944
-1.650819407,0.184988157,-0.266577732
-1.44821166,0.247891664,-0.260578873
-1.246379957,0.350247645,-0.295072313
-1.037072729,0.430273593,-0.288323597
-0.83428128,0.522934231,-0.225335575
-0.620419005,0.682498736,-0.177344701
-0.416937738,0.717737147,-0.062616519
-0.204275146,1.016564423,0.071607955
-0.010327611,0.787857799,0.0761071
0.02011435,0.124604089,0.092978891
-0.001138788,0.13246609,0.131971476
0.009669608,0.111493256,0.089604533
0.003438753,0.052803811,0.087354961
0.006831607,0.077762009,0.091104248
0.005391988,0.027594419,0.096728178
0.005586936,0.051787787,0.121098544
0.006704141,0.02224061,0.083230745
0.005073322,0.027898101,0.033365228
0.006992815,0.02143079,0.00674529
0.00557194,0.01028077,-0.062991448
0.006640408,0.018157768,-0.141351546
0.006539185,0.006816541,-0.201715067
0.006764125,0.009399716,-0.244456939
0.007101536,0.007686348,-0.21821193
0.006959074,0.009883359,-0.217837001
0.007555166,0.007161464,-0.238458079
0.007510178,0.004454566,-0.206214211
0.008038789,0.00709023,-0.130103685
0.008274976,0.005275634,-0.041995441
0.008417439,0.005601811,0.025116797
0.008762348,0.005219396,0.074232456
0.008627383,0.002452512,0.089229604
0.008496168,0.002568736,0.069358383
0.008537407,0.001867642,0.02999087
0.008406192,0.002111338,0.021742438
0.008151259,0.000596675,-0.009001715
0.008057534,0.001016581,-0.101234175
0.007941314,0.001050324,-0.199840423
0.007652641,-0.005120803,-0.276700807
0.007547668,-0.00302502,-0.29319767
0.007468939,-0.00154035,-0.275576021
0.007420202,-0.002001497,-0.233209078
0.007378963,0.000604173,-0.190092277
0.007255246,0.000506695,-0.118855824
0.00716152,-0.000423098,-0.061116804
0.007015309,-0.002095227,-0.058867232
0.007015309,-0.000700537,-0.041620512
0.006932831,-0.000779269,-0.070490022
0.006812862,-0.0026651,-0.104233605
0.006805364,-0.002747581,-0.123354969
0.006711639,-0.002008996,-0.090736172
0.006700392,-5.57e-05,-0.034496867
0.006497946,-0.000291878,-0.066365806
0.006317993,-0.00262011,-0.077988596
0.006434212,-2.19e-05,-0.111732179
0.00625426,-0.001814039,-0.150349835
0.006228017,-0.007741471,-0.145850691
0.006482949,-0.001915267,-0.142851261
0.006265507,0.000465454,-0.10835782
