0.002895147,0.010648189,-0.101984033
0.003292542,-0.004277241,-0.105358391
0.001946647,-0.009019936,-0.089611386
0.004391002,0.01639566,-0.094860387
0.000477035,-0.034649235,-0.113981751
0.005680661,0.042171176,-0.084362384
-0.000100312,-0.061133344,-0.117356109
0.005219533,0.070394898,-0.108732749
0.001403041,-0.111840814,-0.077238738
0.00492711,0.31889337,-0.113981751
0.168687616,2.488903152,-0.034871795
0.379569429,2.916551772,-0.035996581
0.533612501,2.996277787,0.031865513
0.659369292,3.886914665,-0.095985173
0.761289878,3.206549762,-0.343063187
0.882832782,2.799214124,-0.22383586
0.992247639,2.62651629,0.023242153
1.091937564,2.381692001,0.319060898
1.183109738,2.4734041,0.186711066
1.260534292,2.269138289,0.169839275
1.334745945,2.247138183,0.203207929
1.39092486,2.192988978,-0.072739594
1.437570043,2.115939868,0.153342412
1.472357107,2.065817267,0.124847831
1.498184036,2.001237883,-0.099359532
1.514953358,2.004855828,-0.099359532
1.520606865,1.925268532,-0.370432982
1.518762352,1.880525985,-0.364434123
1.506997959,1.818563519,-0.19496635
1.487649318,1.747704281,-0.085112241
1.459209328,1.67434435,0.114724756
1.421224359,1.570196268,-0.041245583
1.37562515,1.486004996,-0.140976617
1.321804363,1.390941143,-0.206964069
1.261374071,1.279377211,-0.448418151
1.194255545,1.171881123,-0.297321885
1.121745942,1.063117817,-0.133478043
1.042199448,0.923393899,-0.196466065
0.95789546,0.809629206,-0.1316034
0.872324307,0.686847768,-0.107607963
0.781365826,0.547824944,-0.28457431
0.687528106,0.402990912,-0.268827304
0.583774254,0.227646168,-0.216337286
0.477609789,0.09470449,-0.292822741
0.366057997,-0.081045164,-0.26995209
0.25421753,-0.194824854,-0.382805629
0.144690203,-0.44056019,-0.485911021
0.027919789,-0.587208818,-0.476162875
-0.01279446,-0.202041998,-0.355435834
0.00265521,-0.053488794,-0.077988596
-0.001783618,-0.094193489,0.037489444
3.47e-05,-0.030386433,0.13084669
0.00027084,-0.05328259,0.199458642
-0.00056144,-0.026179869,-0.035621653
0.000660737,-0.029306673,-0.096360102
-0.000936341,-0.024147821,-0.062616519
0.000375812,-0.018227888,-0.224210789
-0.000463966,-0.026089889,-0.134227901
-7.03e-05,-0.01179057,-0.042745298
-0.000280265,-0.018411597,-0.151099692
-0.000497707,-0.01471117,-0.108732749
-0.000396484,-0.014921123,-0.060366947
-0.000707652,-0.01565596,-0.046869514
-0.00052395,-0.015438508,0.077231886
-0.000760138,-0.011453145,0.139095122
-0.000917596,-0.01039588,0.102352109
-0.001041314,-0.01350019,-0.037121367
-0.001138788,-0.010294653,-0.087736742
-0.001416215,-0.01125069,-0.032247294
-0.001528685,-0.008007661,-0.086611956
-0.001532434,-0.012075506,0.019867795
-0.001596167,-0.014002578,0.127847261
-0.001678645,-0.008213865,0.023992011
-0.001498693,-0.012844085,-0.01050143
-0.001311242,-0.00796642,-0.084362384
-0.001423713,-0.008630023,-0.242207366
-0.001419964,-0.015146073,-0.236958365
-0.001314991,-0.00810514,-0.205839283
-0.001292497,-0.007707728,-0.228335005
-0.001307493,-0.010182178,-0.205089425
-0.001198772,-0.007145353,-0.163847268
-0.001146286,-0.006309289,-0.173970343
-0.001183776,-0.010647074,-0.162347553
-0.001240011,-0.009151157,-0.050618801
-0.001198772,-0.004753385,-0.017625075
-0.00097758,-0.007951424,-0.037496296
-0.00094009,-0.009833505,-0.050618801
-0.001033816,-0.011044486,-0.139101974
-0.001071306,-0.010114693,-0.28157488
-0.000943839,-0.009053679,-0.287948668
-0.000793879,-0.011734332,-0.230209648
-0.000947588,-0.010688315,-0.228709933
-0.000722648,-0.009612304,-0.112107107
-0.000658915,-0.009477334,-0.052493444
-0.001195023,-0.011831811,-0.101984033
-0.001614912,-0.012454172,-0.088486599
-0.002023554,-0.008843725,-0.052118516
-0.002282236,-0.011940536,-0.028123079
-0.00257091,-0.011494386,-0.007876929
-0.002578408,-0.016394546,0.011244435
-0.003084524,-0.018962724,-0.014625646
-0.002953309,-0.008926207,-0.075739024
-0.003496915,-0.014954866,-0.063366376
-0.003811832,-0.004532184,-0.034871795
-0.003204492,-0.015483498,-0.034496867
-0.004531642,-0.013024045,0.025116797
-0.003065779,-0.007449036,0.031115656
-0.004775328,-0.021864579,-0.040120797
-0.00329072,0.005987975,-0.083987455
-0.003920553,-0.035339081,-0.128229042
-0.004449164,0.004128389,-0.173595414
-0.002668384,-0.026644766,-0.127104255
-0.006563605,-0.006627968,-0.040120797
0.000855685,0.00237003,-0.046494585
-0.010008946,-0.057361683,-0.044619942
0.006512942,0.110938379,-0.044619942
-0.04729285,-0.762711028,-0.096735031
-0.287983041,-1.71685128,-0.065615949
-0.518869571,-1.630721689,-0.050993729
-0.705723978,-1.715599059,-0.086986885
-0.889395476,-1.773921085,-0.033747009
-1.040574304,-1.837638161,-0.034871795
-1.18385022,-1.935926297,-0.124104826
-1.302172724,-1.928379226,-0.064491163
-1.406582653,-1.967449285,-0.094860387
-1.500390381,-1.921229566,-0.123354969
-1.581890109,-1.920970874,0.047612519
-1.652600187,-1.900541668,-0.042370369
-1.707223263,-1.876318307,-0.040495726
-1.750798006,-1.876434531,0.068233597
-1.781277457,-1.845072757,-0.03937094
-1.803111691,-1.827327954,0.016118508
-1.814748618,-1.794009116,0.020992581
-1.816626872,-1.736560646,-0.029247865
-1.810939624,-1.6823702,0.037114515
-1.796787112,-1.628224745,-0.060366947
-1.774293052,-1.574555434,-0.077238738
-1.741597935,-1.516499598,0.008245005
-1.699065417,-1.440050354,-0.069365236
-1.647902677,-1.377514265,-0.015000574
-1.588420885,-1.30403811,-0.033747009
-1.520323867,-1.209806572,-0.164597126
-1.446078473,-1.113378022,-0.143976047
-1.364698713,-0.998998466,-0.2557048
-1.276998122,-0.892998296,-0.325066609
-1.18502366,-0.781820527,-0.280825023
-1.09012497,-0.673094713,-0.357685406
-0.991091121,-0.53959441,-0.345312759
-0.883861937,-0.405719191,-0.257954372
-0.772546332,-0.270854191,-0.277825593
-0.653166607,-0.120782575,-0.229834719
-0.535455191,-0.005634439,-0.190092277
-0.411857829,0.163302981,-0.203964639
-0.286783358,0.262044766,-0.179594274
-0.163395941,0.527009574,-0.230584577
-0.032540496,0.64251763,-0.224585718
0.012905004,0.190150758,-0.248206226
-0.004126749,0.048600996,-0.311194247
0.000578259,0.093531001,-0.213712785
-0.001270003,0.022124386,-0.193466635
-0.00128125,0.05078676,-0.227210218
-0.000295261,0.014809763,-0.139101974
-0.001671147,0.017865333,-0.124104826
-0.000149049,0.019151297,-0.179969202
-0.001536183,0.007285187,-0.125979469
-0.000385237,0.015803292,-0.081737883
-0.00094009,0.004417075,-0.098609674
-0.000797628,0.007592618,-0.054368088
-0.000321504,0.004814486,0.002246146
-0.000520201,0.005193152,0.019117938
-0.000242774,0.000442959,0.031490585
-0.000224029,-0.004116027,0.08772989
4.66e-06,-0.001454119,0.10497661
7.21e-05,0.000364226,0.075732171
0.000199609,0.002636221,0.089979462
0.000432047,-0.002001497,0.061859809
0.000656988,-0.005776908,0.014618793
0.000675733,-0.002567621,-0.000753284
0.001013144,-0.000411851,-0.03937094
0.000994399,-0.005859389,-0.07386438
0.000758211,-0.008611277,-0.059992018
0.000784454,-0.005829396,-0.046494585
0.000671984,-0.00689041,-0.046119656
0.00068698,-0.003032518,-0.025873506
0.000728219,-0.002758829,-0.01050143
0.000668235,-0.0040148,-0.013125931
0.000582008,0.000101785,-0.037496296
0.000582008,-0.003594893,-0.044619942
0.000612,-0.005154546,-0.089611386
0.000930666,-0.001334146,-0.136102544
0.001538005,-0.000171904,-0.138352117
0.001886663,0.000345481,-0.241457509
0.002583979,0.002812432,-0.284949238
0.002962629,-0.00172031,-0.245206796
0.003292542,0.003434793,-0.296197099
0.004008603,0.00187514,-0.296946957
0.003809905,-0.003047515,-0.278950379
0.004912114,0.001282772,-0.29019824
0.00424854,-0.008427568,-0.272576591
0.00523078,0.006940264,-0.259079158
0.005328254,-0.006189316,-0.178844416
0.004945855,0.009992085,-0.12298004
0.006805364,-0.001367888,-0.110982321
0.004102328,0.00183015,-0.038996011
0.008158757,0.016384413,-0.025498578
0.003697435,-0.023210529,-0.024373792
0.007900075,0.041852497,0.015368651
0.005680661,-0.049934585,0.006370362
0.005039581,0.066896926,0.000746431
0.011424145,-0.070210074,-0.003752713
-0.005997505,0.127539686,-0.051368658
0.181464242,1.604849809,-0.061116804
0.531558043,2.074923992,0.011244435
0.814874478,1.885279928,0.022492296
1.09267237,2.103008994,0.028866084
1.34968575,2.137137652,0.262071735
1.58136707,2.302824545,0.322060327
1.805869036,2.352759687,0.292066031
2.012349511,2.38363032,0.526771397
2.21260288,2.484797815,0.482904739
2.390463412,2.562244337,0.50877482
2.554448859,2.690750751,0.717235177
2.702538503,2.787426746,0.61263007
2.836239446,2.887694441,0.60100728
2.955484208,2.926914467,0.578136629
3.058926891,2.93018374,0.415417573
3.15171114,2.88904789,0.341181691
3.232738493,2.797410775,0.165340131
3.304895689,2.744405066,0.011994292
3.365363471,2.709275381,-0.038996011
3.41452049,2.622054783,-0.198715637
3.454143777,2.537109929,-0.241832438
3.481687753,2.497923646,-0.248956083
3.49862578,2.420792053,-0.195341279
3.506903594,2.353655738,-0.000378355
3.504961607,2.304537914,-0.153724193
3.493077246,2.218389578,-0.274076306
3.472637643,2.137411341,-0.17771963
3.444100179,2.045628009,-0.230584577
3.40914441,1.94218102,-0.323191966
3.368186475,1.844065346,-0.407925852
3.320517813,1.75283689,-0.450292795
3.26641585,1.663460521,-0.566520692
3.205097042,1.567178189,-0.670750871
3.135931557,1.482758219,-0.583767412
3.059448004,1.395305172,-0.597639774
2.975462682,1.298689165,-0.696620951
2.884178037,1.205312436,-0.685748019
2.786175167,1.110968423,-0.718741744
2.682072657,1.017482969,-0.768232333
2.570813288,0.922434112,-0.691371949
2.453158107,0.830898225,-0.586766842
2.332136315,0.745136052,-0.501283098
2.208179048,0.668934253,-0.364809051
2.078853199,0.563815137,-0.308569746
1.940698432,0.44624879,-0.300696244
1.796316559,0.351151194,-0.228335005
1.644980272,0.249263859,-0.192716778
1.491510799,0.162294455,-0.162722482
1.333639987,0.045894098,-0.150349835
1.170479323,-0.04609169,-0.169846127
1.006092733,-0.165686336,-0.210338427
0.834837956,-0.272121409,-0.279700236
0.668381912,-0.37587208,-0.251580584
0.493063208,-0.519742576,-0.196466065
0.326479698,-0.583680853,-0.151099692
0.151584633,-0.880146155,-0.020249576
-0.007365893,-0.708411857,0.040863802
-0.031254585,-0.138204949,0.054361235
-0.013735461,-0.131610166,0.121848401
-0.022230718,-0.113839119,0.150717911
-0.01654347,-0.060758427,0.181462065
-0.019531431,-0.084655611,0.188960639
-0.018294258,-0.044622016,0.112850112
-0.018253019,-0.057061749,0.082105959
-0.019212765,-0.036801256,0.027741298
-0.017728157,-0.041026566,-0.050243872
-0.019224012,-0.031743631,-0.023998863
-0.018320501,-0.029415399,-0.080238168
-0.018984075,-0.030183978,-0.146225619
-0.018751637,-0.021152237,-0.153724193
-0.019040311,-0.029632851,-0.184468347
-0.019239008,-0.025047621,-0.180344131
-0.019167777,-0.023113051,-0.218586858
-0.019505188,-0.019622578,-0.196840994
-0.019418961,-0.021204726,-0.135727616
-0.019846348,-0.020964779,-0.150724764
-0.019883838,-0.016994412,-0.134227901
-0.020078786,-0.020428648,-0.130103685
-0.020416197,-0.016274572,-0.152599407
-0.020374958,-0.015832171,-0.130853542
-0.020213751,-0.018632798,-0.134977758
-0.020011304,-0.012184232,-0.190842134
-0.019921328,-0.017309342,-0.192716778
-0.019887587,-0.015363525,-0.182593703
-0.019857595,-0.012964059,-0.211088284
-0.020397452,-0.021688368,-0.192716778
-0.021042282,-0.014992358,-0.182593703
-0.021218485,-0.016072117,-0.164597126
-0.021972036,-0.016694479,-0.119605682
-0.02226071,-0.012667875,-0.098609674
-0.022733085,-0.019543845,-0.050618801
-0.022954277,-0.012529156,-0.038996011
-0.023179218,-0.018973972,-0.056992589
-0.024273929,-0.014606193,-0.048744157
-0.02328419,-0.015667207,-0.049868943
-0.024963746,-0.021602137,-0.047619371
-0.02389153,-0.002781324,-0.028872936
-0.024896264,-0.027555813,-0.026623364
-0.02513995,0.000386721,-0.013125931
-0.02422894,-0.027147154,0.003745861
-0.027228148,-0.00581065,-0.025498578
-0.022624364,-0.008832478,-0.009001715
-0.029147642,-0.035417814,-0.006752143
-0.021439677,0.033008215,-0.017250146
-0.030144878,-0.093293689,-0.022874077
-0.021398438,0.129946651,-0.083612526
-0.038973797,-0.506631743,-0.096735031
-0.309438625,-1.80298462,-0.12298004
-0.659228756,-1.765031812,-0.056992589
-0.941465476,-1.655867346,-0.08548717
-1.232602346,-1.744887543,-0.119605682
-1.492986086,-1.698724062,0.16833956
-1.742017824,-1.774337242,0.092229034
-1.98129089,-1.67738006,0.021742438
-2.210276671,-1.671227679,0.206582288
-2.431235823,-1.674624423,0.041988588
-2.631804109,-1.685560741,0.092229034
-2.822257566,-1.728394962,0.260946949
-2.997906182,-1.748348024,0.191960068
-3.163068818,-1.787957962,0.218954935
-3.312500607,-1.791200991,0.232452368
-3.445286793,-1.801488702,0.199458642
-3.563867979,-1.808803325,0.173963491
-3.666872029,-1.809406941,0.109850683
-3.758565315,-1.807123699,0.136470621
-3.836900879,-1.791418443,0.065609096
-3.901413843,-1.773336215,-0.02774815
-3.953225162,-1.746735882,0.01836808
-3.991416326,-1.716078952,-0.087736742
-4.018229246,-1.68915994,-0.027373221
-4.034751133,-1.654836325,0.150342983
-4.040048484,-1.610228748,0.115849542
-4.034694898,-1.561755781,0.123723045
-4.019507658,-1.514718744,0.078356672
-3.995154089,-1.471772048,-0.129728756
-3.962518957,-1.422035612,-0.187842705
-3.921962167,-1.368876187,-0.120730468
-3.872771407,-1.316477843,-0.346062616
-3.814238114,-1.251519793,-0.489660308
-3.747501987,-1.184983344,-0.433421003
-3.673200358,-1.122687201,-0.409050638
-3.590440962,-1.053252647,-0.386929845
-3.499819892,-0.985760161,-0.463415299
-3.401389635,-0.923302804,-0.322817037
-3.295438863,-0.858131052,-0.322817037
-3.182301239,-0.786473242,-0.39405349
-3.061354428,-0.712783384,-0.299571458
-2.934341718,-0.645122186,-0.4660398
-2.803797441,-0.579751727,-0.475038089
-2.669016782,-0.502800095,-0.405301351
-2.526520661,-0.423632706,-0.430046645
-2.376657735,-0.334492535,-0.3824307
-2.219536726,-0.245266133,-0.346437545
-2.058775428,-0.175269204,-0.293947527
-1.893755255,-0.079076852,-0.347187402
-1.723898859,-0.005649436,-0.36518398
-1.550330943,0.09479822,-0.343813044
-1.369235015,0.180777843,-0.383930415
-1.189574958,0.256218562,-0.326941253
-1.002574339,0.372487698,-0.257579443
-0.818775375,0.429789951,-0.270701948
-0.631186161,0.58695124,-0.2152125
-0.442689688,0.622725782,-0.05961709
-0.260026673,0.841804548,-0.011626216
-0.060620581,0.934821357,0.065984025
0.020286804,0.286163151,0.18558628
-0.003714358,0.078556832,0.146218767
0.002235321,0.147586477,0.149218196
0.000829442,0.040821477,0.143594266
-0.000152798,0.078373123,0.099352679
0.002021628,0.038684452,0.068983455
-0.000478962,0.041406347,0.028491155
0.002047871,0.034984025,0.076856957
0.00011713,0.021509523,0.011619364
0.001616734,0.026229723,-3.43e-06
0.001159355,0.006981504,0.05586095
0.001418037,0.017962812,-0.082112811
0.001650476,0.011334286,-0.058867232
0.001238084,0.009553432,-0.013125931
0.002025377,0.007401411,-0.100484318
0.001890412,0.006310404,-0.058867232
0.002340293,0.006254166,-0.091486029
0.002216576,0.005193152,-0.176219915
0.002688951,0.008649883,-0.165346983
0.003453749,0.005508082,-0.186717919
0.004304775,0.005054433,-0.191966921
0.005189541,0.007802572,-0.16909627
0.005931845,0.006017969,-0.173595414
0.00644171,-0.00212522,-0.198340709
0.006771623,0.000817875,-0.256829586
0.007570162,0.002283799,-0.268077447
0.007135277,0.001942625,-0.233958935
0.008316215,0.005256888,-0.248581154
0.008229988,-0.007497775,-0.213337856
0.008848575,0.009444706,-0.167596555
0.009234723,-0.005544459,-0.19496635
0.008241235,0.006396634,-0.128229042
0.011135471,0.003146108,-0.081362954
0.008170004,-0.004689649,-0.133478043
0.012072723,0.019492471,-0.11135725
0.00882983,-0.032950863,-0.090361243
0.011337917,0.044060756,-0.118105967
0.011802795,-0.043650982,-0.138727045
0.007453943,0.045972831,-0.124854683
0.019068376,-0.034473024,-0.1316034
-0.006188704,0.011210564,-0.10835782
0.156878235,1.436272309,-0.053243302
0.534793439,2.012372906,0.025866654
0.860559914,1.689284777,0.133096262
1.177148812,1.813772085,0.05586095
1.488878994,1.767927283,0.247449516
1.773485088,1.808035861,0.37605006
2.056047971,1.734814649,0.153342412
2.324229653,1.659163977,0.371175987
2.593438563,1.697030554,0.357678554
2.846631702,1.684920748,0.184836423
3.088150424,1.734353501,0.387297921
3.315809057,1.745016129,0.340431833
3.530799784,1.787059277,0.296190247
3.73758018,1.826009363,0.336682546
3.930163074,1.843930376,0.2838176
4.110003084,1.869323477,0.163465487
4.274048515,1.883075418,-0.056242731
4.424983657,1.882426813,-0.044619942
4.5636108,1.894731575,-0.018749861
4.69206313,1.908101101,0.05886038
4.808364918,1.887581916,0.227578295
4.909029585,1.871190562,0.026241583
4.997517468,1.85591646,-0.131978329
5.074031014,1.84373167,0.107601111
5.138454001,1.82885123,0.320185684
5.191446258,1.801238623,0.264321307
5.232021793,1.771815168,0.227953223
5.259944419,1.727852448,-0.039745868
5.275892708,1.694492368,-0.383555486
5.280339034,1.664671502,-0.31606832
5.274190657,1.619044152,-0.248206226
5.258156142,1.58025528,-0.323191966
5.231751864,1.5352128,-0.528652893
5.195750121,1.488966837,-0.518904747
5.151073169,1.440823797,-0.360684836
5.098125901,1.390757434,-0.422923
5.037586887,1.348493086,-0.18634299
4.969152459,1.291052114,-0.057367517
4.892383981,1.234750888,-0.32469168
4.807303948,1.185558081,-0.311944105
4.71391236,1.128413292,-0.350561761
4.612599114,1.063260286,-0.478787376
4.504162748,1.004878273,-0.338938971
4.388460802,0.947534779,-0.222336145
4.265557007,0.878336422,-0.275950949
4.136208664,0.8222414,-0.375681984
3.999722206,0.75265313,-0.307819889
3.856285083,0.682982378,-0.260953801
3.707794295,0.630119138,-0.346812474
3.555708207,0.563938859,-0.37680677
3.398962098,0.49560656,-0.412050068
3.234766708,0.417061532,-0.553023259
3.063050802,0.334486151,-0.558647189
2.885194019,0.264965366,-0.383555486
2.704435502,0.194173614,-0.334439827
2.518732041,0.112929186,-0.146225619
2.328687226,0.03837702,0.031865513
2.134181089,-0.055415865,-0.065615949
1.93419015,-0.125112861,-0.125229612
1.733899291,-0.209296635,-0.256079728
1.527542534,-0.297319554,-0.335189684
1.323378947,-0.363098672,-0.312693962
1.113475626,-0.47607604,-0.283824452
0.904925698,-0.531338747,-0.216712215
0.695183585,-0.696811937,-0.256829586
0.479630506,-0.748209254,-0.131978329
0.276404171,-0.921248261,0.007495148
0.051774739,-1.085173046,0.010494577
-0.063259884,-0.427666808,0.143969195
-0.041073242,-0.100915744,0.194584569
-0.042677819,-0.195181025,0.025116797
-0.044053705,-0.081330101,-0.090736172
-0.040612114,-0.107173102,-0.110982321
-0.04407245,-0.076977319,-0.318317893
-0.040480899,-0.0698689,-0.288698525
-0.043225174,-0.064934998,-0.073489451
-0.041151972,-0.046065445,-0.096735031
-0.042167953,-0.059007566,0.006370362
-0.042111718,-0.036482577,0.009369791
-0.041714323,-0.04298738,-0.079863239
-0.042591591,-0.035511543,-0.103858676
-0.041965507,-0.034488021,-0.164972054
-0.042486619,-0.034233077,-0.110982321
-0.042235435,-0.030453918,-0.193841564
-0.042906508,-0.033337027,-0.20958857
-0.043536342,-0.032879629,-0.126729327
-0.044286144,-0.033340776,-0.164597126
-0.045080934,-0.030461416,-0.045369799
-0.045875724,-0.032560949,0.055486021
-0.046651769,-0.031473691,0.043863232
-0.047469053,-0.031091276,0.029241012
-0.047810213,-0.022618161,-0.042745298
-0.047656504,-0.02563624,-0.18934242
-0.048799952,-0.024447754,-0.282324737
-0.047993915,-0.019067701,-0.226085432
-0.049534758,-0.031473691,-0.221586288
-0.048691231,-0.012454172,-0.14022676
-0.049347307,-0.032823391,0.007495148
-0.050202082,-0.009169903,0.00112136
-0.048305083,-0.031185006,0.020992581
-0.052387755,-0.02231073,0.039364087
-0.047067909,-0.004970837,0.007120219
-0.053789884,-0.055164671,-0.09710996
-0.047124145,0.029315286,-0.14885012
-0.052770154,-0.101635584,-0.16047291
-0.050524497,0.10900006,-0.308569746
-0.050621971,-0.3643209,-0.309694532
-0.309584837,-1.721159072,-0.27295152
-0.693266018,-1.790526141,-0.155223908
-1.006788226,-1.646385705,-0.093360672
-1.332723407,-1.766681445,-0.061491733
-1.634181301,-1.698322902,0.281568028
-1.921771607,-1.72786258,0.149593125
-2.202062591,-1.594242304,0.043488303
-2.472643638,-1.592337728,0.314186824
-2.74162011,-1.599959782,0.061859809
-2.992428879,-1.590601864,0.061109952
-3.234093812,-1.619826613,0.355054053
-3.459731728,-1.618641877,0.183336708
-3.676705682,-1.657798166,0.229827867
-3.883917214,-1.668805718,0.343806192
-4.076818774,-1.685422021,0.165340131
-4.256148919,-1.690179713,0.194959498
-4.419748217,-1.694513749,0.174713348
-4.571586871,-1.704569012,0.074982314
-4.712774588,-1.707347144,-0.024373792
-4.842838991,-1.708873055,-0.15184955
-4.958938333,-1.700163742,-0.006002285
-5.060352803,-1.69122948,0.003370932
-5.148203354,-1.680638086,-0.020624505
-5.223757153,-1.673885838,0.294315603
-5.287850227,-1.663035751,0.253823304
-5.339331633,-1.647600435,0.199833571
-5.377875205,-1.625810282,0.473531522
-5.403690887,-1.603337781,0.232077439
-5.417112343,-1.585038102,-0.018000004
-5.419046832,-1.555280971,0.004870647
-5.409809272,-1.530255288,-0.268452375
-5.389812052,-1.50295761,-0.41429964
-5.359617526,-1.469410073,-0.338189114
-5.31991551,-1.440492756,-0.351686547
-5.271365831,-1.406116653,-0.367808481
-5.214455859,-1.370503325,-0.299571458
-5.149894157,-1.332434293,-0.163472339
-5.076983411,-1.286964408,-0.185218204
-4.995165017,-1.239282515,-0.238083151
-4.904513955,-1.191105732,-0.117731038
-4.805281409,-1.137500156,-0.191591992
-4.698494608,-1.084989337,-0.346062616
-4.583801146,-1.029175503,-0.238083151
-4.461407216,-0.96867896,-0.270327019
-4.332617476,-0.910431918,-0.401177135
-4.197248222,-0.846009998,-0.238458079
-4.055235724,-0.779773482,-0.202089996
-3.906594975,-0.714504252,-0.310069461
-3.752893063,-0.653775261,-0.2557048
-3.596236931,-0.591186683,-0.297321885
-3.432757601,-0.510632103,-0.435295647
-3.261056692,-0.429113986,-0.482911592
-3.083117431,-0.350797658,-0.44316915
-2.900570636,-0.281156899,-0.460790799
-2.715901901,-0.206837182,-0.449168009
-2.525950811,-0.125056624,-0.296946957
-2.33301551,-0.05000207,-0.310069461
-2.133609417,0.038901904,-0.319442679
-1.930956681,0.113120394,-0.167596555
-1.726500672,0.216109984,-0.158598266
-1.51717095,0.27609664,-0.158973195
-1.310652985,0.366196597,-0.090736172
-1.096134633,0.468481344,-0.139476903
-0.887074839,0.545830388,-0.210338427
-0.669729733,0.718618201,-0.139101974
-0.458780439,0.739958454,-0.071614808
-0.246350285,1.015162235,-0.042370369
-0.034313777,0.922321637,0.078356672
0.020912889,0.201120818,0.166464917
-0.004779077,0.119587705,0.158966343
0.005804379,0.142795043,0.151842697
0.00068698,0.052275179,0.199833571
0.002415274,0.085031642,0.165340131
0.002557736,0.032876994,0.060735023
0.001391794,0.052938781,0.070858098
0.003626204,0.03150105,-0.022874077
0.001403041,0.027601917,-0.169471199
0.003513734,0.025326174,-0.102358961
0.002516497,0.012039129,-0.130853542
0.003075099,0.017561651,-0.214837571
0.003210064,0.009797128,-0.145100833
0.00322506,0.012181598,-0.201715067
0.003626204,0.004968202,-0.278200522
0.003420008,0.011409269,-0.218586858
0.004192304,0.007761331,-0.236583436
0.004158563,0.006715314,-0.238083151
0.00443599,0.010040824,-0.134977758
0.005223282,0.008893579,-0.064116234
0.006205523,0.007723839,-0.044619942
0.006884094,-0.001821537,-0.034121938
0.007776358,0.003367308,0.019867795
0.008140012,0.003138609,0.00974472
0.008593642,0.004818236,-0.037121367
0.009313452,0.002137582,-0.014250717
0.0089423,0.00461953,-0.088111671
0.010052007,0.006737809,-0.201715067
0.009343444,-0.003542405,-0.21821193
0.01072308,0.010352005,-0.246706511
0.010423159,-0.011963031,-0.236583436
0.010378171,0.009433459,-0.126729327
0.012095217,-0.005267021,-0.10273389
0.009508401,0.004428322,-0.091860958
0.013913487,0.011105587,-0.06524102
0.009107256,-0.019735053,-0.074239309
0.014329627,0.041728775,-0.07086495
0.010359426,-0.055277146,-0.118855824
0.011956504,0.073120542,-0.107607963
0.015476824,-0.098834957,-0.117356109
0.003093844,0.217729624,-0.145100833
0.222347196,1.651253237,-0.149974906
0.599010231,1.881883183,-0.084737312
0.906950163,1.63011169,-0.028872936
1.219145222,1.737330339,-0.10273389
1.516175535,1.67362826,0.148468339
1.792946199,1.720170406,0.158591414
2.063699701,1.596455427,-0.039745868
2.323416118,1.555008397,0.181462065
2.580489482,1.558637589,0.062984595
2.819102722,1.540131706,-0.022874077
3.050049236,1.58214486,0.237326441
3.268796471,1.577259697,0.195709355
3.475430655,1.59846498,0.178087706
3.667852343,1.590138082,0.252323589
3.844063311,1.598978615,0.158216485
4.00886979,1.617735693,0.089604533
4.161424505,1.619527794,0.086605104
4.302248568,1.625102804,0.107226182
4.42811783,1.608685206,0.057735594
4.539163506,1.594130944,0.011244435
4.636971428,1.589317015,0.050611948
4.721912747,1.57373923,0.061109952
4.794786004,1.560943326,0.097103107
4.855497472,1.550340685,0.228328152
4.90276499,1.529116656,0.263946379
4.936554817,1.504323421,0.155217056
4.958062887,1.481967145,0.199458642
4.967877795,1.452427466,0.07310767
4.966430677,1.420469575,-0.172470628
4.953841502,1.394431617,-0.149974906
4.9309388,1.353858142,-0.274826163
4.898352405,1.318511005,-0.399302492
4.856824621,1.292975436,-0.339688828
4.80737143,1.257384603,-0.334439827
4.7495467,1.216151275,-0.320942393
4.682720597,1.170497681,-0.296572028
4.606570706,1.124446675,-0.203964639
4.521640633,1.071894615,-0.164222197
4.428552715,1.02030984,-0.224210789
4.327404425,0.97117327,-0.161222767
4.218409457,0.911640263,-0.199465495
4.102336359,0.85789222,-0.32469168
3.979582524,0.800769927,-0.28157488
3.849885523,0.732302657,-0.253830156
3.713354077,0.673541978,-0.320942393
3.570456812,0.610458511,-0.283074595
3.423686819,0.548019901,-0.251205655
3.272414266,0.48648109,-0.360684836
3.113733669,0.408760879,-0.366683695
2.946655289,0.322541308,-0.365558909
2.773004895,0.251689569,-0.439044934
2.59632905,0.182423727,-0.427047216
2.414723256,0.108340207,-0.399302492
2.230455666,0.037098555,-0.404551494
2.040107181,-0.058055278,-0.35956005
1.845814738,-0.124359279,-0.259829015
1.64881176,-0.216247588,-0.265452946
1.447013799,-0.287433003,-0.251205655
1.247240303,-0.373348891,-0.164972054
1.03920024,-0.467970343,-0.195716208
0.836776194,-0.542826191,-0.217087144
0.626048091,-0.706829709,-0.175470058
0.420302422,-0.733471282,-0.172095699
0.214196849,-1.005158346,-0.158973195
0.006861599,-0.926913251,-0.081362954
-0.050179588,-0.225976674,0.004870647
-0.024828782,-0.132033822,0.045362947
-0.034534969,-0.156028484,0.089229604
-0.02972124,-0.068189274,0.174338419
-0.030842194,-0.103015277,0.181462065
-0.031070884,-0.05543836,0.107976039
-0.029702495,-0.070525004,0.157091699
-0.031708215,-0.045964218,0.137220478
-0.029327594,-0.042646206,0.038239301
-0.031280828,-0.049244738,0.124472902
-0.030283592,-0.038747073,0.082480888
-0.030733473,-0.041735159,-0.004877499
-0.030924672,-0.033295786,0.023992011
-0.030797206,-0.035972691,-0.059992018
-0.031082131,-0.024627714,-0.087736742
-0.030842194,-0.026056146,-0.092610815
-0.031434538,-0.025036373,-0.173220486
-0.031213346,-0.022974332,-0.236583436
-0.031704466,-0.031631156,-0.292447812
-0.032026881,-0.027964472,-0.285324167
-0.032720448,-0.024316533,-0.26432816
-0.034167566,-0.023559202,-0.254205085
-0.034538718,-0.02145592,-0.157098552
-0.03502234,-0.02082606,-0.122230182
-0.03509732,-0.022213251,-0.165721912
-0.035768393,-0.023750409,-0.130103685
-0.035959593,-0.016724472,-0.115106537
-0.036068314,-0.023176787,-0.133852972
-0.036994319,-0.016488275,-0.087361813
-0.036248267,-0.021650876,-0.076488881
-0.038029046,-0.023994105,-0.122230182
-0.036630666,-0.009882244,-0.086986885
-0.038625139,-0.036670035,-0.084362384
-0.037909078,-0.005536961,-0.110232464
-0.037357973,-0.035421563,-0.089611386
-0.040304695,-0.0033362,-0.134977758
-0.035607186,-0.020121217,-0.179219345
-0.04274905,-0.034139348,-0.247831297
-0.033762673,0.023556567,-0.250080869
-0.044844746,-0.094028526,-0.215587429
-0.032049375,0.135585396,-0.209963498
-0.063222393,-0.62204232,-0.128229042
-0.365182655,-1.849864191,-0.11435668
-0.730268747,-1.716138938,0.022867225
-1.030399491,-1.653246679,0.003745861
-1.344982669,-1.732935202,-0.006002285
-1.630229844,-1.686220594,0.306313322
-1.906321937,-1.704464035,0.142094551
-2.171519406,-1.574472952,0.101227323
-2.430114869,-1.580850283,0.303313892
-2.680754932,-1.565951098,0.052486592
-2.914479463,-1.577611004,0.079856387
-3.141467022,-1.605549789,0.26357145
-3.354568249,-1.60959139,0.125972617
-3.555702635,-1.626908788,0.146218767
-3.740637549,-1.619511683,0.203957787
-3.911862334,-1.63921355,0.094478606
-4.071401455,-1.648440248,0.066733882
-4.219596071,-1.655976072,0.094478606
-4.354807866,-1.653392896,0.08473046
-4.47445752,-1.641290588,0.052861521
-4.580025892,-1.635520622,0.08772989
-4.671516732,-1.623868214,0.131596548
-4.751438128,-1.614315339,0.121098544
-4.818961547,-1.602145546,0.155217056
-4.873899539,-1.583947094,0.244075158
-4.916098396,-1.562190684,0.155591984
-4.944707091,-1.535965268,0.105351539
-4.961750091,-1.50911749,0.1597162
-4.967137418,-1.480005216,-0.11135725
-4.961382688,-1.450461788,-0.214462643
-4.945037004,-1.422714211,-0.168721341
-4.918411535,-1.389252904,-0.337439256
-4.882668474,-1.352934733,-0.316818178
-4.838253952,-1.319735868,-0.233209078
-4.785951514,-1.285468491,-0.210338427
-4.725588704,-1.242791734,-0.194591421
-4.656393226,-1.1941688,-0.143976047
-4.577862714,-1.143262624,-0.031872366
-4.490255848,-1.091981532,-0.127479184
-4.394146228,-1.038117264,-0.187467776
-4.289833773,-0.979555291,-0.125229612
-4.177899582,-0.922358015,-0.258704229
-4.059123447,-0.864493387,-0.357685406
-3.933801541,-0.805342795,-0.259454087
-3.801517723,-0.74139327,-0.270327019
-3.662500683,-0.675617902,-0.332940112
-3.518354998,-0.616613527,-0.178094559
-3.37012664,-0.553155144,-0.186717919
-3.21573491,-0.47935656,-0.303695673
-3.05305037,-0.396919898,-0.249331012
-2.882155499,-0.319668333,-0.30744496
-2.70730917,-0.250968615,-0.361809622
-2.528601362,-0.173634568,-0.329565754
-2.346324495,-0.109216397,-0.306320174
-2.160793488,-0.018059175,-0.281199951
-1.967933167,0.059383598,-0.258329301
-1.77422182,0.135877831,-0.234333864
-1.574302113,0.238143832,-0.280825023
-1.374607346,0.290478441,-0.288323597
-1.171122331,0.408277236,-0.282699666
-0.965129227,0.469793552,-0.381305914
-0.762184069,0.609075069,-0.369683124
-0.549199062,0.702594266,-0.287948668
-0.351273828,0.809692942,-0.283449523
-0.130734566,1.06715192,-0.198340709
0.015251884,0.539636765,-0.09973446
0.00508082,0.070807306,-0.07086495
-0.000932592,0.171056256,-0.012376073
0.00530576,0.073769147,0.088104818
-0.000362743,0.074189054,0.147718482
0.004203551,0.060538341,0.094478606
0.00083694,0.037540956,0.128597118
0.003135084,0.048319809,0.228328152
0.002171588,0.020857168,0.131971476
0.002415274,0.032891991,0.134595977
0.003142582,0.011570484,0.224953794
0.002404027,0.017404186,0.102727038
0.003472494,0.014558569,0.045737875
0.003018864,0.013197622,0.020617652
0.003813654,0.012474033,-0.062991448
0.003494989,0.006539103,-0.076113952
0.003851144,0.01293518,-0.130853542
0.004274783,0.006561598,-0.206214211
0.004203551,0.008916074,-0.242957224
0.004870875,0.010262025,-0.234333864
0.00587561,0.007948789,-0.221586288
0.006842854,0.007476394,-0.204714496
0.007633896,0.009725894,-0.116981181
0.008214992,0.005061931,-0.037871225
0.008319964,0.000248002,-0.051743587
0.00924597,0.004694513,-0.057742446
0.008957296,0.002126334,-0.007876929
0.009800823,0.008556154,-0.050993729
0.00973709,-0.000659296,-0.073114523
0.0096996,0.007322678,-0.030372651
0.011187957,-0.002481391,-0.088486599
0.009815819,0.004192125,-0.064866091
0.012537601,0.009553432,-0.014625646
0.009819568,-0.011468142,-0.046494585
0.01276629,0.026837087,-0.034871795
0.011349164,-0.026558535,-0.084362384
0.011345415,0.033473111,-0.151099692
0.01481325,-0.026970943,-0.227585147
0.007109034,0.019143799,-0.287948668
0.021587711,0.013737501,-0.299196529
-0.004606622,-0.081903723,-0.250830727
0.113191021,1.190353264,-0.148100263
0.476263895,1.997121299,-0.067865521
0.811009248,1.667453383,0.081356102
1.11762578,1.752480719,-0.009751572
1.428789861,1.731586617,0.074982314
1.709275793,1.743512714,0.256822733
1.986248903,1.700202348,-0.011626216
2.248563384,1.592192625,0.107601111
2.512632401,1.624315479,0.151467769
2.761652893,1.590231811,-0.067865521
2.995647352,1.629283124,0.157091699
3.220662932,1.643349995,0.235451797
3.43428902,1.66486271,0.196834141
3.638343885,1.686817826,0.347930407
3.82471467,1.680455491,0.350554908
3.997277851,1.698578959,0.209956646
4.155741006,1.705031274,0.146218767
4.303242056,1.717980893,0.17133899
4.439915964,1.719195623,0.106101396
4.561503856,1.712390887,0.071607955
4.66858308,1.698380254,0.136470621
4.76136358,1.688654917,0.101602252
4.841993538,1.687447686,0.096728178
4.911451446,1.671168807,0.170589132
4.968188963,1.662309528,0.233202225
5.011718718,1.635919148,0.180712207
5.042231911,1.605809596,0.213331004
5.060418358,1.591004139,0.227203366
5.067102843,1.556286862,-0.0479943
5.062487812,1.52797691,-0.10573332
5.046925671,1.497162514,-0.164222197
5.020821315,1.457290134,-0.366308766
4.984564639,1.429561302,-0.338189114
4.939703985,1.394052951,-0.298446671
4.8871991,1.357918489,-0.258329301
4.826720071,1.319017143,-0.24108258
4.75765206,1.268992021,-0.16909627
4.679635162,1.222337399,-0.107982892
4.593167995,1.171404979,-0.234333864
4.498246811,1.116389717,-0.198340709
4.39483037,1.060174722,-0.229834719
4.28353351,0.998609667,-0.431171431
4.165106033,0.941446133,-0.487785665
4.040387717,0.88185314,-0.478787376
3.909408555,0.817105043,-0.495284239
3.771598696,0.753039294,-0.43154636
3.627617967,0.688767341,-0.222711074
3.479828244,0.629084368,-0.19496635
3.327854626,0.558468826,-0.219336716
3.168802877,0.479256447,-0.172845557
3.001383337,0.395874995,-0.291697955
2.826806937,0.317221242,-0.361434693
2.649085118,0.244498669,-0.353186262
2.466523327,0.164015322,-0.363684265
2.281026062,0.095791749,-0.344562902
2.091097466,0.002688709,-0.273326449
1.895875268,-0.070382536,-0.265452946
1.700045731,-0.157254461,-0.342313329
1.497681669,-0.244467561,-0.317568035
1.297713225,-0.318652309,-0.35356119
1.091022805,-0.432150811,-0.454042082
0.886191895,-0.493573397,-0.433046075
0.678950371,-0.66654492,-0.420673428
0.467742395,-0.713671937,-0.406801066
0.267159113,-0.910994292,-0.283824452
0.04745588,-1.043208631,-0.138352117
-0.054974571,-0.380464808,-0.051368658
-0.031089629,-0.1033602,0.12522276
-0.035082324,-0.183993513,0.24632473
-0.03513856,-0.07499401,0.161965772
-0.032480511,-0.104526191,0.153717341
-0.035236034,-0.062659254,0.112100255
-0.032131854,-0.06101337,0.063734453
-0.035187297,-0.057654117,0.091479177
-0.032859161,-0.041945112,0.071233027
-0.034130076,-0.051554224,0.124472902
-0.033837653,-0.031893598,0.077981743
-0.033380274,-0.042912397,0.012369221
-0.034133825,-0.034802951,0.023617082
-0.033503991,-0.035219108,-0.025123649
-0.034216303,-0.035144125,0.057735594
-0.034081339,-0.027578308,0.059985166
-0.034385009,-0.030277707,-0.076488881
-0.034591204,-0.032339749,-0.117356109
-0.03483489,-0.030030262,-0.193466635
-0.035430982,-0.025756213,-0.268077447
-0.036338243,-0.030847581,-0.223460931
-0.037245503,-0.037731049,-0.149225049
-0.037890333,-0.031608661,-0.137602259
-0.038096528,-0.020544872,-0.153724193
-0.038531414,-0.026551036,-0.204339568
-0.039191239,-0.020563618,-0.242582295
-0.038973797,-0.02028618,-0.221586288
-0.040109747,-0.023769155,-0.187842705
-0.039389937,-0.014669929,-0.099359532
-0.040675847,-0.029119215,-0.077238738
-0.040435911,-0.009432344,-0.075364095
-0.040218468,-0.031784872,-0.000753284
-0.042197945,-0.015850917,0.032990299
-0.039404933,-0.019123939,0.140594836
-0.043675055,-0.029306673,0.229827867
-0.038872573,0.005358115,0.186336138
-0.043795024,-0.05489848,0.075357242
-0.040507142,0.03581634,-0.101234175
-0.041376912,-0.086938853,-0.288323597
-0.046280617,0.071230962,-0.43154636
-0.030917174,-0.194952326,-0.460040941
-0.245236829,-1.583759636,-0.489660308
-0.627650845,-1.853759575,-0.294697384
-0.941004348,-1.63440712,-0.155973765
-1.255999917,-1.783219016,-0.229834719
-1.555560812,-1.727127744,0.178087706
-1.833921056,-1.768559777,0.239201084
-2.106399102,-1.664066772,0.060735023
-2.366809086,-1.636304198,0.386548064
-2.627091603,-1.659279087,0.285317315
-2.867298172,-1.639592216,0.132346405
-3.097037505,-1.683386224,0.364052342
-3.316028426,-1.696422074,0.311937252
-3.525283168,-1.732057897,0.279693384
-3.721986225,-1.735274682,0.434538937
-3.901158911,-1.740958417,0.37605006
-4.066808918,-1.755733881,0.262821593
-4.21941237,-1.765785395,0.20883186
-4.361687299,-1.779304887,0.103476895
-4.491691719,-1.777377816,-0.011251287
-4.607007517,-1.769470825,-0.041620512
-4.70712108,-1.759426809,0.041988588
-4.794199336,-1.752925755,0.126722474
-4.869310751,-1.744910038,0.166089988
-4.93232786,-1.734063701,0.324309899
-4.983134444,-1.714594282,0.382048919
-5.020508324,-1.689748559,0.290941245
-5.04555546,-1.667114844,0.405294499
-5.058871944,-1.640075859,0.275569168
-5.06051401,-1.611825893,0.026241583
-5.051460151,-1.580122945,0.056985736
-5.031459183,-1.54508324,-0.162722482
-5.000938492,-1.51015226,-0.410175424
-4.961303958,-1.473751607,-0.396303062
-4.913114184,-1.438007059,-0.42854693
-4.856980257,-1.398607073,-0.452167438
-4.793460781,-1.35834478,-0.395178276
-4.721614753,-1.311806382,-0.236583436
-4.640771101,-1.256311227,-0.171345842
-4.551042296,-1.200351175,-0.208838712
-4.452874469,-1.145568362,-0.081737883
-4.346874961,-1.087759971,-0.121480325
-4.232635128,-1.021133542,-0.296572028
-4.11133216,-0.962519081,-0.281949809
-3.984068267,-0.904242044,-0.356185691
-3.849879952,-0.832085596,-0.559022118
-3.709130869,-0.762426091,-0.524153749
-3.563463086,-0.70327175,-0.437920148
-3.414331217,-0.641350525,-0.497533811
-3.260096946,-0.563810273,-0.398177706
-3.098001,-0.478119335,-0.32469168
-2.926944921,-0.390745022,-0.406801066
-2.750846423,-0.320620621,-0.420673428
-2.571583761,-0.242349282,-0.401177135
-2.387672327,-0.164021706,-0.425547501
-2.201387769,-0.079627979,-0.399302492
-2.008444969,0.008125,-0.274076306
-1.814178769,0.081170001,-0.265827875
-1.615526227,0.184770705,-0.271076876
-1.415051666,0.247209316,-0.21221307
-1.213602363,0.361296437,-0.30182103
-1.006293357,0.433216689,-0.370432982
-0.804626611,0.555881902,-0.324316752
-0.591397918,0.693607515,-0.344562902
-0.391654414,0.745788407,-0.367058624
-0.175988865,1.05407108,-0.275201092
0.000589506,0.702672998,-0.233958935
0.012320158,0.098802329,-0.168346413
-0.003444429,0.153843835,0.076482029
0.006392973,0.093602236,0.202833001
-0.000242774,0.062289201,0.248949231
0.003821152,0.07267814,0.376799917
0.001624233,0.031302344,0.368551486
0.002640214,0.051244158,0.276319026
0.002835163,0.020193565,0.195709355
0.002149094,0.032820756,0.153717341
0.003453749,0.016950537,0.12522276
0.002381533,0.01770037,0.022492296
0.003464996,0.01976616,-0.003752713
0.003011366,0.007678849,-0.070490022
0.003682439,0.013868722,-0.167596555
0.003809905,0.008848589,-0.065615949
0.004027348,0.011330537,-0.012376073
0.00443599,0.007172712,0.005245576
0.004278532,0.004413326,0.08473046
0.004818389,0.005151911,0.005620504
0.005504458,0.006722812,-0.084362384
0.00663291,0.00560556,-0.112482036
0.007348971,0.002808683,-0.149974906
0.008166255,0.005721785,-0.103483747
0.008421188,0.00398967,-0.11998061
0.008871069,0.007165213,-0.179969202
0.009275962,0.002879917,-0.212587999
0.009088511,0.004975701,-0.312319033
0.010265701,0.003311071,-0.36518398
0.00928346,0.001297769,-0.383555486
0.010880538,0.010573205,-0.39105406
0.010321936,-0.008993692,-0.274451235
0.010974263,0.015780797,-0.194591421
0.012087719,-0.011325673,-0.171720771
0.00996578,0.010835647,-0.011626216
0.013920985,0.003843452,0.111725326
0.00890481,-0.015078588,0.187085995
0.015263131,0.033158181,0.261321878
0.00917099,-0.055337133,0.232827297
0.014329627,0.087284891,0.147718482
0.012335154,-0.129626857,-0.005627357
0.011671579,0.345921107,-0.127104255
0.262326639,1.769798117,-0.285324167
0.638123652,1.8552866,-0.265078017
0.9431656,1.672289807,-0.239582866
1.257879993,1.794625094,-0.352811333
1.550463981,1.737472807,-0.039745868
1.826661046,1.782920198,0.007495148
2.094317866,1.666711048,-0.097484888
2.353344464,1.655681002,0.193834712
2.609173158,1.656010929,0.184086566
2.844914656,1.656985712,0.216330434
3.073191875,1.699752448,0.484029526
3.289389783,1.710246364,0.480655167
3.495364142,1.744135075,0.478030666
3.686934804,1.738878745,0.500901317
3.86193859,1.754081613,0.352054623
4.024240731,1.759139238,0.256822733
4.174234872,1.77319861,0.202458072
4.313495598,1.790077356,0.165715059
4.438251404,1.777390178,0.080606244
4.548633505,1.771361519,-0.027373221
4.6446494,1.764470552,-0.041620512
4.727562505,1.757410872,-0.085112241
4.799221082,1.739538598,-0.038621082
4.858485433,1.727605003,0.163465487
4.905216842,1.711273635,0.245949801
4.939197869,1.683544804,0.260946949
4.960289799,1.658515372,0.399670568
4.969632332,1.626936146,0.282317885
4.968009011,1.602277882,0.082105959
4.955446078,1.56416386,0.111350398
4.932071001,1.524055282,-0.055492874
4.898292421,1.493038432,-0.241457509
4.855703667,1.452622422,-0.277450664
4.805084534,1.415168254,-0.396677991
4.746348794,1.372439009,-0.551523544
4.679863851,1.327531499,-0.616386209
4.604692452,1.276921507,-0.510656316
4.520992054,1.223083483,-0.446543508
4.429295019,1.172732184,-0.408675709
4.329357659,1.111984447,-0.255329871
4.221041262,1.048342354,-0.265078017
4.105159363,0.984089147,-0.380181128
3.98274294,0.926606934,-0.324316752
3.853567051,0.861345202,-0.286448953
3.718212794,0.789364964,-0.373057483
3.576507714,0.726438961,-0.309319604
3.430498771,0.663119297,-0.280075165
3.281194447,0.601587984,-0.430796503
3.125674266,0.523841529,-0.436795362
2.962209932,0.43446891,-0.392178846
2.790655234,0.357153609,-0.425172572
2.615190319,0.280213224,-0.414674568
2.434697981,0.19796777,-0.380930985
2.250977746,0.123741781,-0.435295647
2.063051122,0.029536487,-0.449917866
1.86969968,-0.045645539,-0.373057483
1.675193544,-0.13712144,-0.403051779
1.475180111,-0.222294993,-0.376431841
1.277719754,-0.298384317,-0.283074595
1.073316231,-0.409112186,-0.308944675
0.871979398,-0.473215426,-0.353186262
0.667208472,-0.649235021,-0.36518398
0.459153413,-0.700302411,-0.372307625
0.260602094,-0.908808529,-0.353186262
0.043556909,-1.02397541,-0.256079728
-0.053171298,-0.361973922,-0.20958857
-0.028738999,-0.104559933,-0.181843846
-0.033567724,-0.179115848,-0.086986885
-0.033106596,-0.071323577,-0.059992018
-0.03085719,-0.102539133,0.045737875
-0.033477748,-0.063562803,0.136095692
-0.030437301,-0.063735265,0.216330434
-0.033200321,-0.054681029,0.305188536
-0.031078382,-0.041630182,0.238451227
-0.032319304,-0.049255986,0.319435826
-0.031861925,-0.029426647,0.261321878
-0.031723211,-0.04100782,0.146218767
-0.032375539,-0.029542871,0.2433253
-0.031996889,-0.034060616,0.15671677
-0.032592982,-0.032812144,0.112100255
-0.032083116,-0.026239856,0.093728749
-0.032461766,-0.028373131,0.01836808
-0.032634221,-0.02213077,0.005620504
-0.032772934,-0.025268822,-0.05961709
-0.03324156,-0.02586119,-0.125229612
-0.034160068,-0.025253825,-0.203964639
-0.03505983,-0.02469145,-0.274826163
-0.03562968,-0.024230303,-0.313818748
-0.036323247,-0.020211197,-0.356185691
-0.036214525,-0.022258241,-0.368558338
-0.037091794,-0.027019682,-0.295072313
-0.037136782,-0.016522017,-0.232084291
-0.037421707,-0.025673732,-0.212962928
-0.037987807,-0.015877161,-0.121480325
-0.037436703,-0.020563618,-0.118480895
-0.03926622,-0.021890823,-0.171345842
-0.037650396,-0.012754105,-0.110607393
-0.040034767,-0.032680923,-0.129353828
-0.038715115,-0.002383912,-0.133852972
-0.039367443,-0.040887847,-0.073114523
-0.040709588,-2.57e-05,-0.059992018
-0.037444201,-0.03197608,0.004495718
-0.043989972,-0.017837975,-0.003002856
-0.034298781,0.005856755,-0.000753284
-0.047776472,-0.081382589,-0.042745298
-0.028371596,0.1351205,-0.151474621
-0.086623714,-0.803966851,-0.218586858
-0.415959246,-1.90120902,-0.288698525
-0.771807778,-1.691866838,-0.155973765
-1.074000478,-1.720341753,-0.202464924
-1.389262226,-1.77960857,-0.058117375
-1.671615166,-1.760765261,0.353554338
-1.947501063,-1.767723713,0.195709355
-2.20963934,-1.654345184,0.296190247
-2.46858346,-1.690607118,0.518148037
-2.71673793,-1.672686104,0.241450657
-2.947736931,-1.697873002,0.325809614
-3.17154533,-1.731518017,0.457784516
-3.382393401,-1.752734548,0.256447805
-3.583868947,-1.777145368,0.281568028
-3.767874107,-1.778480071,0.297315033
-3.937198144,-1.79439528,0.184461494
-4.093048238,-1.802141057,0.192709926
-4.237392622,-1.820579456,0.228703081
-4.371430976,-1.814873225,0.241450657
-4.489742234,-1.812818682,0.218205077
-4.59419715,-1.810426714,0.220454649
-4.684885702,-1.797177162,0.240700799
-4.762700154,-1.796389837,0.182586851
-4.829121364,-1.779844767,0.18858571
-4.882855924,-1.759085635,0.302938963
-4.923903835,-1.739436256,0.2002085
-4.952017661,-1.712228558,0.137970335
-4.968198388,-1.685883169,0.166464917
-4.97349199,-1.657730681,-0.118105967
-4.967602295,-1.626811309,-0.199840423
-4.951065412,-1.592337728,-0.158973195
-4.923918831,-1.552026695,-0.349436975
-4.886653671,-1.512551726,-0.368933267
-4.840964486,-1.474812621,-0.339688828
-4.787402381,-1.436732342,-0.410550353
-4.725723668,-1.392672143,-0.469789087
-4.655538452,-1.341061124,-0.416924141
-4.576936708,-1.294200298,-0.270327019
-4.490383314,-1.239200033,-0.28719881
-4.395825784,-1.180896753,-0.238083151
-4.293541544,-1.123699476,-0.102358961
-4.183046973,-1.055205963,-0.229084862
-4.064750711,-0.999703309,-0.340438686
-3.939852443,-0.937722097,-0.297696814
-3.808348419,-0.863338643,-0.423297929
-3.670167409,-0.799756537,-0.557897332
-3.526190428,-0.732106586,-0.523028963
-3.378809347,-0.665011511,-0.581142911
-3.227120654,-0.593567404,-0.617510995
-3.068500041,-0.511850582,-0.495659168
-2.900994274,-0.425975934,-0.404926422
-2.727478844,-0.347059739,-0.313443819
-2.550368114,-0.264128187,-0.172845557
-2.368503638,-0.191034447,-0.160097981
-2.184149821,-0.10713936,-0.208838712
-1.992860335,-0.012757855,-0.163847268
-1.80004875,0.059567307,-0.198715637
-1.602895812,0.164438978,-0.272576591
-1.403887115,0.227481204,-0.249331012
-1.204687217,0.336971848,-0.284199381
-0.999500151,0.419397263,-0.386929845
-0.800607672,0.531707279,-0.409425567
-0.590115757,0.674415534,-0.40567628
-0.392243009,0.728351036,-0.451042652
-0.179640401,1.028280567,-0.412050068
-0.001266254,0.717819629,-0.328066039
0.013527339,0.100886865,-0.323191966
-0.003256979,0.13975072,-0.260203944
0.006696643,0.098026251,-0.115106537
-8.16e-05,0.056774178,0.013868936
0.004023599,0.073176779,0.102352109
0.002017879,0.032202144,0.21745522
0.00280892,0.049823224,0.35880334
0.003236307,0.018397715,0.320935541
0.002426521,0.028640436,0.268070594
0.003787411,0.019698675,0.253448375
0.00243027,0.014656047,0.051361806
0.00382865,0.016136968,-0.018749861
0.00352873,0.010633192,0.002246146
0.003659945,0.012365307,-0.095985173
0.003899882,0.002853673,-0.080613097
0.004087332,0.009482198,-0.041620512
0.004484727,0.008586147,-0.026248435
0.004660931,0.006846534,0.041988588
0.00549696,0.006137942,0.119598829
0.006340487,0.00268496,0.185961209
0.007165269,0.005316875,0.180712207
0.008080028,0.009729643,0.10197718
0.008841077,0.005815514,0.025866654
0.008777344,0.004724506,-0.040870654
0.009605875,0.005646801,-0.100484318
0.009482157,-0.003819843,-0.106858106
0.010243207,0.003168603,-0.178094559
0.010486892,-0.001514106,-0.269202233
0.010404414,0.008886081,-0.305570317
0.011761556,-0.002308929,-0.43154636
0.010449402,0.001815154,-0.434170861
0.01299498,0.00996584,-0.326191395
0.010550625,-0.011078228,-0.272201662
0.013317395,0.02660089,-0.167596555
0.011731563,-0.025385046,-0.121480325
0.011697822,0.029056594,-0.074989166
0.01515441,-0.026134879,-0.016875218
0.00754017,0.017089256,0.059610237
0.021962612,0.0085749,0.133471191
-0.004344191,-0.081941215,0.149218196
0.112062569,1.180181777,0.146593696
0.474479366,1.996176509,0.064859239
0.810195713,1.692006671,0.038239301
1.117865717,1.793417863,-0.161972625
1.429847082,1.776411646,-0.120355539
1.710422991,1.799851431,0.046487733
1.987793495,1.767856049,-0.219336716
2.24963935,1.668383176,-0.043120227
2.511968827,1.725471727,0.057360665
2.760903091,1.692340347,-0.068615378
2.994635119,1.730825536,0.320185684
3.217045137,1.759476663,0.504650604
3.42803942,1.787636649,0.521897324
3.631561926,1.821367895,0.668119517
3.818603784,1.819227121,0.616379357
3.990713335,1.836383305,0.440162868
4.147823097,1.841096007,0.313811896
4.293434645,1.859260716,0.270320167
4.428725169,1.866519101,0.19420964
4.550530504,1.859628134,0.158216485
4.657725947,1.859211977,0.191960068
4.750367733,1.843113058,0.132346405
4.830656531,1.841654632,0.109100826
4.899308402,1.828202625,0.206957216
4.956177135,1.806933606,0.295815318
5.000554167,1.792218129,0.223454079
5.03178342,1.749668844,0.279693384
5.050625944,1.730848031,0.320935541
5.057524122,1.698541468,0.03861423
5.05386134,1.657075692,0.012369221
5.039817548,1.643001323,0.021742438
5.014661691,1.600114613,-0.188967491
4.979870878,1.563402779,-0.225710504
4.935883744,1.516924368,-0.285699096
4.883495078,1.467450374,-0.46903923
4.823544659,1.440666332,-0.60738792
4.755278936,1.389329002,-0.61601128
4.678382992,1.336671965,-0.581892769
4.593029282,1.285173421,-0.618635781
4.499885128,1.227706205,-0.520779391
4.398999269,1.167873265,-0.436795362
4.290401696,1.105974534,-0.529402751
4.174392331,1.04332597,-0.508031815
4.051694732,0.975855979,-0.401926993
3.922747533,0.915096995,-0.393678561
3.786650972,0.845362507,-0.35356119
3.643798695,0.773592222,-0.250455798
3.496338884,0.711993425,-0.33631447
3.34578989,0.647680231,-0.41992357
3.190292202,0.572400727,-0.41992357
3.027288996,0.481284746,-0.52677825
2.856172933,0.399204255,-0.550023829
2.680291878,0.325799333,-0.505032385
2.500016983,0.239058629,-0.493784524
2.315906851,0.166081113,-0.469414159
2.128501339,0.066690722,-0.379056342
1.933953963,-0.015832171,-0.332565183
1.738653036,-0.089900694,-0.334064898
1.538253455,-0.195151031,-0.215962357
1.338457465,-0.257934565,-0.190467206
1.135568542,-0.377090559,-0.264703088
0.930625162,-0.441141311,-0.271451805
0.729400799,-0.590253141,-0.314943534
0.517817921,-0.697614259,-0.375681984
0.321156104,-0.805429025,-0.325441538
0.102663801,-1.079534301,-0.226460361
-0.046456821,-0.584288218,-0.246706511
-0.038831334,-0.097226565,-0.1747202
-0.031393299,-0.184807082,-0.080613097
-0.037706631,-0.096296771,-0.168346413
-0.031779447,-0.095318239,-0.130103685
-0.036203278,-0.081611288,-0.085112241
-0.032697954,-0.053904951,-0.064491163
-0.035003595,-0.068009314,0.069733312
-0.033860147,-0.040093024,0.160466057
-0.03373643,-0.053612517,0.22307915
-0.034804898,-0.037468608,0.229452938
-0.033672697,-0.039133237,0.23470194
-0.034673682,-0.034630489,0.22907801
-0.033976366,-0.031799869,0.130096833
-0.034407503,-0.033621963,0.117349257
-0.034572459,-0.029167954,0.08173103
-0.034756161,-0.031874852,-0.052493444
-0.034913619,-0.02613113,-0.101234175
-0.034973603,-0.027443338,-0.148475191
-0.035757146,-0.028485606,-0.212962928
-0.036821865,-0.030435172,-0.176969773
-0.037489189,-0.030742604,-0.135727616
-0.038291477,-0.028050703,-0.158223338
-0.038692621,-0.023469222,-0.103858676
-0.038718864,-0.026453558,-0.052493444
-0.039322455,-0.026206113,-0.045369799
-0.039105012,-0.023169289,0.029615941
-0.040503393,-0.024867661,0.064859239
-0.039963535,-0.021380936,0.090729319
-0.040852051,-0.029970276,0.040863802
-0.040713337,-0.009023685,-0.034121938
-0.040458405,-0.030888821,-0.03337208
-0.042497866,-0.015738442,-0.104608533
-0.039734846,-0.0201962,-0.110232464
-0.043963729,-0.031811116,-0.13722733
-0.03926622,0.003307322,-0.210713356
-0.044218662,-0.058392703,-0.24108258
-0.041050748,0.034132965,-0.286823882
-0.04138441,-0.08785365,-0.276325878
-0.04698918,0.060095939,-0.244831867
-0.03093217,-0.177125041,-0.173595414
-0.242680004,-1.556626922,-0.208088855
-0.625228985,-1.860020682,-0.048369229
-0.939219819,-1.655331215,0.097103107
-1.254920202,-1.818911077,0.01836808
-1.554998461,-1.774014814,0.41916686
-1.833576147,-1.824328622,0.460409017
-2.106530318,-1.725961753,0.227578295
-2.366089276,-1.707144689,0.46828252
-2.626248076,-1.742266876,0.270695095
-2.867298172,-1.72534689,0.074982314
-3.096598871,-1.77119919,0.299939534
-3.313115445,-1.784786168,0.201333286
-3.520780607,-1.830960896,0.129346975
-3.718225968,-1.843303151,0.241825585
-3.898223436,-1.851963724,0.167964631
-4.064469535,-1.867110355,0.137220478
-4.215693352,-1.875036092,0.211456361
-4.356888566,-1.896987459,0.246699658
-4.487432843,-1.895195357,0.24632473
-4.603044814,-1.890850074,0.261696806
-4.704657981,-1.886313583,0.334058046
-4.792028659,-1.871669341,0.402669998
-4.867338772,-1.865756906,0.388047778
-4.931559313,-1.853452143,0.474656308
-4.983168185,-1.832932958,0.479155452
-5.022217873,-1.809958068,0.294690532
-5.047928584,-1.782154253,0.319810755
-5.061814917,-1.755711386,0.137970335
-5.064724148,-1.724435843,-0.144350976
-5.056828733,-1.691668132,-0.089611386
-5.038713517,-1.655050028,-0.223086003
-5.010048586,-1.61566129,-0.400052349
-4.972322299,-1.578353339,-0.374557198
-4.926145743,-1.536580131,-0.396677991
-4.8715864,-1.495144349,-0.443919007
-4.809135392,-1.452268886,-0.441669435
-4.738417816,-1.401853851,-0.316443249
-4.658785095,-1.344832785,-0.291323026
-4.570859563,-1.290218684,-0.359934978
-4.475349784,-1.239147545,-0.283074595
-4.371982081,-1.1757379,-0.337064328
-4.261266317,-1.110423679,-0.523403891
-4.143112518,-1.048003815,-0.495659168
-4.017914329,-0.980436345,-0.48628595
-3.886346572,-0.911447942,-0.681623803
-3.747633202,-0.838826596,-0.635882501
-3.602595252,-0.770351828,-0.582267697
-3.453725814,-0.706604759,-0.733738892
-3.300859931,-0.638973553,-0.646005576
-3.141954394,-0.557931581,-0.548149186
-2.974819779,-0.466065767,-0.530902465
-2.800869464,-0.392259685,-0.386179987
-2.623882451,-0.311881315,-0.258329301
-2.441620581,-0.228327401,-0.228335005
-2.257169289,-0.153280345,-0.203964639
-2.067225697,-0.055989488,-0.093735601
-1.872734556,0.013208869,-0.10573332
-1.676196456,0.11821551,-0.172470628
-1.474612188,0.19967364,-0.161972625
-1.275419789,0.289822337,-0.281199951
-1.068706875,0.396429872,-0.387679702
-0.867771186,0.473505226,-0.41992357
-0.65951743,0.653030291,-0.458916155
-0.454641532,0.681531451,-0.438295077
-0.251868828,0.94456169,-0.311194247
-0.042156706,0.925744626,-0.21821193
0.023046076,0.226866341,-0.196091136
-0.002852085,0.10423862,-3.43e-06
0.006265507,0.146712921,0.080981173
0.002445266,0.048705973,0.03861423
0.00337502,0.081432443,0.172463776
0.004177308,0.027646907,0.213331004
0.002407776,0.042594832,0.178837564
0.004844632,0.03195095,0.156341842
0.002598975,0.023342865,0.105726467
0.004518468,0.022806734,0.067858669
0.003506236,0.011083092,-0.006002285
0.004072336,0.021063372,-0.035996581
0.004518468,0.009545934,-0.068615378
0.004237292,0.01118057,-0.118105967
0.004638437,0.00362975,-0.063366376
0.004522217,0.004694513,-0.032997152
0.005365745,0.007408909,-0.037871225
0.005208286,0.000161771,0.003370932
0.005568191,0.007881304,0.015368651
0.006651655,0.011165574,0.008994863
0.007435198,0.004199623,0.037864373
0.008349956,0.004758249,0.025116797
0.009339695,0.004552045,-0.021374362
0.009362189,0.004357088,-0.023623934
0.010074501,0.007423906,-0.049494015
0.010205716,-0.00342993,-0.071614808
0.010651849,0.003877195,-0.063366376
0.011150467,-0.004862111,-0.095610245
0.010509386,0.000907855,-0.136852402
0.01238764,0.001354006,-0.152224478
0.010756821,-0.008663765,-0.152974336
0.013171183,0.01446484,-0.182968632
0.011690324,-0.017493051,-0.16909627
0.012488863,0.023781517,-0.070115093
0.013943479,-0.019592584,-0.054743016
0.010655598,0.013587535,-0.06524102
0.017336333,0.002043853,-0.055492874
0.007487684,-0.022569422,-0.069365236
0.021235304,0.066000876,-0.130853542
0.001455527,-0.152421786,-0.149974906
0.061270982,0.83950631,-0.129353828
0.392102369,1.974037684,-0.209963498
0.746638747,1.744135075,-0.058117375
1.04934881,1.755536289,-0.05361823
1.365484078,1.80466911,-0.04499487
1.648905485,1.796788363,0.298439819
1.927198247,1.816883893,0.175088277
2.190787391,1.697289246,0.259072306
2.451703491,1.733622414,0.515523536
2.704949116,1.728823482,0.313436967
2.940510662,1.749950032,0.43378908
3.165200078,1.774600798,0.573262556
3.376872932,1.801073659,0.402295069
3.581910037,1.838906494,0.405294499
3.771692422,1.847132164,0.378299632
3.946201339,1.858499635,0.218954935
4.106287815,1.856171403,0.138720193
4.253492693,1.877545398,0.131596548
4.390372797,1.892395845,0.138345264
4.514461279,1.888110548,0.095603392
4.624254786,1.881695725,0.124847831
4.719112237,1.870421983,0.209206788
4.801144325,1.865911736,0.218205077
4.872150574,1.855965199,0.295065461
4.931238721,1.840646107,0.441662582
4.977587731,1.820876754,0.382423848
5.011250092,1.791247095,0.345680835
5.032064596,1.764286843,0.394421566
5.041313403,1.732505163,0.164590273
5.039802552,1.700742228,0.032990299
5.02720213,1.665743764,0.020992581
5.004115726,1.625305259,-0.204714496
4.971203167,1.585410384,-0.371932697
4.929049299,1.538125902,-0.442044364
4.878658855,1.501346584,-0.574019266
4.820789137,1.464556018,-0.706369097
4.755121478,1.412832524,-0.693621521
4.680711127,1.360111751,-0.587516699
4.597374384,1.307668417,-0.587891628
4.505763576,1.246695731,-0.516655175
4.405934937,1.183915946,-0.371182839
4.298600781,1.128338309,-0.411675139
4.18424098,1.066642033,-0.44016972
4.06290802,1.000255551,-0.343438115
3.935835327,0.935623678,-0.374932126
3.802573017,0.868753554,-0.491534952
3.662015134,0.795153676,-0.488910451
3.515710019,0.7267164,-0.580018125
3.365768364,0.667168396,-0.707118954
3.21135414,0.592106344,-0.656128651
3.050037989,0.504387107,-0.654628936
2.880024134,0.419997129,-0.655003865
2.705170308,0.346963376,-0.541400469
2.526766169,0.263649409,-0.444668864
2.343844473,0.188219938,-0.400427278
2.158628383,0.100673163,-0.303320745
1.965891779,0.004090897,-0.197590851
1.771700559,-0.069276532,-0.200215352
1.572830575,-0.172041172,-0.164972054
1.372221049,-0.238011497,-0.160847839
1.17117289,-0.352518525,-0.26132873
0.964621184,-0.430369957,-0.294322456
0.764510277,-0.552596518,-0.284199381
0.553234819,-0.688964933,-0.301446101
0.35555702,-0.750874911,-0.276325878
0.142515777,-1.062779278,-0.182968632
-0.032330551,-0.72044293,-0.214837571
-0.044154929,-0.120430153,-0.181843846
-0.028424083,-0.174485628,-0.008626786
-0.037605408,-0.117899466,-0.022499148
-0.030677238,-0.084756839,0.04161366
-0.034883627,-0.094695878,0.134970906
-0.032401782,-0.048539895,0.098227893
-0.033327788,-0.071136118,0.166464917
-0.033406517,-0.042541229,0.177337849
-0.032266818,-0.053357573,0.163090558
-0.033717685,-0.042005099,0.137595407
-0.032544245,-0.038282177,0.032615371
-0.033680195,-0.041693918,-0.020999433
-0.033215317,-0.033175813,-0.154099122
-0.033361529,-0.033921897,-0.208463783
-0.033459003,-0.029257934,-0.145850691
-0.033725183,-0.032572197,-0.152599407
-0.034092586,-0.026427314,-0.081362954
-0.033972617,-0.026273598,-0.022124219
-0.034879878,-0.029647847,-0.0479943
-0.035689664,-0.02613113,-0.021374362
-0.036323247,-0.02415157,0.025116797
-0.037365471,-0.029981523,0.001871217
-0.037957815,-0.026566033,-0.006377214
-0.037957815,-0.026386073,-0.010126501
-0.03869637,-0.026824725,-0.060366947
-0.038587649,-0.021688368,-0.054368088
-0.039476164,-0.029284178,-0.068990307
-0.039041279,-0.016229582,-0.11998061
-0.03952865,-0.028991743,-0.137602259
-0.040315942,-0.016443285,-0.149974906
-0.039078769,-0.026112384,-0.158973195
-0.04187928,-0.025744966,-0.179594274
-0.038872573,-0.009184899,-0.139476903
-0.042539105,-0.042664952,-0.106858106
-0.039847316,0.007108976,-0.145850691
-0.041268191,-0.057654117,-0.134977758
-0.042880265,0.019829896,-0.101234175
-0.037178021,-0.051936639,-0.093735601
-0.049887165,-0.005345753,-0.113231894
-0.023756565,0.000277996,-0.055492874
-0.171235121,-1.299681579,-0.10835782
-0.54681844,-1.922159359,-0.092985744
-0.876176467,-1.649692469,0.037864373
-1.186242088,-1.802167301,-0.125229612
-1.494088295,-1.787931718,0.143969195
-1.772628491,-1.824452344,0.365552056
-2.048233212,-1.763460912,0.125597688
-2.308466992,-1.700812348,0.382423848
-2.569416833,-1.756734908,0.425540648
-2.814748299,-1.738270265,0.257572591
-3.045664821,-1.777617762,0.545892761
-3.264749467,-1.794860177,0.579261415
-3.473415615,-1.838076813,0.431164579
-3.673481533,-1.860031929,0.482529811
-3.856601927,-1.867054117,0.359928126
-4.025768505,-1.887025925,0.158216485
-4.179965286,-1.890216465,0.098227893
-4.322930034,-1.91105058,0.070858098
-4.455719968,-1.917004256,0.094853535
-4.574364887,-1.910488206,0.137220478
-4.678294943,-1.903192328,0.193459783
-4.767885035,-1.890722602,0.294315603
-4.84530584,-1.882905591,0.279318455
-4.911704556,-1.873731382,0.383173705
-4.966110189,-1.856710168,0.511024392
-5.008417767,-1.832738001,0.35880334
-5.037330132,-1.804075627,0.391797065
-5.053428381,-1.774217269,0.322060327
-5.058377074,-1.742184395,0.018743009
-5.052044996,-1.708768078,0.00674529
-5.035699313,-1.673825851,-0.090361243
-5.009280039,-1.63539315,-0.284199381
-4.973135834,-1.594898408,-0.292822741
-4.928721313,-1.55568963,-0.395928133
-4.876231424,-1.513507764,-0.592765701
-4.816037319,-1.466178292,-0.709368527
-4.747572898,-1.418046499,-0.681623803
-4.670287057,-1.36279129,-0.654254008
-4.584498461,-1.303963127,-0.666251726
-4.490417055,-1.247245743,-0.520404462
-4.388556454,-1.188702516,-0.441294506
-4.27886417,-1.125585307,-0.528277965
-4.161561396,-1.059480012,-0.482536663
-4.038005274,-0.996838946,-0.386179987
-3.908034595,-0.931708435,-0.491160023
-3.771473157,-0.861535295,-0.482161734
-3.628414684,-0.790162421,-0.418048927
-3.480493746,-0.724956926,-0.60738792
-3.329269929,-0.656898316,-0.694371379
-3.17196147,-0.575931327,-0.667001584
-3.006487666,-0.486573705,-0.68537309
-2.83345211,-0.404624434,-0.63625743
-2.656896233,-0.331845624,-0.467914444
-2.476028994,-0.247069482,-0.332940112
-2.292256273,-0.170177837,-0.266577732
-2.10417219,-0.073426859,-0.106108248
-1.910142178,0.00529438,-0.07086495
-1.714796263,0.096249147,-0.115481466
-1.513676872,0.183934641,-0.072739594
-1.31472441,0.261797321,-0.143976047
-1.109199932,0.382363001,-0.233209078
-0.906389738,0.448033393,-0.283449523
-0.701127692,0.623430626,-0.318692821
-0.492525278,0.670782592,-0.296197099
-0.293988955,0.875299597,-0.183343561
-0.076201466,1.012927732,-0.067865521
0.024148285,0.347019613,-0.094860387
0.000218354,0.077900728,0.016118508
0.004181057,0.157555509,0.085480317
0.004372257,0.049534538,0.00974472
0.002381533,0.085496539,0.094478606
0.005294513,0.039602998,0.123348116
0.002486505,0.041488828,0.131971476
0.005163298,0.034339169,0.175088277
0.003097593,0.01405993,0.158966343
0.004642186,0.031429816,0.142844409
0.004038595,0.009144773,0.045362947
0.004079834,0.01617071,-0.034121938
0.004998342,0.011847922,-0.105358391
0.004525966,0.010205787,-0.234708792
0.00534325,0.010854393,-0.244456939
0.004934608,0.005766775,-0.20958857
0.005406984,0.005391858,-0.207338997
0.005740645,0.007228949,-0.127854113
0.005886857,0.010434486,-0.022874077
0.007004062,0.010142051,0.019492866
0.007907573,0.007142718,0.076482029
0.008548654,0.00893482,0.105726467
0.009508401,0.00470951,0.061859809
0.00958713,-0.000250637,0.032990299
0.01030694,0.004945707,-0.071239879
0.010366924,0.000562932,-0.15184955
0.010794311,0.010299516,-0.181843846
0.011574105,-0.001487862,-0.244831867
0.011008005,0.00538061,-0.231334434
0.012796282,0.006932765,-0.239582866
0.011105479,-0.007955173,-0.197215922
0.013392375,0.01653063,-0.103483747
0.01223768,-0.0159259,-0.08248774
0.012860015,0.023305373,0.031865513
0.01450958,-0.014861137,0.107601111
0.010970514,0.014607308,0.088104818
0.017812458,0.002632472,0.078356672
0.008087526,-0.028740549,0.061109952
0.021347774,0.071718354,-0.011251287
0.002928888,-0.163088164,-0.073489451
0.055609977,0.790557198,-0.10835782
0.380229254,1.963637497,-0.196091136
0.73825596,1.749305175,-0.065990877
1.041910774,1.760308978,-0.116981181
1.359628125,1.812542358,-0.144350976
1.644252964,1.800046388,0.127847261
1.922354526,1.828678769,-0.018749861
2.186753456,1.70316044,0.103851824
2.447827014,1.751202253,0.36442727
2.702002394,1.742256743,0.205457501
2.938298746,1.758670592,0.421791361
3.163992897,1.786928056,0.692864811
3.376306831,1.812512365,0.618628929
3.581775073,1.859620636,0.68461638
3.773094551,1.856475085,0.720609535
3.949065583,1.87569331,0.528646041
4.110340495,1.887769374,0.354304195
4.258261434,1.894990268,0.1597162
4.395887591,1.912007732,-0.055117945
4.521940554,1.904726852,-0.188967491
4.633994714,1.891503543,-0.175844986
4.730771658,1.889482743,-0.058867232
4.814468306,1.882396819,0.034115085
4.886374318,1.867673844,0.198333856
4.94699581,1.848519355,0.429289935
4.995545489,1.840379916,0.457409588
5.031224817,1.811098929,0.503525818
5.054491173,1.771927643,0.594633492
5.065839427,1.753256796,0.350929837
5.066045622,1.715993835,0.203957787
5.055053525,1.675285391,0.1597162
5.033451729,1.633028541,-0.119230753
5.001457678,1.594667075,-0.311194247
4.960034866,1.563470264,-0.388429559
4.911035306,1.514172481,-0.514030674
4.853997868,1.475147412,-0.674500158
4.789552386,1.432350682,-0.727365104
4.717241481,1.375588308,-0.71986653
4.636000434,1.318698464,-0.848467074
4.54623039,1.258771794,-0.82372178
4.447957591,1.207505698,-0.661002724
4.34196558,1.14159536,-0.675624944
4.228183126,1.075538804,-0.589391343
4.107375028,1.019121354,-0.367808481
3.980980905,0.94618133,-0.351686547
3.848374672,0.879686122,-0.404551494
3.708997727,0.816193995,-0.356185691
3.563937284,0.749758774,-0.44316915
3.415206559,0.680133012,-0.575518981
3.262194465,0.605828291,-0.593515558
3.102490388,0.531354858,-0.681623803
2.9339274,0.437037089,-0.778730336
2.75874741,0.361101481,-0.76035883
2.58076316,0.284044872,-0.692496735
2.398141385,0.200884621,-0.644130933
2.213266455,0.129774189,-0.468664301
2.02238936,0.029937648,-0.248206226
1.828209387,-0.044505792,-0.157098552
1.631266393,-0.146333141,-0.010126501
1.429625891,-0.221732618,0.065234168
1.229758669,-0.317242622,0.011244435
1.022367185,-0.41700418,-0.015375503
0.821251544,-0.502530155,-0.052493444
0.611659391,-0.674429416,-0.125979469
0.408508037,-0.708505586,-0.214837571
0.203264735,-0.997779987,-0.208838712
-0.00041148,-0.905411784,-0.255329871
-0.052189057,-0.214826655,-0.246331582
-0.027456838,-0.142598972,-0.056242731
-0.037260499,-0.156260932,-0.071614808
-0.032090614,-0.0698689,-0.005627357
-0.033597716,-0.102880307,0.1597162
-0.03369894,-0.054073664,0.085855246
-0.032398033,-0.071709741,0.107976039
-0.033968868,-0.045098161,0.17133899
-0.032049375,-0.04743764,0.163465487
-0.033815159,-0.049975826,0.173588562
-0.032604229,-0.033610716,0.133096262
-0.033384023,-0.040479188,0.084355531
-0.033297796,-0.027964472,-0.027373221
-0.033305294,-0.034019375,-0.155973765
-0.033777669,-0.030903818,-0.20658914
-0.03354523,-0.03179237,-0.289073454
-0.034137574,-0.030465166,-0.3393139
-0.03392388,-0.022876854,-0.302570887
-0.034823643,-0.03152243,-0.313818748
-0.03589586,-0.029070476,-0.263203374
-0.036368235,-0.025606247,-0.123354969
-0.03748544,-0.033528234,-0.081362954
-0.038036544,-0.025343805,0.001871217
-0.038029046,-0.028065699,0.08772989
-0.038816338,-0.030840082,0.03861423
-0.038553908,-0.023502964,0.024366939
-0.039573638,-0.028361884,-0.03337208
-0.039281216,-0.015442257,-0.143976047
-0.039588634,-0.029779068,-0.208838712
-0.040608365,-0.014512464,-0.226460361
-0.03922498,-0.02433153,-0.203214782
-0.041980503,-0.027908234,-0.226460361
-0.038943805,-0.008667515,-0.167971484
-0.04240789,-0.043748461,-0.07386438
-0.039933543,0.011285547,-0.040495726
-0.040979517,-0.055187166,0.0356148
-0.043502601,0.012481531,0.111725326
-0.036713144,-0.048569888,0.153342412
-0.050389532,-0.011906794,0.143594266
-0.023677836,0.026923318,0.152592555
-0.161255256,-1.252442088,0.015743579
-0.53455168,-1.921998145,0.010494577
-0.866072885,-1.652215658,0.16833956
-1.176026036,-1.805402832,-0.030372651
-1.486061665,-1.790713599,0.150342983
-1.764988009,-1.82483101,0.293190817
-2.04149999,-1.773688637,-0.044619942
-2.302573549,-1.707418378,0.146968624
-2.563928283,-1.762317416,0.210706503
-2.810890567,-1.744310172,0.03861423
-3.043449156,-1.786364567,0.356553768
-3.263137393,-1.799164219,0.45965916
-3.472313406,-1.841443564,0.372300773
-3.673826442,-1.868096386,0.545142904
-3.858607647,-1.874173784,0.552641478
-4.029738707,-1.890512649,0.494527529
-4.185547562,-1.896496318,0.498276816
-4.330041906,-1.918537665,0.41654236
-4.463945296,-1.922406804,0.333683117
-4.58458094,-1.92314539,0.190085425
-4.691532697,-1.911691688,0.100102537
-4.782554911,-1.895019147,0.088854676
-4.861415336,-1.8905089,-0.01050143
-4.929883506,-1.878519067,0.055111093
-4.986309855,-1.862603857,0.192709926
-5.030998054,-1.839523991,0.11359997
-5.062545974,-1.81166019,0.215580576
-5.081662175,-1.780868289,0.256447805
-5.089193937,-1.747575695,0.028491155
-5.085156253,-1.717102474,0.114349827
-5.070883772,-1.679003449,0.127097403
-5.045671679,-1.637024037,-0.113606822
-5.010513464,-1.59776652,-0.164222197
-4.967077434,-1.560338596,-0.254954942
-4.915502303,-1.517635595,-0.420298499
-4.856271694,-1.468735223,-0.565395906
-4.790007943,-1.42824423,-0.581142911
-4.716497354,-1.380026207,-0.5470244
-4.634232828,-1.318457402,-0.689497306
-4.542873203,-1.260022901,-0.638507002
-4.44298833,-1.197494311,-0.58151784
-4.335279273,-1.135126934,-0.737863108
-4.219869749,-1.071990979,-0.687997591
-4.09728462,-1.008123936,-0.562021548
-3.968629844,-0.943923217,-0.623509854
-3.833541766,-0.869404794,-0.575144052
-3.691450538,-0.799407865,-0.434920718
-3.544091951,-0.737351669,-0.499033526
-3.393351757,-0.668805667,-0.51515546
-3.237141757,-0.589559545,-0.464540086
-3.073347511,-0.505900655,-0.515905317
-2.901039262,-0.424521258,-0.564646048
-2.724288436,-0.348960567,-0.574769123
-2.544171,-0.262875966,-0.566145763
-2.359832178,-0.188267563,-0.5470244
-2.172497898,-0.096206791,-0.435670576
-1.978370411,-0.010654573,-0.34493783
-1.783770549,0.061430642,-0.303695673
-1.583865838,0.168982967,-0.151474621
-1.383852405,0.235676881,-0.086237027
-1.181000972,0.354480453,-0.106108248
-0.974670458,0.423712553,-0.027373221
-0.772583823,0.563417725,0.005620504
-0.559418863,0.678419643,-0.034496867
-0.361542366,0.777453863,0.030740727
-0.142705154,1.061775616,0.103101966
0.0134861,0.588915803,0.012369221
0.009354691,0.071924558,0.049487162
0.00011713,0.163029292,0.124472902
0.007585158,0.081271229,-0.016875218
0.001493017,0.06975754,-0.01050143
0.006036817,0.061490629,0.053611378
0.002902645,0.034594112,-3.43e-06
0.005152051,0.05087674,0.046487733
0.004409747,0.019413739,0.092603963
0.004136069,0.029180316,0.08772989
0.00526827,0.014251137,0.088479747
0.004331018,0.01954496,0.071982884
0.005526952,0.014929736,0.064859239
0.004923361,0.007993779,-0.006002285
0.005583187,0.011491751,-0.042745298
0.005530701,0.007918796,-0.031497437
0.005489462,0.008833592,-0.132353257
0.00598808,0.001747669,-0.182968632
0.006250511,0.006606588,-0.203964639
0.007154022,0.009954593,-0.292447812
0.007967557,0.007322678,-0.277450664
0.008567399,0.008559903,-0.236958365
0.009482157,0.007502638,-0.248956083
0.009950784,0.002497502,-0.200590281
0.010351928,0.008020023,-0.145100833
0.010790562,0.001702679,-0.153724193
0.01072308,-0.002608862,-0.125604541
0.012053978,0.002355034,-0.054368088
0.011427894,0.000416715,-0.042370369
0.012680063,0.009324733,-0.034121938
0.012308911,-0.005994359,0.003370932
0.012721302,0.014787268,0.014618793
0.013726037,-0.01066582,0.031865513
0.011739061,0.009212258,0.115099685
0.015791741,0.006677822,0.145468909
0.010693088,-0.014557454,0.107976039
0.016991425,0.038913151,0.075732171
0.011476631,-0.054621042,-0.002627927
0.015506817,0.084859181,-0.109857535
0.01560804,-0.11909545,-0.20658914
0.010213214,0.298336693,-0.199840423
0.251844407,1.734301013,-0.256454657
0.630891812,1.881751963,-0.145850691
0.939592793,1.692539053,-0.004502571
1.256635322,1.820505587,-0.080238168
1.552229765,1.772857436,0.285692243
1.830758713,1.843375499,0.325434685
2.101122319,1.732842587,0.185961209
2.360246392,1.725239279,0.567638626
2.619100536,1.749545122,0.450660871
2.859479559,1.740299679,0.316811325
3.088892728,1.779024814,0.51439875
3.304798214,1.794681331,0.400420425
3.513111955,1.841864586,0.359553197
3.709961223,1.851098781,0.445786798
3.890007428,1.859238221,0.349055194
4.056009842,1.867407654,0.256447805
4.207915978,1.886445918,0.241450657
4.349471098,1.898368266,0.191210211
4.479614231,1.89187846,0.07310767
4.596572096,1.89839826,0.010494577
4.69830898,1.882689254,0.06748374
4.785852113,1.866654071,0.096728178
4.86156337,1.860100529,0.117349257
4.925720178,1.843409242,0.297315033
4.978438757,1.824974593,0.400420425
5.018444442,1.803979263,0.385423277
5.045647259,1.774312113,0.531270542
5.060961965,1.739819785,0.433414151
5.065142111,1.708862922,0.19720907
5.058581343,1.665829994,0.128972047
5.04060484,1.623651877,-0.135727616
5.011879926,1.588679656,-0.43154636
4.973418832,1.546636509,-0.563146334
4.926207549,1.504402154,-0.638881931
4.871250812,1.459588373,-0.715742315
4.808559866,1.419899701,-0.701869953
4.73856585,1.370556928,-0.557522403
4.660987586,1.31390328,-0.555272831
4.575221484,1.264807952,-0.539150897
4.481406258,1.205443657,-0.400427278
4.379204496,1.141006741,-0.437545219
4.268691179,1.076641059,-0.533526966
4.150454902,1.016013296,-0.499783383
4.025594124,0.953349735,-0.507281957
3.894704938,0.882497996,-0.634382787
3.757221243,0.812624789,-0.604388491
3.61378787,0.744071289,-0.571769694
3.466433031,0.689888342,-0.7142426
3.315317936,0.620153854,-0.732989035
3.158118198,0.530811229,-0.756609543
2.992528175,0.45132516,-0.845467645
2.81880655,0.369045963,-0.813598705
2.641534612,0.293766459,-0.691746878
2.459958811,0.21666861,-0.610012421
2.275530013,0.142082701,-0.501658027
2.086857336,0.049414565,-0.285324167
1.892583637,-0.029430396,-0.193466635
1.69766136,-0.123841894,-0.088486599
1.496362018,-0.212723372,0.068983455
1.297207108,-0.279541009,0.076482029
1.091795101,-0.399593053,0.103101966
0.888276345,-0.464419883,0.098602822
0.683632885,-0.633462279,0.013494007
0.473613344,-0.69765175,-0.086611956
0.275077022,-0.883734106,-0.110232464
0.055921144,-1.04667661,-0.138727045
-0.053066325,-0.40931839,-0.264703088
-0.030504783,-0.098133863,-0.136852402
-0.032900401,-0.187337769,-0.066365806
-0.033837653,-0.077704657,-0.09710996
-0.030722226,-0.103363949,0.110975469
-0.033987613,-0.066026005,0.184461494
-0.03059101,-0.060184805,0.21745522
-0.033324039,-0.059678667,0.275569168
-0.031224593,-0.037903511,0.227953223
-0.032416778,-0.051471743,0.203957787
-0.032203085,-0.032969609,0.103851824
-0.031738207,-0.039155732,0.015743579
-0.032746691,-0.031428701,-0.043870084
-0.032165595,-0.030521403,-0.137602259
-0.032682958,-0.030079002,-0.1316034
-0.032532998,-0.027578308,-0.169471199
-0.033035365,-0.031027541,-0.243332153
-0.033192823,-0.026003658,-0.251955513
-0.033425262,-0.027687034,-0.301071172
-0.034388758,-0.026948448,-0.346812474
-0.035101069,-0.025163845,-0.306320174
-0.035918354,-0.029287928,-0.250455798
-0.036870602,-0.02473644,-0.183343561
-0.036934335,-0.025516267,-0.03074758
-0.037609157,-0.028253158,0.02136751
-0.037714129,-0.018066674,0.010494577
-0.038164011,-0.028433118,0.056985736
-0.038876323,-0.019678815,0.020992581
-0.038164011,-0.026517294,-0.049868943
-0.03983232,-0.02671225,-0.124104826
-0.038145266,-0.013252745,-0.146225619
-0.040263456,-0.03431181,-0.148475191
-0.039060024,-0.00136039,-0.154099122
-0.039502407,-0.040272984,-0.080988025
-0.041376912,-0.002571371,-0.049494015
-0.037579165,-0.029884045,-0.026623364
-0.044454849,-0.023274265,0.01836808
-0.034774906,0.01230532,0.014243864
-0.047828958,-0.091411608,-0.054743016
-0.03009989,0.133444623,-0.009001715
-0.079414368,-0.750117579,-0.023249006
-0.40284146,-1.891206245,-0.130853542
-0.764707153,-1.711441233,0.066733882
-1.069340458,-1.736879325,-0.024373792
-1.387237761,-1.813920937,0.030365798
-1.672694881,-1.796269863,0.429289935
-1.952029867,-1.813894693,0.222704222
-2.217268575,-1.698154189,0.313436967
-2.478210918,-1.745423674,0.560889909
-2.731951413,-1.739799925,0.286442101
-2.967156802,-1.759411812,0.361802769
-3.191700007,-1.788089183,0.499776531
-3.403504076,-1.813677241,0.341931548
-3.60885235,-1.856578948,0.406419285
-3.799440771,-1.857280042,0.446536656
-3.974871945,-1.874848634,0.312312181
-4.135505777,-1.882343216,0.293940675
-4.283194277,-1.894141842,0.282692814
-4.420700465,-1.904823216,0.204332715
-4.545894905,-1.905438079,0.123723045
-4.658031544,-1.897909754,0.063734453
-4.754478575,-1.881754597,0.102352109
-4.837485405,-1.87095325,0.073482599
-4.909301441,-1.859990689,0.069358383
-4.969300597,-1.843873024,0.26357145
-5.01730667,-1.82177544,0.249324159
-5.052569858,-1.794766448,0.288316744
-5.075806222,-1.764461939,0.43078965
-5.087161973,-1.731900432,0.243700229
-5.087034507,-1.698379139,0.142844409
-5.076897184,-1.666769921,0.100477465
-5.055861489,-1.628415952,-0.154848979
-5.024167358,-1.583414713,-0.321317322
-4.983280655,-1.540887923,-0.389179417
-4.933812468,-1.49720639,-0.514780531
-4.876482607,-1.455204483,-0.619760567
-4.811909659,-1.410023284,-0.610012421
-4.739362566,-1.358805927,-0.54102554
-4.657964061,-1.303610705,-0.601014132
-4.568808855,-1.246342194,-0.574019266
-4.471675754,-1.192886586,-0.438295077
-4.366501028,-1.131647708,-0.549273972
-4.253524612,-1.062745535,-0.62763407
-4.133065171,-0.997337585,-0.527903036
-4.006262406,-0.934104152,-0.584892198
-3.872778905,-0.869101112,-0.673375371
-3.732618417,-0.799569079,-0.5901412
-3.586497003,-0.732721449,-0.624259712
-3.437140194,-0.669011871,-0.710868241
-3.283678219,-0.598321346,-0.651629507
-3.122557016,-0.518160428,-0.666251726
-2.952876823,-0.429848823,-0.726990176
-2.777509382,-0.354974229,-0.653129222
-2.5987041,-0.273369882,-0.550773687
-2.414867645,-0.194749871,-0.536901325
-2.228972984,-0.117974449,-0.414674568
-2.03631136,-0.018509075,-0.241832438
-1.841209131,0.049890709,-0.206964069
-1.643152682,0.147091587,-0.080238168
-1.441875833,0.220740204,0.028116226
-1.241896141,0.323422362,0.007495148
-1.034710853,0.408138517,0.062984595
-0.83413132,0.507577647,0.089229604
-0.622432223,0.675679003,0.021742438
-0.42037558,0.709743925,-0.036746439
-0.210307303,1.011008159,-0.006377214
-0.01453775,0.82130036,-0.084737312
0.019716955,0.14586561,-0.132353257
-0.002240997,0.132409853,0.033365228
0.00871361,0.121091121,0.011244435
0.002441517,0.056421756,0.04161366
0.005691908,0.082182276,0.206582288
0.004559707,0.029851417,0.2002085
0.004237292,0.053546146,0.23770137
0.005740645,0.024778795,0.269945238
0.003948619,0.026975807,0.216705362
0.005954339,0.021738222,0.158216485
0.004784648,0.014322371,0.068608526
0.005605681,0.022034406,0.007495148
0.005560693,0.01019454,-0.083987455
0.005740645,0.013448816,-0.136477473
0.006093052,0.007716341,-0.104983462
0.00583812,0.009332231,-0.160847839
0.006456706,0.009770884,-0.230584577
0.00659542,0.007633859,-0.251205655
0.007345222,0.010037075,-0.296572028
0.008293721,0.006651578,-0.3393139
0.008983539,-7.44e-05,-0.309319604
0.010216963,0.004469563,-0.261703659
0.010629355,0.002366281,-0.182968632
0.010708084,0.002883666,-0.079488311
0.011424145,-0.003144993,-0.07086495
0.01113922,-0.002766327,-0.023998863
0.012477616,0.008346201,-3.43e-06
0.011945257,-0.008603779,-0.082862669
0.012721302,0.008424933,-0.13722733
0.013137442,-0.006414266,-0.173970343
0.012747545,0.007930043,-0.16047291
0.014824497,-0.000644299,-0.185593133
0.011907767,-0.004082285,-0.164972054
0.01609916,0.016384413,-0.045744728
0.011990245,-0.028399375,-0.025498578
0.016005435,0.034631604,0.010119649
0.01405595,-0.052307807,0.082105959
0.012931247,0.063151509,0.099727608
0.020597972,-0.067341962,0.080231316
0.000735717,0.11542988,0.103851824
0.19461202,1.546962686,-0.002252998
0.574390482,1.933351734,0.002246146
0.891234313,1.66975912,0.155591984
1.205854982,1.828794993,0.003370932
1.508726253,1.782620264,0.191210211
1.787746322,1.83838161,0.293940675
2.061720224,1.755832473,0.081356102
2.322111462,1.709069126,0.329558901
2.583267499,1.746538291,0.285317315
2.827163093,1.726011607,0.174713348
3.058983127,1.765928977,0.467532663
3.277415445,1.781409284,0.43941301
3.486992602,1.821641584,0.366676842
3.68721223,1.84180085,0.473531522
3.870643792,1.849239195,0.389922422
4.040155279,1.858600863,0.303313892
4.194250837,1.867115219,0.285317315
4.337238078,1.882111883,0.256822733
4.470106742,1.887162009,0.249324159
4.589752647,1.880623464,0.182961779
4.694807405,1.867546373,0.123723045
4.785424726,1.860764131,0.10497661
4.863928995,1.840222451,0.013494007
4.931403677,1.82408604,0.053236449
4.98649163,1.814349456,0.149593125
5.029279081,1.787681639,0.043488303
5.059334894,1.756064922,0.139095122
5.07730015,1.722078732,0.197583999
5.084025874,1.691388059,0.026616511
5.079523313,1.658909034,0.074607385
5.065134613,1.621818535,0.031115656
5.039836293,1.583262112,-0.146975477
5.004565607,1.538380845,-0.199840423
4.960473501,1.495272935,-0.31044439
4.907376272,1.449600594,-0.494159453
4.846900992,1.404599355,-0.621635211
4.77844032,1.360347949,-0.581142911
4.701634352,1.30851198,-0.546274542
4.61670428,1.255761214,-0.595390202
4.523871294,1.194571076,-0.492659738
4.42345781,1.133755854,-0.477287661
4.314957712,1.076221153,-0.60738792
4.19885837,1.011742996,-0.567645478
4.075650905,0.946278808,-0.543650041
3.945886422,0.88005354,-0.658378223
3.809729877,0.81397074,-0.626509284
3.666971325,0.747100615,-0.564646048
3.519683969,0.683844686,-0.674500158
3.369322425,0.61271176,-0.708243741
3.213449837,0.539344331,-0.669626084
3.049876781,0.462531418,-0.694746307
2.877673505,0.376705509,-0.695121236
2.700903935,0.306783564,-0.618260853
2.520265386,0.220721458,-0.588641485
2.335086786,0.145153268,-0.596140059
2.147178907,0.059582303,-0.458541226
1.952324112,-0.026074892,-0.350186832
1.756468331,-0.102167965,-0.307819889
1.555495152,-0.204077796,-0.16609684
1.354465738,-0.264668067,-0.09710996
1.150886997,-0.383434148,-0.089986314
0.944474004,-0.450094319,-0.01612536
0.742372373,-0.590444349,0.017243294
0.529612307,-0.699533832,0.014993722
0.331852029,-0.796558499,0.089979462
0.112958582,-1.081851285,0.138345264
-0.042107969,-0.610506136,0.037864373
-0.037444201,-0.099794743,0.088854676
-0.028375346,-0.18544819,0.144344123
-0.035415986,-0.098043883,-0.001503141
-0.029125148,-0.088805938,0.072732742
-0.033533983,-0.081809994,0.13947005
-0.030129882,-0.053027647,0.09635325
-0.032229328,-0.06667836,0.161590844
-0.031532012,-0.0361564,0.148468339
-0.031220844,-0.052551503,0.131596548
-0.032083116,-0.036220135,0.107226182
-0.031089629,-0.037284899,0.03861423
-0.032195587,-0.034450529,-0.037871225
-0.031577,-0.02815193,-0.130478614
-0.03210561,-0.034379295,-0.146975477
-0.031906913,-0.027503325,-0.187842705
-0.032173093,-0.027863244,-0.251580584
-0.032679209,-0.024867661,-0.24108258
-0.032772934,-0.025527514,-0.240707652
-0.033751426,-0.028215666,-0.307819889
-0.034538718,-0.025977414,-0.307070032
-0.035378496,-0.027368355,-0.285699096
-0.036409474,-0.02496139,-0.346812474
-0.03646196,-0.019840029,-0.279700236
-0.036964327,-0.025478775,-0.233209078
-0.037245503,-0.018419095,-0.235833578
-0.037425456,-0.024593972,-0.148100263
-0.038351461,-0.021253465,-0.117356109
-0.037436703,-0.016799456,-0.068990307
-0.039063773,-0.025662484,-0.031872366
-0.037740372,-0.008183872,0.000746431
-0.039352447,-0.032650929,0.044613089
-0.039236227,-0.009042431,0.052861521
-0.038036544,-0.035594025,0.120348687
-0.041733068,-0.013080283,0.13384612
-0.036645662,-0.017583031,0.104226752
-0.04373129,-0.042991129,0.091104248
-0.035378496,0.029229055,0.065984025
-0.044544826,-0.099914717,-0.063741305
-0.035715907,0.132361114,-0.12298004
-0.05289762,-0.514171315,-0.09973446
-0.339119537,-1.807044966,-0.24108258
-0.712742125,-1.761515095,-0.106858106
-1.018290189,-1.701794629,-0.11998061
-1.337713339,-1.820973118,-0.139476903
-1.628332845,-1.779949744,0.32131047
-1.907967752,-1.82114558,0.213705933
-2.17680551,-1.700966064,0.210706503
-2.43760914,-1.724773268,0.613379927
-2.694528795,-1.734431119,0.447286513
-2.932530946,-1.739559978,0.460409017
-3.159953391,-1.773793613,0.67299359
-3.373523243,-1.793780417,0.473531522
-3.580438603,-1.837803124,0.436788509
-3.774464867,-1.842782017,0.474656308
-3.9527003,-1.858149848,0.264696236
-4.117034404,-1.865981856,0.18558628
-4.266612405,-1.87302279,0.163840416
-4.40568568,-1.886947192,0.068983455
-4.534475421,-1.889507873,-0.020999433
-4.649435064,-1.880742322,-0.105358391
-4.748791327,-1.866240548,-0.041620512
-4.835089788,-1.853320922,0.030740727
-4.909372672,-1.843224418,0.059235308
-4.972194833,-1.826971784,0.293940675
-5.023012663,-1.803760697,0.347555479
-5.060753947,-1.774955855,0.305563464
-5.085891059,-1.744891292,0.469032378
-5.099454977,-1.718294709,0.285692243
-5.10228173,-1.682074016,0.088854676
-5.094270096,-1.645875818,0.078731601
-5.076094896,-1.60977135,-0.203214782
-5.047774874,-1.567938156,-0.417673998
-5.009782407,-1.526389898,-0.509156601
-4.963575859,-1.487169872,-0.63625743
-4.909102743,-1.444035718,-0.704119525
-4.846779201,-1.395439028,-0.676374801
-4.776335303,-1.349436761,-0.53240218
-4.697111224,-1.294811412,-0.51815489
-4.609729299,-1.239803649,-0.467539515
-4.5142945,-1.181305412,-0.29019824
-4.411234215,-1.120437702,-0.319442679
-4.300555942,-1.062884255,-0.370807911
-4.182139712,-0.992497412,-0.275201092
-4.056881539,-0.931386006,-0.326191395
-3.924901391,-0.866712893,-0.506907029
-3.785861857,-0.793799112,-0.493784524
-3.640400269,-0.733418794,-0.606263134
-3.491245906,-0.668580717,-0.811724062
-3.338301294,-0.595385749,-0.779105265
-3.178743429,-0.517579307,-0.836469356
-3.011046462,-0.432225794,-0.911830025
-2.836297608,-0.353928211,-0.836844285
-2.658504558,-0.28034333,-0.72848989
-2.475582862,-0.198476542,-0.63625743
-2.28995813,-0.125862695,-0.491534952
-2.098916078,-0.033963138,-0.277825593
-1.902681648,0.043172204,-0.209213641
-1.705614937,0.134921794,-0.121855254
-1.502767253,0.215465127,0.02136751
-1.302615107,0.29735816,0.032615371
-1.095332344,0.405941506,0.079856387
-0.892225979,0.474734953,0.111350398
-0.684110936,0.641737803,0.027366369
-0.475620991,0.686814026,-0.057742446
-0.273429384,0.923562611,-0.043870084
-0.056984041,0.967120422,-0.124479755
0.025775355,0.28477221,-0.227585147
-0.00056144,0.094010895,-0.059242161
0.006839105,0.156239552,-0.021374362
0.004660931,0.049838221,-0.023998863
0.003974862,0.08059263,0.192334997
0.006261758,0.038845666,0.272569739
0.003539977,0.045646653,0.317186254
0.006377977,0.029292791,0.41916686
0.004278532,0.02210564,0.400795354
0.005954339,0.031381077,0.313436967
0.005500709,0.011780437,0.188210781
0.00557194,0.021044626,0.039739016
0.006104299,0.010247028,-0.098984603
0.005766889,0.013347588,-0.208088855
0.00636673,0.012147855,-0.222336145
0.006115546,0.007817568,-0.259454087
0.006749129,0.009752138,-0.335564613
0.006876596,0.006966508,-0.340438686
0.007255246,0.008091257,-0.398927563
0.00829747,0.007671351,-0.436795362
0.008972292,0.00214508,-0.370807911
0.009962031,0.006985254,-0.315318463
0.010715582,0.006606588,-0.208838712
0.01083555,0.002508749,-0.12860397
0.011709069,0.008571151,-0.125229612
0.011356662,-0.002106474,-0.05961709
0.012245178,0.002804933,0.016118508
0.01254135,-0.000164406,0.022867225
0.012365146,0.008113752,-0.003377784
0.014022209,-0.001821537,0.008994863
0.012215186,-0.000108169,0.002246146
0.0150007,0.014179903,-0.064491163
0.01276629,-0.01529604,-0.050243872
0.014989453,0.023444092,-0.035621653
0.014539572,-0.027394599,-0.06524102
0.012972486,0.027841864,-0.044245013
0.018153618,-0.014310009,-0.080238168
0.009354691,0.001260277,-0.109107678
0.024020818,0.035223972,-0.163472339
-0.000651417,-0.114772661,-0.161222767
0.093962349,1.049088438,-0.176594844
0.446807923,1.977044515,-0.21221307
0.789789852,1.697821628,0.083230745
1.095334167,1.776711579,0.062234738
1.40887512,1.788555194,0.122598259
1.690298305,1.796514674,0.448411299
1.968418612,1.782151619,0.2002085
2.23119797,1.687646391,0.299939534
2.493103808,1.731372914,0.520022681
2.743653896,1.716923629,0.286442101
2.978409404,1.733232501,0.420666575
3.201599216,1.743557704,0.552266549
3.41270222,1.793485348,0.387297921
3.617098245,1.825544466,0.418791932
3.805812162,1.827130363,0.452535515
3.980186115,1.843454232,0.331058616
4.139710239,1.844807681,0.239576013
4.286120327,1.856178901,0.167589703
4.422074426,1.863995912,0.065609096
4.546196649,1.862574979,-0.065990877
4.656038893,1.845433792,-0.100484318
4.750457709,1.832187988,-0.005627357
4.833074643,1.823561157,0.042738446
4.904628248,1.812831044,0.137970335
4.96403506,1.793282893,0.334807903
5.011265088,1.759525402,0.275944097
5.04514864,1.730308151,0.253823304
5.066143096,1.704551381,0.314936682
5.075868028,1.672570995,0.046112804
5.074705835,1.635570476,-0.05661766
5.062982681,1.602907741,-0.092235886
5.041144698,1.563901418,-0.331440397
5.009000686,1.516586943,-0.424797643
4.967645357,1.479368973,-0.463415299
4.918308385,1.438038167,-0.507281957
4.8605024,1.392268348,-0.541400469
4.794553565,1.347049657,-0.484786235
4.720300673,1.292473047,-0.37680677
4.637237607,1.239006191,-0.447293365
4.546042939,1.181958881,-0.434920718
4.447155302,1.122313399,-0.380556057
4.340949598,1.064347544,-0.495659168
4.227320854,0.999569454,-0.520029533
4.106655218,0.935447468,-0.440919577
3.979743732,0.875040905,-0.514780531
3.845945314,0.812186137,-0.628008999
3.705065016,0.73799764,-0.590891057
3.558587446,0.674220577,-0.66512694
3.408799501,0.618564208,-0.758859115
3.254407771,0.53961802,-0.730364534
3.092506774,0.456843933,-0.749110969
2.922504167,0.37692671,-0.734113821
2.746945526,0.306884791,-0.687247733
2.567975287,0.230225594,-0.617510995
2.384401263,0.153330199,-0.571769694
2.197666824,0.072753123,-0.455916725
2.003768027,-0.020552371,-0.297321885
1.807942239,-0.09162906,-0.26432816
1.608457417,-0.190325855,-0.095985173
1.4061121,-0.258916847,0.02999087
1.204479095,-0.362982447,-0.040120797
0.996345307,-0.440383979,-0.050618801
0.794697306,-0.549492208,-0.092235886
0.582432109,-0.69671071,-0.191966921
0.381507667,-0.740482223,-0.224960646
0.169849809,-1.050253314,-0.179219345
-0.018894099,-0.796670974,-0.209963498
-0.044811005,-0.150933368,-0.139851831
-0.024753802,-0.160564975,0.066358954
-0.035146058,-0.130271714,0.085105389
-0.028371596,-0.076538667,0.200583428
-0.031640733,-0.09549445,0.372675702
-0.029938683,-0.048078748,0.360303055
-0.030066149,-0.068946605,0.377174846
-0.031127119,-0.041697667,0.332933259
-0.029507547,-0.047096466,0.222704222
-0.031119621,-0.040183004,0.123348116
-0.030118635,-0.034420536,0.002621075
-0.030988405,-0.037858521,-0.035996581
-0.030647246,-0.026884712,-0.091860958
-0.030834696,-0.030363938,-0.142851261
-0.030973409,-0.028748048,-0.183343561
-0.031037143,-0.028864272,-0.308194818
-0.031434538,-0.027270876,-0.375681984
-0.031385801,-0.028043204,-0.427422144
-0.03244677,-0.026641016,-0.467914444
-0.033279051,-0.024773932,-0.403801636
-0.0338489,-0.026363578,-0.290573169
-0.035101069,-0.030161483,-0.217462072
-0.035415986,-0.022449449,-0.115856395
-0.035498465,-0.021703365,-0.025498578
-0.036364486,-0.022231997,-0.074239309
-0.035955844,-0.018816507,-0.055867803
-0.037189268,-0.024080336,-0.013125931
-0.036641913,-0.01759053,-0.070115093
-0.037226758,-0.02734586,-0.110982321
-0.037515432,-0.008277601,-0.136852402
-0.036949331,-0.02770203,-0.130853542
-0.039239976,-0.01669073,-0.123354969
-0.036383231,-0.013293985,-0.061866662
-0.040657102,-0.036853745,0.008245005
-0.036510697,0.005912992,0.024741868
-0.040225966,-0.057650368,0.049862091
-0.038685123,0.030769963,0.00112136
-0.03684061,-0.073809274,-0.05661766
-0.045527066,0.043205946,-0.106108248
-0.024000251,-0.107236838,-0.103483747
-0.212920363,-1.47967154,-0.192716778
-0.594940733,-1.882826859,-0.150349835
-0.913977735,-1.636577887,-0.001503141
-1.228201008,-1.805695267,-0.100859247
-1.531480921,-1.769137149,0.206582288
-1.810051109,-1.813568515,0.313436967
-2.084662342,-1.730858164,0.096728178
-2.344896123,-1.690277191,0.40491957
-2.606179625,-1.731742967,0.426665434
-2.850247674,-1.715407851,0.286442101
-3.081122957,-1.753638097,0.529770827
-3.299476547,-1.768139871,0.520022681
-3.508622568,-1.809485673,0.411293358
-3.708141131,-1.824103672,0.524896754
-3.891059078,-1.83157576,0.46265859
-4.059948229,-1.843644325,0.368176557
-4.21475235,-1.850130382,0.370426129
-4.357878305,-1.86290754,0.24632473
-4.489940931,-1.866356773,0.066358954
-4.61006671,-1.86056806,-0.087361813
-4.714169219,-1.843329395,-0.115106537
-4.803826793,-1.832636774,-0.058117375
-4.882252334,-1.82195165,-0.090736172
-4.948771018,-1.807419883,0.050611948
-5.00401268,-1.786810718,0.212581147
-5.046597685,-1.759389317,0.105726467
-5.076121139,-1.731660486,0.216705362
-5.093730239,-1.69976633,0.224953794
-5.0995562,-1.664970321,-0.013875788
-5.094495037,-1.628719635,0.063359524
-5.079232817,-1.591996554,-0.050993729
-5.053117213,-1.55065825,-0.348687117
-5.017670324,-1.510868351,-0.390679132
-4.974144318,-1.473046764,-0.462665442
-4.922153047,-1.4283792,-0.542900184
-4.862626266,-1.383130516,-0.567270549
-4.794960385,-1.334983726,-0.472413588
-4.718195656,-1.280680806,-0.39967742
-4.632920675,-1.224435818,-0.473163446
-4.5394766,-1.168775699,-0.398177706
-4.437927166,-1.109801318,-0.395553205
-4.32900343,-1.049739679,-0.519654604
-4.212802865,-0.991691341,-0.456291654
-4.089704122,-0.928420416,-0.398927563
-3.960183324,-0.860035628,-0.52677825
-3.823588145,-0.790567331,-0.544774827
-3.680128528,-0.724911936,-0.527528107
-3.532065127,-0.662529563,-0.655753723
-3.380507649,-0.595400746,-0.6306335
-3.222318172,-0.519465138,-0.589766271
-3.055989594,-0.433811691,-0.653129222
-2.882462917,-0.358607171,-0.652379364
-2.70537843,-0.287552977,-0.645255719
-2.524188777,-0.204141531,-0.632883072
-2.339677501,-0.140874355,-0.563521262
-2.151214768,-0.04874235,-0.388429559
-1.955568932,0.030919929,-0.273326449
-1.759259521,0.112044383,-0.204339568
-1.55685797,0.206002232,-0.046119656
-1.35554738,0.272703645,-0.026998293
-1.149749225,0.397277183,-0.023623934
-0.943846097,0.453473432,0.032240442
-0.738771501,0.617330732,-0.028123079
-0.526288862,0.689640897,-0.10573332
-0.327909997,0.826957851,-0.115106537
-0.106302267,1.060069745,-0.123729897
0.022431238,0.468740036,-0.20358971
0.004975847,0.069510095,-0.098984603
0.003547475,0.170891293,0.047612519
0.00735272,0.06364265,0.045362947
0.002760183,0.08095255,0.214080862
0.007060297,0.054250989,0.331808473
0.00375367,0.040229108,0.264321307
0.006430463,0.046032817,0.302938963
0.004795895,0.017569149,0.303688821
0.005590685,0.032697034,0.186336138
0.006006825,0.01378999,0.112100255
0.005440725,0.020628469,0.054736164
0.006445459,0.012747722,-0.025498578
0.005808128,0.009021051,-0.103483747
0.006486698,0.009943345,-0.115481466
0.006273005,0.004402078,-0.174345272
0.006771623,0.009898356,-0.281949809
0.006906588,0.004525801,-0.298446671
0.007131528,0.007652605,-0.348687117
0.008436184,0.010262025,-0.41130021
0.008893563,0.00286492,-0.39405349
0.00958713,0.005673045,-0.326191395
0.010809307,0.007078983,-0.258704229
0.011049244,0.004184627,-0.142851261
0.011731563,0.007352672,-0.045369799
0.011607846,-0.001319149,-0.058867232
0.012050229,0.007641358,-0.020999433
0.013039968,0.0011553,0.002996003
0.012323907,0.004567041,-0.034871795
0.014217157,0.006317902,-0.066365806
0.012593836,-0.007542765,-0.08548717
0.014648293,0.017512912,-0.086986885
0.013756029,-0.016327061,-0.124104826
0.013861001,0.02017482,-0.061866662
0.015934204,-0.013751384,0.022117367
0.012095217,0.012436541,0.010869506
0.019150854,0.010835647,0.040488873
0.009545891,-0.033576973,0.020617652
0.022213795,0.074620208,-0.072739594
0.005781885,-0.159121546,-0.071239879
0.051126161,0.735107033,-0.071239879
0.369072201,1.942570934,-0.150349835
0.730105613,1.74712691,-0.007876929
1.033531737,1.730326897,0.014243864
1.351515267,1.806783639,0.020992581
1.637422268,1.783377596,0.328434115
1.916577301,1.804856568,0.169464346
2.182370863,1.682041388,0.150342983
2.44413424,1.714156744,0.430414721
2.699760486,1.70397026,0.259822163
2.937024082,1.720474089,0.331058616
3.163535518,1.749890045,0.509524677
3.376711724,1.76771733,0.362552627
3.583488371,1.802262145,0.389172564
3.776239971,1.809554273,0.420666575
3.953560646,1.82359115,0.299189676
4.11668382,1.826455513,0.322060327
4.266164347,1.840207454,0.361802769
4.4051289,1.846562291,0.286817029
4.532295319,1.844342784,0.147343553
4.645267987,1.832352951,0.032990299
4.742948442,1.815912859,0.013868936
4.827908507,1.806888616,-0.018374932
4.902262622,1.794257676,-0.014250717
4.964878587,1.776284174,0.122598259
5.014860389,1.743220279,0.083605674
5.052556684,1.716672435,0.04723759
5.077266409,1.694338653,0.172838705
5.089855585,1.659505151,0.023617082
5.091340193,1.625575199,-0.066740735
5.082031401,1.587018776,-0.012376073
5.0625328,1.549909531,-0.210713356
5.032683182,1.510955696,-0.394803347
4.993734717,1.461331735,-0.447668294
4.946482195,1.419074885,-0.502032956
4.891263027,1.380402238,-0.550773687
4.828534592,1.333657636,-0.522279105
4.756999732,1.2863919,-0.410175424
4.676549726,1.225400468,-0.413549782
4.587611962,1.161822111,-0.420673428
4.490261419,1.11668965,-0.365933837
4.385412857,1.058585076,-0.459666012
4.273077521,0.989705398,-0.556397617
4.15364531,0.93660596,-0.495659168
4.028270917,0.877455368,-0.49790874
3.896339506,0.805058972,-0.611887065
3.757382451,0.740925739,-0.564646048
3.612595684,0.678348409,-0.587516699
3.464018669,0.617986837,-0.670375942
3.310811626,0.546958887,-0.582267697
3.150481465,0.46355494,-0.57851841
2.982102179,0.385823481,-0.602513847
2.806843459,0.313802002,-0.58714177
2.628218129,0.235013279,-0.574394195
2.445030253,0.157585503,-0.56127169
2.259191827,0.088135952,-0.474288232
2.067403723,-0.007955173,-0.318692821
1.871390484,-0.077262256,-0.273701377
1.673596465,-0.172292366,-0.201715067
1.47011145,-0.24770684,-0.129353828
1.269231996,-0.327856511,-0.167596555
1.060764546,-0.434591518,-0.144350976
0.857249538,-0.504550956,-0.087736742
0.647316225,-0.681976487,-0.106858106
0.439324899,-0.717012444,-0.130853542
0.235749907,-0.963433877,-0.100859247
0.022037592,-0.974295211,-0.152224478
-0.051326785,-0.278442503,-0.154848979
-0.024858774,-0.120632608,0.027366369
-0.0330916,-0.168149538,0.075357242
-0.029863702,-0.068931609,0.15671677
-0.02972124,-0.104908606,0.329183972
-0.031082131,-0.053357573,0.296940104
-0.028986434,-0.066693357,0.265446093
-0.031460781,-0.051186806,0.274444382
-0.029072661,-0.040437947,0.220454649
-0.030647246,-0.046590329,0.161590844
-0.029811216,-0.030225219,0.070483169
-0.03021236,-0.040231743,-0.020999433
-0.030411058,-0.028253158,-0.098984603
-0.030189866,-0.030330196,-0.178844416
-0.030733473,-0.026783485,-0.190842134
-0.030384815,-0.026281096,-0.227960076
-0.0310109,-0.027762017,-0.256454657
-0.030999653,-0.02239696,-0.228709933
-0.031794443,-0.029505379,-0.32469168
-0.032754189,-0.026974692,-0.386929845
-0.033256557,-0.022648155,-0.344187973
-0.034317526,-0.026738495,-0.332940112
-0.03490987,-0.020807314,-0.274076306
-0.035168552,-0.02451149,-0.221961217
-0.035974589,-0.02451149,-0.193841564
-0.035520959,-0.017418068,-0.086611956
-0.036619418,-0.026828475,-0.03074758
-0.036413223,-0.013323979,-0.042370369
-0.036405725,-0.024717694,-0.010126501
-0.037747871,-0.013492691,0.001496289
-0.036222023,-0.021388435,0.008994863
-0.039033781,-0.028440616,0.019492866
-0.036207027,-0.005409489,0.032990299
-0.039146251,-0.041225272,0.067858669
-0.037335479,0.008233726,0.046862661
-0.037639149,-0.051059334,-0.013500859
-0.040544632,0.014378609,-0.03637151
-0.033668948,-0.040681643,-0.064491163
-0.047686496,-0.022231997,-0.162722482
-0.021091019,0.042347387,-0.167221626
-0.14946087,-1.207605811,-0.26432816
-0.519904298,-1.926718345,-0.263953231
-0.855361963,-1.645560888,-0.038246154
-1.164659037,-1.784002592,-0.137602259
-1.475624421,-1.774412226,0.121848401
-1.755390543,-1.796828489,0.430039793
-2.032614837,-1.750893707,0.198708785
-2.294243248,-1.67162884,0.437163438
-2.556497745,-1.723712254,0.577011843
-2.805274551,-1.701753388,0.328059186
-3.038582941,-1.736133241,0.521897324
-3.259984475,-1.750893707,0.55489105
-3.470581363,-1.788280391,0.346055764
-3.673436545,-1.811810156,0.449911014
-3.859683613,-1.811667688,0.403044926
-4.031766921,-1.827699122,0.242200514
-4.189247835,-1.828726393,0.220454649
-4.335009344,-1.844424151,0.116974328
-4.47070851,-1.84456662,-0.001503141
-4.593297388,-1.839197814,-0.053993159
-4.701999933,-1.832752998,-0.032247294
-4.795346533,-1.810734146,0.065609096
-4.875451629,-1.801728649,0.099352679
-4.945483136,-1.790657362,0.227203366
-5.003277874,-1.768769731,0.372300773
-5.048697131,-1.746885849,0.252698518
-5.082157045,-1.71482673,0.326184543
-5.102630388,-1.682572655,0.292066031
-5.111515542,-1.651866986,-0.031497437
-5.109262387,-1.614409068,-0.022124219
-5.096212083,-1.576714953,-0.150349835
-5.072968221,-1.537776115,-0.462290513
-5.039778236,-1.496325336,-0.512530959
-4.998063002,-1.456535437,-0.530152608
-4.948553575,-1.417360402,-0.567645478
-4.89139242,-1.374938588,-0.569520122
-4.82656079,-1.326281912,-0.444293936
-4.753196413,-1.276249292,-0.348687117
-4.670770679,-1.219951815,-0.409425567
-4.579373565,-1.160977434,-0.330315611
-4.479957318,-1.105193593,-0.287948668
-4.372840604,-1.042672501,-0.41130021
-4.257663519,-0.983551902,-0.410925281
-4.135813196,-0.923242818,-0.352061476
-4.007900723,-0.857786129,-0.503907599
-3.873056332,-0.792419419,-0.605138348
-3.731711157,-0.725639275,-0.570644908
-3.585102372,-0.663729296,-0.71124317
-3.434703337,-0.60167685,-0.743487038
-3.2786358,-0.532995878,-0.675250015
-3.113941791,-0.44433935,-0.713492742
-2.941176163,-0.359282021,-0.679374231
-2.764327863,-0.295572443,-0.596514988
-2.584049219,-0.213803132,-0.537651182
-2.399432971,-0.145579559,-0.452167438
-2.212267396,-0.061099601,-0.268827304
-2.017956207,0.02795059,-0.153349264
-1.822182905,0.095345598,-0.101234175
-1.621532141,0.200993347,0.074232456
-1.41905186,0.25564119,0.099727608
-1.215424382,0.365776691,0.001871217
-1.006574533,0.441052446,-0.009376644
-0.803741845,0.563927612,-0.100484318
-0.589174755,0.696801804,-0.249331012
-0.38871894,0.748120388,-0.268452375
-0.171415073,1.061134509,-0.215962357
0.00500584,0.700749676,-0.281199951
0.015131916,0.093950908,-0.165346983
-8.16e-05,0.155830893,0.074607385
0.009617122,0.096357873,0.09635325
0.002737688,0.062990295,0.247824445
0.007240249,0.073791642,0.428165149
0.004837134,0.03294073,0.400420425
0.00614179,0.053846079,0.379424418
0.006276754,0.021374553,0.344930978
0.005399486,0.031279849,0.215955505
0.006895341,0.019871137,0.095603392
0.005616928,0.016211951,0.025866654
0.006794117,0.017587895,-0.058117375
0.006269256,0.011641718,-0.123354969
0.006805364,0.016159463,-0.144350976
0.006891592,0.00668532,-0.19496635
0.006854101,0.006734059,-0.315318463
0.007423951,0.004177128,-0.357310477
0.007412704,0.003389803,-0.353186262
0.007892577,0.005643052,-0.385055201
0.007791354,0.002036354,-0.293572598
0.008177502,0.003483532,-0.189717348
0.008518662,0.004683266,-0.126729327
0.008125016,-9.32e-05,-0.061116804
0.008136263,-4.82e-05,-0.027373221
0.008008797,0.002355034,0.00674529
0.008023793,0.002542492,0.029241012
0.007866334,0.00210009,0.029615941
0.0076189,-2.19e-05,-0.049868943
0.007712625,-0.002072732,-0.107982892
0.007517676,0.000810377,-0.124104826
0.007345222,0.001009083,-0.16909627
0.007056548,-0.006365527,-0.145100833
0.007139026,-0.004299736,-0.071239879
0.007075293,0.000173019,0.002621075
0.00682036,-0.001634079,0.012369221
0.007026556,-0.002053986,-0.025123649
0.006775372,-0.003182485,-0.022499148
0.006752878,-0.00082051,-0.069740164
0.006685396,-0.00253013,-0.113606822
0.006355483,-0.004112278,-0.095610245
0.006284252,0.000427962,-0.147725334
0.006010574,-0.001615333,-0.124104826
0.006070558,-0.001877775,-0.077238738
0.006295499,-0.000333119,-0.163472339
0.006201774,-0.004108529,-0.167596555
0.006134292,-0.003268715,-0.140976617
0.006213021,-0.000670543,-0.145100833
0.006059311,-0.001697815,-0.097859817
0.006048064,-0.002098976,-0.061866662
0.00610055,-0.002556374,-0.083987455
