0.001864169,-0.020559869,-0.099359532
0.003584965,0.006182932,-0.110982321
0.00205162,-0.038435893,-0.109107678
0.002988872,0.01387997,-0.113231894
0.00315008,-0.054021176,-0.126729327
0.001687966,0.024520103,-0.117731038
0.005039581,-0.034739215,-0.101609104
-0.000823871,-0.035871463,-0.100859247
0.007900075,0.037012324,-0.104233605
-0.006466131,-0.221226481,-0.103483747
0.043549411,1.386967027,-0.084737312
0.249362562,2.884222714,-0.067115663
0.443415069,2.697937903,-0.003002856
0.599887499,2.834561261,0.001496289
0.754309221,2.700359864,0.088104818
0.883608827,2.670205322,0.161215915
1.00534668,2.692662826,-0.028498007
1.108253255,2.522619402,0.096728178
1.200306447,2.57882315,0.04423816
1.280883919,2.497754933,-0.14022676
1.351095378,2.448715842,0.094853535
1.411409451,2.384278926,-0.10273389
1.457507278,2.325874418,-0.120730468
1.494521254,2.289350043,0.044988018
1.520528136,2.199602507,-0.168721341
1.539186959,2.140804337,-0.041245583
1.548338292,2.072955679,-0.077988596
1.548634464,1.997762406,-0.17771963
1.54270353,1.902503596,-0.046494585
1.528202359,1.807462238,-0.191591992
1.505779531,1.720534075,-0.145475762
1.474441556,1.617908155,-0.115106537
1.434732042,1.521715803,-0.220461502
1.38888165,1.422081716,-0.05661766
1.33544701,1.325510698,-0.100859247
1.275440356,1.219754224,-0.13722733
1.209037891,1.098832373,-0.011251287
1.136966923,0.979106506,-0.20358971
1.057510405,0.845501226,-0.331815326
0.973412613,0.739853477,-0.281199951
0.888265098,0.614147691,-0.385055201
0.796455592,0.482289522,-0.401552064
0.701815583,0.349973956,-0.333689969
0.597930516,0.186262873,-0.35356119
0.491301174,0.065288534,-0.308569746
0.379479452,-0.10996998,-0.26432816
0.265243369,-0.215254059,-0.189717348
0.154373896,-0.455376894,-0.128229042
0.034143145,-0.618270659,-0.140601689
-0.013364309,-0.219633085,-0.076113952
0.002017879,-0.053185112,-0.117731038
-0.001476199,-0.101058212,-0.167221626
-0.000400233,-0.034409288,-0.100109389
0.000248346,-0.057335438,-0.134227901
-0.001045063,-0.028676813,-0.123354969
0.000480784,-0.033310783,-0.004877499
-0.001120043,-0.031619909,-0.031872366
3.09e-05,-0.018794012,-0.087361813
-0.000726397,-0.026869715,-0.010126501
-0.000235276,-0.01278035,-0.040120797
-0.000388986,-0.019543845,-0.128229042
-0.000666413,-0.014092558,-0.066365806
-0.000463966,-0.013605166,-0.058117375
-0.001052561,-0.013965086,-0.085862099
-0.000838867,-0.009638549,-0.013500859
-0.001198772,-0.013177761,0.027741298
-0.001217517,-0.010737054,0.013494007
-0.001322489,-0.011063232,0.020242724
-0.001674896,-0.013387715,0.062234738
-0.001536183,-0.011595613,0.008994863
-0.001858598,-0.010403378,-0.035996581
-0.002031052,-0.009391104,-0.006002285
-0.001956072,-0.009904739,-0.098984603
-0.001941076,-0.008678762,-0.18634299
-0.001719884,-0.008292598,-0.163847268
-0.001817359,-0.00927113,-0.148100263
-0.001791116,-0.007434039,-0.181468917
-0.001648653,-0.008660016,-0.156723623
-0.00158492,-0.008648769,-0.115481466
-0.001479948,-0.008378829,-0.178469487
-0.001686143,-0.008521297,-0.152224478
-0.001637406,-0.00545073,-0.105358391
-0.001449956,-0.007730223,-0.161972625
-0.001483697,-0.0089562,-0.131228471
-0.001344983,-0.007182845,-0.119605682
-0.001303744,-0.007741471,-0.164972054
-0.001284999,-0.006185567,-0.155598837
-0.001247509,-0.006657962,-0.162722482
-0.001292497,-0.007220336,-0.162347553
-0.001217517,-0.007741471,-0.146600548
-0.001221266,-0.005769409,-0.129728756
-0.001161282,-0.006065593,-0.117356109
-0.001251258,-0.010324646,-0.152224478
-0.001344983,-0.006646714,-0.154099122
-0.00120627,-0.006669209,-0.141726475
-0.001543681,-0.010155933,-0.151474621
-0.001993562,-0.009844753,-0.072739594
-0.002117279,-0.011096974,-0.037871225
-0.002803348,-0.014478722,-0.086986885
-0.003077026,-0.010399629,-0.048744157
-0.003110767,-0.010950757,-0.037871225
-0.003605636,-0.009885993,-0.046869514
-0.003256979,-0.007906434,-0.017625075
-0.004182984,-0.012307955,-0.010126501
-0.003624381,-0.005679429,-0.025123649
-0.004115502,-0.017620523,-0.06524102
-0.00416049,-0.002833812,-0.095985173
-0.003549401,-0.016949422,-0.091860958
-0.005450149,-0.013290236,-0.106108248
-0.003069528,-0.008832478,-0.086611956
-0.005757568,-0.020458642,0.013494007
-0.002687129,0.014018689,-0.019874647
-0.005543875,-0.0415477,-0.040120797
-0.003871816,0.03321067,-0.019499719
-0.002357216,-0.055862016,-0.098609674
-0.008490596,0.038437007,-0.088111671
0.006809113,-0.075920054,-0.084362384
-0.13007474,-1.252850747,-0.136102544
-0.394417435,-1.70255571,-0.100109389
-0.601246568,-1.553027722,-0.100109389
-0.796461267,-1.688893749,-0.18071906
-0.971431313,-1.708329426,-0.028123079
-1.122287726,-1.832887968,0.056235879
-1.261031088,-1.884409007,-0.025498578
-1.374348665,-1.91217533,0.092603963
-1.479767077,-1.916254423,0.048362376
-1.5701857,-1.905445577,0.030365798
-1.649076118,-1.936634889,0.063734453
-1.712070733,-1.919898612,-0.012001145
-1.761126528,-1.925623589,0.118848972
-1.799962523,-1.895862709,0.055486021
-1.826719207,-1.873315225,-0.03937094
-1.845385528,-1.843160682,0.011619364
-1.853820801,-1.789738816,-0.100859247
-1.853363421,-1.737362967,-0.098234746
-1.845156839,-1.668858206,-0.067865521
-1.829159813,-1.600214726,-0.121480325
-1.804585052,-1.518190472,-0.137977188
-1.769767996,-1.440556492,-0.193841564
-1.726080783,-1.358153572,-0.195341279
-1.674843063,-1.266820139,-0.119230753
-1.616692169,-1.17497307,-0.151099692
-1.551200713,-1.075147777,-0.187842705
-1.479898292,-0.980867499,-0.143601118
-1.401255309,-0.87036458,-0.211088284
-1.315151797,-0.767476218,-0.235833578
-1.225295525,-0.665461411,-0.227960076
-1.131214119,-0.563022948,-0.280825023
-1.032513933,-0.445891504,-0.269577162
-0.925217267,-0.318359874,-0.345312759
-0.813950399,-0.201108456,-0.363684265
-0.694581921,-0.053987433,-0.320942393
-0.574257445,0.0359963,-0.391428989
-0.451274921,0.19801276,-0.35656062
-0.321420461,0.302711969,-0.311944105
-0.197583163,0.486867254,-0.322817037
-0.058832303,0.701641977,-0.253455227
0.012676314,0.298659121,-0.216337286
-0.001989813,0.043202197,-0.18934242
-0.00139747,0.113202875,-0.132728186
-0.000396484,0.035718862,-0.12860397
-0.002413451,0.051259155,-0.102358961
-0.000190288,0.031317341,-0.101609104
-0.00234222,0.025914793,-0.125979469
-0.000400233,0.026623385,-0.077613667
-0.001569924,0.00911478,-0.09411053
-0.001060059,0.022394326,-0.083237598
-0.001101298,0.007026494,-0.036746439
-0.001217517,0.012668989,-0.049868943
-0.000583934,0.008653632,0.041238731
-0.000857612,0.005984226,0.05886038
-0.000512703,0.007787575,0.024366939
-0.000572687,0.004012165,0.078731601
-0.000280265,0.006302905,0.031865513
-0.000250272,0.004675767,0.023617082
-0.000190288,0.002771191,0.021742438
2.72e-05,0.003071124,-0.011626216
0.000225852,0.004698262,0.02699144
0.000495781,0.002692458,0.011994292
0.000656988,0.000405467,0.016868365
0.000428298,4.31e-06,0.000746431
0.000379561,0.000465454,-0.048744157
0.00064949,-8.19e-05,-0.049119086
0.000492032,-0.00010067,-0.072739594
0.000424549,-0.000813012,-0.121855254
0.000297083,-0.002552625,-0.135727616
0.000147123,-0.000243139,-0.159348124
0.000218354,-0.001424126,-0.201715067
8.34e-05,-0.001067955,-0.179969202
1.97e-05,0.00052544,-0.184468347
0.000304581,0.000307989,-0.197590851
0.000889427,0.004409576,-0.191966921
0.001328061,0.000776635,-0.213712785
0.001642978,9.05e-05,-0.230584577
0.00246776,0.002984893,-0.280450094
0.002636465,0.000937849,-0.292822741
0.003172574,0.005478089,-0.242582295
0.003446251,-0.000430597,-0.258704229
0.003599961,0.006246668,-0.256829586
0.004522217,0.001710177,-0.206214211
0.003971113,0.002602478,-0.200590281
0.005489462,0.005860504,-0.134227901
0.004211049,-0.007985166,-0.068990307
0.005856865,0.017182985,-0.057742446
0.005328254,-0.015378522,-0.027373221
0.004874624,0.01940999,-0.018000004
0.007472688,-0.00846506,-0.017250146
0.003048856,0.001271525,-0.020249576
0.009733341,0.019188789,-0.017625075
0.001283073,-0.041408981,0.000746431
0.011352913,0.085301582,-0.008251858
4.66e-06,-0.157726856,-0.020999433
0.026472671,0.591199045,-0.009376644
0.302156121,1.933587932,-0.003002856
0.636264143,1.894941529,0.095603392
0.906609003,1.865428094,0.032990299
1.182922287,2.002752546,0.028116226
1.425790653,2.040214213,0.361427841
1.659110291,2.203734088,0.190835282
1.876860289,2.181265336,0.183711637
2.08184116,2.228351112,0.457784516
2.276114858,2.269205774,0.222329293
2.451178629,2.333039074,0.457034659
2.615445252,2.403448412,0.55189162
2.761765363,2.457113974,0.370426129
2.897243337,2.502512625,0.614879642
3.018302619,2.481783486,0.444287083
3.12520189,2.468706395,0.362927555
3.220010604,2.432774388,0.38767285
3.301645297,2.404550666,0.166089988
3.37256157,2.367565144,0.206957216
3.432249558,2.302475873,-0.212587999
3.480885465,2.233566202,-0.488160594
3.518030656,2.148921281,-0.229459791
3.543898825,2.09354235,-0.32206718
3.558722411,2.04764506,-0.123354969
3.563119999,1.9775619,-0.278200522
3.558632434,1.898694444,-0.647130362
3.545255967,1.827524026,-0.225710504
3.523073075,1.763589498,-0.049868943
3.493992004,1.688081295,-0.245206796
3.45810648,1.608497748,-0.574019266
3.41478667,1.525461219,-0.724740603
3.363811381,1.456349093,-0.444668864
3.303875958,1.385621077,-0.52377882
3.235306565,1.295809805,-0.538026111
3.159269144,1.212402109,-0.181843846
3.07566997,1.125095281,-0.286448953
2.984805215,1.040416617,-0.317568035
2.88769086,0.964132337,-0.465289943
2.784679312,0.882966642,-0.761108687
2.674162246,0.795903509,-0.410550353
2.557290608,0.717575933,-0.418048927
2.437322288,0.641947756,-0.582642626
2.312150343,0.560890788,-0.550773687
2.180860012,0.473430243,-0.609637492
2.041381844,0.374564736,-0.348687117
1.895132964,0.284989662,-0.200965209
1.742758202,0.181291479,-0.119230753
1.586259528,0.102086598,0.002996003
1.427860107,0.001102812,-0.163097411
1.262120124,-0.096671688,-0.263953231
1.096428878,-0.18670416,-0.289823311
0.9230934,-0.306834937,-0.44316915
0.751392491,-0.375167237,-0.286074024
0.575440205,-0.537183696,-0.054743016
0.398396957,-0.580317851,-0.117731038
0.226905992,-0.791579606,0.038239301
0.041464962,-0.891547368,0.091479177
-0.033106596,-0.292513123,-0.059992018
-0.010754999,-0.094264723,0.129346975
-0.016123581,-0.156838304,0.155217056
-0.014586487,-0.057500402,0.112100255
-0.013630489,-0.088359787,0.142844409
-0.015699943,-0.048779842,-0.098609674
-0.013293078,-0.055832023,-0.091486029
-0.015677449,-0.046485352,-0.083612526
-0.013829187,-0.031072531,-0.086237027
-0.01506636,-0.042469995,0.151467769
-0.01453775,-0.024485246,0.120723615
-0.014534001,-0.031274986,0.080981173
-0.015190077,-0.024893905,0.038989159
-0.014796431,-0.024237801,-0.234708792
-0.014976384,-0.023577948,-0.299946386
-0.014957639,-0.019367634,-0.256454657
-0.015587472,-0.01790171,-0.321317322
-0.015553731,-0.016394546,-0.224210789
-0.015722437,-0.017534292,-0.228335005
-0.016146075,-0.017691757,-0.295447242
-0.016254796,-0.016720723,-0.158973195
-0.016401008,-0.015363525,-0.140601689
-0.016569713,-0.013215253,-0.083987455
-0.016423502,-0.01035089,-0.00187807
-0.016296035,-0.011216947,-0.110982321
-0.016149824,-0.011820563,-0.14022676
-0.01593613,-0.011228195,-0.224585718
-0.01601486,-0.011509382,-0.312693962
-0.016183565,-0.013897601,-0.230209648
-0.016790905,-0.015674706,-0.220461502
-0.017285774,-0.011850556,-0.118105967
-0.017694416,-0.012551651,-0.012001145
-0.018148046,-0.011914292,-0.066365806
-0.018114305,-0.011888048,-0.059992018
-0.019074052,-0.013751384,-0.067490592
-0.018942836,-0.010470863,-0.106483177
-0.019621407,-0.019862524,-0.110232464
-0.019943822,-0.007760216,-0.108732749
-0.019718881,-0.016930676,-0.115856395
-0.02112476,-0.012667875,-0.129353828
-0.019797611,-0.010819536,-0.123354969
-0.022226969,-0.021032264,-0.112107107
-0.019853846,0.00111406,-0.054743016
-0.022107001,-0.034090609,0.020242724
-0.021567143,0.012612752,0.058485451
-0.020206253,-0.039695612,0.046862661
-0.024232689,0.008766107,-0.035621653
-0.016509729,-0.01480115,-0.087361813
-0.030036157,-0.0386271,-0.164222197
-0.00669857,0.094355818,-0.164222197
-0.100959928,-1.044588324,-0.146225619
-0.433500864,-1.921098345,-0.135727616
-0.750802074,-1.622630989,0.02699144
-1.029934614,-1.661944744,-0.115856395
-1.310885423,-1.647146786,0.027741298
-1.561158084,-1.660591295,0.313811896
-1.809991125,-1.669690521,0.075357242
-2.042096083,-1.550935688,0.199833571
-2.268273856,-1.558505254,0.256072876
-2.479845486,-1.542796248,0.085480317
-2.676810974,-1.576407522,0.145093981
-2.862300742,-1.589158435,0.155591984
-3.030788749,-1.610030042,0.260197092
-3.188817019,-1.637488934,0.285692243
-3.329851026,-1.633252376,0.259447234
-3.455765276,-1.643367626,0.318685969
-3.567605742,-1.637515178,0.129721904
-3.665443656,-1.632206359,0.067858669
-3.750369979,-1.623384572,0.098977751
-3.821833608,-1.604946173,-0.088486599
-3.880539356,-1.581592618,-0.054743016
-3.925688683,-1.548997369,-0.167971484
-3.958376301,-1.514186363,-0.2988216
-3.979719415,-1.477733222,-0.065615949
-3.989875483,-1.439390501,0.04423816
-3.989609304,-1.395364045,0.078731601
-3.979273283,-1.347655907,0.108725897
-3.959838415,-1.307712293,0.029615941
-3.931923287,-1.270651787,-0.02474872
-3.895805324,-1.225916738,-0.064491163
-3.851323321,-1.176843904,-0.125979469
-3.797258848,-1.125540317,-0.173595414
-3.73355567,-1.069239091,-0.391428989
-3.660843621,-1.009327418,-0.473913303
-3.579583829,-0.946465152,-0.439419863
-3.489892514,-0.885432479,-0.671875657
-3.392425752,-0.826289385,-0.583017555
-3.288510692,-0.763273403,-0.442044364
-3.177367542,-0.696673218,-0.552273401
-3.058456443,-0.629930565,-0.431171431
-2.934090534,-0.56755569,-0.435670576
-2.806099333,-0.509458614,-0.493409595
-2.672529604,-0.436567328,-0.448418151
-2.531150688,-0.354899245,-0.398552634
-2.382686143,-0.270865439,-0.257204514
-2.225737589,-0.188125094,-0.263953231
-2.064946299,-0.123519466,-0.245956653
-1.899873639,-0.030648875,-0.209213641
-1.729852287,0.042898515,-0.30744496
-1.556940448,0.132451094,-0.296572028
-1.376912988,0.217954574,-0.215962357
-1.197931501,0.294879961,-0.245206796
-1.010994616,0.401734942,-0.229834719
-0.826730774,0.452442412,-0.209963498
-0.637874395,0.606885556,-0.31906775
-0.447728357,0.639372079,-0.239957794
-0.263554492,0.849505335,-0.101234175
-0.062716277,0.946972404,-0.006002285
0.019447026,0.299963831,0.118848972
-0.004212976,0.083205798,0.174338419
0.00140679,0.153682621,0.247449516
7.59e-05,0.050051923,0.208082002
-0.000943839,0.084769201,0.228328152
0.001301818,0.042692311,0.203582858
-0.001067557,0.045065533,0.052486592
0.001264328,0.037653431,0.112475184
-0.000666413,0.02435514,0.011244435
0.001054383,0.029394019,-0.088111671
0.000492032,0.0153159,-0.038246154
0.000413302,0.02269051,-0.143601118
0.000919419,0.007408909,-0.10573332
0.000750713,0.011034353,-0.031122508
0.001380547,0.010209536,-0.036746439
0.001121865,0.009305987,-0.023623934
0.001669221,0.01086564,-0.096735031
0.00171046,0.006764053,-0.110607393
0.002040373,0.008391191,-0.144350976
0.002321548,0.005058182,-0.210713356
0.002707696,0.008436181,-0.129353828
0.003854893,0.010678182,-0.12298004
0.004267285,0.006317902,-0.161222767
0.004750907,0.008728616,-0.108732749
0.005463219,0.006141691,-0.178469487
0.005489462,0.003734727,-0.24970594
0.00652044,0.007870057,-0.218961787
0.006494197,4.55e-05,-0.281199951
0.006880345,0.008263719,-0.309694532
0.00769388,-0.001416627,-0.28157488
0.007187763,0.00655035,-0.313818748
0.008874818,0.005388109,-0.289823311
0.007341473,-0.007666487,-0.240332723
0.00973709,0.015548349,-0.188967491
0.008173753,-0.017223111,-0.134227901
0.009174739,0.025457394,-0.103108819
0.010636853,-0.017163125,-0.055867803
0.007120281,0.016369416,-0.067115663
0.013875997,0.004207122,-0.12860397
0.004331018,-0.024020349,-0.112482036
0.017988661,0.070548614,-0.09973446
-0.001562426,-0.157805589,-0.084737312
0.056423512,0.834197491,-0.009751572
0.383565873,1.988790652,0.023242153
0.736992544,1.740505883,0.150717911
1.040857303,1.731669099,0.09635325
1.358237242,1.761801146,0.134221048
1.642494678,1.731699092,0.441287654
1.922369522,1.736644242,0.269945238
2.188939129,1.605194733,0.250448945
2.453652976,1.639668314,0.407544071
2.709834076,1.623246967,0.228703081
2.947543804,1.641719108,0.236951512
3.175738545,1.668529394,0.317186254
3.391029193,1.696037025,0.327309329
3.598413179,1.728699759,0.360303055
3.79017879,1.730390633,0.336682546
3.967210791,1.755157623,0.307063179
4.130015299,1.755011406,0.149968054
4.279342117,1.763255822,0.091104248
4.417433151,1.772358797,0.088854676
4.542871277,1.770795395,-0.117731038
4.655034158,1.763544508,-0.060366947
4.752096027,1.742387964,-0.064866091
4.835777679,1.733078785,-0.050243872
4.907796161,1.725884135,0.217830149
4.967885293,1.70860048,0.188960639
5.01565143,1.684943243,0.088104818
5.051207041,1.65155317,-0.325066609
5.074653349,1.621432371,-0.849216932
5.086099077,1.582703486,-0.611887065
5.086166559,1.538737016,-0.189717348
5.075346916,1.500266824,0.046112804
5.054431189,1.455749227,0.091104248
5.023576837,1.412243904,-0.383180558
4.983713614,1.366609056,-0.51215603
4.936056198,1.323572379,-0.314193677
4.880469627,1.285578331,-0.246706511
4.817115107,1.237296571,0.160091129
4.745801439,1.182465019,0.00674529
4.665838805,1.129830477,-0.596889917
4.577073495,1.072037083,-0.678249445
4.479989132,1.015225971,-0.681623803
4.374821903,0.954898141,-0.455541797
4.261526821,0.891316035,0.011994292
4.141311067,0.836218291,0.159341271
4.015048159,0.775841722,-0.021749291
3.882381942,0.713489342,-0.449542938
3.743091224,0.646495495,-0.834969641
3.598705602,0.586448852,-0.84696736
3.451110828,0.529124104,-0.537276253
3.297573872,0.453270977,-0.204339568
3.136801327,0.381137024,0.04161366
2.96827583,0.298764097,-0.018374932
2.792510994,0.222356094,-0.251955513
2.613398292,0.150402101,-0.272201662
2.429295658,0.073521703,-0.296946957
2.242325031,8.06e-06,-0.088111671
2.049314749,-0.091857759,0.102727038
1.853541447,-0.152436783,-0.080988025
1.65555248,-0.247414405,-0.253455227
1.452873502,-0.314831908,-0.592390772
1.251937813,-0.40414829,-0.800851129
1.042596843,-0.503081282,-0.493409595
0.83944174,-0.574945296,-0.09973446
0.627105312,-0.736556846,0.107601111
0.419995003,-0.747673123,0.235826726
0.21120139,-1.02024499,0.185961209
0.002688951,-0.934235372,-0.143976047
-0.051919128,-0.220424159,-0.216337286
-0.026650801,-0.139273461,-0.023998863
-0.036664407,-0.162045896,-0.004877499
-0.031696968,-0.071784724,0.100477465
-0.033151584,-0.104946097,0.175088277
-0.0330916,-0.053181362,-0.07086495
-0.031921909,-0.072332102,-0.26432816
-0.033758924,-0.049548421,-0.252330441
-0.031479526,-0.045904231,-0.166846698
-0.033425262,-0.04618167,-0.041245583
-0.032169344,-0.035087887,0.02699144
-0.032795428,-0.040359215,-0.012001145
-0.032900401,-0.029854052,-0.214462643
-0.032679209,-0.036351356,-0.373057483
-0.033050361,-0.027158401,-0.245956653
-0.032840416,-0.029055479,-0.152599407
-0.033518987,-0.02846686,0.000371503
-0.033421513,-0.023169289,0.239201084
-0.034081339,-0.029486633,0.140594836
-0.035164803,-0.02698219,0.001871217
-0.035753397,-0.024807674,-0.056992589
-0.036731889,-0.025358802,-0.208088855
-0.037399213,-0.021819589,-0.212962928
-0.037496687,-0.023442978,-0.136102544
-0.038235242,-0.020083725,-0.170970913
-0.038085281,-0.020436147,-0.221586288
-0.039172494,-0.027147154,-0.288323597
-0.038913813,-0.011505633,-0.355810763
-0.039284965,-0.026423565,-0.279700236
-0.04028595,-0.011666847,-0.101984033
-0.03888757,-0.018797761,0.055111093
-0.041733068,-0.021062257,0.095978321
-0.038707617,-0.003531157,0.052861521
-0.042100471,-0.039331943,-0.048369229
-0.039888555,0.01019454,-0.229459791
-0.040795816,-0.05440734,-0.291697955
-0.042857771,0.019537461,-0.241832438
-0.036503199,-0.046166673,-0.217837001
-0.049827181,-0.009739776,-0.176219915
-0.02377531,0.024302651,-0.115856395
-0.162237497,-1.26614154,-0.28157488
-0.533142052,-1.928986591,-0.329565754
-0.86450205,-1.622529762,-0.123729897
-1.175917314,-1.729009825,-0.213337856
-1.486788973,-1.686205597,0.097103107
-1.768575811,-1.696174629,0.414667716
-2.048893038,-1.623380822,0.086980032
-2.314532891,-1.537408697,0.22307915
-2.581424912,-1.575541464,0.277443812
-2.832822276,-1.541615261,0.078731601
-3.069362313,-1.571747308,0.447286513
-3.296289888,-1.584367001,0.473531522
-3.512532785,-1.613550509,0.336307618
-3.719106985,-1.627726106,0.388422707
-3.908743158,-1.626740075,0.023992011
-4.084316794,-1.640986906,-0.037871225
-4.246285273,-1.639884651,0.014993722
-4.395867023,-1.644361155,-0.078738453
-4.533414451,-1.642861489,0.084355531
-4.658402696,-1.635760569,0.015368651
-4.769815775,-1.622930922,-0.034496867
-4.866457754,-1.603945146,-0.070490022
-4.949742012,-1.589908268,-0.267702518
-5.021419334,-1.574949096,-0.006752143
-5.080803652,-1.554171218,0.323934971
-5.127763751,-1.534004454,0.323560042
-5.162981951,-1.509154982,0.322060327
-5.185689705,-1.478809232,0.127472332
-5.196513097,-1.448669687,-0.181843846
-5.195789538,-1.422118093,-0.201340138
-5.183616502,-1.389646566,-0.163847268
-5.161238662,-1.35115013,-0.212587999
-5.128925945,-1.315480565,-0.236958365
-5.087191965,-1.277295309,-0.325441538
-5.037326383,-1.238738886,-0.421798214
-4.97981657,-1.200216205,-0.521154319
-4.914253883,-1.158101823,-0.39105406
-4.840327155,-1.111675901,-0.151099692
-4.757698974,-1.060627257,-0.178094559
-4.665968198,-1.008581334,-0.147725334
-4.565970854,-0.953337373,-0.200590281
-4.457553234,-0.894760404,-0.395928133
-4.340827807,-0.838819098,-0.349062046
-4.217429143,-0.784246237,-0.224960646
-4.087690903,-0.727645078,-0.155598837
-3.951448131,-0.664722825,-0.034871795
-3.808153471,-0.603375222,-0.038996011
-3.660738648,-0.550894396,-0.150724764
-3.510437088,-0.489730502,-0.297321885
-3.352397572,-0.418717549,-0.434920718
-3.187009996,-0.344442821,-0.420298499
-3.013936949,-0.262651016,-0.464540086
-2.834711777,-0.198341572,-0.440919577
-2.652719836,-0.126874969,-0.367433552
-2.464984411,-0.049844605,-0.436795362
-2.274647173,0.021786961,-0.380930985
-2.078131567,0.102630227,-0.28719881
-1.879336563,0.168930479,-0.195716208
-1.677261175,0.268062177,-0.046869514
-1.47206661,0.32662415,-0.049868943
-1.267153222,0.42884891,-0.071989737
-1.055172949,0.506182957,-0.104608533
-0.849318559,0.596601594,-0.211463213
-0.631894724,0.742305432,-0.192716778
-0.426002844,0.761212476,-0.083987455
-0.209306317,1.066548304,0.06748374
-0.013450537,0.821840239,0.137220478
0.015375601,0.135109252,0.134595977
-0.005442651,0.14761647,0.224203936
0.00557194,0.124855283,0.118848972
-0.001000074,0.061786813,0.022117367
0.002523995,0.085376565,0.161590844
0.001181849,0.037409736,0.019492866
0.001324312,0.059578554,-0.047619371
0.002411525,0.027714392,0.016868365
0.001084375,0.035388935,-0.154848979
0.002733939,0.02633095,-0.095610245
0.001541754,0.020703452,-0.037121367
0.002621469,0.025262438,-0.052493444
0.002212827,0.011334286,0.038239301
0.00261772,0.019241277,-0.03937094
0.002823916,0.011791684,-0.096735031
0.002752685,0.012728976,-0.16909627
0.00349124,0.010584453,-0.298446671
0.003558722,0.009830871,-0.276325878
0.004750907,0.014704786,-0.242957224
0.005579438,0.006029216,-0.20658914
0.00625426,0.010970617,-0.131978329
0.007472688,0.009980837,-0.146600548
0.007510178,0.002362532,-0.147725334
0.008117518,0.01001083,-0.119605682
0.008106271,0.000221758,-0.164972054
0.008529909,0.008417435,-0.152974336
0.009339695,0.003037382,-0.129353828
0.008751101,0.004657021,-0.208463783
0.010730578,0.009538436,-0.243707081
0.008994786,-0.003782351,-0.245581725
0.011270435,0.01536089,-0.254205085
0.010333183,-0.014793652,-0.182593703
0.010580617,0.023796514,-0.086237027
0.012695059,-0.014771157,-0.032997152
0.008709861,0.012477782,-0.042370369
0.015686769,0.009714646,-0.119230753
0.006138041,-0.031713638,-0.149599977
0.018873428,0.075669975,-0.227960076
0.002081612,-0.158375462,-0.26432816
0.048183188,0.742972783,-0.149225049
0.36578057,1.944850426,-0.155973765
0.725783004,1.735272047,-0.040495726
1.030465047,1.689528473,-0.056992589
1.350203114,1.729389606,-0.060741876
1.638453246,1.684662055,0.279693384
1.921132349,1.690158333,0.149593125
2.191492205,1.548132426,0.137595407
2.458534187,1.569622646,0.353554338
2.719862678,1.553437496,0.094103678
2.963263403,1.557047943,0.092978891
3.196020689,1.574710264,0.228703081
3.415915122,1.590535494,0.107601111
3.629282528,1.622399655,0.207332145
3.828411194,1.616955866,0.258322448
4.012157672,1.621852277,0.183711637
4.181163043,1.619797734,0.202458072
4.336911914,1.622564619,0.085105389
4.481252548,1.618976667,0.053236449
4.612659098,1.620720029,0.046112804
4.731930102,1.616539709,-0.05661766
4.836729928,1.596384193,0.037114515
4.927092316,1.585616588,0.073482599
5.005326656,1.573394307,0.038989159
5.071245499,1.556159391,0.192334997
5.124702633,1.538103407,0.153717341
5.166290401,1.515079779,0.13384612
5.195435204,1.487815844,0.238451227
5.212230769,1.460458179,0.060735023
5.21730318,1.43150337,-0.018374932
5.211087321,1.398938114,-0.07086495
5.193676919,1.366492832,-0.273326449
5.165679312,1.33332396,-0.330315611
5.128016758,1.29794683,-0.353186262
5.080857961,1.261257491,-0.380556057
5.025979952,1.222314904,-0.407925852
4.963423971,1.184223378,-0.421048356
4.89204657,1.136563979,-0.303695673
4.812556311,1.085849011,-0.325441538
4.724548301,1.041245183,-0.350561761
4.628326211,0.988648133,-0.201715067
4.524047498,0.937292057,-0.226460361
4.411520962,0.882696702,-0.269577162
4.291537646,0.821817744,-0.170970913
4.164599917,0.76775852,-0.172845557
4.031757496,0.710553745,-0.24108258
3.892170607,0.647136602,-0.190092277
3.746064189,0.588563382,-0.167971484
3.596842344,0.533158207,-0.241832438
3.443320385,0.467161638,-0.293947527
3.282202931,0.395893741,-0.32469168
3.114101072,0.320524257,-0.400052349
2.938235013,0.243497641,-0.446168579
2.757364025,0.17584769,-0.416549212
2.572485346,0.097197686,-0.466789658
2.382852922,0.031028655,-0.44316915
2.189955111,-0.050781896,-0.363309337
1.991081377,-0.126653769,-0.360684836
1.792121416,-0.196601959,-0.288323597
1.587414223,-0.292265678,-0.235833578
1.382819501,-0.347082234,-0.227210218
1.175626714,-0.463107675,-0.175470058
0.964767396,-0.522820641,-0.139476903
0.757368413,-0.659121571,-0.144350976
0.539663403,-0.752445811,-0.134227901
0.336969428,-0.834586289,-0.051368658
0.112197533,-1.114495274,-0.001128212
-0.044132435,-0.616707256,-0.037871225
-0.037957815,-0.100165911,0.074232456
-0.029548786,-0.193208963,0.124472902
-0.036495701,-0.100563322,-0.025498578
-0.030163623,-0.098625004,0.099352679
-0.034868631,-0.089210848,0.130471761
-0.031269581,-0.055100935,-0.029622793
-0.033331537,-0.068984097,0.10497661
-0.032473013,-0.038990769,0.074982314
-0.032281814,-0.054763511,0.002996003
-0.033196572,-0.034203084,0.088104818
-0.032124356,-0.038162203,0.029615941
-0.033170329,-0.036347607,0.059985166
-0.032465515,-0.029284178,0.037864373
-0.033069106,-0.035234105,-0.029622793
-0.033020369,-0.025853691,-0.03337208
-0.033170329,-0.026329836,-0.160097981
-0.033518987,-0.024470249,-0.230209648
-0.033931378,-0.024830169,-0.292447812
-0.034999846,-0.026678508,-0.384680272
-0.035697162,-0.025460029,-0.349811903
-0.03661192,-0.027308368,-0.34493783
-0.037286742,-0.02253193,-0.374557198
-0.037631651,-0.023784152,-0.301446101
-0.038231493,-0.023180536,-0.266577732
-0.037946568,-0.016608248,-0.272576591
-0.039067522,-0.024942644,-0.173595414
-0.038932558,-0.012255466,-0.112856965
-0.039296212,-0.024384018,-0.134977758
-0.040345934,-0.014939869,-0.11435668
-0.038910064,-0.019112691,-0.094860387
-0.041733068,-0.023630436,-0.116606252
-0.038898817,-0.005042071,-0.10273389
-0.042002997,-0.037577334,-0.075364095
-0.039959786,0.011997888,-0.092235886
-0.040649604,-0.051989128,-0.141351546
-0.043322648,0.015289656,-0.220086573
-0.03634949,-0.04136774,-0.284199381
-0.050310803,-0.01781548,-0.34793726
-0.023797804,0.04530173,-0.298071743
-0.152763748,-1.213671962,-0.276700807
-0.520800311,-1.92539489,-0.223460931
-0.854825855,-1.624902984,-0.009376644
-1.165839976,-1.731589252,-0.090736172
-1.47869486,-1.699173962,0.146968624
-1.761940064,-1.706447344,0.448786228
-2.043831874,-1.641226853,0.176213063
-2.310154047,-1.549312299,0.344556049
-2.577222272,-1.591644132,0.41354293
-2.831060241,-1.562858036,0.091479177
-3.069860931,-1.589207174,0.264696236
-3.29688973,-1.597489082,0.23770137
-3.512986415,-1.629510709,0.110975469
-3.721491355,-1.649763704,0.277818741
-3.914014266,-1.647098047,0.11359997
-4.092309684,-1.654787586,0.10197718
-4.255222913,-1.649564998,0.112850112
-4.40564819,-1.658015618,-0.058867232
-4.545077621,-1.657978126,0.05886038
-4.67141176,-1.65530872,-0.017625075
-4.785089241,-1.64748796,-0.030372651
-4.884089348,-1.630076833,0.147343553
-4.969154385,-1.621648708,0.048362376
-5.042844926,-1.609587641,0.107601111
-5.103743844,-1.590061984,0.203207929
-5.151783659,-1.572163466,0.069733312
-5.187699174,-1.55002464,0.123723045
-5.211347929,-1.526989765,0.074982314
-5.223183554,-1.500681867,-0.149974906
-5.223554706,-1.469994943,-0.158973195
-5.213008741,-1.438640668,-0.273701377
-5.19161689,-1.40590295,-0.409425567
-5.159975245,-1.371148181,-0.375307055
-5.119084793,-1.335898523,-0.392928704
-5.069635351,-1.302444714,-0.339688828
-5.011791876,-1.263685836,-0.343063187
-4.945546869,-1.222741194,-0.294697384
-4.871327718,-1.176810162,-0.157848409
-4.78888324,-1.126773792,-0.238458079
-4.697523615,-1.078529524,-0.158223338
-4.598069878,-1.026839773,-0.067490592
-4.490773211,-0.970677266,-0.191966921
-4.375041273,-0.910270703,-0.176969773
-4.25220496,-0.851764968,-0.142476332
-4.12295784,-0.793566664,-0.193091707
-3.986966252,-0.733306319,-0.194591421
-3.843907779,-0.667609683,-0.138352117
-3.69572441,-0.607439318,-0.154474051
-3.544706789,-0.552559026,-0.229084862
-3.38788945,-0.481024939,-0.227960076
-3.22364907,-0.405681699,-0.251205655
-3.051700727,-0.323841154,-0.332190254
-2.873187867,-0.252277074,-0.331440397
-2.691357133,-0.179445775,-0.30744496
-2.503974115,-0.100822015,-0.322442108
-2.314053017,-0.033768181,-0.292072884
-2.118530899,0.061468134,-0.268827304
-1.919435974,0.126111254,-0.271451805
-1.718455297,0.218925607,-0.237708222
-1.51228599,0.291010822,-0.257204514
-1.308673508,0.37598567,-0.286074024
-1.097263085,0.480624893,-0.279325308
-0.891397447,0.542486132,-0.302945816
-0.677598905,0.713193158,-0.287948668
-0.467590612,0.732261416,-0.242957224
-0.258886974,0.989671655,-0.121480325
-0.043937486,0.96043191,-0.061866662
0.021748918,0.235665634,-0.053243302
-0.004587877,0.111864423,0.136470621
0.004867126,0.151688064,0.087354961
0.000803199,0.054599662,0.022492296
0.001687966,0.091330241,0.187460924
0.002647712,0.037612191,0.010119649
0.000791952,0.055383237,-0.064866091
0.003112589,0.036731137,0.024366939
0.001125614,0.030886187,-0.110232464
0.002966378,0.02930029,-0.049119086
0.001950396,0.015833285,-0.009001715
0.002479007,0.027496941,-0.040495726
0.0028839,0.012908936,0.04161366
0.00265521,0.01828524,0.025491725
0.003045107,0.012706481,0.068233597
0.003120088,0.009763386,0.0761071
0.00371618,0.008038769,0.025116797
0.003697435,0.004293352,0.035239872
0.004282281,0.009909603,-0.077613667
0.00523078,0.008829843,-0.163847268
0.00621677,0.008102505,-0.155598837
0.00708654,0.010831898,-0.226085432
0.007877581,0.007615113,-0.248581154
0.007907573,0.005489336,-0.220086573
0.008586144,0.006722812,-0.295072313
0.008634881,0.000113032,-0.343438115
0.009279711,0.008177488,-0.342688258
0.009842062,-0.001577842,-0.374182269
0.00943342,0.005849256,-0.335564613
0.010869291,0.001305267,-0.250830727
0.009343444,-0.001356641,-0.172095699
0.011836536,0.015402131,-0.128229042
0.009875804,-0.013207755,-0.061491733
0.011604097,0.026807094,0.06748374
0.011581603,-0.021260963,0.060360095
0.009347193,0.025311177,0.025116797
0.014996951,-0.00819137,0.004495718
0.005958088,-0.006425513,-0.109857535
0.020597972,0.049568281,-0.220836431
-0.002600902,-0.133848418,-0.267702518
0.077961574,0.964582237,-0.341188543
0.420831033,1.9705922,-0.388804488
0.766542241,1.683586045,-0.223460931
1.07074441,1.713373168,-0.280825023
1.385053911,1.72397581,-0.188217634
1.667485579,1.706092288,0.218954935
1.946981773,1.682592516,0.069733312
2.211991791,1.564227596,0.119973758
2.47700181,1.599570984,0.393671709
2.730352408,1.569656388,0.129721904
2.965996432,1.591071624,0.233202225
3.193452617,1.612168181,0.47128195
3.409054433,1.633051036,0.298439819
3.615951048,1.658035478,0.360677983
3.806280788,1.647545312,0.290191388
3.98224807,1.650638374,0.141719622
4.143702935,1.65452251,0.134595977
4.292272452,1.666692303,-0.010126501
4.430168538,1.664165365,0.069733312
4.554658164,1.655879708,0.025491725
4.665748828,1.64656303,-0.093735601
4.762203358,1.629444338,0.034115085
4.845191443,1.617833171,-0.036746439
4.91643388,1.60592582,0.00112136
4.974967173,1.586561378,0.252698518
5.020855056,1.562971625,0.195334427
5.054296225,1.538920725,0.17696292
5.075151967,1.514539899,0.235451797
5.08453574,1.486128719,-0.0479943
5.08263874,1.455569267,-0.178844416
5.069472217,1.425054805,-0.194216493
5.046532025,1.394296647,-0.384680272
5.013345789,1.358465867,-0.447293365
4.970603326,1.319155862,-0.491160023
4.920104161,1.284202387,-0.52677825
4.861016014,1.246463282,-0.568770264
4.793541332,1.199531222,-0.537276253
4.717391441,1.148400096,-0.343063187
4.632427628,1.099361005,-0.334814755
4.539081028,1.051862821,-0.228335005
4.437700299,0.997001275,-0.036746439
4.329035244,0.938772978,-0.123729897
4.212635982,0.884012659,-0.156348694
4.089503497,0.825098265,-0.026998293
3.960275123,0.766881215,0.002996003
3.823983613,0.70298043,-0.069365236
3.680666459,0.635795375,-0.040495726
3.53316166,0.5819611,-0.070115093
3.382099052,0.516035766,-0.265452946
3.224404444,0.444880344,-0.338938971
3.059811658,0.369642081,-0.321692251
2.887454672,0.285548287,-0.396677991
2.710175236,0.220417776,-0.378681413
2.52850571,0.141284129,-0.306320174
2.34234112,0.069663811,-0.37680677
2.152423772,-0.013132771,-0.354311048
1.956133106,-0.091996478,-0.267702518
1.759651241,-0.16620747,-0.236208507
1.556938521,-0.260577727,-0.16609684
1.35506558,-0.323293776,-0.152974336
1.149773541,-0.442337295,-0.181843846
0.942367061,-0.497333811,-0.248581154
0.738214721,-0.640270765,-0.316443249
0.523902565,-0.726805265,-0.337064328
0.324736408,-0.829056269,-0.31044439
0.102873746,-1.095786935,-0.22383586
-0.043521346,-0.569823936,-0.243332153
-0.033380274,-0.093499894,-0.20958857
-0.027475583,-0.189973433,-0.125979469
-0.033099098,-0.093949794,-0.156348694
-0.027318125,-0.095614423,-0.072364665
-0.031951901,-0.081082656,0.034115085
-0.028307863,-0.055873264,0.104226752
-0.030647246,-0.066007259,0.168714489
-0.029410072,-0.037172424,0.128597118
-0.029552535,-0.052082857,0.134970906
-0.030298588,-0.034326807,0.117349257
-0.029421319,-0.037937253,0.030740727
-0.030658493,-0.032339749,0.025491725
-0.029807467,-0.02801696,-0.022499148
-0.03047854,-0.029831557,-0.074989166
-0.030422305,-0.023975359,-0.065615949
-0.030531026,-0.026393571,-0.121480325
-0.030883433,-0.021737107,-0.153724193
-0.030793457,-0.025070116,-0.130103685
-0.031569502,-0.026843471,-0.119230753
-0.032345547,-0.025838695,-0.081362954
-0.033147835,-0.026408568,-0.064491163
-0.034212554,-0.026701003,-0.050618801
-0.03453122,-0.021084752,-0.037121367
-0.034722419,-0.020642351,-0.110607393
-0.035322261,-0.01848658,-0.139851831
-0.034981101,-0.016619496,-0.111732179
-0.036143294,-0.021122244,-0.154474051
-0.035697162,-0.010688315,-0.233958935
-0.036431968,-0.025831196,-0.330315611
-0.036911841,-0.008933705,-0.390304203
-0.036188282,-0.02163588,-0.379056342
-0.038617641,-0.01808542,-0.36218455
-0.035573445,-0.009912238,-0.250830727
-0.039614877,-0.033449502,-0.145475762
-0.036094557,0.011611724,-0.124854683
-0.038958801,-0.053923697,-0.079113382
-0.038688872,0.030263825,-0.073114523
-0.035228536,-0.064548834,-0.071614808
-0.0453996,0.025007494,-0.049494015
-0.022133244,-0.054958467,0.009369791
-0.193852898,-1.40675776,-0.070115093
-0.570842096,-1.900301722,-0.060741876
-0.891266232,-1.618803091,0.00974472
-1.202212871,-1.753101966,-0.221961217
-1.50630257,-1.70327555,0.013868936
-1.785165181,-1.731356803,0.128972047
-2.061246026,-1.645324691,-0.205464354
-2.323211849,-1.586069122,0.05023702
-2.586504821,-1.62060269,0.040113945
-2.831213951,-1.59250644,-0.194216493
-3.06339014,-1.63422716,0.142094551
-3.285462747,-1.64748796,0.242575443
-3.497030629,-1.681455404,0.295815318
-3.698389956,-1.690352175,0.529395898
-3.882256402,-1.692601674,0.445411869
-4.0528626,-1.702765663,0.410918429
-4.209068851,-1.699578872,0.340431833
-4.353154552,-1.709589145,0.230577724
-4.4851347,-1.704509025,0.265071165
-4.603693393,-1.699886304,0.078356672
-4.70916804,-1.689163689,0.029615941
-4.799507934,-1.673165998,0.088479747
-4.877674792,-1.666803663,-0.112107107
-4.944905789,-1.651762009,-0.005627357
-4.998347926,-1.63035802,0.112475184
-5.038844732,-1.609576393,-0.054368088
-5.067374698,-1.584989363,0.107226182
-5.083394218,-1.555813353,0.075732171
-5.087638097,-1.5270535,-0.17771963
-5.081407243,-1.49837613,-0.11135725
-5.064701654,-1.464603642,-0.168721341
-5.037562571,-1.430669941,-0.251580584
-5.001275903,-1.397223631,-0.255329871
-4.956164066,-1.360718002,-0.301071172
-4.902039608,-1.321561712,-0.308569746
-4.840203437,-1.280767037,-0.453667153
-4.77002197,-1.235000967,-0.432296217
-4.690760401,-1.185478234,-0.365933837
-4.603239762,-1.132461277,-0.487035808
-4.506856464,-1.077213567,-0.383180558
-4.40273521,-1.022430753,-0.313443819
-4.29113468,-0.962402857,-0.429671716
-4.17192366,-0.904152064,-0.377931556
-4.046406805,-0.845590092,-0.263203374
-3.914614108,-0.782476631,-0.258704229
-3.77581451,-0.71594768,-0.124479755
-3.630390412,-0.652421812,0.05886038
-3.481753413,-0.597751473,0.031115656
-3.328355171,-0.528114464,-0.030372651
-3.167852555,-0.449123285,-0.052868373
-3.000223071,-0.366053014,-0.140976617
-2.825166798,-0.291598327,-0.260578873
-2.646402754,-0.219246921,-0.275576021
-2.46271626,-0.140162014,-0.304820459
-2.276214259,-0.067045778,-0.381305914
-2.084159975,0.024370136,-0.324316752
-1.888127991,0.09304361,-0.31906775
-1.689460453,0.191815388,-0.306695103
-1.485907955,0.262093505,-0.198340709
-1.284743577,0.351496117,-0.196840994
-1.075785006,0.45528428,-0.191217063
-0.872596162,0.526259741,-0.196466065
-0.661519401,0.694338602,-0.219336716
-0.455136401,0.713819269,-0.215587429
-0.248880867,0.980966092,-0.179219345
-0.038711366,0.931214659,-0.110232464
0.021621452,0.221418803,-0.117731038
-0.004182984,0.116025997,-0.01912479
0.005676912,0.145944342,-0.000378355
0.001163104,0.053838581,-0.127854113
0.002287807,0.092544971,-0.130103685
0.002977625,0.039419289,-0.161597696
0.001391794,0.055394485,-0.155223908
0.00349124,0.033990496,-0.127479184
0.001526758,0.028681677,-0.11998061
0.003524981,0.030578755,0.003745861
0.002531493,0.016380664,0.025116797
0.003153829,0.025033739,0.05023702
0.003120088,0.012923932,0.15671677
0.003045107,0.018633912,0.166464917
0.003592463,0.011600477,0.219329863
0.003356275,0.006542852,0.206207359
0.004203551,0.010966868,0.089979462
0.004091081,0.008739863,0.010494577
0.004570954,0.010539463,-0.074614237
0.005541948,0.011146828,-0.140601689
0.006317993,0.007521384,-0.189717348
0.007341473,0.009770884,-0.21821193
0.008166255,0.007525133,-0.219336716
0.008166255,0.001166548,-0.188967491
0.008852324,0.008301211,-0.165346983
0.009189735,0.002493753,-0.120355539
0.00917099,0.008207482,-0.049494015
0.010303191,0.00484448,-0.049494015
0.009362189,0.001766414,-0.063741305
0.011120475,0.011562985,-0.097859817
0.010168226,-0.008918709,-0.090736172
0.011184208,0.016826814,-0.047244442
0.011750309,-0.012450423,-0.065990877
0.010111991,0.013857475,-0.053993159
0.013834758,0.00088911,-0.088486599
0.008874818,-0.008573785,-0.160847839
0.015694267,0.030102611,-0.239957794
0.008473674,-0.049053531,-0.269202233
0.015776745,0.088057219,-0.273326449
0.010010768,-0.141725416,-0.326566324
0.018393554,0.43680464,-0.287573739
0.286286562,1.816081571,-0.317568035
0.658297075,1.815470457,-0.142851261
0.961693207,1.666677306,-0.026248435
1.277629778,1.770776649,-0.033747009
1.567971858,1.712957011,0.396671138
1.845795993,1.750021266,0.348305336
2.11501615,1.621188675,0.174713348
2.376820765,1.621282404,0.41354293
2.635315005,1.622433398,0.184086566
2.873497108,1.621623578,0.028866084
3.102857791,1.660022536,0.231327582
3.320154159,1.678329714,0.112100255
3.528816558,1.71246587,0.044613089
3.72326646,1.705743616,0.110225612
3.901501893,1.718820707,0.011994292
4.066177157,1.719915463,0.05023702
4.216587438,1.724646911,0.051736734
4.356140587,1.732182734,0.133096262
4.483318253,1.726551487,0.241075728
4.597156942,1.716492475,0.119598829
4.696134555,1.694904777,0.21445579
4.781383293,1.68998962,0.248574302
4.855025096,1.679743149,0.13084669
4.916347653,1.658950275,0.316061468
4.965493425,1.641426673,0.296940104
5.001843826,1.617803178,0.126347546
5.025668785,1.58983065,0.211081432
5.037032034,1.560193493,-0.042745298
5.036469682,1.530455108,-0.293947527
5.025683781,1.497833615,-0.230209648
5.004018252,1.46324381,-0.357310477
4.972496576,1.427056859,-0.47466316
4.932142232,1.392017154,-0.473163446
4.883131424,1.355301571,-0.473913303
4.826547616,1.314548137,-0.512905888
4.761528536,1.271406484,-0.491160023
4.6874406,1.222206178,-0.280825023
4.604632467,1.168394399,-0.214462643
4.513171619,1.114518883,-0.254205085
4.413564173,1.059439886,-0.160097981
4.306248762,0.998081035,-0.241457509
4.191484067,0.941944772,-0.421423285
4.070196096,0.883536515,-0.363684265
3.943044673,0.821375343,-0.335189684
3.809366223,0.761804844,-0.432296217
3.668395949,0.693933692,-0.376056912
3.522615695,0.63307723,-0.324316752
3.373450085,0.568216658,-0.415424426
3.217914908,0.495685292,-0.415799355
3.055710241,0.420941919,-0.284949238
2.885527681,0.337957879,-0.24408201
2.709646626,0.268287127,-0.204714496
2.529975322,0.186150398,-0.069740164
2.345715229,0.113487812,-0.092610815
2.158497168,0.031036153,-0.100484318
1.964549633,-0.054219881,-0.043495155
1.76976607,-0.123699426,-0.113981751
1.569321501,-0.225785467,-0.118480895
1.368228354,-0.290304864,-0.125604541
1.165219462,-0.406690225,-0.215587429
0.957771743,-0.475172491,-0.268077447
0.755538896,-0.602992807,-0.323566894
0.542508901,-0.713323264,-0.355435834
0.344504938,-0.786979379,-0.344187973
0.126784931,-1.081701319,-0.271451805
-0.035910856,-0.654060197,-0.195716208
-0.036203278,-0.106025857,-0.144350976
-0.024978742,-0.184814581,-0.056242731
-0.033072855,-0.107934183,-0.048744157
-0.026440856,-0.08767369,-0.039745868
-0.03089468,-0.086567686,-0.000378355
-0.027576806,-0.05539337,0.04161366
-0.029560033,-0.07175848,0.091104248
-0.029091406,-0.038124712,0.017243294
-0.028292867,-0.0509881,-0.003752713
-0.029665005,-0.034739215,-0.050993729
-0.028431581,-0.035908955,-0.182593703
-0.029631264,-0.037149929,-0.162347553
-0.029237618,-0.029445393,-0.141726475
-0.029563782,-0.031308728,-0.10835782
-0.029582527,-0.024260296,0.011994292
-0.029713742,-0.025272571,0.070483169
-0.0300624,-0.024983885,0.083605674
-0.030129882,-0.027443338,0.091104248
-0.030770963,-0.023637934,0.087354961
-0.031400797,-0.02343173,0.048737305
-0.032308057,-0.027739522,-0.035246724
-0.033125341,-0.026551036,-0.092235886
-0.033627709,-0.021437174,-0.124104826
-0.033766422,-0.020436147,-0.196840994
-0.034639941,-0.02132095,-0.248581154
-0.034291283,-0.014373745,-0.220461502
-0.034793651,-0.02379165,-0.230959505
-0.035419735,-0.01498111,-0.235833578
-0.034849886,-0.023757908,-0.16609684
-0.036409474,-0.01835161,-0.154099122
-0.034864882,-0.011093225,-0.120355539
-0.037421707,-0.029786567,-0.101609104
-0.035550951,0.001492725,-0.053993159
-0.036934335,-0.037678561,0.07310767
-0.037515432,0.005770524,0.079856387
-0.034966105,-0.036141403,0.090354391
-0.04104325,-0.007096614,0.021742438
-0.031606992,-0.001840283,-0.11435668
-0.045774501,-0.068710408,-0.203964639
-0.023689083,0.12563511,-0.26132873
-0.097477098,-0.912284006,-0.2988216
-0.437647269,-1.928532941,-0.316818178
-0.787073746,-1.673503423,-0.194216493
-1.089588861,-1.720817898,-0.351311618
-1.402822396,-1.75011763,-0.237333293
-1.683701974,-1.73676685,0.184086566
-1.961102471,-1.726400406,-3.43e-06
-2.224361702,-1.616317394,0.205082573
-2.486312529,-1.66074876,0.529770827
-2.736708907,-1.638261262,0.232452368
-2.969308734,-1.666095071,0.409793643
-3.19403564,-1.695784716,0.591259134
-3.406724476,-1.720990359,0.354304195
-3.610580644,-1.745881072,0.462283661
-3.797918673,-1.743886516,0.369676272
-3.971089194,-1.760251626,0.106101396
-4.129979736,-1.760041672,0.010119649
-4.27606366,-1.768162366,-0.169471199
-4.410435676,-1.767416282,-0.124479755
-4.531127555,-1.763442166,-0.117356109
-4.639027812,-1.754886569,-0.070115093
-4.731733331,-1.736890572,0.19158514
-4.811939651,-1.730580726,0.137595407
-4.881022658,-1.717376163,0.178087706
-4.937055362,-1.698262915,0.400420425
-4.980945022,-1.677814964,0.241825585
-5.012440455,-1.65081347,0.263196521
-5.031155513,-1.624318114,0.363302484
-5.037701284,-1.593987361,0.043863232
-5.033311194,-1.561448349,-0.035621653
-5.018322652,-1.528241986,-0.071989737
-4.99295685,-1.494566977,-0.346062616
-4.958747134,-1.460779493,-0.429671716
-4.91547606,-1.422136839,-0.451417581
-4.864020898,-1.383730383,-0.509156601
-4.805112704,-1.341964673,-0.631758286
-4.737203137,-1.294773921,-0.66512694
-4.660622109,-1.245896044,-0.531277394
-4.575418359,-1.19057335,-0.571394765
-4.48127322,-1.13753015,-0.475038089
-4.37902647,-1.081937516,-0.22383586
-4.268985529,-1.017579333,-0.268077447
-4.151514049,-0.959875919,-0.282699666
-4.02745556,-0.899161925,-0.147350405
-3.897608598,-0.835381113,-0.241457509
-3.761080901,-0.767517459,-0.341563472
-3.617621284,-0.70183582,-0.241457509
-3.470547622,-0.647949057,-0.262828445
-3.3191551,-0.574896557,-0.3824307
-3.161340524,-0.497693731,-0.433795932
-2.996196634,-0.417176642,-0.456291654
-2.822872403,-0.335208626,-0.51815489
-2.645934128,-0.259917874,-0.46903923
-2.464174625,-0.184334687,-0.293947527
-2.279419663,-0.113377972,-0.236958365
-2.089824729,-0.015082338,-0.088861528
-1.895483549,0.05294628,0.050986877
-1.69935784,0.149884716,-3.43e-06
-1.497353683,0.233986007,0.04423816
-1.297913849,0.314360628,0.031115656
-1.091103461,0.42808408,-0.03337208
-0.888450726,0.493773218,-0.040870654
-0.680343181,0.667584554,-0.125979469
-0.472846724,0.696813052,-0.191217063
-0.270898802,0.927116821,-0.226460361
-0.056103023,0.977138194,-0.217462072
0.023383487,0.282421483,-0.186717919
-0.002788352,0.0955593,-0.125229612
0.005050828,0.158219112,-0.047244442
0.002711445,0.055540702,-0.046494585
0.002100357,0.091360234,-0.066740735
0.004083583,0.04332592,-0.063366376
0.001695464,0.051514098,0.019492866
0.004477229,0.0364462,0.044613089
0.002344042,0.026248468,0.078731601
0.003843646,0.032213392,0.199083714
0.003146331,0.015304653,0.085105389
0.003569969,0.025637354,-0.027373221
0.003974862,0.011645467,-0.018000004
0.003536228,0.01504596,-0.162722482
0.004241041,0.012837702,-0.207338997
0.00382865,0.007716341,-0.173220486
0.004364759,0.009587175,-0.179219345
0.004495974,0.006707815,-0.117356109
0.004765903,0.009126027,-0.101609104
0.005703155,0.010906881,-0.050993729
0.006587922,0.011173072,-0.008626786
0.007221504,0.00879985,0.001871217
0.008008797,0.008244973,0.076482029
0.008417439,0.004462065,0.049862091
0.008769846,0.005894246,-0.007127072
0.009545891,0.00398967,-0.025498578
0.00932095,0.00331482,-0.112482036
0.010666845,0.008166241,-0.219711644
0.010126987,-0.00239516,-0.254205085
0.010861793,0.011975393,-0.262828445
0.011221698,-0.004659656,-0.294322456
0.010254454,0.009482198,-0.274076306
0.012998729,0.002947402,-0.239957794
0.010048258,-0.003092505,-0.138352117
0.013943479,0.019211284,-0.034496867
0.010434406,-0.026423565,0.02999087
0.013474853,0.04328093,0.165715059
0.013114948,-0.046129181,0.209581717
0.009827066,0.053433671,0.17696292
0.02007686,-0.043512263,0.086980032
-0.003200743,0.050689282,0.036364658
0.168451429,1.451062769,-0.003752713
0.543884788,1.948517111,0.028116226
0.863229209,1.651853104,0.052861521
1.172987411,1.78061821,-0.239957794
1.475075139,1.734334756,-0.093735601
1.751545881,1.775684307,-0.051743587
2.024406327,1.69749545,-0.40267685
2.284445159,1.640076973,-0.078738453
2.545664928,1.675195411,0.048737305
2.787877217,1.651331969,-0.061866662
3.018028941,1.69790036,0.271819881
3.237799657,1.71125489,0.370801058
3.447058148,1.746339585,0.375675131
3.645204573,1.759619131,0.569888198
3.825929349,1.758696836,0.558640337
3.993547586,1.775091939,0.504275675
4.146570928,1.77513318,0.428915007
4.287799883,1.781334301,0.279693384
4.417470641,1.783647536,0.197958927
4.534121087,1.772591245,-0.034871795
4.636656511,1.760110272,-0.13722733
4.724282122,1.749920039,-0.059992018
4.799431027,1.736460533,-0.209963498
4.863145452,1.723555903,-0.129728756
4.914686841,1.706834623,-0.00187807
4.953927729,1.68158399,-0.133478043
4.981070562,1.653952636,0.079856387
4.995376784,1.623599389,0.164590273
4.997911114,1.587618642,0.044988018
4.989374619,1.552631425,0.169464346
4.969403642,1.520482327,0.116974328
4.939835201,1.484992722,-0.080988025
4.901002955,1.446057633,-0.203964639
4.85334554,1.406050282,-0.284949238
4.798250089,1.367913766,-0.420673428
4.735461669,1.326777916,-0.576643767
4.664511655,1.272250046,-0.565770835
4.584837695,1.218160828,-0.605888205
4.4963948,1.169380429,-0.76035883
4.399340429,1.11246434,-0.694371379
4.294270675,1.051709105,-0.597639774
4.18124927,0.989450455,-0.67674973
4.061153484,0.930014926,-0.599139489
3.935587892,0.871261746,-0.413174854
3.80381019,0.807529673,-0.388429559
3.665198044,0.739414825,-0.309694532
3.521149832,0.674441778,-0.155223908
3.37385123,0.613802767,-0.146600548
3.221142805,0.540330361,-0.190842134
3.061315011,0.46386987,-0.18934242
2.893693025,0.380214729,-0.268077447
2.71951402,0.300706165,-0.433795932
2.54134232,0.223507088,-0.441294506
2.358484357,0.149847224,-0.457041512
2.173451969,0.070169948,-0.511031244
1.982008773,-0.017421817,-0.373432411
1.788687323,-0.089049634,-0.314193677
1.590915799,-0.194281225,-0.268827304
1.390448736,-0.262860969,-0.117356109
1.189603023,-0.373303901,-0.050993729
0.982773891,-0.452396307,0.001496289
0.782749211,-0.564046471,0.095228464
0.571353784,-0.701895806,0.149968054
0.372390074,-0.744685038,0.13384612
0.159971168,-1.055314688,0.167589703
-0.022002029,-0.764075724,0.153342412
-0.04043966,-0.137365136,0.05886038
-0.022654356,-0.17011785,0.027366369
-0.032424276,-0.127279879,-0.07686381
-0.025627321,-0.080632756,-0.165346983
-0.029500049,-0.095288246,-0.226085432
-0.027340619,-0.051239294,-0.219336716
-0.027992946,-0.071349821,-0.116981181
-0.028394091,-0.039343191,-0.160847839
-0.027179411,-0.047857547,-0.080613097
-0.028742748,-0.038585859,0.050611948
-0.027396854,-0.034371797,0.023617082
-0.028570294,-0.037209915,0.080231316
-0.028232883,-0.027582057,0.106101396
-0.028517808,-0.031372464,0.077606815
-0.028555298,-0.024339028,0.05586095
-0.028386593,-0.025767461,0.005245576
-0.028993932,-0.024567728,-0.067490592
-0.029016426,-0.024496493,-0.18071906
-0.029522543,-0.025017627,-0.249331012
-0.030234854,-0.024076587,-0.296572028
-0.031119621,-0.024387768,-0.350186832
-0.031869423,-0.02478143,-0.386554916
-0.032705452,-0.024260296,-0.361434693
-0.032765436,-0.017163125,-0.295072313
-0.033189074,-0.022138268,-0.231334434
-0.033650203,-0.02181584,-0.106483177
-0.033702689,-0.021669622,-0.045744728
-0.034853635,-0.01795045,-0.006752143
-0.033815159,-0.017136881,0.043113374
-0.035464723,-0.023742911,0.005245576
-0.034651188,-0.007419042,0.025866654
-0.035393492,-0.034431783,0.040863802
-0.036015828,-0.004385967,0.04161366
-0.034085088,-0.025092611,0.047987447
-0.038077783,-0.016424539,-0.008251858
-0.033080353,-0.005431984,-0.037496296
-0.039761089,-0.04707772,-0.112107107
-0.032806675,0.035512658,-0.136852402
-0.039078769,-0.099416078,-0.134602829
-0.035543453,0.116854563,-0.139101974
-0.039063773,-0.395727663,-0.089611386
-0.299451263,-1.751947223,-0.139851831
-0.674577203,-1.799096734,0.060360095
-0.978741882,-1.664044277,0.099352679
-1.294003631,-1.790766088,0.038239301
-1.584383201,-1.736421926,0.488903599
-1.860377819,-1.77955983,0.343431263
-2.128225839,-1.66290453,0.109100826
-2.38766108,-1.664805358,0.366676842
-2.643782196,-1.677237592,0.059985166
-2.879126299,-1.681684103,-0.040120797
-3.105693969,-1.724971974,0.260946949
-3.320384776,-1.741539538,0.127847261
-3.526269158,-1.778854987,0.160091129
-3.717798581,-1.78001348,0.255323019
-3.893582161,-1.794357789,0.105726467
-4.056334184,-1.800045273,0.155966913
-4.204824972,-1.806430103,0.099352679
-4.342327411,-1.813898442,0.117724186
-4.46650587,-1.809144499,0.233952083
-4.577551546,-1.802800911,0.124097974
-4.673829872,-1.78432877,0.249324159
-4.756270602,-1.774948356,0.242200514
-4.827692991,-1.764656896,0.123723045
-4.886563695,-1.747317003,0.335932689
-4.933550037,-1.728443701,0.221579436
-4.968325854,-1.702079566,0.076856957
-4.990317547,-1.673893336,0.16271563
-5.000788532,-1.643288894,-0.089236457
-4.999532613,-1.610731136,-0.267327589
-4.987149633,-1.57735981,-0.214462643
-4.964524358,-1.538934607,-0.296946957
-4.931638042,-1.498841026,-0.37380734
-4.889787844,-1.464228726,-0.358060335
-4.840135955,-1.425563577,-0.346812474
-4.782682377,-1.382714359,-0.409800495
-4.717502089,-1.339966368,-0.455166868
-4.644122716,-1.288801499,-0.304445531
-4.561839445,-1.233272602,-0.29319767
-4.470618534,-1.176570215,-0.392553775
-4.371258522,-1.119264213,-0.28719881
-4.26390562,-1.057417971,-0.389554346
-4.148792268,-0.995777932,-0.574394195
-4.027028172,-0.937414665,-0.49490931
-3.898973238,-0.875024794,-0.498283669
-3.764736186,-0.805957658,-0.599139489
-3.623462242,-0.735375859,-0.556772546
-3.477430804,-0.677488736,-0.511031244
-3.328388912,-0.610648604,-0.591265986
-3.173352352,-0.535020428,-0.598014703
-3.01105396,-0.452696241,-0.488535522
-2.840286555,-0.3672415,-0.488910451
-2.66463044,-0.296251042,-0.457791369
-2.484681709,-0.211868563,-0.315318463
-2.301137678,-0.140180759,-0.321692251
-2.113747162,-0.052656479,-0.276700807
-1.920830605,0.026964559,-0.126729327
-1.726815589,0.115819793,-0.115106537
-1.526584714,0.20574354,-0.034871795
-1.328591998,0.27600666,0.047987447
-1.12462336,0.398949311,-0.010126501
-0.921307049,0.460203185,-0.051368658
-0.717282176,0.629541766,-0.077613667
-0.507727513,0.690000817,-0.086237027
-0.309918498,0.853831873,-0.042370369
-0.090428959,1.036056337,0.046112804
0.022821135,0.407636129,0.096728178
0.000998148,0.074826412,0.163840416
0.002793924,0.171768598,0.219704792
0.004844632,0.059473578,0.167589703
0.001350555,0.083318273,0.109475754
0.00504333,0.051769041,0.017618223
0.001905408,0.044754352,0.002621075
0.004754656,0.045852857,-0.013875788
0.002962629,0.023811511,-0.097484888
0.003959866,0.037072311,-0.02474872
0.003937372,0.016181958,-0.048744157
0.003629953,0.024047708,-0.114731608
0.004533464,0.016283185,-0.04499487
0.004053591,0.012496528,-0.052868373
0.004807142,0.013013912,-0.041620512
0.004432241,0.007206454,-0.020249576
0.004687174,0.00992085,-0.069365236
0.005047079,0.007611364,-0.121480325
0.005272019,0.008271217,-0.166471769
0.006130543,0.011529243,-0.181093988
0.007101536,0.010756915,-0.199090566
0.007753864,0.007153966,-0.198715637
0.008604889,0.007802572,-0.176219915
0.009036025,0.00637039,-0.17771963
0.009377185,0.005838009,-0.215962357
0.009980776,0.000382972,-0.241832438
0.009789576,0.004105894,-0.200215352
0.011225447,0.006737809,-0.209213641
0.010449402,-0.002278936,-0.190842134
0.011334168,0.013058902,-0.161222767
0.011649085,-0.007434039,-0.205464354
0.011135471,0.010629443,-0.120355539
0.013047466,-0.001731557,-0.061116804
0.010430657,0.001117809,-0.013875788
0.014738269,0.015428375,0.09335382
0.010453151,-0.022790623,0.143594266
0.014790756,0.043528375,0.147343553
0.012278919,-0.051224298,0.07310767
0.011825289,0.068561556,0.036739586
0.018640989,-0.075485151,-0.031872366
-4.78e-05,0.134899299,-0.05961709
0.199133326,1.570027556,-0.124104826
0.578042018,1.921920527,-0.076488881
0.892471487,1.665260121,0.052486592
1.20578375,1.806359984,-0.096360102
1.505775782,1.754861439,0.224578865
1.783281251,1.806483706,0.345305907
2.05590176,1.699557492,0.041988588
2.315693157,1.662534477,0.352804481
2.576766715,1.693757532,0.310062609
2.818964008,1.668446912,0.071982884
3.049126979,1.728047404,0.383548634
3.267694262,1.745983414,0.392921851
3.476919012,1.774158397,0.290566316
3.675301626,1.777142733,0.400045497
3.857109866,1.787471685,0.288316744
4.025245466,1.809895447,0.192334997
4.178317544,1.818364813,0.091104248
4.319677715,1.836919436,0.024366939
4.449509681,1.832049269,0.055111093
4.566932423,1.830928268,-0.095610245
4.67040135,1.823036274,-0.037871225
4.758645547,1.798295527,0.06448431
4.834251832,1.79248432,-0.07086495
4.898288672,1.775553087,0.130471761
4.949755081,1.75458775,0.295440389
4.989359623,1.738215142,0.157841557
5.017061058,1.708802935,0.314186824
5.0326157,1.679788139,0.259072306
5.036915815,1.648201416,0.010119649
5.029871425,1.614436427,0.066358954
5.011924914,1.577315934,-0.046119656
4.98342494,1.536761206,-0.211463213
4.944832631,1.49466557,-0.294697384
4.897441395,1.451580154,-0.389554346
4.84221098,1.41226265,-0.494534382
4.779669995,1.370346974,-0.674125229
4.709038647,1.320786749,-0.573269409
4.630245704,1.268527124,-0.475787947
4.543336154,1.21450914,-0.570269979
4.447811379,1.156213358,-0.435670576
4.34423748,1.098067543,-0.369683124
4.232618205,1.034545423,-0.512530959
4.113572142,0.969786079,-0.491534952
3.988216494,0.909349523,-0.403801636
3.856986148,0.847582013,-0.490785095
3.719427473,0.780115771,-0.496034096
3.575592956,0.712447074,-0.441294506
3.428088157,0.653082779,-0.53540161
3.276481942,0.581417471,-0.61038735
3.118457421,0.504533324,-0.602888776
2.95274743,0.422179144,-0.61601128
2.779516925,0.340672275,-0.674500158
2.60178011,0.261883552,-0.60738792
2.419195825,0.182446222,-0.578143482
2.234482102,0.111901915,-0.602888776
2.044471029,0.013804986,-0.454791939
1.850677204,-0.056236933,-0.346437545
1.654753941,-0.150468471,-0.2152125
1.453612057,-0.232777661,-0.040870654
1.254910778,-0.322262755,0.023992011
1.048332828,-0.429901311,0.068608526
0.847232183,-0.50219273,0.056235879
0.63960826,-0.677312525,0.026241583
0.434140018,-0.704970122,0.00112136
0.231700976,-0.957885112,0.037114515
0.020534239,-0.965975812,0.109100826
-0.049482272,-0.271075392,0.086230175
-0.023602856,-0.123470727,0.145843838
-0.032049375,-0.167215996,0.146593696
-0.028446577,-0.070300054,0.066358954
-0.028780239,-0.111087231,0.068608526
-0.029863702,-0.057226713,0.049487162
-0.027689277,-0.065996012,0.07310767
-0.030103639,-0.050328247,0.040113945
-0.027546814,-0.04222255,0.023992011
-0.029413821,-0.048213718,0.080231316
-0.028649023,-0.031068781,0.01274415
-0.028836474,-0.038934532,0.009369791
-0.02907641,-0.027679535,0.038239301
-0.028727752,-0.030978801,-0.022124219
-0.029477554,-0.026663511,-0.043870084
-0.02919263,-0.025062617,-0.073114523
-0.029732487,-0.027488328,-0.135727616
-0.029713742,-0.021872077,-0.196840994
-0.030077396,-0.02460147,-0.249331012
-0.031089629,-0.02608614,-0.291697955
-0.031790694,-0.023101804,-0.289823311
-0.03267546,-0.023784152,-0.284949238
-0.033515238,-0.02280562,-0.289073454
-0.033638956,-0.018340363,-0.265827875
-0.034415001,-0.025876186,-0.268077447
-0.034508726,-0.019333892,-0.213337856
-0.034523722,-0.022052037,-0.167221626
-0.035494715,-0.017834225,-0.15184955
-0.034621196,-0.017534292,-0.124104826
-0.036476956,-0.026164872,-0.170970913
-0.035311014,-0.007887688,-0.152974336
-0.036638164,-0.030697614,-0.132728186
-0.036570681,-0.001484112,-0.119230753
-0.035798385,-0.031994825,-0.030372651
-0.038816338,-0.007977668,0.008245005
-0.033912633,-0.013488942,0.047612519
-0.04115947,-0.039110742,0.039739016
-0.03256299,0.030282571,0.031865513
-0.042122965,-0.099146138,0.009369791
-0.032289312,0.134261941,-0.001128212
-0.053141306,-0.54422463,-0.031872366
-0.342272455,-1.8318457,-0.170221056
-0.712243507,-1.761515095,0.015743579
-1.01578585,-1.697351868,-0.006377214
-1.333135798,-1.803603232,-0.028123079
-1.621142244,-1.761001459,0.451410729
-1.899007618,-1.795718736,0.29806489
-2.1662408,-1.674223263,0.233577154
-2.426752007,-1.704250333,0.584885346
-2.682966848,-1.712007357,0.30968768
-2.919165725,-1.718710866,0.325059757
-3.145219781,-1.75676865,0.582635774
-3.358924598,-1.780665834,0.362177698
-3.565022674,-1.821085593,0.388797636
-3.756848269,-1.823380083,0.383548634
-3.93296926,-1.837608168,0.203207929
-4.095091449,-1.843464365,0.206957216
-4.24387466,-1.852814785,0.04723759
-4.380972206,-1.857992383,0.066358954
-4.505484327,-1.857302537,0.065984025
-4.617808415,-1.85144259,-0.142476332
-4.714904025,-1.833963978,-0.017250146
-4.798548187,-1.823826233,-0.043870084
-4.870158027,-1.812050103,-0.083987455
-4.929294911,-1.796078656,0.216705362
-4.976858601,-1.773703633,0.147718482
-5.011731892,-1.748198057,0.127472332
-5.034417151,-1.723464809,0.325434685
-5.045780401,-1.691878085,0.121473473
-5.045476731,-1.657438246,0.047987447
-5.034495881,-1.624678034,0.099352679
-5.013583903,-1.587849976,-0.078738453
-4.98235465,-1.545638116,-0.230209648
-4.941359225,-1.505132127,-0.337439256
-4.8922247,-1.46497481,-0.422173142
-4.835131027,-1.421731929,-0.578143482
-4.770051962,-1.375995853,-0.629508714
-4.696818801,-1.325607062,-0.464540086
-4.615191606,-1.272582607,-0.47203866
-4.525564024,-1.216750027,-0.464165157
-4.427632385,-1.158581717,-0.303695673
-4.321936546,-1.097706508,-0.379056342
-4.208296555,-1.033397064,-0.472788517
-4.087181038,-0.970812236,-0.348687117
-3.960037113,-0.909629596,-0.351686547
-3.826504875,-0.843906716,-0.464165157
-3.685898254,-0.76975946,-0.458916155
-3.539833076,-0.708025693,-0.479162305
-3.391004877,-0.647154233,-0.604388491
-3.237108016,-0.569606484,-0.657628366
-3.076335472,-0.49365213,-0.60176399
-2.90755879,-0.407012653,-0.657253437
-2.732465027,-0.327672802,-0.692121806
-2.553408561,-0.246653325,-0.621635211
-2.369830788,-0.171793727,-0.671125799
-2.18324256,-0.087909887,-0.600264275
-1.990228529,0.000825374,-0.436795362
-1.796460948,0.076558527,-0.344562902
-1.597474744,0.177508571,-0.145850691
-1.39750255,0.234083486,-0.032997152
-1.19649563,0.358072154,0.00674529
-0.990330072,0.435057529,0.074607385
-0.789818022,0.559267399,0.077981743
-0.577792761,0.69115556,0.102352109
-0.380009989,0.748394078,0.123723045
-0.164029523,1.054074829,0.185961209
0.006014323,0.673935641,0.154842127
0.011937759,0.090089267,0.083980603
-0.001701139,0.161203448,0.13947005
0.007371465,0.094820715,0.0761071
0.000840689,0.067744238,0.057360665
0.005272019,0.07335299,0.112475184
0.002355289,0.034751577,0.106851253
0.004049842,0.056388014,0.121473473
0.004016101,0.020006107,0.099727608
0.003371271,0.032847001,0.118474043
0.004833385,0.02264552,0.124472902
0.003536228,0.019762411,0.065984025
0.004780899,0.021352058,0.069358383
0.004222296,0.012245333,0.064859239
0.004668429,0.016425654,-0.026998293
0.004874624,0.006636581,-0.089611386
0.004949604,0.004379583,-0.107607963
0.005361995,0.006572845,-0.179594274
0.005242027,0.008038769,-0.206214211
0.006044315,0.010486975,-0.21221307
0.007109034,0.009617168,-0.281199951
0.007866334,0.006947762,-0.314568606
0.008702363,0.009470951,-0.34493783
0.009324699,0.004938209,-0.344187973
0.009485906,0.005706788,-0.318317893
0.01022821,0.006194179,-0.283449523
0.010029513,0.001346508,-0.184468347
0.011045495,0.009583426,-0.186717919
0.010753072,-0.001154186,-0.180344131
0.011041746,0.011356781,-0.127104255
0.01220019,-0.002005247,-0.135352687
0.010854295,0.005523079,-0.087361813
0.013579825,0.009129776,-0.114731608
0.010779315,-0.010650823,-0.074989166
0.014250898,0.024332645,0.025491725
0.012091468,-0.027394599,-0.011251287
0.012788784,0.037908375,0.003370932
0.015420589,-0.03197608,0.000371503
0.008848575,0.028111804,-0.002627927
0.022292525,-0.001345393,-0.066365806
-0.003988035,-0.050088301,-0.106858106
0.127710937,1.256383576,-0.125979469
0.494056696,1.975507357,-0.117731038
0.824318234,1.671637453,0.069358383
1.132426872,1.787700384,-0.069365236
1.440970395,1.772490018,0.130471761
1.71970179,1.803934273,0.450660871
1.995771389,1.751228498,0.144719052
2.25630509,1.669811609,0.360677983
2.518233422,1.721167685,0.536519544
2.765746811,1.70698459,0.270695095
2.997345653,1.743703921,0.495277387
3.217851174,1.761598691,0.578136629
3.428196878,1.80435418,0.392921851
3.629912362,1.821724066,0.452160586
3.815342145,1.827047882,0.390297351
3.986510695,1.844027854,0.26919538
4.142023378,1.839491364,0.157091699
4.285141835,1.851132524,0.088854676
4.417204462,1.851072537,0.13384612
4.53744271,1.852785906,-0.069740164
4.6446494,1.84548628,-0.118480895
4.736770074,1.827711484,0.00974472
4.816181604,1.818286081,-0.117731038
4.883701274,1.800290084,0.022492296
4.938747988,1.781551752,0.240700799
4.981347988,1.759086749,0.089229604
5.011471284,1.731511634,0.2002085
5.029612743,1.70217066,0.280443241
5.036240993,1.6689493,0.028491155
5.032075843,1.635870409,0.036364658
5.017300994,1.599079843,-0.020249576
4.992156384,1.560429691,-0.222711074
4.956975674,1.517014348,-0.331815326
4.912448683,1.476257165,-0.439044934
4.859872566,1.4345177,-0.510281387
4.799243577,1.385051203,-0.663252297
4.730437996,1.33984376,-0.589391343
4.653598287,1.292465549,-0.426672287
4.568368294,1.235830648,-0.534276824
4.474748016,1.178134732,-0.417673998
4.373955882,1.122594587,-0.259079158
4.265643234,1.05991603,-0.381680843
4.149191486,0.996967532,-0.398552634
4.026257699,0.93624604,-0.285699096
3.896886862,0.872431485,-0.372682554
3.76147262,0.804995237,-0.492284809
3.619426381,0.735519441,-0.43154636
3.472206507,0.674438029,-0.509156601
3.322287346,0.607909078,-0.662502439
3.166598459,0.534856579,-0.635507573
3.00356901,0.451823799,-0.61038735
2.832377966,0.366893942,-0.713117814
2.656144504,0.291820642,-0.690247163
2.475101062,0.206174694,-0.615636352
2.290451073,0.135457925,-0.669626084
2.102464464,0.043584612,-0.518529818
1.908434452,-0.033018348,-0.377556627
1.71390957,-0.115402521,-0.364059194
1.513378774,-0.211767335,-0.208088855
1.314441307,-0.281329361,-0.141351546
1.110154003,-0.404736909,-0.083612526
0.906057899,-0.46596079,0.008245005
0.702959031,-0.628580865,0.011994292
0.492594582,-0.697955433,0.028116226
0.295501628,-0.849339258,0.024366939
0.076042081,-1.065744868,0.043488303
-0.047457806,-0.468877641,0.008245005
-0.02869776,-0.092198933,0.01836808
-0.027783002,-0.188440024,0.103101966
-0.030924672,-0.082158666,0.065984025
-0.026669546,-0.100282135,0.118099114
-0.03055352,-0.070641229,0.173213633
-0.02707069,-0.059041309,0.191960068
-0.029522543,-0.061699468,0.268070594
-0.027887974,-0.037614825,0.259447234
-0.028757745,-0.053293837,0.280443241
-0.028817729,-0.031173758,0.233577154
-0.028255377,-0.037352384,0.122598259
-0.029117649,-0.03219728,0.092978891
-0.028577792,-0.031020042,-0.010876359
-0.029256363,-0.030423925,-0.090361243
-0.028858968,-0.022430703,-0.109482607
-0.02945506,-0.026453558,-0.172470628
-0.029473805,-0.022254492,-0.21821193
-0.029556284,-0.026236106,-0.270327019
-0.030800955,-0.030757601,-0.347187402
-0.031355808,-0.02257692,-0.400427278
-0.032203085,-0.025347554,-0.413924711
-0.033305294,-0.026678508,-0.39405349
-0.033391521,-0.01803668,-0.312693962
-0.033901386,-0.02644606,-0.26132873
-0.034452491,-0.017849222,-0.251580584
-0.034058845,-0.017665513,-0.179594274
-0.035359751,-0.021272211,-0.159348124
-0.034658686,-0.011644352,-0.125979469
-0.035727154,-0.026172371,-0.074989166
-0.03551721,-0.006867915,-0.070115093
-0.03577964,-0.029602857,-0.036746439
-0.037174272,-0.01003596,-0.049494015
-0.034726168,-0.01889149,-0.025123649
-0.038872573,-0.023986607,-0.020624505
-0.033807661,0.004023412,-0.011251287
-0.039554893,-0.052997653,0.025116797
-0.034977352,0.039445533,-0.060741876
-0.037305487,-0.091010447,-0.136102544
-0.040079755,0.089238206,-0.178094559
-0.02919263,-0.247200703,-0.190842134
-0.25678378,-1.642936472,-0.270327019
-0.636524752,-1.844731583,-0.150349835
-0.946065511,-1.659429053,-0.042745298
-1.261559699,-1.812050103,-0.098609674
-1.557813967,-1.759531786,0.351304766
-1.835491891,-1.810977842,0.428165149
-2.107328857,-1.703249306,0.242200514
-2.366835329,-1.695124863,0.643374223
-2.626364295,-1.727138991,0.541018688
-2.866773311,-1.718298458,0.355428981
-3.095380442,-1.762189944,0.659496157
-3.311229693,-1.78005472,0.524896754
-3.518756142,-1.825562097,0.457784516
-3.714776879,-1.834905019,0.516273394
-3.894346959,-1.846426206,0.341931548
-4.060206911,-1.855394211,0.353929267
-4.211565692,-1.859225859,0.180712207
-4.351175075,-1.866124324,0.104226752
-4.478333996,-1.866330528,0.078731601
-4.593870986,-1.865494464,-0.206964069
-4.695274209,-1.848949395,-0.10573332
-4.78210128,-1.838219282,-0.057367517
-4.857520115,-1.828220256,-0.118480895
-4.920421004,-1.810205513,0.188210781
-4.971291321,-1.790473653,0.261321878
-5.009943614,-1.763048503,0.212206218
-5.035260679,-1.732916456,0.368176557
-5.049278227,-1.703972895,0.248574302
-5.05207124,-1.670170414,0.003745861
-5.043227325,-1.634054698,-0.046869514
-5.024474777,-1.599468642,-0.178094559
-4.9963647,-1.560432325,-0.383930415
-4.958432217,-1.52053745,-0.498283669
-4.911697058,-1.481981027,-0.546649471
-4.857115222,-1.436492396,-0.58714177
-4.794330551,-1.389657814,-0.655003865
-4.72329431,-1.341312318,-0.507281957
-4.643811549,-1.286589491,-0.412799925
-4.555657327,-1.231641715,-0.485536093
-4.4593865,-1.174579408,-0.309694532
-4.355786357,-1.114937675,-0.278950379
-4.244830657,-1.053023948,-0.419173713
-4.126373188,-0.991717586,-0.328815896
-4.001493665,-0.929863845,-0.27295152
-3.870641969,-0.862851252,-0.387679702
-3.732487202,-0.792610627,-0.422173142
-3.587794161,-0.725035659,-0.425922429
-3.439599544,-0.663620571,-0.548899043
-3.287067324,-0.593432434,-0.620135496
-3.128589173,-0.516150875,-0.584892198
-2.962343073,-0.430025034,-0.646005576
-2.788655189,-0.353437071,-0.712367956
-2.611439486,-0.2766579,-0.593515558
-2.429038903,-0.194397449,-0.58151784
-2.244073997,-0.120501387,-0.585642056
-2.053418093,-0.025291317,-0.407925852
-1.858983187,0.046430229,-0.341563472
-1.661890234,0.147980139,-0.257579443
-1.460459675,0.222929717,-0.12298004
-1.261158555,0.315717826,-0.040120797
-1.054329422,0.418714914,0.043113374
-0.853397482,0.501833925,0.052861521
-0.644303947,0.669256682,0.037864373
-0.441343793,0.696779309,-0.037871225
-0.235598124,0.9775581,-0.076488881
-0.030557269,0.896763573,-0.081362954
0.022123819,0.19890881,-0.137977188
-0.002825842,0.11619471,-0.043495155
0.007356469,0.140961701,0.060735023
0.002621469,0.053058754,0.095228464
0.0042073,0.087637313,0.215205648
0.004499723,0.036637407,0.295440389
0.003360024,0.048241076,0.329183972
0.005253274,0.031624772,0.364802199
0.003240056,0.029600223,0.356553768
0.005009589,0.026612138,0.334807903
0.004211049,0.013287602,0.203207929
0.004882122,0.017884079,0.09335382
0.004818389,0.010479476,0.055486021
0.004878373,0.014494833,-0.06224159
0.005395737,0.01001458,-0.048744157
0.005275768,0.012102865,-0.057367517
0.005789383,0.010970617,-0.210338427
0.005759391,0.008747362,-0.273701377
0.006269256,0.008102505,-0.384680272
0.007176516,0.007510137,-0.477287661
0.007990052,0.008897328,-0.461915585
0.008773595,0.01028077,-0.403801636
0.009497154,0.008106254,-0.285324167
0.009564636,0.004315847,-0.243707081
0.010423159,0.00803502,-0.203214782
0.010348179,-0.000246888,-0.116606252
0.010854295,0.004372085,-0.072739594
0.011394153,-0.002053986,-0.045369799
0.011127973,0.006602839,-0.006377214
0.012721302,0.004094647,0.027741298
0.011071738,-0.002248942,0.016118508
0.013673551,0.014082425,-0.013500859
0.011637838,-0.015929649,-0.055117945
0.01326116,0.023747775,-0.052493444
0.013819762,-0.020574866,-0.037496296
0.011420396,0.022128135,-0.083237598
0.01719762,-0.009072424,-0.125604541
0.007708876,-0.011816814,-0.16909627
0.022345011,0.051131683,-0.247831297
-0.000171543,-0.137432621,-0.298071743
0.07631201,0.944632924,-0.35356119
0.41750941,1.970580953,-0.267702518
0.765200095,1.705128752,0.04161366
1.068858658,1.763878184,-0.010126501
1.38274452,1.788918863,0.120348687
1.663875282,1.785237182,0.516648322
1.941864374,1.791487042,0.257197662
2.205044876,1.670977599,0.352054623
2.466916973,1.718123362,0.643374223
2.719202852,1.713125723,0.360677983
2.953954611,1.740205949,0.460783946
3.177740516,1.76200735,0.617879071
3.389353386,1.793245401,0.401170283
3.594233033,1.834025079,0.413917859
3.783689254,1.837339342,0.450660871
3.958370626,1.847334619,0.372675702
4.11831089,1.842498195,0.276319026
4.264631002,1.854551763,0.157091699
4.39918297,1.855635272,0.125972617
4.521655629,1.854401797,-0.075364095
4.631854029,1.854742971,-0.157098552
4.727787446,1.837178128,0.04161366
4.810550591,1.827284079,0.01836808
4.881241923,1.815080544,0.124472902
4.940067639,1.791378316,0.365177128
4.986510375,1.765876489,0.236201655
5.020371433,1.739812287,0.221579436
5.041815771,1.707149553,0.248574302
5.050877128,1.675596572,-0.006377214
5.048953886,1.646270595,-0.097859817
5.036604647,1.607129302,-0.136477473
5.013773176,1.562874147,-0.339688828
4.981205526,1.527035869,-0.553773116
4.939632754,1.487129746,-0.573269409
4.889628459,1.442162249,-0.490785095
4.831582537,1.404993017,-0.571769694
4.765701184,1.355027882,-0.474288232
4.691504527,1.302164642,-0.270701948
4.60844896,1.250583616,-0.386929845
4.516823155,1.188088768,-0.413174854
4.41728694,1.132188703,-0.299196529
4.310335182,1.072550719,-0.403051779
4.195862911,1.005845558,-0.484411307
4.074721151,0.949469348,-0.370807911
3.94778717,0.891570978,-0.406801066
3.814419889,0.823264923,-0.59314063
3.673936986,0.753350475,-0.553398187
3.527811823,0.690087048,-0.516655175
3.378529994,0.622635802,-0.632883072
3.224067033,0.547869934,-0.613386779
3.062960826,0.474866174,-0.529027822
2.894214137,0.391016076,-0.617136066
2.719026649,0.311979908,-0.634382787
2.539763987,0.231976454,-0.539525826
2.356133728,0.157709225,-0.596140059
2.169796684,0.073551696,-0.498283669
1.976688928,-0.014849889,-0.340813615
1.782430226,-0.087186298,-0.312693962
1.583530249,-0.190183386,-0.142851261
1.382830748,-0.255958755,-0.037871225
1.181280221,-0.373603835,-0.06224159
0.973974964,-0.450199296,-0.080988025
0.77321173,-0.568935383,-0.116981181
0.561400163,-0.701505893,-0.186717919
0.362882585,-0.75317315,-0.27857545
0.14894158,-1.062539331,-0.239207937
-0.026894487,-0.727633831,-0.242582295
-0.039371192,-0.124123082,-0.168721341
-0.02339666,-0.173492099,0.103476895
-0.032735444,-0.121663629,0.153717341
-0.026032214,-0.085461682,0.229827867
-0.03002491,-0.096454236,0.394796495
-0.027558061,-0.053155118,0.386173135
-0.028349102,-0.070063857,0.407169142
-0.028465322,-0.044082137,0.373425559
-0.027531818,-0.051231796,0.283067742
-0.029020175,-0.038398401,0.21445579
-0.027708022,-0.038297173,0.083980603
-0.028731501,-0.034206833,0.061484881
-0.028514059,-0.029554118,0.056235879
-0.028731501,-0.035856466,-0.018000004
-0.02862278,-0.023619189,-0.031122508
-0.028847721,-0.028718054,-0.162347553
-0.029293853,-0.026251103,-0.343063187
-0.029140144,-0.022067034,-0.377931556
-0.03009989,-0.025478775,-0.463415299
-0.031074633,-0.024039095,-0.475787947
-0.031723211,-0.02667101,-0.345312759
-0.032694205,-0.027353358,-0.268077447
-0.03324156,-0.018017935,-0.133103115
-0.033387772,-0.025235079,-0.092610815
-0.034062594,-0.026284846,-0.125604541
-0.033822657,-0.01961133,-0.071614808
-0.034969854,-0.027368355,-0.09973446
-0.034478734,-0.015648462,-0.10273389
-0.034996097,-0.024800176,-0.113981751
-0.035847122,-0.010763298,-0.190842134
-0.034786153,-0.024110329,-0.192716778
-0.037193017,-0.019060203,-0.200965209
-0.03419006,-0.00994598,-0.163097411
-0.037980309,-0.036591303,-0.066365806
-0.034778655,0.008826094,0.017618223
-0.037114288,-0.060049835,0.031490585
-0.037489189,0.024782545,-0.050993729
-0.033174078,-0.063431582,-0.09973446
-0.044694786,0.013178876,-0.154848979
-0.019775117,-0.036223885,-0.146975477
-0.181484914,-1.379006433,-0.220086573
-0.558110459,-1.91667058,-0.140601689
-0.882058664,-1.646280728,0.080981173
-1.192885334,-1.800723873,-0.087736742
-1.497882293,-1.76773871,0.181836993
-1.775425253,-1.805556548,0.401170283
-2.050625081,-1.735049732,0.059985166
-2.310866359,-1.68201028,0.355428981
-2.572521014,-1.734993494,0.493402743
-2.818062424,-1.71883084,0.242950371
-3.049072671,-1.760037923,0.492277957
-3.268149819,-1.776178083,0.495277387
-3.477412059,-1.819488448,0.370051201
-3.677905365,-1.842257133,0.498276816
-3.861674337,-1.848447007,0.472406736
-4.03162071,-1.861554091,0.519272823
-4.187234617,-1.861051703,0.44803637
-4.330131882,-1.870792036,0.355054053
-4.461054809,-1.871515625,0.295815318
-4.579186114,-1.867294064,-0.049494015
-4.684529546,-1.85917337,-0.086611956
-4.775656732,-1.8424071,-0.03074758
-4.853583654,-1.833611557,-0.160847839
-4.920807152,-1.819990837,0.0356148
-4.975572691,-1.796899723,0.13084669
-5.017786543,-1.774389731,0.012369221
-5.047883595,-1.742570559,0.151842697
-5.064885356,-1.71271595,0.175838134
-5.070302675,-1.679513336,0.007870077
-5.064555443,-1.641601769,0.024366939
-5.048082293,-1.605568535,-0.018374932
-5.021674266,-1.564646388,-0.250455798
-4.986077417,-1.526303667,-0.426672287
-4.942067788,-1.488253381,-0.466789658
-4.889664126,-1.444496865,-0.486660879
-4.829863668,-1.400489155,-0.553398187
-4.762257771,-1.352739776,-0.432671146
-4.685729229,-1.298774281,-0.344187973
-4.600619204,-1.243076671,-0.496409025
-4.506639022,-1.183719875,-0.457041512
-4.404575973,-1.125645293,-0.42854693
-4.295082387,-1.065868591,-0.57851841
-4.17794457,-1.004172315,-0.525278535
-4.054763348,-0.943387087,-0.403051779
-3.925501233,-0.878361552,-0.449168009
-3.78990329,-0.810599125,-0.508781672
-3.647410918,-0.741427013,-0.458916155
-3.499579955,-0.68066053,-0.43154636
-3.348925989,-0.614191566,-0.470164016
-3.191819976,-0.535860241,-0.424422715
-3.026822296,-0.451279056,-0.412799925
-2.854596526,-0.369618471,-0.555272831
-2.677976916,-0.297210828,-0.595015273
-2.496813506,-0.214091818,-0.602513847
-2.312201006,-0.144604775,-0.640381646
-2.123876987,-0.050868127,-0.483661449
-1.929577046,0.025986027,-0.35656062
-1.733938708,0.108692629,-0.304070602
-1.532474408,0.204982459,-0.159723052
-1.332955845,0.277641296,-0.074989166
-1.127356388,0.403193367,-0.016500289
-0.923170307,0.461942798,0.059985166
-0.718421875,0.62075747,0.072357813
-0.508136155,0.687162698,0.033740157
-0.310120945,0.858079678,-0.023623934
-0.09015903,1.039726771,-0.069365236
0.023923344,0.410706696,-0.154099122
0.002291556,0.076206105,-0.107982892
0.003937372,0.172285982,0.024366939
0.005931845,0.060913257,0.026616511
0.002381533,0.084690468,0.145093981
0.00614179,0.05249638,0.24632473
0.003063852,0.045920342,0.219329863
0.005879359,0.045305479,0.248199373
0.004158563,0.021588255,0.245574872
0.005242027,0.032142157,0.248199373
0.005054577,0.015387135,0.209581717
0.004537213,0.02403646,0.170964061
0.005504458,0.012953926,0.172088847
0.005069573,0.015544599,0.082105959
0.005834371,0.012114113,0.06448431
0.00564692,0.007003999,0.035989729
0.005928096,0.012822705,-0.08248774
0.006186778,0.006299156,-0.167971484
0.006509193,0.011615474,-0.313068891
0.007438947,0.008601144,-0.444668864
0.008229988,0.006467869,-0.513655745
0.009039774,0.011143079,-0.499408455
0.00996578,0.004390831,-0.381305914
0.01000327,0.003817208,-0.258704229
0.010764319,0.006689069,-0.158598266
0.010888036,6.8e-05,-0.101609104
0.011195455,0.009692151,-0.03337208
0.0121627,0.001215287,-0.017250146
0.011330419,0.005373112,-0.034121938
0.013433614,0.00785506,-0.01612536
0.012023986,-0.005979363,-0.061866662
0.013711041,0.017003025,-0.100859247
0.012998729,-0.014246274,-0.140976617
0.012942494,0.022293098,-0.14322619
0.015259382,-0.014321257,-0.106483177
0.011195455,0.008499917,-0.104233605
0.01818361,0.012249083,-0.082112811
0.008773595,-0.033554478,-0.10273389
0.021100339,0.080375178,-0.192341849
0.005830622,-0.161820946,-0.219336716
0.045172733,0.695692051,-0.209963498
0.356453033,1.923262729,-0.241832438
0.718866081,1.751779625,-0.02474872
1.022232221,1.733483695,0.045362947
1.339398467,1.809306828,0.092229034
1.624716873,1.780295782,0.464908162
1.903414527,1.80695985,0.257572591
2.169260575,1.679015811,0.178837564
2.430619059,1.719116891,0.499776531
2.686766418,1.722329926,0.300689391
2.924626106,1.739231166,0.329183972
3.151313745,1.767166202,0.539893902
3.364396226,1.789061332,0.34418112
3.5712591,1.833717648,0.316811325
3.76431437,1.83770676,0.340056905
3.942287373,1.855189122,0.269570309
4.106190341,1.851739889,0.339681976
4.255892059,1.852081063,0.377174846
4.393259535,1.863407293,0.436038652
4.51866017,1.864262103,0.295440389
4.63222893,1.857652324,0.104601681
4.730906622,1.840199956,0.154467198
4.815795456,1.828060156,0.04723759
4.889242311,1.814953072,0.022117367
4.950906027,1.796113513,0.226453509
5.000449194,1.775496849,0.141719622
5.037819326,1.749473888,0.020242724
5.062656517,1.720279132,0.090354391
5.075436892,1.683091155,-0.029997722
5.076291667,1.644928394,-0.129728756
5.066049371,1.611287127,-0.083237598
5.045673502,1.573458042,-0.18071906
5.015074082,1.53485288,-0.380930985
4.975289588,1.495366664,-0.497533811
4.927485962,1.451700127,-0.526028392
4.871974371,1.411122904,-0.608512706
4.808586109,1.36614041,-0.545524685
4.736758827,1.314278197,-0.334064898
4.656338813,1.25825066,-0.364059194
4.567457284,1.193633784,-0.403801636
4.470024263,1.141239189,-0.339688828
4.364935764,1.086295162,-0.466789658
4.252278014,1.017764156,-0.605888205
4.132253458,0.959547107,-0.53240218
4.006354205,0.899534206,-0.505782243
3.874737711,0.832915276,-0.622759997
3.736477971,0.765906432,-0.605888205
3.591923643,0.70352031,-0.588641485
3.444077685,0.641351639,-0.673375371
3.29178915,0.569247679,-0.604388491
3.132216288,0.488299435,-0.471288802
2.965122912,0.401592473,-0.500533241
2.790767704,0.327715157,-0.515530389
2.612341071,0.25123592,-0.479537234
2.429269415,0.175075362,-0.532027252
2.243629687,0.101055578,-0.467164586
2.052737596,0.00736017,-0.350186832
1.858178973,-0.05926251,-0.298446671
1.661494661,-0.160445002,-0.20658914
1.459501751,-0.235926961,-0.18634299
1.259432084,-0.326521808,-0.181843846
1.051586969,-0.437572105,-0.149225049
0.849245401,-0.50938738,-0.106858106
0.640223098,-0.68115542,-0.04499487
0.434222496,-0.709019222,-0.070490022
0.230643755,-0.966924351,-0.034496867
0.019499512,-0.960640749,-0.09973446
-0.048781207,-0.267210002,-0.200215352
-0.022733085,-0.127838505,-0.026248435
-0.03127333,-0.166964801,0.02136751
-0.027696775,-0.070641229,0.080981173
-0.027917966,-0.104454957,0.266195951
-0.028911454,-0.053653757,0.27219481
-0.026894487,-0.067027032,0.310812466
-0.029151391,-0.050122043,0.332933259
-0.026965718,-0.043039868,0.268820452
-0.028690262,-0.045994211,0.261696806
-0.027797998,-0.031248741,0.187835853
-0.028285369,-0.037611076,0.119598829
-0.028514059,-0.027818254,0.07910653
-0.028240381,-0.034075613,-0.03337208
-0.028967689,-0.026498548,-0.050243872
-0.028787737,-0.026824725,-0.070490022
-0.029241367,-0.028185673,-0.163472339
-0.029125148,-0.022344472,-0.175470058
-0.029814965,-0.026708501,-0.256829586
-0.030943417,-0.02505137,-0.380556057
-0.031419542,-0.023570449,-0.421048356
-0.032368041,-0.026367327,-0.434920718
-0.033189074,-0.02199205,-0.351686547
-0.033072855,-0.021212224,-0.24708144
-0.033927629,-0.021823338,-0.183718489
-0.033792665,-0.015082338,-0.127854113
-0.034463738,-0.023742911,-0.121105396
-0.034658686,-0.015464752,-0.098984603
-0.034508726,-0.022858108,-0.102358961
-0.035727154,-0.014201284,-0.112856965
-0.034332522,-0.019000216,-0.083612526
-0.036986821,-0.023570449,-0.139476903
-0.034501228,-0.003189983,-0.140601689
-0.037245503,-0.039103244,-0.077988596
-0.035768393,0.012166601,-0.079863239
-0.035415986,-0.049049782,-0.039745868
-0.039183741,0.011941651,0.00112136
-0.031382052,-0.031106273,-0.017250146
-0.045714517,-0.031338721,-0.112856965
-0.019576419,0.070586106,-0.11998061
-0.134835982,-1.151424559,-0.181468917
-0.498516196,-1.940009139,-0.211088284
-0.836215769,-1.658293056,-0.004877499
-1.144084471,-1.782589157,-0.104983462
-1.455769664,-1.778187636,0.124097974
-1.735468304,-1.79677975,0.437913295
-2.01294753,-1.758976909,0.106851253
-2.274755894,-1.673308466,0.299564605
-2.536568008,-1.73119184,0.502401032
-2.786143352,-1.717083728,0.26057202
-3.019770409,-1.752483354,0.521522396
-3.2413369,-1.771821552,0.610380497
-3.451956281,-1.811510223,0.399295639
-3.655055149,-1.84011636,0.4510358
-3.842584378,-1.844607861,0.373425559
-4.015852374,-1.85957828,0.311562324
-4.174304281,-1.860515572,0.29244096
-4.320118276,-1.868595025,0.29244096
-4.453650514,-1.868846219,0.35880334
-4.574934737,-1.868381322,0.111350398
-4.683558553,-1.859949448,0.016493437
-4.777591221,-1.842459588,0.099352679
-4.858292411,-1.828865113,-0.044619942
-4.927637849,-1.816710316,0.076482029
-4.98545883,-1.79682474,0.221954364
-5.030585663,-1.772815081,0.076856957
-5.063861876,-1.748348024,0.124097974
-5.08543368,-1.717867304,0.104226752
-5.094356323,-1.68178533,-0.067490592
-5.091829491,-1.646798113,-0.050993729
-5.079056614,-1.609040262,-0.054368088
-5.055141679,-1.567053352,-0.184093418
-5.02158429,-1.530735181,-0.359185121
-4.979501653,-1.489366884,-0.47466316
-4.928740058,-1.446532662,-0.575144052
-4.870874088,-1.405707994,-0.69399645
-4.805562585,-1.359165847,-0.573269409
-4.731887041,-1.309391919,-0.449542938
-4.649723737,-1.25297072,-0.516655175
-4.558731516,-1.194300021,-0.424422715
-4.459180304,-1.134043425,-0.36218455
-4.351624956,-1.071964735,-0.497533811
-4.236384138,-1.009874797,-0.500158312
-4.114200153,-0.948358481,-0.392553775
-3.986171461,-0.88681967,-0.43154636
-3.852290565,-0.821168024,-0.487035808
-3.711256558,-0.752164624,-0.464915014
-3.564704008,-0.691394392,-0.561646619
-3.415433426,-0.631010325,-0.654628936
-3.260621807,-0.552978933,-0.569520122
-3.098293423,-0.47279177,-0.521529248
-2.92785593,-0.389155375,-0.584892198
-2.751543739,-0.313238513,-0.529402751
-2.571351323,-0.234978422,-0.50353267
-2.386701333,-0.161580999,-0.557522403
-2.199700714,-0.081135144,-0.429296788
-2.006274292,0.007682598,-0.2988216
-1.811385756,0.083265785,-0.22383586
-1.611571021,0.184643234,-0.108732749
-1.410541607,0.244326207,-0.079113382
-1.208286267,0.360839039,-0.052118516
-1.000606109,0.442570858,-0.011626216
-0.798519474,0.566128372,0.013494007
-0.585017103,0.691897895,0.059985166
-0.385693489,0.746710702,0.044613089
-0.169281886,1.056747984,0.029615941
0.004863377,0.695339629,-0.100859247
0.014175918,0.095004424,-0.170970913
-0.000670162,0.151024462,-0.039745868
0.008784842,0.094487039,-0.08248774
0.002130349,0.069405118,0.011619364
0.00652044,0.074717686,0.207332145
0.004012352,0.032419596,0.190085425
0.005238278,0.057242824,0.265821022
0.005350748,0.022289349,0.296940104
0.004660931,0.030327561,0.282692814
0.006209272,0.021074619,0.288316744
0.004769652,0.017569149,0.208456931
0.005879359,0.020272298,0.177337849
0.005590685,0.012938929,0.049862091
0.005928096,0.012616501,-0.052118516
0.00587561,0.006520357,-0.026998293
0.006074307,0.009755887,-0.118480895
0.006651655,0.008154993,-0.202839853
0.006599169,0.006959009,-0.202839853
0.007648892,0.007457648,-0.310069461
0.008533658,0.007292685,-0.403051779
0.009185986,0.008368696,-0.381305914
0.010280697,0.007318929,-0.40267685
0.010520633,0.00551558,-0.307070032
0.010940522,0.009763386,-0.171345842
0.011349164,-0.000250637,-0.121105396
0.011427894,0.003925934,-0.039745868
0.012545099,0.001230284,-0.044245013
0.011679077,-0.003399936,-0.045369799
0.013418618,0.008908576,-0.03637151
0.012702557,-0.009627301,-0.074614237
0.013534837,0.018112778,-0.075364095
0.014179667,-0.011040737,-0.136852402
0.012406385,0.008417435,-0.146600548
0.016192885,-0.001086701,-0.092235886
0.010981761,-0.011366914,-0.117731038
0.017951171,0.033821784,-0.110607393
0.011150467,-0.051430502,-0.048744157
0.01742631,0.085500288,-0.080988025
0.013920985,-0.136795263,-0.163847268
0.017362577,0.393760466,-0.14885012
0.277997501,1.789994874,-0.170221056
0.654158168,1.83636081,-0.006752143
0.960602245,1.687271475,0.070108241
1.278574529,1.811934993,-0.021749291
1.571465935,1.762914648,0.356928696
1.850343542,1.81397454,0.295815318
2.120590928,1.697158025,0.070858098
2.381330824,1.698185297,0.408293928
2.641032245,1.715585176,0.284942386
2.882858386,1.723518412,0.221954364
3.113283787,1.762989631,0.547392476
3.329024317,1.777285201,0.458909303
3.537686716,1.817551244,0.376799917
3.735060845,1.826481757,0.425540648
3.917015296,1.846104892,0.344930978
4.084892215,1.845497527,0.273694525
4.238069266,1.846179876,0.213705933
4.379541907,1.861195285,0.307063179
4.508425373,1.86063666,0.248199373
4.625398234,1.85250097,0.077606815
4.728837169,1.836619502,0.148468339
4.817463765,1.819965707,0.074607385
4.893703633,1.80961051,0.004495718
4.958703968,1.795536141,0.183336708
5.011381307,1.766678811,0.160840986
5.052526692,1.741806843,0.032240442
5.081772719,1.719690513,0.114349827
5.098197132,1.6837885,0.016118508
5.10316457,1.643683671,-0.15184955
5.096787504,1.611395853,-0.082112811
5.079478325,1.576603593,-0.132353257
5.05177689,1.53089751,-0.287573739
5.014140579,1.488063288,-0.368558338
4.967776572,1.450612869,-0.431171431
4.913468413,1.405649121,-0.56989505
4.851699724,1.364865694,-0.642256289
4.782058115,1.316194021,-0.447668294
4.704333639,1.258119439,-0.428921859
4.618346346,1.209976399,-0.509906458
4.523882541,1.147560283,-0.362934408
4.421343369,1.083775722,-0.410175424
4.31076257,1.023699086,-0.550398758
4.19272499,0.961035526,-0.481411877
4.068171631,0.90297969,-0.428172002
3.937751071,0.839435075,-0.541775398
3.801302103,0.772917372,-0.557147474
3.658164901,0.709027835,-0.490410166
3.510810063,0.651586862,-0.637757145
3.359893665,0.579835323,-0.701120095
3.202626445,0.506955285,-0.579643196
3.038311085,0.429268817,-0.600264275
2.865785394,0.343697852,-0.62463464
2.688157301,0.274203311,-0.518904747
2.505869187,0.187012707,-0.538775968
2.31980957,0.118342982,-0.546274542
2.130469569,0.031129883,-0.386929845
1.935029929,-0.054583551,-0.316443249
1.739237881,-0.128157184,-0.240707652
1.537492406,-0.220041744,-0.128978899
1.337021595,-0.289746239,-0.134227901
1.131770795,-0.410754321,-0.107607963
0.925489018,-0.473459122,-0.081362954
0.721152977,-0.633739718,-0.051368658
0.508512879,-0.708779275,-0.007502
0.310242736,-0.840138804,0.026616511
0.088893687,-1.081450125,0.039364087
-0.044960966,-0.513380241,-0.119230753
-0.02949255,-0.097897665,-0.035996581
-0.026557076,-0.193160224,0.071233027
-0.030748469,-0.086440214,-0.063366376
-0.025646066,-0.101256918,0.107226182
-0.029799969,-0.077449714,0.199833571
-0.026305892,-0.060548474,0.155217056
-0.029005179,-0.06946774,0.267695666
-0.027325623,-0.037734799,0.256072876
-0.027711771,-0.051632957,0.246699658
-0.028191644,-0.033846913,0.253073446
-0.027340619,-0.038615853,0.199833571
-0.028525306,-0.032373491,0.155217056
-0.027932962,-0.028043204,0.030365798
-0.028424083,-0.031278735,-0.027373221
-0.028292867,-0.027743271,-0.052493444
-0.028615282,-0.029389155,-0.152224478
-0.029046418,-0.025317561,-0.173970343
-0.029263861,-0.02797197,-0.208838712
-0.030381066,-0.026168621,-0.313068891
-0.031127119,-0.023150543,-0.344562902
-0.031809439,-0.02765704,-0.372307625
-0.032881656,-0.023694172,-0.407550923
-0.032922895,-0.02136594,-0.293572598
-0.033687693,-0.0244665,-0.229084862
-0.033575222,-0.017076894,-0.182593703
-0.033931378,-0.024159068,-0.059242161
-0.034658686,-0.015468502,-0.10573332
-0.034175064,-0.025508768,-0.138727045
-0.035745899,-0.022554425,-0.13722733
-0.033998861,-0.010950757,-0.153724193
-0.036465709,-0.028586833,-0.122605111
-0.034876129,0.000577929,-0.140601689
-0.036012079,-0.038604605,-0.076488881
-0.037009316,0.003925934,-0.047244442
-0.033946374,-0.037359882,-0.091860958
-0.040267205,-0.012855333,-0.068615378
-0.030699732,0.002508749,-0.043870084
-0.044814754,-0.076756118,-0.064866091
-0.023707828,0.130340313,-0.074989166
-0.08936424,-0.868733693,-0.124104826
-0.425238046,-1.921694463,-0.176594844
-0.779324543,-1.691829346,0.005245576
-1.08425402,-1.747200779,-0.037121367
-1.401457756,-1.792295747,0.053611378
-1.685066614,-1.782450437,0.464908162
-1.964585301,-1.780695828,0.230577724
-2.229419117,-1.66713359,0.22907801
-2.491141254,-1.721372774,0.480655167
-2.744821764,-1.713829452,0.178837564
-2.9811781,-1.739380018,0.350929837
-3.206216174,-1.763138483,0.594633492
-3.418470124,-1.795208849,0.430039793
-3.624508216,-1.834196427,0.50015146
-3.815966407,-1.835741083,0.417667146
-3.992960919,-1.850175372,0.31268711
-4.154985633,-1.850599028,0.24632473
-4.303780091,-1.861456613,0.151467769
-4.441128821,-1.862870048,0.276319026
-4.565768407,-1.861614078,0.15109284
-4.678414911,-1.856069061,0.074982314
-4.776447773,-1.837656907,0.16271563
-4.861156654,-1.824733532,-0.001128212
-4.933801221,-1.810839122,0.043113374
-4.994377725,-1.792351985,0.22307915
-5.043069867,-1.769047169,0.118474043
-5.079150339,-1.743496603,0.088479747
-5.103578888,-1.713788211,0.12222333
-5.116501725,-1.68120046,-0.068990307
-5.117795134,-1.647124291,-0.167971484
-5.10838137,-1.609763851,-0.121855254
-5.088245437,-1.569441571,-0.227960076
-5.057784731,-1.528571913,-0.335939541
-5.018150197,-1.48970056,-0.345687688
-4.969911685,-1.446911328,-0.452167438
-4.91354532,-1.402168781,-0.63625743
-4.849793405,-1.357883632,-0.628008999
-4.77831478,-1.309864314,-0.470164016
-4.698539597,-1.25742098,-0.500908169
-4.610531587,-1.200531135,-0.465289943
-4.514009575,-1.141294312,-0.332940112
-4.409618392,-1.08043785,-0.455166868
-4.29726806,-1.018591607,-0.507656886
-4.176861106,-0.954424631,-0.377931556
-4.050227046,-0.894377989,-0.400427278
-3.917572076,-0.834578791,-0.477287661
-3.777981438,-0.759910401,-0.427047216
-3.632463615,-0.695079822,-0.438295077
-3.483935337,-0.638831085,-0.585267127
-3.331058207,-0.566363455,-0.628383927
-3.171024217,-0.489992944,-0.58151784
-3.00321478,-0.404425728,-0.621260282
-2.827918571,-0.330237232,-0.571019836
-2.648835861,-0.254897741,-0.483661449
-2.464744474,-0.172648537,-0.532027252
-2.277736357,-0.102587872,-0.476912733
-2.08580579,-0.006785433,-0.329940682
-1.890118715,0.060020956,-0.272576591
-1.692418422,0.15566218,-0.164972054
-1.489930643,0.232981231,-0.084362384
-1.289707266,0.320310554,-0.088486599
-1.081266059,0.430877209,-0.039745868
-0.878377136,0.500026827,-0.060366947
-0.668361345,0.67677001,-0.042745298
-0.461029845,0.702249342,-0.000753284
-0.256787529,0.953357234,0.061859809
-0.043675055,0.953672164,0.088479747
0.025479183,0.249061404,-0.019499719
-0.001116294,0.106926772,0.094853535
0.008080028,0.152224195,0.069733312
0.004649684,0.053171229,-0.026623364
0.004878373,0.090374204,0.155966913
0.006085554,0.039100609,0.142094551
0.004158563,0.049170869,0.14246948
0.006625412,0.032460836,0.242200514
0.004525966,0.029742691,0.20583243
0.006430463,0.032070923,0.219704792
0.005463219,0.013433819,0.214830719
0.005935594,0.022251857,0.2002085
0.006332989,0.010295767,0.156341842
0.006010574,0.01567582,0.025116797
0.006647906,0.011686708,0.007495148
0.006280503,0.006430377,-0.058867232
0.006955325,0.005688042,-0.187842705
0.007217755,0.00700025,-0.190092277
0.007483935,0.009853366,-0.248206226
0.008511164,0.006194179,-0.311569176
0.009287209,0.007487642,-0.298071743
0.009999521,0.00452955,-0.340438686
0.010884287,0.003693486,-0.341188543
0.011060491,0.00808001,-0.283824452
0.011870277,0.003127362,-0.260953801
0.011652834,0.000566681,-0.209213641
0.012252676,0.008353699,-0.152224478
0.012845019,-0.009589809,-0.146600548
0.012620079,0.00421462,-0.122605111
0.014119683,0.001886388,-0.084362384
0.012522605,-0.002672598,-0.06224159
0.0151919,0.006085454,-0.072364665
0.013126195,-0.018265379,-0.050243872
0.015034441,0.028539209,0.026616511
0.014843242,-0.029055479,0.003370932
0.012934996,0.025022491,-0.017250146
0.01844604,-0.011978028,-0.038246154
0.009122253,-0.006549236,-0.092985744
0.023878356,0.046902624,-0.169471199
0.000304581,-0.13006551,-0.217087144
0.085485837,0.993495805,-0.225335575
0.432265513,1.968732614,-0.239207937
0.777759279,1.690435771,-0.021374362
1.082490059,1.753879158,-0.077238738
1.396195968,1.773453554,-0.011626216
1.677371718,1.784892259,0.374925274
1.955237093,1.772508764,0.128972047
2.217990207,1.657671809,0.219329863
2.479944783,1.707198292,0.521897324
2.73159333,1.686832822,0.245574872
2.965895208,1.70891541,0.383923563
3.189321208,1.728362334,0.583010702
3.401260242,1.758209445,0.412418144
3.605914949,1.797770644,0.449536085
3.794823813,1.796184747,0.442787369
3.969332731,1.806498703,0.343806192
4.129272995,1.804028002,0.234327011
4.275810549,1.804661611,0.15409227
4.410741168,1.811316381,0.185961209
4.533956131,1.822522638,0.011244435
4.644416962,1.805017782,-0.054743016
4.739690553,1.76888332,0.073482599
4.822078796,1.774255875,-0.010876359
4.892912591,1.757545842,0.030740727
4.951337163,1.727901187,0.240325871
4.997899867,1.722093729,0.167214774
5.032297034,1.695980787,0.160091129
5.054018798,1.666516092,0.259822163
5.064456042,1.634940616,0.048737305
5.063560029,1.595788075,-0.107607963
5.051240782,1.556309357,-0.130478614
5.02886669,1.518738965,-0.287573739
4.996359024,1.47448006,-0.475413018
4.954411351,1.432478153,-0.519279676
4.904133378,1.395545119,-0.541400469
4.845825026,1.349550351,-0.698870523
4.780037398,1.302543307,-0.620135496
4.705874483,1.251618386,-0.431171431
4.623163824,1.199388754,-0.529402751
4.532542754,1.136376521,-0.469414159
4.433917548,1.081736176,-0.319817607
4.327374433,1.027065837,-0.430421574
4.212913409,0.959907027,-0.459666012
4.091520465,0.902237355,-0.340438686
3.963817937,0.832551607,-0.365933837
3.830128241,0.76964435,-0.484411307
3.689652836,0.712289609,-0.44316915
3.543310231,0.648212613,-0.446543508
3.39429833,0.582830907,-0.5901412
3.24006031,0.509538461,-0.600264275
3.078706668,0.437940638,-0.591265986
2.909566333,0.354277998,-0.699995309
2.734108916,0.280205726,-0.683123518
2.554055213,0.202088103,-0.574019266
2.369150291,0.126197485,-0.573269409
2.181831006,0.049512043,-0.445043793
1.987785997,-0.039913064,-0.280450094
1.79248507,-0.114307765,-0.247831297
1.592449144,-0.209086681,-0.113231894
1.390808641,-0.270419288,-0.070490022
1.188699512,-0.386373494,-0.071239879
0.981285534,-0.462890223,0.00412079
0.780199884,-0.579834209,-0.026998293
0.567252367,-0.707665773,-0.050618801
0.367722557,-0.763888266,-0.077988596
0.152255705,-1.073993033,-0.054368088
-0.024945001,-0.728034992,-0.089611386
-0.037073049,-0.123575703,-0.087361813
-0.021128509,-0.173724548,0.072357813
-0.030557269,-0.121191234,0.025866654
-0.023756565,-0.088183576,0.067108811
-0.027981699,-0.093616118,0.180712207
-0.025297408,-0.053155118,0.166464917
-0.026410864,-0.071957186,0.251573732
-0.026455852,-0.040321723,0.277443812
-0.025409879,-0.055003457,0.295815318
-0.026973216,-0.039620629,0.296940104
-0.02559358,-0.033891903,0.216705362
-0.026864494,-0.038297173,0.194959498
-0.026230912,-0.027735773,0.088104818
-0.026572072,-0.030772597,-0.012001145
-0.026797012,-0.029887794,-0.020999433
-0.026774518,-0.031316226,-0.101984033
-0.027363113,-0.025478775,-0.211088284
-0.027370611,-0.024069088,-0.275201092
-0.028157903,-0.024275293,-0.347187402
-0.028911454,-0.022329475,-0.417299069
-0.029687499,-0.025932424,-0.401926993
-0.030770963,-0.025831196,-0.380930985
-0.031112123,-0.018332864,-0.288698525
-0.031442036,-0.022471944,-0.182218774
-0.032375539,-0.022044539,-0.193841564
-0.031948152,-0.021260963,-0.146600548
-0.03286291,-0.021823338,-0.134602829
-0.032398033,-0.015149823,-0.123354969
-0.033249059,-0.030712611,-0.067490592
-0.033706438,-0.00949608,-0.091486029
-0.032821671,-0.027773264,-0.077988596
-0.035191046,-0.017039402,-0.088111671
-0.032266818,-0.013398962,-0.065990877
-0.03638698,-0.039740602,-0.003377784
-0.03267546,0.008008776,-0.014625646
-0.03570466,-0.060147313,-0.012001145
-0.034891125,0.029442758,-0.047244442
-0.031873172,-0.069793917,-0.143976047
-0.041781805,0.033544345,-0.227210218
-0.019062805,-0.073231902,-0.232834149
-0.19547247,-1.440144083,-0.323191966
-0.573256459,-1.89540906,-0.260203944
-0.893455654,-1.642205385,-0.096735031
-1.205808171,-1.79529508,-0.184093418
-1.5095942,-1.750788731,0.180337279
-1.787988185,-1.79862059,0.380924133
-2.062809363,-1.713169599,0.106851253
-2.323125621,-1.666829907,0.426665434
-2.584401626,-1.71276094,0.490403313
-2.828574648,-1.693445237,0.242575443
-3.059153759,-1.736241967,0.520772538
-3.277732289,-1.753086969,0.510649463
-3.487418167,-1.795580017,0.383548634
-3.687349121,-1.810014306,0.490028385
-3.870953137,-1.817313932,0.410168572
-4.040697063,-1.827961564,0.398920711
-4.195718626,-1.828025299,0.286067172
-4.339133255,-1.833296627,0.212956075
-4.469655038,-1.830762191,0.187460924
-4.588438671,-1.830124832,-0.097859817
-4.693950808,-1.813201097,-0.069365236
-4.784586874,-1.798988009,0.000371503
-4.86355977,-1.788006701,-0.092610815
-4.930048462,-1.769740765,0.128222189
-4.984802753,-1.750503794,0.244075158
-5.027170315,-1.721845169,0.180337279
-5.056495071,-1.69203555,0.26657088
-5.074692766,-1.661854764,0.225703651
-5.080934868,-1.627411176,0.016493437
-5.076282346,-1.595442037,-0.085862099
-5.061488753,-1.556390724,-0.167971484
-5.036006732,-1.511835636,-0.383555486
-5.001144688,-1.475247525,-0.532777109
-4.957371247,-1.434962736,-0.544774827
-4.905301247,-1.389834025,-0.599514418
-4.845103394,-1.344671571,-0.660627796
-4.776706455,-1.295478764,-0.515530389
-4.700297882,-1.246432174,-0.430796503
-4.615266586,-1.190419634,-0.507656886
-4.522066198,-1.133559783,-0.367433552
-4.421379036,-1.077299798,-0.297321885
-4.312695236,-1.014891181,-0.448043223
-4.196191002,-0.953449848,-0.412424996
-4.07266862,-0.888379323,-0.314568606
-3.942765424,-0.828928798,-0.39705292
-3.806316456,-0.76337463,-0.427047216
-3.662736871,-0.692387921,-0.392178846
-3.51558073,-0.641545481,-0.474288232
-3.365121712,-0.574127978,-0.565020977
-3.207959464,-0.495999108,-0.542525255
-3.043797814,-0.420074747,-0.579643196
-2.871219636,-0.335879726,-0.69099702
-2.694048922,-0.263873244,-0.602513847
-2.512101969,-0.18432344,-0.532027252
-2.3262373,-0.112286964,-0.544774827
-2.136668609,-0.026648515,-0.3824307
-1.941255212,0.045957834,-0.278200522
-1.745058272,0.131989946,-0.235833578
-1.542574241,0.225681605,-0.082862669
-1.342238394,0.294265098,0.001496289
-1.136125322,0.414797036,0.049487162
-0.93069457,0.475357314,0.082480888
-0.725391285,0.635746636,0.057735594
-0.513980862,0.693281337,-0.00187807
-0.31570697,0.851293688,-0.05661766
-0.094346674,1.046441527,-0.088111671
0.024800612,0.427173033,-0.173970343
0.003948619,0.075996152,-0.063741305
0.004792146,0.175232827,0.049112234
0.00731523,0.061831803,-0.007127072
0.003270048,0.078189414,0.125972617
0.007270242,0.048713471,0.220829578
0.004064838,0.04260608,0.242575443
0.006872847,0.04282728,0.32131047
0.004972098,0.016283185,0.325434685
0.00602557,0.035313952,0.327309329
0.00614179,0.018109029,0.22607858
0.005598183,0.019312511,0.111725326
0.006734133,0.014022438,0.10497661
0.006276754,0.014483586,0.013119078
0.006966572,0.014033686,-0.01912479
0.006651655,0.009268496,0.002621075
0.007071544,0.010085814,-0.130478614
0.007210257,0.005665547,-0.245581725
0.007345222,0.006861531,-0.323566894
0.007817597,0.006906521,-0.447293365
0.00757766,0.005466841,-0.46041587
0.008012546,0.005721785,-0.387304773
0.00825998,0.002426268,-0.306320174
0.008061283,0.000611671,-0.188967491
0.008023793,-0.000194399,-0.10573332
0.007866334,0.001455234,-0.074989166
0.007821346,0.002699957,-0.057742446
0.007468939,-0.00608059,-0.051743587
0.007195261,-0.003669876,-0.045744728
0.007251497,-0.002931291,-0.068990307
0.007202759,-0.006185567,-0.112107107
0.007150273,0.000994086,-0.146225619
0.007000313,0.000694153,-0.169471199
0.006925333,-0.001825287,-0.136102544
0.006737882,-0.004041044,-0.095235316
0.00670789,-0.005975613,-0.084737312
0.006827858,-0.01044087,-0.038621082
0.006576675,-0.008532545,-0.075364095
0.006512942,0.001743919,-0.181843846
0.006505444,-0.002668849,-0.208088855
0.006261758,-0.007917681,-0.236583436
0.006190527,-0.004074786,-0.247456368
0.006280503,-0.000977975,-0.216712215
0.006096801,-0.001229169,-0.158598266
0.005830622,-0.005983112,-0.096735031
0.005793132,-0.004839616,-0.105358391
0.005774387,-0.004172264,-0.096360102
0.005759391,-0.007032878,-0.077238738
0.005676912,-0.005671931,-0.089986314
