0.002437768,0.004015914,-0.110607393
0.003734925,-0.005117054,-0.109107678
0.00148177,-0.012604139,-0.087736742
0.004405998,0.016058235,-0.112856965
0.001095622,-0.037284899,-0.113981751
0.004413496,0.043104719,-0.089236457
0.001807934,-0.059971102,-0.081362954
0.001965392,0.057557754,-0.068615378
0.005706904,-0.070131342,-0.086237027
-0.005326432,0.09205383,-0.064116234
0.129068078,1.936444796,-0.06524102
0.359223551,2.657315689,0.002246146
0.537102829,2.276936554,0.004870647
0.711420547,2.468207756,-0.05961709
0.860717372,2.445907717,0.166839845
0.992682524,2.462745221,0.086980032
1.114896501,2.449911826,0.052486592
1.213293017,2.421853067,0.226453509
1.304041554,2.408790973,-0.051743587
1.382107189,2.308860703,0.054736164
1.453364622,2.261786174,0.1192239
1.511451783,2.184234676,-0.144725904
1.557718315,2.142836385,-0.003002856
1.593592592,2.099743471,-0.092610815
1.618590991,2.039130704,-0.15747348
1.636856167,1.964409825,-0.070490022
1.64551638,1.886989548,-0.240332723
1.646033744,1.826961651,-0.133478043
1.637782173,1.759105495,-0.143976047
1.619704447,1.699066351,-0.223460931
1.592891527,1.614848835,-0.038621082
1.557377155,1.516354495,-0.18634299
1.513614962,1.435162556,-0.177344701
1.462722151,1.343461705,-0.015000574
1.404282583,1.239759773,-0.175470058
1.339672145,1.133298456,-0.142101404
1.268695887,1.024928813,-0.092985744
1.190945169,0.90239482,-0.230209648
1.106333762,0.774372049,-0.234708792
1.018468215,0.677189917,-0.306320174
0.928323269,0.545582943,-0.407925852
0.831381369,0.415929284,-0.347187402
0.730206836,0.280471917,-0.367058624
0.619179905,0.121057378,-0.355060905
0.508137978,0.01338508,-0.304070602
0.391903672,-0.157925562,-0.307819889
0.273768617,-0.252621997,-0.155598837
0.157541809,-0.497322563,-0.172470628
0.032486083,-0.642497769,-0.172470628
-0.013611744,-0.211733593,0.01274415
0.00239278,-0.054032423,-0.061116804
-0.001791116,-0.104717398,-0.049494015
-0.000156547,-0.03467173,0.032615371
-4.41e-05,-0.05809277,-0.052868373
-0.001146286,-0.028890516,-0.090361243
0.000428298,-0.033385766,-0.041995441
-0.001240011,-0.029685339,-0.029997722
0.000199609,-0.020166207,-0.094485459
-0.000906349,-0.027859495,-0.041995441
-0.000512703,-0.013976334,-0.03637151
-0.000516452,-0.019127688,-0.101609104
-0.000943839,-0.013263992,-0.035246724
-0.000730146,-0.014021324,-0.006377214
-0.001071306,-0.011895546,-0.020249576
-0.000876357,-0.009567314,0.010869506
-0.00116878,-0.012386687,0.054736164
-0.001344983,-0.010868275,0.036364658
-0.001453705,-0.013560176,0.005245576
-0.001551179,-0.012495413,0.048362376
-0.001738629,-0.0089562,-0.006002285
-0.002019805,-0.009702284,-0.059242161
-0.002016056,-0.010020963,-0.027373221
-0.002042299,-0.007329062,-0.083612526
-0.001933578,-0.009357361,-0.175844986
-0.001828606,-0.012304206,-0.203214782
-0.001937327,-0.009949729,-0.175844986
-0.001809861,-0.007235333,-0.220461502
-0.001828606,-0.010587088,-0.205089425
-0.001839853,-0.011981777,-0.172095699
-0.001532434,-0.006346781,-0.236208507
-0.001599916,-0.007775213,-0.154474051
-0.001761124,-0.008262605,-0.105358391
-0.001641155,-0.006309289,-0.139101974
-0.001637406,-0.007370303,-0.098609674
-0.001551179,-0.005840643,-0.089986314
-0.001371226,-0.008967448,-0.092985744
-0.001446207,-0.008468809,-0.116606252
-0.001502442,-0.007081617,-0.131978329
-0.001464952,-0.009267381,-0.117731038
-0.001393721,-0.006200563,-0.151099692
-0.001393721,-0.007362805,-0.120730468
-0.00139747,-0.009274879,-0.079113382
-0.001273752,-0.008390076,-0.134227901
-0.001311242,-0.007940176,-0.102358961
-0.001446207,-0.007441537,-0.04499487
-0.001941076,-0.010650823,-0.086237027
-0.002495929,-0.009492331,-0.058492303
-0.002732117,-0.010238415,-0.011251287
-0.00306203,-0.010358388,-0.031122508
-0.003058281,-0.007542765,-0.014625646
-0.003594389,-0.013260243,0.001496289
-0.003556899,-0.008033905,-0.012376073
-0.003676868,-0.012615386,-0.003377784
-0.004257964,-0.007685233,0.002621075
-0.003785589,-0.012540403,-0.042745298
-0.005168974,-0.015674706,-0.096735031
-0.003733103,-0.001694066,-0.09710996
-0.005026511,-0.023427981,-0.122230182
-0.004524144,0.004645774,-0.150349835
-0.004078012,-0.028583084,-0.124104826
-0.00578756,-0.001922765,-0.103108819
-0.002211005,-0.008345086,-0.089986314
-0.007714551,-0.022685646,-0.092985744
-0.000726397,0.025539876,-0.07086495
-0.008828007,-0.077982096,-0.05661766
0.001106869,0.11983515,-0.071614808
-0.021762092,-0.510538374,-0.080988025
-0.239275903,-1.58127019,-0.081737883
-0.490302115,-1.524931472,-0.05361823
-0.686439071,-1.466571954,-0.133852972
-0.884210595,-1.517601853,-0.115856395
-1.05115776,-1.516342133,0.011619364
-1.209006077,-1.609617634,-0.058117375
-1.345080144,-1.595112111,-0.017625075
-1.462784062,-1.622248574,0.013868936
-1.571842763,-1.593192538,-0.048744157
-1.665193112,-1.613940422,0.028866084
-1.747352666,-1.636720355,-0.015000574
-1.811314525,-1.639329775,0.036364658
-1.863035867,-1.661869761,0.106851253
-1.90172565,-1.656287252,0.027366369
-1.929588293,-1.661142422,0.069358383
-1.947905956,-1.648245291,-0.009001715
-1.954586691,-1.626728828,-0.06224159
-1.951812424,-1.602820396,-0.007127072
-1.9388371,-1.572365921,-0.044619942
-1.916211825,-1.524297863,-0.01050143
-1.883621681,-1.458938652,-0.052868373
-1.841284111,-1.391821083,-0.141351546
-1.789915176,-1.319960818,-0.107982892
-1.730530858,-1.244167678,-0.134602829
-1.663686009,-1.157629429,-0.153724193
-1.589939234,-1.073138224,-0.100859247
-1.510482716,-0.974902576,-0.150724764
-1.422654659,-0.865501912,-0.247831297
-1.330264056,-0.773137459,-0.296197099
-1.23394824,-0.662064667,-0.312693962
-1.133471023,-0.556124483,-0.302570887
-1.026819187,-0.421799364,-0.287573739
-0.911439655,-0.295951108,-0.268077447
-0.793679502,-0.168899371,-0.268077447
-0.669373577,-0.037483604,-0.283074595
-0.547669466,0.068940222,-0.290573169
-0.418126174,0.238526247,-0.296197099
-0.288946537,0.328412502,-0.288698525
-0.157461258,0.604988478,-0.240707652
-0.024311419,0.639102139,-0.196466065
0.011274184,0.1558009,-0.226085432
-0.00575007,0.067526786,-0.214087714
0.000484533,0.091191522,-0.170221056
-0.002705874,0.029004105,-0.159723052
-0.001723633,0.057314058,-0.104983462
-0.001569924,0.017786601,-0.080613097
-0.002462188,0.030541263,-0.048744157
-0.001101298,0.017640383,-0.046869514
-0.002540918,0.008042518,-0.06824045
-0.00105631,0.016928042,0.003370932
-0.001749876,0.004518302,-0.01612536
-0.001494944,0.006914019,-0.006752143
-0.001195023,0.005275634,0.065234168
-0.00124376,0.002707455,0.047987447
-0.000981329,0.000772885,0.083605674
-0.001026318,0.002699957,0.095603392
-0.000628922,0.003794713,0.037114515
-0.000628922,0.003281078,0.048362376
-0.000325253,-0.000426848,0.04723759
-0.000227778,0.000731645,0.025866654
-0.000119057,0.00281993,0.034864943
0.000274589,0.00142899,0.004870647
0.000139625,-0.001004219,-0.031122508
9.46e-05,-0.003928569,-0.06824045
0.000229601,-8.57e-05,-0.063366376
5.34e-05,0.001054073,-0.057742446
3.47e-05,-0.001131691,-0.090361243
1.59e-05,0.000146775,-0.077613667
-0.000351496,-0.003148742,-0.130853542
-0.000265269,-0.00599061,-0.192341849
-0.000156547,-0.00284506,-0.158973195
-0.000445221,-0.000310624,-0.159723052
-0.00026152,-0.002008996,-0.191966921
0.000188362,0.000540437,-0.188967491
0.00091567,0.004747001,-0.192341849
0.001264328,0.001099063,-0.229834719
0.001642978,0.001267775,-0.248206226
0.002085361,-0.005188288,-0.262078588
0.002332795,-0.000599309,-0.264703088
0.003056354,0.002407522,-0.238458079
0.00284641,-0.001277908,-0.226460361
0.003896133,0.005755527,-0.201715067
0.003479992,-0.001915267,-0.19496635
0.004379755,0.011214313,-0.162347553
0.004612193,-0.005053319,-0.098609674
0.004079834,0.011326788,-0.073489451
0.006183029,0.00012428,-0.02474872
0.00326255,-0.0040148,0.016118508
0.007112783,0.016695593,0.000746431
0.003397514,-0.023945366,-0.009751572
0.006842854,0.040881463,0.00412079
0.005227031,-0.049792116,0.002621075
0.003652447,0.057940169,0.004495718
0.011225447,-0.061658227,0.019492866
-0.007995727,0.094280835,0.020617652
0.16730798,1.536719965,0.003370932
0.515294838,2.017835441,0.069358383
0.800909416,1.776081719,0.072732742
1.076750324,1.948832041,-0.036746439
1.336631697,1.952303768,0.206957216
1.572624379,2.094374665,0.279693384
1.801122789,2.126501268,0.125972617
2.009519008,2.126748713,0.380924133
2.21116326,2.218978197,0.321685398
2.392382906,2.293065466,0.281942956
2.561369531,2.413462434,0.57213777
2.714531586,2.483913012,0.484029526
2.851527909,2.551457987,0.466407877
2.974724127,2.583337145,0.46265859
3.08210702,2.594633383,0.244825015
3.176964471,2.579557986,0.122973187
3.258509188,2.553902443,-0.077988596
3.329234261,2.559166272,-0.106108248
3.386695338,2.526822217,-0.051368658
3.432114594,2.464451092,-0.321692251
3.466901658,2.4021512,-0.43454579
3.489088299,2.346899741,-0.306695103
3.500927672,2.289574993,-0.230209648
3.503634458,2.23154915,-0.070490022
3.496421362,2.162122094,-0.010876359
3.481159143,2.049560884,-0.428921859
3.458976251,1.964698511,-0.587516699
3.428924186,1.903414644,-0.235833578
3.391936454,1.81721007,-0.229084862
3.348616643,1.728527297,-0.213712785
3.297577621,1.635577974,-0.444668864
3.238080832,1.551229237,-0.738987894
3.170272488,1.47331032,-0.269577162
3.094231319,1.393051924,-0.300696244
3.010632145,1.309531753,-0.323941823
2.919951091,1.224646885,-0.103483747
2.821865742,1.14213524,-0.545899613
2.71784946,1.052263982,-0.520029533
2.607591076,0.956337821,-0.553773116
2.490546983,0.873425014,-0.648630077
2.369285255,0.78897505,-0.178094559
2.244608178,0.699456214,-0.308944675
2.115413545,0.604688545,-0.329940682
1.977367499,0.497469895,-0.207338997
1.832708199,0.396197423,-0.442794221
1.681971754,0.285428314,-0.196840994
1.527741231,0.200363487,-0.133478043
1.371186323,0.08490417,-0.193091707
1.209101624,-0.015461003,-0.137977188
1.046214638,-0.125109112,-0.273701377
0.875042339,-0.246769549,-0.280075165
0.707952713,-0.334818712,-0.274826163
0.534039888,-0.506560508,-0.208838712
0.362995055,-0.551243069,-0.035996581
0.19264379,-0.812679912,0.141719622
0.01780496,-0.819717097,0.110225612
-0.034295032,-0.216674993,0.094103678
-0.012494539,-0.109141414,0.099352679
-0.020198755,-0.139974555,-0.079113382
-0.016348521,-0.056589354,0.013868936
-0.017105821,-0.090204377,0.061859809
-0.017750651,-0.045270622,-0.019499719
-0.016138577,-0.057751596,-0.002627927
-0.018346744,-0.044933197,-0.113606822
-0.01658096,-0.036475079,-0.113981751
-0.017709412,-0.037884765,-0.033747009
-0.017117068,-0.026487301,0.016868365
-0.017499467,-0.03148119,0.062984595
-0.017533209,-0.023652931,0.029241012
-0.017619436,-0.025535012,-0.053993159
-0.017881867,-0.021954559,-0.132353257
-0.017750651,-0.023098054,-0.181843846
-0.018181787,-0.021958308,-0.290573169
-0.018009333,-0.017747995,-0.202464924
-0.018346744,-0.017440563,-0.118855824
-0.018564186,-0.019750049,-0.132353257
-0.018882852,-0.020803565,-0.062616519
-0.019092797,-0.017181871,-0.172095699
-0.018999071,-0.017129382,-0.161972625
-0.019029064,-0.018404099,-0.104608533
-0.01885286,-0.015550983,-0.137602259
-0.018785378,-0.013661404,-0.10835782
-0.018680406,-0.015614719,-0.143976047
-0.018440469,-0.013286487,-0.157098552
-0.018594178,-0.015805927,-0.15747348
-0.019216514,-0.019630076,-0.107982892
-0.019520184,-0.014287514,-0.092610815
-0.019756372,-0.015326033,-0.089986314
-0.020577405,-0.0168257,0.030365798
-0.020543664,-0.012517908,-0.011626216
-0.02123723,-0.016611997,-0.087361813
-0.02169461,-0.011689342,-0.111732179
-0.021544649,-0.019633825,-0.179969202
-0.022759329,-0.015895907,-0.199840423
-0.02188206,-0.009904739,-0.218586858
-0.023445397,-0.020394906,-0.166471769
-0.022658105,-0.005274519,-0.147350405
-0.023535374,-0.027773264,-0.130103685
-0.023790306,-0.000989223,-0.018000004
-0.022665603,-0.025343805,-0.005252428
-0.025863509,-0.010009716,-0.014625646
-0.021229732,-0.006507995,0.047987447
-0.027621794,-0.037089942,0.04423816
-0.020247492,0.03199594,-0.003377784
-0.027966703,-0.092922522,-0.040495726
-0.021117262,0.125008999,-0.109857535
-0.033444007,-0.461180603,-0.131228471
-0.292271908,-1.772421418,-0.140601689
-0.640101307,-1.770816775,-0.028872936
-0.918802711,-1.622867187,-0.022499148
-1.203528773,-1.712273548,-0.051368658
-1.462859042,-1.671325157,0.258322448
-1.710184981,-1.745697363,0.152217626
-1.945855247,-1.649325051,0.028491155
-2.168992573,-1.619335472,0.235076869
-2.384144508,-1.625397874,0.100852394
-2.582073491,-1.642876486,0.137220478
-2.770468742,-1.684117312,0.257947519
-2.942874465,-1.702589452,0.25494809
-3.101806245,-1.735203448,0.305563464
-3.244662272,-1.747916869,0.214080862
-3.372076125,-1.766220298,0.206957216
-3.484932573,-1.775795668,0.064859239
-3.583385325,-1.782053026,-0.034871795
-3.668844008,-1.785618483,0.125597688
-3.740075198,-1.780047222,-0.159723052
-3.797989904,-1.770633066,-0.326566324
-3.841849572,-1.752262153,-0.040120797
-3.873157555,-1.731615496,-0.10273389
-3.893098539,-1.709900326,-0.136852402
-3.901383851,-1.673102262,0.200958357
-3.898905756,-1.635520622,0.223829008
-3.886035404,-1.604346307,0.109100826
-3.863560089,-1.563131725,0.191960068
-3.833275587,-1.520619932,0.059985166
-3.795534303,-1.473207978,-0.12298004
-3.749601432,-1.416381869,-0.430046645
-3.695019596,-1.358817174,-0.606263134
-3.631380151,-1.294987623,-0.3824307
-3.558570628,-1.222272549,-0.449542938
-3.477779462,-1.141200583,-0.391803918
-3.389182858,-1.063641586,-0.37380734
-3.292604611,-0.996164096,-0.553773116
-3.189536828,-0.921323245,-0.251205655
-3.079777063,-0.845125195,-0.273701377
-2.962474289,-0.771622796,-0.338189114
-2.838768206,-0.700696073,-0.098234746
-2.711455575,-0.640476969,-0.333689969
-2.57976785,-0.559986124,-0.479537234
-2.440957006,-0.47427644,-0.430046645
-2.294059547,-0.381687037,-0.420673428
-2.138471883,-0.290353604,-0.295072313
-1.980158689,-0.218946988,-0.23245922
-1.817181726,-0.123766911,-0.190842134
-1.650935626,-0.044798227,-0.339688828
-1.480685584,0.062964051,-0.511406173
-1.304572091,0.145014549,-0.390304203
-1.128623553,0.245492198,-0.340063757
-0.945034534,0.348541774,-0.367433552
-0.766236749,0.428324027,-0.124854683
-0.578943707,0.582654696,0.044988018
-0.397630336,0.61406146,-0.059992018
-0.212144318,0.894139157,0.085855246
-0.028409087,0.814154449,0.189710496
0.015821733,0.170966276,0.132721334
-0.00658235,0.108227732,0.29806489
0.002610222,0.124787798,0.263946379
-0.002109781,0.047273791,0.13384612
-0.0001453,0.078466852,0.031115656
-0.000160296,0.031373578,-0.178469487
-0.001153784,0.046370242,-0.168721341
0.000525773,0.027440703,-0.130103685
-0.001138788,0.026582144,-0.084737312
0.000548267,0.025164959,0.056610808
-0.000505205,0.013572538,0.050986877
0.000285836,0.01531965,0.020242724
0.00019586,0.008623639,0.003745861
0.000312079,0.01495598,-0.022499148
0.000769458,0.005912992,0.028116226
0.000522024,0.006790297,0.042363517
0.001230586,0.007161464,-0.004877499
0.001043136,0.005211898,-0.019499719
0.001496766,0.010093312,-0.145100833
0.001792938,0.002486254,-0.237333293
0.002186584,0.001698929,-0.160097981
0.003390016,0.009737141,-0.156348694
0.003922376,0.006029216,-0.138727045
0.004570954,0.007607615,-0.14322619
0.005125808,0.00605546,-0.210338427
0.005148302,0.004866975,-0.284199381
0.005954339,0.005253139,-0.348312189
0.005856865,0.000915354,-0.274076306
0.006861599,0.008207482,-0.253455227
0.006947827,-0.002421404,-0.214462643
0.007225253,0.011517995,-0.092610815
0.008244984,-0.001469116,-0.106108248
0.006846603,0.003232338,-0.118480895
0.009632118,0.005313125,-0.103108819
0.006929082,-0.011318175,-0.117731038
0.009999521,0.02727574,-0.150349835
0.007990052,-0.033606967,-0.176219915
0.008507415,0.036757381,-0.178844416
0.011536615,-0.030412677,-0.250830727
0.004657182,0.021134606,-0.265452946
0.018528519,0.006809043,-0.23245922
-0.00809695,-0.065921029,-0.158973195
0.119189437,1.261527431,-0.023249006
0.485456467,2.041770117,0.123348116
0.818218595,1.71772595,0.255323019
1.128985281,1.821034219,0.117724186
1.441573985,1.792011925,0.250448945
1.722749735,1.818293579,0.415417573
2.00110623,1.789638703,0.187460924
2.263870592,1.698923883,0.368551486
2.527617194,1.7449224,0.403794784
2.77730126,1.743032821,0.241825585
3.012394179,1.78322388,0.335182832
3.234924166,1.801872232,0.313811896
3.445164898,1.860625412,0.3269344
3.647382748,1.898825665,0.307063179
3.833513597,1.917511508,0.299939534
4.00542445,1.943973122,0.250448945
4.161308286,1.954152107,0.064109382
4.305562693,1.986409932,0.142844409
4.439128672,2.001185395,0.06748374
4.559171972,2.011844274,-0.095235316
4.665145238,2.02201951,0.176213063
4.755458889,2.022608129,0.163465487
4.832647256,2.016369517,0.127097403
4.898247433,2.010475828,0.330308759
4.95286301,1.995059258,0.251198803
4.995365537,1.96515216,0.158966343
5.024765273,1.947054936,0.15109284
5.0424606,1.913833576,0.176213063
5.048234076,1.867655098,-0.025498578
5.043247892,1.835303545,-0.233584006
5.027588278,1.794730071,-0.238083151
5.001367702,1.742717891,-0.385055201
4.965917063,1.689371008,-0.551523544
4.921116394,1.639825779,-0.545149756
4.868547775,1.595521884,-0.470164016
4.808994752,1.543382233,-0.560521833
4.742131158,1.487523409,-0.462665442
4.667495867,1.430393617,-0.337439256
4.584878934,1.37054568,-0.508031815
4.494426569,1.311290112,-0.425547501
4.395681395,1.247426818,-0.292822741
4.28902581,1.179371957,-0.365558909
4.174407327,1.101160605,-0.311944105
4.052871921,1.036176311,-0.289073454
3.925368091,0.977430628,-0.43154636
3.791487194,0.901614994,-0.509156601
3.651360448,0.831100679,-0.488535522
3.505771393,0.760140215,-0.476912733
3.356973186,0.693543779,-0.496034096
3.203897359,0.625106503,-0.422548071
3.043570947,0.533825558,-0.430421574
2.874599317,0.440306361,-0.572144622
2.700082901,0.365712955,-0.491534952
2.522166134,0.280921816,-0.397427848
2.339480625,0.19949368,-0.420673428
2.154545711,0.11259926,-0.299196529
1.963110014,0.015979503,-0.175095129
1.770167214,-0.060552223,-0.18634299
1.573430416,-0.169064334,-0.163847268
1.374462957,-0.236421851,-0.089986314
1.175536738,-0.352038632,-0.067115663
0.970454644,-0.441782418,-0.03637151
0.772117019,-0.552813969,0.031865513
0.562116224,-0.697314325,0.020242724
0.36358365,-0.739394965,-0.007502
0.152176976,-1.05238659,-0.025123649
-0.032041877,-0.781370627,-0.10835782
-0.053444975,-0.142194062,-0.054368088
-0.034737415,-0.172209885,0.035239872
-0.044646049,-0.136993968,0.038239301
-0.037980309,-0.081540054,0.099352679
-0.041436896,-0.101421881,0.039364087
-0.039498658,-0.056420642,-0.069740164
-0.039993527,-0.076081268,-0.027373221
-0.040469652,-0.048224965,-0.046869514
-0.039078769,-0.056229434,-0.031872366
-0.040559628,-0.045390596,0.021742438
-0.039232478,-0.040235492,-0.040495726
-0.04021097,-0.045982964,-0.032997152
-0.03983232,-0.034011877,-0.10835782
-0.040083504,-0.036133905,-0.166846698
-0.040180978,-0.030570142,-0.083237598
-0.040128492,-0.032902124,-0.097859817
-0.040563377,-0.030506406,-0.090361243
-0.040582122,-0.02752207,-0.106483177
-0.041553116,-0.03170614,-0.224960646
-0.042411639,-0.030528901,-0.256829586
-0.042842775,-0.030697614,-0.245581725
-0.043903745,-0.031503685,-0.243707081
-0.044436104,-0.024488995,-0.187092848
-0.044563571,-0.030592637,-0.184093418
-0.045242141,-0.027443338,-0.196840994
-0.045050942,-0.024758935,-0.17771963
-0.046104414,-0.02644606,-0.220461502
-0.045407098,-0.019690063,-0.196466065
-0.046441825,-0.030926313,-0.11998061
-0.046261872,-0.010144686,-0.100484318
-0.046318107,-0.033115826,-0.077613667
-0.047963923,-0.014591197,-0.096360102
-0.045347114,-0.02433153,-0.124479755
-0.049568499,-0.03296211,-0.13722733
-0.0446423,0.00052919,-0.156723623
-0.050164592,-0.059247513,-0.130103685
-0.046029434,0.033221917,-0.115856395
-0.047600269,-0.092926271,-0.14022676
-0.051735427,0.076209855,-0.155223908
-0.038550159,-0.224878169,-0.138352117
-0.261500034,-1.619316726,-0.206214211
-0.645031255,-1.85764746,-0.094485459
-0.95909707,-1.654037753,0.024741868
-1.279022587,-1.801387475,-0.07386438
-1.580937861,-1.745978551,0.296565176
-1.862690958,-1.788494093,0.362177698
-2.138869278,-1.679978232,0.072732742
-2.401948557,-1.660400087,0.404544641
-2.664622942,-1.690832068,0.314186824
-2.908908434,-1.686265584,0.103851824
-3.142089358,-1.72804254,0.449536085
-3.361278977,-1.743222914,0.309312751
-3.572059566,-1.79237448,0.184086566
-3.772425405,-1.804802965,0.332183402
-3.956280605,-1.818075013,0.152967483
-4.126047025,-1.826615613,0.137595407
-4.280884887,-1.836989555,0.158216485
-4.425517943,-1.854918067,0.097103107
-4.557951722,-1.855630409,0.105351539
-4.677882551,-1.857733691,-0.03337208
-4.784121997,-1.838354252,0.013119078
-4.875399143,-1.818434933,0.067858669
-4.955031865,-1.80631013,-0.046869514
-5.022251614,-1.792681911,0.188210781
-5.077512021,-1.777985181,0.257197662
-5.121247972,-1.751789758,0.07910653
-5.151734921,-1.727555149,0.260946949
-5.170228788,-1.700459926,0.109475754
-5.178056721,-1.668160861,-0.191591992
-5.174697608,-1.632618767,-0.091860958
-5.160170194,-1.597331617,-0.197590851
-5.135404234,-1.562858036,-0.353936119
-5.10042972,-1.517879291,-0.320942393
-5.056037692,-1.480376384,-0.323191966
-5.003993935,-1.444133196,-0.39967742
-4.943889807,-1.40010299,-0.450292795
-4.87594275,-1.356204006,-0.265078017
-4.8013412,-1.309976789,-0.21221307
-4.718600549,-1.258511987,-0.274076306
-4.626603593,-1.200309934,-0.097484888
-4.526385057,-1.143637541,-0.149225049
-4.417866214,-1.079834234,-0.328066039
-4.301080803,-1.013807672,-0.233584006
-4.177097294,-0.951781469,-0.201340138
-4.046271841,-0.885177535,-0.320942393
-3.908863126,-0.818022474,-0.294697384
-3.764916138,-0.749727666,-0.27857545
-3.616567813,-0.691836794,-0.463790228
-3.465010334,-0.626215141,-0.526028392
-3.307177013,-0.542098853,-0.470913873
-3.1415495,-0.461034386,-0.534276824
-2.967610433,-0.378998885,-0.538775968
-2.789015094,-0.308000928,-0.394803347
-2.607113129,-0.222741144,-0.383180558
-2.420476164,-0.144957197,-0.414674568
-2.231402343,-0.064466352,-0.265452946
-2.035524068,0.030121357,-0.257579443
-1.838798518,0.100272002,-0.267327589
-1.637829088,0.202631732,-0.113981751
-1.434970156,0.267391076,-0.161972625
-1.231646348,0.381346977,-0.223460931
-1.022657786,0.457597515,-0.149599977
-0.81936022,0.571144757,-0.164972054
-0.603882122,0.710317548,-0.163097411
-0.402129148,0.751997026,-0.055492874
-0.18464158,1.062994095,0.065234168
-0.002792101,0.732366393,0.053611378
0.012035233,0.100950601,0.086230175
-0.00465161,0.152276684,0.221204507
0.00519329,0.104669774,0.116974328
-0.001558677,0.063856353,0.141344694
0.002831414,0.075141342,0.270320167
0.000660737,0.033559342,0.092603963
0.001567997,0.054412203,0.0761071
0.001864169,0.021783212,0.078731601
0.00095316,0.031984692,-0.101609104
0.002479007,0.02066596,-0.083987455
0.001324312,0.02066596,-0.080613097
0.002411525,0.021685733,-0.130103685
0.002021628,0.010835647,-0.129353828
0.00258023,0.013793739,-0.158598266
0.002355289,0.0099246,-0.120730468
0.002583979,0.013872471,-0.157848409
0.003120088,0.009309736,-0.171720771
0.003153829,0.012174099,-0.081737883
0.004574703,0.010434486,-0.116606252
0.005032083,0.00592424,-0.101609104
0.006078056,0.011191818,-0.031872366
0.007281489,0.007562625,-0.079113382
0.007386461,0.008743612,-0.088861528
0.008155008,0.007836314,-0.052118516
0.007795103,0.002973646,-0.118855824
0.008706112,0.010625694,-0.184093418
0.008919806,-0.005964366,-0.210713356
0.008694865,0.007022745,-0.296946957
0.010348179,-0.002181457,-0.32469168
0.008623634,-0.006174319,-0.293947527
0.011311674,0.013868722,-0.257204514
0.009036025,-0.012472918,-0.201340138
0.011172961,0.024816287,-0.122605111
0.010940522,-0.027240883,-0.050243872
0.009223476,0.028861637,-0.097484888
0.014494584,-0.011921791,-0.120730468
0.005399486,-0.000554319,-0.083987455
0.020294302,0.042298648,-0.188592562
-0.004145494,-0.129694342,-0.194591421
0.085080944,1.028914176,-0.1316034
0.435208486,2.006216776,-0.18634299
0.781073404,1.70491505,-0.071989737
1.089901851,1.751873354,-0.097859817
1.408039091,1.755963694,0.004495718
1.693698657,1.751400959,0.293940675
1.976269039,1.735317037,0.108350968
2.243700918,1.618530516,0.170964061
2.510615434,1.652344244,0.310062609
2.76662408,1.633774625,0.071982884
3.007273032,1.663932916,0.182586851
3.236405025,1.676822549,0.341181691
3.45216055,1.70343038,0.23170251
3.661748954,1.741094502,0.30968768
3.856603749,1.741773101,0.373425559
4.037129828,1.753043094,0.259447234
4.20215375,1.755318838,0.221579436
4.354097376,1.770214274,0.203582858
4.496136118,1.781581745,0.17996235
4.625566939,1.780059584,0.139095122
4.740826503,1.772943667,0.115474613
4.841581146,1.759060505,0.149593125
4.92930798,1.748529098,0.088479747
5.004989245,1.743329005,0.115474613
5.068909866,1.731912794,0.291316174
5.12084865,1.711033689,0.229827867
5.15943721,1.684287139,0.26057202
5.184911733,1.660333717,0.371550916
5.198925533,1.63456195,0.128222189
5.20120868,1.604324926,0.022117367
5.192563463,1.574196628,-0.018000004
5.173432265,1.535269038,-0.281949809
5.143361455,1.497065036,-0.414674568
5.103756914,1.462077819,-0.431921289
5.055529649,1.417159061,-0.497533811
4.998979582,1.376506854,-0.558647189
4.934399136,1.339641305,-0.451042652
4.861934522,1.291314555,-0.270327019
4.781679465,1.241255691,-0.312693962
4.6936902,1.184699522,-0.263953231
4.59750185,1.131311398,-0.11135725
4.493238133,1.076614815,-0.237333293
4.381075252,1.009530988,-0.316443249
4.261193159,0.953780889,-0.244831867
4.134727805,0.889632659,-0.346812474
4.001506735,0.823204936,-0.43717029
3.861732395,0.76105876,-0.339688828
3.715787185,0.691140564,-0.367808481
3.565564354,0.63424322,-0.480287091
3.412582252,0.571474683,-0.443919007
3.252870677,0.491591203,-0.446543508
3.08494877,0.407392433,-0.556397617
2.909772529,0.328472489,-0.559771975
2.730641082,0.258355586,-0.534651752
2.547374477,0.174614215,-0.589016414
2.359256653,0.100988093,-0.496783954
2.16776472,0.012668989,-0.362934408
1.969558311,-0.06914906,-0.341563472
1.771539352,-0.141384242,-0.233958935
1.568271778,-0.241337007,-0.144725904
1.365427843,-0.302320941,-0.180344131
1.16045822,-0.419197442,-0.144725904
0.951803319,-0.487259802,-0.094485459
0.747782195,-0.627534848,-0.124854683
0.532105399,-0.730213257,-0.157098552
0.33112847,-0.815491787,-0.087361813
0.10917958,-1.099423626,-0.080613097
-0.049339809,-0.624550512,-0.139476903
-0.045238392,-0.100822015,0.070858098
-0.035772142,-0.189396062,0.136095692
-0.043033975,-0.103120254,0.065984025
-0.036458211,-0.096390501,0.282317885
-0.040885792,-0.089405804,0.238076298
-0.03741046,-0.055794531,0.100477465
-0.039446172,-0.073265645,0.235826726
-0.038613892,-0.042916146,0.146593696
-0.03835521,-0.059221269,0.058485451
-0.039397435,-0.041926366,0.100852394
-0.038306473,-0.040625406,0.002996003
-0.039577387,-0.040857854,-0.038621082
-0.03869637,-0.033910649,-0.097484888
-0.039015036,-0.034454278,-0.127104255
-0.039093765,-0.031091276,-0.136102544
-0.039183741,-0.034480522,-0.247456368
-0.039554893,-0.029220443,-0.234333864
-0.039963535,-0.032800896,-0.253830156
-0.041305681,-0.033779428,-0.328815896
-0.041740566,-0.02855684,-0.248956083
-0.042685317,-0.031080029,-0.20658914
-0.043705047,-0.027368355,-0.207338997
-0.043851259,-0.02972658,-0.126729327
-0.044526081,-0.02765704,-0.103483747
-0.044166176,-0.024575226,-0.137977188
-0.045245891,-0.028665566,-0.093360672
-0.044706033,-0.016885686,-0.085112241
-0.045448337,-0.032358494,-0.152599407
-0.045819489,-0.016495773,-0.16047291
-0.045178408,-0.027679535,-0.201340138
-0.047776472,-0.019416373,-0.258704229
-0.044616057,-0.017290596,-0.270327019
-0.048661239,-0.037183671,-0.254580014
-0.044807256,0.007112725,-0.229084862
-0.048368816,-0.059521202,-0.266577732
-0.04733034,0.030260076,-0.212587999
-0.044518583,-0.075185218,-0.162347553
-0.054142291,0.032592057,-0.201715067
-0.031517016,-0.086860121,-0.109107678
-0.213932595,-1.452966231,-0.093735601
-0.595979209,-1.887194637,-0.027373221
-0.918821456,-1.631385292,0.068233597
-1.236576296,-1.777640257,-0.03074758
-1.544714926,-1.725961753,0.241075728
-1.827727691,-1.763708357,0.334807903
-2.107512558,-1.671996258,0.067858669
-2.372946215,-1.621468748,0.307438108
-2.638514837,-1.659695244,0.269945238
-2.88756532,-1.645062249,-0.011626216
-3.124513999,-1.679918246,0.253448375
-3.347242683,-1.689077458,0.21745522
-3.560448882,-1.735049732,0.078731601
-3.765219808,-1.749697723,0.26919538
-3.954773503,-1.759524287,0.182211922
-4.1303059,-1.765657923,0.157841557
-4.289788785,-1.764859351,0.216330434
-4.438283322,-1.779316135,0.192709926
-4.575122187,-1.781505648,0.221954364
-4.699979216,-1.784070077,0.120348687
-4.811017395,-1.77173907,0.141719622
-4.906890827,-1.759981686,0.196459213
-4.990411272,-1.749705222,0.074607385
-5.061781175,-1.735953281,0.215205648
-5.121735343,-1.72462705,0.281942956
-5.169100336,-1.702683182,0.091104248
-5.203148845,-1.678508559,0.252698518
-5.224724397,-1.649853684,0.206207359
-5.234756748,-1.61768209,-0.089986314
-5.233890727,-1.592037795,-0.002627927
-5.221848906,-1.560342345,-0.101984033
-5.199752241,-1.524027923,-0.305570317
-5.167548246,-1.488602054,-0.24708144
-5.12561182,-1.452332622,-0.268452375
-5.075401329,-1.415789501,-0.309319604
-5.016995502,-1.374128768,-0.341563472
-4.950270622,-1.32939372,-0.24408201
-4.874986752,-1.280748291,-0.179219345
-4.791627515,-1.230172041,-0.323191966
-4.70004295,-1.176011589,-0.187092848
-4.60003061,-1.11770456,-0.152974336
-4.492494007,-1.064605122,-0.35956005
-4.377121973,-1.00329501,-0.293572598
-4.254079465,-0.937782083,-0.263203374
-4.124206261,-0.874162486,-0.413924711
-3.987626077,-0.806426304,-0.360684836
-3.844252688,-0.741224558,-0.268452375
-3.695390748,-0.679224599,-0.380930985
-3.543514604,-0.619042987,-0.407925852
-3.387042173,-0.546717826,-0.374557198
-3.222846782,-0.467482951,-0.470164016
-3.050519789,-0.381803261,-0.529777679
-2.872610519,-0.3096993,-0.454042082
-2.691926982,-0.239488668,-0.447293365
-2.505777389,-0.15339282,-0.466414729
-2.317138452,-0.081746258,-0.341563472
-2.122643563,0.01289019,-0.320192536
-1.923342442,0.082350988,-0.366308766
-1.72310032,0.175828944,-0.299571458
-1.517620831,0.255131304,-0.326191395
-1.315013083,0.338351541,-0.371557768
-1.104944806,0.44930436,-0.285324167
-0.899596532,0.51156301,-0.256454657
-0.688051145,0.687935027,-0.236208507
-0.477979119,0.714299162,-0.125979469
-0.27223345,0.948794499,-0.008251858
-0.054430965,0.976722036,-0.01612536
0.022356258,0.267083645,0.003370932
-0.004370434,0.097625091,0.204332715
0.004102328,0.15597711,0.152592555
0.001358053,0.050955472,0.127472332
0.001114367,0.089650615,0.320560612
0.002688951,0.042692311,0.178837564
0.000582008,0.050925479,0.143969195
0.003112589,0.032472084,0.279693384
0.000855685,0.026447174,0.143219337
0.002658959,0.032959476,0.149218196
0.001950396,0.013201371,0.214830719
0.00246776,0.02588105,0.114349827
0.002876402,0.013632525,0.055111093
0.00258023,0.014078676,-0.006377214
0.003303789,0.012320317,-0.020249576
0.003022613,0.010250777,-0.099359532
0.00360371,0.011817928,-0.188217634
0.003626204,0.007483893,-0.12860397
0.003989858,0.009197261,-0.214837571
0.00511831,0.009545934,-0.293947527
0.005841869,0.006602839,-0.220836431
0.006677898,0.006857782,-0.245956653
0.007772609,0.006929016,-0.236958365
0.007622649,0.001507722,-0.145850691
0.008170004,0.004199623,-0.180344131
0.008466176,0.001747669,-0.216712215
0.008548654,0.008814847,-0.16909627
0.009410926,0.000892859,-0.200215352
0.008649877,0.002688709,-0.215962357
0.01056937,0.00987961,-0.148475191
0.009129751,-0.005499469,-0.106858106
0.01087304,0.017171738,-0.12298004
0.010715582,-0.014478722,-0.116981181
0.010018266,0.021130857,-0.083612526
0.012890008,-0.009008689,-0.195341279
0.008274976,0.000139276,-0.249331012
0.015356856,0.01999486,-0.248581154
0.006587922,-0.038859548,-0.335939541
0.017358827,0.083595712,-0.332190254
0.005335752,-0.158484188,-0.253830156
0.033359602,0.603147638,-0.199465495
0.330622354,1.895331442,-0.183718489
0.695850908,1.770532953,0.073857528
0.998197318,1.687556411,0.085855246
1.315835939,1.758655595,0.007870077
1.604059828,1.711877251,0.393671709
1.882986172,1.748941506,0.238076298
2.149821959,1.617113331,0.095228464
2.41175404,1.63047161,0.370426129
2.667638969,1.613787821,0.186711066
2.904025296,1.619486553,0.147343553
3.132516209,1.664146619,0.372300773
3.348215499,1.678520921,0.290191388
3.555715705,1.703314156,0.241825585
3.747646272,1.697619173,0.319810755
3.923864738,1.709530273,0.202083143
4.08714537,1.710107645,0.06748374
4.237458177,1.722937291,0.092978891
4.377120047,1.72973078,0.124847831
4.502247004,1.713924296,0.051736734
4.613465135,1.70612978,0.01836808
4.710973136,1.694282415,0.097852965
4.794328624,1.685130701,0.095228464
4.866778243,1.680215544,0.088479747
4.92825076,1.661882123,0.301814177
4.975750716,1.637163871,0.293565746
5.010005421,1.613731584,0.149218196
5.032353269,1.583427075,0.266945808
5.042404365,1.554569744,0.045362947
5.041508352,1.524636403,-0.191966921
5.03011511,1.490511494,-0.136852402
5.007752266,1.456217872,-0.29019824
4.975593258,1.423228961,-0.41130021
4.934436626,1.392654512,-0.374557198
4.884844722,1.354203066,-0.332940112
4.827218689,1.310922693,-0.384680272
4.76105991,1.266352608,-0.335564613
4.685922251,1.218745698,-0.136852402
4.602105635,1.16236574,-0.195341279
4.50972253,1.103848757,-0.208088855
4.409241564,1.054704689,-0.077988596
4.301240084,0.998339727,-0.198715637
4.18560562,0.938248095,-0.32769111
4.063500364,0.877957756,-0.229084862
3.934834341,0.812999706,-0.162722482
3.798891489,0.75022742,-0.259079158
3.65620042,0.68544933,-0.189717348
3.508639386,0.624967784,-0.154848979
3.358060399,0.561948052,-0.388054631
3.201520487,0.488123225,-0.451417581
3.03693145,0.405487857,-0.459291084
2.864904377,0.322665031,-0.591265986
2.688629676,0.255393745,-0.587891628
2.508189824,0.177669785,-0.498283669
2.323738532,0.103766225,-0.507656886
2.135290796,0.013984946,-0.45179251
1.939821163,-0.067413197,-0.304820459
1.743582984,-0.145410846,-0.333689969
1.541451361,-0.240373472,-0.352436404
1.340301978,-0.3025084,-0.283824452
1.135800981,-0.421191999,-0.356935549
0.92975914,-0.48416674,-0.43154636
0.726622782,-0.632858664,-0.398552634
0.513903955,-0.715703985,-0.368558338
0.315720039,-0.826135669,-0.31906775
0.094614677,-1.085855395,-0.169471199
-0.048736219,-0.551839186,-0.08248774
-0.037290491,-0.09302375,0.030365798
-0.031775698,-0.19281905,0.161965772
-0.037238005,-0.092161441,0.124472902
-0.031490773,-0.097297799,0.152967483
-0.036038322,-0.084456905,0.132721334
-0.032491758,-0.057515398,0.140219908
-0.034666184,-0.066745845,0.205082573
-0.033556477,-0.040512931,0.133471191
-0.033743928,-0.055970742,0.255323019
-0.03426504,-0.036351356,0.277818741
-0.033488995,-0.040910342,0.184836423
-0.034504977,-0.038799562,0.259072306
-0.033740179,-0.031589915,0.19420964
-0.034276287,-0.032943364,0.178087706
-0.034085088,-0.032051063,0.173213633
-0.034385009,-0.033741937,0.023992011
-0.034617447,-0.025396293,-0.087736742
-0.034651188,-0.025145099,-0.204339568
-0.03532601,-0.029302924,-0.271451805
-0.036177035,-0.028931757,-0.29019824
-0.037061802,-0.027218388,-0.299571458
-0.037837847,-0.02950163,-0.259454087
-0.038306473,-0.023682924,-0.237708222
-0.038265234,-0.024335279,-0.295822171
-0.03926622,-0.025336307,-0.325066609
-0.038966299,-0.01844159,-0.287573739
-0.03983232,-0.0287368,-0.30182103
-0.040068508,-0.016896934,-0.265078017
-0.039697356,-0.026869715,-0.227210218
-0.041245697,-0.018569062,-0.27295152
-0.03971985,-0.018853999,-0.207713926
-0.042415388,-0.031338721,-0.144350976
-0.039877308,-0.004438455,-0.09973446
-0.042366651,-0.040456693,-0.020999433
-0.041571861,0.008424933,-0.012001145
-0.040372177,-0.045349355,-0.061116804
-0.044878488,0.003502278,-0.230209648
-0.036555685,-0.024597721,-0.351686547
-0.051056856,-0.04878734,-0.432296217
-0.025541094,0.086295111,-0.448418151
-0.129703588,-1.067593207,-0.410550353
-0.488420112,-1.927674382,-0.317942964
-0.828534048,-1.644091215,-0.058867232
-1.133744701,-1.732102887,-0.104233605
-1.445924764,-1.738750159,0.12522276
-1.726095779,-1.743481606,0.485154312
-2.003008905,-1.709982808,0.201708214
-2.26485101,-1.614056647,0.340806762
-2.526201995,-1.655252483,0.528646041
-2.772800626,-1.628565919,0.17696292
-3.004320738,-1.66829958,0.340056905
-3.227904197,-1.692245503,0.494902458
-3.439273381,-1.717154962,0.269570309
-3.640790166,-1.733205142,0.44803637
-3.825170227,-1.732380326,0.470532092
-3.996192565,-1.749266569,0.272569739
-4.153617244,-1.748569224,0.277818741
-4.29935251,-1.76094897,0.197583999
-4.43336837,-1.760765261,0.128972047
-4.553302949,-1.754211719,0.011619364
-4.658680122,-1.741168371,-0.016500289
-4.748948785,-1.728552427,0.133096262
-4.828109131,-1.724870746,0.068608526
-4.895730025,-1.709577898,0.181087136
-4.950458073,-1.693756417,0.397046067
-4.992724411,-1.670961488,0.198708785
-5.021535553,-1.643251402,0.260197092
-5.038008703,-1.618229468,0.326184543
-5.043557238,-1.588791017,-0.066365806
-5.038083683,-1.558763946,-0.103483747
-5.021670517,-1.5270535,-0.107233034
-4.995412451,-1.491331447,-0.412050068
-4.959815601,-1.455118252,-0.500533241
-4.915446068,-1.421105818,-0.487410736
-4.863169873,-1.382110743,-0.529402751
-4.802889541,-1.339250277,-0.558272261
-4.733761546,-1.291924555,-0.381305914
-4.655347252,-1.240572228,-0.185218204
-4.568239005,-1.186498007,-0.262078588
-4.472568019,-1.130320503,-0.171345842
-4.369129084,-1.073753087,-0.0479943
-4.258012177,-1.010572141,-0.233209078
-4.139247289,-0.951144111,-0.254954942
-4.014315279,-0.890655067,-0.104608533
-3.882683789,-0.825344595,-0.217087144
-3.743722985,-0.757390961,-0.313068891
-3.59889123,-0.69145063,-0.229084862
-3.450497917,-0.632206309,-0.31906775
-3.297605791,-0.559982375,-0.408300781
-3.137331864,-0.480132637,-0.343438115
-2.968600171,-0.396335028,-0.36818341
-2.794083756,-0.324009867,-0.470538945
-2.616515646,-0.246559596,-0.429671716
-2.433983847,-0.171913701,-0.380556057
-2.249052682,-0.098317572,-0.436420433
-2.057650725,0.003262332,-0.2988216
-1.862705954,0.072040782,-0.18634299
-1.664514541,0.174254295,-0.231709363
-1.462191718,0.242354146,-0.161222767
-1.261312264,0.335078519,-0.182218774
-1.053069755,0.436680918,-0.318692821
-0.851695432,0.522371856,-0.366308766
-0.640596177,0.687421391,-0.37680677
-0.437193639,0.708547941,-0.397802777
-0.22944225,0.99405818,-0.350561761
-0.026797012,0.870545655,-0.28719881
0.019117113,0.172709638,-0.251205655
-0.005015264,0.123858005,-0.110232464
0.005466968,0.133530854,0.040488873
-2.16e-05,0.050250629,0.149218196
0.002220325,0.084821689,0.215205648
0.001867918,0.033956754,0.262821593
0.001054383,0.051401623,0.356553768
0.002932637,0.024298902,0.274069454
0.001196845,0.028422985,0.194959498
0.002973876,0.026829589,0.268445523
0.001751699,0.013512552,0.183336708
0.002748936,0.021202091,0.139844979
0.002688951,0.007600117,0.150717911
0.002741438,0.013415073,0.03861423
0.003292542,0.008132498,0.038239301
0.002943884,0.006902772,0.049862091
0.003577467,0.006947762,0.04161366
0.003858642,0.00610045,0.089229604
0.004331018,0.008398689,0.042738446
0.005099565,0.007390163,-0.032997152
0.006096801,0.008826094,-0.08248774
0.00689909,0.007776328,-0.152224478
0.007723872,0.005350617,-0.125604541
0.007825095,0.00335981,-0.07386438
0.008342458,0.00637039,-0.136477473
0.008492419,-0.001866527,-0.150349835
0.008691116,0.001350257,-0.219711644
0.00973709,6.43e-05,-0.367058624
0.008976041,0.002872418,-0.391803918
0.010839299,0.006846534,-0.408675709
0.009425922,-0.005818148,-0.374557198
0.010974263,0.015297155,-0.300321315
0.010738076,-0.016102111,-0.254954942
0.009958282,0.017006774,-0.163097411
0.012901255,-0.010879522,-0.109107678
0.008342458,0.002894913,-0.021749291
0.015630534,0.017437928,0.037864373
0.00678287,-0.041738908,0.032615371
0.017002672,0.086610041,0.02699144
0.005706904,-0.162604521,-0.066365806
0.031785018,0.589530667,-0.150349835
0.326847101,1.900700248,-0.257954372
0.693830192,1.785765815,-0.197215922
0.996349056,1.695463402,-0.231709363
1.313601529,1.778976075,-0.265452946
1.601641716,1.740288431,0.111350398
1.879537083,1.7741434,-0.008626786
2.146072949,1.648302643,-0.064866091
2.40743893,1.666216158,0.280443241
2.663323858,1.654068861,0.13384612
2.899309042,1.665346352,0.195709355
3.126570279,1.704682602,0.534269971
3.341767202,1.724635663,0.482904739
3.548543848,1.759761599,0.467157734
3.740436925,1.752225776,0.577386772
3.916805352,1.766041452,0.426290506
4.079516135,1.772692473,0.287191958
4.229435296,1.782785228,0.308187965
4.368613543,1.784067443,0.274069454
4.494471558,1.78061821,0.162340701
4.606345765,1.774514568,0.090354391
4.703058976,1.753238051,0.088104818
4.786598166,1.750463668,0.001871217
4.859002796,1.745421039,-0.034496867
4.919624288,1.729700786,0.198708785
4.967712839,1.709211594,0.244450086
5.002421173,1.679701909,0.178087706
5.024457854,1.650180975,0.379799347
5.034868855,1.622958281,0.207707074
5.034021579,1.591030384,-0.01912479
5.022170958,1.556605541,0.086980032
4.999433213,1.513418898,-0.099359532
4.966801829,1.471004583,-0.319442679
4.925319034,1.445776445,-0.328815896
4.875944572,1.411801503,-0.434920718
4.8190346,1.369585894,-0.654254008
4.753693105,1.325529444,-0.686872805
4.679530189,1.272325029,-0.548899043
4.596605837,1.21662367,-0.566520692
4.504848817,1.158024206,-0.508781672
4.40490396,1.101558016,-0.280825023
4.29705244,1.045451747,-0.253830156
4.181425474,0.983571762,-0.349062046
4.059241489,0.920222104,-0.207713926
3.931036594,0.85874703,-0.127104255
3.79650337,0.794092662,-0.24108258
3.655375637,0.728111089,-0.120355539
3.509276718,0.668424367,-0.138727045
3.35934631,0.602060379,-0.360684836
3.203582442,0.528291789,-0.391803918
3.040523001,0.446102572,-0.425547501
2.869047033,0.358612034,-0.514780531
2.693278448,0.291299508,-0.500533241
2.513937057,0.213320604,-0.381680843
2.330396774,0.140174376,-0.406426137
2.144100969,0.054423451,-0.414674568
1.950310893,-0.035365326,-0.295822171
1.755538577,-0.110884776,-0.315693392
1.555187733,-0.211152472,-0.262828445
1.354379511,-0.277778901,-0.164597126
1.151299388,-0.395963861,-0.23545865
0.944533989,-0.464944766,-0.2988216
0.742552326,-0.60293657,-0.303695673
0.530077184,-0.708434352,-0.346812474
0.332080719,-0.794627678,-0.374182269
0.113674643,-1.082807323,-0.283449523
-0.043502601,-0.626361359,-0.236208507
-0.040353432,-0.103596398,-0.236583436
-0.03040356,-0.188867429,-0.169471199
-0.037822851,-0.105549713,-0.164972054
-0.031487024,-0.094152248,-0.116231323
-0.036072063,-0.086376478,-0.037121367
-0.032844165,-0.055370875,0.095228464
-0.034489981,-0.073663056,0.279318455
-0.03381141,-0.040685392,0.26919538
-0.03373643,-0.05777784,0.354304195
-0.034609949,-0.044547033,0.360677983
-0.03339527,-0.041420229,0.220079721
-0.03456871,-0.036887487,0.294690532
-0.033893888,-0.031428701,0.238826156
-0.034546216,-0.034405539,0.151842697
-0.034471236,-0.027289622,0.137970335
-0.034534969,-0.032133545,0.031115656
-0.035041085,-0.027282124,-0.014250717
-0.034928615,-0.028823031,-0.032997152
-0.03547597,-0.03062638,-0.041245583
-0.03627451,-0.026179869,-0.037496296
-0.037046806,-0.029752824,-0.109107678
-0.037987807,-0.026877214,-0.197215922
-0.038478927,-0.021834586,-0.212962928
-0.038328967,-0.025531263,-0.258704229
-0.03937869,-0.023326754,-0.282699666
-0.039183741,-0.021200976,-0.219711644
-0.039941041,-0.027818254,-0.220086573
-0.0400985,-0.015153572,-0.224960646
-0.039847316,-0.031170009,-0.243332153
-0.041474386,-0.022449449,-0.286823882
-0.039839818,-0.020889796,-0.235833578
-0.042591591,-0.030360189,-0.233209078
-0.040143488,-0.003111251,-0.20358971
-0.042362902,-0.040884098,-0.141726475
-0.041785554,0.007416408,-0.170970913
-0.040720835,-0.046961496,-0.165721912
-0.04524964,7.18e-05,-0.166846698
-0.036769379,-0.026727247,-0.12860397
-0.051480494,-0.049593411,-0.109107678
-0.026155932,0.086220128,-0.057742446
-0.127529162,-1.063607844,-0.07386438
-0.485634597,-1.931659746,-0.120730468
-0.828035429,-1.657569467,-0.028872936
-1.133902159,-1.749105355,-0.223086003
-1.446768291,-1.7610427,-0.056242731
-1.727104263,-1.769414587,0.241825585
-2.003867428,-1.741029651,-0.039745868
-2.265499589,-1.648548974,0.137970335
-2.527098009,-1.697816764,0.343431263
-2.774757609,-1.672851068,0.076856957
-3.005674131,-1.707613335,0.326184543
-3.228054157,-1.735072227,0.548142333
-3.438812252,-1.765684167,0.334807903
-3.64043401,-1.787155641,0.512524107
-3.824720346,-1.784636201,0.559015266
-3.995236568,-1.803445767,0.316061468
-4.152526282,-1.806021444,0.297315033
-4.297582977,-1.820541964,0.242950371
-4.431771292,-1.824433598,0.245199944
-4.551664632,-1.814682018,0.181087136
-4.656989319,-1.805181631,0.12222333
-4.74779409,-1.791002285,0.272944667
-4.825844729,-1.78401384,0.176587992
-4.893615583,-1.775207049,0.197583999
-4.949123425,-1.756356242,0.377549775
-4.99136727,-1.733100165,0.160091129
-5.021164401,-1.708325676,0.180712207
-5.038387353,-1.678827238,0.267320737
-5.043932139,-1.649924918,-0.07686381
-5.038578553,-1.619148014,-0.11435668
-5.02245781,-1.579395607,-0.061491733
-4.995659886,-1.546211739,-0.285324167
-4.959684386,-1.510725882,-0.332940112
-4.915457315,-1.468817705,-0.326941253
-4.862997418,-1.431176078,-0.42854693
-4.802964521,-1.387682003,-0.522279105
-4.734473857,-1.341241084,-0.513280817
-4.657319232,-1.291455909,-0.463415299
-4.571545632,-1.233718753,-0.568395335
-4.476740667,-1.175959101,-0.493409595
-4.374089024,-1.119132992,-0.320192536
-4.263362014,-1.058703934,-0.444668864
-4.145054505,-0.994608193,-0.40267685
-4.020602369,-0.929923832,-0.192716778
-3.889600713,-0.864017242,-0.266952661
-3.751584659,-0.795310026,-0.270701948
-3.607319005,-0.732129081,-0.148100263
-3.459712983,-0.671250123,-0.25270537
-3.307953058,-0.598257611,-0.410550353
-3.14886007,-0.519705084,-0.443919007
-2.981376797,-0.431408476,-0.478412447
-2.807231534,-0.353703262,-0.588641485
-2.630015831,-0.279091109,-0.504657456
-2.448053882,-0.199308856,-0.378306485
-2.264026228,-0.127984722,-0.39705292
-2.074183859,-0.028616827,-0.245581725
-1.879812687,0.03954676,-0.176594844
-1.683540766,0.13597531,-0.208463783
-1.482031479,0.219671692,-0.125604541
-1.28253541,0.307458413,-0.133478043
-1.075331376,0.41779262,-0.231334434
-0.873540913,0.491774912,-0.286074024
-0.664372398,0.662365714,-0.281199951
-0.458390542,0.693333826,-0.339688828
-0.254519378,0.953968348,-0.2988216
-0.043866255,0.934112764,-0.193841564
0.022037592,0.231035414,-0.201715067
-0.004137996,0.105123423,-0.135352687
0.005103314,0.14438094,-0.10273389
0.001260579,0.047674952,-0.116981181
0.00171046,0.088837046,-0.115481466
0.002887649,0.038249549,-0.055867803
0.001013144,0.050040676,0.107976039
0.003431255,0.031913458,0.164590273
0.001466774,0.026717114,0.239950942
0.003183821,0.030237581,0.358053482
0.002280309,0.012638996,0.312312181
0.002812669,0.022668015,0.292066031
0.003105091,0.011877915,0.295440389
0.002820167,0.007690097,0.203582858
0.00341251,0.00866488,0.163840416
0.003255052,0.008784853,0.110225612
0.003809905,0.005215647,-0.023249006
0.003933623,0.00785506,-0.116981181
0.00424854,0.007168963,-0.163097411
0.005073322,0.008998556,-0.172095699
0.006074307,0.011574233,-0.127854113
0.006797866,0.007416408,-0.106108248
0.007648892,0.007285187,-0.079113382
0.008091275,0.002317542,-0.043120227
0.008477423,0.007903799,-0.058492303
0.009006033,0.003678489,-0.011251287
0.008694865,0.001230284,0.035239872
0.00992829,0.005868002,0.013119078
0.009298456,-0.001952758,-0.03337208
0.010299442,0.00920476,-0.149599977
0.010295693,-0.006118082,-0.229834719
0.01019072,0.01473478,-0.263203374
0.011922763,-0.008525046,-0.314193677
0.009347193,-0.000486834,-0.298446671
0.013722288,0.013988696,-0.300696244
0.009114754,-0.022674399,-0.34493783
0.013965973,0.041725026,-0.367808481
0.010614358,-0.051689194,-0.360684836
0.011071738,0.070241182,-0.284949238
0.016354093,-0.092180187,-0.221586288
0.000810697,0.178449611,-0.130103685
0.211392589,1.623809342,-0.088486599
0.590788652,1.916368012,0.059235308
0.902968715,1.663558,0.184086566
1.216674625,1.801977209,0.085855246
1.515163303,1.750141239,0.379799347
1.792158907,1.79590356,0.396671138
2.062586245,1.699951154,0.105726467
2.321267935,1.673182109,0.30106432
2.580328275,1.695152222,0.158591414
2.819271427,1.680972876,-0.069740164
3.048006025,1.726056597,0.193084854
3.265722283,1.744929899,0.227578295
3.473661123,1.785308416,0.155966913
3.668864575,1.788352739,0.339681976
3.846777594,1.797995594,0.331058616
4.011883994,1.808830684,0.237326441
4.163610178,1.819834486,0.282692814
4.304569205,1.825810657,0.318685969
4.432912813,1.81532049,0.329558901
4.547156395,1.816167802,0.269945238
4.646692611,1.797197022,0.280068313
4.732439967,1.787257983,0.29244096
4.806332954,1.78421366,0.170214204
4.869042645,1.766660065,0.266945808
4.919748005,1.741034515,0.308187965
4.956919439,1.711637305,0.102352109
4.981775375,1.694368646,0.191960068
4.994911906,1.664304084,0.080231316
4.996467746,1.624596667,-0.2557048
4.987091472,1.592473812,-0.18634299
4.966509407,1.555465795,-0.206964069
4.935358883,1.51111691,-0.354685976
4.895356946,1.473010387,-0.301446101
4.847332128,1.436351042,-0.277450664
4.791441887,1.3906862,-0.384305344
4.727948653,1.350015247,-0.449168009
4.656068885,1.298749151,-0.346812474
4.575450174,1.247006911,-0.386554916
4.486478668,1.196355679,-0.506907029
4.388929428,1.135427982,-0.382805629
4.28311737,1.076674802,-0.409050638
4.169402399,1.004540848,-0.594265416
4.048766755,0.946241317,-0.530152608
3.922361385,0.893929203,-0.436795362
3.789267781,0.82121038,-0.535026681
3.649658397,0.755228807,-0.46041587
3.505512712,0.694061164,-0.320567465
3.357516793,0.628949398,-0.448418151
3.204422221,0.55530453,-0.46041587
3.043867118,0.47128572,-0.370432982
2.874126942,0.384222587,-0.401552064
2.69932935,0.312785978,-0.395553205
2.520790247,0.234184713,-0.284199381
2.338033508,0.159358858,-0.237708222
2.153282295,0.076191109,-0.269577162
1.961422959,-0.016203338,-0.171345842
1.768109007,-0.088281055,-0.183718489
1.569947586,-0.186917863,-0.272576591
1.370147847,-0.256131216,-0.228709933
1.168829759,-0.373795042,-0.289448383
0.96255548,-0.447649863,-0.393303633
0.762572039,-0.573404389,-0.39105406
0.550917931,-0.700032471,-0.397802777
0.352816493,-0.760019127,-0.406426137
0.138009467,-1.067072073,-0.304445531
-0.034175064,-0.702446934,-0.213337856
-0.04309021,-0.117801988,-0.11998061
-0.028532804,-0.177499958,-0.006752143
-0.037530428,-0.118315623,0.010119649
-0.03066974,-0.087122562,0.050986877
-0.035048583,-0.091512836,0.001496289
-0.032274316,-0.05481225,0.032990299
-0.033376525,-0.071447299,0.160840986
-0.033466501,-0.040216746,0.062234738
-0.032401782,-0.053575025,0.127472332
-0.033875143,-0.040700389,0.166089988
-0.032742942,-0.037776039,0.021742438
-0.033702689,-0.038990769,0.070858098
-0.033237811,-0.03453676,0.070108241
-0.033586469,-0.034011877,0.071233027
-0.033541481,-0.025594999,0.138720193
-0.033548979,-0.029295426,0.125972617
-0.033980115,-0.024901403,0.117724186
-0.034021355,-0.0262661,0.0761071
-0.034557463,-0.027720776,0.039739016
-0.03517605,-0.028129435,0.041988588
-0.036207027,-0.027604552,-0.010126501
-0.036930586,-0.024867661,-0.076488881
-0.03748544,-0.026783485,-0.115481466
-0.037470444,-0.022160763,-0.207338997
-0.038164011,-0.024507741,-0.278200522
-0.038482676,-0.020942284,-0.271076876
-0.038538912,-0.024822671,-0.29019824
-0.039438674,-0.020136213,-0.265078017
-0.038703868,-0.018017935,-0.18634299
-0.040548381,-0.026393571,-0.179969202
-0.039052526,-0.014328755,-0.144350976
-0.040435911,-0.032928368,-0.092610815
-0.040349683,-0.005525713,-0.02774815
-0.039614877,-0.037224912,0.02999087
-0.042565348,-0.010084699,0.008245005
-0.037886584,-0.019536347,0.02999087
-0.045028448,-0.035699001,-0.08548717
-0.036244517,0.025082478,-0.194216493
-0.046516805,-0.101721815,-0.261703659
-0.035532206,0.133830787,-0.379056342
-0.059807045,-0.573239426,-0.383555486
-0.355251527,-1.838627941,-0.400427278
-0.725526249,-1.749727717,-0.202839853
-1.028423763,-1.692954096,-0.224210789
-1.345612503,-1.795696241,-0.194216493
-1.63339026,-1.75919811,0.310812466
-1.910565816,-1.793607955,0.211456361
-2.175939489,-1.673780861,0.199083714
-2.4349211,-1.700013775,0.601382209
-2.688076749,-1.699743835,0.405294499
-2.921032732,-1.710578925,0.380924133
-3.146089552,-1.753885542,0.67599302
-3.35899208,-1.77582941,0.482904739
-3.562758272,-1.807967261,0.460409017
-3.751599655,-1.807457375,0.561264838
-3.924597721,-1.824373612,0.282317885
-4.084043116,-1.830357281,0.13947005
-4.231472935,-1.84016135,0.039739016
-4.367944397,-1.847888381,-0.049119086
-4.490941917,-1.843816787,-0.0911111
-4.599921889,-1.831245833,-0.112107107
-4.693126026,-1.816642831,0.114349827
-4.77414963,-1.811457735,0.175463205
-4.844409827,-1.798380644,0.209956646
-4.901987122,-1.782236735,0.519647752
-4.947245171,-1.759494294,0.446911584
-4.979767833,-1.730899405,0.332933259
-4.999487625,-1.703155577,0.494902458
-5.007562993,-1.672899807,0.196084284
-5.005219862,-1.640814444,-0.067865521
-4.992072084,-1.605246106,-0.037121367
-4.968018435,-1.566873392,-0.301071172
-4.93429609,-1.529059304,-0.519279676
-4.891831054,-1.490067978,-0.519279676
-4.840979483,-1.448422242,-0.539900754
-4.782408699,-1.407158921,-0.622759997
-4.716328649,-1.359956921,-0.628383927
-4.641580888,-1.308634588,-0.487410736
-4.558217901,-1.254530373,-0.547399328
-4.466382152,-1.196632002,-0.536151467
-4.366433546,-1.138504933,-0.257954372
-4.258184631,-1.075957596,-0.267327589
-4.141800365,-1.010560894,-0.34493783
-4.019065275,-0.945955265,-0.173595414
-3.889608211,-0.887284567,-0.222711074
-3.753339195,-0.819016003,-0.41992357
-3.610779341,-0.744193897,-0.356935549
-3.464106823,-0.683719849,-0.39405349
-3.313906486,-0.618694314,-0.584142341
-3.157621506,-0.541206552,-0.58451727
-2.993141191,-0.451567742,-0.586766842
-2.820480535,-0.373442621,-0.712742885
-2.644352045,-0.29760824,-0.672625514
-2.46331985,-0.213503199,-0.508781672
-2.2796596,-0.146198171,-0.465664872
-2.091421807,-0.046732797,-0.305195388
-1.897759198,0.028348001,-0.087361813
-1.703151838,0.118905357,-0.056242731
-1.502800994,0.203246595,0.006370362
-1.305036968,0.283767433,0.083605674
-1.099988615,0.403800732,0.011994292
-0.898044442,0.468102678,-0.076113952
-0.692025096,0.646862913,-0.11135725
-0.484307448,0.683038616,-0.230209648
-0.283889122,0.897464667,-0.33631447
-0.06664524,0.996836312,-0.3393139
0.02325602,0.314049447,-0.350561761
-0.00226724,0.08764856,-0.251580584
0.003903631,0.159358858,-0.122230182
0.002628967,0.046077807,-0.037496296
0.001155606,0.082800888,0.020242724
0.003922376,0.043374659,0.005245576
0.001275575,0.049328334,0.146218767
0.003918627,0.039835446,0.182961779
0.001942898,0.025843558,0.146218767
0.003371271,0.029214059,0.317186254
0.002767681,0.010565707,0.257572591
0.002988872,0.024913765,0.144344123
0.003581216,0.014738529,0.146218767
0.003217562,0.016283185,0.022867225
0.004012352,0.011532992,-0.022874077
0.003757419,0.007131471,-0.027373221
0.004136069,0.011394273,-0.087736742
0.004173559,0.004117142,-0.128978899
0.004552209,0.008005027,-0.164597126
0.005466968,0.012447788,-0.142101404
0.006347985,0.007097728,-0.088486599
0.007169018,0.007738836,-0.047619371
0.007971306,0.009482198,0.04423816
0.00814751,0.005526828,0.053236449
0.008807336,0.00592424,-0.034121938
0.009185986,0.000724146,-0.028872936
0.009287209,0.008481171,-0.041245583
0.010310689,0.002636221,-0.092610815
0.00954964,0.003176101,-0.080988025
0.011225447,0.01028452,-0.113981751
0.010007019,-0.004790877,-0.175844986
0.011356662,0.017130497,-0.190842134
0.01155536,-0.017526794,-0.217837001
0.010610609,0.018094032,-0.195341279
0.013823511,-0.006294292,-0.118855824
0.008916057,-0.003898575,-0.079488311
0.016132901,0.027991831,-0.109482607
0.007892577,-0.044618267,-0.155223908
0.017002672,0.089125731,-0.182218774
0.008188749,-0.151679452,-0.2152125
0.025486681,0.520748467,-0.229834719
0.309444197,1.862953644,-0.24408201
0.680423732,1.805062772,-0.059242161
0.984772113,1.710107645,-0.068990307
1.303625413,1.814686881,-0.143601118
1.594147445,1.772381292,0.214080862
1.872683892,1.822087735,0.103476895
2.139920823,1.695984537,0.018743009
2.400237082,1.709526524,0.363302484
2.657048016,1.72253613,0.20883186
2.894682763,1.72680643,0.164965202
3.122037726,1.762224801,0.484779383
3.33620742,1.781795448,0.441287654
3.543696379,1.8199957,0.395171424
3.737497701,1.827497781,0.599507565
3.914968337,1.842614419,0.541768545
4.078237722,1.84791574,0.370426129
4.228164381,1.856655045,0.314936682
4.367713781,1.866125439,0.211831289
4.494820216,1.867632603,0.070483169
4.609063797,1.861648935,0.023617082
4.708037661,1.843967868,0.117724186
4.792784032,1.832083011,0.120348687
4.866493318,1.822511391,0.12222333
4.928745629,1.807630951,0.370426129
4.978453753,1.787149257,0.336682546
5.015276529,1.759525402,0.216705362
5.03954762,1.731290433,0.427415292
5.052245516,1.703347899,0.245199944
5.054000053,1.668581882,-0.020624505
5.044871214,1.632364939,0.028491155
5.024903986,1.596095507,-0.138352117
4.994360802,1.556129397,-0.36218455
4.954287634,1.513831306,-0.358435263
4.905666723,1.468305184,-0.370432982
4.849030429,1.428282837,-0.562021548
4.784532461,1.386828308,-0.606638063
4.711917887,1.332859064,-0.501658027
4.631272933,1.279298478,-0.614136637
4.542293929,1.224748113,-0.671125799
4.444954634,1.167505846,-0.493784524
4.340068581,1.106060765,-0.493409595
4.226953451,1.043142261,-0.607012992
4.106224082,0.982300795,-0.480287091
3.979586273,0.91884991,-0.431921289
3.846417689,0.853648164,-0.558272261
3.706579616,0.782496491,-0.449168009
3.561567909,0.719574238,-0.393303633
3.413287066,0.656202086,-0.518904747
3.260668618,0.582208545,-0.499783383
3.101305701,0.505005719,-0.479537234
2.933080124,0.414579584,-0.589391343
2.758020102,0.341365871,-0.619385639
2.579705939,0.263968088,-0.490785095
2.396199398,0.182344995,-0.50353267
2.210698383,0.106971762,-0.452542367
2.019011502,0.00821498,-0.230209648
1.824152958,-0.060975879,-0.229834719
1.626865056,-0.159575195,-0.188217634
1.425213306,-0.233306294,-0.044245013
1.225631009,-0.33334529,-0.053993159
1.01848696,-0.432555721,-0.116231323
0.8178212,-0.520229968,-0.107982892
0.608075337,-0.687813939,-0.146225619
0.405036454,-0.714732951,-0.265827875
0.198207321,-1.003212529,-0.219711644
-0.004775328,-0.893140764,-0.227960076
-0.052702671,-0.205240037,-0.261703659
-0.028457824,-0.142486497,-0.0911111
-0.038568904,-0.154600052,-0.046869514
-0.032885405,-0.074757813,-0.012376073
-0.034906121,-0.103322709,0.077231886
-0.034444993,-0.053053891,0.068233597
-0.033477748,-0.0712186,0.121848401
-0.035228536,-0.046301643,0.129346975
-0.033001624,-0.04878734,0.137220478
-0.035033587,-0.047051476,0.17996235
-0.033743928,-0.032965859,0.105726467
-0.034415001,-0.041217774,0.101602252
-0.034426248,-0.031646153,0.069733312
-0.034351267,-0.034660482,-0.021749291
-0.034816145,-0.027998214,-0.010126501
-0.034347518,-0.030052757,-0.073114523
-0.035146058,-0.028804285,-0.141726475
-0.035206042,-0.025894932,-0.137977188
-0.035573445,-0.030079002,-0.172845557
-0.036473207,-0.026790983,-0.152974336
-0.037148029,-0.025699976,-0.082112811
-0.03816776,-0.028219415,-0.038621082
-0.038857577,-0.024057841,0.029241012
-0.038996291,-0.022584419,0.055111093
-0.039791081,-0.025238828,-0.016500289
-0.039532399,-0.018490329,-0.064116234
-0.040169731,-0.02761205,-0.092985744
-0.040450907,-0.016859442,-0.120730468
-0.040267205,-0.023319255,-0.121105396
-0.041796801,-0.021620883,-0.160097981
-0.039974782,-0.017271851,-0.145850691
-0.042644078,-0.030870076,-0.135727616
-0.040582122,-0.003388689,-0.172095699
-0.042325412,-0.041813891,-0.109857535
-0.042280424,0.004986948,-0.055492874
-0.040192225,-0.041843884,-0.041245583
-0.045856979,-0.005409489,-0.058867232
-0.036488203,-0.010549596,-0.106483177
-0.051206816,-0.063229127,-0.181843846
-0.027550563,0.112093122,-0.200215352
-0.11098853,-0.965747113,-0.253830156
-0.459590225,-1.925271167,-0.261703659
-0.807618321,-1.67113395,-0.032997152
-1.112963939,-1.756116295,-0.121105396
-1.428623082,-1.789311411,-0.000753284
-1.71067985,-1.791452185,0.353929267
-1.988987607,-1.782457936,0.079856387
-2.251587013,-1.680056965,0.207707074
-2.51266432,-1.732305342,0.49715203
-2.762884494,-1.722624996,0.149968054
-2.995465577,-1.75173727,0.291316174
-3.217815611,-1.775956882,0.50877482
-3.428641188,-1.811109062,0.258697377
-3.631983742,-1.84069748,0.389922422
-3.818894384,-1.841499802,0.465658019
-3.990996437,-1.856653931,0.363677413
-4.148754778,-1.860725525,0.385423277
-4.294861196,-1.875962136,0.274819311
-4.429806811,-1.880352409,0.202083143
-4.552152003,-1.879913757,0.06448431
-4.660895787,-1.866026846,0.013119078
-4.753402609,-1.849999161,0.182586851
-4.834070057,-1.84703732,0.150342983
-4.903295527,-1.833289128,0.236576584
-4.960512917,-1.815450597,0.50015146
-5.005778464,-1.790841071,0.357678554
-5.037502587,-1.762321165,0.356928696
-5.057556041,-1.736283207,0.496402173
-5.065942577,-1.704422795,0.146218767
-5.063070835,-1.671696325,0.030365798
-5.050346695,-1.635779314,0.025116797
-5.026930379,-1.598182678,-0.328815896
-4.993290512,-1.559776221,-0.451417581
-4.951136643,-1.518441666,-0.45179251
-4.900712459,-1.478123135,-0.535026681
-4.841954225,-1.433931715,-0.600264275
-4.775548011,-1.384791396,-0.557147474
-4.700766509,-1.331804433,-0.476537804
-4.617253562,-1.279960966,-0.607762849
-4.525721483,-1.224938206,-0.571394765
-4.426455196,-1.163530616,-0.419548642
-4.31961216,-1.102130524,-0.554148045
-4.204412581,-1.037449912,-0.592390772
-4.081936173,-0.97259309,-0.41429964
-3.953315138,-0.908193665,-0.498658597
-3.817274812,-0.840326262,-0.619385639
-3.67455375,-0.771495324,-0.467164586
-3.527345124,-0.709199182,-0.519654604
-3.376698655,-0.643824974,-0.628008999
-3.22088605,-0.568380507,-0.528652893
-3.057196775,-0.483394412,-0.529027822
-2.885319663,-0.39560769,-0.627259141
-2.709539831,-0.325247092,-0.576643767
-2.529261187,-0.242210563,-0.453667153
-2.344851134,-0.167257236,-0.452542367
-2.157074471,-0.081037666,-0.308944675
-1.962238421,0.00655035,-0.128978899
-1.766915,0.087993483,-0.133852972
-1.566035546,0.183608464,-0.03074758
-1.366273297,0.251052211,0.038239301
-1.163065708,0.376491807,-0.003002856
-0.958171065,0.440025174,-0.008251858
-0.755938218,0.592938658,-0.039745868
-0.543961695,0.687132705,-0.121855254
-0.346756271,0.796514623,-0.173220486
-0.125853355,1.060665863,-0.119605682
0.017073903,0.531017433,-0.194591421
0.004998342,0.066192083,-0.168346413
-0.000242774,0.170437644,0.013494007
0.005751893,0.075002623,0.011619364
0.000443294,0.076127373,0.100477465
0.004867126,0.057610242,0.19720907
0.001523009,0.033405626,0.178837564
0.003952368,0.047285039,0.181836993
0.002673955,0.020414766,0.173588562
0.003105091,0.036603665,0.193084854
0.003761168,0.016721838,0.143969195
0.002951382,0.020744693,0.089604533
0.004199802,0.015387135,0.091479177
0.003468745,0.009935847,-0.018374932
0.00405734,0.015747054,-0.065990877
0.004023599,0.007311431,-0.040870654
0.004376006,0.006805294,-0.133103115
0.004660931,0.006715314,-0.161597696
0.004829636,0.011431764,-0.164222197
0.005894355,0.008188736,-0.196466065
0.006411718,0.00664033,-0.158973195
0.007247748,0.010434486,-0.124854683
0.008409941,0.006359143,-0.070115093
0.008357454,0.004012165,-0.004127642
0.00905477,0.006872779,0.036364658
0.009557138,-0.001131691,0.064109382
0.009377185,0.003423546,0.024741868
0.010584366,0.003149857,-0.07086495
0.009605875,-0.001371637,-0.155223908
0.011266686,0.010179543,-0.201340138
0.010550625,-0.00837133,-0.207338997
0.011330419,0.012556514,-0.203964639
0.012346401,-0.013308982,-0.214837571
0.01053188,0.007903799,-0.167971484
0.014430851,0.002317542,-0.112482036
0.00928346,-0.014242524,-0.076113952
0.015971694,0.028764159,-0.007502
0.009309703,-0.049117267,0.036739586
0.015203147,0.085863957,0.030365798
0.012136457,-0.136112914,-0.027373221
0.01413093,0.376750499,-0.07686381
0.271695415,1.788296502,-0.184093418
0.647897321,1.852437234,-0.08248774
0.954615077,1.691005644,-0.003002856
1.272864786,1.821334153,-0.107607963
1.566588473,1.774218383,0.225328723
1.845462331,1.836177101,0.193084854
2.115604744,1.716046324,-0.038246154
2.375928501,1.711427351,0.241825585
2.634621438,1.732662627,0.16271563
2.874438109,1.727777464,0.103851824
3.103247688,1.770045562,0.423291076
3.318497097,1.787389204,0.392546923
3.526533411,1.830898275,0.303688821
3.72269661,1.834849896,0.436038652
3.902810297,1.847705786,0.37605006
4.068760225,1.860396713,0.314936682
4.220163994,1.865236886,0.367051771
4.360691885,1.878231496,0.358428411
4.48976655,1.876000742,0.268820452
4.605865892,1.869615912,0.110225612
4.706721759,1.851604919,0.088854676
4.793631309,1.838782771,0.095603392
4.869263836,1.834936127,0.04723759
4.933428142,1.815845374,0.275569168
4.985381923,1.789166308,0.368176557
5.024349133,1.764129378,0.218954935
5.050089836,1.738964976,0.379424418
5.064216105,1.709807712,0.278193669
5.067301541,1.678498426,0.034115085
5.059631066,1.640639348,0.153342412
5.041860759,1.599870917,0.04423816
5.01318833,1.561348236,-0.206214211
4.974922185,1.522334415,-0.290573169
4.928310744,1.48315563,-0.390679132
4.87330152,1.4396878,-0.569145193
4.810393132,1.393798008,-0.637382216
4.7389445,1.339221398,-0.481036948
4.659075591,1.28499721,-0.496783954
4.571464976,1.236692956,-0.609262564
4.475730257,1.1778273,-0.504657456
4.372340059,1.119145354,-0.524528678
4.261170665,1.055345796,-0.661752582
4.142387032,0.98717846,-0.560146904
4.017346302,0.929857461,-0.46041587
3.885819784,0.864636969,-0.585267127
3.74746257,0.793485297,-0.544399899
3.602694549,0.726577681,-0.482536663
3.454147526,0.662534427,-0.639631788
3.302132668,0.593006143,-0.653879079
3.143725749,0.514513604,-0.578143482
2.977520888,0.430164867,-0.625384498
2.803799263,0.354255503,-0.66512694
2.626654791,0.281952837,-0.603263705
2.444595368,0.199238737,-0.62201014
2.259570477,0.124885277,-0.593890487
2.069360706,0.026743358,-0.39705292
1.873452439,-0.049447193,-0.288323597
1.677030558,-0.139359692,-0.181093988
1.474636505,-0.223775914,-0.048369229
1.274750538,-0.304041809,-0.058492303
1.06839753,-0.420472159,-0.122230182
0.865782285,-0.491275159,-0.095235316
0.659935392,-0.662248376,-0.052868373
0.451966561,-0.700366147,-0.078363524
0.251589474,-0.920558415,-0.002627927
0.034765481,-1.013399013,0.00674529
-0.055810601,-0.337645584,-0.079113382
-0.030433552,-0.109047685,0.045362947
-0.036248267,-0.182463854,0.056985736
-0.034958607,-0.073310635,0.016118508
-0.033312792,-0.109193902,0.121848401
-0.035539704,-0.066288447,0.124097974
-0.032499257,-0.064143924,0.142094551
-0.035311014,-0.057234211,0.124472902
-0.03335778,-0.043890929,0.108350968
-0.034598702,-0.053275092,0.151842697
-0.033841402,-0.036115159,0.099352679
-0.033927629,-0.041333998,0.119598829
-0.034407503,-0.036415092,0.105351539
-0.034145072,-0.039564392,-0.004127642
-0.034819894,-0.030810089,-0.023623934
-0.034328773,-0.029299175,-0.082112811
-0.034932364,-0.031376213,-0.157848409
-0.034778655,-0.026059896,-0.140601689
-0.035063579,-0.029539122,-0.149599977
-0.03638698,-0.029291677,-0.190092277
-0.037099292,-0.026119882,-0.190467206
-0.037849094,-0.029752824,-0.208838712
-0.038921311,-0.031012544,-0.19796578
-0.038943805,-0.023397988,-0.132353257
-0.039374941,-0.025418788,-0.097484888
-0.039461168,-0.022685646,-0.052118516
-0.039914798,-0.027124659,-0.02474872
-0.040484648,-0.016529516,-0.046869514
-0.039974782,-0.022123271,-0.090361243
-0.041583108,-0.021564646,-0.158973195
-0.039937292,-0.014561203,-0.16909627
-0.042400392,-0.034630489,-0.14022676
-0.040957023,-0.002387661,-0.107233034
-0.041740566,-0.040775372,-0.046494585
-0.042816532,-0.000779269,-0.031497437
-0.039509905,-0.033022097,-0.044245013
-0.045976947,-0.017706754,-0.06524102
-0.036521944,0.001324013,-0.062616519
-0.050355791,-0.079481762,-0.067865521
-0.029957428,0.123404356,-0.054368088
-0.092802082,-0.840963621,-0.112482036
-0.427404974,-1.907920027,-0.213337856
-0.783216015,-1.691428185,-0.048744157
-1.087211989,-1.739706196,-0.098234746
-1.404475709,-1.797900751,0.017243294
-1.688328252,-1.786739483,0.432289365
-1.967145875,-1.795861204,0.191960068
-2.231604789,-1.683592428,0.227203366
-2.492487148,-1.7331714,0.519647752
-2.74495298,-1.727060259,0.149218196
-2.9796635,-1.750919951,0.233577154
-3.203524385,-1.779496095,0.538394187
-3.414799843,-1.807862285,0.286067172
-3.61930459,-1.847794652,0.386922992
-3.808472136,-1.84865696,0.467157734
-3.982643643,-1.864868354,0.22307915
-4.143000048,-1.869847246,0.226828437
-4.290279906,-1.877105631,0.206207359
-4.426912575,-1.887115905,0.221579436
-4.551867078,-1.885053863,0.175088277
-4.662594089,-1.873776372,0.073857528
-4.758006393,-1.859559535,0.19420964
-4.840225931,-1.848319535,0.098602822
-4.911213436,-1.839793931,0.114349827
-4.971021392,-1.821179322,0.407169142
-5.017985241,-1.796371091,0.299939534
-5.052468635,-1.772721352,0.299939534
-5.074430335,-1.739709945,0.429664864
-5.084350216,-1.707302154,0.10497661
-5.083525433,-1.674650667,-0.012751002
-5.072015973,-1.640165839,0.037114515
-5.050204233,-1.605958448,-0.209213641
-5.018735043,-1.564076515,-0.305570317
-4.978211994,-1.525835021,-0.302945816
-4.929332401,-1.484777905,-0.442419292
-4.872793581,-1.438490701,-0.586766842
-4.808066924,-1.391779842,-0.574769123
-4.734638814,-1.338091785,-0.452167438
-4.65274169,-1.283755122,-0.511406173
-4.56208688,-1.22676405,-0.446543508
-4.463180498,-1.168520756,-0.278950379
-4.357061021,-1.109347669,-0.460040941
-4.243338551,-1.047782614,-0.562021548
-4.122260524,-0.985872636,-0.401552064
-3.995240317,-0.918882538,-0.46903923
-3.861250699,-0.84874314,-0.580018125
-3.719688082,-0.783897565,-0.476537804
-3.572809368,-0.721496446,-0.575893909
-3.42238784,-0.651087109,-0.735988464
-3.267287547,-0.576062548,-0.695121236
-3.104902928,-0.493389688,-0.705994168
-2.933981813,-0.409235908,-0.768607261
-2.758535643,-0.341657191,-0.695496165
-2.579752854,-0.25782209,-0.584892198
-2.396246312,-0.182628817,-0.596514988
-2.210272922,-0.102160467,-0.497158882
-2.016606564,-0.003617388,-0.301071172
-1.821061951,0.067564278,-0.229084862
-1.621273459,0.167228358,-0.076488881
-1.419411765,0.236610424,0.06748374
-1.217340126,0.350705043,0.016868365
-1.009629976,0.42758919,-0.008251858
-0.808510585,0.540232883,-0.011251287
-0.596102926,0.679896815,-0.079113382
-0.396831797,0.731691543,-0.09973446
-0.182489649,1.042339939,-0.009376644
-0.001506191,0.726817627,-0.024373792
0.014220906,0.104249867,-0.050618801
-0.002994548,0.147833922,0.105351539
0.00719901,0.102442769,0.092229034
0.000597004,0.060560836,0.082105959
0.00458595,0.073716659,0.192334997
0.002377784,0.02916532,0.186711066
0.003521232,0.054704638,0.202083143
0.003933623,0.022660517,0.190460353
0.00277143,0.029289042,0.188960639
0.004522217,0.024280156,0.180337279
0.003063852,0.016695593,0.117724186
0.004267285,0.021337061,0.127847261
0.003963615,0.010250777,0.041988588
0.004102328,0.010453232,-0.034871795
0.004278532,0.012039129,-0.023249006
0.0043985,0.005714286,-0.123354969
0.005024585,0.003352312,-0.199090566
0.004934608,0.005905494,-0.197590851
0.005931845,0.003566014,-0.21221307
0.006925333,0.009182265,-0.227960076
0.007363967,0.009662158,-0.221961217
0.008567399,0.008616141,-0.17771963
0.008987288,0.002981144,-0.142476332
0.009193484,0.00353977,-0.107233034
0.010055756,0.003059877,-0.081737883
0.00981207,0.002028856,-0.059992018
0.011008005,0.005489336,-0.059992018
0.010363175,-0.000389356,-0.107233034
0.011446639,0.011454259,-0.113231894
0.011221698,-0.007576507,-0.123354969
0.011067989,0.008691124,-0.11435668
0.013309897,-0.008843725,-0.111732179
0.010359426,-0.000310624,-0.081362954
0.014640795,0.010944373,0.01274415
0.010201967,-0.023349249,0.025491725
0.015158159,0.040960196,0.023242153
0.01193401,-0.05359752,0.029241012
0.012241429,0.070304918,-0.026998293
0.01799241,-0.092146445,-0.122605111
0.001736703,0.160573588,-0.155598837
0.211673765,1.608321537,-0.256829586
0.592277009,1.916626705,-0.185593133
0.905570528,1.668945551,-0.060366947
1.221023476,1.821495367,-0.187467776
1.521356667,1.76344328,0.144344123
1.79987062,1.817371284,0.270320167
2.072821042,1.737199118,0.037489444
2.333107308,1.705522415,0.348680265
2.593618515,1.733791126,0.389922422
2.83596202,1.72510056,0.274444382
3.066739828,1.766405121,0.595008421
3.284006205,1.773127376,0.576636914
3.492889795,1.823388696,0.365926985
3.691980971,1.844601477,0.464533233
3.874306574,1.838074179,0.391422137
4.042742096,1.841234726,0.220454649
4.196916383,1.865608054,0.197958927
4.34007233,1.86769259,0.180712207
4.471092731,1.864228361,0.1192239
4.589257777,1.87043323,-0.021749291
4.693457761,1.840222451,-0.046494585
4.782702944,1.835029856,0.011994292
4.860457412,1.83051586,-0.001128212
4.927594683,1.813907055,0.205082573
4.98217277,1.798370511,0.370801058
5.024349133,1.766765041,0.256447805
5.053081546,1.732850086,0.436413581
5.069127308,1.702283135,0.441662582
5.074604612,1.671075078,0.130096833
5.068921113,1.633564672,0.194584569
5.052852856,1.60251033,0.125597688
5.026497316,1.560692132,-0.178469487
4.9903906,1.518457777,-0.316818178
4.946028565,1.484167905,-0.464540086
4.893347477,1.439050441,-0.678999302
4.832887192,1.389512711,-0.787353696
4.764212827,1.341309684,-0.628008999
4.686687049,1.292608017,-0.548899043
4.600748493,1.233000027,-0.611887065
4.506370915,1.176207661,-0.417673998
4.404165405,1.116888356,-0.320192536
4.294281922,1.054787171,-0.46041587
4.176960403,0.995644077,-0.39405349
4.053423025,0.931552084,-0.274076306
3.923594809,0.868881025,-0.403051779
3.786849669,0.80160974,-0.444293936
3.643420045,0.733221203,-0.421423285
3.495847764,0.66562374,-0.640006717
3.344751414,0.597955043,-0.763733188
3.187544178,0.52878293,-0.732989035
3.022647722,0.445915114,-0.806849989
2.8496684,0.361161467,-0.852216361
2.672797607,0.290418454,-0.769732047
2.491787906,0.212488289,-0.744986753
2.307381602,0.134918045,-0.709368527
2.119083826,0.039295566,-0.501283098
1.923869126,-0.036700029,-0.359185121
1.728388246,-0.114671434,-0.256829586
1.526522803,-0.214815407,-0.039745868
1.325872039,-0.284062503,0.02699144
1.121086117,-0.405614214,0.022867225
0.915437922,-0.472859255,0.084355531
0.711821691,-0.625903961,0.056610808
0.499713952,-0.705828681,-0.006377214
0.302606002,-0.83741691,-0.020624505
0.082947757,-1.070536302,-0.037871225
-0.050741939,-0.513413984,-0.158973195
-0.035502214,-0.098141361,-0.128229042
-0.032428025,-0.193475154,-0.055117945
-0.036641913,-0.090163136,-0.122605111
-0.031483275,-0.102899053,0.034490014
-0.03566717,-0.079065605,0.155217056
-0.031970646,-0.064406365,0.193834712
-0.034666184,-0.074697826,0.327684258
-0.033121592,-0.040677894,0.352054623
-0.033515238,-0.055427113,0.362552627
-0.034055096,-0.03763732,0.30106432
-0.033001624,-0.038608354,0.219704792
-0.034010108,-0.035207861,0.16833956
-0.03343276,-0.036767514,-0.003752713
-0.034010108,-0.035350329,-0.07386438
-0.033983864,-0.033040843,-0.110607393
-0.034205056,-0.034956667,-0.222336145
-0.034373762,-0.023919122,-0.25270537
-0.034602451,-0.030232717,-0.299571458
-0.035757146,-0.029797814,-0.326566324
-0.036443215,-0.023499215,-0.290573169
-0.03710679,-0.029160456,-0.274451235
-0.038265234,-0.030277707,-0.223086003
-0.038445186,-0.025396293,-0.114731608
-0.039097514,-0.024721443,-0.013500859
-0.039236227,-0.019765046,0.033740157
-0.03949116,-0.03049141,0.09335382
-0.040390923,-0.019813785,0.124847831
-0.039464917,-0.021279709,0.05586095
-0.04134692,-0.029156707,-0.041995441
-0.039686109,-0.013072785,-0.10835782
-0.041339422,-0.04092159,-0.168346413
-0.040998262,-0.006200563,-0.225710504
-0.040375927,-0.04159269,-0.175470058
-0.043420123,-0.014609943,-0.146975477
-0.038497672,-0.021703365,-0.178094559
-0.045973198,-0.041307754,-0.148100263
-0.036968076,0.026124746,-0.0911111
-0.047532787,-0.102036745,-0.082112811
-0.035794636,0.131862475,-0.023998863
-0.062648795,-0.590856757,0.00974472
-0.362198443,-1.846651156,-0.086237027
-0.732315706,-1.744295175,0.089604533
-1.036922769,-1.705401327,0.054736164
-1.355693591,-1.808822071,0.014243864
-1.643782515,-1.773913586,0.423291076
-1.922468923,-1.808627114,0.233577154
-2.189780834,-1.690618365,0.128972047
-2.450715679,-1.725504355,0.432664294
-2.706495635,-1.732042901,0.139844979
-2.943849207,-1.744463888,0.136470621
-3.170214431,-1.775282032,0.494902458
-3.382820788,-1.800270223,0.317936111
-3.589203789,-1.844345419,0.35580391
-3.781801679,-1.845837587,0.506525248
-3.958983641,-1.86043309,0.313062038
-4.121949357,-1.865723163,0.298439819
-4.271909757,-1.875770928,0.268070594
-4.411192976,-1.88295808,0.246699658
-4.538235678,-1.88547377,0.252323589
-4.652625471,-1.875384764,0.131971476
-4.751003243,-1.856200282,0.208082002
-4.835430948,-1.846711143,0.138345264
-4.908982775,-1.835437401,0.017243294
-4.971328811,-1.822604005,0.257197662
-5.021104417,-1.796895974,0.179587421
-5.058452055,-1.769452079,0.07910653
-5.083525433,-1.742199391,0.28081817
-5.095728461,-1.707485863,0.072732742
-5.097010622,-1.674050801,-0.05961709
-5.088009249,-1.639539728,0.088854676
-5.068023277,-1.600087254,-0.052493444
-5.037810006,-1.559123866,-0.178094559
-4.99909023,-1.521864655,-0.162722482
-4.952115135,-1.482183482,-0.291697955
-4.897150899,-1.437347205,-0.489660308
-4.8348536,-1.394055586,-0.538026111
-4.763674896,-1.343749276,-0.445043793
-4.683903462,-1.288269118,-0.519654604
-4.595404331,-1.233313843,-0.540275683
-4.497742621,-1.172884785,-0.352811333
-4.392725353,-1.110742359,-0.441294506
-4.279928889,-1.046796583,-0.571394765
-4.159683142,-0.9891794,-0.409050638
-4.033525207,-0.924510036,-0.432296217
-3.901140166,-0.855574121,-0.583392483
-3.761770719,-0.791917031,-0.476537804
-3.616294135,-0.722906133,-0.487410736
-3.467064792,-0.658607936,-0.643381075
-3.313235413,-0.585870366,-0.615261423
-3.152324155,-0.510954531,-0.584892198
-2.982838911,-0.423377762,-0.658753152
-2.807317761,-0.3449902,-0.630258571
-2.629251033,-0.272458834,-0.534276824
-2.446359329,-0.192609097,-0.587516699
-2.261240713,-0.122034796,-0.548899043
-2.069535087,-0.019056454,-0.3824307
-1.873900498,0.050625546,-0.367433552
-1.675772818,0.148167598,-0.253830156
-1.472778922,0.225715347,-0.123354969
-1.271996943,0.316250208,-0.15184955
-1.063656959,0.424867296,-0.11435668
-0.861589069,0.501931403,-0.071614808
-0.65077099,0.673763179,-0.042370369
-0.445467704,0.703872731,-0.018749861
-0.23864232,0.972496726,0.068608526
-0.032011885,0.897190978,0.082855817
0.021797655,0.196940498,0.007120219
-0.003376947,0.117596898,0.116599399
0.006850352,0.142168932,0.103101966
0.001849173,0.043802064,0.053236449
0.003719929,0.088132202,0.1597162
0.003813654,0.036888602,0.151842697
0.002508999,0.049410816,0.16271563
0.004949604,0.034402904,0.219704792
0.00273019,0.022810483,0.219329863
0.004694672,0.027069536,0.222704222
0.003697435,0.009560931,0.18558628
0.004241041,0.007795073,0.167589703
0.004578452,0.010119556,0.12222333
0.004518468,0.011844173,0.017243294
0.004795895,0.005200651,-0.016500289
0.004690923,0.011251804,-0.074614237
0.005358246,0.010588202,-0.154099122
0.005159549,0.00673031,-0.159348124
0.005991829,0.012151604,-0.199090566
0.006917835,0.010584453,-0.262078588
0.007483935,0.00551933,-0.24408201
0.00871361,0.008946067,-0.263578302
0.009212229,0.002763693,-0.267327589
0.009302205,0.007003999,-0.182968632
0.010171975,0.006464119,-0.16047291
0.009748337,-0.004187261,-0.11135725
0.010768068,0.01145051,-0.036746439
0.010996758,-0.002136467,-0.052868373
0.011071738,0.01010081,-0.072364665
0.012357648,0.001882639,-0.063366376
0.010516884,0.00097909,-0.047619371
0.013437363,0.01477602,-0.05961709
0.011105479,-0.013308982,-0.041995441
0.013718539,0.020965894,0.021742438
0.012623828,-0.02505137,-0.002252998
0.012072723,0.034181704,-0.009376644
0.015960447,-0.027023431,-0.022874077
0.00803504,0.011536741,-0.074614237
0.02249872,0.021588255,-0.103108819
-0.003418186,-0.09248012,-0.116606252
0.107338816,1.142727608,-0.178094559
0.468184778,1.983039431,-0.192341849
0.80642046,1.676601348,0.002621075
1.113539359,1.776449137,-0.085112241
1.426023092,1.7779638,0.043488303
1.70614537,1.796747122,0.356928696
1.982934778,1.773074888,0.093728749
2.244207034,1.67856966,0.224953794
2.505550521,1.725452981,0.398170853
2.75454477,1.707078319,0.149218196
2.987721945,1.750654875,0.38167399
3.209588356,1.7665026,0.570263127
3.420230232,1.791265841,0.399295639
3.623355343,1.832304212,0.45965916
3.810198503,1.832075513,0.44241244
3.982532995,1.839240169,0.258697377
4.14069248,1.846704759,0.200583428
4.286873878,1.857554845,0.170964061
4.422198143,1.853115833,0.174713348
4.544460857,1.842468201,0.124472902
4.6524136,1.836087121,0.098227893
4.745775196,1.822267695,0.149218196
4.826480134,1.81352464,0.068233597
4.896702841,1.80794963,0.121473473
4.955243632,1.776287923,0.341931548
5.000632896,1.752484468,0.246699658
5.033361753,1.734777157,0.234327011
5.053688885,1.691695491,0.34418112
5.062581537,1.657600575,0.075732171
5.060189669,1.625946366,-0.028123079
5.046981906,1.582388556,0.021742438
5.023355645,1.543558444,-0.186717919
4.989494587,1.511304369,-0.304445531
4.946812108,1.468263943,-0.334439827
4.896504143,1.427064358,-0.516655175
4.838544448,1.390078835,-0.676374801
4.772393167,1.336593233,-0.628008999
4.698136526,1.286658091,-0.514780531
4.615197178,1.235530714,-0.521154319
4.523522636,1.173148341,-0.431171431
4.423832711,1.111080898,-0.30182103
4.315846227,1.050396897,-0.410550353
4.200091794,0.986931015,-0.447668294
4.077694116,0.919607241,-0.331815326
3.949211794,0.860302933,-0.39967742
3.814423638,0.800481241,-0.488910451
3.672827279,0.730952957,-0.422548071
3.526765849,0.672784647,-0.540650612
3.37737155,0.61069096,-0.728864819
3.221922599,0.533540622,-0.697745737
3.059080601,0.452341184,-0.714992457
2.887758342,0.364052074,-0.764483046
2.711539876,0.296803284,-0.669251156
2.531763599,0.220027862,-0.615261423
2.347413531,0.143109973,-0.632508143
2.160525382,0.063406453,-0.520029533
1.966765298,-0.026566033,-0.361059764
1.77211295,-0.099835984,-0.316818178
1.572365697,-0.198300331,-0.208088855
1.371325036,-0.267213751,-0.105358391
1.168638559,-0.381405849,-0.134602829
0.961277067,-0.455590597,-0.112856965
0.759246667,-0.589285856,-0.094485459
0.546017975,-0.706720983,-0.123729897
0.347335441,-0.778367545,-0.082862669
0.130114052,-1.077877169,-0.015375503
-0.037110539,-0.671238876,-0.052493444
-0.040908286,-0.108181628,-0.017250146
-0.028217887,-0.183239931,0.070108241
-0.036634415,-0.11037489,0.019492866
-0.029818714,-0.087748673,0.083230745
-0.034298781,-0.093717345,0.152967483
-0.031232091,-0.056330662,0.1597162
-0.032705452,-0.074626592,0.25194866
-0.032551743,-0.044558281,0.276693954
-0.031715713,-0.059791142,0.310062609
-0.032761687,-0.041765152,0.284942386
-0.03168947,-0.038705833,0.193084854
-0.032686707,-0.042278788,0.182961779
-0.031978144,-0.029449142,0.05586095
-0.032701703,-0.033711943,-0.057367517
-0.03275044,-0.032362244,-0.07386438
-0.03271295,-0.031095026,-0.16609684
-0.033177827,-0.030948808,-0.210338427
-0.0330916,-0.033082084,-0.237333293
-0.034021355,-0.029749075,-0.314568606
-0.034924866,-0.029486633,-0.298446671
-0.035637178,-0.032804645,-0.271451805
-0.036941833,-0.030971303,-0.289823311
-0.037125535,-0.025482524,-0.217462072
-0.037249252,-0.029535372,-0.168346413
-0.038096528,-0.025137601,-0.126729327
-0.037687886,-0.025216333,-0.053243302
-0.038958801,-0.029936533,-0.080988025
-0.038287728,-0.016829449,-0.071989737
-0.039217482,-0.025527514,-0.056242731
-0.039326204,-0.012615386,-0.068615378
-0.038816338,-0.034416787,-0.038996011
-0.040960772,-0.016956921,-0.058492303
-0.038100277,-0.020079976,-0.01050143
-0.042167953,-0.031496186,0.046862661
-0.037942819,0.006156688,0.025866654
-0.042527858,-0.061110849,0.02136751
-0.039674862,0.033626827,0.006370362
-0.039386188,-0.082781028,-0.047619371
-0.045710768,0.057722717,-0.135352687
-0.028109166,-0.15155198,-0.153724193
-0.233821094,-1.537468684,-0.246331582
-0.617363562,-1.871054478,-0.179594274
-0.933176415,-1.647049307,-0.059992018
-1.248201976,-1.80963564,-0.173220486
-1.549322459,-1.763547142,0.191960068
-1.827682703,-1.812027608,0.325434685
-2.100779336,-1.719123275,0.037114515
-2.360038374,-1.692706651,0.367051771
-2.620125943,-1.730599472,0.375675131
-2.861937088,-1.717132467,0.131971476
-3.091117818,-1.763082246,0.52302211
-3.308084274,-1.775773173,0.510274535
-3.516405512,-1.821854172,0.330308759
-3.714027077,-1.831354559,0.541768545
-3.894493171,-1.837113278,0.378674561
-4.061657778,-1.851843751,0.255697947
-4.214681119,-1.853249688,0.287941815
-4.357034778,-1.867833944,0.21445579
-4.488381343,-1.86591812,0.193834712
-4.605751599,-1.860080669,0.020242724
-4.708564449,-1.844600362,0.004495718
-4.796763659,-1.826435653,0.046112804
-4.873258459,-1.82245029,-0.079488311
-4.939218541,-1.806876254,0.150342983
-4.992105825,-1.781029504,0.30106432
-5.032876308,-1.757702193,0.145093981
-5.061769928,-1.729186036,0.357303625
-5.077785699,-1.695106117,0.322810185
-5.082588181,-1.662930775,-0.013875788
-5.076882188,-1.629180782,0.090729319
-5.060195344,-1.589289656,-0.017625075
-5.033000026,-1.547471458,-0.298071743
-4.996372198,-1.51064715,-0.332565183
-4.951114149,-1.472199453,-0.442419292
-4.898350583,-1.425889754,-0.575144052
-4.838066502,-1.384019068,-0.671500728
-4.769609579,-1.337450677,-0.521154319
-4.693171014,-1.282244208,-0.422923
-4.607862292,-1.22604421,-0.526403321
-4.51338724,-1.16571263,-0.323566894
-4.410829322,-1.105291071,-0.276700807
-4.300027332,-1.043073661,-0.467164586
-4.181603604,-0.983499414,-0.365558909
-4.05695277,-0.920588408,-0.303320745
-3.925902377,-0.851318817,-0.487035808
-3.788107514,-0.788269093,-0.482536663
-3.644228008,-0.722411243,-0.406426137
-3.496438285,-0.657730631,-0.600264275
-3.344595882,-0.589645776,-0.67674973
-3.185960273,-0.511201976,-0.585642056
-3.018784419,-0.426808249,-0.654254008
-2.844312992,-0.35092138,-0.687247733
-2.666774874,-0.276991576,-0.596514988
-2.484546745,-0.193880064,-0.565020977
-2.299885508,-0.129949285,-0.547774257
-2.110103124,-0.038004738,-0.384680272
-1.914599751,0.041766266,-0.291697955
-1.718376567,0.133257164,-0.284949238
-1.516409901,0.214497842,-0.118480895
-1.316576421,0.294340082,-0.09710996
-1.109469861,0.414144681,-0.122605111
-0.905834885,0.476883225,-0.014250717
-0.698282193,0.650750798,-0.01612536
-0.488480096,0.688358682,-0.051368658
-0.286985804,0.903916982,-0.031872366
-0.068129848,1.006704117,-0.040495726
0.024744377,0.318664671,-0.130103685
-0.000568938,0.084428026,-0.086237027
0.00523078,0.163209252,-0.003752713
0.00432352,0.047060089,0.000371503
0.002636465,0.083292029,0.115849542
0.00530576,0.046437727,0.182961779
0.002538991,0.043258435,0.242950371
0.00530576,0.034444145,0.321685398
0.00337502,0.02480129,0.324309899
0.00492711,0.031542291,0.34718055
0.004368508,0.017254219,0.287941815
0.004537213,0.024062705,0.206957216
0.005272019,0.010629443,0.121848401
0.004709668,0.014052431,-0.019874647
0.005335752,0.009444706,-0.041620512
0.005088318,0.011184319,-0.076113952
0.005590685,0.009568429,-0.146225619
0.005665665,0.003386054,-0.166846698
0.005894355,0.010711925,-0.253830156
0.006996564,0.003704733,-0.328815896
0.007787605,0.007202705,-0.348312189
0.008578646,0.008376194,-0.351686547
0.009677106,0.00290991,-0.322817037
0.00954964,0.003536021,-0.194591421
0.01011574,-0.003058762,-0.113231894
0.010445653,-0.004310984,-0.10835782
0.010595613,0.008462425,-0.029247865
0.011570356,-0.001964006,-0.015375503
0.010914279,0.004702011,-0.011251287
0.012822525,0.011188069,-0.00187807
0.011360411,-0.008255106,-3.43e-06
0.013009976,0.01055446,0.013119078
0.012575091,-0.016443285,-0.044619942
0.012132708,0.020182318,-0.002252998
0.014970708,-0.010913265,0.016493437
0.010591864,0.001818903,-0.014625646
0.017490043,0.010490724,0.005245576
0.00863863,-0.036493825,-0.059992018
0.019934397,0.083130815,-0.146600548
0.006629161,-0.161850939,-0.181843846
0.037955888,0.629744221,-0.22383586
0.340129843,1.90014912,-0.302945816
0.706153188,1.772456275,-0.1316034
1.009455595,1.708656718,-0.086611956
1.327022985,1.797376982,-0.065615949
1.614744506,1.775545588,0.35580391
1.893093503,1.806513699,0.228328152
2.158609638,1.687346458,0.123348116
2.418925896,1.709582762,0.442037511
2.673971047,1.704817572,0.25494809
2.910098693,1.719720506,0.258697377
3.136122756,1.756454835,0.56651384
3.349178995,1.775226909,0.406794213
3.555614481,1.812122452,0.355428981
3.747421331,1.816561464,0.455160016
3.923366119,1.819515807,0.267320737
4.085642017,1.832285466,0.219704792
4.234736396,1.838827761,0.253448375
4.373839663,1.842726894,0.220829578
4.500398742,1.848984252,0.154467198
4.612944023,1.815740397,-0.010126501
4.710455773,1.805538916,0.000371503
4.794692278,1.802502092,0.021742438
4.868011667,1.781724214,-0.01612536
4.929502929,1.768560892,0.238076298
4.978656199,1.735298291,0.290566316
5.015227792,1.709279079,0.202833001
5.03909024,1.684976985,0.352804481
5.051371997,1.654245071,0.141344694
5.05253419,1.61374658,-0.074614237
5.042842999,1.577762085,0.008619934
5.022377154,1.546062887,-0.162347553
4.991564041,1.502463835,-0.366308766
4.951513367,1.465429573,-0.416174283
4.903177381,1.417009094,-0.530902465
4.847283391,1.378520156,-0.654254008
4.783523978,1.332772833,-0.585642056
4.711471754,1.269483162,-0.392178846
4.631100478,1.224485671,-0.387679702
4.542428894,1.172987127,-0.345687688
4.445569471,1.115786101,-0.195341279
4.340619685,1.050254429,-0.311944105
4.227365842,0.984696512,-0.473913303
4.10687641,0.92770544,-0.404176565
3.980253597,0.871010552,-0.428172002
3.846706363,0.798021788,-0.5901412
3.70645215,0.721317601,-0.526403321
3.561088036,0.67416434,-0.572144622
3.412406048,0.604677297,-0.761108687
3.259131524,0.532573337,-0.711993028
3.09843021,0.461282945,-0.640381646
2.928791256,0.366282828,-0.651254578
2.753386325,0.303548033,-0.595390202
2.574708509,0.228092318,-0.485161164
2.390763333,0.150060926,-0.523403891
2.204924908,0.073060555,-0.506907029
2.012304523,-0.021962057,-0.343063187
1.81702609,-0.085787859,-0.316443249
1.618977139,-0.185451939,-0.251580584
1.417299146,-0.252307067,-0.141726475
1.216877071,-0.358569679,-0.110607393
1.009324379,-0.448759616,-0.095985173
0.80789757,-0.543789727,-0.100859247
0.595936043,-0.703785386,-0.126729327
0.393545738,-0.735698287,-0.178094559
0.183121305,-1.033663255,-0.129353828
-0.012651998,-0.838020525,-0.181468917
-0.047615265,-0.169368017,-0.237333293
-0.025488608,-0.155162427,-0.07386438
-0.035850871,-0.140930593,-0.051743587
-0.029500049,-0.076602402,0.019492866
-0.032233077,-0.105624696,0.202833001
-0.031138366,-0.052881429,0.286817029
-0.03078221,-0.071552276,0.367801629
-0.032041877,-0.047838801,0.346805621
-0.030309835,-0.046414118,0.33855719
-0.032079367,-0.045334358,0.304438678
-0.030834696,-0.037708554,0.142094551
-0.031633235,-0.036745019,0.077981743
-0.031524514,-0.033149569,-0.015750432
-0.031535761,-0.03683125,-0.091860958
-0.031820686,-0.029775319,-0.029997722
-0.031674474,-0.028628074,-0.049868943
-0.032364292,-0.02523133,-0.113981751
-0.032547994,-0.026551036,-0.1747202
-0.032877907,-0.027615799,-0.266577732
-0.033777669,-0.027462084,-0.313818748
-0.034561212,-0.026168621,-0.32769111
-0.03551721,-0.029227941,-0.328815896
-0.036252016,-0.024515239,-0.214837571
-0.036128298,-0.026209862,-0.104233605
-0.036930586,-0.028009462,-0.074614237
-0.036638164,-0.015817174,-0.004877499
-0.037507934,-0.028166927,-0.013125931
-0.037582914,-0.016443285,-0.018000004
-0.037444201,-0.02469145,0.001871217
-0.039033781,-0.018381604,-0.044619942
-0.037305487,-0.015757187,-0.035621653
-0.039892304,-0.025928675,-0.089236457
-0.037417958,-0.006223058,-0.087361813
-0.040158484,-0.045255626,-0.012751002
-0.039292463,0.003498529,-0.016500289
-0.038347712,-0.05283269,0.030740727
-0.042242933,0.00281993,0.039364087
-0.034178813,-0.030900069,-0.029622793
-0.048931167,-0.042976133,-0.14322619
-0.022860552,0.075711215,-0.149974906
-0.131143208,-1.110659877,-0.228709933
-0.492581513,-1.931539773,-0.249331012
-0.832684202,-1.651409587,-0.0479943
-1.139851838,-1.768507289,-0.199465495
-1.452714221,-1.774580938,0.037864373
-1.733282631,-1.791740871,0.394421566
-2.010491929,-1.760026676,0.077981743
-2.271520499,-1.669049413,0.229827867
-2.532822747,-1.722692481,0.406794213
-2.780302395,-1.699863809,0.100477465
-3.011650053,-1.737760379,0.356928696
-3.233516465,-1.761530091,0.560889909
-3.44408336,-1.794545247,0.292066031
-3.646717351,-1.819912104,0.42216629
-3.831847214,-1.816939015,0.442787369
-4.002783325,-1.8309459,0.219329863
-4.159926828,-1.832861723,0.259072306
-4.305305938,-1.847633438,0.267320737
-4.44014658,-1.849729221,0.272569739
-4.561794457,-1.843284405,0.177337849
-4.669987136,-1.831549515,0.029615941
-4.762239025,-1.812968649,0.098602822
-4.842190413,-1.80702997,-0.022874077
-4.911779536,-1.789705074,0.007495148
-4.967905965,-1.764398203,0.282317885
-5.012211765,-1.744010238,0.119598829
-5.044134585,-1.713488278,0.157841557
-5.063187054,-1.680945517,0.268820452
-5.071693558,-1.648815165,-0.066365806
-5.069275446,-1.615736273,-0.076113952
-5.056048939,-1.579384359,-0.010126501
-5.032647619,-1.537416195,-0.239582866
-4.999105226,-1.496913955,-0.316443249
-4.956366512,-1.457262775,-0.366683695
-4.905751128,-1.41660307,-0.526403321
-4.847424031,-1.371493105,-0.626509284
-4.78089035,-1.326638083,-0.500158312
-4.706142589,-1.277677724,-0.328066039
-4.622997045,-1.217484864,-0.39967742
-4.531292511,-1.158049335,-0.305570317
-4.431643826,-1.101560651,-0.181093988
-4.324073482,-1.040730433,-0.406801066
-4.208007881,-0.97843804,-0.496409025
-4.085104086,-0.91446602,-0.389929274
-3.95603317,-0.849361753,-0.504657456
-3.819557959,-0.783166478,-0.573644337
-3.676784411,-0.717301129,-0.453667153
-3.530036913,-0.659830164,-0.583767412
-3.379615384,-0.595449485,-0.729239748
-3.223101715,-0.523360521,-0.601014132
-3.058448945,-0.440267755,-0.529027822
-2.88567207,-0.35560034,-0.565395906
-2.708883754,-0.28488732,-0.456291654
-2.527765332,-0.20019366,-0.391803918
-2.342954135,-0.129878051,-0.506907029
-2.154472658,-0.041176533,-0.423297929
-1.959614114,0.035857581,-0.309694532
-1.764294442,0.10639439,-0.308194818
-1.56272517,0.202740458,-0.168721341
-1.362539283,0.274473251,-0.100859247
-1.157847086,0.393689231,-0.120355539
-0.951958955,0.456330297,-0.113231894
-0.747825361,0.618166797,-0.091486029
-0.535031553,0.6961457,-0.084362384
-0.336558964,0.822938745,-0.08548717
-0.114553838,1.063635202,-0.031497437
0.020646709,0.492266053,-0.130103685
0.005376992,0.068006679,-0.125229612
0.002325297,0.173005822,-0.000753284
0.006992815,0.070559861,-0.035621653
0.001920404,0.080528894,0.083230745
0.006213021,0.058847467,0.219704792
0.002880151,0.04197622,0.268820452
0.00549696,0.050306867,0.337432404
0.004173559,0.02462508,0.289066602
0.004724664,0.036866107,0.262071735
0.005125808,0.015132191,0.202083143
0.004668429,0.023612805,0.128222189
0.005710653,0.015053459,0.108350968
0.004934608,0.011641718,-0.034496867
0.005781885,0.017689122,-0.055117945
0.005620677,0.010535714,-0.019499719
0.005935594,0.0090248,-0.083987455
0.006190527,0.002141331,-0.100484318
0.006258009,0.006891524,-0.142851261
0.007375214,0.011109336,-0.207713926
0.008098773,0.007363919,-0.27295152
0.008991037,0.010138302,-0.311194247
0.010089497,0.00740516,-0.296946957
0.010055756,-0.002275187,-0.22383586
0.01068559,0.004705761,-0.165721912
0.01102675,0.001121558,-0.142476332
0.010978012,0.006160437,-0.077613667
0.012245178,0.005864253,-0.035246724
0.011225447,0.001346508,-0.007502
0.013024972,0.011514246,-0.003002856
0.01231266,-0.010572091,-0.009376644
0.012968737,0.015672071,0.021742438
0.013797268,-0.007175346,-0.01612536
0.012001492,0.010498222,-0.035246724
0.015889216,-0.001281658,-0.002627927
0.010741825,-0.009949729,-0.012751002
0.017298843,0.030814953,-0.021374362
0.010711833,-0.056503124,-0.076113952
0.017013919,0.086137646,-0.156723623
0.013557331,-0.13370595,-0.198715637
0.0165153,0.388991526,-0.198340709
0.27569186,1.789200051,-0.267327589
0.651751304,1.837965453,-0.16909627
0.957764245,1.68607924,-0.059242161
1.2752754,1.809464293,-0.098609674
1.568684169,1.760635155,0.255697947
1.84724311,1.817937408,0.255323019
2.116658216,1.690402028,0.075357242
2.376760781,1.692257866,0.389172564
2.635374989,1.710306351,0.288316744
2.874486847,1.709316571,0.210331575
3.102779061,1.746073394,0.505025533
3.318253411,1.753178064,0.404169712
3.526450933,1.80372432,0.293190817
3.721946808,1.805178996,0.382798777
3.900928294,1.812062465,0.262071735
4.065937221,1.819444573,0.190460353
4.217322244,1.821990257,0.222329293
4.358599937,1.837504306,0.207332145
4.487697097,1.829878502,0.16271563
4.603399043,1.81419949,0.067858669
4.70406746,1.795386175,0.088104818
4.79112697,1.787689137,0.106476325
4.867445566,1.783842493,0.065234168
4.932153479,1.760121519,0.27519424
4.984152248,1.736707978,0.33555776
5.023190689,1.71296076,0.136845549
5.04939252,1.672394784,0.25494809
5.063976169,1.642071529,0.149593125
5.067792661,1.618121857,-0.166846698
5.060774514,1.577893306,-0.085112241
5.043101681,1.534560445,-0.181843846
5.015126568,1.494331894,-0.425172572
4.977632719,1.455685491,-0.450667724
4.931568634,1.412911256,-0.527153178
4.877350451,1.372491497,-0.620135496
4.815011913,1.327850178,-0.575518981
4.744335576,1.273258572,-0.389554346
4.664969034,1.217399747,-0.326191395
4.577474639,1.162571944,-0.346812474
4.482294773,1.115797349,-0.208088855
4.379286974,1.048353602,-0.280450094
4.26830878,0.985821262,-0.511406173
4.149697602,0.93521127,-0.470164016
4.024589389,0.865510525,-0.451417581
3.892946652,0.805407645,-0.613386779
3.75424078,0.727402497,-0.602513847
3.609626468,0.66499388,-0.608137778
3.461304386,0.618980366,-0.758859115
3.309139568,0.539408066,-0.712367956
3.150560194,0.470648362,-0.587891628
2.983170646,0.381200759,-0.588641485
2.808826685,0.302007126,-0.541775398
2.631352301,0.239958429,-0.428172002
2.448408111,0.155242274,-0.449542938
2.262505952,0.087839767,-0.449168009
2.070856561,-0.004723392,-0.291323026
1.874667119,-0.076681135,-0.243332153
1.677221758,-0.168981853,-0.211463213
1.474325337,-0.248707868,-0.083237598
1.274540594,-0.326855484,-0.096735031
1.067254082,-0.436653559,-0.169846127
0.864638837,-0.506924178,-0.184093418
0.656655009,-0.682456381,-0.208463783
0.448217551,-0.715246586,-0.230584577
0.245246149,-0.95015808,-0.185968061
0.028838296,-0.998537319,-0.188592562
-0.052342766,-0.308150895,-0.242582295
-0.026088449,-0.116474783,-0.110607393
-0.033410266,-0.176836355,-0.019499719
-0.030883433,-0.074607846,0.024366939
-0.030126133,-0.10511481,0.208456931
-0.032015634,-0.058164004,0.297689962
-0.029357586,-0.066464658,0.343806192
-0.031895666,-0.052037867,0.354679124
-0.029818714,-0.043021123,0.289816459
-0.031280828,-0.051021843,0.248574302
-0.030463544,-0.031949835,0.134970906
-0.030673489,-0.039605632,0.068983455
-0.030999653,-0.029730329,0.016493437
-0.030834696,-0.032954612,-0.094860387
-0.031299573,-0.030731356,-0.059242161
-0.030898429,-0.026903458,-0.081362954
-0.031640733,-0.026082391,-0.153349264
-0.031629486,-0.025913678,-0.1316034
-0.032225579,-0.028223164,-0.214087714
-0.033159082,-0.025628742,-0.278200522
-0.033732681,-0.027604552,-0.271451805
-0.034763659,-0.030153985,-0.268452375
-0.03559219,-0.028283151,-0.19496635
-0.035610935,-0.024417761,-0.16047291
-0.036416972,-0.027090916,-0.154099122
-0.036323247,-0.023919122,-0.071614808
-0.036701897,-0.027619549,-0.032622223
-0.037402962,-0.016739469,-0.022124219
-0.036694399,-0.02280562,0.005995433
-0.038291477,-0.019363885,0.010119649
-0.036810618,-0.011494386,0.022117367
-0.038977546,-0.03202107,-0.008626786
-0.037402962,-0.005015827,-0.02474872
-0.038535163,-0.040212997,0.013868936
-0.03952865,0.003888442,0.023242153
-0.036439466,-0.032695919,-0.002627927
-0.042809034,-0.0127766,-0.064491163
-0.03332029,-0.00356115,-0.116981181
-0.047097901,-0.076999814,-0.213337856
-0.026628307,0.1286007,-0.256829586
-0.091381208,-0.859544487,-0.314943534
-0.426486466,-1.909670887,-0.366683695
-0.781900112,-1.684780914,-0.102358961
-1.086124776,-1.734273654,-0.113981751
-1.402826145,-1.783620177,-0.049868943
-1.686731174,-1.774783393,0.37605006
-1.965402585,-1.776238069,0.168714489
-2.22948285,-1.663384424,0.191210211
-2.490503922,-1.710972588,0.512524107
-2.742553613,-1.698619086,0.208082002
-2.976390614,-1.723344835,0.310062609
-3.200075296,-1.749105355,0.554141192
-3.412201779,-1.776946662,0.256447805
-3.617505065,-1.811116561,0.310437537
-3.806387687,-1.805942712,0.399295639
-3.980484213,-1.82069568,0.231327582
-4.140371992,-1.821059349,0.226453509
-4.287149482,-1.830068595,0.1597162
-4.424108316,-1.836817094,0.077606815
-4.54841424,-1.832400576,-0.009001715
-4.659381187,-1.821621724,-0.07086495
-4.755224628,-1.801158776,0.100102537
-4.837886549,-1.792408222,0.133471191
-4.909680091,-1.780062219,0.17133899
-4.969416816,-1.756896122,0.456284802
-5.016766812,-1.730861913,0.313062038
-5.05078158,-1.699938792,0.22607858
-5.072424615,-1.670687799,0.363302484
-5.082749388,-1.638354991,-0.007127072
-5.081905861,-1.605066146,-0.134227901
-5.071273669,-1.571492365,-0.058867232
-5.050399181,-1.529434221,-0.348312189
-5.019214916,-1.489033208,-0.512905888
-4.979464163,-1.450383056,-0.485911021
-4.931615548,-1.409573384,-0.484036378
-4.875305418,-1.36688538,-0.541400469
-4.810796203,-1.317861285,-0.444668864
-4.737859213,-1.268735963,-0.256829586
-4.656022074,-1.213278299,-0.325816467
-4.566015842,-1.158019342,-0.318317893
-4.4682829,-1.104297542,-0.197215922
-4.362557069,-1.040153061,-0.367433552
-4.249022051,-0.982112222,-0.481786806
-4.128172713,-0.920869596,-0.364434123
-4.000612648,-0.854528103,-0.493409595
-3.865989448,-0.788134123,-0.650504721
-3.724235631,-0.720345452,-0.557147474
-3.577795551,-0.66299446,-0.620135496
-3.42821755,-0.601223201,-0.727365104
-3.272941054,-0.526697279,-0.621635211
-3.109754147,-0.441347515,-0.535776539
-2.938551856,-0.362123888,-0.569145193
-2.762584574,-0.298688,-0.519279676
-2.582830791,-0.21722987,-0.419548642
-2.398446981,-0.143375049,-0.446543508
-2.211206426,-0.058658894,-0.352061476
-2.016434109,0.031066147,-0.192341849
-1.820360886,0.100043303,-0.208463783
-1.619987549,0.195208383,-0.077238738
-1.41784093,0.257088368,0.04161366
-1.21520319,0.376326844,-0.069740164
-1.007129386,0.447763453,-0.094485459
-0.804802815,0.570871067,-0.11435668
-0.591191723,0.703659029,-0.217462072
-0.391118306,0.747692983,-0.283449523
-0.17434305,1.056826717,-0.230584577
0.003202566,0.708008061,-0.218961787
0.014693281,0.099102262,-0.185593133
-0.001071306,0.159145156,0.013868936
0.008694865,0.101471735,0.074982314
0.001961643,0.062949054,0.175838134
0.00644171,0.079846546,0.322435256
0.003918627,0.033240663,0.323560042
0.005110812,0.048777207,0.358053482
0.005519454,0.024587588,0.322810185
0.004544711,0.035557648,0.249699088
0.0059131,0.021674486,0.136470621
0.004705919,0.016796821,0.00412079
0.005856865,0.020276047,0.010494577
0.005410733,0.014356114,-0.050618801
0.005819375,0.008946067,-0.067865521
0.005793132,0.006614086,-0.03074758
0.006059311,0.014682291,-0.130853542
0.006494197,0.00574053,-0.193466635
0.006325491,0.009231004,-0.236958365
0.006902839,0.004690764,-0.284949238
0.006872847,0.002148829,-0.272576591
0.007101536,0.009268496,-0.191966921
0.007412704,0.000810377,-0.123729897
0.007348971,0.002452512,-0.101984033
0.007273991,0.005886748,-0.060741876
0.007034054,0.002096341,-0.044245013
0.006884094,0.001241531,0.00412079
0.006947827,0.001451485,0.037864373
0.006786619,0.002793686,0.031865513
0.006542934,-0.001120443,0.019867795
0.006452957,-0.00185528,-0.061866662
0.006370479,0.002066348,-0.113981751
0.006201774,-0.000449343,-0.130103685
0.006085554,-0.000655547,-0.096360102
0.006149288,-0.000921738,0.009369791
0.006104299,-0.002953786,0.00674529
0.00583812,-0.0026651,-0.059992018
0.00580063,-0.001814039,-0.063741305
0.005939343,-0.003096254,-0.138352117
0.005718151,-0.003456174,-0.214462643
0.005523203,0.000784133,-0.225710504
0.005455721,-0.00140538,-0.262078588
0.005478215,0.000784133,-0.216337286
0.005388239,-0.001634079,-0.16909627
0.005137055,-0.006590477,-0.177344701
0.005245776,0.00156021,-0.172095699
0.005170796,-0.003347448,-0.178469487
0.00500584,-0.004134773,-0.169471199
0.004818389,-0.003313705,-0.146600548
0.004807142,-0.009203645,-0.116606252
0.005054577,-0.001172932,-0.100859247
