0.001717958,-0.006140577,-0.084737312
0.003281295,0.007937542,-0.101609104
0.000791952,-0.016664486,-0.095985173
0.004196053,0.015567094,-0.095985173
0.000417051,-0.021373438,-0.093360672
0.004016101,0.014434846,-0.092610815
0.001770444,-0.014767408,-0.104233605
0.00068698,-0.01057584,-0.088486599
0.006730384,0.01513594,-0.112482036
-0.008921733,-0.035200362,-0.10273389
0.115444176,1.842333231,-0.075739024
0.317058436,3.735328386,-0.064866091
0.449169799,3.420833345,-0.040120797
0.588036879,3.331145796,-0.008626786
0.711049395,3.057284216,0.18858571
0.835550268,2.555567073,0.071607955
0.955027468,2.663565549,-0.002252998
1.047927935,2.523174279,0.251573732
1.142260525,2.405964102,0.002621075
1.221720792,2.334549988,-0.004502571
1.294380355,2.230941786,0.133096262
1.354165817,2.184313408,-0.050243872
1.401890715,2.113829087,0.077231886
1.440902913,2.05829644,-0.016875218
1.468019502,1.994920538,-0.079863239
1.487769287,1.938420607,-0.003002856
1.497059333,1.858439648,-0.21221307
1.49862642,1.796720878,-0.124104826
1.491638265,1.716687431,-0.129728756
1.475738714,1.628769488,-0.299196529
1.452037472,1.555042139,-0.185968061
1.419158655,1.459802075,-0.197590851
1.378500641,1.375112164,-0.209213641
1.330082177,1.274983188,-0.097859817
1.274750538,1.173639482,-0.113981751
1.21275316,1.071650919,-0.139101974
1.144404959,0.957451323,-0.121855254
1.068476259,0.833968791,-0.203214782
0.986106761,0.724965539,-0.311194247
0.902882488,0.614811293,-0.328815896
0.813562324,0.481937101,-0.406801066
0.721272945,0.36384587,-0.449168009
0.621024418,0.204896228,-0.412799925
0.514998666,0.080810081,-0.429296788
0.405838742,-0.077490955,-0.385805059
0.289971839,-0.197471765,-0.348687117
0.180718189,-0.375984555,-0.249331012
0.058181797,-0.625896462,-0.160097981
-0.011838462,-0.316166612,-0.166471769
-0.000692656,-0.037176173,-0.028872936
0.000342071,-0.099071154,-0.032997152
-0.001524936,-0.037768541,-0.136852402
0.001061881,-0.04613293,-0.000753284
-0.001483697,-0.036591303,-0.011251287
0.000585757,-0.02231073,-0.085862099
-0.000692656,-0.030146487,0.037489444
2.72e-05,-0.013803872,0.014993722
-0.000441472,-0.023101804,-0.041620512
-0.000557691,-0.013537681,-0.029247865
-0.000134053,-0.017538041,-0.059992018
-0.000606428,-0.012829089,-0.031872366
-0.00048646,-0.014606193,-0.048744157
-0.0009026,-0.016229582,-0.028498007
-0.000673911,-0.011813065,0.047987447
-0.000925094,-0.016746967,-0.013875788
-0.001003823,-0.009237388,0.038989159
-0.001123792,-0.009739776,0.091104248
-0.001513689,-0.012765353,0.030365798
-0.001596167,-0.011546874,0.105726467
-0.00177612,-0.011415653,0.084355531
-0.001854849,-0.009799763,0.017618223
-0.00188859,-0.011168208,-0.041245583
-0.001836104,-0.008986194,-0.15747348
-0.001686143,-0.009769769,-0.193091707
-0.001749876,-0.011505633,-0.205839283
-0.001731131,-0.00900119,-0.218586858
-0.001656151,-0.011588115,-0.26132873
-0.001768622,-0.009338615,-0.229084862
-0.001618661,-0.007111611,-0.191966921
-0.001543681,-0.009034933,-0.24408201
-0.001551179,-0.007081617,-0.1747202
-0.001494944,-0.010767047,-0.125979469
-0.001569924,-0.010399629,-0.136477473
-0.001442458,-0.007756467,-0.107982892
-0.00143496,-0.008809983,-0.112482036
-0.001314991,-0.007449036,-0.126354398
-0.001247509,-0.009207394,-0.18071906
-0.001258756,-0.007100363,-0.156723623
-0.001176278,-0.009537321,-0.101234175
-0.00124376,-0.010677068,-0.148100263
-0.001067557,-0.009953478,-0.123729897
-0.001142537,-0.011726834,-0.094860387
-0.001221266,-0.006283045,-0.12298004
-0.001221266,-0.008809983,-0.104233605
-0.001228764,-0.008573785,-0.070490022
-0.001633657,-0.011194452,-0.046119656
-0.002274738,-0.013822618,-0.032997152
-0.002398455,-0.010977001,-0.015375503
-0.002990799,-0.013717641,0.01274415
-0.003009544,-0.0089562,0.041988588
-0.003384445,-0.014058815,0.032240442
-0.003560648,-0.009979723,0.01274415
-0.00347817,-0.012382938,0.022867225
-0.004212976,-0.010084699,-0.011626216
-0.003395692,-0.00684542,-0.04499487
-0.00476783,-0.016930676,-0.073114523
-0.003699362,-0.005117054,-0.118855824
-0.004524144,-0.024488995,-0.134977758
-0.004520395,0.000825374,-0.118855824
-0.003331959,-0.020361163,-0.100859247
-0.005656345,-0.005098309,-0.109482607
-0.002199758,-0.00810139,-0.092235886
-0.007107212,-0.027724525,-0.076488881
-0.000681409,0.028430483,-0.089611386
-0.007620826,-0.080419053,-0.105358391
-0.000538946,0.116115977,-0.121855254
-0.014507758,-0.426504567,-0.145475762
-0.217977777,-1.551992953,-0.156723623
-0.468235442,-1.586923932,-0.124854683
-0.660975795,-1.538241012,-0.129353828
-0.854360978,-1.634384625,-0.111732179
-1.015695874,-1.655529921,0.008994863
-1.164070443,-1.788115427,0.037114515
-1.291712986,-1.810089289,0.019867795
-1.399684474,-1.851187647,0.079856387
-1.49948687,-1.819128528,0.079481458
-1.584806839,-1.813842204,0.059235308
-1.660668056,-1.817553879,0.07910653
-1.719280079,-1.797353372,0.114349827
-1.766401385,-1.800948822,0.103851824
-1.801345908,-1.779241151,0.073482599
-1.825287086,-1.759228103,0.088854676
-1.840669274,-1.711714923,0.060360095
-1.845542987,-1.662822049,-0.005627357
-1.841981427,-1.615113911,-0.049494015
-1.828739924,-1.564807602,-0.098984603
-1.806215872,-1.508450139,-0.16609684
-1.774566729,-1.438142029,-0.171720771
-1.733177659,-1.369044899,-0.147350405
-1.683548264,-1.297683274,-0.129728756
-1.626300882,-1.215212869,-0.125229612
-1.561293048,-1.122274793,-0.155598837
-1.490388022,-1.034679279,-0.169471199
-1.411921243,-0.925953465,-0.156723623
-1.325810232,-0.823218818,-0.192341849
-1.235560315,-0.721646413,-0.298071743
-1.141392681,-0.618930512,-0.341188543
-1.044162107,-0.509646072,-0.400427278
-0.938492511,-0.372730279,-0.48066202
-0.828286613,-0.258024545,-0.451417581
-0.710309017,-0.107754223,-0.412799925
-0.588762364,-0.006807928,-0.40267685
-0.46691579,0.138491,-0.397427848
-0.336862633,0.258074399,-0.369683124
-0.214243763,0.421549284,-0.343063187
-0.076433905,0.687413893,-0.34493783
0.009290958,0.357704736,-0.287948668
-0.000392735,0.031219863,-0.222711074
-0.003234484,0.096627813,-0.196840994
-0.000332751,0.035857581,-0.113231894
-0.003613134,0.039588001,-0.046869514
-0.000711401,0.031396073,-0.079863239
-0.003039536,0.017719116,-0.046869514
-0.001326238,0.021775713,0.022867225
-0.002203507,0.00524564,-0.018749861
-0.001959821,0.018900103,-0.019874647
-0.001371226,-0.000674293,-0.004877499
-0.001869845,0.00704524,-0.058867232
-0.001303744,0.006554099,-0.0479943
-0.001637406,-0.005574453,-0.003002856
-0.001112545,0.005684293,0.053236449
-0.00120627,0.002606228,0.124097974
-0.00113129,-0.001877775,0.15109284
-0.000895102,0.004300851,0.156341842
-0.000685158,-0.002830063,0.140219908
-0.000535197,-0.001296654,0.131221619
-0.000482711,0.003614753,0.099352679
-0.000137802,-0.002612611,0.041988588
-4.03e-05,0.003566014,0.037489444
-5.53e-05,-0.001446621,-0.021374362
-0.000205284,-0.002267688,-0.096735031
-0.00022028,0.001129056,-0.104983462
-0.00026152,-0.004839616,-0.146225619
-0.000456468,-0.000636801,-0.177344701
-0.000362743,-0.000835507,-0.165346983
-0.000388986,-0.000858002,-0.176969773
-0.000370241,-0.000783018,-0.218586858
-0.000418978,-0.00167532,-0.250830727
-0.000508954,-0.002185207,-0.239957794
-0.000190288,-0.001769049,-0.263578302
0.000398306,0.00219007,-0.279700236
0.000844438,-0.000561818,-0.23545865
0.001290571,0.002463759,-0.257954372
0.001946647,0.002013859,-0.268077447
0.002137847,0.002853673,-0.259829015
0.002850159,0.002426268,-0.266952661
0.002812669,-0.001232918,-0.248956083
0.003633702,0.008653632,-0.24708144
0.003618706,-0.006792932,-0.208838712
0.003719929,0.007903799,-0.193466635
0.004882122,0.000210511,-0.172095699
0.003322534,2.68e-05,-0.096360102
0.006006825,0.011637969,-0.053993159
0.003581216,-0.013263992,-0.028498007
0.006153037,0.02516121,-0.007502
0.00481464,-0.024406513,0.015743579
0.004297277,0.033735553,0.034864943
0.007911322,-0.022336974,0.034864943
0.000435796,0.013572538,0.040863802
0.014010962,0.023714032,0.013119078
-0.010533807,-0.096802909,-0.01612536
0.094281015,1.14896622,-0.015375503
0.428227829,2.063316574,0.031490585
0.735035561,1.833567681,0.098602822
1.009830496,1.984602834,-0.015750432
1.280692719,2.043026087,0.158591414
1.516093057,2.153315304,0.362927555
1.747661907,2.257950777,0.150342983
1.960137049,2.241049537,0.353929267
2.165893964,2.324925879,0.499026674
2.354124259,2.387278259,0.433414151
2.524929154,2.508316334,0.60100728
2.680929209,2.572164631,0.682366808
2.820819768,2.638243681,0.704487601
2.951026635,2.686206762,0.624252859
3.06563387,2.693142719,0.470907021
3.166362271,2.714096808,0.372300773
3.252222098,2.679372032,0.339307047
3.326178818,2.663471819,-0.05961709
3.388524855,2.650507203,-0.332565183
3.439042764,2.58205868,-0.233209078
3.47999695,2.50590562,-0.265827875
3.510243962,2.41936737,-0.06524102
3.530226186,2.348358166,-0.209963498
3.539879886,2.289031364,-0.60738792
3.540258536,2.228501078,-0.535026681
3.531170936,2.158324189,-0.175470058
3.512894512,2.053966154,-0.0911111
3.488282262,1.957436377,-0.718741744
3.457049259,1.867148961,-0.917828884
3.418779365,1.780172059,-0.467539515
3.373671277,1.696258226,-0.220836431
3.32068277,1.609480029,-0.121480325
3.259573907,1.516200779,-0.203964639
3.190940781,1.40893714,-0.267327589
3.115027077,1.31817733,-0.36818341
3.031851541,1.233191235,-0.591265986
2.941751584,1.146071864,-0.583017555
2.84508711,1.062439218,-0.645255719
2.742971576,0.973662717,-0.839843714
2.633699181,0.880375968,-0.81809785
2.517097472,0.795446111,-0.777980479
2.397039176,0.710182578,-0.659877938
2.272665769,0.62044254,-0.314568606
2.143171215,0.530665011,-0.141351546
2.005773747,0.426966829,-0.130103685
1.861493097,0.333481375,-0.161972625
1.710580449,0.230757975,-0.297321885
1.555446415,0.140403075,-0.342313329
1.39819794,0.034774072,-0.279325308
1.234369952,-0.0588576,-0.335939541
1.070343266,-0.165708831,-0.249331012
0.898349934,-0.281932977,-0.006752143
0.728740973,-0.355949012,-0.073489451
0.553594724,-0.522809394,-0.041620512
0.37933699,-0.5560495,0.110225612
0.208187185,-0.791272175,0.022117367
0.027038771,-0.846294935,-0.063366376
-0.036941833,-0.246769549,-0.028498007
-0.014548997,-0.1008895,-0.03337208
-0.021173497,-0.145620799,-0.231334434
-0.018590429,-0.056375652,-0.218586858
-0.01836174,-0.090163136,-0.036746439
-0.019580168,-0.045889235,0.002621075
-0.017705663,-0.056244431,0.23170251
-0.019910081,-0.049439695,0.345305907
-0.018001835,-0.037989742,0.241450657
-0.019392718,-0.038983271,0.185961209
-0.018729143,-0.027338361,0.062609667
-0.019074052,-0.03309708,-0.05361823
-0.01938522,-0.02590618,-0.273326449
-0.01904406,-0.02891676,-0.348312189
-0.019523933,-0.026161123,-0.324316752
-0.019212765,-0.024638962,-0.388054631
-0.019681391,-0.023143044,-0.266577732
-0.019816356,-0.023630436,-0.259829015
-0.019936324,-0.023577948,-0.225710504
-0.020202504,-0.01862155,-0.046119656
-0.020363711,-0.017654265,-0.048744157
-0.020622393,-0.021009769,-0.077238738
-0.020577405,-0.019817534,-0.092985744
-0.020412448,-0.013781377,-0.176594844
-0.020337468,-0.017867968,-0.242582295
-0.020326221,-0.019176427,-0.200965209
-0.020258739,-0.015850917,-0.162347553
-0.020135022,-0.018647794,-0.170221056
-0.020622393,-0.019450116,-0.068990307
-0.021229732,-0.015532237,0.010119649
-0.021379693,-0.016398295,-0.022499148
-0.022129495,-0.019948755,-0.094485459
-0.022508145,-0.014519963,-0.112482036
-0.022673101,-0.019093945,-0.111732179
-0.023381664,-0.013717641,-0.163847268
-0.023265445,-0.01493612,-0.132353257
-0.024498869,-0.02010622,-0.146225619
-0.0238128,-0.008986194,-0.166846698
-0.024731308,-0.030648875,-0.07086495
-0.024828782,-0.00788019,0.023617082
-0.024483873,-0.022603165,0.083980603
-0.026538331,-0.013608915,0.094478606
-0.023692832,-0.01134067,0.127472332
-0.027704273,-0.030926313,0.051736734
-0.023467891,0.008166241,-0.055492874
-0.027531818,-0.051381763,-0.106108248
-0.025346145,0.033195673,-0.203214782
-0.024757551,-0.075552636,-0.19496635
-0.030973409,0.059218634,-0.185968061
-0.013979147,-0.146974248,-0.156723623
-0.204293891,-1.511704415,-0.171345842
-0.562429318,-1.850625272,-0.111732179
-0.856981536,-1.592337728,-0.019499719
-1.146210159,-1.706593562,-0.151099692
-1.417181104,-1.646445692,0.135345835
-1.666707712,-1.718763355,0.19420964
-1.912204133,-1.661569827,-0.062991448
-2.142824484,-1.609036513,0.186711066
-2.369302178,-1.620898875,0.079481458
-2.575891374,-1.60851163,-0.019499719
-2.771630935,-1.647158033,0.25194866
-2.95148969,-1.650865958,0.249324159
-3.118466846,-1.68718038,0.298439819
-3.274286949,-1.701584676,0.343806192
-3.413401463,-1.707714562,0.242575443
-3.538670883,-1.715790266,0.115099685
-3.648618099,-1.71195112,-0.01050143
-3.745567498,-1.704471534,-0.076113952
-3.828848006,-1.68583443,-0.233958935
-3.899700546,-1.672449907,-0.164972054
-3.957191614,-1.647904117,0.100102537
-4.000503927,-1.620760155,0.075732171
-4.032370512,-1.595254579,0.077231886
-4.052967573,-1.558853926,0.147718482
-4.062617524,-1.515764762,0.022492296
-4.061444084,-1.472645603,0.002996003
-4.049923376,-1.432544524,-0.113981751
-4.0291951,-1.387348328,-0.326941253
-3.999765372,-1.345470143,-0.275950949
-3.962211538,-1.30430805,-0.263578302
-3.915772552,-1.25566637,-0.257579443
-3.85980733,-1.204119087,-0.222711074
-3.795234382,-1.140788175,-0.100484318
-3.721937488,-1.078664494,0.088479747
-3.6399054,-1.018872795,-0.012001145
-3.549546761,-0.958155052,-0.137602259
-3.451472659,-0.899465607,-0.20358971
-3.346732818,-0.828880059,-0.47466316
-3.234689905,-0.758508213,-0.584892198
-3.11500651,-0.691023225,-0.566520692
-2.989126001,-0.622417236,-0.558272261
-2.859297785,-0.562363095,-0.408675709
-2.725293171,-0.491308901,-0.332190254
-2.583625581,-0.410319417,-0.280450094
-2.434917351,-0.32920996,-0.391803918
-2.277867573,-0.235465813,-0.393678561
-2.11564791,-0.163519318,-0.313443819
-1.95050402,-0.075027753,-0.402301921
-1.779436693,0.003532272,-0.338189114
-1.606757293,0.083768173,-0.353186262
-1.426527386,0.184575749,-0.314943534
-1.246226248,0.254598922,-0.204339568
-1.060129141,0.366912688,-0.14885012
-0.872911079,0.42066823,0.010119649
-0.686304106,0.570901061,0.116224471
-0.491884197,0.631776269,0.158591414
-0.309851016,0.754591449,0.098602822
-0.10432279,0.984287853,-0.056992589
0.016087913,0.43635849,-0.166846698
-8.53e-05,0.05235766,-0.276325878
-0.001644904,0.152820313,-0.295822171
0.001807934,0.058030149,-0.154099122
-0.002214754,0.074665198,-0.050618801
0.001687966,0.049512043,-0.052118516
-0.001453705,0.033446867,0.105726467
0.001204343,0.039655486,0.183711637
-0.000366492,0.017947815,0.05586095
0.000304581,0.033563091,0.161965772
0.000634494,0.014888495,0.109475754
0.000214605,0.020965894,-0.06824045
0.001166853,0.012938929,-0.103858676
0.000559514,0.013010163,-0.250080869
0.001466774,0.015420877,-0.2988216
0.001361802,0.007502638,-0.264703088
0.001579244,0.012155353,-0.167221626
0.001796687,0.007768829,-0.056992589
0.001815432,0.008342452,-0.074989166
0.002606473,0.0103745,-0.07386438
0.003551224,0.008511164,-0.100109389
0.004533464,0.008488669,-0.162722482
0.005170796,0.010438235,-0.178844416
0.005695657,0.007600117,-0.170221056
0.006036817,0.006880277,-0.144725904
0.006779121,0.006614086,-0.101234175
0.006689145,-0.002087728,-0.088486599
0.007326477,0.010337008,-0.085862099
0.007783856,0.000262999,-0.012751002
0.007495182,0.005916741,0.006370362
0.009118504,0.006576594,-0.004127642
0.007506429,-0.000445593,0.037114515
0.01022821,0.014108669,-0.047244442
0.008466176,-0.014823645,-0.159723052
0.009950784,0.025292431,-0.199090566
0.010625606,-0.026022404,-0.231709363
0.007821346,0.020096087,-0.210713356
0.013932232,-0.002571371,-0.165721912
0.004353512,-0.014107554,-0.060366947
0.019000894,0.058127627,-0.026623364
-0.003148257,-0.14746164,-0.028123079
0.069233879,0.925036034,0.020992581
0.410138856,2.011221912,-0.028123079
0.762538298,1.733468698,0.077606815
1.071700408,1.742822867,-0.011626216
1.3930468,1.767946029,-0.003377784
1.68035593,1.75625238,0.267695666
1.964617116,1.757980745,-0.027373221
2.234373381,1.640343164,0.091104248
2.502596302,1.67447932,0.284942386
2.762106523,1.66108355,0.052111663
3.006965613,1.690492008,0.38767285
3.241083789,1.711689793,0.333308188
3.458672581,1.742380466,0.169089418
3.66911201,1.787066775,0.277068883
3.866924774,1.801651031,-0.081362954
4.052208346,1.819605787,0.069733312
4.222098483,1.822537635,0.139095122
4.376973835,1.834928628,-0.083612526
4.519979822,1.840488642,0.240325871
4.650190437,1.849929042,0.087354961
4.769727621,1.845602504,0.021742438
4.876769354,1.83362017,0.285692243
4.969306168,1.828138889,0.178837564
5.048661463,1.813322185,0.253448375
5.115705009,1.79270927,0.1192239
5.170909181,1.754966416,-0.073489451
5.215065021,1.724395716,0.098227893
5.247587682,1.705237478,-0.059992018
5.267761105,1.668754344,-0.356185691
5.275915202,1.626445006,-0.277825593
5.272754787,1.586250197,-0.187092848
5.258965928,1.549692079,-0.187092848
5.234687339,1.505579392,-0.127479184
5.200365152,1.459565878,-0.100859247
5.156981609,1.416109295,-0.079113382
5.105421474,1.361457702,-0.273326449
5.046607005,1.315751619,-0.36518398
4.980328258,1.268909539,-0.324316752
4.905865421,1.215798854,-0.423672857
4.82324099,1.159947528,-0.325066609
4.732263764,1.10176797,-0.320567465
4.632971234,1.046610239,-0.411675139
4.525749548,0.986147439,-0.425172572
4.410437498,0.924687361,-0.364434123
4.288182282,0.859039465,-0.242957224
4.160584727,0.800668699,-0.31044439
4.02678256,0.736595452,-0.326191395
3.886093462,0.667295868,-0.367433552
3.739383454,0.611122114,-0.554522974
3.588883196,0.550704304,-0.559022118
3.434367749,0.483440516,-0.547399328
3.272253059,0.408340972,-0.416549212
3.102475392,0.326166752,-0.200215352
2.924896035,0.24476486,-0.202839853
2.742937835,0.17638757,-0.130478614
2.557800474,0.102930161,-0.163472339
2.368430481,0.031722251,-0.30182103
2.175761359,-0.05656311,-0.310819319
1.977101319,-0.134976917,-0.30182103
1.777935163,-0.211264947,-0.281949809
1.57288681,-0.303655645,-0.335564613
1.368130879,-0.360717951,-0.330315611
1.159419744,-0.47567113,-0.245581725
0.9484667,-0.533130848,-0.241832438
0.740550355,-0.676821384,-0.145475762
0.522219259,-0.749558954,0.045737875
0.319120391,-0.840048824,0.098602822
0.093358758,-1.101894327,0.026616511
-0.056432936,-0.564256424,0.021742438
-0.046779236,-0.086631422,-0.043870084
-0.040282201,-0.19110943,-0.245956653
-0.046216884,-0.094632142,-0.151474621
-0.040203472,-0.096952876,-0.052493444
-0.044522332,-0.082927245,-0.14885012
-0.040912035,-0.058164004,-0.046494585
-0.043131449,-0.072369594,-0.045369799
-0.042032989,-0.044648261,-0.125979469
-0.042014244,-0.056064471,-0.086611956
-0.042565348,-0.038915786,-0.0911111
-0.041860534,-0.046361629,-0.055492874
-0.042794038,-0.04082786,-0.07086495
-0.042186698,-0.036733771,-0.151474621
-0.042816532,-0.038364658,-0.139476903
-0.042456627,-0.030521403,-0.167221626
-0.042854022,-0.033561977,-0.173595414
-0.043525095,-0.032677174,-0.094485459
-0.044518583,-0.032748408,-0.034496867
-0.045275883,-0.030172731,0.007870077
-0.045796995,-0.032088555,-0.020249576
-0.046824224,-0.028493104,-0.088861528
-0.047326591,-0.029434145,-0.103858676
-0.048275091,-0.026727247,-0.127104255
-0.047907688,-0.02204079,-0.163097411
-0.048889928,-0.030960056,-0.109107678
-0.048526274,-0.021373438,-0.077238738
-0.049051136,-0.032302257,-0.103108819
-0.049815934,-0.018002938,-0.05961709
-0.048683733,-0.030506406,-0.022499148
-0.051259303,-0.023499215,-0.032997152
-0.048218855,-0.013485193,0.04161366
-0.052185308,-0.042856159,0.081356102
-0.048923669,0.007191458,0.000371503
-0.051128087,-0.061774451,-0.076488881
-0.051840399,0.020598475,-0.141351546
-0.046992929,-0.061845685,-0.18934242
-0.058914781,0.008717368,-0.254205085
-0.033665199,-0.032534705,-0.191217063
-0.195120063,-1.358588475,-0.185218204
-0.575757049,-1.894647979,-0.167596555
-0.905763654,-1.611507214,-0.060741876
-1.224849393,-1.744403901,-0.197215922
-1.538918957,-1.695702235,0.057360665
-1.82526834,-1.721642714,0.178087706
-2.110061885,-1.633608547,-0.049868943
-2.379758167,-1.560739757,0.169464346
-2.650455434,-1.594583478,0.150342983
-2.906524064,-1.574934099,0.04161366
-3.151780549,-1.613632991,0.118474043
-3.382742059,-1.605197367,0.116599399
-3.60044707,-1.63827251,0.205082573
-3.811156428,-1.662758313,0.138345264
-4.008238134,-1.672832322,0.112475184
-4.193334256,-1.686111868,0.158216485
-4.362264647,-1.68097926,-0.054743016
-4.518208467,-1.689283662,-0.065615949
-4.661596852,-1.684244783,-0.056242731
-4.791818714,-1.686981674,-0.178844416
-4.912004477,-1.686355564,-0.095985173
-5.0185176,-1.668944437,-0.008626786
-5.111196876,-1.655383703,0.046862661
-5.191571902,-1.637680142,0.077231886
-5.258926615,-1.620355245,0.194959498
-5.314486944,-1.604919929,0.224953794
-5.357720527,-1.582383692,0.222329293
-5.38849615,-1.560278609,0.250448945
-5.407169969,-1.535879037,0.085480317
-5.413487051,-1.505709498,0.028866084
-5.408759549,-1.474760133,-0.093360672
-5.39356856,-1.441377559,-0.24408201
-5.367524188,-1.408133704,-0.279325308
-5.331342492,-1.372737828,-0.299196529
-5.28632438,-1.333754,-0.225335575
-5.232507342,-1.298819271,-0.284949238
-5.170858621,-1.263164702,-0.263578302
-5.101584415,-1.220461702,-0.145100833
-5.02344005,-1.174039528,-0.237333293
-4.937074107,-1.126462612,-0.219711644
-4.841980468,-1.074911579,-0.121105396
-4.738245361,-1.02231078,-0.1747202
-4.626719812,-0.967816652,-0.223086003
-4.50710015,-0.906746487,-0.175095129
-4.380364867,-0.848585675,-0.184468347
-4.247177538,-0.792884316,-0.265078017
-4.107714366,-0.728454898,-0.200590281
-3.961581705,-0.663099436,-0.16909627
-3.810080462,-0.608275382,-0.240332723
-3.655718724,-0.551273062,-0.270701948
-3.496059635,-0.476488448,-0.32469168
-3.328197712,-0.399731772,-0.413924711
-3.152669064,-0.321580407,-0.489660308
-2.970264732,-0.245937234,-0.489660308
-2.784437553,-0.178602213,-0.464165157
-2.594182793,-0.099311101,-0.436420433
-2.400707634,-0.029171703,-0.388054631
-2.203247278,0.060628321,-0.304820459
-2.00101818,0.128776911,-0.233584006
-1.798451672,0.211817189,-0.232834149
-1.590017963,0.299060282,-0.200215352
-1.383672453,0.365922908,-0.121480325
-1.170286301,0.481389722,-0.097859817
-0.958238547,0.533859301,-0.140976617
-0.743558987,0.696284419,-0.127104255
-0.524879234,0.730832984,-0.088486599
-0.317963874,0.899684173,-0.075739024
-0.089248021,1.053013815,-0.052868373
0.021988855,0.375749472,0.003370932
-0.001772371,0.068913978,0.098602822
0.001732954,0.169012961,0.078356672
0.002801422,0.056354271,0.105351539
-0.000149049,0.08625387,0.128222189
0.003258801,0.044281957,-0.044619942
8.71e-05,0.044105746,-0.018749861
0.00299637,0.045646653,0.010869506
0.001001897,0.023054179,-0.091860958
0.002501501,0.037555953,-0.002627927
0.002362787,0.019376247,0.00412079
0.002115353,0.025172458,-0.006002285
0.002943884,0.016020744,0.013119078
0.002494003,0.017351698,-0.070490022
0.003352526,0.017078008,-0.03337208
0.003000119,0.011596728,-0.066740735
0.003405012,0.012856447,-0.136477473
0.003738674,0.010625694,-0.152224478
0.004241041,0.01432987,-0.258329301
0.005433227,0.012207842,-0.283824452
0.006096801,0.007832565,-0.255329871
0.007097787,0.010753165,-0.211463213
0.007978804,0.00736017,-0.135352687
0.008038789,0.00727019,-0.100859247
0.008788591,0.00866488,-0.08248774
0.008439933,0.005504333,-0.091486029
0.009377185,0.011356781,-0.12860397
0.009560887,-0.000141911,-0.146975477
0.009875804,0.011634219,-0.110982321
0.010809307,-0.001067955,-0.098609674
0.00951215,0.005939236,-0.082862669
0.012177696,0.007273939,-0.042745298
0.009418424,-0.008303845,-0.040495726
0.012680063,0.024865026,-0.027373221
0.010366924,-0.027765766,-0.073114523
0.011341666,0.039764212,-0.07386438
0.013471104,-0.032167287,-0.076113952
0.007292736,0.031684759,-0.172845557
0.020815415,-0.002597615,-0.21821193
-0.005611357,-0.047373904,-0.211463213
0.129540454,1.272295036,-0.232084291
0.49779071,1.970086063,-0.181468917
0.828228451,1.632016266,-0.011626216
1.138072881,1.724496944,-0.10273389
1.44825847,1.682112622,0.106476325
1.729265515,1.701308352,0.282692814
2.007633256,1.647350355,-0.050618801
2.271769756,1.546295335,0.146968624
2.538339363,1.572250811,0.096728178
2.789451802,1.536108851,-0.029997722
3.025628185,1.564043887,0.167964631
3.25194842,1.571913386,-0.007502
3.467771428,1.600403299,0.136095692
3.674045707,1.617964392,0.09635325
3.863014556,1.605802098,-0.03637151
4.037909622,1.616798401,0.190460353
4.198202293,1.620337614,-0.011251287
4.346348173,1.623138241,0.016868365
4.483097061,1.624259242,0.103101966
4.607635424,1.620412597,-0.124104826
4.718572379,1.606683152,-0.012001145
4.813890959,1.589065821,-0.028872936
4.896680346,1.577068489,-0.03337208
4.967424165,1.561040805,0.116224471
5.025425099,1.541301446,0.13084669
5.071492934,1.51422122,0.152967483
5.105222777,1.484475337,0.096728178
5.1267196,1.466426852,0.048362376
5.136362054,1.437723237,-0.103108819
5.134618764,1.405064252,-0.188217634
5.121444743,1.369750857,-0.18934242
5.097548553,1.328929938,-0.316818178
5.063859949,1.29862168,-0.314193677
5.020825064,1.261384963,-0.31606832
4.969628583,1.221013943,-0.309694532
4.91056293,1.18596674,-0.271076876
4.843279448,1.146128102,-0.228335005
4.767470717,1.094190905,-0.113231894
4.683346681,1.045729185,-0.16047291
4.590791123,0.999974364,-0.196091136
4.489601594,0.937532004,-0.168721341
4.380284211,0.88212308,-0.260578873
4.263176386,0.826372981,-0.317568035
4.139204123,0.76519784,-0.256079728
4.008937273,0.715750089,-0.222711074
3.872019678,0.652302953,-0.253830156
3.728672532,0.586441354,-0.207338997
3.580935295,0.534088,-0.245581725
3.429595259,0.470940797,-0.296946957
3.271596982,0.402432287,-0.272576591
3.105819509,0.321757733,-0.297696814
2.932157867,0.238293799,-0.254205085
2.752846468,0.177733521,-0.29019824
2.569332429,0.101790414,-0.333689969
2.381833191,0.035133992,-0.287948668
2.191211029,-0.045266873,-0.29319767
1.994166812,-0.12732112,-0.231709363
1.796717703,-0.191664307,-0.189717348
1.593686317,-0.288426532,-0.221961217
1.390325019,-0.345102675,-0.234333864
1.184740557,-0.454728289,-0.285699096
0.974544814,-0.514486245,-0.316818178
0.769507708,-0.640998103,-0.29019824
0.552372547,-0.745873523,-0.281199951
0.34998974,-0.800026477,-0.192716778
0.127620961,-1.090676822,-0.098984603
-0.040503393,-0.655406148,-0.088486599
-0.04240789,-0.0972903,0.082480888
-0.03047854,-0.182906255,0.14246948
-0.038872573,-0.105073569,0.128222189
-0.03214685,-0.087977372,0.295065461
-0.036705646,-0.088640974,0.210706503
-0.033616461,-0.052536506,0.16833956
-0.035348504,-0.07553389,0.150717911
-0.034857384,-0.043680976,-0.041245583
-0.034212554,-0.053342577,-0.012001145
-0.035374747,-0.037941003,-0.096360102
-0.034186311,-0.037656066,-0.126729327
-0.035284771,-0.038387153,-0.034871795
-0.034673682,-0.034139348,-0.16909627
-0.035258528,-0.035777734,-0.159348124
-0.035191046,-0.028091944,-0.153349264
-0.035236034,-0.031511183,-0.18934242
-0.035772142,-0.027941977,-0.124854683
-0.035745899,-0.028729302,-0.135352687
-0.036634415,-0.030191477,-0.09973446
-0.037669141,-0.028928008,-0.110232464
-0.03820525,-0.031376213,-0.137602259
-0.039221231,-0.030052757,-0.09710996
-0.039461168,-0.02244195,-0.089236457
-0.039772336,-0.025201337,-0.079488311
-0.040563377,-0.022007047,-0.101984033
-0.040158484,-0.024080336,-0.145850691
-0.041376912,-0.025250076,-0.215587429
-0.040559628,-0.01660075,-0.287948668
-0.041856785,-0.028987994,-0.322817037
-0.041628096,-0.01358642,-0.319442679
-0.041710574,-0.034450529,-0.258329301
-0.043236421,-0.01408131,-0.169846127
-0.040642106,-0.026104886,-0.061116804
-0.045039695,-0.027334612,-0.025873506
-0.040102249,-0.00104546,-0.001128212
-0.045695772,-0.055498347,0.008245005
-0.041024505,0.036105026,-0.019499719
-0.043637565,-0.094328459,-0.038996011
-0.046078171,0.085833964,-0.11435668
-0.036064565,-0.262519795,-0.091860958
-0.266647425,-1.63912357,-0.209963498
-0.647880503,-1.811866394,-0.168721341
-0.959029588,-1.606142157,-0.10573332
-1.276683205,-1.735060979,-0.273701377
-1.57507066,-1.670897752,0.14246948
-1.855087966,-1.710807624,0.144344123
-2.129065617,-1.590151964,-0.053243302
-2.392272362,-1.564946321,0.220829578
-2.655524095,-1.576403772,0.04423816
-2.898801103,-1.553455127,0.077981743
-3.131269715,-1.590046988,0.130096833
-3.352412568,-1.600882077,0.073482599
-3.564981435,-1.635284424,0.257572591
-3.765159824,-1.636656619,0.074232456
-3.948850067,-1.640319554,0.102727038
-4.118406542,-1.646186999,0.122973187
-4.274222896,-1.649966159,-0.116231323
-4.418690996,-1.652673056,-0.001128212
-4.550303741,-1.651405838,-0.083612526
-4.669848423,-1.646771869,-0.147350405
-4.774550774,-1.628044785,-0.02774815
-4.865048127,-1.617070976,-0.069740164
-4.943601133,-1.604076367,-0.018000004
-5.009681183,-1.586796461,0.073482599
-5.063591947,-1.56787442,0.157841557
-5.104703591,-1.545566882,0.164965202
-5.133454749,-1.518621626,0.19720907
-5.150389027,-1.48596639,0.155966913
-5.155637641,-1.457304016,-0.000378355
-5.150190329,-1.429518947,-0.046494585
-5.133987108,-1.394771676,-0.18071906
-5.107084212,-1.356548929,-0.308569746
-5.070936258,-1.322858923,-0.365933837
-5.02582817,-1.284729905,-0.374932126
-4.972404777,-1.242120634,-0.370432982
-4.911029734,-1.202559434,-0.425547501
-4.84083702,-1.15659091,-0.293947527
-4.762089065,-1.107810511,-0.187842705
-4.674920834,-1.060462293,-0.240707652
-4.579351071,-1.007321614,-0.150724764
-4.475552231,-0.950225565,-0.061491733
-4.363760502,-0.89459544,-0.141726475
-4.2442908,-0.837356923,-0.167596555
-4.117799203,-0.777591468,-0.092610815
-3.984986774,-0.71604141,-0.134977758
-3.845103713,-0.653910231,-0.158598266
-3.699166001,-0.596259305,-0.110982321
-3.55011661,-0.538357185,-0.182968632
-3.396380957,-0.469833678,-0.251580584
-3.235143535,-0.397073614,-0.287948668
-3.066220643,-0.320763089,-0.326941253
-2.889829722,-0.248070509,-0.358060335
-2.709153683,-0.174871792,-0.380181128
-2.523731398,-0.096551715,-0.337439256
-2.334875019,-0.027128408,-0.325441538
-2.140777524,0.064984852,-0.300696244
-1.942593608,0.127419713,-0.22383586
-1.743228755,0.211550998,-0.163472339
-1.538240386,0.290635906,-0.121480325
-1.335913814,0.367595036,-0.115106537
-1.126149207,0.47155566,-0.098609674
-0.91990492,0.523601582,-0.098984603
-0.70825456,0.697607875,-0.11135725
-0.495636956,0.717467207,-0.110232464
-0.290374909,0.925515927,-0.034871795
-0.067623731,1.00169898,-0.05661766
0.022918609,0.295408594,-0.128978899
-0.003226986,0.078991736,0.011244435
0.003476243,0.156254549,-0.029622793
0.001950396,0.051484105,-0.034121938
0.001005646,0.090407946,0.050986877
0.003307538,0.044566894,-0.036746439
0.000462039,0.051619075,0.064859239
0.003315036,0.039850443,0.014993722
0.001110618,0.026184733,-0.044619942
0.003052605,0.031587281,0.052111663
0.002336544,0.015098449,-0.076488881
0.002389031,0.027579422,-0.028498007
0.003105091,0.015514606,0.018743009
0.002786426,0.018393966,-0.058867232
0.003498738,0.012950177,0.003370932
0.003228809,0.008657382,-0.038996011
0.003851144,0.010693179,-0.085862099
0.003806156,0.008110003,-0.123354969
0.004128571,0.012327815,-0.144350976
0.004732162,0.010228282,-0.102358961
0.005568191,0.011184319,-0.134977758
0.00659542,0.00933973,-0.145475762
0.007472688,0.009718396,-0.11435668
0.008125016,0.006936514,-0.104983462
0.008038789,0.004821985,-0.130478614
0.008912308,0.007975033,-0.110607393
0.008694865,0.0016052,-0.090736172
0.009553389,0.006602839,-0.126729327
0.009534644,-0.000591811,-0.139476903
0.009797074,0.009662158,-0.162722482
0.011172961,-0.000288129,-0.154848979
0.009688353,0.005418102,-0.10835782
0.012282668,0.005793019,-0.061491733
0.009493405,-0.0085063,-0.003002856
0.012533852,0.02511622,-0.032247294
0.010843048,-0.02815193,-0.07686381
0.011349164,0.040071643,-0.0911111
0.014183416,-0.031784872,-0.172095699
0.007333975,0.020456007,-0.188592562
0.020961626,0.004345841,-0.223460931
-0.004959029,-0.058029034,-0.190842134
0.121570058,1.222581095,-0.166846698
0.485437722,1.958013748,-0.152599407
0.815845471,1.626051343,0.034490014
1.121457269,1.706875864,-0.127854113
1.429659632,1.680136812,0.058485451
1.707866166,1.699793689,0.253073446
1.98281481,1.655684751,-0.101234175
2.244105811,1.552147783,0.124472902
2.505921673,1.567643086,0.066358954
2.751099429,1.532123487,-0.070490022
2.983440575,1.568726595,0.142094551
3.207942541,1.588660911,-0.031497437
3.419967802,1.607474226,0.146218767
3.620584825,1.61694087,0.128597118
3.803274082,1.612618081,-0.0911111
3.972418166,1.619396573,0.114724756
4.127364749,1.618328061,-0.084737312
4.270996821,1.62759225,-0.097484888
4.404015444,1.626280042,0.079856387
4.52229671,1.611264632,-0.125229612
4.626091801,1.594985754,-0.018374932
4.715978064,1.583397082,0.024741868
4.793001475,1.569922579,-0.01050143
4.858324225,1.548803527,0.152967483
4.911308983,1.531264928,0.161965772
4.951524614,1.50343112,0.173213633
4.979612197,1.469673629,0.190835282
4.99550425,1.450039247,0.129721904
4.999841855,1.420330856,-0.028123079
4.993457291,1.385546093,-0.138352117
4.975968159,1.350708843,-0.184843275
4.948360449,1.314889311,-0.298446671
4.911413956,1.284408591,-0.331815326
4.865454842,1.246189593,-0.292447812
4.81131164,1.207082043,-0.237708222
4.748594451,1.167937,-0.262078588
4.677115827,1.121256135,-0.251205655
4.596909507,1.071392227,-0.132728186
4.508564086,1.02309547,-0.174345272
4.41209831,0.971653164,-0.198340709
4.307223504,0.913106187,-0.135727616
4.194775698,0.856283827,-0.210713356
4.075013574,0.800634957,-0.302570887
3.948818148,0.743640135,-0.250455798
3.816050708,0.683192332,-0.213337856
3.67574026,0.613184155,-0.273326449
3.530683565,0.55952984,-0.227210218
3.382627662,0.504510829,-0.240707652
3.228502112,0.428586469,-0.335189684
3.06711098,0.358330847,-0.360684836
2.897273329,0.277003938,-0.395178276
2.721249812,0.203400311,-0.362934408
2.540944925,0.12891563,-0.361059764
2.356242449,0.06103698,-0.32206718
2.168848184,-0.019060203,-0.216337286
1.974492008,-0.102951541,-0.23545865
1.779011128,-0.168663174,-0.189717348
1.5782254,-0.26604776,-0.127104255
1.376588646,-0.323649947,-0.173595414
1.173118626,-0.431712158,-0.202839853
0.965183536,-0.494518187,-0.257204514
0.762841968,-0.618248164,-0.303320745
0.549095912,-0.725493057,-0.305195388
0.349543608,-0.783803836,-0.302945816
0.130410224,-1.07580763,-0.280075165
-0.036615669,-0.651911925,-0.205464354
-0.039236227,-0.093552382,-0.076113952
-0.026838251,-0.176562666,-0.005252428
-0.035198544,-0.103648886,0.088479747
-0.028566545,-0.086560187,0.157466628
-0.033121592,-0.089087125,0.091854105
-0.029923687,-0.052146593,0.193084854
-0.031498271,-0.070974904,0.281942956
-0.031097127,-0.039718107,0.167589703
-0.030332329,-0.05265273,0.161590844
-0.031711964,-0.038413398,0.107976039
-0.030452297,-0.03835716,0.006370362
-0.031696968,-0.037427367,-0.035246724
-0.031325816,-0.03094131,-0.134227901
-0.031610741,-0.034023124,-0.107607963
-0.031779447,-0.02694095,-0.125229612
-0.031858176,-0.028673064,-0.201340138
-0.032101861,-0.025598748,-0.174345272
-0.032109359,-0.025684979,-0.218586858
-0.032619225,-0.025392544,-0.19796578
-0.033331537,-0.029749075,-0.101234175
-0.034415001,-0.031492437,-0.057367517
-0.035052332,-0.025055119,-0.007127072
-0.035595939,-0.023975359,0.040113945
-0.035757146,-0.020964779,0.020617652
-0.036244517,-0.026022404,-0.034121938
-0.036810618,-0.021197227,-0.050618801
-0.036443215,-0.021677121,-0.085862099
-0.03771038,-0.023233024,-0.124104826
-0.036885598,-0.014343752,-0.174345272
-0.038074034,-0.030588888,-0.268827304
-0.038021548,-0.010965753,-0.293572598
-0.037942819,-0.030656373,-0.308194818
-0.039573638,-0.015817174,-0.259454087
-0.036964327,-0.021493411,-0.144725904
-0.041275689,-0.028909262,-0.122230182
-0.036600673,0.001080317,-0.059992018
-0.041703076,-0.056240682,-0.078738453
-0.037781612,0.034597861,-0.12298004
-0.039183741,-0.089087125,-0.08548717
-0.043333895,0.076044891,-0.126729327
-0.029968675,-0.216989923,-0.078363524
-0.247370016,-1.596109389,-0.133852972
-0.626631114,-1.827365446,-0.092610815
-0.937124122,-1.59974608,-0.067490592
-1.249679086,-1.734251159,-0.253830156
-1.546330749,-1.676810187,0.08473046
-1.822689022,-1.720521713,0.063734453
-2.093659966,-1.616024959,-0.090361243
-2.354006217,-1.579984226,0.211081432
-2.612001838,-1.585960397,0.0356148
-2.849370406,-1.570011444,0.120723615
-3.078622368,-1.615305119,0.189710496
-3.29726838,-1.624715526,0.074232456
-3.504768585,-1.653662836,0.32131047
-3.698251242,-1.650854711,0.163090558
-3.87518202,-1.657910641,0.173588562
-4.039159969,-1.66384932,0.248574302
-4.188985404,-1.665813883,-0.058867232
-4.328444827,-1.674665664,0.026616511
-4.454872692,-1.667156085,-0.028123079
-4.567118051,-1.657621955,-0.16909627
-4.665458332,-1.640784451,-0.015750432
-4.750227197,-1.627808587,-0.025498578
-4.823122948,-1.614566533,0.028116226
-4.883845663,-1.596319342,0.107976039
-4.931941712,-1.574739143,0.097478036
-4.966991207,-1.549151085,0.135345835
-4.98958649,-1.521332273,0.180337279
-5.000578587,-1.4915414,0.142844409
-5.000649818,-1.463396411,0.028866084
-4.989931399,-1.42824423,-0.018749861
-4.968861963,-1.39390187,-0.087736742
-4.937943877,-1.36113041,-0.208463783
-4.897735745,-1.322922659,-0.282699666
-4.849568464,-1.286323301,-0.26132873
-4.792898429,-1.243650293,-0.271451805
-4.727065814,-1.199155191,-0.380930985
-4.652610475,-1.150303558,-0.331440397
-4.569273732,-1.098111418,-0.274826163
-4.477276775,-1.048262507,-0.343813044
-4.377710568,-0.993221001,-0.272201662
-4.270290184,-0.940732677,-0.184468347
-4.155060613,-0.881282152,-0.220461502
-4.033161553,-0.819627117,-0.200965209
-3.904806697,-0.763873269,-0.093735601
-3.76911128,-0.694742398,-0.082862669
-3.626435207,-0.630163013,-0.116981181
-3.479916398,-0.576793635,-0.10273389
-3.329307419,-0.510752076,-0.1747202
-3.172332622,-0.440597682,-0.278950379
-3.007623616,-0.359439485,-0.328440967
-2.8350042,-0.28142309,-0.363684265
-2.658178394,-0.207647002,-0.422923
-2.476100225,-0.129465643,-0.447668294
-2.29090288,-0.064402616,-0.394803347
-2.100715603,0.030889936,-0.371557768
-1.905973279,0.101183049,-0.365933837
-1.709172748,0.18848238,-0.318692821
-1.506741204,0.263476947,-0.271826734
-1.30688523,0.344230234,-0.24108258
-1.099456255,0.451572605,-0.223460931
-0.896316149,0.508068788,-0.211838142
-0.687829954,0.681643926,-0.186717919
-0.479651177,0.695890757,-0.145850691
-0.276544811,0.918385013,-0.134602829
-0.05929718,0.973700208,-0.126729327
0.022629936,0.270379162,-0.010876359
-0.003418186,0.088285918,0.044988018
0.004121073,0.153558898,0.032615371
0.002059118,0.050621797,0.132721334
0.00140679,0.088495872,0.08772989
0.003288793,0.035853832,0.020992581
0.001005646,0.04826732,0.137970335
0.003817403,0.036150016,0.13084669
0.001706711,0.02777063,0.107976039
0.003307538,0.032790763,0.145468909
0.00265521,0.014866,0.074607385
0.003007617,0.023837755,0.033740157
0.003435004,0.010606948,-0.029622793
0.003105091,0.018615166,-0.085862099
0.003813654,0.013688762,-0.028123079
0.003569969,0.010130804,-0.022499148
0.004072336,0.014892245,-0.01050143
0.004042344,0.006805294,-0.041245583
0.004331018,0.005511831,-0.103483747
0.005238278,0.010082065,-0.07686381
0.006194276,0.011086841,-0.066740735
0.006865349,0.008758609,-0.023249006
0.007630147,0.01077941,0.03861423
0.008098773,0.00583051,0.032990299
0.008237486,0.00596548,0.005245576
0.009099758,0.005046935,-0.055867803
0.008856073,0.00219007,-0.121105396
0.010014517,0.009853366,-0.125229612
0.009804572,-0.001817788,-0.118855824
0.010430657,0.01077566,-0.121480325
0.011311674,-0.002766327,-0.136852402
0.009984525,0.007956288,-0.176594844
0.01269131,0.007768829,-0.218586858
0.009665859,-0.007287821,-0.194591421
0.013302399,0.022199369,-0.141351546
0.010621857,-0.027143405,-0.09411053
0.012365146,0.041027681,-0.058492303
0.013857252,-0.037941003,-0.139476903
0.008398694,0.041050176,-0.158223338
0.020811666,-0.016611997,-0.234333864
-0.004824065,-0.013935093,-0.293947527
0.142924419,1.336315795,-0.218586858
0.513379094,1.949611867,-0.123354969
0.838358276,1.625087807,0.051361806
1.146440671,1.739984749,-0.123354969
1.452232421,1.702999226,0.022117367
1.730461449,1.733288738,0.165340131
2.005293874,1.672162336,-0.144350976
2.266209974,1.594805794,0.13947005
2.528685662,1.617874412,0.123348116
2.773394792,1.588192265,0.093728749
3.005151092,1.629286873,0.323934971
3.227568608,1.644920896,0.12222333
3.438799079,1.677812329,0.28081817
3.639457341,1.691290581,0.234327011
3.822491507,1.688579934,0.10497661
3.991826791,1.689161054,0.296190247
4.146578426,1.692482815,0.04423816
4.289007065,1.702088179,-0.001128212
4.420646053,1.702673049,0.005620504
4.539317215,1.699999893,-0.202839853
4.643183537,1.682026392,-0.051743587
4.733365973,1.671176305,0.026241583
4.811064205,1.65429756,0.08173103
4.87621825,1.638206139,0.19720907
4.929337973,1.619659015,0.173588562
4.969688567,1.589170797,0.125597688
4.997584951,1.568932799,0.118099114
5.013158338,1.536663727,0.104226752
5.017102297,1.501219112,-0.009751572
5.010447804,1.475721034,-0.018374932
4.992921182,1.438937966,-0.078738453
4.965167261,1.403287147,-0.21821193
4.928108297,1.370541931,-0.291697955
4.882242909,1.33184304,-0.346812474
4.828122201,1.295172447,-0.319442679
4.766072336,1.251198479,-0.386179987
4.695126071,1.202358093,-0.355435834
4.615159688,1.152381711,-0.238833008
4.526878,1.09497823,-0.341938401
4.429921103,1.043131013,-0.338938971
4.325106282,0.985225145,-0.230959505
4.212808436,0.927188055,-0.225710504
4.093537432,0.873567483,-0.218586858
3.968369235,0.811357571,-0.149225049
3.83664402,0.749751276,-0.123354969
3.697668219,0.683398536,-0.218586858
3.552922692,0.623243167,-0.235833578
3.404821801,0.561108239,-0.269577162
3.251547276,0.49335706,-0.35356119
3.091352079,0.420357049,-0.366308766
2.923231475,0.332274143,-0.435670576
2.748036488,0.261966033,-0.471288802
2.568642611,0.183121072,-0.502782813
2.38498236,0.112186851,-0.503907599
2.198918994,0.03833203,-0.41130021
2.006088664,-0.057751596,-0.376056912
1.811286356,-0.123961867,-0.312693962
1.612371383,-0.225073125,-0.24108258
1.410385971,-0.287867907,-0.244831867
1.208689233,-0.388488024,-0.246331582
0.999899368,-0.474628862,-0.235083721
0.798273861,-0.570918692,-0.199090566
0.585779975,-0.709007974,-0.157098552
0.38433442,-0.732908907,-0.09973446
0.172357897,-1.034420586,-0.080988025
-0.018729143,-0.796251067,-0.049119086
-0.046366844,-0.140330726,0.075732171
-0.025942238,-0.155612327,0.081356102
-0.036390729,-0.132135049,0.088479747
-0.029560033,-0.072688273,0.134595977
-0.032982879,-0.098058879,0.029615941
-0.031509518,-0.051959134,0.01836808
-0.031584498,-0.071428553,0.038239301
-0.032450519,-0.04258247,-0.038621082
-0.030800955,-0.048633624,-0.006002285
-0.032630472,-0.043534758,0.002246146
-0.031292075,-0.037554839,-0.021374362
-0.032203085,-0.039800589,0.000746431
-0.031944403,-0.031368715,-0.067490592
-0.032165595,-0.034409288,-0.041995441
-0.032596731,-0.027282124,-0.001503141
-0.03244677,-0.029336667,-0.054743016
-0.032986628,-0.028946753,-0.013125931
-0.032990377,-0.028496854,-0.018749861
-0.033410266,-0.02734211,-0.046119656
-0.034032602,-0.029486633,-0.021749291
-0.034876129,-0.028594332,-0.054368088
-0.035772142,-0.02595117,-0.050993729
-0.036439466,-0.027357107,-0.003752713
-0.036581928,-0.020957281,-0.025123649
-0.037193017,-0.02739085,-0.085862099
-0.037432954,-0.023019322,-0.143601118
-0.037271746,-0.023352998,-0.208088855
-0.038557657,-0.024046593,-0.234708792
-0.037575416,-0.017076894,-0.238458079
-0.039067522,-0.029209195,-0.237708222
-0.038478927,-0.010152184,-0.167221626
-0.038947554,-0.031087527,-0.131228471
-0.040218468,-0.009807261,-0.077613667
-0.037954066,-0.024354025,0.013494007
-0.042032989,-0.022610663,-0.007502
-0.037080547,-0.005237028,0.041238731
-0.043225174,-0.051434251,-0.018000004
-0.037567918,0.030732471,-0.134227901
-0.041913021,-0.101579346,-0.154848979
-0.041376912,0.101415498,-0.267327589
-0.037166774,-0.320328186,-0.265078017
-0.281148596,-1.684630947,-0.291697955
-0.659776112,-1.797630811,-0.140601689
-0.96712745,-1.623564532,-0.088486599
-1.281819349,-1.755992573,-0.188217634
-1.574860716,-1.702499473,0.220454649
-1.851503912,-1.750769985,0.13384612
-2.120896524,-1.639453497,0.017993151
-2.38069167,-1.628494685,0.272569739
-2.638499841,-1.636499154,0.095228464
-2.875309806,-1.627827333,0.205457501
-3.103399575,-1.674425717,0.238076298
-3.319957388,-1.687922715,0.189335567
-3.526854003,-1.723978445,0.35017998
-3.720175453,-1.72256126,0.146968624
-3.896757573,-1.735353414,0.189710496
-4.060578063,-1.74296797,0.177337849
-4.209781163,-1.742131906,-0.102358961
-4.348344572,-1.755437696,-0.019874647
-4.474779935,-1.74759819,-0.094860387
-4.586871585,-1.738105302,-0.141351546
-4.684915694,-1.724852,0.017993151
-4.769245925,-1.711422488,0.044988018
-4.842280389,-1.702896884,0.150717911
-4.903243041,-1.68403483,0.214080862
-4.951230369,-1.662060968,0.216330434
-4.987040912,-1.635070722,0.221204507
-5.010194798,-1.605800983,0.222329293
-5.021104417,-1.578454566,0.145843838
-5.020688277,-1.544940771,-0.000378355
-5.009474988,-1.509451166,-0.066740735
-4.987723232,-1.474430206,-0.175844986
-4.956359014,-1.438846872,-0.296946957
-4.91623336,-1.403034838,-0.401552064
-4.867646191,-1.364564646,-0.39967742
-4.811272327,-1.321655441,-0.385805059
-4.746444446,-1.274723381,-0.475787947
-4.672551459,-1.226047959,-0.329940682
-4.590024502,-1.175396726,-0.242207366
-4.498597395,-1.121217528,-0.317942964
-4.398903721,-1.064121479,-0.212962928
-4.291179668,-1.003546204,-0.161972625
-4.175766395,-0.946476399,-0.251205655
-4.054054785,-0.888049396,-0.251205655
-3.925921122,-0.824665996,-0.161972625
-3.791361655,-0.758973109,-0.232834149
-3.64971281,-0.690738288,-0.2988216
-3.503205248,-0.633488523,-0.243707081
-3.353507279,-0.56922032,-0.304070602
-3.197364761,-0.493412183,-0.391803918
-3.033615503,-0.411995294,-0.428172002
-2.861753386,-0.330094763,-0.461540656
-2.685351219,-0.25903682,-0.518904747
-2.504453988,-0.179640732,-0.544399899
-2.320085174,-0.108860227,-0.482536663
-2.132079821,-0.018115413,-0.409800495
-1.938241008,0.054348468,-0.326191395
-1.742733885,0.143034989,-0.211088284
-1.540804709,0.236692905,-0.133103115
-1.341132436,0.302322056,-0.101984033
-1.135349277,0.422385348,-0.091486029
-0.930473379,0.476512058,-0.109482607
-0.725117607,0.641107943,-0.124104826
-0.514149567,0.688261204,-0.11998061
-0.315377057,0.835678411,-0.109482607
-0.094144228,1.027268292,-0.098984603
0.021602707,0.401386269,-0.052493444
0.00038331,0.065386012,0.015743579
0.001984137,0.163910346,0.036364658
0.004072336,0.054547173,0.097103107
0.000484533,0.084450521,0.118099114
0.00436101,0.051536593,0.069733312
0.001121865,0.043697087,0.143594266
0.00390738,0.044454419,0.137220478
0.002366536,0.024017715,0.07310767
0.003266299,0.035891323,0.137970335
0.003172574,0.015147188,0.100102537
0.003060103,0.024058955,0.060735023
0.003802407,0.015600837,0.05886038
0.003206315,0.012638996,0.00674529
0.004038595,0.011742945,0.032240442
0.003772415,0.011776688,-0.016500289
0.004181057,0.013988696,-0.046119656
0.004443488,0.008739863,-0.048369229
0.004792146,0.012612752,-0.14885012
0.005928096,0.013538796,-0.150349835
0.006700392,0.010618195,-0.136477473
0.007472688,0.012076621,-0.11998061
0.008432435,0.009984586,-0.055492874
0.008608638,0.007622612,-0.03937094
0.009459663,0.011105587,-0.062616519
0.009437169,0.002917408,-0.09411053
0.009815819,0.011619223,-0.098609674
0.010528131,0.001942625,-0.116231323
0.010220712,0.003277328,-0.125229612
0.011889022,0.003453539,-0.156348694
0.010085748,-0.001930263,-0.192716778
0.012560095,0.017464172,-0.193466635
0.010993009,-0.014718668,-0.215587429
0.011975249,0.025179956,-0.163097411
0.013223669,-0.017534292,-0.112856965
0.009999521,0.020366027,-0.086237027
0.016436571,0.001668936,-0.088111671
0.007116532,-0.016308315,-0.10273389
0.020961626,0.066634485,-0.130853542
0.000514526,-0.151476997,-0.195341279
0.063977767,0.860831566,-0.176969773
0.396769887,1.965354615,-0.160847839
0.751448727,1.714569152,0.010494577
1.056670627,1.726836424,-0.071239879
1.373784387,1.75769206,-0.024373792
1.658184285,1.750523654,0.299939534
1.937822941,1.769048284,-0.001503141
2.203237853,1.644467247,0.106101396
2.466504582,1.67659385,0.232077439
2.722644443,1.667993263,0.011994292
2.962333649,1.692917719,0.240700799
3.189864815,1.707996864,0.163465487
3.403637114,1.736175596,0.215205648
3.611515969,1.777318944,0.308937823
3.805339786,1.779973353,0.127472332
3.985041083,1.797170778,0.299939534
4.149330199,1.78938376,0.163465487
4.2989082,1.792116902,0.029615941
4.437137948,1.802558329,0.13384612
4.563854486,1.807619703,-0.079488311
4.678686662,1.802265894,-0.053243302
4.778466563,1.783891232,0.008619934
4.864622562,1.777405175,-0.013500859
4.939025414,1.766806282,0.119598829
5.001172753,1.747220639,0.190085425
5.051113315,1.729532074,0.214830719
5.088715886,1.702421855,0.195334427
5.114055444,1.673823216,0.209206788
5.127042015,1.642435199,0.08473046
5.128702826,1.609277574,0.005620504
5.119101612,1.575021445,0.02136751
5.09824212,1.530342633,-0.127854113
5.067436505,1.494444369,-0.201715067
5.027018428,1.462242782,-0.266952661
4.978296294,1.422771563,-0.298071743
4.921727482,1.383424065,-0.345687688
4.857536933,1.338497809,-0.425547501
4.785323502,1.291052114,-0.314193677
4.704097452,1.240082202,-0.331065468
4.614623579,1.178352184,-0.396677991
4.516511987,1.1238843,-0.320192536
4.410441247,1.067980486,-0.310069461
4.296726276,1.003367359,-0.359185121
4.175726978,0.94784221,-0.320567465
4.048867978,0.883645241,-0.2557048
3.915984319,0.818091073,-0.317942964
3.776824816,0.756349808,-0.29319767
3.631235762,0.690263259,-0.280450094
3.481938937,0.632207423,-0.359185121
3.328911847,0.563117792,-0.361059764
3.168847865,0.484902691,-0.418798784
3.001057173,0.401270045,-0.456291654
2.825521027,0.321116625,-0.503157742
2.645523559,0.246365753,-0.573644337
2.460993538,0.165612467,-0.568395335
2.273944182,0.095120648,-0.551148615
2.082358524,0.001766414,-0.475413018
1.886558978,-0.070281309,-0.412424996
1.689349805,-0.16319689,-0.359185121
1.486007252,-0.247328175,-0.293947527
1.284985336,-0.326994203,-0.292822741
1.076431658,-0.440129036,-0.28719881
0.871619493,-0.506309314,-0.244831867
0.662968342,-0.675569163,-0.234708792
0.45314375,-0.703365479,-0.221961217
0.250760943,-0.921611931,-0.103108819
0.032613549,-1.001334196,-0.079488311
-0.056605391,-0.319105958,0.003370932
-0.030992154,-0.10421501,0.190085425
-0.037035559,-0.174939277,0.121098544
-0.03547597,-0.070416279,0.158591414
-0.034325024,-0.10538475,0.164590273
-0.03661192,-0.060758427,0.05586095
-0.033552728,-0.066292196,0.166089988
-0.036473207,-0.056236933,0.082480888
-0.034122578,-0.044393317,0.041988588
-0.035430982,-0.051756679,0.113974899
-0.03498485,-0.033876907,0.001871217
-0.034902372,-0.042331276,0.058110522
-0.035603437,-0.03170614,0.061109952
-0.035311014,-0.035072891,0.004870647
-0.035794636,-0.031061283,0.072732742
-0.035547202,-0.028616827,0.00974472
-0.036128298,-0.030982551,-0.003377784
-0.0361208,-0.026644766,-0.001503141
-0.036791873,-0.029831557,-0.049494015
-0.038017799,-0.02999652,-0.023998863
-0.038332716,-0.029197948,-0.037496296
-0.039318706,-0.030210222,-0.053243302
-0.040105998,-0.025966166,-0.041620512
-0.040188476,-0.026794732,-0.040495726
-0.040964521,-0.025122604,-0.09411053
-0.040732082,-0.022925593,-0.146600548
-0.041808048,-0.029235439,-0.162722482
-0.041406904,-0.01601588,-0.215587429
-0.041740566,-0.029557867,-0.25270537
-0.042437882,-0.016424539,-0.250455798
-0.041163219,-0.024657708,-0.2152125
-0.043989972,-0.024429008,-0.212587999
-0.041178215,-0.012382938,-0.173970343
-0.044758519,-0.040085526,-0.087736742
-0.041871782,0.008556154,-0.063741305
-0.043667557,-0.057826579,-0.053993159
-0.04494597,0.021685733,-0.099359532
-0.039607379,-0.057474158,-0.12860397
-0.051964116,-0.000156908,-0.199840423
-0.025953485,-0.008757495,-0.239957794
-0.177687167,-1.319274721,-0.308569746
-0.554342703,-1.907076464,-0.293572598
-0.883393311,-1.627681116,-0.118480895
-1.195948275,-1.775237042,-0.237333293
-1.504701742,-1.746975829,0.062609667
-1.784197936,-1.783935107,0.255323019
-2.06123103,-1.721264048,-0.000753284
-2.322641999,-1.652466852,0.26657088
-2.585282644,-1.704497778,0.226828437
-2.833662054,-1.69082457,0.126347546
-3.06800892,-1.726535376,0.276319026
-3.288945578,-1.740069865,0.228703081
-3.499733665,-1.784602459,0.352804481
-3.702735058,-1.809553158,0.277818741
-3.889889387,-1.816564099,0.238076298
-4.063191123,-1.828981337,0.319435826
-4.221163157,-1.829659936,0.087354961
-4.367014642,-1.840292571,0.079856387
-4.500288199,-1.842283378,0.039364087
-4.62233347,-1.845833838,-0.115481466
-4.731939527,-1.835137467,-0.041620512
-4.825758502,-1.819053545,0.003745861
-4.907243234,-1.811086567,0.10497661
-4.976689895,-1.795512532,0.21445579
-5.033813561,-1.77852881,0.34418112
-5.079199076,-1.757739684,0.368176557
-5.112291587,-1.72948222,0.32131047
-5.13303486,-1.700557405,0.319060898
-5.142107464,-1.669904223,0.136845549
-5.139906795,-1.635449388,0.040863802
-5.126237904,-1.598055206,-0.029622793
-5.102135519,-1.560717262,-0.190467206
-5.068064516,-1.522569498,-0.281949809
-5.024647231,-1.483589419,-0.328440967
-4.973195818,-1.442637279,-0.355060905
-4.914100174,-1.40073285,-0.439419863
-4.847469019,-1.356507688,-0.36818341
-4.772665022,-1.306745008,-0.256454657
-4.689508231,-1.256513682,-0.339688828
-4.59756751,-1.198671549,-0.300321315
-4.49702656,-1.136427895,-0.240707652
-4.38838025,-1.075001559,-0.315693392
-4.271418636,-1.011501935,-0.331065468
-4.147911251,-0.9500681,-0.247456368
-4.018367959,-0.888877962,-0.259829015
-3.882874989,-0.823758698,-0.351686547
-3.740869988,-0.755606358,-0.297321885
-3.593162743,-0.698536554,-0.351686547
-3.442613749,-0.633139851,-0.469414159
-3.286516219,-0.552127872,-0.481786806
-3.123160606,-0.473680323,-0.531277394
-2.951530929,-0.386999605,-0.58714177
-2.773704137,-0.313725904,-0.63925686
-2.59234203,-0.234217341,-0.602513847
-2.406417377,-0.1584317,-0.58151784
-2.218393278,-0.075991288,-0.542525255
-2.024089588,0.014922238,-0.389179417
-1.828312537,0.08724365,-0.291323026
-1.627590541,0.193686222,-0.223086003
-1.425114009,0.252776827,-0.187467776
-1.221902671,0.364633195,-0.187092848
-1.012816634,0.441937249,-0.20658914
-0.809998942,0.558390094,-0.202089996
-0.595623053,0.694649783,-0.202839853
-0.3949273,0.734964565,-0.155973765
-0.17786337,1.037687224,-0.056992589
0.000941913,0.69722546,-0.103108819
0.01306996,0.089301942,0.049112234
-0.002915819,0.151414375,0.163840416
0.00701156,0.09677403,0.074982314
0.000248346,0.060017207,0.195334427
0.004615942,0.073139288,0.147343553
0.002160341,0.031894712,0.112850112
0.003330032,0.053639875,0.181836993
0.003787411,0.021577008,0.087354961
0.002857657,0.033214419,0.161590844
0.004327269,0.022394326,0.146593696
0.00315008,0.019574953,0.094478606
0.004293528,0.0209359,0.19158514
0.003779913,0.010292018,0.089229604
0.004316022,0.015604586,0.081356102
0.004465982,0.0108244,0.135345835
0.004424743,0.009710897,0.034864943
0.005110812,0.007615113,0.013868936
0.005069573,0.008724867,-0.039745868
0.005474466,0.007798823,-0.105358391
0.006325491,0.009324733,-0.103483747
0.007348971,0.012207842,-0.126729327
0.007967557,0.009478449,-0.104983462
0.00867612,0.009508442,-0.064866091
0.008871069,0.005684293,-0.101234175
0.009515899,0.006141691,-0.124479755
0.009868306,0.002576234,-0.147350405
0.009797074,0.007198956,-0.205839283
0.010951769,0.003700984,-0.224585718
0.010288195,0.002669963,-0.245581725
0.011907767,0.010299516,-0.231709363
0.010831801,-0.008941204,-0.18634299
0.012068974,0.014303626,-0.176219915
0.012398887,-0.011426901,-0.125979469
0.011000507,0.015098449,-0.064866091
0.014539572,-0.000408102,-0.086611956
0.009500903,-0.004434706,-0.095235316
0.016489057,0.023987721,-0.136102544
0.008927304,-0.050159535,-0.181093988
0.01681897,0.08737862,-0.230959505
0.010284446,-0.144184869,-0.314568606
0.021696432,0.463551191,-0.251580584
0.294376925,1.823317461,-0.308194818
0.665562656,1.801718516,-0.130103685
0.968313959,1.67200862,-0.01612536
1.283440744,1.781664227,-0.107982892
1.571889573,1.732988805,0.307438108
1.847123142,1.788975101,0.159341271
2.112605536,1.667299667,0.062234738
2.37123474,1.665942469,0.325059757
2.625432614,1.673961935,0.062609667
2.859374587,1.675765284,0.197583999
3.085409898,1.718014636,0.216330434
3.299227185,1.737892714,0.155217056
3.503956873,1.773498544,0.369301343
3.69399044,1.771354021,0.164965202
3.86769707,1.781521759,0.220829578
4.027948502,1.788735154,0.247449516
4.17428361,1.788461465,0.019867795
4.31008025,1.797504453,0.165340131
4.433973783,1.799397782,0.053611378
4.543853517,1.781510511,-0.03337208
4.639052128,1.769010792,0.100102537
4.721102961,1.760425202,0.056235879
4.790890782,1.740082227,0.19720907
4.848895465,1.724545683,0.290191388
4.894779598,1.699823683,0.308937823
4.928273254,1.672912169,0.340806762
4.94968385,1.644718441,0.271444953
4.95877145,1.609045126,0.145843838
4.956582028,1.575591318,-0.019874647
4.943820398,1.535876402,-0.095235316
4.920141651,1.497170013,-0.197590851
4.886160624,1.458602342,-0.304820459
4.843819305,1.415786866,-0.350561761
4.793342635,1.374073645,-0.333689969
4.734768103,1.332487896,-0.33069054
4.668684303,1.286590606,-0.374932126
4.593925295,1.238972449,-0.230959505
4.510873476,1.191208074,-0.157848409
4.419667561,1.127978389,-0.23545865
4.320176334,1.069116483,-0.197215922
4.212572249,1.011870467,-0.225710504
4.096551636,0.942803331,-0.335939541
3.974161456,0.887413153,-0.346062616
3.845956561,0.826927858,-0.313068891
3.710984703,0.759202923,-0.387304773
3.569407089,0.694117401,-0.39967742
3.423589345,0.628735695,-0.349811903
3.27459619,0.568002955,-0.459666012
3.119735834,0.491906133,-0.522654034
2.957062541,0.406788817,-0.533152038
2.786205159,0.332060441,-0.563896191
2.609926709,0.249901217,-0.58714177
2.428489621,0.169384128,-0.603638633
2.244773135,0.099083516,-0.535026681
2.056494104,0.004791991,-0.482911592
1.86386997,-0.062081883,-0.429296788
1.669959926,-0.153246603,-0.321317322
1.470366382,-0.23296512,-0.250455798
1.272602356,-0.316526531,-0.221211359
1.066942914,-0.431415974,-0.215962357
0.865418631,-0.490791516,-0.263953231
0.659436774,-0.66339937,-0.2988216
0.452333964,-0.693370203,-0.271451805
0.25202061,-0.909374653,-0.277075736
0.035920176,-0.990052956,-0.27295152
-0.051379271,-0.314640701,-0.121855254
-0.025927242,-0.103228979,-0.002627927
-0.032120606,-0.171460051,0.050611948
-0.030710979,-0.069546472,0.193834712
-0.029425068,-0.104424963,0.203207929
-0.031588247,-0.058396452,0.171713918
-0.028832725,-0.067926832,0.253823304
-0.031333314,-0.059633677,0.220454649
-0.029395076,-0.047448888,0.184086566
-0.03085719,-0.055059695,0.198333856
-0.030081145,-0.033389515,0.141344694
-0.030186117,-0.042376266,0.116599399
-0.03066974,-0.033220803,0.083980603
-0.030414807,-0.033925646,0.056985736
-0.030977158,-0.031237494,0.0761071
-0.030624752,-0.028245659,0.008994863
-0.031314569,-0.02959161,-0.029997722
-0.031175856,-0.024938895,-0.071614808
-0.031445785,-0.026378575,-0.136102544
-0.032150599,-0.026656013,-0.085862099
-0.032859161,-0.029711583,-0.073489451
-0.033807661,-0.030382684,-0.066365806
-0.03449373,-0.030881323,-0.012376073
-0.035209791,-0.027563311,0.007495148
-0.035048583,-0.024204058,-0.007876929
-0.035884613,-0.028943004,-0.050243872
-0.035764644,-0.023472971,-0.077238738
-0.036147043,-0.026547287,-0.151474621
-0.036776877,-0.020443645,-0.20958857
-0.03634949,-0.030326447,-0.230209648
-0.037927823,-0.021722111,-0.260953801
-0.036312,-0.019003965,-0.254954942
-0.03873386,-0.030900069,-0.253455227
-0.03676563,-0.002267688,-0.176219915
-0.038373955,-0.046275399,-0.124854683
-0.038613892,0.000964093,-0.116606252
-0.03642447,-0.045004431,-0.07086495
-0.042175451,-0.010332144,-0.139476903
-0.032829169,-0.011333172,-0.148475191
-0.047360332,-0.071256092,-0.182968632
-0.024292674,0.111103343,-0.214837571
-0.103464267,-0.944294385,-0.201715067
-0.447837078,-1.917124229,-0.201715067
-0.796041378,-1.658326799,-0.046869514
-1.098762689,-1.724252134,-0.18634299
-1.410987739,-1.757286035,-0.012751002
-1.690427698,-1.759516789,0.298814748
-1.965447573,-1.75703859,0.043488303
-2.225955031,-1.652684304,0.213705933
-2.485532735,-1.695203595,0.258697377
-2.732363804,-1.671182689,0.115849542
-2.96167575,-1.702548212,0.29244096
-3.183688373,-1.737404208,0.206207359
-3.393715411,-1.76580414,0.295065461
-3.594302442,-1.790507395,0.356553768
-3.777550302,-1.786848209,0.246699658
-3.946600661,-1.802366007,0.367051771
-4.10194089,-1.802868395,0.193834712
-4.243859664,-1.813504779,0.097103107
-4.375989772,-1.822004139,0.16833956
-4.4951708,-1.811753919,-0.027373221
-4.599239569,-1.799805327,-0.009751572
-4.690130567,-1.789915027,0.032615371
-4.768229943,-1.773917336,0.016493437
-4.833938842,-1.758958163,0.139095122
-4.888074546,-1.740373547,0.208456931
-4.929126206,-1.712314789,0.248199373
-4.957794885,-1.686096871,0.277818741
-4.97504408,-1.655361208,0.281942956
-4.980416411,-1.620137794,0.146593696
-4.974635438,-1.58778999,0.008619934
-4.958488452,-1.549923413,-0.05361823
-4.931641791,-1.508026483,-0.193466635
-4.895073948,-1.470894743,-0.323941823
-4.850239537,-1.430834904,-0.331440397
-4.797089822,-1.388795506,-0.307070032
-4.736003453,-1.344064206,-0.430046645
-4.666946689,-1.295606236,-0.398552634
-4.589522135,-1.247519433,-0.211463213
-4.503962229,-1.192459181,-0.281199951
-4.410102014,-1.135141931,-0.291323026
-4.307821523,-1.076876142,-0.176594844
-4.197285713,-1.012754156,-0.250830727
-4.079086925,-0.947481176,-0.337439256
-3.954184908,-0.888772986,-0.291697955
-3.823194499,-0.824186103,-0.299946386
-3.685238429,-0.750181315,-0.371932697
-3.541261449,-0.691510616,-0.308569746
-3.39443897,-0.630909097,-0.317568035
-3.242847751,-0.559686191,-0.439419863
-3.084545803,-0.484864085,-0.458166298
-2.918250967,-0.395971359,-0.501658027
-2.744754282,-0.321955324,-0.529777679
-2.566919993,-0.240864612,-0.52677825
-2.384238233,-0.163811753,-0.519279676
-2.199172104,-0.085210488,-0.438295077
-2.008178789,0.007502638,-0.403801636
-1.815254735,0.075853684,-0.337814185
-1.617715649,0.17787224,-0.245956653
-1.418148349,0.243613866,-0.189717348
-1.218652279,0.352898305,-0.137602259
-1.012715411,0.428777676,-0.195716208
-0.812968158,0.53705359,-0.230959505
-0.601677704,0.681115294,-0.223086003
-0.402556536,0.706902057,-0.259079158
-0.189181631,1.012912735,-0.250455798
-0.004516646,0.732763804,-0.190092277
0.015180653,0.09906852,-0.084737312
-0.002945811,0.139941927,-0.037121367
0.007326477,0.098854817,0.049862091
0.000645741,0.053519902,0.179587421
0.004848381,0.07582744,0.125597688
0.002763932,0.026608388,0.161965772
0.00345,0.052005239,0.244450086
0.00432352,0.024647575,0.153717341
0.00307135,0.029817674,0.176213063
0.004698421,0.023627801,0.181462065
0.00349124,0.017794099,0.094103678
0.00462719,0.016343172,0.111350398
0.00413232,0.01122556,0.072732742
0.004600946,0.016564373,0.057735594
0.004825887,0.010187041,0.074982314
0.004634688,0.010625694,0.019867795
0.005414482,0.006636581,0.012369221
0.005249525,0.009759636,-0.037871225
0.005976833,0.009448456,-0.073489451
0.007105285,0.011529243,-0.069365236
0.007671386,0.009980837,-0.088486599
0.008492419,0.004274606,-0.040120797
0.009197233,0.007536381,0.007870077
0.009272213,0.005478089,0.016493437
0.010134485,0.004668269,-0.011251287
0.009954533,-0.000449343,-0.053243302
0.010663096,0.00529438,-0.109107678
0.011019252,-0.00095548,-0.184843275
0.01094802,0.00682029,-0.210713356
0.012507609,0.000604173,-0.250455798
0.010820554,0.002662465,-0.246706511
0.013489849,0.013804986,-0.234333864
0.011277933,-0.013039042,-0.223460931
0.013459857,0.027346974,-0.135352687
0.01318243,-0.023113051,-0.118855824
0.011472882,0.027373218,-0.046119656
0.016545292,-0.014594946,-0.040870654
0.007761362,0.001042825,-0.078738453
0.022641183,0.042857274,-0.092610815
-0.001783618,-0.123718172,-0.190842134
0.088777468,1.018806424,-0.219711644
0.43841389,1.974495082,-0.242207366
0.781973166,1.682922442,-0.08548717
1.087427505,1.745109859,-0.154474051
1.400938466,1.76663757,-0.048369229
1.681881777,1.780307029,0.27519424
1.959132314,1.775320638,-0.010126501
2.220921933,1.665856239,0.143219337
2.483123944,1.710070153,0.245199944
2.734502562,1.69466483,0.084355531
2.96865448,1.719578038,0.33555776
3.191945515,1.746219612,0.242575443
3.403078511,1.776467883,0.315686539
3.607065895,1.807694687,0.365926985
3.795611105,1.812831044,0.15671677
3.969051555,1.821757808,0.343806192
4.127642176,1.824528442,0.215205648
4.272897569,1.834486227,0.092229034
4.407262087,1.84287686,0.230952653
4.53047705,1.841958315,0.028491155
4.640274306,1.829844759,0.019117938
4.735064274,1.816269029,0.072732742
4.817043876,1.796488429,0.044988018
4.887304072,1.782252846,0.178087706
4.945128803,1.765460332,0.281942956
4.991024183,1.746988191,0.314936682
5.02470154,1.717958398,0.296565176
5.045422318,1.67870838,0.27519424
5.054911063,1.655493544,0.134595977
5.05295033,1.616191037,0.051736734
5.039840042,1.575047689,0.018743009
5.01674989,1.540585355,-0.109857535
4.983263732,1.498579699,-0.222711074
4.94051752,1.463611228,-0.338564042
4.889471,1.414613377,-0.356935549
4.830375356,1.367801291,-0.46041587
4.763290571,1.325971846,-0.509156601
4.687800505,1.271084055,-0.337439256
4.604253817,1.220852729,-0.366683695
4.51278922,1.166114906,-0.383180558
4.413669145,1.107058043,-0.274451235
4.306702392,1.045249292,-0.308569746
4.19170151,0.984861475,-0.348312189
4.069866183,0.927934139,-0.290948097
3.9416163,0.86611789,-0.245956653
3.807038088,0.797669366,-0.315693392
3.665460474,0.723979509,-0.338564042
3.518401808,0.666418563,-0.34793726
3.368580121,0.603162634,-0.442044364
3.213918463,0.52927782,-0.487410736
3.052474845,0.452753593,-0.490785095
2.882580959,0.365787938,-0.483286521
2.706471214,0.293968914,-0.523403891
2.525847662,0.211839684,-0.543650041
2.340811524,0.136631414,-0.502032956
2.153124836,0.052155205,-0.462665442
1.959091075,-0.03296211,-0.400802207
1.76412381,-0.108661521,-0.332190254
1.563956668,-0.20981402,-0.268827304
1.363763283,-0.272353858,-0.256079728
1.161241763,-0.392518377,-0.257204514
0.95456259,-0.457461431,-0.257204514
0.753461945,-0.58931585,-0.247456368
0.541069281,-0.699635059,-0.225335575
0.343027828,-0.767532455,-0.222711074
0.124771713,-1.062981733,-0.183718489
-0.038891319,-0.637976275,-0.18071906
-0.039532399,-0.098347565,-0.09411053
-0.027884225,-0.178849658,-0.01612536
-0.03604582,-0.102366671,0.001496289
-0.029556284,-0.087519974,0.132721334
-0.033995111,-0.085247979,0.105726467
-0.030958413,-0.052161589,0.13384612
-0.032529249,-0.071788473,0.201333286
-0.031794443,-0.039740602,0.107226182
-0.031550757,-0.051509234,0.179587421
-0.032626723,-0.038008488,0.143219337
-0.031363306,-0.03921197,0.071607955
-0.032757938,-0.037779789,0.097478036
-0.032045626,-0.031942337,-0.009376644
-0.032607978,-0.036501323,0.007120219
-0.032544245,-0.029857801,-0.006002285
-0.032705452,-0.029895292,-0.048369229
-0.033132839,-0.028688061,-0.004502571
-0.032885405,-0.028575586,-0.050618801
-0.033987613,-0.02981656,-0.037496296
-0.034954858,-0.02927668,-0.013125931
-0.035674668,-0.026389822,-0.025498578
-0.036694399,-0.031132517,-0.016875218
-0.036885598,-0.024942644,-0.005627357
-0.036975574,-0.02410658,-0.016875218
-0.037766616,-0.023124299,-0.032622223
-0.037552922,-0.020848555,-0.03937094
-0.038752605,-0.027465833,-0.103858676
-0.038040293,-0.015862164,-0.147350405
-0.038703868,-0.028830529,-0.208838712
-0.039206235,-0.012364192,-0.250455798
-0.038482676,-0.027413345,-0.199465495
-0.040822059,-0.020717334,-0.184093418
-0.037920325,-0.015730943,-0.11135725
-0.042040487,-0.035196613,-0.075364095
-0.038066536,0.003663492,-0.08548717
-0.041549367,-0.059183777,-0.05661766
-0.040507142,0.0290266,-0.077238738
-0.03813027,-0.078776919,-0.065615949
-0.047262858,0.038849415,-0.110982321
-0.025248671,-0.096281775,-0.10273389
-0.208683981,-1.461679293,-0.198340709
-0.588679886,-1.874889874,-0.173220486
-0.908061797,-1.627579888,-0.032997152
-1.221246594,-1.789172692,-0.250455798
-1.52413661,-1.750545035,0.074982314
-1.802129451,-1.802950877,0.223454079
-2.075983384,-1.72008681,-0.035621653
-2.335471111,-1.675374256,0.235076869
-2.596548419,-1.719850613,0.145843838
-2.839960391,-1.703376777,0.112100255
-3.069984649,-1.742855495,0.276693954
-3.287562193,-1.760585301,0.247824445
-3.496247086,-1.806951237,0.427790221
-3.6955707,-1.822847701,0.316061468
-3.878282452,-1.830874666,0.270320167
-4.046935415,-1.841203618,0.367051771
-4.200029988,-1.842864498,0.122598259
-4.341251446,-1.852364885,0.146218767
-4.471109654,-1.853095972,0.134221048
-4.589589617,-1.85445692,-0.003752713
-4.694070777,-1.839017854,0.065984025
-4.783837072,-1.826049489,0.062609667
-4.862041421,-1.817156467,0.103851824
-4.927855291,-1.798346901,0.172088847
-4.981578605,-1.780579604,0.251198803
-5.022881448,-1.754346689,0.255323019
-5.051887538,-1.723779739,0.257947519
-5.069230458,-1.693561461,0.240325871
-5.074617786,-1.658832936,0.092978891
-5.069140482,-1.62505295,0.070108241
-5.053147205,-1.587752498,-0.020999433
-5.026919131,-1.546684134,-0.130478614
-4.990906141,-1.50651182,-0.21821193
-4.945951763,-1.465042295,-0.298071743
-4.892843287,-1.423205351,-0.301071172
-4.8318244,-1.379062671,-0.451417581
-4.762636421,-1.329869864,-0.425547501
-4.684851961,-1.278442554,-0.320192536
-4.598950895,-1.222549987,-0.395928133
-4.50467454,-1.166462464,-0.329565754
-4.402892668,-1.109490137,-0.277450664
-4.293399082,-1.044757037,-0.341938401
-4.175803885,-0.983323203,-0.35956005
-4.051902854,-0.921465713,-0.275201092
-3.921332333,-0.857789878,-0.280825023
-3.784028591,-0.79111471,-0.35656062
-3.639894153,-0.719085732,-0.275201092
-3.49138462,-0.659638956,-0.334064898
-3.339932114,-0.593814849,-0.437545219
-3.182353725,-0.51716315,-0.425172572
-3.01745352,-0.434501538,-0.458166298
-2.844406717,-0.353579539,-0.49490931
-2.6664862,-0.280230855,-0.536151467
-2.483928158,-0.198858957,-0.504282528
-2.298393402,-0.125506524,-0.487035808
-2.10822487,-0.029017988,-0.473913303
-1.913175127,0.045830362,-0.373432411
-1.716622031,0.137381247,-0.305945245
-1.514134252,0.222213626,-0.278200522
-1.314476975,0.299097773,-0.271451805
-1.107509129,0.413398597,-0.257579443
-0.903982874,0.475334819,-0.251580584
-0.697209977,0.648535041,-0.21821193
-0.488405116,0.68072538,-0.205839283
-0.287690618,0.883888937,-0.158973195
-0.068789673,0.98942421,-0.091486029
0.024564425,0.31497924,-0.086237027
-0.000812624,0.076191109,0.046487733
0.005107063,0.152940286,0.085480317
0.004405998,0.049197114,0.116599399
0.002726441,0.086643784,0.193084854
0.005361995,0.042613578,0.139095122
0.002576481,0.048184839,0.192709926
0.005350748,0.039351804,0.134595977
0.003281295,0.023522825,0.113974899
0.004915863,0.036213752,0.211081432
0.004484727,0.013145133,0.104226752
0.004552209,0.022296847,0.103851824
0.005073322,0.014836007,0.103476895
0.00477715,0.013137635,0.015743579
0.005613179,0.014236141,0.056235879
0.005167047,0.010119556,0.02699144
0.005845618,0.012099116,0.005620504
0.005860614,0.005343119,0.00974472
0.006149288,0.004585787,-0.05961709
0.007378963,0.012905187,-0.020999433
0.008117518,0.009216007,0.006370362
0.008814834,0.006077955,-0.048369229
0.009605875,0.007678849,-0.019499719
0.009853309,0.004908216,-0.00187807
0.010580617,0.009729643,-0.050243872
0.010768068,0.002767442,-0.075739024
0.010846797,0.008751111,-0.119605682
0.011870277,0.004409576,-0.20358971
0.011071738,0.001575207,-0.239957794
0.012800031,0.007648856,-0.26132873
0.011765305,-0.007977668,-0.23545865
0.013279905,0.019282518,-0.185593133
0.01306996,-0.013151517,-0.162722482
0.012192692,0.016129469,-0.074614237
0.015431836,-0.003403685,-0.094485459
0.010655598,0.001680184,-0.100484318
0.017636254,0.025671097,-0.07686381
0.009193484,-0.043238574,-0.127104255
0.019008392,0.087671055,-0.117731038
0.009234723,-0.152185589,-0.18071906
0.029974246,0.544634404,-0.18634299
0.317692019,1.865915485,-0.230209648
0.686647089,1.777622626,-0.100484318
0.990001982,1.692584043,-0.042745298
1.306977028,1.792319357,-0.142476332
1.595272148,1.751798371,0.249699088
1.872953821,1.811106428,0.120723615
2.139246001,1.684752035,0.01274415
2.399476032,1.701728259,0.286817029
2.656676864,1.703111701,0.077231886
2.894401588,1.706658412,0.225703651
3.121107971,1.748334141,0.290566316
3.334546609,1.767031232,0.289066602
3.541308259,1.811417608,0.471656878
3.734618462,1.811755033,0.225328723
3.912302791,1.826815433,0.298814748
4.07608954,1.832439182,0.313062038
4.224955229,1.833046547,0.062609667
4.362645119,1.842573178,0.175088277
4.488570616,1.840357421,0.070483169
4.60197067,1.836012137,0.00112136
4.701068252,1.820921744,0.110975469
4.786062057,1.808541998,0.080606244
4.859482669,1.792536809,0.160091129
4.920816473,1.770229271,0.248199373
4.970014731,1.749076476,0.298439819
5.007257396,1.71642499,0.294315603
5.031854651,1.688021308,0.28081817
5.044567544,1.659662616,0.185961209
5.04552729,1.62130115,0.028491155
5.035738625,1.58807979,-0.025873506
5.015426489,1.546853961,-0.148475191
4.984988277,1.500990413,-0.268827304
4.94566866,1.465302102,-0.358060335
4.8978013,1.423521396,-0.368933267
4.842049773,1.377552871,-0.407925852
4.777975443,1.33561845,-0.534651752
4.705747016,1.289267511,-0.383180558
4.625045827,1.231140441,-0.300321315
4.535684425,1.17683752,-0.358060335
4.438431356,1.12176977,-0.268827304
4.333286622,1.055027117,-0.285699096
4.220392684,0.997634884,-0.368558338
4.100566826,0.938862958,-0.376431841
3.975001234,0.87771406,-0.304820459
3.843174795,0.814743068,-0.353936119
3.704000297,0.73975225,-0.406426137
3.558452482,0.675412812,-0.317942964
3.409590542,0.617409465,-0.39705292
3.256574699,0.546587719,-0.474288232
3.096683171,0.470243452,-0.493409595
2.929241138,0.385538545,-0.52677825
2.755095874,0.30828323,-0.538401039
2.576271846,0.230540524,-0.590516129
2.392671579,0.155343501,-0.535776539
2.206626958,0.077057166,-0.478787376
2.014291498,-0.016169596,-0.436420433
1.819504185,-0.08479433,-0.296572028
1.620975361,-0.187787669,-0.234708792
1.419001196,-0.25669734,-0.23245922
1.218215468,-0.359424489,-0.212587999
1.010220393,-0.447919803,-0.238083151
0.809599621,-0.538480908,-0.251580584
0.598897761,-0.693827601,-0.241457509
0.39713729,-0.712415966,-0.244831867
0.188006265,-1.009484883,-0.198340709
-0.009502829,-0.841664715,-0.176969773
-0.047476551,-0.16813829,-0.089236457
-0.02491126,-0.148009018,0.036739586
-0.035337257,-0.141459225,0.035989729
-0.029421319,-0.071436052,0.124472902
-0.031876921,-0.104342482,0.117349257
-0.030793457,-0.053098881,0.078356672
-0.030583512,-0.071211102,0.159341271
-0.031700717,-0.045675532,0.057360665
-0.030036157,-0.048123738,0.082855817
-0.032083116,-0.046886513,0.134221048
-0.030489787,-0.036047674,0.052861521
-0.031419542,-0.041045312,0.092978891
-0.03119835,-0.032088555,0.05023702
-0.03123584,-0.035470302,0.037114515
-0.031839431,-0.029842804,0.059985166
-0.031498271,-0.030142737,0.013868936
-0.032098112,-0.029921537,0.026616511
-0.032124356,-0.028538094,-0.002252998
-0.032679209,-0.030866326,-0.021749291
-0.033635207,-0.02846686,0.011244435
-0.034268789,-0.025744966,-0.023249006
-0.035164803,-0.028740549,-0.061491733
-0.035880864,-0.028189422,-0.012751002
-0.03593335,-0.027994465,-0.023623934
-0.036758132,-0.025789956,-0.066365806
-0.036416972,-0.018250383,-0.078738453
-0.037193017,-0.028620576,-0.160847839
-0.037639149,-0.018415346,-0.21821193
-0.037253001,-0.026348581,-0.269202233
-0.038711366,-0.020192451,-0.279325308
-0.037114288,-0.020158708,-0.201715067
-0.039716101,-0.033494492,-0.188967491
-0.037387966,-0.006672958,-0.106858106
-0.039584885,-0.043680976,-0.035246724
-0.039243725,0.00596923,-0.078738453
-0.037669141,-0.045124405,-0.057742446
-0.04282403,-0.003115,-0.096360102
-0.033841402,-0.020387407,-0.089611386
-0.04850378,-0.05629317,-0.123729897
-0.023992753,0.094517032,-0.169846127
-0.116791997,-1.024706497,-0.219336716
-0.469828771,-1.920303522,-0.296197099
-0.814583982,-1.649351295,-0.063366376
-1.119835874,-1.743815282,-0.201715067
-1.432698256,-1.766321525,-0.061116804
-1.71276055,-1.780752065,0.361052912
-1.989973597,-1.765965355,0.048362376
-2.251759467,-1.664291722,0.206207359
-2.513035472,-1.717286183,0.295440389
-2.76312818,-1.702270773,0.099352679
-2.995900462,-1.730738191,0.344556049
-3.217684396,-1.754290452,0.304438678
-3.427790163,-1.790042499,0.387297921
-3.630975258,-1.821396774,0.375300203
-3.81811459,-1.825430876,0.189710496
-3.991131402,-1.840011383,0.332183402
-4.149339624,-1.8381368,0.128597118
-4.293995174,-1.849721723,0.052861521
-4.427932306,-1.852214918,0.163465487
-4.549572684,-1.851161403,-0.011626216
-4.658323966,-1.842320869,0.02699144
-4.752454109,-1.824512331,0.085480317
-4.833867611,-1.815281884,0.089229604
-4.903632938,-1.799036748,0.187835853
-4.961273966,-1.779841018,0.308562894
-5.006850681,-1.754961552,0.350929837
-5.039485813,-1.724529572,0.331433545
-5.060079125,-1.695057378,0.344930978
-5.068896796,-1.659335324,0.187460924
-5.066351219,-1.623530789,0.038239301
-5.053289668,-1.588959729,-0.048369229
-5.029607172,-1.5502046,-0.199465495
-4.996398441,-1.5081727,-0.334814755
-4.954207083,-1.468416544,-0.427797073
-4.903940356,-1.428911582,-0.39705292
-4.846040646,-1.385773678,-0.501658027
-4.779803137,-1.339767662,-0.548524114
-4.705317807,-1.286218324,-0.32469168
-4.621909832,-1.22986461,-0.343063187
-4.529890382,-1.172656086,-0.373432411
-4.430162967,-1.114165347,-0.262078588
-4.322307698,-1.053308885,-0.316443249
-4.206984401,-0.990390381,-0.389554346
-4.085141576,-0.933725486,-0.328815896
-3.957120383,-0.870139631,-0.273701377
-3.822819598,-0.80001523,-0.355060905
-3.680957059,-0.735582063,-0.317193106
-3.533767178,-0.672146174,-0.295072313
-3.383559343,-0.605853421,-0.421798214
-3.227716746,-0.534555531,-0.456291654
-3.064878497,-0.451740203,-0.478412447
-2.893646214,-0.366750359,-0.503157742
-2.71715407,-0.294781369,-0.540275683
-2.536346816,-0.213776888,-0.521529248
-2.351663086,-0.143967417,-0.446168579
-2.164100115,-0.055655812,-0.394428419
-1.969908895,0.028797901,-0.29019824
-1.774967873,0.108996311,-0.196840994
-1.573679777,0.209245261,-0.136102544
-1.373017766,0.273445979,-0.122605111
-1.168580502,0.390944842,-0.142101404
-0.961811353,0.451467629,-0.199090566
-0.758300094,0.600913135,-0.205089425
-0.545337581,0.679326941,-0.195341279
-0.347944707,0.77476946,-0.220836431
-0.127206747,1.047577524,-0.16609684
0.017774968,0.526537179,-0.171345842
0.006824109,0.059796006,-0.064491163
0.001268077,0.16690218,0.031490585
0.007176516,0.070237433,0.025491725
0.001616734,0.074507733,0.106101396
0.006336738,0.061419395,0.04423816
0.002793924,0.036303732,0.099727608
0.005376992,0.05069678,0.143219337
0.004383504,0.019469976,0.046487733
0.004469731,0.035921317,0.153717341
0.005376992,0.017977808,0.127472332
0.004615942,0.019439983,0.070858098
0.005793132,0.018116527,0.119973758
0.005174545,0.011413019,0.051361806
0.005740645,0.014929736,0.06748374
0.005598183,0.008863586,0.055486021
0.005781885,0.012758969,-0.00187807
0.006310495,0.008604893,0.003745861
0.006243013,0.004008416,-0.073489451
0.007142775,0.011926654,-0.072739594
0.008286223,0.004949456,-0.038621082
0.008814834,0.001413993,-0.076113952
0.009924541,0.007915047,0.000371503
0.010291944,0.001878889,0.065234168
0.010591864,0.008931071,0.027741298
0.011187957,0.005313125,0.020617652
0.010940522,0.006070457,-0.013500859
0.012440126,0.007097728,-0.087736742
0.01170532,-0.001709062,-0.130853542
0.012901255,0.013898716,-0.212962928
0.012571342,-0.00450594,-0.229459791
0.012788784,0.014341117,-0.182218774
0.014198412,-0.005983112,-0.204339568
0.011761556,0.008196234,-0.125604541
0.016234124,0.011349283,-0.07386438
0.011154216,-0.01718562,-0.074989166
0.016897699,0.040682758,-0.060366947
0.012185194,-0.051374264,-0.121480325
0.014719524,0.078234404,-0.134977758
0.017148883,-0.108654023,-0.205839283
0.007330226,0.253451677,-0.205839283
0.236690909,1.681947659,-0.227585147
0.615892023,1.869244745,-0.140976617
0.925878915,1.658800308,-0.003752713
1.241279377,1.798048083,-0.162722482
1.537095011,1.745788458,0.173963491
1.81456299,1.813502145,0.229827867
2.084926595,1.708323042,0.007870077
2.344365585,1.687106511,0.300314463
2.604925529,1.714257972,0.118099114
2.846620455,1.703059213,0.113225041
3.076269812,1.736006884,0.227578295
3.292677665,1.753080586,0.113225041
3.501047641,1.80457913,0.30406375
3.698343041,1.808943159,0.184461494
3.879517698,1.817521251,0.22607858
4.046719795,1.823096261,0.332183402
4.198678418,1.826665467,0.064859239
4.338981368,1.839675073,0.148468339
4.467988551,1.840739836,0.10497661
4.585598744,1.834452484,-0.016500289
4.688801491,1.812966014,0.128597118
4.777536809,1.807870897,0.090354391
4.854470243,1.792510564,0.110975469
4.918945717,1.774582053,0.203582858
4.971814256,1.759926563,0.245574872
5.01269721,1.718187098,0.239201084
5.04106222,1.690319547,0.256072876
5.057291684,1.659006512,0.254573161
5.061449336,1.620892491,0.091479177
5.054727361,1.591382805,0.002996003
5.037152002,1.548233654,-0.132728186
5.00917689,1.506321727,-0.283824452
4.971821754,1.469276218,-0.346812474
4.925975111,1.430131175,-0.379806199
4.872233052,1.382490523,-0.392553775
4.810723045,1.34105474,-0.521529248
4.741205153,1.293875236,-0.439419863
4.663087031,1.237450287,-0.336689399
4.57656363,1.184043418,-0.446168579
4.481335027,1.122545848,-0.360309907
4.378248499,1.066488318,-0.312693962
4.267697692,1.004567092,-0.38543013
4.149307705,0.944767894,-0.400052349
4.025151741,0.887176955,-0.355060905
3.89541725,0.821270366,-0.370432982
3.758702102,0.755153824,-0.436045504
3.61533996,0.68899979,-0.350561761
3.46757273,0.630659018,-0.355435834
3.315932774,0.559248653,-0.401926993
3.157904504,0.48239075,-0.398552634
2.992318231,0.403647016,-0.42854693
2.819256431,0.32406347,-0.456666583
2.641167209,0.25047109,-0.504657456
2.45841047,0.172196002,-0.467914444
2.273771727,0.101104317,-0.442794221
2.08426677,0.005781771,-0.423672857
1.889584429,-0.06479253,-0.332940112
1.693556195,-0.156830806,-0.277075736
1.491214627,-0.243541517,-0.253080299
1.291399892,-0.315165584,-0.226085432
1.083929678,-0.432300778,-0.229834719
0.879672367,-0.497689982,-0.241457509
0.673120661,-0.662604547,-0.200215352
0.463768444,-0.696347041,-0.204339568
0.263436346,-0.897268596,-0.189717348
0.044760342,-1.012562949,-0.171345842
-0.051979112,-0.348761861,-0.148475191
-0.027228148,-0.097646471,-0.001128212
-0.031948152,-0.177856129,0.033365228
-0.031487024,-0.072182136,0.086230175
-0.029627515,-0.108991448,0.119598829
-0.032199336,-0.068425471,0.049487162
-0.029132646,-0.06546363,0.126722474
-0.031850678,-0.062917947,0.04423816
-0.029668754,-0.046590329,0.004870647
-0.031055888,-0.051100575,0.088104818
-0.03055352,-0.034712971,-0.010876359
-0.030534775,-0.045364351,0.041238731
-0.031142115,-0.034416787,0.04423816
-0.030695983,-0.03282714,-0.029247865
-0.031397048,-0.031289982,0.046487733
-0.030898429,-0.029137961,0.026616511
-0.031509518,-0.030285206,0.034490014
-0.031685721,-0.025632491,0.030740727
-0.032011885,-0.027649542,-0.048369229
-0.033106596,-0.028249409,-0.055867803
-0.033725183,-0.028699308,-0.081737883
-0.034564961,-0.028631823,-0.109482607
-0.035513461,-0.025505019,-0.063741305
-0.035663421,-0.024920149,-0.028123079
-0.036465709,-0.02689596,-0.03337208
-0.036439466,-0.020724832,-0.022874077
-0.036578179,-0.028965499,-0.048744157
-0.03741046,-0.021268461,-0.065615949
-0.036784375,-0.023690423,-0.07386438
-0.038587649,-0.027409595,-0.141351546
-0.036979323,-0.014924873,-0.118105967
-0.038966299,-0.038150956,-0.099359532
-0.038235242,-0.005233278,-0.100109389
-0.038047791,-0.036823751,-0.035246724
-0.040435911,-0.007861444,-0.057367517
-0.036169537,-0.030945059,-0.045369799
-0.043303903,-0.032789649,-0.061116804
-0.033867645,0.018753886,-0.109107678
-0.045864477,-0.097440267,-0.173220486
-0.031277079,0.134460647,-0.25270537
-0.067994883,-0.668644453,-0.274451235
-0.377955532,-1.864894598,-0.361434693
-0.743379035,-1.712457257,-0.155598837
-1.047153817,-1.696856978,-0.176219915
-1.364732454,-1.785213573,-0.133103115
-1.650332036,-1.759145622,0.343806192
-1.928054948,-1.787526808,0.129346975
-2.193413624,-1.666586211,0.187835853
-2.453748628,-1.703121834,0.445411869
-2.709082452,-1.703567985,0.223454079
-2.945491274,-1.718006023,0.328434115
-3.170394383,-1.749116603,0.299564605
-3.382820788,-1.77434849,0.256822733
-3.58897135,-1.815004446,0.253823304
-3.780515769,-1.816815293,0.061109952
-3.956977921,-1.83382151,0.17133899
-4.119253818,-1.837405713,0.09635325
-4.267242239,-1.841271103,-0.033747009
-4.403916148,-1.848334532,0.077606815
-4.529099341,-1.84955676,-0.031872366
-4.641892055,-1.838560456,-0.01050143
-4.739951161,-1.821831677,0.077606815
-4.824810002,-1.811510223,0.076482029
-4.897836968,-1.795298829,0.17696292
-4.958852106,-1.776586742,0.280068313
-5.007960388,-1.754852827,0.321685398
-5.044603212,-1.725575589,0.272569739
-5.068919291,-1.694907411,0.304813607
-5.08145598,-1.662473376,0.198708785
-5.082168292,-1.624584305,0.046487733
-5.072038467,-1.588468589,0.013868936
-5.051475147,-1.553188937,-0.153724193
-5.020710771,-1.509338691,-0.286823882
-4.981053743,-1.467565483,-0.375681984
-4.933002682,-1.429627673,-0.410175424
-4.877146182,-1.384900122,-0.508781672
-4.813540478,-1.340093839,-0.565770835
-4.741563235,-1.290087463,-0.352811333
-4.661503127,-1.235229666,-0.331065468
-4.572730319,-1.180578074,-0.364434123
-4.4752898,-1.123283319,-0.248956083
-4.370178807,-1.062595569,-0.254205085
-4.256812493,-0.996992662,-0.343813044
-4.136304316,-0.937414665,-0.324316752
-4.009715244,-0.876528209,-0.240707652
-3.87681284,-0.80954186,-0.35356119
-3.737154719,-0.744340115,-0.370807911
-3.59154692,-0.682508869,-0.323941823
-3.44290992,-0.622282266,-0.478787376
-3.289118032,-0.550785671,-0.51515546
-3.128034319,-0.470332317,-0.490035237
-2.958878988,-0.383857804,-0.484411307
-2.782870467,-0.309283143,-0.476912733
-2.60286925,-0.23404113,-0.469414159
-2.418391715,-0.157310699,-0.404551494
-2.232047173,-0.078439494,-0.367058624
-2.039513015,0.006224173,-0.297321885
-1.845213074,0.076202356,-0.205464354
-1.646687998,0.180935308,-0.146225619
-1.444743825,0.248825206,-0.152224478
-1.243257032,0.354791634,-0.175095129
-1.034223481,0.43163829,-0.190467206
-0.831874416,0.538272069,-0.206214211
-0.618634476,0.687383899,-0.184093418
-0.416517849,0.703017921,-0.179594274
-0.203941484,1.010760714,-0.103108819
-0.010927453,0.780007045,-0.120355539
0.018292331,0.120457512,-0.092985744
-0.002308479,0.135187985,0.045362947
0.008278725,0.112220594,-0.004877499
0.002021628,0.055645679,0.08772989
0.00560943,0.080468907,0.121098544
0.003993607,0.03190596,0.087354961
0.004289779,0.054914592,0.178837564
0.005601932,0.026477168,0.064859239
0.003963615,0.032588308,0.083230745
0.005778136,0.027283238,0.089604533
0.004582201,0.017104253,-0.028498007
0.005541948,0.023582811,0.023242153
0.005317007,0.013804986,-0.055492874
0.005478215,0.009549683,-0.066740735
0.005853116,0.009347228,-0.034496867
0.005823124,0.011150577,-0.118480895
0.006396722,0.004162132,-0.059242161
0.0064792,0.006891524,-0.07686381
0.007288987,0.011709203,-0.070490022
0.008214992,0.011615474,0.028116226
0.008856073,0.010663185,0.012369221
0.009857058,0.011038102,0.036739586
0.010160728,0.002265054,0.09335382
0.010505637,0.006936514,0.096728178
0.011547862,0.006464119,0.070858098
0.011124224,-0.001199176,0.071982884
0.012263923,0.00583051,0.023242153
0.011922763,-0.003504913,-0.077988596
0.012762541,0.011919156,-0.144725904
0.013137442,-0.005548208,-0.219336716
0.012245178,0.008556154,-0.227960076
0.014895728,0.004694513,-0.244831867
0.011690324,-0.00482087,-0.191217063
0.015866722,0.020107335,-0.112107107
0.012436377,-0.02406159,-0.12860397
0.015188151,0.040960196,-0.067865521
0.014981955,-0.045589301,-0.070115093
0.011694073,0.051334138,-0.071989737
0.022018847,-0.047512623,-0.104608533
-0.001521187,0.050081917,-0.09710996
0.170164726,1.441449908,-0.121105396
0.5474351,1.934757672,-0.162722482
0.869268864,1.651189501,-0.012376073
1.181613883,1.789350017,-0.158223338
1.485954766,1.743314008,0.044988018
1.764030085,1.798816662,0.195709355
2.038202684,1.73103174,-0.075364095
2.297975336,1.663156839,0.207332145
2.559967402,1.709470287,0.160091129
2.806281108,1.698106564,0.090354391
3.038644747,1.727953675,0.267320737
3.257853111,1.743224028,0.167214774
3.467531491,1.79553989,0.33555776
3.668823336,1.813183466,0.278568598
3.854339347,1.811413859,0.222329293
4.025327944,1.82939111,0.334432974
4.180713162,1.824509696,0.103476895
4.32416528,1.825634446,0.131971476
4.455980472,1.840327428,0.081356102
4.576376179,1.834126307,-0.087736742
4.683946523,1.820108175,0.020992581
4.776123432,1.805291471,-0.004502571
4.855572452,1.78376376,0.038239301
4.923392043,1.772561252,0.097478036
4.978738677,1.752394488,0.136845549
5.022069735,1.720684042,0.178462635
5.053958814,1.692100401,0.175838134
5.073543642,1.665365098,0.223454079
5.080981678,1.629523071,0.138720193
5.078091191,1.592282605,0.108725897
5.063983667,1.554618483,0.063359524
5.038752829,1.510607024,-0.098984603
5.00395077,1.46989483,-0.231334434
4.959862412,1.42781794,-0.332565183
4.907788663,1.386490883,-0.391428989
4.848483074,1.345130084,-0.530902465
4.781462022,1.298051806,-0.553398187
4.706005698,1.246452035,-0.476537804
4.622395277,1.1942374,-0.560146904
4.530364579,1.135315507,-0.512905888
4.429572446,1.070796109,-0.398927563
4.320753681,1.013636325,-0.410925281
4.204279439,0.953938354,-0.389929274
4.081439377,0.893554287,-0.308194818
3.952413449,0.834681133,-0.283449523
3.81717916,0.765516519,-0.36518398
3.675234143,0.698271477,-0.335939541
3.528048011,0.638461032,-0.328066039
3.378192583,0.57103978,-0.407925852
3.222162536,0.500120556,-0.395553205
3.058840664,0.422160398,-0.38543013
2.887469668,0.338246565,-0.401552064
2.709624132,0.264444232,-0.475413018
2.52782339,0.185854214,-0.486660879
2.342566061,0.117476925,-0.430421574
2.154508221,0.02889163,-0.443544078
1.959964594,-0.049394705,-0.408300781
1.765076058,-0.122544683,-0.342313329
1.564541513,-0.223985867,-0.314943534
1.363440868,-0.287264291,-0.276700807
1.159198552,-0.408549811,-0.200590281
0.951327195,-0.473309155,-0.168346413
0.747992139,-0.614990138,-0.140976617
0.53418235,-0.710462651,-0.09411053
0.335132413,-0.788254096,-0.070490022
0.11493806,-1.067960625,-0.052493444
-0.040732082,-0.596952901,-0.067865521
-0.036162039,-0.09018938,0.031865513
-0.027250643,-0.182595074,0.045362947
-0.034261291,-0.099149887,0.002996003
-0.028052931,-0.089623256,0.092603963
-0.032532998,-0.083523363,0.025491725
-0.029080159,-0.056255679,0.046112804
-0.031142115,-0.072193383,0.073482599
-0.030302337,-0.043973411,-0.01612536
-0.030039906,-0.055292143,0.049487162
-0.031037143,-0.036688781,-0.045369799
-0.029897444,-0.039181977,-0.128229042
-0.030905927,-0.039733104,-0.081362954
-0.030369819,-0.032857134,-0.157098552
-0.030988405,-0.034218081,-0.100109389
-0.030909676,-0.030270209,-0.076488881
-0.031044641,-0.029107968,-0.103108819
-0.031490773,-0.026772237,-0.022499148
-0.031629486,-0.029494132,-0.072364665
-0.0325255,-0.029494132,-0.050243872
-0.03347025,-0.027799509,0.005995433
-0.034231299,-0.029220443,-0.050618801
-0.035247281,-0.029610356,-0.004877499
-0.035543453,-0.025819949,0.041238731
-0.035993334,-0.027765766,0.005245576
-0.036188282,-0.019765046,-0.004877499
-0.036105804,-0.02977157,0.024741868
-0.037384217,-0.023045566,-0.005252428
-0.036503199,-0.017807981,-0.08248774
-0.038149015,-0.03417684,-0.133103115
-0.037163025,-0.008322591,-0.163097411
-0.038096528,-0.037693558,-0.168346413
-0.03884633,-0.011096974,-0.16909627
-0.036881849,-0.029111717,-0.112856965
-0.040773322,-0.023502964,-0.073114523
-0.035670919,-0.009781017,-0.064491163
-0.042437882,-0.049214745,-0.058867232
-0.03532601,0.030732471,-0.062991448
-0.041871782,-0.10192427,-0.088486599
-0.037627902,0.117169493,-0.154848979
-0.043131449,-0.414480992,-0.155973765
-0.308666329,-1.755074027,-0.259079158
-0.686446569,-1.777321578,-0.127479184
-0.993430504,-1.661228653,-0.075364095
-1.311444026,-1.797702045,-0.187092848
-1.603555638,-1.747969358,0.206582288
-1.881799662,-1.80006027,0.127097403
-2.150956086,-1.681924049,0.066358954
-2.410829961,-1.687469066,0.391797065
-2.669680357,-1.709371694,0.221204507
-2.909324574,-1.708006997,0.255697947
-3.137481825,-1.74233811,0.315311611
-3.352333839,-1.762264928,0.233202225
-3.559950264,-1.808270944,0.290191388
-3.755472382,-1.811611451,0.17696292
-3.935068706,-1.824849756,0.216705362
-4.101048626,-1.832415573,0.196459213
-4.25243365,-1.834020216,0.024366939
-4.392425432,-1.843318147,0.069733312
-4.520634076,-1.843749302,-0.055117945
-4.636407254,-1.838148048,-0.137602259
-4.738267856,-1.816691571,-0.020999433
-4.825739757,-1.802324766,0.04723759
-4.901889648,-1.797653306,0.109850683
-4.966398863,-1.777887702,0.14809341
-5.017846527,-1.75339815,0.193084854
-5.057870958,-1.726989025,0.155966913
-5.085452425,-1.69477994,0.192709926
-5.100564684,-1.665802636,0.180712207
-5.105033504,-1.62955195,0.087354961
-5.098097835,-1.5875163,0.098227893
-5.080256297,-1.552146668,-0.038246154
-5.052877277,-1.51446755,-0.204339568
-5.015345938,-1.469053902,-0.330315611
-4.96875699,-1.428053023,-0.402301921
-4.914778744,-1.389432864,-0.434170861
-4.852683892,-1.341514773,-0.521154319
-4.782438691,-1.291140979,-0.465664872
-4.704343064,-1.244347638,-0.467914444
-4.617647208,-1.189193657,-0.539900754
-4.522606055,-1.12799977,-0.447293365
-4.419759464,-1.06946779,-0.367433552
-4.308387624,-1.008476358,-0.358435263
-4.189435286,-0.947586153,-0.319817607
-4.06430083,-0.886939643,-0.258329301
-3.932609356,-0.821576683,-0.358435263
-3.794274636,-0.750372523,-0.431921289
-3.649836527,-0.692155473,-0.363684265
-3.501653158,-0.636825281,-0.426297358
-3.349687038,-0.56238559,-0.443544078
-3.191250126,-0.489404325,-0.403426707
-3.02468911,-0.405655455,-0.396677991
-2.850108961,-0.325059633,-0.40267685
-2.671344917,-0.251553485,-0.424422715
-2.487643427,-0.17321841,-0.35956005
-2.301261395,-0.104552435,-0.339688828
-2.110016897,-0.006830423,-0.314193677
-1.914292332,0.061963024,-0.254580014
-1.717379331,0.153135243,-0.233584006
-1.514704101,0.236752892,-0.232834149
-1.314731908,0.312748487,-0.245206796
-1.106965523,0.423618824,-0.203214782
-0.902723207,0.487422131,-0.145850691
-0.693760887,0.663254267,-0.085862099
-0.483992531,0.68935971,-0.07686381
-0.280844926,0.903163399,-0.018374932
-0.061651558,0.979425185,-0.031872366
0.025449191,0.290759628,-0.069365236
-0.000628922,0.083453243,0.086980032
0.006261758,0.154657404,0.048737305
0.004690923,0.042441116,0.05586095
0.003858642,0.080123984,0.116974328
0.005999327,0.038969389,0.02699144
0.003288793,0.045129268,0.103101966
0.006321742,0.040720249,0.05886038
0.004222296,0.025011244,0.002621075
0.005778136,0.027328228,0.045362947
0.005197039,0.016185707,-0.082112811
0.005365745,0.023534072,-0.093735601
0.005886857,0.010711925,-0.100859247
0.005628175,0.014367361,-0.172845557
0.006355483,0.010089563,-0.098234746
0.00598808,0.009347228,-0.083237598
0.006591671,0.007480143,-0.045369799
0.006662902,0.004282105,-0.013875788
0.00731523,0.013542545,-0.065615949
0.008548654,0.010974366,-0.025498578
0.009051021,0.01064444,-0.032247294
0.009898298,0.00816999,-0.067115663
0.010820554,0.004375834,-0.040120797
0.01091053,0.007926294,-0.035996581
0.011596599,-0.001015467,-0.057367517
0.011484129,-0.000648048,-0.078738453
0.012155202,0.010138302,-0.084737312
0.012638824,-0.009421097,-0.09411053
0.012166449,0.007952538,-0.106483177
0.013849754,0.005155661,-0.103108819
0.012335154,0.001297769,-0.0911111
0.014787007,0.015244666,-0.098609674
0.012856266,-0.019862524,-0.070490022
0.014363368,0.02552113,0.003370932
0.014745768,-0.024264045,0.020617652
0.012428879,0.024497608,0.027366369
0.018412299,-0.005818148,-0.004127642
0.00917099,-0.01264538,-0.03637151
0.023574686,0.054340969,-0.114731608
0.001054383,-0.138133715,-0.164972054
0.077193027,0.937423278,-0.165721912
0.418270459,1.956285383,-0.268077447
0.767397015,1.687252729,-0.100859247
1.072446461,1.73921617,-0.146975477
1.387573245,1.766626322,-0.090361243
1.669813714,1.774574554,0.249324159
1.947836547,1.775466856,-0.01050143
2.210514681,1.650645872,0.127472332
2.472300552,1.698901388,0.313062038
2.724863857,1.689790914,0.153717341
2.959911788,1.712345897,0.368926415
3.184035104,1.733573675,0.374175416
3.395917902,1.768549644,0.38467342
3.601341156,1.796563413,0.360677983
3.791423461,1.79248432,0.165715059
3.967109568,1.816014086,0.201708214
4.127675917,1.807968376,-0.005627357
4.274108499,1.8190959,-0.121105396
4.410227554,1.825064573,-0.022499148
4.534870889,1.81347965,-0.195341279
4.647131245,1.811691298,-0.156723623
4.744380564,1.790092352,-0.063366376
4.82793475,1.779264761,-0.022874077
4.900121938,1.766974995,0.10497661
4.959776185,1.731905296,0.169464346
5.007171169,1.71197098,0.235451797
5.042629306,1.688733649,0.19720907
5.065850674,1.656490822,0.177712778
5.077318895,1.625245272,0.080981173
5.077633812,1.582069877,-0.02774815
5.067279046,1.543187276,-0.050993729
5.046033407,1.500750466,-0.161222767
5.01447799,1.460349453,-0.248206226
4.973707506,1.424916086,-0.349436975
4.924456762,1.376863025,-0.42854693
4.867183136,1.337406802,-0.562771405
4.802089075,1.29740695,-0.631758286
4.72894589,1.247310594,-0.497533811
4.647798569,1.194612317,-0.505782243
4.55883831,1.13701013,-0.508031815
4.46148027,1.080491453,-0.383180558
4.356028116,1.021149653,-0.346062616
4.242399372,0.956772724,-0.369308196
4.12137758,0.893752993,-0.306320174
3.994304886,0.837991647,-0.246331582
3.860870123,0.772744911,-0.323941823
3.720784615,0.702256841,-0.326566324
3.574790667,0.646146822,-0.343813044
3.425846249,0.583734456,-0.466414729
3.272575473,0.513790015,-0.534651752
3.112031618,0.440576301,-0.53240218
2.943352411,0.350828766,-0.491534952
2.767572579,0.276614025,-0.494159453
2.587410155,0.202440525,-0.451042652
2.402535225,0.12244082,-0.371557768
2.215545853,0.047896153,-0.337439256
2.022228152,-0.036666286,-0.281199951
1.827020951,-0.103041521,-0.179219345
1.628252189,-0.203800357,-0.133103115
1.425621948,-0.272736273,-0.176594844
1.22445382,-0.372509078,-0.161597696
1.015648959,-0.459830903,-0.183718489
0.813536081,-0.558662668,-0.217462072
0.601203402,-0.707984452,-0.164972054
0.398149522,-0.72422209,-0.110607393
0.186855319,-1.021324749,-0.039745868
-0.010263878,-0.83170693,-0.072739594
-0.045590799,-0.159556449,-0.01612536
-0.023381664,-0.150715916,0.057360665
-0.033976366,-0.141530459,-0.025123649
-0.027775504,-0.072677026,0.061484881
-0.030650995,-0.100192155,0.055111093
-0.029507547,-0.049158507,0.030365798
-0.029211375,-0.074382896,0.12522276
-0.030317333,-0.051726686,0.040863802
-0.028619031,-0.050155785,0.066358954
-0.030257349,-0.042833664,0.061109952
-0.02888896,-0.036973718,-0.043495155
-0.030013663,-0.044194612,-0.000753284
-0.02972124,-0.029985272,-0.121480325
-0.029867451,-0.03449177,-0.219336716
-0.030317333,-0.028538094,-0.189717348
-0.030107388,-0.029066727,-0.259454087
-0.03055352,-0.030768848,-0.215962357
-0.030448548,-0.026678508,-0.148100263
-0.031472028,-0.033633211,-0.134977758
-0.032401782,-0.031417454,-0.046869514
-0.032881656,-0.02703093,-0.017625075
-0.034122578,-0.03246722,0.008245005
-0.034396256,-0.023577948,0.067108811
-0.034523722,-0.023671677,0.026241583
-0.035547202,-0.024942644,0.009369791
-0.035119814,-0.022843111,0.013119078
-0.036270761,-0.028219415,-0.028123079
-0.035922103,-0.015014853,-0.062991448
-0.036623168,-0.031353718,-0.161222767
-0.037103041,-0.014073812,-0.190467206
-0.036034573,-0.025707474,-0.156723623
-0.038688872,-0.02653604,-0.182968632
-0.035712158,-0.015907154,-0.113981751
-0.03964487,-0.039785592,-0.098234746
-0.036143294,0.008267468,-0.087361813
-0.038831334,-0.056364404,-0.031122508
-0.038970048,0.022964199,-0.073489451
-0.034906121,-0.06762315,-0.047619371
-0.045737011,0.020590977,-0.079488311
-0.021687112,-0.051194304,-0.065990877
-0.188724252,-1.392409702,-0.128978899
-0.566467002,-1.893283283,-0.116231323
-0.890400211,-1.622469775,0.022867225
-1.202572776,-1.775315775,-0.166846698
-1.507768433,-1.747346996,0.106101396
-1.78611368,-1.794031611,0.215580576
-2.061347249,-1.720885383,-0.06224159
-2.32203466,-1.660606292,0.224578865
-2.583977988,-1.705243862,0.200583428
-2.829650614,-1.6902397,0.11359997
-3.061433157,-1.723063648,0.257197662
-3.280356596,-1.739410012,0.222329293
-3.489536358,-1.788119176,0.323560042
-3.690543278,-1.804428049,0.268820452
-3.875163275,-1.812023859,0.245199944
-4.0460469,-1.823698762,0.308937823
-4.201567082,-1.819949596,0.10197718
-4.344708033,-1.831973171,0.080981173
-4.477216791,-1.831785713,0.028866084
-4.597196358,-1.827684125,-0.142851261
-4.704196853,-1.814423325,-0.085862099
-4.796711172,-1.795591264,-0.037871225
-4.876347643,-1.787309357,-0.026998293
-4.944782071,-1.767033867,0.0356148
-5.000289913,-1.743519098,0.134970906
-5.043913394,-1.721372774,0.089604533
-5.075461313,-1.68781024,0.102727038
-5.094412559,-1.655863597,0.169464346
-5.101888084,-1.620531456,0.026241583
-5.098217804,-1.588464839,0.017993151
-5.08433522,-1.548941131,-0.01050143
-5.059902921,-1.503426256,-0.172470628
-5.025869409,-1.470114916,-0.265827875
-4.983085707,-1.425747286,-0.329190825
-4.931709274,-1.38144714,-0.378681413
-4.872643621,-1.339973866,-0.488910451
-4.805135198,-1.289412613,-0.482161734
-4.728985307,-1.238742635,-0.440544649
-4.644613837,-1.184394725,-0.551523544
-4.552230732,-1.128097248,-0.542900184
-4.452060934,-1.071930992,-0.448418151
-4.343943235,-1.011693142,-0.440544649
-4.228207547,-0.950547994,-0.425172572
-4.105363736,-0.888731745,-0.313818748
-3.976022891,-0.82608693,-0.294322456
-3.840016307,-0.760281568,-0.35356119
-3.696702901,-0.6911357,-0.302945816
-3.548804457,-0.636034207,-0.31606832
-3.397869314,-0.572508338,-0.377931556
-3.241201935,-0.49652774,-0.381305914
-3.077193995,-0.418432613,-0.381680843
-2.904893244,-0.335077405,-0.409800495
-2.727576318,-0.264184425,-0.439794791
-2.545606871,-0.182501345,-0.409800495
-2.359588493,-0.115961147,-0.371182839
-2.170297229,-0.032834639,-0.337439256
-1.974565166,0.04485183,-0.289448383
-1.778068305,0.128893135,-0.232084291
-1.576191614,0.226322712,-0.217462072
-1.375308411,0.278499855,-0.242207366
-1.169828922,0.405682813,-0.205839283
-0.963333451,0.459119676,-0.165721912
-0.759181112,0.609112561,-0.109857535
-0.545142633,0.700824659,-0.055867803
-0.346250154,0.798606658,0.011994292
-0.12333402,1.059222434,0.063359524
0.019473269,0.513336366,0.013868936
0.006880345,0.056290536,0.12222333
0.002167839,0.170017737,0.145093981
0.007765111,0.067298087,0.083605674
0.002257815,0.070012483,0.148843268
0.00701156,0.057096606,0.037489444
0.003637451,0.037608441,0.0356148
0.006269256,0.047858661,0.055486021
0.005140804,0.019031324,-0.036746439
0.005238278,0.034590363,0.023617082
0.005894355,0.017152992,-0.061116804
0.005182043,0.020463505,-0.104608533
0.006415467,0.013752498,-0.077988596
0.005901853,0.012717728,-0.191966921
0.006569177,0.017194233,-0.149599977
0.006456706,0.009999583,-0.141351546
0.006692894,0.010048322,-0.142851261
0.007157771,0.009201011,-0.06824045
0.007232751,0.01082065,-0.097484888
0.007435198,0.005575567,-0.021749291
0.007528923,0.007633859,0.032240442
0.007986302,0.008541157,-0.015750432
0.00807253,0.002696208,0.035989729
0.007975055,-0.002740083,0.068608526
0.008143761,-0.000944233,0.032615371
0.00780635,0.005110671,-0.006002285
0.007378963,-0.00414977,-0.065990877
0.007453943,-0.001870277,-0.117356109
0.007401457,0.002036354,-0.182593703
0.007172767,-0.006492998,-0.223086003
0.007082791,-0.001742805,-0.206214211
0.006906588,-0.001671571,-0.204339568
0.006790368,-0.005750663,-0.160097981
0.006790368,-0.003152491,-0.056242731
0.006677898,-0.000123165,-0.007502
0.0066704,0.001736421,0.015743579
0.00659542,-0.001986501,0.046112804
0.006550432,-0.001866527,0.010869506
0.006512942,0.000772885,-0.029622793
0.006374228,-0.000303125,-0.069365236
0.006314244,0.000585427,-0.111732179
0.006070558,-0.000231891,-0.145100833
0.006055562,5.3e-05,-0.188967491
0.006198025,0.000904106,-0.198715637
0.006055562,-0.004239749,-0.214462643
0.005901853,-0.00707037,-0.202464924
0.005748144,-0.004700897,-0.200590281
0.005796881,-0.002556374,-0.240707652
0.005744395,-0.001851531,-0.222711074
0.005665665,-0.002766327,-0.243707081
