0.00072447,-0.006792932,-0.085112241
0.002700198,0.007930043,-0.0911111
0.001091873,-0.008933705,-0.103108819
0.001845424,0.001743919,-0.088861528
0.002632716,0.001998863,-0.09710996
-0.000284014,-0.014861137,-0.101609104
0.00534325,0.019136301,-0.084362384
-0.003185747,-0.050005819,-0.118105967
0.008061283,0.064891122,-0.100109389
-0.007669563,-0.131306484,-0.104983462
0.032928466,0.704900003,-0.121855254
0.234827651,3.033750701,-0.050993729
0.396230029,3.740427251,-0.103108819
0.513821477,3.820876855,-0.080613097
0.629804599,4.097823999,0.018743009
0.723597331,3.404138309,0.053986307
0.84228349,2.886445969,0.05586095
0.946442235,2.681411579,0.134221048
1.041355921,2.600167152,0.207332145
1.126518432,2.561329541,0.169839275
1.200205224,2.412363928,0.342681406
1.269340717,2.295686133,0.252323589
1.324402427,2.159160253,0.100852394
1.37244599,2.095671876,0.198708785
1.408732658,2.030972519,0.097478036
1.436850233,1.968856336,0.070858098
1.456041415,1.90028409,0.007495148
1.464585409,1.84530632,-0.098234746
1.464735369,1.797309497,-0.121480325
1.45598518,1.69349509,-0.243707081
1.439886931,1.622823311,-0.260203944
1.414071248,1.547588797,-0.230584577
1.378725582,1.457207652,-0.380930985
1.335893143,1.371276768,-0.376431841
1.285397727,1.270397958,-0.320192536
1.228236571,1.170756373,-0.374182269
1.163723607,1.058843768,-0.271826734
1.093448415,0.946638728,-0.279325308
1.015517744,0.829788471,-0.30182103
0.933151994,0.716297467,-0.244831867
0.848270659,0.589103262,-0.319442679
0.75881928,0.469943519,-0.353186262
0.665513919,0.323512342,-0.374557198
0.561910028,0.16739707,-0.487410736
0.457260163,0.047678701,-0.495659168
0.344362476,-0.121198732,-0.475787947
0.234643949,-0.231727895,-0.463790228
0.12285222,-0.494521936,-0.357685406
0.012998729,-0.534169367,-0.341938401
-0.010961194,-0.127028685,-0.244831867
0.002831414,-0.054467326,-0.139851831
-0.002837089,-0.079867926,-0.191966921
0.000567012,-0.028459362,-0.075739024
-0.000883855,-0.04617792,0.017243294
-0.000632672,-0.017605526,-0.079488311
-0.000130304,-0.030768848,0.010119649
-0.000876357,-0.01664574,0.055486021
0.000210856,-0.015715947,-0.056242731
-0.00113129,-0.020694839,0.041988588
-0.000362743,-0.011201951,0.056235879
-0.00082762,-0.015314786,-0.023249006
-0.000745142,-0.012997801,0.055486021
-0.000925094,-0.016132104,0.03861423
-0.001299995,-0.010324646,-0.030372651
-0.000973831,-0.009664793,0.00412079
-0.001389972,-0.010167181,-0.003752713
-0.001427462,-0.015794679,0.047987447
-0.001701139,-0.014152544,0.106476325
-0.001884841,-0.008974946,0.106851253
-0.001896088,-0.012191731,0.188210781
-0.002079789,-0.007456534,0.137595407
-0.002068542,-0.011036987,0.100852394
-0.002199758,-0.012379189,0.107976039
-0.002143523,-0.009822258,-0.033747009
-0.001828606,-0.010069703,-0.059242161
-0.001948574,-0.008480056,-0.091486029
-0.001922331,-0.010137188,-0.218961787
-0.001824857,-0.007460283,-0.224210789
-0.001892339,-0.007512771,-0.263203374
-0.001742378,-0.009589809,-0.311194247
-0.00173488,-0.009469836,-0.259454087
-0.001689892,-0.010380883,-0.235083721
-0.001581171,-0.012004272,-0.222711074
-0.001618661,-0.010373385,-0.200215352
-0.001607414,-0.006133078,-0.221961217
-0.001618661,-0.009998468,-0.247456368
-0.001592418,-0.010988248,-0.244456939
-0.00150994,-0.00828135,-0.242207366
-0.001532434,-0.009192398,-0.200590281
-0.00143496,-0.006001858,-0.20658914
-0.001352481,-0.008266354,-0.194591421
-0.001536183,-0.010673318,-0.142476332
-0.001487446,-0.00824011,-0.191966921
-0.001326238,-0.012034266,-0.155598837
-0.00143496,-0.00927113,-0.073114523
-0.001738629,-0.009915987,-0.094860387
-0.002360965,-0.0121055,-0.076488881
-0.002634643,-0.009604806,-0.025123649
-0.002878328,-0.016398295,-0.06224159
-0.003170751,-0.010752051,-0.042370369
-0.003219488,-0.011719336,0.038239301
-0.003740601,-0.011055733,0.032615371
-0.003466923,-0.006515493,0.058485451
-0.004329195,-0.015922151,0.094103678
-0.004029275,-0.003568649,0.061484881
-0.004111753,-0.01889149,0.034490014
-0.004685351,-0.010410877,0.013119078
-0.003691864,-0.014242524,-0.020624505
-0.005480141,-0.012727861,-0.042370369
-0.003331959,-0.005158295,-0.066740735
-0.005806305,-0.030952557,-0.076113952
-0.003429433,0.014993472,-0.077988596
-0.004962778,-0.044843217,-0.082112811
-0.005326432,0.024325146,-0.069740164
-0.001438709,-0.039654372,-0.093360672
-0.010050185,0.00578552,-0.077613667
0.008556152,-0.000932985,-0.093735601
-0.103171844,-1.138684893,-0.142476332
-0.364425355,-1.717421153,-0.142101404
-0.577534079,-1.553162692,-0.184093418
-0.771466618,-1.689036217,-0.124479755
-0.952067676,-1.685680714,-0.072739594
-1.106328191,-1.774089797,-0.023623934
-1.250050238,-1.822139109,0.073482599
-1.367394251,-1.838260523,0.031490585
-1.475257018,-1.853320922,0.045737875
-1.568971021,-1.828276493,0.061484881
-1.651591703,-1.863027513,0.023992011
-1.719370055,-1.848518241,0.020617652
-1.771803709,-1.863623631,0.019492866
-1.813290254,-1.865659428,0.028866084
-1.841524048,-1.861569088,0.01836808
-1.860726477,-1.851393851,0.016118508
-1.868524418,-1.815922992,-0.037121367
-1.866177538,-1.782667889,-0.068615378
-1.855695306,-1.716532601,-0.07386438
-1.836871526,-1.642464077,-0.152599407
-1.809713698,-1.565583679,-0.138727045
-1.773487014,-1.480365136,-0.121855254
-1.728285201,-1.398235906,-0.161597696
-1.675300442,-1.319563406,-0.137977188
-1.615207561,-1.229305984,-0.14022676
-1.547736628,-1.119976554,-0.134977758
-1.474792141,-1.011681895,-0.136852402
-1.394304645,-0.897977188,-0.133478043
-1.30714766,-0.794376484,-0.142851261
-1.215728052,-0.686348015,-0.253455227
-1.120904342,-0.584040773,-0.308194818
-1.022897722,-0.462519055,-0.349811903
-0.915638546,-0.332081821,-0.409800495
-0.804079256,-0.213746895,-0.425547501
-0.684005963,-0.072058413,-0.428921859
-0.56352028,0.015934513,-0.407175994
-0.439851687,0.172679645,-0.422923
-0.311001962,0.272381216,-0.387679702
-0.187134672,0.482566961,-0.337814185
-0.050565736,0.668383126,-0.322817037
0.012177696,0.250864753,-0.229834719
-0.003808083,0.025221197,-0.202839853
-0.001359979,0.087907252,-0.182593703
-0.001382474,0.021921931,-0.136477473
-0.002837089,0.038073338,-0.117731038
-0.000913847,0.016856808,-0.10573332
-0.002878328,0.012309069,-0.125604541
-0.001082553,0.011896661,-0.074989166
-0.002484682,0.006047962,-0.074614237
-0.00158492,0.013373832,-0.09710996
-0.001809861,0.000866615,-0.06824045
-0.001757375,0.005568069,-0.116606252
-0.00120627,0.001950124,-0.101609104
-0.001543681,0.002898663,-0.051743587
-0.000932592,-0.005660683,-0.046119656
-0.001048812,-0.007760216,0.026241583
-0.000722648,0.000566681,0.086980032
-0.000782632,0.000499196,0.132721334
-0.000696405,0.000649163,0.146218767
-0.000377739,-0.001922765,0.136095692
-0.000321504,-0.002200203,0.160466057
7.21e-05,-0.002308929,0.115099685
8.71e-05,-0.002695093,0.070858098
-7.41e-05,-0.001199176,0.019492866
-0.00010781,-0.003527408,-0.068990307
-9.28e-05,-0.004078535,-0.098234746
-1.03e-05,-0.000603058,-0.112856965
-0.000137802,-0.000895493,-0.170221056
-0.000254021,-0.001960257,-0.186717919
-0.000340249,0.000274246,-0.148100263
-0.000433974,-0.002470143,-0.181093988
-0.000362743,-0.00464091,-0.181468917
-0.000160296,-0.00185528,-0.137977188
0.000267091,-0.00190027,-0.160847839
0.000908172,-0.002200203,-0.178844416
0.001320563,-0.00091049,-0.183718489
0.001946647,-0.00014566,-0.19796578
0.002235321,-0.002781324,-0.217837001
0.002891398,0.00088536,-0.237708222
0.003228809,-0.003321204,-0.24408201
0.003236307,0.001548963,-0.242957224
0.004226045,-0.001517855,-0.251955513
0.003476243,0.000566681,-0.253830156
0.005035832,0.010524466,-0.236208507
0.003877388,-0.00981101,-0.212587999
0.005200788,0.015627081,-0.172470628
0.005474466,-0.011355667,-0.151474621
0.004117324,0.015420877,-0.128978899
0.00727774,-0.001960257,-0.05661766
0.002647712,-0.004704646,-0.032247294
0.009118504,0.021846948,-0.021749291
0.001448029,-0.052075358,0.02699144
0.009763333,0.085605265,0.029241012
0.001819181,-0.155406123,0.027741298
0.01742631,0.496986253,0.013494007
0.281424096,1.904340688,0.006370362
0.623671219,1.913158726,0.058485451
0.89946339,1.862863664,0.061484881
1.182926036,2.040705354,0.107601111
1.431511643,2.063305326,0.276693954
1.66676202,2.247321892,0.365926985
1.88920203,2.239163707,0.379799347
2.098644223,2.300728761,0.555265979
2.29928374,2.362923676,0.587884775
2.478673869,2.406462741,0.556015836
2.646726991,2.467570398,0.75960212
2.798861817,2.498186087,0.69323974
2.941346691,2.54213756,0.707487031
3.071099927,2.551255532,0.784347414
3.186678156,2.538223431,0.627252289
3.289014882,2.501541591,0.486279098
3.37782518,2.492089943,0.368551486
3.455399695,2.463731252,0.244075158
3.520891151,2.406687691,0.121473473
3.575810398,2.363917205,-0.041245583
3.61897275,2.306255032,-0.570269979
3.649932075,2.237649044,-0.489660308
3.670709088,2.153446524,-0.415424426
3.682975849,2.061636947,-0.69699588
3.686376201,1.969227504,-0.859714935
3.680419024,1.878310228,-0.932826032
3.666180284,1.800241345,-0.395178276
3.6437762,1.724789379,-0.742362252
3.613806615,1.652153037,-0.737488179
3.577160042,1.574365341,-0.274826163
3.53278301,1.498429732,-0.41130021
3.479955711,1.42008716,-0.113606822
3.419008055,1.33557346,-0.149974906
3.350090004,1.25721964,-0.270701948
3.273025355,1.172038588,-0.392928704
3.188174011,1.087974788,-0.527528107
3.096312019,1.008155044,-0.482536663
2.997109466,0.933824079,-0.81809785
2.891319901,0.855376529,-0.809099561
2.77874088,0.76924319,-0.610012421
2.659593593,0.695092184,-0.912954811
2.537379616,0.617394468,-0.741612395
2.410250687,0.53462788,-0.646755434
2.277382024,0.45101398,-0.664002154
2.136126825,0.348365564,-0.445418722
1.986350127,0.261917294,-0.508781672
1.832918143,0.168146903,-0.283824452
1.673911382,0.082958353,-0.284949238
1.513832404,0.00039422,-0.176219915
1.347106431,-0.108451568,0.116599399
1.178296009,-0.180986682,0.134595977
1.004454415,-0.299640288,0.216330434
0.826773835,-0.367410212,0.233202225
0.650952765,-0.501030489,0.164965202
0.465879137,-0.592660106,0.050986877
0.293443422,-0.700062464,-0.021749291
0.10096175,-0.951132864,-0.226460361
-0.027820492,-0.497712477,-0.292822741
-0.019396467,-0.067754371,-0.142101404
-0.013488027,-0.153265349,-0.211463213
-0.018841613,-0.068429221,-0.045744728
-0.013799195,-0.074919027,0.206207359
-0.017994337,-0.062929194,0.113225041
-0.014893906,-0.035354078,0.320560612
-0.016734669,-0.054591049,0.397046067
-0.015909887,-0.02298183,0.29244096
-0.015943628,-0.03597644,0.239576013
-0.016659689,-0.026236106,0.056610808
-0.015819911,-0.026502297,0.011994292
-0.016678434,-0.023326754,-0.248581154
-0.016288537,-0.018764019,-0.308569746
-0.016742167,-0.023158041,-0.257204514
-0.016637195,-0.016409542,-0.397802777
-0.017057084,-0.016975666,-0.313068891
-0.017177053,-0.017178121,-0.279700236
-0.017162057,-0.016263325,-0.393678561
-0.017608189,-0.015011103,-0.445043793
-0.01767942,-0.01475616,-0.327316181
-0.018016831,-0.014388742,-0.320942393
-0.018185536,-0.016941924,-0.335189684
-0.018065568,-0.01754179,-0.170970913
-0.017979341,-0.012446674,-0.221211359
-0.017900612,-0.010515853,-0.142851261
-0.017709412,-0.013837614,-0.015375503
-0.017930604,-0.015086087,-0.079113382
-0.018676657,-0.015839669,-0.028872936
-0.019096546,-0.014726167,-0.090361243
-0.019527682,-0.015629716,-0.097484888
-0.020120025,-0.014227528,-0.18934242
-0.020071288,-0.012075506,-0.281199951
-0.020982298,-0.015097334,-0.207338997
-0.020952306,-0.010103445,-0.259829015
-0.021495912,-0.019528848,-0.126729327
-0.022043268,-0.009503579,-0.015000574
-0.021623378,-0.016053372,-0.020249576
-0.022976771,-0.012506661,0.085105389
-0.0215409,-0.011711837,0.152967483
-0.023992753,-0.025085112,0.110975469
-0.02207326,0.006377889,0.096728178
-0.023872784,-0.035878961,0.13384612
-0.023872784,0.013486307,0.045737875
-0.021829574,-0.032317254,-0.006002285
-0.027119427,-0.004382218,-0.009751572
-0.018530445,-0.001952758,-0.073114523
-0.032150599,-0.053946192,-0.086986885
-0.009776507,0.11731946,-0.064116234
-0.089094311,-0.943522057,-0.071614808
-0.417203918,-1.907627592,-0.121855254
-0.744709933,-1.625739048,-0.056242731
-1.029319776,-1.64986868,-0.08248774
-1.318657121,-1.651851989,-0.099359532
-1.574324607,-1.646239488,0.115474613
-1.82629182,-1.667126091,0.059235308
-2.06460139,-1.557035581,0.092229034
-2.298355912,-1.570427602,0.184836423
-2.518703975,-1.547861372,0.093728749
-2.722938793,-1.564027775,0.239950942
-2.915206771,-1.5726846,0.247449516
-3.092107557,-1.58648528,0.208456931
-3.259452116,-1.614858968,0.23470194
-3.411579444,-1.61682728,0.188960639
-3.548834449,-1.622867187,0.124097974
-3.671284613,-1.619118021,0.067858669
-3.780039645,-1.61157095,0.002996003
-3.875185769,-1.59713666,-0.049868943
-3.957495284,-1.581986281,0.041988588
-4.026949443,-1.556851872,-0.086986885
-4.082273584,-1.524440332,-0.020249576
-4.124798604,-1.495058118,-0.040495726
-4.15533804,-1.467205564,-0.092985744
-4.174701676,-1.43741844,0.127472332
-4.182334661,-1.405524284,-0.192716778
-4.17888932,-1.369071143,-0.167971484
-4.165591582,-1.331823179,-0.01612536
-4.142895075,-1.302605929,-0.034121938
-4.111650826,-1.265537924,0.248949231
-4.07187383,-1.2220401,0.204332715
-4.023189186,-1.180731789,0.106101396
-3.965165758,-1.132828695,0.082105959
-3.897852284,-1.076070071,-0.052493444
-3.821503695,-1.021602188,-0.099359532
-3.736326188,-0.967524217,-0.269202233
-3.642792137,-0.904272038,-0.41992357
-3.541595111,-0.848615669,-0.485911021
-3.433492407,-0.788842715,-0.66512694
-3.317674241,-0.722178794,-0.634382787
-3.19415186,-0.661161118,-0.58714177
-3.065380864,-0.596667964,-0.506157171
-2.932508452,-0.537239934,-0.464540086
-2.795257196,-0.46789161,-0.495284239
-2.650421692,-0.385469945,-0.463040371
-2.497308375,-0.303828106,-0.575144052
-2.336974464,-0.214283025,-0.479912162
-2.171718104,-0.149043788,-0.418798784
-2.003687475,-0.064586325,-0.370432982
-1.830052077,0.017426681,-0.245956653
-1.654665891,0.092889894,-0.258329301
-1.472107849,0.193442526,-0.155598837
-1.288829998,0.250039936,-0.171345842
-1.101394494,0.36276611,-0.232834149
-0.910194984,0.42314268,-0.221961217
-0.721728502,0.55692417,-0.30744496
-0.523233418,0.648553787,-0.326941253
-0.338137297,0.733622363,-0.379431271
-0.130996996,0.997147492,-0.354311048
0.01091053,0.528509241,-0.253455227
0.003348777,0.054074778,-0.159723052
-0.003691864,0.145929345,0.068608526
0.002700198,0.062127987,0.25494809
-0.002863332,0.059582303,0.368926415
0.001657974,0.054554672,0.316811325
-0.001476199,0.024572591,0.305188536
0.000776956,0.036224999,0.227203366
-6.66e-05,0.01441985,0.048737305
-0.0001453,0.029109082,0.086605104
0.000716972,0.012500277,-0.020624505
-0.000111559,0.013658769,-0.076488881
0.000979403,0.010711925,-0.045744728
0.000330824,0.008548656,-0.110607393
0.001268077,0.009823372,-0.094485459
0.001174351,0.004405827,-0.089611386
0.001151857,0.006857782,-0.066365806
0.001601738,0.001983866,-0.104233605
0.001646727,0.004270857,-0.151099692
0.002167839,0.004582038,-0.171720771
0.002962629,0.005639303,-0.224210789
0.004196053,0.006929016,-0.157098552
0.004563456,0.00569929,-0.137602259
0.005245776,0.005804266,-0.095985173
0.005736896,0.001773913,-0.030372651
0.006130543,0.006749056,-0.073114523
0.006614165,-0.000576814,-0.109107678
0.006497946,0.001698929,-0.22383586
0.007911322,0.001054073,-0.320567465
0.007202759,-0.004258495,-0.412050068
0.008597391,0.012833952,-0.448043223
0.008012546,-0.008787488,-0.398552634
0.008484921,0.01473103,-0.41992357
0.009815819,-0.011453145,-0.355060905
0.007461441,0.005455594,-0.256829586
0.011772803,0.007780077,-0.181843846
0.006591671,-0.022381964,-0.092610815
0.012683812,0.036783625,-0.032622223
0.007393959,-0.057204218,0.00412079
0.01144289,0.080360181,-0.02774815
0.011724065,-0.116482281,-0.043870084
0.005808128,0.290317226,-0.07086495
0.246813236,1.734364749,-0.103108819
0.62582315,1.879311256,0.044613089
0.93631241,1.666924751,0.101602252
1.256819024,1.785822052,0.107976039
1.555780077,1.72591038,0.322810185
1.838125518,1.774068417,0.301439249
2.113040421,1.648951249,0.275944097
2.377390615,1.63505684,0.381299062
2.640968512,1.642210249,0.25494809
2.886243742,1.626553731,0.337057475
3.12164408,1.665226379,0.428165149
3.342655717,1.679416972,0.34155662
3.555535752,1.733738638,0.381299062
3.757742355,1.745735969,0.446161727
3.943951933,1.770622933,0.400795354
4.115877783,1.785582106,0.280443241
4.272125273,1.78610324,0.321685398
4.41683331,1.80983921,0.167589703
4.54982569,1.818402305,0.079481458
4.670948705,1.822766334,0.121473473
4.778444069,1.820258142,-0.015000574
4.871063361,1.80857949,0.078356672
4.951734558,1.796132259,0.117349257
5.020251465,1.777573887,0.164215344
5.076036734,1.767991019,0.226453509
5.120020119,1.749815062,0.152217626
5.151305608,1.716766164,0.068608526
5.170481794,1.685775558,-0.151099692
5.178204754,1.64472219,-0.338564042
5.174808151,1.608212811,-0.3393139
5.160636894,1.575141418,-0.385805059
5.135653491,1.534346743,-0.414674568
5.100907666,1.489607945,-0.367433552
5.057029253,1.449874284,-0.381680843
5.005060477,1.41127662,-0.344187973
4.945537445,1.358368389,-0.39405349
4.878658855,1.3090931,-0.393303633
4.803768632,1.261722388,-0.386554916
4.720154462,1.206047273,-0.484411307
4.628423685,1.149896014,-0.502782813
4.528122671,1.091386529,-0.447293365
4.420106195,1.033176978,-0.432296217
4.304288029,0.97441255,-0.304070602
4.181076816,0.911831471,-0.216337286
4.052253334,0.845452487,-0.365558909
3.916156773,0.778919787,-0.309694532
3.773229516,0.720668995,-0.454042082
3.626062128,0.662035788,-0.566145763
3.475310687,0.598802354,-0.433795932
3.319254397,0.528426759,-0.569145193
3.156198705,0.447943413,-0.534276824
2.984625262,0.359335623,-0.367058624
2.806164888,0.277735025,-0.31044439
2.624562844,0.20124829,-0.178844416
2.438364513,0.130209092,-0.104983462
2.250201701,0.053879822,-0.078363524
2.056306653,-0.041262764,-0.097859817
1.859614843,-0.109351367,-0.205089425
1.660321221,-0.211767335,-0.231334434
1.45632634,-0.28196297,-0.327316181
1.254100991,-0.375092254,-0.345687688
1.043380386,-0.468142804,-0.30744496
0.838748173,-0.541963883,-0.335564613
0.625035858,-0.707377087,-0.290948097
0.417453175,-0.729418434,-0.202839853
0.20816844,-1.005675731,-0.09710996
0.00015837,-0.903117295,-0.055117945
-0.053325007,-0.199777502,0.068608526
-0.028289118,-0.126953702,0.098977751
-0.038336465,-0.148200226,0.05886038
-0.033181576,-0.062370568,0.110225612
-0.034602451,-0.094624643,0.043488303
-0.034639941,-0.048179975,0.013119078
-0.033552728,-0.069936385,0.02136751
-0.035266026,-0.045540562,-0.066365806
-0.033147835,-0.042559975,-0.123729897
-0.035127313,-0.044115879,-0.161597696
-0.033901386,-0.030723858,-0.231709363
-0.034534969,-0.035492797,-0.288323597
-0.034572459,-0.023345499,-0.297321885
-0.034268789,-0.027398348,-0.273701377
-0.034823643,-0.023379242,-0.276700807
-0.034793651,-0.025782457,-0.214837571
-0.035303516,-0.024833918,-0.145850691
-0.035513461,-0.023937868,-0.112482036
-0.036578179,-0.029040483,-0.060741876
-0.037391715,-0.023420483,-0.000378355
-0.037961564,-0.026652264,0.042363517
-0.039052526,-0.026389822,-0.004877499
-0.039191239,-0.021324699,0.015743579
-0.040031018,-0.023840389,-0.002252998
-0.040087253,-0.01754179,-0.120730468
-0.040338436,-0.025040122,-0.168721341
-0.041125729,-0.017223111,-0.217087144
-0.040379676,-0.024162818,-0.24108258
-0.042302918,-0.024608968,-0.244456939
-0.040807063,-0.010650823,-0.216712215
-0.042955245,-0.03534658,-0.152224478
-0.041658088,-0.002623859,-0.09411053
-0.04187928,-0.037858521,-0.012751002
-0.044031211,-0.00190027,-0.017625075
-0.03998228,-0.025400042,-0.038621082
-0.047011674,-0.025430036,-0.052118516
-0.037504185,0.00879985,-0.104983462
-0.050269564,-0.089132115,-0.149599977
-0.033099098,0.139068372,-0.185968061
-0.081307618,-0.747092002,-0.214462643
-0.403786211,-1.903503509,-0.261703659
-0.766814096,-1.704561514,-0.170595985
-1.073753043,-1.695439793,-0.208838712
-1.395740516,-1.754676616,-0.13722733
-1.685160339,-1.720244275,0.136470621
-1.968521762,-1.727026516,0.025866654
-2.238697916,-1.599048735,0.104601681
-2.504963853,-1.628719635,0.210331575
-2.764526561,-1.611484719,0.118474043
-3.006566395,-1.622252323,0.291691102
-3.238435166,-1.640090855,0.281568028
-3.456530074,-1.662484624,0.260946949
-3.668431617,-1.703732948,0.361802769
-3.865929464,-1.706998472,0.238451227
-4.048892399,-1.727495162,0.219329863
-4.217399151,-1.727251466,0.204332715
-4.37179463,-1.740058617,0.107976039
-4.515651642,-1.748321779,0.110225612
-4.646357126,-1.747691919,0.063734453
-4.765571895,-1.752310892,0.057360665
-4.870739124,-1.738903874,0.105351539
-4.961446421,-1.733921233,0.112475184
-5.040910437,-1.727570146,0.158591414
-5.106975491,-1.709382941,0.264696236
-5.16045137,-1.694356284,0.257197662
-5.202072879,-1.674710654,0.254198232
-5.230756554,-1.653786559,0.238826156
-5.24766084,-1.631051616,0.069358383
-5.25239584,-1.601549429,0.02136751
-5.245621379,-1.574821624,-0.078363524
-5.22838718,-1.546444187,-0.2557048
-5.200224617,-1.510482187,-0.308944675
-5.162220902,-1.4760311,-0.410550353
-5.11553823,-1.443139667,-0.422173142
-5.060229085,-1.407473851,-0.419173713
-4.996878314,-1.369378575,-0.454791939
-4.926070762,-1.322720204,-0.312319033
-4.846977899,-1.270603048,-0.324316752
-4.759161088,-1.220746638,-0.325816467
-4.662894009,-1.166053805,-0.229459791
-4.558232897,-1.106453313,-0.306695103
-4.445732605,-1.047452687,-0.301446101
-4.325258169,-0.987765965,-0.277075736
-4.197814323,-0.926763285,-0.316443249
-4.064342069,-0.861209117,-0.323941823
-3.923401787,-0.794608932,-0.301446101
-3.776451842,-0.730715645,-0.355060905
-3.626112792,-0.673252178,-0.407925852
-3.471975995,-0.609160185,-0.401926993
-3.311705817,-0.528028233,-0.485161164
-3.144020098,-0.445070437,-0.511406173
-2.96830025,-0.362768745,-0.536901325
-2.787747929,-0.290781009,-0.550398758
-2.603607805,-0.206998396,-0.472788517
-2.415429997,-0.133634716,-0.45179251
-2.224762846,-0.044460802,-0.371557768
-2.027579916,0.044293204,-0.28719881
-1.829894619,0.109206265,-0.240707652
-1.627009445,0.216237455,-0.170221056
-1.423479441,0.278762297,-0.178844416
-1.217898728,0.392856917,-0.162347553
-1.007339331,0.456562745,-0.145100833
-0.801466196,0.579970293,-0.158598266
-0.58412109,0.702849209,-0.114731608
-0.382413105,0.768995745,-0.023249006
-0.160992825,1.061625649,0.023992011
0.00636673,0.630921459,0.056235879
0.007776358,0.068681529,0.169464346
-0.00401053,0.153603888,0.161590844
0.004604695,0.078875512,0.15671677
-0.001944825,0.063065279,0.205457501
0.002876402,0.063845105,0.152967483
-0.000134053,0.027688148,0.122973187
0.001732954,0.048282317,0.044988018
0.0013693,0.013396327,-0.065615949
0.000874431,0.026012271,-0.113606822
0.002149094,0.013043906,-0.144350976
0.001031889,0.014232391,-0.165721912
0.002182835,0.014018689,-0.170221056
0.001702962,0.007881304,-0.171720771
0.002310301,0.011030604,-0.226460361
0.0021266,-0.001971504,-0.268077447
0.002366536,0.004694513,-0.253830156
0.002902645,0.006839036,-0.272576591
0.003146331,0.006197929,-0.238833008
0.004342265,0.009084786,-0.166471769
0.004994593,0.0052044,-0.127104255
0.00557194,0.009410964,-0.103108819
0.006797866,0.008661131,-0.116231323
0.007150273,0.002340037,-0.094860387
0.007566413,0.004274606,-0.078363524
0.00814751,-0.003234973,-0.074614237
0.00803504,0.002816181,-0.066365806
0.008972292,-0.001615333,-0.101609104
0.008304968,-0.004817121,-0.155598837
0.01000327,0.008237475,-0.220086573
0.009024778,-0.008828729,-0.223086003
0.010067003,0.012099116,-0.171345842
0.010816805,-0.01242043,-0.118105967
0.008987288,0.010112058,-0.0479943
0.012556346,-0.007032878,-0.041995441
0.007570162,-0.0078352,-0.058867232
0.014359619,0.028614192,-0.073114523
0.007165269,-0.051591716,-0.11135725
0.014232153,0.086212629,-0.116231323
0.008818583,-0.146438118,-0.116981181
0.017055158,0.426318223,-0.110982321
0.285769198,1.807199797,-0.180344131
0.660460254,1.81073526,-0.120355539
0.966540677,1.661649674,-0.0911111
1.285761381,1.763514515,-0.110607393
1.579721255,1.705638639,0.175463205
1.860368394,1.743958865,0.11359997
2.131144391,1.613199202,0.078731601
2.394148689,1.612978001,0.24632473
2.654738625,1.600759469,0.039739016
2.895597522,1.591840203,0.083605674
3.127023909,1.621754799,0.175088277
3.3465097,1.636159095,0.09335382
3.558463729,1.685704323,0.212581147
3.756336477,1.677208713,0.220829578
3.937852294,1.692715264,0.141719622
4.105309324,1.70298048,0.154467198
4.258550107,1.704180213,0.113974899
4.401421129,1.721977504,0.088854676
4.532287821,1.726731447,0.092978891
4.650197935,1.719150633,0.051361806
4.753288212,1.704435157,0.061859809
4.843245707,1.701368339,0.079856387
4.921266354,1.697874116,0.065984025
4.985719334,1.674096905,0.165340131
5.037744346,1.6588378,0.198708785
5.076962739,1.647830248,0.175088277
5.103573212,1.622088475,0.242575443
5.118535511,1.603668822,0.097103107
5.121560962,1.573915441,-0.023623934
5.113515587,1.54141767,-0.041620512
5.094654318,1.515998324,-0.208463783
5.065085876,1.480313762,-0.253080299
5.025736267,1.446537526,-0.273326449
4.97747901,1.41532197,-0.335189684
4.92082772,1.378883825,-0.332190254
4.856056074,1.337541772,-0.361434693
4.783344025,1.295761066,-0.326566324
4.702196704,1.2423392,-0.301071172
4.612550377,1.189239762,-0.286823882
4.51487367,1.139803259,-0.198715637
4.409279054,1.079655389,-0.242957224
4.295267911,1.020178619,-0.331440397
4.173766246,0.957248868,-0.305570317
4.046258667,0.896422399,-0.308944675
3.911485507,0.830410833,-0.339688828
3.769982873,0.759919014,-0.290573169
3.623850212,0.702219349,-0.317193106
3.474152243,0.640114414,-0.391803918
3.320270379,0.56852034,-0.39967742
3.160067683,0.494245613,-0.492284809
2.991748381,0.405551593,-0.524153749
2.815541162,0.321930194,-0.496034096
2.635442471,0.245720897,-0.544774827
2.45064627,0.16488138,-0.530902465
2.263510687,0.094037139,-0.493784524
2.071557626,-0.004719643,-0.47466316
1.875581877,-0.079155584,-0.433046075
1.677919074,-0.166132487,-0.355810763
1.474531532,-0.247545626,-0.266202803
1.273704565,-0.33294038,-0.22383586
1.065004676,-0.433275561,-0.18934242
0.860863583,-0.499523324,-0.164597126
0.650739071,-0.669904173,-0.175470058
0.442102915,-0.7061961,-0.154474051
0.238359218,-0.953206152,-0.0911111
0.023353494,-0.965049768,-0.080238168
-0.052515221,-0.268428481,-0.006752143
-0.026249657,-0.108200374,0.115474613
-0.034257542,-0.161018624,0.100852394
-0.031153362,-0.060544724,0.135345835
-0.031104625,-0.098347565,0.186336138
-0.032386786,-0.048502403,0.169839275
-0.029859953,-0.057181723,0.211081432
-0.032690456,-0.045986713,0.195334427
-0.03032858,-0.037442364,0.152217626
-0.031854427,-0.042436253,0.116224471
-0.031333314,-0.025478775,0.024741868
-0.031584498,-0.034409288,-0.037496296
-0.031794443,-0.026416066,-0.095610245
-0.031498271,-0.026393571,-0.115856395
-0.031963148,-0.023780403,-0.104608533
-0.03172696,-0.025313812,-0.20358971
-0.032330551,-0.0219958,-0.28719881
-0.032458017,-0.019472611,-0.325066609
-0.032915397,-0.02595117,-0.388804488
-0.033758924,-0.024545233,-0.379431271
-0.034688678,-0.022381964,-0.292072884
-0.035457225,-0.023967861,-0.248581154
-0.036259514,-0.02235572,-0.213712785
-0.036431968,-0.020053732,-0.14885012
-0.036975574,-0.023030569,-0.173220486
-0.036934335,-0.019082698,-0.166846698
-0.037537926,-0.025115106,-0.100484318
-0.038145266,-0.016585753,-0.074614237
-0.037650396,-0.024024098,-0.07386438
-0.039228729,-0.017942951,-0.093360672
-0.037556671,-0.01462119,-0.111732179
-0.04002352,-0.033295786,-0.176219915
-0.038388951,0.000480451,-0.208463783
-0.039588634,-0.039658121,-0.19796578
-0.040244711,0.004267108,-0.222711074
-0.037695384,-0.037659815,-0.230209648
-0.043588828,-0.016165847,-0.265078017
-0.034261291,-0.005375747,-0.282324737
-0.048672486,-0.070982403,-0.239207937
-0.026512088,0.122384583,-0.146975477
-0.099617783,-0.904999376,-0.118855824
-0.440668971,-1.925848539,-0.080238168
-0.792071177,-1.672191215,0.067108811
-1.097330567,-1.719157017,-0.013500859
-1.414549299,-1.75384805,0.10497661
-1.698623034,-1.740313561,0.279318455
-1.978077988,-1.731667984,0.088854676
-2.242803082,-1.619084278,0.222329293
-2.506253513,-1.658038113,0.252323589
-2.759405413,-1.63251754,0.098227893
-2.994850739,-1.651687026,0.25494809
-3.221047258,-1.673724623,0.200958357
-3.435910519,-1.702514469,0.153342412
-3.64312205,-1.735627103,0.26357145
-3.833819193,-1.737404208,0.172463776
-4.009943934,-1.754159231,0.157466628
-4.171245089,-1.758418283,0.17996235
-4.319484693,-1.7743035,0.134595977
-4.45722707,-1.783627676,0.144344123
-4.582327785,-1.786773226,0.132346405
-4.693759609,-1.785191078,0.115099685
-4.790873964,-1.776084354,0.138345264
-4.87514796,-1.77030314,0.157466628
-4.946904011,-1.762148704,0.154467198
-5.005988409,-1.749915175,0.184086566
-5.051895036,-1.730996883,0.124847831
-5.085414935,-1.710938845,0.123723045
-5.106915507,-1.687690267,0.107226182
-5.116003107,-1.662173443,-0.065990877
-5.114454766,-1.637357713,-0.07686381
-5.101970563,-1.604098862,-0.152599407
-5.078430529,-1.571087455,-0.26995209
-5.04548048,-1.536797583,-0.241457509
-5.002738017,-1.498361133,-0.265078017
-4.951350337,-1.465402215,-0.251955513
-4.892280935,-1.425462349,-0.225710504
-4.824903728,-1.378016654,-0.21821193
-4.749259953,-1.32992985,-0.204714496
-4.665000953,-1.277673975,-0.292822741
-4.572426649,-1.222947399,-0.334439827
-4.471630766,-1.168063358,-0.331440397
-4.36304819,-1.110105,-0.414674568
-4.246738903,-1.042994929,-0.427422144
-4.123209024,-0.98373936,-0.345312759
-3.993639489,-0.923269062,-0.328066039
-3.856845612,-0.848615669,-0.283449523
-3.713056083,-0.781846771,-0.203964639
-3.56496269,-0.721785132,-0.257204514
-3.413918826,-0.652219357,-0.271076876
-3.257712575,-0.574814076,-0.284949238
-3.094634389,-0.49616782,-0.377181698
-2.923184664,-0.408092413,-0.400802207
-2.745886483,-0.330439686,-0.436045504
-2.56477181,-0.245044932,-0.449168009
-2.379510732,-0.168194528,-0.40267685
-2.191850287,-0.084445658,-0.415799355
-1.997584087,0.005061931,-0.418423855
-1.802346893,0.077960715,-0.362934408
-1.602014795,0.183870905,-0.388054631
-1.400745444,0.248394052,-0.412050068
-1.197582843,0.36290108,-0.406801066
-0.990243845,0.43190823,-0.379806199
-0.787654843,0.554468466,-0.305945245
-0.573983767,0.675394066,-0.243707081
-0.375080041,0.756319814,-0.070490022
-0.156718954,1.043700887,0.029241012
0.006854101,0.615171213,0.043113374
0.007686382,0.069633817,0.143969195
-0.00374435,0.151133188,0.139844979
0.004623441,0.0784781,0.124472902
-0.001862347,0.060133431,0.143594266
0.002778928,0.058405065,0.112475184
-0.000130304,0.029202811,0.090354391
0.001579244,0.041533818,0.074232456
0.001268077,0.013894966,0.065234168
0.001009395,0.029660209,0.065609096
0.002246568,0.00799003,0.090354391
0.001125614,0.015653325,0.100102537
0.00243027,0.011158075,0.065984025
0.001774193,0.003416047,0.032240442
0.002325297,0.00843993,0.010119649
0.002516497,9.8e-05,-0.059992018
0.002587728,0.006779049,-0.144725904
0.003146331,0.003326068,-0.184843275
0.003183821,0.006115447,-0.233584006
0.004106077,0.006407882,-0.280075165
0.005212035,0.005125667,-0.273326449
0.005819375,0.006482865,-0.261703659
0.006801615,0.006332899,-0.283449523
0.007150273,0.00241502,-0.250830727
0.007270242,0.002505,-0.244831867
0.008132514,0.002400023,-0.270327019
0.007787605,0.002490003,-0.209963498
0.008901061,0.001327762,-0.169846127
0.00856365,-0.006050597,-0.160847839
0.009609624,0.011731698,-0.132353257
0.009594628,-0.007910183,-0.072364665
0.009084762,0.01014955,-0.032622223
0.011352913,-0.005049569,-0.010876359
0.008627383,-0.001907768,0.054361235
0.012830023,0.017325453,0.007120219
0.008496168,-0.024965139,-0.082862669
0.012852517,0.04139135,-0.163847268
0.010543127,-0.053762483,-0.340813615
0.009669608,0.065453497,-0.442044364
0.016867707,-0.074337906,-0.466414729
-0.001974817,0.124300407,-0.401926993
0.196119122,1.561775641,-0.331065468
0.575515185,1.921328159,-0.160847839
0.890851914,1.649839801,0.010869506
1.205532567,1.793684053,-0.04499487
1.507470334,1.736910433,0.227203366
1.786602874,1.783430084,0.297689962
2.060734234,1.700011141,0.142094551
2.321496624,1.649374905,0.349055194
2.583121287,1.668848073,0.215205648
2.826791941,1.654410035,0.165340131
3.05866821,1.696738119,0.340431833
3.278517654,1.710550046,0.268070594
3.489898085,1.748540346,0.364052342
3.690710057,1.764969191,0.419541789
3.874767703,1.772861185,0.332933259
4.0448078,1.780378263,0.292815889
4.199394479,1.793245401,0.150342983
4.342524182,1.810495314,0.070483169
4.474193163,1.820468095,0.064109382
4.593475414,1.818840957,0.055486021
4.698477686,1.807102318,0.111350398
4.789061265,1.801527309,0.152217626
4.867831714,1.79666464,0.2002085
4.934102964,1.793144173,0.29244096
4.987447628,1.776565361,0.300314463
5.02825935,1.753406763,0.245949801
5.056163232,1.730825536,0.297315033
5.071830345,1.709440293,0.167214774
5.075800546,1.678093516,-0.040495726
5.068823639,1.645044618,-0.080988025
5.051611934,1.621184926,-0.260578873
5.023509355,1.580060324,-0.358810192
4.985408166,1.544713187,-0.36818341
4.938714247,1.510903208,-0.417299069
4.883765007,1.465302102,-0.341188543
4.820380495,1.431912029,-0.341563472
4.748665683,1.384605053,-0.314568606
4.668718044,1.326624201,-0.240707652
4.58012144,1.275673035,-0.289448383
4.483621923,1.218438266,-0.266202803
4.379534409,1.162796894,-0.298446671
4.26785515,1.100744447,-0.413549782
4.148816585,1.034241741,-0.422923
4.023232248,0.974356312,-0.425172572
3.891803204,0.905574113,-0.430421574
3.752737427,0.831944242,-0.33631447
3.607403305,0.766225111,-0.260203944
3.459073725,0.705908528,-0.285324167
3.306710209,0.633369665,-0.262078588
3.149169311,0.553471188,-0.360684836
2.984441561,0.46854508,-0.481036948
2.810896139,0.386640799,-0.485911021
2.632934383,0.30625868,-0.565770835
2.450237628,0.217598403,-0.5470244
2.265040283,0.149809732,-0.466789658
2.07555407,0.052305172,-0.424047786
1.880942961,-0.029947781,-0.371932697
1.685102177,-0.120328926,-0.343813044
1.482963056,-0.209727789,-0.335564613
1.283448242,-0.289052643,-0.37380734
1.076637854,-0.402112493,-0.436045504
0.872770439,-0.466384446,-0.448418151
0.666548646,-0.639176008,-0.44879308
0.458182419,-0.684653392,-0.422173142
0.258442665,-0.900624099,-0.282699666
0.041367488,-1.001682869,-0.167596555
-0.052380257,-0.331260754,-0.032622223
-0.027445591,-0.100822015,0.140594836
-0.032649217,-0.173012206,0.203957787
-0.031801941,-0.063247873,0.267320737
-0.030156125,-0.098771221,0.254573161
-0.032555492,-0.051621709,0.179212492
-0.029623766,-0.055269648,0.175463205
-0.032398033,-0.048018761,0.097103107
-0.03024985,-0.0357065,0.01274415
-0.031756953,-0.047737573,0.015368651
-0.031070884,-0.027049675,0.005620504
-0.030962162,-0.036726273,-0.029997722
-0.031543259,-0.024612718,-0.043495155
-0.030988405,-0.025445032,-0.034496867
-0.031558255,-0.024230303,-0.048744157
-0.031475777,-0.020766073,-0.045369799
-0.032049375,-0.026730996,-0.021374362
-0.031906913,-0.021298455,-0.015375503
-0.03218434,-0.021819589,-0.050993729
-0.033110345,-0.02379165,-0.120730468
-0.033950123,-0.023338001,-0.142851261
-0.034677431,-0.022505686,-0.176219915
-0.035618433,-0.020657347,-0.185968061
-0.035809632,-0.022434452,-0.163472339
-0.036304502,-0.022708141,-0.238458079
-0.036623168,-0.015112331,-0.311944105
-0.036754383,-0.023319255,-0.398177706
-0.03793907,-0.01538602,-0.494159453
-0.037136782,-0.017076894,-0.484036378
-0.03869637,-0.023596694,-0.424797643
-0.037380468,-0.006564232,-0.325066609
-0.038865075,-0.036013931,-0.229459791
-0.038868824,-0.003197481,-0.136477473
-0.037661643,-0.029625352,-0.019874647
-0.041039501,-0.013342725,0.057735594
-0.036218274,-0.018017935,0.147718482
-0.043172688,-0.037828528,0.15109284
-0.03471867,0.031002411,0.089979462
-0.044304889,-0.100525831,0.001871217
-0.03494736,0.133969506,-0.12298004
-0.05426226,-0.532965885,-0.24708144
-0.342928532,-1.830518495,-0.3824307
-0.714909053,-1.763697109,-0.278200522
-1.019066234,-1.687870227,-0.300321315
-1.337683347,-1.800367702,-0.232084291
-1.627185648,-1.761425115,0.117724186
-1.905909546,-1.800393946,0.03861423
-2.173266445,-1.679580821,0.140969765
-2.433605197,-1.703579232,0.327309329
-2.690161198,-1.703789186,0.240325871
-2.926615008,-1.707257164,0.460034089
-3.153771273,-1.744827557,0.54326826
-3.368173406,-1.765747903,0.461158875
-3.57541493,-1.811184046,0.584135488
-3.768965069,-1.818112504,0.530145756
-3.946326983,-1.83804682,0.408668857
-4.109761325,-1.844559121,0.40491957
-4.258743233,-1.856271516,0.298439819
-4.39697673,-1.871789314,0.197958927
-4.522860988,-1.8734277,0.111350398
-4.635754926,-1.874462469,0.00674529
-4.734590077,-1.865441976,-0.007502
-4.820172477,-1.861572837,0.022492296
-4.893960492,-1.853609608,0.120723615
-4.954379537,-1.838931623,0.259447234
-5.002333124,-1.823417574,0.285692243
-5.037978711,-1.800187742,0.350929837
-5.060536504,-1.777370318,0.403044926
-5.071558594,-1.750803727,0.227203366
-5.071427378,-1.720206784,0.140594836
-5.060217838,-1.688923742,0.070108241
-5.038732262,-1.653299167,-0.149599977
-5.007045629,-1.616591083,-0.27295152
-4.965911492,-1.579076928,-0.429671716
-4.916492042,-1.542136395,-0.565395906
-4.859012221,-1.499887044,-0.606638063
-4.793666976,-1.452909994,-0.687247733
-4.71992395,-1.403615959,-0.612636922
-4.63752071,-1.349478002,-0.558272261
-4.546907138,-1.292558164,-0.531652323
-4.447603361,-1.229673402,-0.39405349
-4.3406666,-1.170601543,-0.39705292
-4.226535489,-1.109081478,-0.379806199
-4.104921353,-1.041210326,-0.256454657
-3.977593727,-0.97627852,-0.215962357
-3.843709081,-0.905696721,-0.204714496
-3.702330165,-0.833941433,-0.140601689
-3.556051293,-0.768391014,-0.20358971
-3.406525778,-0.702233231,-0.308944675
-3.252377734,-0.627422373,-0.330315611
-3.0919426,-0.546080467,-0.459291084
-2.923113433,-0.459459736,-0.522279105
-2.748038415,-0.381263381,-0.540650612
-2.569289367,-0.293259207,-0.609637492
-2.386191468,-0.213529443,-0.556397617
-2.200896648,-0.133072341,-0.511406173
-2.009221014,-0.036767514,-0.476162875
-1.81557715,0.04197622,-0.390304203
-1.617055823,0.146341754,-0.285699096
-1.416547521,0.213016922,-0.1747202
-1.215465621,0.329398533,-0.178094559
-1.008179109,0.409656929,-0.181843846
-0.807532094,0.518780155,-0.195341279
-0.595653045,0.662376962,-0.280075165
-0.396921774,0.714302911,-0.26995209
-0.1845666,1.020392322,-0.210338427
-0.004145494,0.714299162,-0.179594274
0.01265382,0.092811162,-0.136852402
-0.004786575,0.136440206,-0.086611956
0.005354497,0.094445798,-0.084362384
-0.001393721,0.050231883,-0.039745868
0.00273019,0.068209134,0.064109382
0.000645741,0.026049763,0.170214204
0.001418037,0.047135072,0.283067742
0.002190333,0.0162157,0.28944153
0.00083694,0.0256561,0.257197662
0.002527744,0.01752041,0.231327582
0.001373049,0.014532325,0.161590844
0.002295305,0.015844533,0.113974899
0.002212827,0.003367308,0.048737305
0.002538991,0.010948122,0.002621075
0.002797673,0.006475367,-0.059242161
0.002947633,0.005065681,-0.20358971
0.003281295,0.002842425,-0.260203944
0.003405012,0.004132138,-0.28157488
0.004357261,0.007783826,-0.304070602
0.005148302,0.006164186,-0.230584577
0.005849367,0.005421851,-0.185593133
0.006940329,0.008361197,-0.181468917
0.007513927,0.004345841,-0.109482607
0.007517676,0.003288576,-0.034871795
0.008544905,0.005163159,0.015368651
0.00841369,-5.19e-05,0.060360095
0.009185986,0.009257248,0.032615371
0.009302205,-0.003227475,-0.042370369
0.009111005,0.006647829,-0.152224478
0.010539378,-0.000648048,-0.261703659
0.008964794,-0.000486834,-0.328440967
0.011607846,0.010798155,-0.403426707
0.0091335,-0.014489969,-0.396303062
0.011679077,0.02664588,-0.363309337
0.010978012,-0.024983885,-0.358060335
0.00996578,0.031129883,-0.262453516
0.014603305,-0.019735053,-0.191217063
0.006209272,0.00884484,-0.131228471
0.020785423,0.031609776,-0.061866662
-0.00465161,-0.112346951,-0.003002856
0.097238984,1.093471065,0.030365798
0.454238461,1.990845195,0.085480317
0.794940992,1.682007646,0.207332145
1.100361589,1.76267845,0.109100826
1.413044019,1.777735101,0.216705362
1.693439975,1.797290751,0.357303625
1.97005318,1.779737156,0.138720193
2.23108175,1.687353956,0.236576584
2.492061583,1.730810539,0.21745522
2.740778405,1.70666966,0.046112804
2.973228272,1.741083254,0.211456361
3.195660784,1.761576196,0.207707074
3.407037466,1.796248483,0.206582288
3.610466247,1.830718315,0.391797065
3.797579336,1.837418075,0.397046067
3.970198752,1.854720476,0.415417573
4.127454726,1.857907267,0.449161156
4.271634152,1.873616272,0.406044356
4.405481307,1.886779594,0.404544641
4.527264148,1.889257793,0.3269344
4.634725771,1.880477246,0.281193099
4.727656231,1.87439235,0.250823874
4.808934767,1.870631936,0.165715059
4.877609133,1.856118915,0.172838705
4.933765553,1.844908908,0.178462635
4.978067605,1.82458093,0.071607955
5.0089482,1.793425361,0.088104818
5.02750205,1.770892873,0.115099685
5.034182786,1.741915569,-0.003377784
5.029267834,1.708446764,0.019117938
5.014050603,1.676398893,-0.046119656
4.988456111,1.637834972,-0.167221626
4.953042963,1.600500777,-0.18071906
4.908797147,1.55975859,-0.28719881
4.856438473,1.518555256,-0.326191395
4.796214376,1.480587451,-0.380181128
4.728031132,1.428207853,-0.475787947
4.651510088,1.372334032,-0.479537234
4.566475044,1.318833434,-0.560521833
4.47310595,1.259176704,-0.586766842
4.371522775,1.203235398,-0.568770264
4.262377847,1.140043205,-0.641131503
4.145828624,1.073844181,-0.626884213
4.022621159,1.009722195,-0.573644337
3.893419027,0.939545306,-0.579268268
3.757442435,0.869833313,-0.513655745
3.614788855,0.799262762,-0.388429559
3.467673954,0.737049101,-0.371932697
3.317192441,0.671862352,-0.286448953
3.161694754,0.595338125,-0.223460931
2.9996288,0.509099808,-0.292447812
2.828771419,0.41931853,-0.257954372
2.652429235,0.341133422,-0.286074024
2.471970639,0.255974866,-0.3393139
2.288332882,0.180395429,-0.351686547
2.101515965,0.084570495,-0.403051779
1.908813102,0.001972619,-0.43454579
1.715030524,-0.08353836,-0.47203866
1.514713421,-0.182092686,-0.47203866
1.315895923,-0.25229582,-0.451417581
1.111717341,-0.375380939,-0.424797643
0.907148861,-0.438618122,-0.371932697
0.704034997,-0.595820653,-0.349811903
0.493385623,-0.674838075,-0.315318463
0.297293655,-0.824369812,-0.236583436
0.078782607,-1.039703161,-0.172095699
-0.048132628,-0.462192878,-0.083612526
-0.030887182,-0.079732956,0.003370932
-0.029293853,-0.177439971,0.017993151
-0.032746691,-0.07355433,0.012369221
-0.028352851,-0.089480788,0.003370932
-0.032289312,-0.066243457,-0.000753284
-0.028753996,-0.050346993,0.032990299
-0.031580749,-0.057736599,0.051361806
-0.029837459,-0.03264718,0.029241012
-0.030474791,-0.043868434,-0.000378355
-0.030699732,-0.026914705,-0.04499487
-0.030002416,-0.031556173,-0.049494015
-0.031097127,-0.02694095,-0.017625075
-0.03029109,-0.025088862,0.013868936
-0.031074633,-0.024612718,0.075732171
-0.031022147,-0.021125993,0.113225041
-0.031187103,-0.022160763,0.117349257
-0.031423291,-0.019652571,0.104601681
-0.031517016,-0.02298183,0.054736164
-0.032244324,-0.022933091,-0.028498007
-0.032967883,-0.021977054,-0.090361243
-0.033826406,-0.021448421,-0.123729897
-0.034864882,-0.022494439,-0.191217063
-0.03509732,-0.018512824,-0.264703088
-0.035254779,-0.021444672,-0.320567465
-0.035989585,-0.017751744,-0.321692251
-0.03562968,-0.017358081,-0.283824452
-0.036874351,-0.02257692,-0.237708222
-0.036255765,-0.011929289,-0.178469487
-0.037223009,-0.028166927,-0.167596555
-0.037624153,-0.010680817,-0.158223338
-0.036810618,-0.026483551,-0.158598266
-0.038865075,-0.013383965,-0.14022676
-0.036180784,-0.014737414,-0.044245013
-0.040492146,-0.03449177,-0.015750432
-0.036248267,0.008293712,-0.011626216
-0.04032344,-0.0579578,-0.077988596
-0.038332716,0.033349389,-0.208838712
-0.037155527,-0.077483456,-0.270701948
-0.044601061,0.051472857,-0.319817607
-0.025121205,-0.134302067,-0.291697955
-0.221846756,-1.525868764,-0.299196529
-0.603987094,-1.889804057,-0.174345272
-0.92084967,-1.650865958,-0.070115093
-1.234450608,-1.814652024,-0.125979469
-1.535638573,-1.773264981,0.207332145
-1.812919102,-1.827316707,0.35580391
-2.085307172,-1.742098164,0.368551486
-2.343913882,-1.711220033,0.639250007
-2.603007963,-1.749446529,0.544018118
-2.843964334,-1.731649238,0.542893331
-3.072702681,-1.775480738,0.672618662
-3.289586658,-1.792344487,0.493402743
-3.497697952,-1.839790182,0.494902458
-3.695480724,-1.857756186,0.450285943
-3.87628048,-1.872524151,0.231327582
-4.043295127,-1.889391648,0.160466057
-4.195474941,-1.895888953,0.037489444
-4.335834126,-1.913000147,-0.021374362
-4.464473906,-1.916456878,0.034864943
-4.580389546,-1.919902361,0.098602822
-4.682700029,-1.913337572,0.204707644
-4.771086689,-1.903034864,0.318685969
-4.847592736,-1.897332382,0.405669427
-4.911554596,-1.882178253,0.478405595
-4.962841053,-1.865453224,0.456284802
-5.002359367,-1.845533905,0.370426129
-5.028606186,-1.816924019,0.411668286
-5.043028627,-1.790316188,0.257947519
-5.046279019,-1.760146649,0.063734453
-5.037645049,-1.723648518,-0.010126501
-5.019004971,-1.689486117,-0.260203944
-4.990325045,-1.651469574,-0.384680272
-4.95156403,-1.608815312,-0.457791369
-4.904142803,-1.569239116,-0.599139489
-4.849422253,-1.528294474,-0.641506432
-4.787053723,-1.482592141,-0.701120095
-4.716189936,-1.433260615,-0.671875657
-4.637430734,-1.379317614,-0.594640344
-4.550138785,-1.322540244,-0.540650612
-4.45412289,-1.262171173,-0.392928704
-4.350117854,-1.19817291,-0.337439256
-4.238247396,-1.134737021,-0.36218455
-4.119115105,-1.071331126,-0.3393139
-3.993703222,-1.004475997,-0.3824307
-3.862075481,-0.936121203,-0.484411307
-3.723283382,-0.863402379,-0.471288802
-3.5787478,-0.793986571,-0.475038089
-3.430883096,-0.732144078,-0.578893339
-3.278707031,-0.658334247,-0.569520122
-3.120821224,-0.579384309,-0.627259141
-2.954803814,-0.488650743,-0.66812637
-2.781070942,-0.403717136,-0.564646048
-2.603469091,-0.326495564,-0.507656886
-2.421255958,-0.243549015,-0.371557768
-2.23762195,-0.166807336,-0.22383586
-2.048739329,-0.06807305,-0.153724193
-1.856253908,0.010142051,-0.080988025
-1.66057808,0.111399527,-0.066740735
-1.460242233,0.190608157,-0.077988596
-1.261529707,0.284299815,-0.11135725
-1.054659335,0.38187186,-0.190842134
-0.853543694,0.471158248,-0.245956653
-0.643944042,0.642206449,-0.300696244
-0.441066366,0.673913146,-0.325816467
-0.236591612,0.955636726,-0.298071743
-0.032814173,0.86768879,-0.271076876
0.019851919,0.176365075,-0.205839283
-0.004854057,0.102397779,-0.100484318
0.005204537,0.126396191,-0.023249006
0.000372063,0.042748548,0.005620504
0.002040373,0.077383344,0.036739586
0.002340293,0.02489502,0.07310767
0.00099065,0.042024959,0.116224471
0.002985123,0.021670737,0.14809341
0.001061881,0.02111586,0.160466057
0.002910143,0.020920904,0.151842697
0.001909157,0.00637039,0.050611948
0.002553987,0.01603574,-0.058492303
0.002868904,0.00754013,-0.168346413
0.002625218,0.010179543,-0.242957224
0.002973876,0.002516248,-0.224960646
0.003180072,0.004334593,-0.207713926
0.003776164,0.007247695,-0.149974906
0.003659945,0.001518969,-0.097484888
0.004214798,0.00443957,-0.043495155
0.005208286,0.008308709,0.020617652
0.006074307,0.006070457,0.077231886
0.006944078,0.003506027,0.106101396
0.00784384,0.003611004,0.051736734
0.007926318,0.004911965,-0.006752143
0.008649877,0.00583426,-0.079863239
0.00867612,-0.000891744,-0.14022676
0.009009782,0.003813459,-0.190092277
0.009688353,-0.007389049,-0.248206226
0.009279711,0.003963426,-0.278200522
0.011041746,0.003700984,-0.305945245
0.009350942,-0.00752027,-0.301071172
0.011847783,0.014056181,-0.276700807
0.010434406,-0.019765046,-0.216712215
0.010918028,0.020407268,-0.110982321
0.012473867,-0.018749022,-0.034871795
0.00928346,0.017325453,0.049112234
0.015461828,0.002148829,0.074232456
0.005920598,-0.025857441,0.044613089
0.019803182,0.066375792,0.007870077
0.000105883,-0.153748991,-0.069740164
0.059865103,0.826856624,-0.135727616
0.390614012,1.964147384,-0.164597126
0.746372567,1.735474502,-0.060366947
1.050061122,1.751580919,-0.116606252
1.366698758,1.81001542,-0.090361243
1.650090173,1.803244427,0.126347546
1.927363203,1.820543079,0.004870647
2.18984264,1.699433769,0.124097974
2.450050177,1.749162707,0.291691102
2.702234833,1.740850806,0.245949801
2.936457982,1.747768017,0.523397039
3.160884967,1.783182639,0.630251719
3.372520331,1.820378115,0.613379927
3.577310002,1.853130829,0.772724625
3.767103633,1.8638272,0.708236888
3.941781256,1.891394818,0.608880783
4.101905222,1.891885958,0.518897895
4.248266573,1.904070748,0.273319596
4.383785786,1.921815551,0.114724756
4.50737565,1.924087545,-0.023249006
4.617900214,1.919888479,-0.098234746
4.713859874,1.911977739,-0.03074758
4.796840461,1.900928947,0.032615371
4.86769675,1.886082249,0.175838134
4.926136318,1.876465639,0.303313892
4.972867728,1.860261743,0.31268711
5.007362369,1.829589816,0.407918999
5.02897916,1.802205908,0.39329678
5.038535387,1.774615795,0.238826156
5.036889571,1.736438038,0.240325871
5.024326639,1.70176575,0.128972047
5.001019044,1.664026646,-0.090736172
4.96759662,1.61887169,-0.203214782
4.924940384,1.577417162,-0.385055201
4.874055071,1.53831711,-0.5496489
4.815660491,1.495299179,-0.644130933
4.749505461,1.446672496,-0.762983331
4.675417525,1.398799395,-0.776105835
4.593235477,1.344391498,-0.81209899
4.502505686,1.284404842,-0.818847707
4.403333125,1.224204484,-0.725490461
4.29618267,1.162073305,-0.74311211
4.181339246,1.098217509,-0.654628936
4.059586398,1.031553589,-0.485911021
3.932273767,0.967165412,-0.440919577
3.798494094,0.895905014,-0.398552634
3.657186409,0.822541333,-0.327316181
3.511151223,0.765212836,-0.366683695
3.362424247,0.698121511,-0.433421003
3.208789817,0.619385275,-0.469414159
3.048722086,0.537687199,-0.577393624
2.880215334,0.443050751,-0.598389631
2.705031595,0.368318625,-0.629508714
2.525708948,0.282676426,-0.693621521
2.342299881,0.200427222,-0.621260282
2.157207508,0.119805157,-0.537276253
1.965835544,0.027219502,-0.427047216
1.772971473,-0.049900842,-0.245581725
1.575064984,-0.156354662,-0.081737883
1.375460194,-0.221106508,0.016868365
1.174693211,-0.336307131,0.021742438
0.967961552,-0.415733213,-0.009001715
0.767524481,-0.533367045,-0.042370369
0.555911612,-0.670204106,-0.118105967
0.358038864,-0.737524131,-0.133103115
0.144577733,-1.041660226,-0.143601118
-0.029428817,-0.695608455,-0.197215922
-0.040405919,-0.107521774,-0.140601689
-0.025121205,-0.162293341,-0.104983462
-0.034250044,-0.105463482,-0.10573332
-0.027460587,-0.073749287,-0.058492303
-0.03184318,-0.080422803,-0.031497437
-0.029170136,-0.043317307,0.008619934
-0.030208611,-0.067608153,0.018743009
-0.030486038,-0.033303284,0.014618793
-0.029503798,-0.049398454,0.040863802
-0.030875935,-0.03539157,0.069358383
-0.029623766,-0.027582057,0.081356102
-0.030710979,-0.034094358,0.050611948
-0.030264847,-0.02959161,0.008619934
-0.030643497,-0.031229996,-0.061491733
-0.030763465,-0.018951477,-0.16909627
-0.030917174,-0.025482524,-0.282324737
-0.031213346,-0.025235079,-0.349436975
-0.031063386,-0.021793345,-0.362934408
-0.032176842,-0.028478108,-0.337814185
-0.033162831,-0.026239856,-0.238833008
-0.033635207,-0.019978748,-0.157098552
-0.034501228,-0.024800176,-0.082112811
-0.034913619,-0.021560896,0.020242724
-0.034921117,-0.02213077,0.04423816
-0.035843373,-0.024436507,0.057360665
-0.03547597,-0.017493051,0.033365228
-0.036473207,-0.024567728,-0.051368658
-0.036439466,-0.012930316,-0.104233605
-0.036705646,-0.025973665,-0.173595414
-0.037526679,-0.014519963,-0.225335575
-0.036356988,-0.022603165,-0.244831867
-0.039082518,-0.023772904,-0.236208507
-0.036064565,-0.006740443,-0.160097981
-0.039622376,-0.045818,-0.124479755
-0.036986821,0.008473672,-0.058117375
-0.03820525,-0.053421309,0.00412079
-0.040252209,0.016418155,-0.015750432
-0.034175064,-0.046669061,0.007495148
-0.047566528,-0.009064926,-0.028872936
-0.020971051,0.020474753,-0.024373792
-0.162316226,-1.274063528,-0.070490022
-0.535492681,-1.935648859,-0.025123649
-0.865690486,-1.653756565,0.094103678
-1.175501174,-1.805893972,-0.058492303
-1.484082187,-1.793439243,0.146218767
-1.762967292,-1.832006914,0.244450086
-2.038264595,-1.784703686,0.081356102
-2.297268699,-1.716776297,0.29806489
-2.557498731,-1.768679751,0.261696806
-2.802504032,-1.748295535,0.238451227
-3.033109386,-1.787939216,0.424040934
-3.252070315,-1.806820016,0.335932689
-3.461043882,-1.853013491,0.431539508
-3.662035806,-1.880569861,0.592758849
-3.845999727,-1.892008566,0.544018118
-4.016234773,-1.912752702,0.635125792
-4.171245089,-1.916816798,0.616379357
-4.313996143,-1.933455596,0.462283661
-4.445211493,-1.939986644,0.367051771
-4.5639014,-1.944410659,0.232452368
-4.66985967,-1.937290993,0.140594836
-4.761474227,-1.926718345,0.109850683
-4.840904502,-1.919542441,0.092978891
-4.907704362,-1.905276865,0.158591414
-4.96205376,-1.890040254,0.181462065
-5.004724992,-1.867335305,0.127472332
-5.034300932,-1.841289849,0.285692243
-5.051797562,-1.812271304,0.260197092
-5.058144636,-1.780065968,0.107976039
-5.052914767,-1.74813807,0.173963491
-5.037142682,-1.713304569,-0.009751572
-5.011461963,-1.673664637,-0.196840994
-4.974991594,-1.62815726,-0.259829015
-4.929613577,-1.587827481,-0.420673428
-4.876651313,-1.547568937,-0.464540086
-4.815557446,-1.49958711,-0.536526396
-4.74692432,-1.452486338,-0.602513847
-4.670212077,-1.40244247,-0.604763419
-4.585398224,-1.346992305,-0.729239748
-4.492430274,-1.287238097,-0.745361682
-4.390967067,-1.223288573,-0.718366815
-4.28174341,-1.158626707,-0.800851129
-4.164789294,-1.092075261,-0.766732618
-4.040775792,-1.028268205,-0.6737503
-3.910846352,-0.962076679,-0.686872805
-3.774127456,-0.886827168,-0.6306335
-3.630547871,-0.818322407,-0.501658027
-3.483095559,-0.755692589,-0.485536093
-3.33271152,-0.685853125,-0.412050068
-3.177138852,-0.611274715,-0.401177135
-3.014233121,-0.51945389,-0.499033526
-2.84272716,-0.429837575,-0.483286521
-2.666021323,-0.352747224,-0.542525255
-2.484647968,-0.265571616,-0.568395335
-2.300567828,-0.19515853,-0.492284809
-2.113016105,-0.096802909,-0.445418722
-1.920373226,-0.017388075,-0.368558338
-1.726703119,0.068977713,-0.308944675
-1.526742172,0.165383768,-0.202089996
-1.328854428,0.235766861,-0.127854113
-1.124312192,0.362121254,-0.05961709
-0.920707208,0.424601105,0.07310767
-0.716059999,0.592125089,0.077231886
-0.506137933,0.658054174,0.058110522
-0.30847513,0.829601013,0.075732171
-0.089761635,1.005001995,0.043863232
0.021883883,0.37872631,0.007870077
0.000132127,0.062289201,0.04423816
0.002070365,0.155111053,0.052861521
0.003674941,0.044919315,0.001871217
0.000514526,0.072385705,-0.004502571
0.00413232,0.037338501,-0.034871795
0.000720721,0.033323145,-0.018374932
0.003761168,0.035171484,0.006370362
0.002092859,0.014386107,-0.011251287
0.002932637,0.026394686,0.017993151
0.002962629,0.005628055,-0.012751002
0.00254274,0.011023105,-0.047619371
0.003311287,0.005260637,-0.078738453
0.002793924,0.006524106,-0.105358391
0.003584965,0.007727588,-0.070115093
0.003401263,0.004866975,-0.092235886
0.00379116,0.00389969,-0.135727616
0.004128571,0.001657689,-0.199090566
0.004158563,0.003509777,-0.279325308
0.005163298,0.003734727,-0.325816467
0.006123045,0.00547434,-0.340813615
0.006625412,0.006272912,-0.299946386
0.007648892,0.006025467,-0.248956083
0.008136263,-0.000198149,-0.158598266
0.008293721,0.004630777,-0.071989737
0.009185986,-0.001536601,-0.03074758
0.009058519,-0.004959589,0.034864943
0.01011574,0.004064653,0.035989729
0.009654612,-0.007509022,-0.022499148
0.010471896,0.010719423,-0.066365806
0.010876789,-0.008360083,-0.08548717
0.010085748,0.005136915,-0.116981181
0.012650071,0.002205067,-0.154474051
0.009613373,-0.00752027,-0.071989737
0.013688547,0.020703452,-0.026248435
0.010025764,-0.02855684,-0.004127642
0.012912502,0.039513018,0.040863802
0.01276629,-0.045967967,-0.025498578
0.009234723,0.048690976,-0.037121367
0.019851919,-0.041019068,-0.064866091
-0.004205478,0.03990668,-0.097859817
0.165560942,1.436785945,-0.136477473
0.542321451,1.951415216,-0.06824045
0.863506635,1.66454403,0.111725326
1.174453274,1.818098622,0.044613089
1.478201813,1.782155368,0.20883186
1.755253652,1.832544159,0.286067172
2.027473017,1.767244935,0.135720763
2.285314929,1.714929072,0.35580391
2.544349026,1.759019264,0.310812466
2.785560329,1.728081147,0.273694525
3.01428368,1.775639317,0.466407877
3.231996189,1.802547082,0.344556049
3.440178714,1.83672073,0.362927555
3.638415116,1.85811722,0.44241244
3.818899956,1.872514018,0.355054053
3.98561843,1.884402623,0.403044926
4.137157164,1.886715858,0.407169142
4.277441369,1.911261648,0.341931548
4.407307075,1.917342795,0.32131047
4.523916282,1.91143411,0.268445523
4.626695391,1.906616432,0.233202225
4.715228262,1.89174349,0.223454079
4.791130719,1.876465639,0.226453509
4.854893881,1.863755966,0.274069454
4.906821419,1.851612417,0.274819311
4.94661716,1.825551964,0.233952083
4.973508808,1.79194444,0.304438678
4.988909741,1.761583694,0.260946949
4.99281621,1.730810539,0.127847261
4.985494393,1.7017695,0.132346405
4.967622863,1.660434945,-0.01050143
4.939025414,1.618571757,-0.214462643
4.900823002,1.579126781,-0.356185691
4.853705445,1.532918311,-0.550398758
4.798684974,1.490916404,-0.620135496
4.736413918,1.445199074,-0.663252297
4.665835056,1.395815059,-0.668876227
4.587154583,1.343401718,-0.602513847
4.500968592,1.282125349,-0.643381075
4.406324834,1.22323345,-0.628383927
4.303523231,1.166827247,-0.623509854
4.192743735,1.098873614,-0.697370808
4.074016337,1.027519486,-0.687622662
3.949522962,0.967896499,-0.657253437
3.818944944,0.903995714,-0.714617528
3.680745188,0.830133395,-0.727365104
3.536704475,0.76173361,-0.681623803
3.389357135,0.695084686,-0.725865389
3.238223295,0.626992333,-0.680499017
3.081570912,0.554640928,-0.63625743
2.916918142,0.461687855,-0.638132074
2.744190004,0.377369112,-0.565770835
2.566959305,0.295843497,-0.597639774
2.38486989,0.214557829,-0.602138918
2.200838487,0.141119166,-0.506907029
2.011610956,0.044589388,-0.415799355
1.819230508,-0.030933811,-0.28719881
1.623644656,-0.133244802,-0.167221626
1.423781184,-0.206038609,-0.064116234
1.225544782,-0.305961382,-0.006377214
1.01931924,-0.404155788,-0.018374932
0.819624473,-0.485692651,0.024366939
0.611123282,-0.655904787,0.062234738
0.409190357,-0.691705573,0.073482599
0.20461063,-0.9772683,0.098977751
0.00273019,-0.869715975,0.050611948
-0.046434327,-0.188537503,0.031865513
-0.022005778,-0.129353168,0.043113374
-0.032086865,-0.142096583,0.035239872
-0.026823255,-0.060679694,0.050986877
-0.028712756,-0.092397639,0.046862661
-0.028502812,-0.041217774,0.08772989
-0.027483081,-0.064526339,0.116224471
-0.029218873,-0.043163591,0.060360095
-0.027100682,-0.040404205,0.061484881
-0.029158889,-0.041633931,0.067108811
-0.027857982,-0.028290649,-0.001128212
-0.028596537,-0.037044952,-0.052118516
-0.028727752,-0.026997187,-0.108732749
-0.028469071,-0.027278375,-0.151474621
-0.029132646,-0.026431063,-0.181843846
-0.029035171,-0.027574559,-0.227960076
-0.029567531,-0.022198255,-0.245956653
-0.029376331,-0.021425926,-0.263203374
-0.029709993,-0.024297788,-0.295447242
-0.030628501,-0.020349916,-0.323941823
-0.03134831,-0.026224859,-0.322442108
-0.032120606,-0.029925286,-0.315318463
-0.033009122,-0.021594639,-0.279700236
-0.033237811,-0.021969555,-0.22383586
-0.033758924,-0.029419148,-0.160097981
-0.033987613,-0.015689702,-0.075364095
-0.033920131,-0.022843111,-0.013125931
-0.034966105,-0.02271189,0.000371503
-0.033998861,-0.016964419,-0.074989166
-0.035685915,-0.029737827,-0.130853542
-0.034786153,-0.006916654,-0.125229612
-0.035652174,-0.033299535,-0.155598837
-0.036596924,-0.009379856,-0.164597126
-0.034771157,-0.031649902,-0.09710996
-0.03869637,-0.021133491,-0.029247865
-0.033245309,-0.004652158,0.020992581
-0.039821073,-0.055918254,0.044613089
-0.033245309,0.030113859,0.091854105
-0.039412431,-0.104068793,0.103851824
-0.036143294,0.11048473,0.069733312
-0.038246489,-0.383209198,0.051736734
-0.297456789,-1.74629723,-0.060366947
-0.674393502,-1.804529276,0.025116797
-0.980462678,-1.680030721,0.042363517
-1.297580187,-1.825082204,0.02699144
-1.589376882,-1.781486902,0.292815889
-1.8661288,-1.837904352,0.206957216
-2.133425715,-1.727806343,0.233202225
-2.391237635,-1.736568144,0.413917859
-2.646785153,-1.750110132,0.281942956
-2.881641884,-1.749592747,0.435663723
-3.10709235,-1.792202018,0.56351441
-3.320684696,-1.811637695,0.422541219
-3.526426616,-1.858108607,0.467532663
-3.718852052,-1.867219081,0.452535515
-3.894886817,-1.886677252,0.389172564
-4.056791563,-1.895615264,0.427415292
-4.204498808,-1.905959213,0.356553768
-4.341708825,-1.92040475,0.2838176
-4.466213447,-1.922301828,0.227953223
-4.578361332,-1.921184576,0.153342412
-4.676679119,-1.908872315,0.143219337
-4.761635435,-1.901179026,0.149593125
-4.834317492,-1.886317332,0.150717911
-4.893653073,-1.868092636,0.226453509
-4.941891585,-1.852192423,0.218954935
-4.97742845,-1.823387581,0.204707644
-4.999547609,-1.794474013,0.290941245
-5.011154544,-1.765365488,0.203207929
-5.011488206,-1.728499939,0.190085425
-5.000874759,-1.696542048,0.198333856
-4.980243957,-1.660493817,0.019867795
-4.948864743,-1.616216166,-0.119230753
-4.9083192,-1.574934099,-0.337814185
-4.859672046,-1.532677249,-0.520779391
-4.802525887,-1.487957197,-0.620510425
-4.737596783,-1.442704764,-0.755484757
-4.664753518,-1.39129245,-0.728864819
-4.583441241,-1.33397895,-0.684998161
-4.493989862,-1.276714188,-0.682748589
-4.396819272,-1.218287185,-0.664752011
-4.292011948,-1.154555112,-0.691371949
-4.178885571,-1.088588537,-0.669626084
-4.058497362,-1.028845576,-0.599514418
-3.932005765,-0.964067486,-0.567270549
-3.798226092,-0.889001685,-0.598389631
-3.657150846,-0.818547357,-0.562021548
-3.511351847,-0.756517406,-0.60176399
-3.362737341,-0.689677274,-0.687997591
-3.20979273,-0.615173848,-0.638881931
-3.05051604,-0.532879654,-0.674875086
-2.882474164,-0.445614066,-0.674125229
-2.70810396,-0.369314789,-0.631008428
-2.529043745,-0.276890349,-0.693246593
-2.345818379,-0.202908056,-0.663627225
-2.160546054,-0.12089505,-0.581892769
-1.968896663,-0.030168982,-0.461915585
-1.776358756,0.043449642,-0.295447242
-1.578332299,0.146701674,-0.175844986
-1.379706,0.217174747,-0.02474872
-1.178691582,0.339495037,0.037864373
-0.973755699,0.40547286,0.045362947
-0.773243648,0.541972496,0.139095122
-0.561855719,0.662916842,0.181836993
-0.365812489,0.743733864,0.209956646
-0.149374643,1.030706277,0.244825015
0.010063254,0.592305049,0.222329293
0.008841077,0.067249348,0.160840986
-0.001652402,0.15287655,0.086980032
0.006370479,0.071268454,0.054736164
0.000132127,0.059818501,0.013868936
0.004589699,0.05424724,0.014243864
0.001597989,0.024205173,0.069733312
0.003498738,0.045605412,0.078731601
0.003026362,0.008904827,0.093728749
0.00280892,0.027283238,0.109100826
0.003922376,0.014551071,0.103851824
0.002932637,0.014389856,0.070858098
0.00398236,0.012181598,0.001871217
0.003476243,0.001144053,-0.08248774
0.004293528,0.010471978,-0.142851261
0.003974862,0.002534993,-0.195716208
0.004038595,0.00057043,-0.273326449
0.004747158,0.003667242,-0.307070032
0.00473966,0.007821318,-0.331815326
0.005755642,0.007847562,-0.357685406
0.006659153,0.004019663,-0.337439256
0.007251497,0.00803502,-0.339688828
0.008631132,0.00488947,-0.351686547
0.008886065,0.001117809,-0.307819889
0.009111005,0.004960704,-0.261703659
0.009609624,-0.009571064,-0.196840994
0.009924541,-0.000486834,-0.095610245
0.011011754,-0.000974226,-0.024373792
0.010018266,-0.002623859,-0.006752143
0.011724065,0.007030244,-0.040870654
0.010670594,-0.010714559,-0.066740735
0.01204648,0.014472338,-0.067490592
0.012143955,-0.022231997,-0.080988025
0.010974263,0.011143079,-0.068615378
0.014393361,-0.004269743,-0.03074758
0.009620871,-0.00644051,0.014993722
0.016792727,0.025307428,0.046487733
0.008507415,-0.045840495,0.026241583
0.017729979,0.085841462,0.017993151
0.008391196,-0.153017904,0.062234738
0.027087508,0.524550121,0.040488873
0.314167949,1.866035459,-0.039745868
0.685518637,1.793953993,0.112100255
0.99046311,1.710996197,0.127847261
1.310429867,1.836015887,0.074607385
1.601008134,1.797208269,0.322810185
1.880549315,1.851128775,0.235076869
2.148783483,1.729712034,0.230577724
2.409399662,1.744176316,0.403044926
2.666937904,1.757905762,0.279693384
2.906117244,1.769674394,0.416917288
3.13497181,1.798044333,0.548142333
3.349396437,1.817637475,0.472781665
3.556784172,1.871078087,0.572887627
3.752519985,1.884027706,0.522647182
3.933072306,1.905915338,0.400420425
4.098951003,1.913398673,0.457409588
4.249739934,1.917811441,0.356178839
4.388573272,1.925722182,0.250823874
4.516403266,1.938964236,0.228703081
4.632862513,1.941637391,0.138720193
4.735266721,1.926295804,0.13384612
4.824095764,1.919622288,0.129721904
4.900466847,1.907617459,0.117724186
4.964563671,1.893794284,0.209581717
5.01633375,1.874306119,0.206582288
5.055814574,1.850382691,0.208082002
5.083332307,1.822230203,0.277818741
5.098909444,1.786050751,0.165340131
5.102830908,1.751787123,0.15409227
5.096123929,1.7159301,0.190460353
5.079215894,1.681456518,0.048362376
5.051488216,1.640729328,-0.052118516
5.013784423,1.592983699,-0.232834149
4.967382926,1.552458964,-0.416924141
4.912696117,1.506786623,-0.533526966
4.85016263,1.463629974,-0.707868812
4.779711234,1.419910949,-0.705244311
4.701221961,1.35998053,-0.69099702
4.614492364,1.304447884,-0.724740603
4.519788622,1.248978973,-0.649005006
4.417448147,1.188598654,-0.681248874
4.307171018,1.116809624,-0.700745167
4.189482096,1.052518925,-0.625384498
4.065266148,0.99616896,-0.614136637
3.935074277,0.920806974,-0.626509284
3.797886755,0.853471953,-0.575144052
3.653718575,0.78632439,-0.591265986
3.505790138,0.721152637,-0.658378223
3.354397617,0.655339777,-0.641131503
3.197610269,0.580303969,-0.685748019
3.034397119,0.496783798,-0.711618099
2.862373795,0.407861079,-0.697370808
2.684929403,0.330691995,-0.753985042
2.503387343,0.240288355,-0.749860826
2.318276225,0.171337443,-0.709368527
2.130492063,0.084802943,-0.64488079
1.936357078,-0.002770076,-0.502782813
1.7412511,-0.087081321,-0.357310477
1.539876777,-0.189347322,-0.220461502
1.339192271,-0.251208561,-0.106483177
1.134837485,-0.374904795,-0.027373221
0.928758155,-0.442056107,0.037114515
0.726045435,-0.586316517,0.098602822
0.514083907,-0.678137341,0.157841557
0.316900977,-0.803974349,0.215955505
0.097463924,-1.056120759,0.213331004
-0.044481092,-0.526401095,0.178837564
-0.033039114,-0.081566298,0.199458642
-0.027812994,-0.179408283,0.104601681
-0.033286549,-0.084363176,0.055486021
-0.02767803,-0.085240481,0.101227323
-0.032049375,-0.069220295,0.034490014
-0.028514059,-0.048045005,0.057360665
-0.030830947,-0.057605378,0.117724186
-0.029545037,-0.034098108,0.108725897
-0.02983371,-0.051827914,0.123723045
-0.030564767,-0.032343498,0.1192239
-0.029698746,-0.031218748,0.074982314
-0.030770963,-0.031413705,0.016868365
-0.029998667,-0.026629769,-0.044245013
-0.030621002,-0.02532131,-0.116606252
-0.030770963,-0.027042177,-0.200590281
-0.030958413,-0.024597721,-0.256454657
-0.031112123,-0.01785672,-0.29019824
-0.031573251,-0.02806195,-0.33069054
-0.032870408,-0.02680223,-0.381305914
-0.033354031,-0.022318228,-0.406426137
-0.034085088,-0.031140016,-0.41992357
-0.035153556,-0.023784152,-0.446168579
-0.035003595,-0.017298095,-0.380930985
-0.035760895,-0.02150091,-0.309319604
-0.035884613,-0.015858415,-0.206964069
-0.036398227,-0.022314479,-0.07086495
-0.036679403,-0.018767768,-0.067490592
-0.036409474,-0.030386433,-0.067490592
-0.037811604,-0.01538602,-0.041245583
-0.036371984,-0.01660075,-0.023998863
-0.039198737,-0.033074585,-0.035996581
-0.036870602,-0.002788822,-0.018000004
-0.038850079,-0.044625766,0.019492866
-0.038591398,0.00574053,0.007870077
-0.036810618,-0.043043618,0.052111663
-0.041965507,-0.00437097,0.060360095
-0.032922895,-0.015813425,0.061109952
-0.047780221,-0.056439388,0.058110522
-0.023167971,0.107759086,0.066733882
-0.113691566,-1.008180173,-0.026248435
-0.466900794,-1.938839399,-0.100484318
-0.813924156,-1.674118286,0.055111093
-1.120863103,-1.775117069,-0.012376073
-1.436289808,-1.808473399,0.14246948
-1.718387814,-1.8217267,0.386922992
-1.997096716,-1.812462511,0.256072876
-2.260333453,-1.713177097,0.389547493
-2.522089331,-1.767371292,0.442037511
-2.773149284,-1.753495628,0.372675702
-3.008433402,-1.786293333,0.526771397
-3.232099339,-1.807716067,0.497901887
-3.443067379,-1.840528768,0.490778242
-3.647677098,-1.882309474,0.556015836
-3.837755654,-1.894029367,0.427040363
-4.01370794,-1.915519586,0.412793073
-4.174742915,-1.922286831,0.388047778
-4.322476403,-1.932638278,0.29244096
-4.457748182,-1.937261,0.269570309
-4.581409277,-1.946776383,0.184086566
-4.693493429,-1.943405883,0.15409227
-4.790694011,-1.929009086,0.141344694
-4.875916507,-1.926684603,0.093728749
-4.948793512,-1.909888339,0.121848401
-5.008503994,-1.891262482,0.194959498
-5.057109909,-1.873671395,0.176213063
-5.092792986,-1.843333144,0.238076298
-5.115834402,-1.819229756,0.271070024
-5.127565054,-1.788647809,0.123723045
-5.127838732,-1.750083887,0.145843838
-5.117712656,-1.715336617,0.083605674
-5.096954387,-1.675632949,-0.06824045
-5.066234999,-1.635621849,-0.155973765
-5.026667948,-1.594834672,-0.356935549
-4.977870834,-1.554279944,-0.457791369
-4.921163308,-1.51478248,-0.604763419
-4.856920273,-1.465248499,-0.720616388
-4.784448161,-1.410064525,-0.619385639
-4.703743222,-1.353590837,-0.64788022
-4.61449429,-1.295568744,-0.625759427
-4.517023779,-1.237096751,-0.545899613
-4.411792818,-1.175936606,-0.602513847
-4.299330016,-1.111226001,-0.584142341
-4.179481664,-1.049492234,-0.505032385
-4.053162521,-0.989704283,-0.541775398
-3.920762484,-0.916048168,-0.574394195
-3.780542012,-0.843591786,-0.527903036
-3.634323124,-0.778108853,-0.614136637
-3.484898832,-0.713184545,-0.661377653
-3.331316889,-0.64532839,-0.675999872
-3.17214892,-0.562111901,-0.72848989
-3.005287983,-0.472679295,-0.666251726
-2.830617858,-0.397062366,-0.684998161
-2.651988779,-0.317280114,-0.709743455
-2.468302285,-0.227978729,-0.652754293
-2.282666306,-0.155289898,-0.618260853
-2.092190354,-0.057594131,-0.549273972
-1.89703189,0.019484973,-0.440544649
-1.700167626,0.111118339,-0.325816467
-1.497533635,0.192745181,-0.220086573
-1.29768141,0.273659682,-0.136477473
-1.089840045,0.386078424,-0.07386438
-0.8860851,0.458763506,0.019867795
-0.677557666,0.629249331,0.091104248
-0.470391123,0.671521178,0.152967483
-0.268488189,0.915351938,0.249699088
-0.05422102,0.948772004,0.202083143
0.02375089,0.257058375,0.170964061
-0.002413451,0.082557193,0.174713348
0.005463219,0.144752107,0.078731601
0.002940135,0.038204559,0.11060054
0.002666457,0.070623597,0.14246948
0.004495974,0.030147601,0.15671677
0.002130349,0.040911457,0.233952083
0.004747158,0.026091003,0.222329293
0.002756434,0.014427348,0.22607858
0.004495974,0.023721531,0.239950942
0.003607459,0.008814847,0.187085995
0.003974862,0.011349283,0.116974328
0.004570954,0.005065681,0.035239872
0.004147316,0.009039796,-0.063366376
0.004762154,0.00129402,-0.185218204
0.004567205,0.004825734,-0.253080299
0.004998342,0.007255193,-0.276700807
0.005339501,0.003798462,-0.31906775
0.006295499,0.009928349,-0.343813044
0.007288987,0.00317985,-0.39105406
0.007858836,0.00538436,-0.435670576
0.008998535,0.009257248,-0.471663731
0.00932095,-0.002207702,-0.465664872
0.009834564,-0.000839256,-0.409050638
0.010186971,-0.006256801,-0.317942964
0.010363175,0.002175074,-0.202839853
0.011585352,0.000120531,-0.16609684
0.010805558,-0.004783379,-0.11435668
0.012436377,0.005890497,-0.071239879
0.011094232,-0.008967448,-0.035246724
0.01246262,0.017629136,-0.007876929
0.012668816,-0.012679122,0.003370932
0.011585352,0.015878275,0.07910653
0.015180653,-0.003857335,0.076856957
0.00996578,-0.006969142,0.082105959
0.017321337,0.023676541,0.07910653
0.009039774,-0.054842243,0.056235879
0.017812458,0.084285558,0.06448431
0.009917043,-0.15393645,0.027741298
0.025231748,0.495404105,0.001496289
0.308244513,1.855380329,-0.078363524
0.682095791,1.805576408,0.013868936
0.988566111,1.717122334,0.025866654
1.308982749,1.830238422,-0.026998293
1.600576998,1.787329217,0.273319596
1.881074177,1.852827147,0.27519424
2.150916669,1.726903909,0.279693384
2.413129927,1.744641213,0.473531522
2.671939083,1.762243547,0.380549204
2.91271925,1.767151206,0.511399321
3.143868211,1.792836742,0.605881353
3.359743705,1.816793913,0.50877482
3.568638542,1.871261796,0.613004998
3.766338835,1.880889654,0.551516692
3.949751652,1.908543503,0.462283661
4.119008206,1.914658393,0.45665973
4.27255266,1.919689773,0.331058616
4.414197755,1.934094069,0.290191388
4.543793533,1.938251894,0.220829578
4.662565919,1.938218152,0.124847831
4.768258009,1.929655057,0.088104818
4.860138746,1.927015644,0.034490014
4.940187607,1.911561582,0.035989729
5.00709244,1.891072389,0.119598829
5.061520567,1.874512323,0.144719052
5.104334261,1.843701677,0.183711637
5.134630011,1.814765614,0.304813607
5.152591518,1.790399784,0.203957787
5.158807377,1.758764321,0.130471761
5.154199843,1.716282521,0.113225041
5.138975114,1.681351542,-0.084737312
5.113358128,1.644302283,-0.200965209
5.078124932,1.600050877,-0.350561761
5.0335642,1.559402419,-0.51215603
4.980635676,1.508503742,-0.623884783
4.920317854,1.470014803,-0.769357119
4.852243331,1.419472297,-0.689872234
4.775812264,1.359414406,-0.625759427
4.691073391,1.309400532,-0.656128651
4.598154178,1.249537598,-0.536901325
4.49703588,1.190521976,-0.524528678
4.388262104,1.132589863,-0.578143482
4.271836599,1.067388117,-0.542150326
4.148520413,0.994736779,-0.52377882
4.019944366,0.937007121,-0.542900184
3.884672587,0.865641746,-0.519279676
3.741947776,0.787310421,-0.545899613
3.594630428,0.734698374,-0.622385068
3.44436261,0.669470384,-0.628383927
3.288816185,0.591757671,-0.696246022
3.126791471,0.511139355,-0.679749159
2.956683891,0.425782092,-0.650879649
2.779419451,0.351053716,-0.733363963
2.598960855,0.269854278,-0.688747448
2.41383849,0.193296309,-0.642256289
2.22687911,0.1115195,-0.613386779
2.034026287,0.013471311,-0.495284239
1.838133016,-0.053113877,-0.391803918
1.638895629,-0.158345469,-0.292822741
1.435189421,-0.231011804,-0.212587999
1.233046551,-0.329824823,-0.158598266
1.023176971,-0.42572849,-0.07686381
0.820220566,-0.510692089,-0.030372651
0.607936624,-0.672491097,-0.023249006
0.404155436,-0.708745533,0.027741298
0.196220346,-1.000111968,0.049862091
-0.004265462,-0.853069678,-0.02474872
-0.047532787,-0.174620598,0.004495718
-0.024015247,-0.136371607,0.02699144
-0.034392507,-0.139648378,0.006370362
-0.028551549,-0.061976906,0.145468909
-0.030883433,-0.093968539,0.2002085
-0.03036607,-0.045814251,0.253823304
-0.029709993,-0.063536559,0.337057475
-0.031055888,-0.040452944,0.283442671
-0.029248865,-0.042713691,0.293190817
-0.031130868,-0.038285926,0.269945238
-0.029728738,-0.02945664,0.181836993
-0.030797206,-0.038705833,0.125597688
-0.030703481,-0.023690423,0.003370932
-0.030587261,-0.027000936,-0.099359532
-0.031082131,-0.025223832,-0.169471199
-0.030879684,-0.024995132,-0.224585718
-0.031314569,-0.021755853,-0.25270537
-0.031419542,-0.019847528,-0.338189114
-0.032754189,-0.028361884,-0.402301921
-0.033638956,-0.025677481,-0.458166298
-0.034178813,-0.025343805,-0.532027252
-0.035254779,-0.026142377,-0.539150897
-0.035228536,-0.020859802,-0.408300781
-0.035929601,-0.020687341,-0.261703659
-0.035982087,-0.017729249,-0.241457509
-0.036529442,-0.025175092,-0.175844986
-0.036776877,-0.013402711,-0.108732749
-0.036563183,-0.021748355,-0.083987455
-0.03828023,-0.020368662,-0.047244442
-0.036596924,-0.018681537,-0.054368088
-0.039176243,-0.029644098,-0.011626216
-0.03691559,-0.000475587,0.037489444
-0.038793844,-0.04082786,0.052486592
-0.038985044,0.004660771,0.104226752
-0.03676563,-0.043883431,0.092229034
-0.042572846,-0.003748609,0.072732742
-0.033286549,-0.00999097,0.070483169
-0.047836456,-0.062385565,-0.020999433
-0.024135215,0.112842956,-0.01612536
-0.108739124,-0.977080841,-0.089611386
-0.459290304,-1.934137945,-0.179219345
-0.809271634,-1.678129894,-0.104608533
-1.116877905,-1.772706355,-0.188592562
-1.43416037,-1.808087235,0.077981743
-1.717416821,-1.815424352,0.393671709
-1.997220433,-1.808300937,0.281568028
-2.261840555,-1.709053015,0.473906451
-2.524676148,-1.761053947,0.549642048
-2.77759561,-1.747403234,0.412043215
-3.014997919,-1.781948049,0.56351441
-3.241115708,-1.799482899,0.555265979
-3.453549611,-1.830728448,0.512899035
-3.659531467,-1.874376239,0.587134918
-3.852005641,-1.887460828,0.473156593
-4.030874657,-1.911676691,0.43941301
-4.194893844,-1.916505617,0.421791361
-4.345049193,-1.926467151,0.322060327
-4.483068996,-1.933343121,0.313062038
-4.609429378,-1.937744642,0.212206218
-4.723912896,-1.936679879,0.072357813
-4.824926222,-1.928874116,0.019492866
-4.913207909,-1.918432688,-0.029247865
-4.988817943,-1.905464323,0.028866084
-5.052209953,-1.887910728,0.186711066
-5.103252724,-1.866154318,0.228328152
-5.142482365,-1.844724085,0.329558901
-5.169396508,-1.813437294,0.332933259
-5.18366524,-1.781066995,0.139844979
-5.186986862,-1.748895402,0.118848972
-5.179068953,-1.708595616,-0.013875788
-5.160477613,-1.671501368,-0.225335575
-5.13227756,-1.632630015,-0.314568606
-5.094461296,-1.588532324,-0.510656316
-5.047553683,-1.546080518,-0.647505291
-4.992769399,-1.504693474,-0.686122947
-4.930798264,-1.46110942,-0.675250015
-4.860354366,-1.408294918,-0.572144622
-4.781812607,-1.355202978,-0.557897332
-4.695375432,-1.298433107,-0.519279676
-4.599959379,-1.238918846,-0.439044934
-4.496374232,-1.181526613,-0.52377882
-4.38527607,-1.113962892,-0.589391343
-4.266653645,-1.050009619,-0.519279676
-4.14147795,-0.989606805,-0.533152038
-4.010420058,-0.920142257,-0.526028392
-3.872167816,-0.849590452,-0.472413588
-3.727422289,-0.786289533,-0.598389631
-3.578350405,-0.723625972,-0.642631218
-3.425649478,-0.649152539,-0.625759427
-3.267988612,-0.574277945,-0.670001013
-3.102878462,-0.493813344,-0.603263705
-2.929119347,-0.404950612,-0.57289448
-2.750314064,-0.330375951,-0.591265986
-2.567748524,-0.248726614,-0.589016414
-2.38164017,-0.175542893,-0.583017555
-2.192873767,-0.084925551,-0.514030674
-1.997377892,-0.005469476,-0.397427848
-1.80080605,0.070721076,-0.267702518
-1.598659431,0.181295228,-0.188592562
-1.39659529,0.241086928,-0.130478614
-1.191486953,0.36317102,-0.038246154
-0.982427159,0.430273593,0.010119649
-0.777851182,0.567969213,-0.028872936
-0.562882948,0.681598936,-0.048744157
-0.363518094,0.770671622,0.002246146
-0.143736132,1.04854106,-0.082862669
0.013009976,0.576656031,-0.156723623
0.008908559,0.066045866,-0.080238168
-0.000302759,0.157278071,-0.054743016
0.0074277,0.07169211,0.066733882
0.001253081,0.064891122,0.22307915
0.005819375,0.058836219,0.293940675
0.002647712,0.028539209,0.385423277
0.004683425,0.04404201,0.404544641
0.004079834,0.013201371,0.355428981
0.003956117,0.028959115,0.302189106
0.004908365,0.014221144,0.211456361
0.003858642,0.016256941,0.103851824
0.005092067,0.013058902,0.013868936
0.004552209,0.005579316,-0.074614237
0.005077071,0.010232031,-0.106108248
0.005099565,0.004915714,-0.133103115
0.005376992,0.008274967,-0.185218204
0.005650669,0.004417075,-0.237333293
0.005733147,0.006902772,-0.349062046
0.006722886,0.008533659,-0.443544078
0.007480186,-0.000524326,-0.501283098
0.008312466,0.00416963,-0.505407314
0.009455914,0.008904827,-0.403051779
0.009800823,0.002546241,-0.235833578
0.01007825,0.004492058,-0.136102544
0.010670594,-0.002466394,-0.130103685
0.010498139,0.003239837,-0.087736742
0.011810293,0.006542852,-0.062991448
0.01098551,-0.007287821,-0.085112241
0.012170198,0.012579009,-0.082862669
0.012331405,-0.005293265,-0.072739594
0.011577854,0.00875486,-0.07086495
0.013890993,-0.003066261,-0.065615949
0.011116726,-0.000393105,-0.031872366
0.015371852,0.013028909,-0.009376644
0.01110173,-0.023094305,0.022867225
0.01534186,0.041068922,0.06748374
0.013227418,-0.054208634,0.054361235
0.012245178,0.066874431,0.019867795
0.019195842,-0.07827828,-0.026998293
0.000184613,0.125188959,-0.067490592
0.198027368,1.556852986,-0.172470628
0.577865815,1.912195191,-0.132728186
0.893007595,1.654623737,0.006370362
1.206158651,1.805958823,0.023242153
1.506338133,1.761411232,0.277443812
1.782988828,1.819493312,0.293940675
2.05393353,1.734544709,0.176587992
2.311981637,1.700708486,0.371550916
2.571214432,1.733494942,0.302189106
2.811342271,1.709646497,0.357303625
3.04007312,1.752443227,0.535394757
3.257838115,1.772306309,0.438663153
3.466440529,1.806877368,0.484029526
3.664392006,1.814540664,0.486654026
3.845255496,1.839202678,0.382048919
4.01197772,1.85002652,0.427790221
4.163801378,1.83896648,0.421416433
4.30470042,1.859999302,0.383923563
4.434090003,1.863486026,0.293565746
4.550478018,1.861960115,0.095978321
4.653684514,1.857963504,-0.008626786
4.74318463,1.84094604,-0.059242161
4.819904371,1.823643639,-0.05961709
4.884499813,1.803964266,0.061484881
4.937540806,1.788307749,0.121098544
4.977985126,1.760488938,0.100852394
5.005731549,1.732827591,0.148843268
5.021717328,1.707277025,0.075732171
5.025931215,1.657251903,-0.01912479
5.019516659,1.623921817,-0.000378355
5.002421173,1.590989143,-0.109482607
4.974558531,1.539959244,-0.230209648
4.937672022,1.503498605,-0.383930415
4.892249017,1.46202908,-0.565395906
4.838596935,1.420342103,-0.577768553
4.777270629,1.378295206,-0.585267127
4.707996422,1.329196128,-0.514780531
4.630309437,1.275946724,-0.420298499
4.544134693,1.219795465,-0.46041587
4.44973837,1.161454692,-0.469789087
4.347105473,1.094243394,-0.553773116
4.236419701,1.035512708,-0.655003865
4.118524584,0.976512083,-0.645630648
3.99451858,0.912236381,-0.622759997
3.863996797,0.844560185,-0.609637492
3.726156946,0.775568033,-0.584142341
3.582832294,0.714130449,-0.595765131
3.436238505,0.652235468,-0.63625743
3.285325856,0.58430058,-0.551898473
3.128501019,0.504375859,-0.499033526
2.963477097,0.417920091,-0.481786806
2.7900254,0.338171581,-0.422548071
2.612640992,0.258543045,-0.511031244
2.430330385,0.184939418,-0.587891628
2.245905336,0.115478619,-0.580767983
2.056869005,0.021310817,-0.538401039
1.863495069,-0.050474465,-0.401926993
1.667954205,-0.146430619,-0.313068891
1.466527396,-0.223779663,-0.225710504
1.266810135,-0.311555137,-0.133852972
1.059092487,-0.417817749,-0.114731608
0.856192317,-0.487391023,-0.063366376
0.646975065,-0.657726882,-0.034496867
0.440160928,-0.693441437,-0.018749861
0.23763191,-0.94139628,-0.015000574
0.02568163,-0.942494785,-0.101609104
-0.046580538,-0.260817674,-0.155223908
-0.020716118,-0.111158465,-0.107233034
-0.028911454,-0.156219692,-0.034121938
-0.025698552,-0.061714464,0.072732742
-0.025788529,-0.093781081,0.208082002
-0.026961969,-0.044749488,0.29244096
-0.024802539,-0.057560388,0.333683117
-0.027205654,-0.041532704,0.308187965
-0.025034978,-0.034510516,0.232452368
-0.026838251,-0.039238214,0.170589132
-0.026017218,-0.023293011,0.096728178
-0.026335884,-0.033284538,0.022117367
-0.026545829,-0.023255519,-0.051368658
-0.026422111,-0.024953892,-0.085112241
-0.027014455,-0.021797094,-0.066365806
-0.026785765,-0.022089529,-0.084737312
-0.027423097,-0.021527154,-0.136477473
-0.027344368,-0.018362858,-0.220086573
-0.027809245,-0.023780403,-0.329565754
-0.028649023,-0.02195081,-0.432296217
-0.029410072,-0.020856053,-0.495284239
-0.030159874,-0.02145592,-0.493034667
-0.030962162,-0.0192964,-0.400427278
-0.031022147,-0.017054399,-0.254205085
-0.031610741,-0.020882297,-0.199465495
-0.031985642,-0.015524739,-0.150724764
-0.032056873,-0.021973305,-0.067115663
-0.033106596,-0.019675066,-0.052118516
-0.032330551,-0.016124606,-0.052868373
-0.034100084,-0.023495466,-0.077613667
-0.03267546,-0.005338255,-0.071614808
-0.033998861,-0.029475386,-0.086986885
-0.034220052,-0.010549596,-0.114731608
-0.033192823,-0.032549702,-0.026623364
-0.036345741,-0.009102418,-0.006752143
-0.031595745,-0.018452838,0.041238731
-0.038685123,-0.036310115,0.068233597
-0.030111137,0.030627494,-0.015375503
-0.039742344,-0.098981174,-0.045744728
-0.030148627,0.134955537,-0.056242731
-0.049988388,-0.536745044,-0.121105396
-0.339048306,-1.827912824,-0.24708144
-0.710586444,-1.757675949,-0.109857535
-1.014522434,-1.689977258,-0.050993729
-1.332194796,-1.806778776,0.017243294
-1.620426183,-1.768743487,0.332183402
-1.897418038,-1.810914106,0.25494809
-2.163234094,-1.692522942,0.299564605
-2.422373163,-1.715865249,0.444662012
-2.677272102,-1.715306624,0.344930978
-2.911997618,-1.718444676,0.482154882
-3.137320617,-1.755906342,0.518148037
-3.351340351,-1.776852933,0.426665434
-3.557757093,-1.819698402,0.477655738
-3.749661417,-1.824549822,0.409043786
-3.925876134,-1.841173625,0.392171994
-4.088032063,-1.84910686,0.451785657
-4.237047713,-1.859008407,0.405669427
-4.374550152,-1.866986632,0.381299062
-4.499770835,-1.86663796,0.271070024
-4.612713511,-1.860729274,0.103851824
-4.710840098,-1.846583671,0.022492296
-4.796396256,-1.836828341,0.008619934
-4.869411974,-1.820755666,0.033740157
-4.930217168,-1.804975427,0.094853535
-4.97947541,-1.781610624,0.098227893
-5.015574627,-1.751954721,0.092229034
-5.039995678,-1.725275656,0.136095692
-5.052472384,-1.690614616,0.019117938
-5.053143456,-1.657933136,-0.023623934
-5.043632218,-1.620850135,-0.018374932
-5.023383815,-1.578154633,-0.17771963
-4.992735658,-1.539227042,-0.295072313
-4.953273579,-1.497435089,-0.500158312
-4.905432462,-1.456869113,-0.625759427
-4.849710927,-1.413431276,-0.586766842
-4.786517614,-1.36764646,-0.595765131
-4.714814049,-1.318539884,-0.481786806
-4.63441653,-1.262894762,-0.454791939
-4.545868662,-1.204591482,-0.466414729
-4.448724315,-1.143798755,-0.432671146
-4.343384632,-1.083920825,-0.575893909
-4.230243259,-1.022456998,-0.61601128
-4.1096676,-0.959722203,-0.548149186
-3.983194747,-0.895041591,-0.566895621
-3.849786227,-0.831343261,-0.595015273
-3.708917176,-0.764098219,-0.550773687
-3.563830489,-0.697812964,-0.591640915
-3.415602131,-0.634125882,-0.599514418
-3.262095168,-0.563364123,-0.473538374
-3.101873728,-0.484890329,-0.47203866
-2.932815871,-0.395776402,-0.425547501
-2.757369701,-0.328058966,-0.395553205
-2.578050803,-0.247016994,-0.507281957
-2.394086883,-0.166691112,-0.527903036
-2.208390919,-0.091182909,-0.50353267
-2.016107946,0.002632472,-0.436045504
-1.821886733,0.07146716,-0.318692821
-1.623485375,0.169027957,-0.243707081
-1.422613419,0.234267195,-0.131228471
-1.221010407,0.344076518,-0.063741305
-1.013082814,0.420881932,-0.056242731
-0.811101151,0.533428147,0.013868936
-0.597756239,0.677887262,0.042738446
-0.39735291,0.725842844,0.025866654
-0.182677099,1.03065004,-0.028498007
-0.001135039,0.717193518,-0.123354969
0.015326864,0.092443743,-0.124104826
-0.001956072,0.141152908,-0.088861528
0.008177502,0.095079407,-0.025873506
0.001586742,0.050872991,0.10497661
0.005759391,0.070507373,0.197958927
0.003569969,0.023579062,0.266195951
0.004364759,0.044840583,0.297689962
0.004803393,0.018064039,0.261321878
0.003866141,0.029311537,0.214080862
0.005369494,0.01518468,0.14809341
0.004083583,0.01014955,0.067858669
0.005474466,0.017355447,-0.017250146
0.004949604,0.007086481,-0.088861528
0.0051558,0.009302238,-0.069365236
0.005369494,-0.000603058,-0.049119086
0.005579438,0.003408549,-0.0911111
0.006115546,0.006351644,-0.146225619
0.005883108,0.006666574,-0.22683529
0.006831607,0.005931738,-0.344187973
0.007900075,0.003596007,-0.449542938
0.008514913,0.00808001,-0.45741644
0.009474659,0.008706121,-0.408675709
0.010171975,0.00380971,-0.302195958
0.010370673,0.004971951,-0.198715637
0.01098926,0.002295047,-0.16047291
0.010831801,0.001035327,-0.083987455
0.01220019,0.008661131,-0.009001715
0.01163034,-0.003763605,0.019867795
0.011956504,0.005234393,0.005620504
0.012871263,-0.007437788,-0.013125931
0.011799046,0.006726561,-0.03637151
0.014580811,-0.001150437,-0.100484318
0.011577854,-0.008626274,-0.071614808
0.015300621,0.023856501,-0.020249576
0.01235015,-0.029887794,0.013119078
0.014389612,0.03932181,0.036364658
0.015383099,-0.044884458,-0.052118516
0.010546876,0.041020182,-0.069365236
0.02249872,-0.02563624,-0.093735601
-0.002904572,0.001597702,-0.140601689
0.152758073,1.367576341,-0.217087144
0.527557849,1.948952014,-0.185593133
0.852911933,1.652130542,0.008619934
1.163794838,1.795701105,-0.035996581
1.470662554,1.768305949,0.152217626
1.749367706,1.814990564,0.297689962
2.024061418,1.7557125,0.198708785
2.283320456,1.681332796,0.368176557
2.544229058,1.714696624,0.338182261
2.78908065,1.699958652,0.346055764
3.020177124,1.739549845,0.499401602
3.240326489,1.752653181,0.4105435
3.450638452,1.796195995,0.403794784
3.652331441,1.814818102,0.436413581
3.837258858,1.824138529,0.379424418
4.00785006,1.837789242,0.424040934
4.163497708,1.835719703,0.40192014
4.306942328,1.849494138,0.338932119
4.440320857,1.854356807,0.299939534
4.560993991,1.851462451,0.1597162
4.667462126,1.840822317,0.087354961
4.761041165,1.828232618,0.090354391
4.841397445,1.815477955,0.052861521
4.909501961,1.798749177,0.079481458
4.966209486,1.779965855,0.146218767
5.010481545,1.75350799,0.094478606
5.042344381,1.726139079,0.128597118
5.06204168,1.694094957,0.122598259
5.070398223,1.646926699,-0.025123649
5.067458999,1.617034599,-0.01912479
5.05382385,1.586565127,-0.124854683
5.029721464,1.539565582,-0.304445531
4.995140596,1.502508825,-0.421048356
4.951869523,1.458598593,-0.559771975
4.900313137,1.41410724,-0.545149756
4.840595157,1.374328589,-0.574394195
4.773146718,1.325878116,-0.559397047
4.697345485,1.263169566,-0.45179251
4.613690076,1.206534664,-0.488160594
4.522056773,1.160142484,-0.470538945
4.421575807,1.099218537,-0.528652893
4.313098203,1.0398205,-0.632508143
4.197122578,0.978949041,-0.616761138
4.07415505,0.911831471,-0.621635211
3.94525284,0.849066683,-0.647505291
3.809463697,0.781960361,-0.645255719
3.666855106,0.715288942,-0.626509284
3.52036254,0.657626769,-0.654628936
3.370619583,0.594745757,-0.569520122
3.215346836,0.520808454,-0.517405032
3.052699786,0.439372819,-0.538026111
2.881017622,0.355009086,-0.439419863
2.704000617,0.282020322,-0.507656886
2.522653505,0.202380538,-0.559397047
2.337369933,0.13049028,-0.490410166
2.149465803,0.043464639,-0.488160594
1.955255838,-0.036400095,-0.377181698
1.760461027,-0.114322762,-0.275576021
1.559551581,-0.211891058,-0.183343561
1.358908315,-0.276091776,-0.073489451
1.154508541,-0.39578765,-0.071239879
0.946907112,-0.452636254,-0.035996581
0.742979713,-0.594545936,-0.016500289
0.528974975,-0.695555967,-0.052118516
0.3304499,-0.803224516,-0.083237598
0.110229303,-1.061883227,-0.149974906
-0.038711366,-0.555843296,-0.188217634
-0.030234854,-0.082012449,-0.14885012
-0.023179218,-0.173120932,-0.088111671
-0.029440064,-0.087392502,0.024366939
-0.023584111,-0.084355678,0.152217626
-0.028105417,-0.069351515,0.20883186
-0.024618837,-0.048071249,0.268070594
-0.02695822,-0.056525619,0.264321307
-0.025949736,-0.030877574,0.180712207
-0.025990975,-0.046147927,0.134595977
-0.026800761,-0.02617612,0.073482599
-0.025814772,-0.031421203,-0.016875218
-0.026939475,-0.027537067,-0.077988596
-0.026287147,-0.028583084,-0.07686381
-0.026935726,-0.03161616,-0.048744157
-0.026905734,-0.021200976,-0.085112241
-0.02718316,-0.024354025,-0.139101974
-0.027610547,-0.018415346,-0.211463213
-0.027618045,-0.021125993,-0.327316181
-0.028544051,-0.024050343,-0.406426137
-0.029477554,-0.0197463,-0.424422715
-0.029983671,-0.021215973,-0.400427278
-0.0310109,-0.020766073,-0.306320174
-0.031284577,-0.016439536,-0.197590851
-0.031595745,-0.019813785,-0.173595414
-0.032165595,-0.014842391,-0.110232464
-0.031891917,-0.019562591,-0.03637151
-0.0330916,-0.019078949,-0.014625646
-0.0323343,-0.014182538,0.013119078
-0.033837653,-0.02397161,-0.015000574
-0.033222815,-0.004475947,-0.037496296
-0.033721434,-0.029272931,-0.09973446
-0.034774906,-0.004854613,-0.12860397
-0.03260048,-0.023083058,-0.058867232
-0.036589426,-0.018475333,-0.038621082
-0.031419542,-0.001660323,0.036739586
-0.037912827,-0.049484685,0.008994863
-0.031959399,0.038620716,-0.064491163
-0.036833112,-0.096986618,-0.055867803
-0.03551721,0.111178326,-0.131228471
-0.033747677,-0.344712761,-0.181843846
-0.284496462,-1.720304262,-0.281199951
-0.663892525,-1.806924993,-0.148475191
-0.971877445,-1.662158446,-0.015375503
-1.289666027,-1.809560657,-0.008251858
-1.584293225,-1.759887956,0.293565746
-1.862424779,-1.813249836,0.260946949
-2.132027335,-1.698281661,0.230577724
-2.391488819,-1.699256444,0.412418144
-2.649619404,-1.712595977,0.313436967
-2.8878315,-1.702829399,0.411668286
-3.116086225,-1.743076696,0.477280809
-3.332044197,-1.757945888,0.353554338
-3.54034669,-1.805031664,0.429289935
-3.736603615,-1.812462511,0.403044926
-3.916361146,-1.826551877,0.37605006
-4.082461034,-1.836543405,0.466782805
-4.233894795,-1.840442537,0.395546352
-4.374355204,-1.854314451,0.3269344
-4.503774778,-1.855300482,0.227203366
-4.620368989,-1.849309315,0.095228464
-4.723208082,-1.838657934,0.061859809
-4.81273819,-1.82510095,0.058110522
-4.888963061,-1.809661884,0.090354391
-4.953183603,-1.793079323,0.161965772
-5.005729727,-1.769140898,0.128597118
-5.045221798,-1.743560339,0.096728178
-5.072773273,-1.715606557,0.184086566
-5.088826534,-1.683727398,0.076856957
-5.093355338,-1.649651229,-0.007127072
-5.087109487,-1.612500743,-0.000378355
-5.069931523,-1.577521024,-0.172470628
-5.042233837,-1.534536836,-0.32469168
-5.00518987,-1.490604109,-0.478787376
-4.959320732,-1.450071875,-0.55264833
-4.905447458,-1.407507593,-0.520779391
-4.844064918,-1.367545233,-0.560896761
-4.774194618,-1.314367062,-0.498283669
-4.696087744,-1.260562781,-0.449542938
-4.610062961,-1.210080261,-0.491909881
-4.515561665,-1.147971577,-0.50953153
-4.413022493,-1.088674767,-0.573269409
-4.302317977,-1.025246377,-0.615636352
-4.183800524,-0.961919214,-0.594640344
-4.059018475,-0.901651371,-0.593890487
-3.927334498,-0.835696042,-0.644130933
-3.787961303,-0.771247879,-0.61901071
-3.643455712,-0.705435019,-0.611887065
-3.495602256,-0.642677729,-0.614136637
-3.343527414,-0.574394169,-0.507656886
-3.1852892,-0.50178782,-0.491909881
-3.0186682,-0.41668925,-0.461540656
-2.844406717,-0.334035137,-0.472788517
-2.666062562,-0.262231109,-0.588266557
-2.482844694,-0.180874207,-0.542525255
-2.297246205,-0.112245724,-0.476537804
-2.106661533,-0.017875466,-0.421423285
-1.91134561,0.049954445,-0.300321315
-1.714548828,0.137819899,-0.209213641
-1.511997316,0.22372454,-0.095610245
-1.311766441,0.292675452,-0.037496296
-1.10386884,0.401592473,-0.031872366
-0.899746493,0.469519863,0.028491155
-0.690679201,0.644909598,0.035239872
-0.481188271,0.687140203,-0.004502571
-0.278865449,0.908895874,-0.015000574
-0.060942995,0.97490744,-0.088111671
0.025426697,0.285979441,-0.135727616
-0.000606428,0.082707159,-0.058867232
0.006261758,0.15067204,0.00674529
0.004630939,0.044334445,0.107226182
0.003629953,0.081923584,0.22607858
0.005770638,0.026660877,0.260946949
0.003168825,0.036123772,0.26057202
0.006089303,0.031246107,0.203207929
0.004001105,0.015627081,0.13947005
0.005466968,0.027193258,0.100477465
0.00473966,0.010558209,0.017993151
0.005107063,0.019867388,-0.037871225
0.005658167,0.009369723,-0.067490592
0.005208286,0.011604226,-0.082112811
0.005924347,0.009797128,-0.096360102
0.005639422,0.006201678,-0.164972054
0.006340487,0.008102505,-0.203964639
0.006288001,0.004926961,-0.265827875
0.006831607,0.009006054,-0.36218455
0.008095024,0.007843813,-0.409050638
0.008484921,0.007236448,-0.398927563
0.009530895,0.004353339,-0.356935549
0.010411912,-0.001622832,-0.263953231
0.010546876,0.004945707,-0.139476903
0.011596599,0.003007388,-0.088486599
0.011247941,-0.002458896,-0.041245583
0.011967751,0.009440957,0.010869506
0.012282668,-0.007291571,0.020992581
0.012068974,0.000877862,-0.021374362
0.013887244,0.000206761,-0.085112241
0.012023986,-0.000408102,-0.105358391
0.014670787,0.00601422,-0.15184955
0.012732549,-0.021290956,-0.132353257
0.014610803,0.026076007,-0.057367517
0.014262145,-0.025351303,-0.026998293
0.012736298,0.021651991,0.04161366
0.018041147,-0.018520323,0.022867225
0.008927304,0.000154273,-0.028498007
0.023544694,0.043670843,-0.08248774
-0.000771385,-0.123489472,-0.132728186
0.089309827,1.01976996,-0.164597126
0.43996598,1.960480699,-0.198340709
0.784908641,1.671843657,-0.035246724
1.090647904,1.759334194,-0.034121938
1.40508862,1.774874487,0.07310767
1.686927945,1.781161839,0.262446664
1.964879546,1.781079357,0.106851253
2.227242764,1.673189607,0.245949801
2.48912236,1.71201972,0.323934971
2.739949874,1.690019613,0.257947519
2.974191767,1.718370807,0.431539508
3.198135131,1.739242414,0.386922992
3.410584029,1.765535315,0.356178839
3.616029777,1.796578409,0.45665973
3.80578217,1.806138783,0.375675131
3.981048387,1.822893806,0.383548634
4.141011146,1.815260504,0.440537796
4.287949844,1.827272832,0.379424418
4.424672489,1.840664852,0.30668825
4.549173363,1.83038089,0.161965772
4.660811382,1.819658275,0.066358954
4.758390615,1.813243452,0.052861521
4.842638367,1.795206215,-0.000753284
4.914623108,1.781577996,0.005995433
4.974967173,1.769164508,0.071982884
5.023351896,1.740835809,0.042363517
5.058761296,1.713418158,0.103101966
5.08207264,1.684392115,0.137970335
5.093840782,1.650008514,0.02999087
5.094125707,1.616487221,0.038989159
5.084295803,1.574305354,-0.062616519
5.063897439,1.53026765,-0.241832438
5.032630696,1.49596653,-0.360309907
4.992452556,1.454916912,-0.50353267
4.943824147,1.411576553,-0.541775398
4.886959164,1.369357195,-0.568020407
4.822116287,1.31565789,-0.579268268
4.748980599,1.26827593,-0.496034096
4.667563349,1.215645138,-0.517405032
4.578096975,1.15656578,-0.523403891
4.480506495,1.103488837,-0.52677825
4.374878139,1.042478659,-0.629883642
4.261774256,0.981393497,-0.628008999
4.141164855,0.919963412,-0.61038735
4.014167141,0.857468564,-0.638507002
3.880181273,0.788172729,-0.606638063
3.738768616,0.719787941,-0.559771975
3.59292088,0.662511932,-0.577393624
3.443841497,0.599604676,-0.509906458
3.289783429,0.528925398,-0.454791939
3.12925457,0.454631925,-0.499408455
2.960451646,0.37014072,-0.466789658
2.784390638,0.289379935,-0.539900754
2.604689342,0.212139617,-0.596889917
2.420256795,0.139960673,-0.529027822
2.233079973,0.066102103,-0.514030674
2.040024703,-0.022689395,-0.436795362
1.844386365,-0.090650527,-0.327316181
1.645430153,-0.187101572,-0.252330441
1.442327536,-0.252760716,-0.159348124
1.240383364,-0.352297324,-0.101234175
1.030922426,-0.439514173,-0.058492303
0.827872295,-0.528515625,0.006370362
0.614906033,-0.689845987,0.001496289
0.410446275,-0.718947013,-0.022874077
0.200816632,-1.010639626,-0.038996011
-0.000239025,-0.848911853,-0.107982892
-0.042764046,-0.175794087,-0.082112811
-0.019298992,-0.142051593,-0.029622793
-0.029668754,-0.133091087,0.023992011
-0.023749067,-0.061639481,0.157466628
-0.026324637,-0.09216894,0.19720907
-0.025646066,-0.0413265,0.214830719
-0.024926256,-0.060319775,0.220829578
-0.026620809,-0.035264098,0.126347546
-0.024712563,-0.038244685,0.078356672
-0.026572072,-0.035818975,0.037864373
-0.025222428,-0.026442311,-0.051743587
-0.026013469,-0.030528901,-0.080613097
-0.026140936,-0.021219722,-0.084362384
-0.026107194,-0.027529569,-0.109482607
-0.026437107,-0.021144739,-0.132353257
-0.026377123,-0.021028515,-0.163472339
-0.026886989,-0.019371383,-0.200965209
-0.026718283,-0.019135186,-0.28457431
-0.027614296,-0.021684619,-0.367058624
-0.028709007,-0.02177085,-0.409050638
-0.029128897,-0.023817894,-0.412799925
-0.030204862,-0.021512157,-0.354685976
-0.030804704,-0.016522017,-0.2988216
-0.030875935,-0.019037708,-0.230584577
-0.031513267,-0.018456587,-0.119230753
-0.03127333,-0.018029182,-0.012751002
-0.032532998,-0.019660069,0.034115085
-0.032049375,-0.010654573,0.049487162
-0.032791679,-0.024200309,0.040488873
-0.033069106,-0.007554012,-0.006752143
-0.032469264,-0.02275688,-0.028123079
-0.035044834,-0.014092558,-0.020624505
-0.031861925,-0.01376638,-0.012376073
-0.035832126,-0.032114799,-0.019499719
-0.032128105,0.011712952,-0.015000574
-0.035487217,-0.057140482,-0.066365806
-0.034489981,0.031804732,-0.110607393
-0.032356794,-0.073138173,-0.107233034
-0.041425649,0.039044372,-0.190092277
-0.019190271,-0.083909527,-0.245581725
-0.202314413,-1.456291741,-0.346812474
-0.582748952,-1.887348353,-0.251205655
-0.902494517,-1.632273844,-0.097859817
-1.215967988,-1.794721458,-0.130853542
-1.52012517,-1.758680725,0.213331004
-1.799171482,-1.805920217,0.325059757
-2.074112628,-1.721286543,0.234327011
-2.33464258,-1.675078072,0.472781665
-2.595963573,-1.711085063,0.401545212
-2.840099104,-1.68875503,0.362177698
-3.071712942,-1.726610359,0.489653456
-3.290966294,-1.737599165,0.359928126
-3.501450711,-1.782472932,0.365177128
-3.702787545,-1.799092985,0.407169142
-3.887392546,-1.809414439,0.342681406
-4.058257426,-1.822030383,0.363677413
-4.21365389,-1.821977895,0.268445523
-4.357379687,-1.834170182,0.168714489
-4.489671002,-1.834275159,0.119598829
-4.609898004,-1.833592811,0.070108241
-4.717468348,-1.823668768,0.073482599
-4.811096124,-1.809256974,0.085480317
-4.891913532,-1.795737482,0.122598259
-4.959684386,-1.778543806,0.22307915
-5.015945779,-1.756652426,0.232077439
-5.059812945,-1.729725916,0.16271563
-5.090757274,-1.703661714,0.261321878
-5.110492062,-1.672641114,0.145093981
-5.118083808,-1.637297727,-0.038246154
-5.115193321,-1.604110109,-0.03637151
-5.102191754,-1.566895887,-0.24108258
-5.077860679,-1.524830245,-0.413174854
-5.044295793,-1.485790179,-0.466789658
-5.001808262,-1.441876198,-0.532777109
-4.950446825,-1.40127273,-0.528652893
-4.891519886,-1.360792985,-0.560896761
-4.824491337,-1.307202406,-0.50953153
-4.748678856,-1.25706106,-0.456291654
-4.664569817,-1.20347423,-0.521154319
-4.572404155,-1.145849549,-0.470538945
-4.472170624,-1.09086803,-0.46041587
-4.364045426,-1.033464549,-0.542150326
-4.248006069,-0.969200095,-0.545524685
-4.125143513,-0.904309529,-0.538401039
-3.995783923,-0.841657216,-0.614511566
-3.858926313,-0.770981688,-0.635507573
-3.7154517,-0.709022971,-0.574769123
-3.567909412,-0.653171645,-0.563146334
-3.417090488,-0.584524415,-0.515530389
-3.260505588,-0.511674371,-0.530527537
-3.096572628,-0.431674667,-0.562021548
-2.924013195,-0.346171187,-0.538026111
-2.746418843,-0.279154845,-0.581142911
-2.56477181,-0.20207949,-0.548899043
-2.378937133,-0.127107418,-0.449917866
-2.190688094,-0.044494545,-0.383930415
-1.99537592,0.033754299,-0.308194818
-1.79925396,0.108298966,-0.189717348
-1.59741476,0.211026115,-0.052493444
-1.395249395,0.270187954,-0.002252998
-1.19028727,0.377856503,0.001871217
-0.981456166,0.441712299,0.01274415
-0.77713887,0.584619259,-0.040495726
-0.562200628,0.68998957,-0.146975477
-0.363094456,0.776674037,-0.156348694
-0.142825123,1.056759232,-0.134977758
0.01450958,0.582527225,-0.15747348
0.010171975,0.064684918,-0.016875218
0.001091873,0.156037097,0.105726467
0.008436184,0.074290282,0.151842697
0.002010381,0.064021316,0.239950942
0.007037803,0.058461303,0.277068883
0.003794909,0.029022851,0.303688821
0.005785634,0.042523598,0.253823304
0.005298262,0.016579369,0.173213633
0.005107063,0.027988081,0.095228464
0.006168033,0.009557181,-0.017250146
0.005178294,0.016965533,-0.083612526
0.006317993,0.013891217,-0.10835782
0.005883108,0.008031271,-0.094860387
0.006434212,0.012841451,-0.107982892
0.006209272,0.005961731,-0.182968632
0.006445459,0.005466841,-0.274826163
0.006835356,0.004075901,-0.377931556
0.00685785,0.00592049,-0.418048927
0.007378963,0.001365254,-0.427047216
0.007326477,0.000499196,-0.359185121
0.007536421,0.003955927,-0.241832438
0.007971306,0.004255861,-0.226460361
0.008001299,0.001219036,-0.143976047
0.00776886,-0.002113972,-0.071614808
0.007761362,-0.001442872,-0.032622223
0.007588907,-0.002995026,0.04723759
0.007202759,-0.001926514,0.058485451
0.007247748,0.000581678,0.059235308
0.007127779,-0.002102725,-0.010126501
0.006951576,-0.000288129,-0.085112241
0.006977819,0.000364226,-0.099359532
0.00685785,0.000364226,-0.09973446
0.006835356,-0.001124193,-0.035246724
0.006711639,-0.007883939,-0.029247865
0.006662902,-0.003040016,-0.082112811
0.006599169,0.000607922,-0.074989166
0.006419216,-0.001615333,-0.112107107
0.006288001,-0.000108169,-0.18634299
0.005939343,1.93e-05,-0.233584006
0.005984331,-0.003028769,-0.265827875
0.00606306,-0.003414933,-0.233209078
0.005909351,-0.000220644,-0.178469487
0.005999327,-0.002162712,-0.155973765
0.005890606,-0.002372665,-0.140976617
0.005793132,-0.003714866,-0.100859247
0.005766889,-0.00464091,-0.078363524
0.005680661,-0.000659296,-0.067865521
0.005785634,-0.001420377,-0.050618801
