0.002250317,-0.016008382,-0.092235886
0.00295888,0.011956648,-0.105358391
0.001744201,-0.056484378,-0.101609104
0.003498738,0.046793898,-0.110232464
0.001343057,-0.0925701,-0.112482036
0.003802407,0.074481489,-0.122230182
0.001804185,-0.096810407,-0.107982892
0.002137847,0.012076621,-0.11135725
0.004203551,0.02628596,-0.111732179
-0.003568146,-0.230205733,-0.088861528
0.074767418,2.941768662,-0.119605682
0.226369884,4.447040066,-0.093360672
0.379801867,2.956817815,-0.01912479
0.543757322,2.829698592,0.128972047
0.695228573,2.487021071,0.215955505
0.832723514,2.491827502,0.146968624
0.955638556,2.492753546,0.09635325
1.064442324,2.291393338,0.069358383
1.161736632,2.397764676,-0.024373792
1.24395617,2.254332832,-0.030372651
1.318186568,2.239602359,0.136095692
1.380870015,2.119287873,0.027366369
1.43367857,2.045714239,-0.086237027
1.474449054,2.012061725,0.020617652
1.503961261,1.931087238,0.023992011
1.525386853,1.883019181,0.008994863
1.537016282,1.809205601,-0.03637151
1.540742798,1.756263627,-0.034496867
1.536761349,1.677081242,-0.104233605
1.523924739,1.588499696,-0.250455798
1.502855303,1.494699312,-0.266577732
1.473680507,1.405450416,-0.254205085
1.435474346,1.318316049,-0.177344701
1.388735438,1.223049741,-0.137602259
1.334521005,1.131937508,-0.178469487
1.273640831,1.015968306,-0.144725904
1.206267373,0.904625574,-0.15747348
1.133019215,0.798835357,-0.268827304
1.052123078,0.677118683,-0.350936689
0.968872562,0.583816938,-0.379806199
0.882307921,0.46202528,-0.424797643
0.789238747,0.346296024,-0.478412447
0.690782247,0.204367596,-0.439419863
0.581506103,0.061333164,-0.372307625
0.472672343,-0.047670088,-0.386554916
0.356025646,-0.197940411,-0.31606832
0.242659332,-0.288456526,-0.150724764
0.125641483,-0.571751007,-0.188592562
0.012241429,-0.566063522,-0.184468347
-0.010848724,-0.125157851,-0.089611386
0.003090095,-0.073085685,-0.210338427
-0.002897074,-0.085225484,-0.224585718
0.000776956,-0.039384432,-0.110232464
-0.000625173,-0.057807833,-0.131228471
-0.000471464,-0.021021017,-0.123729897
-0.000115308,-0.0361564,0.013494007
-0.000985078,-0.023810396,0.037864373
0.000128378,-0.021767101,-0.01612536
-0.000838867,-0.021864579,0.024741868
-0.000164045,-0.01358642,0.017618223
-0.000707652,-0.01700566,-0.020999433
-0.000756389,-0.012086754,-0.034871795
-0.000778883,-0.013290236,-0.03337208
-0.000992576,-0.012053011,-0.039745868
-0.001000074,-0.014474973,-0.068615378
-0.001258756,-0.013144019,-0.004877499
-0.001258756,-0.015153572,0.009369791
-0.001558677,-0.014591197,0.020992581
-0.001719884,-0.008382578,0.125597688
-0.001802363,-0.011258188,0.06448431
-0.001914833,-0.01453121,0.013868936
-0.001974817,-0.00981101,0.016118508
-0.001933578,-0.008225113,-0.08248774
-0.001907335,-0.0080564,-0.151474621
-0.001884841,-0.007861444,-0.152599407
-0.001712386,-0.012199229,-0.15184955
-0.001772371,-0.009259883,-0.208463783
-0.001787367,-0.006095587,-0.204339568
-0.001607414,-0.007726474,-0.174345272
-0.001768622,-0.007542765,-0.208088855
-0.001693641,-0.006084339,-0.187842705
-0.001513689,-0.007539016,-0.118480895
-0.001614912,-0.010092198,-0.127104255
-0.001517438,-0.009229889,-0.166471769
-0.001419964,-0.010662071,-0.145100833
-0.001412466,-0.009556067,-0.199840423
-0.001453705,-0.009259883,-0.263953231
-0.001363728,-0.009957228,-0.191591992
-0.001191274,-0.006605473,-0.149599977
-0.001191274,-0.009428595,-0.162722482
-0.001213768,-0.010737054,-0.142476332
-0.001296246,-0.007175346,-0.130478614
-0.001071306,-0.006088088,-0.14022676
-0.001000074,-0.005773158,-0.146600548
-0.001359979,-0.008348835,-0.100859247
-0.001701139,-0.010185927,-0.088486599
-0.002248495,-0.00815013,-0.083987455
-0.002405953,-0.008944953,-0.03937094
-0.002844587,-0.008798735,-0.074614237
-0.00309952,-0.009237388,-0.061866662
-0.003391943,-0.015577227,0.005620504
-0.003571895,-0.009214893,0.022117367
-0.003474421,-0.011831811,0.038239301
-0.004400427,-0.01003596,0.063359524
-0.003523158,-0.007389049,0.025491725
-0.004584128,-0.016537014,-0.067115663
-0.003928051,-0.003489916,-0.086611956
-0.004456662,-0.022704392,-0.097859817
-0.004715343,0.002737448,-0.112856965
-0.003234484,-0.015202311,-0.090361243
-0.006061238,-0.009177401,-0.09973446
-0.002237248,-0.001750303,-0.089986314
-0.007182192,-0.035987687,-0.077613667
-0.001371226,0.035673872,-0.061866662
-0.006327418,-0.076654891,-0.054368088
-0.002863332,0.099139754,-0.056242731
-0.007159698,-0.324474763,-0.0479943
-0.197598159,-1.496370326,-0.094485459
-0.453944216,-1.617832057,-0.089236457
-0.649919964,-1.522033367,-0.15184955
-0.846120654,-1.63022305,-0.130853542
-1.011898127,-1.622319808,0.059985166
-1.164227901,-1.721702701,-0.013500859
-1.298727384,-1.710755136,0.034864943
-1.412558575,-1.723404822,0.143969195
-1.51985899,-1.696714509,-0.009376644
-1.611848448,-1.693535217,0.050986877
-1.69390303,-1.712082341,0.055111093
-1.758404747,-1.690963289,0.001871217
-1.810354779,-1.696856978,0.106476325
-1.849993061,-1.671430134,0.061109952
-1.877773226,-1.657322022,0.045362947
-1.896323327,-1.629139541,0.010119649
-1.903142776,-1.589975753,-0.049119086
-1.901227032,-1.555352205,0.023992011
-1.890568597,-1.492489939,0.015368651
-1.871197462,-1.436372422,-0.000378355
-1.843121126,-1.370008435,-0.020999433
-1.806073409,-1.284898618,-0.136477473
-1.760080555,-1.210612642,-0.155223908
-1.705656176,-1.126732552,-0.141726475
-1.643186423,-1.035856517,-0.212587999
-1.573166163,-0.949929381,-0.189717348
-1.496731347,-0.849942873,-0.183343561
-1.412074952,-0.748130521,-0.31044439
-1.323493344,-0.65813929,-0.334814755
-1.231342678,-0.55339509,-0.33631447
-1.134861906,-0.461896694,-0.379806199
-1.032506435,-0.336288385,-0.349436975
-0.920163601,-0.214537969,-0.360684836
-0.80394804,-0.103705123,-0.386179987
-0.679638367,0.01927502,-0.422923
-0.557019497,0.111485757,-0.446918437
-0.427791122,0.271128995,-0.371932697
-0.297670483,0.345429967,-0.372682554
-0.167707302,0.590715403,-0.332940112
-0.031209597,0.664315281,-0.211838142
0.012537601,0.183570972,-0.243707081
-0.005412659,0.060695806,-0.253455227
0.000147123,0.09857363,-0.179219345
-0.002068542,0.02907534,-0.192341849
-0.001881092,0.056178061,-0.191966921
-0.001228764,0.020358529,-0.143601118
-0.002323475,0.031512297,-0.125604541
-0.000932592,0.019432485,-0.14022676
-0.002435945,0.009635914,-0.137977188
-0.001082553,0.017572898,-0.078738453
-0.001783618,0.004750751,-0.048744157
-0.001386223,0.011285547,-0.008251858
-0.001161282,0.003929683,0.073857528
-0.001262505,0.00529438,0.082105959
-0.000932592,0.003168603,0.08772989
-0.00120627,0.002171324,0.124472902
-0.000617675,0.004990697,0.08473046
-0.000606428,0.002475007,0.080606244
-0.000426476,0.004049657,0.099727608
-0.00022028,0.001822652,0.077981743
-0.000209033,0.00237003,0.120348687
0.000207107,0.001586454,0.077606815
0.000304581,-0.002601364,0.011244435
0.000225852,0.000776635,0.01836808
0.000154621,0.000982839,-0.019499719
-7.03e-05,0.000495447,-0.048744157
4.59e-05,0.000832872,-0.08548717
-5.91e-05,-0.001731557,-0.105358391
-0.000152798,-0.000951731,-0.124479755
-0.000134053,-0.002132718,-0.19496635
-0.0003365,-0.001300403,-0.199090566
-0.000242774,0.000248002,-0.184843275
-0.000194037,-0.00239516,-0.192716778
0.000147123,0.000337982,-0.186717919
0.000829442,0.002475007,-0.200215352
0.001189347,0.0020551,-0.229084862
0.001777942,0.002756194,-0.270701948
0.001987886,-0.003219976,-0.303320745
0.002404027,0.003554767,-0.32469168
0.003116338,-0.001446621,-0.331440397
0.002910143,-0.003594893,-0.330315611
0.004121073,0.005324373,-0.29319767
0.003592463,-0.00185528,-0.255329871
0.00458595,0.009482198,-0.25270537
0.004304775,-0.006507995,-0.163847268
0.004420994,0.01500472,-0.101234175
0.005954339,-0.005192038,-0.083987455
0.003682439,0.002463759,-0.015375503
0.007581409,0.011296794,-0.003752713
0.002947633,-0.021197227,0.007870077
0.007892577,0.039396794,0.011619364
0.003813654,-0.050751903,0.010119649
0.005808128,0.075579995,0.03861423
0.008567399,-0.094778359,0.043113374
-0.002158519,0.217002285,0.057360665
0.205870297,1.677546138,0.033740157
0.553362285,1.971578231,0.118099114
0.831171424,1.765464081,0.094103678
1.109044296,1.947047438,0.016118508
1.365525318,1.951557684,0.338182261
1.602039111,2.096545432,0.334432974
1.829124145,2.105224751,0.242575443
2.038022731,2.117244577,0.544018118
2.239963155,2.179724429,0.395921281
2.421272777,2.233566202,0.423666005
2.591661532,2.326395552,0.746104687
2.747076742,2.376641875,0.569513269
2.889464141,2.447538604,0.730357681
3.01750408,2.490110384,0.877704661
3.128767199,2.510577081,0.678617521
3.227028751,2.492985994,0.756977619
3.311085304,2.440647637,0.522647182
3.384280975,2.397048585,0.447286513
3.446750729,2.349175485,0.178837564
3.497778504,2.303773084,-0.524528678
3.537120615,2.239456142,-0.619385639
3.566002988,2.146169393,-0.658753152
3.585374123,2.069007808,-0.563146334
3.595398975,1.980996136,-0.838343999
3.597194751,1.870789401,-1.641066346
3.589790456,1.783640038,-1.413484625
3.572781198,1.713474396,-0.576643767
3.548041481,1.642423951,-0.170970913
3.515979948,1.559901058,0.158966343
3.476375406,1.486398659,0.345305907
3.428658007,1.41869247,-0.153724193
3.372883985,1.330916996,-0.44316915
3.309604445,1.255558759,-0.160097981
3.238020848,1.181265286,-0.104608533
3.158800518,1.093096149,-0.170970913
3.07188347,1.017040567,-0.331815326
2.977149736,0.93813187,-0.715367386
2.875810247,0.852343454,-1.059177004
2.767100204,0.775650514,-1.041555355
2.651027105,0.697806581,-0.674125229
2.531328714,0.621668518,-0.496034096
2.407712607,0.550546839,-0.591640915
2.278896624,0.470667108,-0.735613536
2.143133725,0.370875556,-0.998063626
1.997405957,0.278447367,-1.094420302
1.846815723,0.189805835,-0.68537309
1.69065821,0.100759394,-0.18634299
1.53251747,0.019747415,0.22307915
1.36915061,-0.091973983,0.641124651
1.201648592,-0.165337663,0.666994731
1.031957153,-0.281014431,0.386922992
0.855584977,-0.361119112,0.204707644
0.683685371,-0.466241977,0.031865513
0.501371015,-0.595775663,-0.15184955
0.329636364,-0.638377436,-0.191966921
0.144870156,-0.932203324,-0.327316181
-0.012813205,-0.676146534,-0.706744026
-0.027603049,-0.111972034,-0.759234044
-0.012217112,-0.144694755,-0.466414729
-0.020772353,-0.103525163,-0.220086573
-0.014807678,-0.066325938,0.273319596
-0.018305505,-0.080943937,0.68761581
-0.016341023,-0.038687087,0.580011273
-0.01707208,-0.060064831,0.391797065
-0.017484471,-0.031424952,0.202083143
-0.016397259,-0.039313197,-0.063366376
-0.017889365,-0.030746353,-0.16047291
-0.016520976,-0.025325059,-0.070490022
-0.017533209,-0.029674092,0.007870077
-0.017401993,-0.022655653,-0.082862669
-0.017431985,-0.025733718,-0.209963498
-0.017559452,-0.018730276,-0.292822741
-0.017623185,-0.019855026,-0.416924141
-0.018230524,-0.01992626,-0.369308196
-0.018009333,-0.018269129,-0.231709363
-0.018275513,-0.018467834,-0.319442679
-0.018650414,-0.017504299,-0.410550353
-0.018676657,-0.01597089,-0.419173713
-0.019066554,-0.014782404,-0.472788517
-0.019017817,-0.013893852,-0.284199381
-0.018687904,-0.012476667,0.059985166
-0.018650414,-0.014377494,0.218205077
-0.018534194,-0.016488275,0.366676842
-0.018447967,-0.013211504,0.365177128
-0.018496704,-0.012881577,0.083980603
-0.019040311,-0.016345807,-0.144350976
-0.019561423,-0.015367274,-0.302945816
-0.01991383,-0.014182538,-0.360684836
-0.020573656,-0.014381244,-0.299196529
-0.020607397,-0.015532237,-0.277825593
-0.021274721,-0.017245606,-0.265078017
-0.021529653,-0.009443592,-0.238083151
-0.021837072,-0.01736558,-0.151099692
-0.022729336,-0.011400657,-0.002252998
-0.022062013,-0.013350223,0.095228464
-0.023501632,-0.019333892,0.163840416
-0.022178232,-0.005147048,0.190835282
-0.024033992,-0.024541483,0.023617082
-0.023295437,0.004143386,-0.170970913
-0.023048002,-0.028665566,-0.222711074
-0.025323651,0.00012428,-0.256079728
-0.021184744,-0.01534103,-0.170221056
-0.027880476,-0.024503992,-0.03074758
-0.019254004,0.024070203,0.023992011
-0.029908691,-0.086245257,-0.018000004
-0.016764662,0.139405797,-0.108732749
-0.049718459,-0.624869191,-0.167971484
-0.33676141,-1.831328315,-0.233584006
-0.676815362,-1.684687185,-0.106108248
-0.954114636,-1.59309131,-0.134602829
-1.240475267,-1.653565358,-0.12298004
-1.498639593,-1.618068254,0.174338419
-1.749103453,-1.663159474,0.037114515
-1.986284571,-1.540625481,0.118848972
-2.214764236,-1.523443054,0.344930978
-2.432892885,-1.510088524,0.299939534
-2.633457422,-1.52215334,0.486654026
-2.824383254,-1.549739704,0.358428411
-2.999825675,-1.565493699,0.275569168
-3.164515936,-1.590346921,0.261696806
-3.313434111,-1.592082785,-0.035621653
-3.447648669,-1.603581477,0.137595407
-3.566844693,-1.595895686,0.095603392
-3.671262119,-1.586905186,-0.011251287
-3.762254341,-1.57344943,0.238451227
-3.839255258,-1.556147029,-0.026623364
-3.903666998,-1.535091712,-0.058492303
-3.954098681,-1.510815862,0.116224471
-3.992132387,-1.488133408,0.061859809
-4.018911566,-1.460535797,0.179212492
-4.034702396,-1.430504978,0.090354391
-4.039429897,-1.392053531,0.034864943
-4.033195294,-1.349279296,0.060735023
-4.016590929,-1.309129477,-0.026248435
-3.99076025,-1.26933208,-0.008626786
-3.956610518,-1.222662462,-0.183343561
-3.913369436,-1.173139728,-0.307070032
-3.861295687,-1.126968749,-0.168721341
-3.800408016,-1.080606562,-0.278200522
-3.730503975,-1.027413395,-0.377556627
-3.652310874,-0.971978227,-0.32469168
-3.565802468,-0.914556,-0.539150897
-3.470532626,-0.848983087,-0.667376512
-3.367757266,-0.790267398,-0.537651182
-3.25754387,-0.726595312,-0.577018696
-3.138737743,-0.657606908,-0.582642626
-3.013547052,-0.597477784,-0.460040941
-2.884292434,-0.536137679,-0.514405603
-2.75165246,-0.471614532,-0.533152038
-2.61248546,-0.391776042,-0.422173142
-2.465303077,-0.312364957,-0.278200522
-2.309925357,-0.228612338,-0.257954372
-2.148309285,-0.153494048,-0.325066609
-1.984477548,-0.070802443,-0.342688258
-1.814459945,0.010220784,-0.496783954
-1.642444119,0.086407586,-0.608887635
-1.463560107,0.193536255,-0.521904177
-1.282332963,0.249605033,-0.44016972
-1.098608979,0.361903802,-0.403051779
-0.910097509,0.427259264,-0.245206796
-0.725342548,0.542208693,-0.14022676
-0.530109103,0.650244661,-0.117731038
-0.348102165,0.713740536,0.037114515
-0.146229224,1.000739193,0.153342412
0.005886857,0.601527998,0.181836993
0.006250511,0.073589188,0.201708214
-0.00446416,0.153772601,0.222704222
0.003397514,0.081799861,0.155966913
-0.002844587,0.063159008,0.089604533
0.001545503,0.063436446,0.145093981
-0.001183776,0.031988442,0.099727608
0.000435796,0.050374352,0.116599399
0.000124629,0.020388522,0.19420964
-0.000400233,0.031163625,0.056610808
0.000833191,0.015709563,0.015368651
-0.000137802,0.017917822,-0.012751002
0.000863183,0.018146521,-0.128978899
0.000435796,0.01163047,-0.092235886
0.001001897,0.014903492,-0.041995441
0.00106563,0.009568429,-0.009751572
0.001163104,0.009305987,0.005995433
0.001436782,0.005706788,-0.006002285
0.001654225,0.007791324,-0.001128212
0.002145345,0.00758512,-0.038246154
0.002250317,0.005658049,-0.07686381
0.00330004,0.007600117,-0.080238168
0.004244791,0.008229977,-0.174345272
0.004578452,0.005481838,-0.302195958
0.005376992,0.003569763,-0.335564613
0.005519454,0.004469563,-0.409050638
0.005999327,0.008027522,-0.451042652
0.006351734,8.3e-05,-0.346812474
0.006456706,0.007307682,-0.32469168
0.007592656,-2.19e-05,-0.323941823
0.006614165,-0.002102725,-0.232834149
0.008364953,0.013100143,-0.217087144
0.007510178,-0.013470196,-0.203964639
0.008631132,0.017670377,-0.182968632
0.009193484,-0.009822258,-0.166471769
0.007483935,0.010307015,-0.127854113
0.011581603,0.005121918,-0.143601118
0.006051813,-0.011408155,-0.142476332
0.013054964,0.035002771,-0.154474051
0.006269256,-0.052491516,-0.140601689
0.012905004,0.086036419,-0.081362954
0.008706112,-0.13523186,-0.05961709
0.013572327,0.401168818,-0.01912479
0.276179231,1.821784052,-0.007127072
0.648500912,1.854510522,0.12222333
0.952609356,1.678423443,0.083605674
1.27099403,1.783467576,0.043863232
1.564132871,1.7188507,0.38767285
1.844288891,1.763387043,0.296190247
2.115428541,1.625638935,0.308562894
2.378275381,1.619572784,0.519272823
2.639720091,1.628926953,0.36442727
2.881295049,1.628495799,0.416167431
3.112815161,1.67160371,0.373800488
3.331101268,1.684272142,0.400795354
3.541473216,1.734848391,0.395921281
3.738588663,1.741675623,0.227578295
3.918661112,1.755645015,0.343431263
4.083977457,1.763645735,0.152592555
4.234931344,1.773865962,0.013868936
4.376790134,1.800230097,0.157466628
4.50745063,1.798430497,-0.050243872
4.624449734,1.794085214,0.045362947
4.726857691,1.78978867,0.239950942
4.815435551,1.781135595,0.160091129
4.89132676,1.762037343,0.220829578
4.955007444,1.737903962,0.136470621
5.007058699,1.715547685,0.18858571
5.046003415,1.677591128,0.034864943
5.072276477,1.648103938,-0.144725904
5.087062572,1.616978361,-0.237708222
5.090324211,1.576243673,-0.460040941
5.083062379,1.544252039,-0.278200522
5.065468275,1.503963501,-0.410175424
5.037706856,1.457203903,-0.455916725
5.000479186,1.409132097,-0.388054631
4.954430096,1.364843199,-0.296946957
4.900316886,1.320880478,-0.103858676
4.838042081,1.273359799,-0.376056912
4.767425729,1.225108033,-0.267327589
4.688527813,1.170257734,-0.544399899
4.601097151,1.113761552,-0.882585586
4.505591121,1.058078938,-0.511031244
4.402459605,1.003277379,-0.646755434
4.291320204,0.94550648,-0.436045504
4.172885229,0.88769434,-0.136852402
4.048208152,0.827122814,-0.290573169
3.916719125,0.757515798,-0.195716208
3.777893284,0.695392118,-0.28719881
3.633346455,0.638356055,-0.304070602
3.485309297,0.576824743,-0.299196529
3.332975773,0.507603891,-0.446543508
3.173699084,0.431634541,-0.532777109
3.00629454,0.350712542,-0.596889917
2.831515694,0.274814425,-0.55264833
2.653385233,0.203299084,-0.466414729
2.471153355,0.123130667,-0.155223908
2.285933516,0.052923785,0.036739586
2.095839964,-0.040445446,0.034115085
1.900137893,-0.115777438,0.057735594
1.702988704,-0.202604373,-0.198715637
1.49949619,-0.285607159,-0.376431841
1.298200596,-0.356728838,-0.438670005
1.090186776,-0.474748835,-0.513280817
0.885404603,-0.534619267,-0.308944675
0.678605462,-0.695690937,-0.180344131
0.467536199,-0.732920155,-0.125229612
0.266626753,-0.917787781,0.098602822
0.045461406,-1.050819438,0.17696292
-0.058337433,-0.384645129,0.240325871
-0.034358765,-0.099824737,0.412793073
-0.038074034,-0.186674167,0.310812466
-0.038145266,-0.075728847,0.0761071
-0.03551721,-0.104931101,-0.043870084
-0.038617641,-0.065891035,-0.279325308
-0.035352253,-0.063446579,-0.392928704
-0.038036544,-0.061684471,-0.241832438
-0.035794636,-0.042571223,-0.159723052
-0.037080547,-0.053053891,-0.004877499
-0.036743136,-0.038038481,0.097852965
-0.03642447,-0.042901149,0.036739586
-0.037376719,-0.03530159,-0.030372651
-0.036656909,-0.036718775,-0.202464924
-0.037260499,-0.031488688,-0.2152125
-0.037193017,-0.02941165,-0.221586288
-0.037402962,-0.031458695,-0.305195388
-0.0376354,-0.02914171,-0.219336716
-0.038036544,-0.03143245,-0.236583436
-0.038966299,-0.028166927,-0.212962928
-0.039689858,-0.027233385,-0.015750432
-0.040544632,-0.029719082,0.050986877
-0.041639343,-0.025834946,0.023242153
-0.041376912,-0.023472971,0.052486592
-0.04202924,-0.025272571,-0.078738453
-0.042321663,-0.02172586,-0.329565754
-0.042509113,-0.027139655,-0.377931556
-0.043206429,-0.016094612,-0.432671146
-0.042839026,-0.026854719,-0.452917296
-0.04418867,-0.020882297,-0.244831867
-0.042719058,-0.013383965,-0.073114523
-0.045204651,-0.032853384,0.036739586
-0.043423872,-0.002773826,0.091479177
-0.044559822,-0.042290035,0.106851253
-0.045455835,0.003086121,0.047612519
-0.042546603,-0.03575149,-0.094485459
-0.04880745,-0.01269037,-0.139101974
-0.039386188,-0.002267688,-0.227210218
-0.05342623,-0.078424497,-0.364434123
-0.032188089,0.123843009,-0.312319033
-0.100168887,-0.876483219,-0.305195388
-0.437789732,-1.907818799,-0.27295152
-0.791197657,-1.655267479,0.012369221
-1.095354839,-1.692016804,-0.015000574
-1.412970966,-1.724945729,0.085480317
-1.698443081,-1.699413909,0.386173135
-1.979911254,-1.680578099,0.088854676
-2.24754558,-1.557545467,0.04723759
-2.513312899,-1.598077701,0.272569739
-2.769857653,-1.572429656,0.034115085
-3.008152227,-1.590939289,0.149218196
-3.237276722,-1.613902931,0.485154312
-3.454025735,-1.636379181,0.300689391
-3.663512916,-1.668918193,0.325434685
-3.85711929,-1.663350681,0.477655738
-4.035212261,-1.674935604,0.227953223
-4.199295182,-1.671568853,0.134221048
-4.349596742,-1.680364396,0.129721904
-4.490866937,-1.693883889,-0.049494015
-4.620110307,-1.688582568,-0.179219345
-4.734901245,-1.683997338,-0.260578873
-4.835974554,-1.677278833,-0.10573332
-4.922996574,-1.668100874,0.02136751
-4.997871802,-1.659620261,0.079481458
-5.060116615,-1.644466132,0.448411299
-5.108868741,-1.626556366,0.463033518
-5.144870484,-1.603765186,0.374175416
-5.167855664,-1.578986948,0.434164008
-5.179106443,-1.555453433,0.108725897
-5.179020216,-1.527338437,-0.084737312
-5.168091852,-1.499433394,-0.089611386
-5.147071153,-1.468180347,-0.313818748
-5.11538452,-1.432027139,-0.470913873
-5.074242885,-1.399098214,-0.425547501
-5.02522083,-1.364096,-0.403801636
-4.967351112,-1.323181352,-0.463415299
-4.901481006,-1.281261927,-0.337064328
-4.828101633,-1.235694563,-0.175844986
-4.745450959,-1.18648301,-0.379431271
-4.654113828,-1.132997408,-0.416549212
-4.554180218,-1.077550992,-0.356935549
-4.446231224,-1.022876904,-0.536526396
-4.330832947,-0.962901496,-0.467539515
-4.20801163,-0.904961884,-0.202089996
-4.078846989,-0.8442029,-0.095985173
-3.94228555,-0.776174283,-0.07086495
-3.798484774,-0.710931296,0.068608526
-3.649982739,-0.650982132,0.01274415
-3.497986626,-0.590035689,-0.18634299
-3.340618182,-0.515742216,-0.25270537
-3.176197851,-0.440293999,-0.387679702
-3.003424725,-0.35636142,-0.628008999
-2.824806893,-0.280969441,-0.746111539
-2.643523514,-0.206466014,-0.705244311
-2.457501387,-0.129566871,-0.704869382
-2.269443547,-0.056176946,-0.562771405
-2.074839936,0.03878193,-0.282324737
-1.877342089,0.105734537,-0.176969773
-1.676470134,0.205372372,-0.067490592
-1.471942893,0.278188674,0.00412079
-1.26829667,0.381200759,-0.118855824
-1.056845008,0.469609843,-0.153724193
-0.852456481,0.555930641,-0.166846698
-0.637709439,0.71799209,-0.206214211
-0.432439894,0.735631916,-0.132728186
-0.220058478,1.024658873,-0.001503141
-0.020434942,0.843622894,0.058485451
0.016875205,0.152527878,0.099727608
-0.005866289,0.133980753,0.255697947
0.004979596,0.125706344,0.260946949
-0.00097758,0.055701917,0.181836993
0.001856671,0.08432305,0.178462635
0.000908172,0.033439369,0.061109952
0.000806948,0.058198861,-0.067490592
0.002216576,0.026342198,-0.086237027
0.000544518,0.030623745,-0.08248774
0.002381533,0.028629189,-0.070490022
0.001118116,0.015559596,0.008619934
0.00227656,0.023207895,0.114349827
0.002141596,0.012511524,0.09635325
0.002194082,0.015533352,0.008245005
0.002475258,0.011263052,-0.030372651
0.002527744,0.007690097,-0.172095699
0.003326283,0.005200651,-0.332565183
0.003127586,0.009332231,-0.361059764
0.00405734,0.012455287,-0.403051779
0.005125808,0.0094747,-0.395178276
0.005676912,0.010468229,-0.273326449
0.006850352,0.008518662,-0.18934242
0.007243999,0.002688709,-0.118855824
0.007641394,0.007622612,-0.045744728
0.00814751,0.003566014,-0.044619942
0.007915071,0.006426628,-0.073489451
0.009148496,0.007131471,-0.107607963
0.008083777,-0.002173959,-0.160097981
0.009523397,0.009369723,-0.230584577
0.009534644,-0.009574813,-0.259454087
0.009324699,0.014851004,-0.232084291
0.011142969,-0.009391104,-0.196840994
0.008571148,0.001578956,-0.126729327
0.012811278,0.013816234,-0.073114523
0.008057534,-0.020199949,-0.079113382
0.013456108,0.044394432,-0.136477473
0.00958713,-0.052172837,-0.168721341
0.010974263,0.076022396,-0.217837001
0.014989453,-0.09756399,-0.297321885
0.001927902,0.211940911,-0.205089425
0.221087529,1.666549834,-0.190842134
0.600104942,1.899987906,-0.067115663
0.910807895,1.645052116,0.066358954
1.226418301,1.773757236,0.011244435
1.526136655,1.701672021,0.322060327
1.806603842,1.747745522,0.30668825
2.081173836,1.630070449,0.133096262
2.344163139,1.595375667,0.280443241
2.608397113,1.617754439,0.150717911
2.854493376,1.594160937,0.015368651
3.089046438,1.631588861,0.08473046
3.310399235,1.639664565,0.157091699
3.523920351,1.686337932,0.068983455
3.727019219,1.695988286,0.152592555
3.912771417,1.697083042,0.328809044
4.084018696,1.703917772,0.17996235
4.239760069,1.704671354,0.193834712
4.385412857,1.719266857,0.263946379
4.520905827,1.722712341,0.071982884
4.643093561,1.721542601,0.023992011
4.751256249,1.713144469,0.054361235
4.844797797,1.700764723,0.027741298
4.925498986,1.690803189,0.025491725
4.9943683,1.681329047,0.115474613
5.050419749,1.670598934,0.241075728
5.093563356,1.650323444,0.191960068
5.123671655,1.630400376,0.232827297
5.140722152,1.604234946,0.213331004
5.145974515,1.571500978,-0.010876359
5.140159801,1.554037363,-0.097484888
5.122948096,1.520257377,-0.161222767
5.095089203,1.480531214,-0.339688828
5.057100484,1.455752976,-0.376431841
5.010091648,1.420379595,-0.218961787
4.955374847,1.382430536,-0.294697384
4.892166538,1.340916021,-0.349062046
4.820946595,1.297748124,-0.139476903
4.741801245,1.25375541,-0.185593133
4.653879463,1.199058827,-0.292447812
4.557503663,1.143387461,-0.209963498
4.453056244,1.087746089,-0.240332723
4.340923355,1.025082528,-0.371557768
4.221292446,0.964975899,-0.379806199
4.09559189,0.91062424,-0.292447812
3.964001639,0.844968845,-0.361059764
3.825194543,0.775864217,-0.3393139
3.680276562,0.715401417,-0.172845557
3.531275908,0.653915094,-0.280075165
3.378496253,0.584000647,-0.395178276
3.219511986,0.508934845,-0.346437545
3.052662296,0.427206775,-0.442419292
2.877647262,0.344286471,-0.583392483
2.698429588,0.271443925,-0.531277394
2.516036502,0.19167292,-0.524528678
2.330381778,0.121968426,-0.583767412
2.14167536,0.032599556,-0.468289373
1.946303202,-0.051685445,-0.433421003
1.749648882,-0.13537058,-0.459291084
1.546883676,-0.233040103,-0.363309337
1.34480079,-0.299051669,-0.331815326
1.138837679,-0.423430251,-0.312319033
0.930838855,-0.48686239,-0.253830156
0.726202893,-0.637518877,-0.223460931
0.512516821,-0.720439181,-0.238083151
0.313639339,-0.828550132,-0.1747202
0.092462745,-1.086740198,-0.044619942
-0.051289295,-0.556683109,-0.035246724
-0.040076006,-0.096469233,0.115849542
-0.03426504,-0.189800971,0.233202225
-0.03986981,-0.093087485,0.164590273
-0.034193809,-0.095366978,0.205457501
-0.038568904,-0.081236372,0.158591414
-0.034988599,-0.060488487,0.09335382
-0.037204264,-0.068774144,0.110225612
-0.036075812,-0.039736853,0.080231316
-0.036278259,-0.057669114,0.094103678
-0.036806869,-0.039736853,0.075357242
-0.035843373,-0.040842857,0.052111663
-0.037054304,-0.039856826,0.099727608
-0.036368235,-0.032684672,0.068608526
-0.036731889,-0.031304979,0.089229604
-0.036600673,-0.028481857,0.160840986
-0.036836861,-0.03022147,0.066733882
-0.037095543,-0.025988661,-0.052868373
-0.037361722,-0.028354385,-0.122230182
-0.038527665,-0.028946753,-0.250080869
-0.039176243,-0.026314839,-0.337814185
-0.039828571,-0.029464138,-0.352436404
-0.040882043,-0.02608614,-0.362559479
-0.040972019,-0.02280562,-0.323566894
-0.04153812,-0.026637267,-0.364809051
-0.041624347,-0.019101444,-0.406051208
-0.041995499,-0.028395626,-0.35356119
-0.042820281,-0.019948755,-0.338189114
-0.041965507,-0.020559869,-0.28719881
-0.043903745,-0.026828475,-0.227585147
-0.042329161,-0.013571424,-0.184093418
-0.044308638,-0.037014959,-0.157098552
-0.043746286,-0.003144993,-0.131978329
-0.043168939,-0.038027233,-0.07686381
-0.045841983,-0.00864127,-0.043120227
-0.041290685,-0.022415706,-0.034871795
-0.0484288,-0.032564699,-0.088486599
-0.039213733,0.02134081,-0.12860397
-0.050681955,-0.098512529,-0.269202233
-0.037245503,0.13440066,-0.363309337
-0.07084788,-0.642512766,-0.360309907
-0.377816819,-1.857797427,-0.418798784
-0.745039846,-1.713956924,-0.196466065
-1.048683413,-1.682887585,-0.169846127
-1.367086832,-1.76854853,-0.061491733
-1.654924573,-1.727491413,0.366301914
-1.935159322,-1.741142126,0.228703081
-2.203498461,-1.611979609,0.251573732
-2.466484015,-1.649137593,0.554516121
-2.724640843,-1.644886039,0.348680265
-2.963853925,-1.655859847,0.254198232
-3.19225861,-1.686569266,0.478780524
-3.407612991,-1.708231947,0.293565746
-3.616639044,-1.749768957,0.146968624
-3.811460097,-1.74912785,0.34718055
-3.990685269,-1.762287423,0.202833001
-4.154974386,-1.761151425,0.052111663
-4.30510724,-1.770490598,0.156341842
-4.445368951,-1.784122565,0.078731601
-4.574061218,-1.786548276,-0.01612536
-4.690096826,-1.782885341,-0.018749861
-4.791316347,-1.770696802,0.02999087
-4.878915715,-1.765481712,0.08473046
-4.954229577,-1.757177309,0.064859239
-5.017017996,-1.744876296,0.283067742
-5.067569647,-1.730018351,0.282317885
-5.104778571,-1.708479392,0.116599399
-5.129342085,-1.68394485,0.27219481
-5.141822539,-1.65553367,0.040863802
-5.142107464,-1.626908788,-0.211088284
-5.131617734,-1.599742331,-0.121480325
-5.110169648,-1.564736368,-0.338564042
-5.078059377,-1.528594408,-0.562771405
-5.037138933,-1.495283068,-0.475413018
-4.987674495,-1.458844923,-0.445418722
-4.930160932,-1.420370982,-0.559397047
-4.864931907,-1.376142071,-0.418798784
-4.791188881,-1.329018803,-0.189717348
-4.708673171,-1.277122847,-0.269202233
-4.617407271,-1.220645411,-0.240332723
-4.51755239,-1.163661837,-0.075739024
-4.409877074,-1.102981585,-0.143601118
-4.29461751,-1.045694328,-0.268452375
-4.172178593,-0.983638133,-0.15747348
-4.043677526,-0.916021924,-0.117356109
-3.908806891,-0.851367556,-0.28157488
-3.767191787,-0.781614323,-0.178844416
-3.620159364,-0.721189015,-0.173220486
-3.469812816,-0.658397982,-0.375681984
-3.314566312,-0.579399306,-0.322442108
-3.152282916,-0.502563898,-0.30744496
-2.981901659,-0.412523927,-0.442794221
-2.804524749,-0.333900167,-0.452917296
-2.624156128,-0.257998301,-0.371557768
-2.439948522,-0.179760705,-0.412050068
-2.253911399,-0.103986311,-0.415799355
-2.06191335,-0.009031184,-0.253080299
-1.866863606,0.059567307,-0.248206226
-1.668421009,0.164030319,-0.254580014
-1.465734532,0.234492145,-0.179969202
-1.264746357,0.338100347,-0.253455227
-1.055634078,0.438622986,-0.32769111
-0.852992589,0.52181323,-0.324316752
-0.641132285,0.689430944,-0.325441538
-0.437058675,0.711528528,-0.375681984
-0.228205077,0.997124997,-0.260953801
-0.025796027,0.86454324,-0.196091136
0.018667232,0.170628851,-0.2152125
-0.005491388,0.123396858,0.019117938
0.005208286,0.131131387,0.076482029
-0.000403982,0.05339243,0.074607385
0.00197289,0.087209908,0.202083143
0.001538005,0.034114219,0.214830719
0.000788203,0.050209388,0.175088277
0.002745187,0.028501717,0.091479177
0.00083694,0.030829949,0.046862661
0.002726441,0.027208255,0.005995433
0.001541754,0.01536089,-0.037871225
0.00231405,0.023020437,0.011994292
0.002359038,0.012957675,0.035239872
0.002242819,0.016864306,-0.012751002
0.002703947,0.010801905,0.031865513
0.002640214,0.010142051,0.07910653
0.003191319,0.009613419,0.025116797
0.003532479,0.009444706,0.061484881
0.004102328,0.009238502,0.056610808
0.004537213,0.005661798,-0.072364665
0.005556944,0.009478449,-0.11998061
0.006550432,0.010127055,-0.153349264
0.007333975,0.007003999,-0.169471199
0.007307732,0.005868002,-0.15747348
0.007783856,0.008751111,-0.210713356
0.008301219,-0.002488889,-0.238833008
0.008316215,0.006220424,-0.298071743
0.009249719,0.005369363,-0.404176565
0.008567399,0.001845147,-0.425547501
0.010179473,0.011011858,-0.424422715
0.009013531,-0.006841671,-0.36218455
0.010475645,0.016770577,-0.244456939
0.010430657,-0.011951784,-0.202464924
0.009654612,0.01680057,-0.116606252
0.012582589,-0.00486586,-0.026248435
0.007708876,0.002156328,0.008619934
0.014861987,0.024280156,0.028866084
0.00640422,-0.047306419,0.017993151
0.016170391,0.086175138,-0.050993729
0.006239264,-0.152279318,-0.136852402
0.027608621,0.549564557,-0.206214211
0.315911239,1.882550535,-0.339688828
0.68346043,1.790939664,-0.238083151
0.984847093,1.684778279,-0.289073454
1.300641201,1.779774647,-0.305195388
1.588576417,1.730938011,0.072357813
1.865748224,1.765179144,-0.038246154
2.131669252,1.634906873,-0.017625075
2.392274184,1.644032343,0.265821022
2.647982909,1.643739908,0.200583428
2.883720658,1.655313584,0.224953794
3.111544247,1.691856705,0.414292787
3.32700735,1.714156744,0.486654026
3.533686522,1.747355609,0.376799917
3.725564603,1.73876627,0.445411869
3.901276952,1.754838944,0.428915007
4.063005495,1.758989271,0.17133899
4.211631247,1.76704248,0.232827297
4.350783251,1.776182946,0.241825585
4.477646001,1.774668283,0.05586095
4.590378731,1.770671672,0.061859809
4.688670276,1.75881681,0.042738446
4.773322921,1.754299064,0.041238731
4.845318909,1.745567257,0.044613089
4.905145611,1.728752247,0.157841557
4.952525599,1.710223869,0.261321878
4.986855284,1.685663083,0.161215915
5.008502068,1.659561389,0.258322448
5.018316976,1.631405152,0.166089988
5.016693655,1.602750276,-0.091860958
5.003789562,1.576599844,-0.102358961
4.97990087,1.52981775,-0.19796578
4.945563688,1.491358805,-0.458541226
4.902161399,1.463401275,-0.515905317
4.850500041,1.421084438,-0.470538945
4.790950766,1.387139489,-0.659877938
4.723622296,1.338985201,-0.661377653
4.647959776,1.288697637,-0.48066202
4.563809498,1.242762855,-0.526403321
4.470860293,1.183529782,-0.469789087
4.369449572,1.125046541,-0.279700236
4.260012221,1.062446717,-0.280825023
4.14273569,1.001275324,-0.340438686
4.019029607,0.940673805,-0.21221307
3.889640025,0.880229751,-0.094485459
3.753509723,0.808676918,-0.188217634
3.610979861,0.740235892,-0.116606252
3.464802212,0.687327662,-0.040120797
3.314954282,0.616535909,-0.268827304
3.159269144,0.542861048,-0.364434123
2.996048496,0.458636034,-0.332565183
2.823848968,0.371048018,-0.461540656
2.647060653,0.298025512,-0.510281387
2.466230905,0.211022366,-0.383180558
2.282540662,0.142423875,-0.394803347
2.095824968,0.054464692,-0.406801066
1.903335798,-0.027938228,-0.290573169
1.709920623,-0.115466257,-0.278200522
1.509783473,-0.213731898,-0.250830727
1.31113468,-0.284587386,-0.163847268
1.106832381,-0.407938697,-0.172095699
0.902241407,-0.473290409,-0.238833008
0.699015073,-0.633855942,-0.260203944
0.488639377,-0.702176994,-0.293947527
0.291583913,-0.849556709,-0.347562331
0.072379298,-1.0613321,-0.290573169
-0.051975363,-0.470621003,-0.236958365
-0.033991362,-0.091958986,-0.219336716
-0.032911648,-0.19061829,-0.193091707
-0.036075812,-0.085161748,-0.166471769
-0.031858176,-0.099161134,-0.080238168
-0.035468472,-0.071867206,-0.062616519
-0.03203063,-0.057567887,0.049112234
-0.034684929,-0.063484071,0.199833571
-0.032840416,-0.040123017,0.1597162
-0.03381141,-0.054965965,0.232452368
-0.033980115,-0.037858521,0.225703651
-0.033346533,-0.04164143,0.1192239
-0.034313777,-0.034345552,0.123348116
-0.033496493,-0.030735106,0.043488303
-0.034096335,-0.030558895,0.016493437
-0.033878892,-0.027237134,-0.001128212
-0.034182562,-0.030930062,-0.069365236
-0.034362514,-0.026288595,-0.122605111
-0.034508726,-0.026048648,-0.160097981
-0.034999846,-0.0291867,-0.144350976
-0.035749648,-0.027683284,-0.142101404
-0.036746885,-0.025077614,-0.106483177
-0.037335479,-0.026629769,-0.063366376
-0.038029046,-0.022738135,0.00674529
-0.03797656,-0.023263018,-0.014625646
-0.038681374,-0.023851637,-0.118480895
-0.038677625,-0.017380576,-0.071614808
-0.039311208,-0.027019682,-0.12298004
-0.039633623,-0.016075867,-0.217462072
-0.039318706,-0.026618521,-0.248206226
-0.040833306,-0.022063285,-0.355810763
-0.039157498,-0.017703005,-0.379056342
-0.041849287,-0.029216693,-0.402301921
-0.039731097,-0.001866527,-0.383555486
-0.041568112,-0.041667674,-0.310819319
-0.041429398,0.007056488,-0.246706511
-0.039731097,-0.042893651,-0.164972054
-0.04475477,-0.002931291,-0.18934242
-0.035689664,-0.014474973,-0.14885012
-0.0507007,-0.057856572,-0.121105396
-0.026343382,0.105640808,-0.067865521
-0.115224911,-1.00302507,-0.071239879
-0.466248466,-1.927018278,-0.045369799
-0.810707505,-1.652740541,0.107226182
-1.113301349,-1.739226303,-0.115856395
-1.425346448,-1.764986822,0.020617652
-1.704932618,-1.761702553,0.248949231
-1.980668554,-1.731784208,-0.086611956
-2.241475933,-1.636424171,-0.025873506
-2.50130482,-1.690453402,0.116599399
-2.748267104,-1.669904223,-0.137977188
-2.979401069,-1.70966038,-0.052493444
-3.202440921,-1.728151266,0.262071735
-3.41291784,-1.757870905,0.189335567
-3.614299661,-1.789866288,0.314936682
-3.798304821,-1.785985901,0.60963064
-3.968224951,-1.805429076,0.446536656
-4.123910089,-1.804004393,0.381299062
-4.26723849,-1.821959149,0.47690588
-4.40155802,-1.832329342,0.371175987
-4.52220866,-1.82236031,0.277818741
-4.628301894,-1.818393692,0.22307915
-4.720328843,-1.805755253,0.243700229
-4.799084296,-1.797998229,0.197958927
-4.865865411,-1.789420137,0.1192239
-4.920177319,-1.771915281,0.25494809
-4.962162482,-1.752629571,0.138345264
-4.991614704,-1.728274989,0.081356102
-5.008492747,-1.703391774,0.220079721
-5.013793847,-1.673975818,-0.045744728
-5.007784184,-1.6421379,-0.187092848
-4.990891145,-1.607495606,-0.071614808
-4.963208456,-1.569704013,-0.232084291
-4.925575893,-1.533022173,-0.360309907
-4.879309361,-1.493067311,-0.248581154
-4.824851241,-1.458211314,-0.320942393
-4.762718899,-1.417971516,-0.511781102
-4.692698639,-1.36742151,-0.466414729
-4.614378071,-1.316294134,-0.428921859
-4.52750976,-1.259063115,-0.598014703
-4.432224922,-1.201802102,-0.608512706
-4.328696011,-1.140222051,-0.488160594
-4.216619357,-1.076021332,-0.614136637
-4.097097169,-1.017316891,-0.700370238
-3.971377868,-0.953858507,-0.481411877
-3.839476449,-0.885346248,-0.4660398
-3.70072184,-0.812931107,-0.502407884
-3.556257489,-0.748021796,-0.208463783
-3.408703953,-0.685759396,-0.150349835
-3.25671159,-0.613329258,-0.24408201
-3.098762049,-0.535425338,-0.131228471
-2.932238523,-0.441898642,-0.118480895
-2.757890813,-0.362824982,-0.269202233
-2.580187739,-0.282206666,-0.27857545
-2.397967108,-0.205832405,-0.229459791
-2.214048176,-0.133720946,-0.342313329
-2.024382011,-0.032350996,-0.329190825
-1.831885343,0.041057674,-0.264703088
-1.635789626,0.14348114,-0.326191395
-1.436136099,0.21482402,-0.295072313
-1.237378584,0.323351128,-0.234708792
-1.031025576,0.421811726,-0.271076876
-0.831263327,0.51704804,-0.295447242
-0.621468727,0.679431918,-0.219711644
-0.4208667,0.706748342,-0.219711644
-0.211784413,1.003123663,-0.214837571
-0.017199547,0.820115623,-0.098984603
0.017092648,0.145070786,-0.065990877
-0.004951531,0.132458592,0.014993722
0.005725649,0.123966731,0.071982884
-0.000287763,0.055375739,0.068608526
0.002621469,0.083591962,0.038989159
0.001631731,0.033563091,-0.07386438
0.00155675,0.053399929,-0.018374932
0.002752685,0.026548402,-0.062616519
0.001129363,0.031984692,-0.136477473
0.00299637,0.026454673,-0.005252428
0.001605487,0.015387135,-0.053993159
0.002538991,0.021801958,-0.07086495
0.002441517,0.012057875,0.029615941
0.002546489,0.015237168,0.042363517
0.002835163,0.007888803,0.097103107
0.002775179,0.007506388,0.182586851
0.003442502,0.006936514,0.169464346
0.003266299,0.006869029,0.072732742
0.003978611,0.011131831,0.010119649
0.005260772,0.008878582,-0.049868943
0.005819375,0.007078983,-0.115856395
0.006715388,0.01140552,-0.180344131
0.007611401,0.006074206,-0.193841564
0.007547668,0.003547268,-0.177344701
0.008616136,0.007416408,-0.223460931
0.008409941,0.000892859,-0.184093418
0.009013531,0.008012525,-0.157098552
0.009407177,-7.07e-05,-0.190092277
0.009167241,0.009066041,-0.125229612
0.010550625,-0.000464339,-0.134602829
0.008998535,0.00246001,-0.160097981
0.011919014,0.013587535,-0.103108819
0.009493405,-0.014489969,-0.043495155
0.011694073,0.024238915,-0.001128212
0.011217949,-0.0271659,-0.030372651
0.00996578,0.032337114,-0.046494585
0.01469703,-0.016372051,-0.117356109
0.005969335,0.005369363,-0.199465495
0.020586725,0.035152738,-0.268452375
-0.004419172,-0.113228005,-0.277825593
0.093594946,1.080690158,-0.325441538
0.447523984,1.99796861,-0.313443819
0.788447706,1.692497812,-0.09710996
1.093853308,1.770442973,-0.235833578
1.406985619,1.784929751,-0.010126501
1.688030154,1.795517395,0.354679124
1.965494384,1.771436502,0.142844409
2.227164035,1.668578133,0.308187965
2.489028634,1.717189819,0.449161156
2.739402518,1.700191101,0.267695666
2.973381981,1.735073341,0.285692243
3.196575543,1.758985522,0.432289365
3.408323376,1.797257009,0.350929837
3.612929346,1.829781024,0.159341271
3.801587027,1.826582985,0.277443812
3.975443617,1.840942291,0.163465487
4.133726819,1.845088868,-0.088486599
4.278982212,1.857386133,0.08473046
4.414610147,1.866380382,0.102727038
4.539088526,1.870017073,0.048737305
4.649796791,1.865604305,0.223829008
4.745707714,1.856002691,0.297689962
4.828530843,1.845894939,0.317186254
4.898686067,1.833972591,0.362552627
4.956645761,1.824164773,0.529770827
5.002154994,1.806142532,0.496027244
5.034688903,1.782256595,0.389547493
5.054836082,1.758528124,0.465283091
5.063406319,1.732040266,0.189710496
5.06056457,1.694274917,-0.100859247
5.046344575,1.658024231,-0.139851831
5.021499885,1.62660622,-0.325066609
4.986337921,1.581582485,-0.559022118
4.941469769,1.545324301,-0.537651182
4.88826007,1.507607691,-0.552273401
4.827282422,1.460248226,-0.78060498
4.75890048,1.417511483,-0.681998732
4.682499405,1.360947815,-0.48928538
4.597700548,1.312741039,-0.57289448
4.505201224,1.256889713,-0.476162875
4.404532808,1.187473904,-0.313068891
4.295995219,1.133872078,-0.390304203
4.179472239,1.062255509,-0.493034667
4.055421248,0.997361195,-0.416549212
3.925810474,0.941794806,-0.431171431
3.789548956,0.863703427,-0.582642626
3.646344272,0.794733769,-0.470538945
3.499390578,0.737326539,-0.475787947
3.349527653,0.671652399,-0.666251726
3.194554826,0.594850733,-0.64488079
3.032964997,0.509883384,-0.599139489
2.862295066,0.419922146,-0.619760567
2.685769181,0.340683523,-0.531277394
2.50540431,0.258738001,-0.328815896
2.321054241,0.186195388,-0.271451805
2.134765934,0.095124397,-0.184468347
1.942273016,0.00452955,-0.025498578
1.748940319,-0.069040335,-0.043870084
1.55008908,-0.175137983,-0.000753284
1.350829198,-0.246413378,0.03861423
1.149301166,-0.368077564,-0.067490592
0.943450525,-0.443270837,-0.168721341
0.743148418,-0.580932714,-0.220836431
0.531876709,-0.693538915,-0.287573739
0.3348025,-0.775488186,-0.347187402
0.118323416,-1.071919745,-0.259454087
-0.042404141,-0.640765655,-0.236583436
-0.042396643,-0.103817598,-0.17771963
-0.031307071,-0.184353433,-0.037871225
-0.039153749,-0.106573235,-0.03937094
-0.032641719,-0.090463069,0.032615371
-0.037005567,-0.089105871,0.031115656
-0.033965119,-0.055929501,0.068608526
-0.035573445,-0.069561469,0.178462635
-0.03490987,-0.042196306,0.09635325
-0.034557463,-0.057117987,0.114349827
-0.035655923,-0.039271957,0.080981173
-0.034538718,-0.044393317,-0.070115093
-0.03570466,-0.040044285,-0.096735031
-0.035198544,-0.02995153,-0.176594844
-0.035558449,-0.035305339,-0.236958365
-0.035412237,-0.028950503,-0.183343561
-0.035764644,-0.030191477,-0.15184955
-0.035978338,-0.025373798,-0.091486029
-0.036019577,-0.028455613,-0.032622223
-0.036998068,-0.030588888,-0.017625075
-0.037729125,-0.026037401,0.01836808
-0.038325218,-0.026716,0.006370362
-0.039247475,-0.028313144,-0.023249006
-0.039862312,-0.024425259,0.017243294
-0.039997277,-0.027428341,-0.021749291
-0.040585871,-0.022187007,-0.107233034
-0.040132241,-0.02055612,-0.129353828
-0.041324426,-0.024387768,-0.202464924
-0.04089329,-0.017241857,-0.233584006
-0.041481884,-0.031953585,-0.223086003
-0.041740566,-0.011066981,-0.239207937
-0.041268191,-0.029779068,-0.19796578
-0.043566334,-0.018865246,-0.168721341
-0.040623361,-0.019543845,-0.136102544
-0.044837248,-0.037003711,-0.081737883
-0.040694592,0.004435821,0.020242724
-0.044346128,-0.064822523,0.06448431
-0.042647827,0.029169069,0.066358954
-0.041028254,-0.078218293,0.049112234
-0.049144861,0.048349802,-0.061116804
-0.028858968,-0.124160573,-0.068615378
-0.220954491,-1.501934088,-0.227585147
-0.601876401,-1.87418878,-0.16047291
-0.918821456,-1.645969548,-0.0479943
-1.232186206,-1.816594092,-0.247456368
-1.533966514,-1.773977322,0.097852965
-1.811850634,-1.819177268,0.152217626
-2.085213447,-1.726629105,-0.097859817
-2.344131324,-1.696928212,0.257947519
-2.604443834,-1.743065449,0.338182261
-2.846869816,-1.731986663,0.145468909
-3.076354217,-1.777651505,0.452910443
-3.293695573,-1.797072185,0.622003287
-3.501938083,-1.846276239,0.388422707
-3.700523142,-1.861790288,0.522647182
-3.882462598,-1.871613103,0.553391335
-4.049930874,-1.881600881,0.23170251
-4.202114437,-1.885762456,0.175838134
-4.342732304,-1.903623483,0.11060054
-4.473351562,-1.9114105,-0.059242161
-4.592611319,-1.912872675,-0.080988025
-4.696912526,-1.901827632,-0.006377214
-4.787008735,-1.894501762,0.151467769
-4.865070621,-1.887479574,0.175838134
-4.930183426,-1.872539147,0.33855719
-4.98277079,-1.854603137,0.545517832
-5.022978922,-1.833903992,0.349055194
-5.050789078,-1.808357175,0.415042645
-5.066306231,-1.779901005,0.458534374
-5.070497624,-1.75281328,0.116224471
-5.063981844,-1.718268465,0.089604533
-5.046545199,-1.680105704,0.067858669
-5.018438871,-1.642164144,-0.268077447
-4.980191471,-1.601358221,-0.395553205
-4.932968941,-1.559806215,-0.364809051
-4.877656047,-1.517553114,-0.595015273
-4.814781401,-1.473736611,-0.753985042
-4.743861378,-1.42428886,-0.640756575
-4.664772263,-1.373506407,-0.702244881
-4.578098901,-1.318131225,-0.804225488
-4.483211458,-1.258920646,-0.628383927
-4.380027456,-1.199327653,-0.505032385
-4.269097999,-1.13271997,-0.588266557
-4.150179402,-1.069021639,-0.473913303
-4.024508838,-1.003568699,-0.271076876
-3.893008563,-0.934059162,-0.400427278
-3.754332683,-0.862851252,-0.416174283
-3.609512176,-0.79156086,-0.299196529
-3.461092619,-0.731019328,-0.464540086
-3.309163989,-0.661209857,-0.58151784
-3.152054227,-0.580868979,-0.534276824
-2.986876595,-0.49095648,-0.618260853
-2.813447392,-0.406221579,-0.744611824
-2.635733071,-0.328043969,-0.625384498
-2.453407468,-0.246124692,-0.550398758
-2.26924485,-0.174095715,-0.567645478
-2.080264754,-0.072620788,-0.317568035
-1.886793344,0.004833232,-0.129353828
-1.691604887,0.104474817,-0.096735031
-1.490579222,0.190604408,0.016118508
-1.292399055,0.274731943,0.043113374
-1.086769606,0.394892714,-0.028123079
-0.885470263,0.464705934,-0.065990877
-0.679574633,0.644081032,-0.085862099
-0.473547789,0.679551891,-0.1747202
-0.272788303,0.908408482,-0.145100833
-0.058292445,0.972275525,-0.082862669
0.022967346,0.283317534,-0.161972625
-0.003077026,0.087881008,-0.045369799
0.004244791,0.15256162,0.023617082
0.002310301,0.050235632,-0.023623934
0.001508013,0.087356125,0.031115656
0.003554973,0.040229108,0.033740157
0.001350555,0.049587027,0.069733312
0.003704933,0.032839502,0.05886038
0.001590491,0.021948175,0.077606815
0.003498738,0.032412097,0.188960639
0.002568983,0.012410297,0.143969195
0.002962629,0.024658822,0.086980032
0.003502487,0.008402438,0.049862091
0.002947633,0.007022745,-0.081737883
0.003817403,0.011694206,-0.149225049
0.003464996,0.007390163,-0.175095129
0.003929874,0.009759636,-0.257954372
0.004087332,0.006921518,-0.24970594
0.004522217,0.008481171,-0.160097981
0.005605681,0.011919156,-0.140976617
0.006115546,0.006344146,-0.081362954
0.006959074,0.00870987,-0.016500289
0.008046287,0.007056488,0.019117938
0.008102522,0.000577929,0.077981743
0.008893563,0.004563292,0.017993151
0.008953547,0.002422518,0.005245576
0.009530895,0.007701344,-0.006377214
0.009894549,-0.004862111,-0.157848409
0.009377185,0.006936514,-0.232834149
0.011259188,0.000866615,-0.295822171
0.00966211,-0.005960617,-0.323941823
0.012245178,0.017201731,-0.27857545
0.010535629,-0.013998829,-0.25270537
0.011709069,0.024403879,-0.184468347
0.012488863,-0.02208578,-0.093360672
0.009740839,0.022094392,-0.009376644
0.015892965,-0.004937094,0.063359524
0.006411718,-0.012626634,0.160091129
0.020646709,0.059098661,0.157841557
-0.000887604,-0.148248965,0.132721334
0.069383839,0.909465747,0.077231886
0.406476073,1.97926777,0.01836808
0.756446157,1.723102254,0.176587992
1.059714823,1.765606549,0.017618223
1.375055301,1.812752312,0.034115085
1.657696914,1.807361011,0.2433253
1.93566726,1.804061745,-0.085112241
2.198735292,1.696651888,-0.08548717
2.459947564,1.74896775,0.06448431
2.712387152,1.741829338,-0.062991448
2.94793745,1.771728937,0.049112234
3.172206978,1.796398449,0.339307047
3.383339974,1.829766027,0.398545782
3.588519542,1.870534458,0.35880334
3.77896925,1.875213417,0.588259704
3.954370432,1.892170895,0.593508706
4.11425821,1.88936277,0.414292787
4.26009095,1.901708773,0.511774249
4.396172515,1.918385064,0.418042074
4.521250736,1.919161141,0.204707644
4.633406119,1.913721101,0.116599399
4.730981602,1.894960274,0.029241012
4.81506065,1.884188921,0.037864373
4.886869187,1.883570308,0.019867795
4.946174776,1.867340169,0.170214204
4.993303581,1.848733058,0.202083143
5.028210613,1.825293272,0.085480317
5.050026102,1.796338463,0.252698518
5.060024712,1.766663814,0.169464346
5.059117452,1.729554569,0.050611948
5.047176855,1.694589847,0.205082573
5.024727783,1.655343577,0.128972047
4.991579037,1.613994025,-0.110607393
4.949099004,1.574016668,-0.147350405
4.898191197,1.532059752,-0.264703088
4.838833122,1.490605223,-0.594265416
4.771992023,1.443789387,-0.624259712
4.696749392,1.388376714,-0.586016984
4.613082736,1.332949044,-0.779480194
4.52188057,1.28162671,-0.802350844
4.422726753,1.223259694,-0.73711325
4.316224877,1.161042284,-0.808724632
4.202187491,1.093508557,-0.863839151
4.080457136,1.026102301,-0.692121806
3.952717119,0.966782997,-0.568395335
3.81842758,0.894960224,-0.64788022
3.676917449,0.819796944,-0.443919007
3.530342405,0.758591809,-0.329940682
3.380651934,0.692032865,-0.481411877
3.2270325,0.614500112,-0.422548071
3.067512124,0.537960888,-0.381680843
2.899324038,0.448614513,-0.507656886
2.724222777,0.368618558,-0.585267127
2.545593697,0.287587834,-0.575893909
2.362229618,0.204412586,-0.674500158
2.176788587,0.126291214,-0.673375371
1.98527791,0.02957023,-0.520779391
1.791484085,-0.048464912,-0.490785095
1.593956246,-0.151349525,-0.379806199
1.393556665,-0.222377475,-0.224210789
1.1940456,-0.333551494,-0.144350976
0.987527635,-0.428105461,-0.086986885
0.788440208,-0.53100882,-0.006377214
0.579241701,-0.683228709,0.073857528
0.379771875,-0.721234004,0.086605104
0.170918277,-1.029396704,0.189335567
-0.019628905,-0.815094375,0.172838705
-0.050014631,-0.159436476,0.127472332
-0.029128897,-0.15811302,0.194959498
-0.039127506,-0.136649045,0.080606244
-0.032536747,-0.076958573,0.020242724
-0.035824628,-0.099783496,-0.014625646
-0.034474985,-0.055029701,-0.093360672
-0.034332522,-0.077059801,-0.08548717
-0.035258528,-0.045116906,-0.080613097
-0.033548979,-0.050005819,0.01274415
-0.035341006,-0.045315612,0.027741298
-0.03400261,-0.039065752,-0.007127072
-0.03490987,-0.041090302,0.108350968
-0.03468118,-0.030791343,0.091854105
-0.034789902,-0.036666286,0.031865513
-0.035078575,-0.027874492,0.07310767
-0.034932364,-0.030116493,0.027741298
-0.035535955,-0.03179237,-0.074239309
-0.035543453,-0.029194198,-0.156348694
-0.036229521,-0.029010489,-0.225710504
-0.037253001,-0.028298148,-0.315318463
-0.037785361,-0.028073198,-0.358810192
-0.038553908,-0.028144432,-0.36818341
-0.039206235,-0.024136573,-0.351686547
-0.039442423,-0.025786206,-0.341938401
-0.040244711,-0.025711223,-0.317942964
-0.0399073,-0.023064312,-0.188592562
-0.040934529,-0.028635573,-0.143976047
-0.040679596,-0.015224806,-0.095985173
-0.041200709,-0.029475386,-0.03074758
-0.041909272,-0.016394546,-0.049494015
-0.040660851,-0.024084085,-0.017625075
-0.043333895,-0.022378215,-0.020624505
-0.040237213,-0.010770797,-0.005252428
-0.043918741,-0.039583137,0.036739586
-0.04108074,0.01005582,0.047612519
-0.042921504,-0.058253984,0.04423816
-0.043750036,0.019466227,-0.022874077
-0.038685123,-0.057819081,-0.101984033
-0.051060605,0.006632832,-0.168721341
-0.02555609,-0.0172756,-0.138352117
-0.180094031,-1.337900577,-0.174345272
-0.556303436,-1.910053302,-0.054743016
-0.882725987,-1.645905812,0.086980032
-1.19270913,-1.811697681,-0.036746439
-1.498984502,-1.789787555,0.332183402
-1.777659662,-1.829633692,0.521522396
-2.053253137,-1.762718577,0.269570309
-2.312737115,-1.706428598,0.518522966
-2.573484509,-1.76625404,0.561639766
-2.81894719,-1.754110492,0.197958927
-3.05028735,-1.798631838,0.290191388
-3.268659685,-1.817887554,0.393671709
-3.476785975,-1.864692143,0.151842697
-3.677421743,-1.889976518,0.260946949
-3.861531875,-1.899383176,0.385798206
-4.03180816,-1.912404029,0.143969195
-4.18582124,-1.910724403,0.11060054
-4.327342618,-1.928502948,0.154467198
-4.45934901,-1.936342454,0.058485451
-4.579197361,-1.939986644,0.073857528
-4.686452788,-1.933309379,0.149593125
-4.779023343,-1.918935077,0.322435256
-4.858487359,-1.913956184,0.331808473
-4.926479405,-1.899353183,0.370801058
-4.981398652,-1.881544644,0.595758278
-5.024178605,-1.861179174,0.406419285
-5.053897007,-1.830529742,0.385423277
-5.071044979,-1.803681965,0.440912725
-5.077309575,-1.7729538,0.053611378
-5.072184678,-1.738296509,-0.068990307
-5.056847478,-1.704081621,-0.09411053
-5.031297975,-1.663481902,-0.414674568
-4.995337471,-1.623073391,-0.548149186
-4.950259375,-1.581948789,-0.457791369
-4.897027182,-1.538900865,-0.560521833
-4.835674633,-1.495931673,-0.660252867
-4.766336693,-1.446986311,-0.505032385
-4.689504482,-1.394606713,-0.468289373
-4.60396707,-1.33815927,-0.570644908
-4.509881915,-1.277943915,-0.457041512
-4.408433705,-1.217844784,-0.342688258
-4.299270032,-1.153962744,-0.48628595
-4.182360904,-1.088678517,-0.548149186
-4.058613582,-1.023589246,-0.422173142
-3.928864095,-0.957303991,-0.583017555
-3.792201433,-0.886148569,-0.716117243
-3.648393158,-0.812983595,-0.560521833
-3.500329757,-0.749832643,-0.704494454
-3.349315886,-0.682756314,-0.859714935
-3.193300835,-0.605133581,-0.744236896
-3.030080186,-0.51922894,-0.791477912
-2.858233066,-0.430238736,-0.887834588
-2.681658444,-0.352987171,-0.751360541
-2.500794954,-0.270183091,-0.608887635
-2.316842281,-0.194363707,-0.570644908
-2.129770431,-0.101721815,-0.403426707
-1.936471475,-0.020053732,-0.25270537
-1.741837872,0.072805612,-0.211088284
-1.540868442,0.172874602,-0.078738453
-1.341867242,0.243276441,0.001871217
-1.137898604,0.373462481,-0.019874647
-0.933862484,0.439271592,-0.031122508
-0.731209748,0.59855116,-0.007502
-0.521362662,0.671881098,-0.071239879
-0.325630599,0.814641841,-0.101984033
-0.106497216,1.044150787,0.008994863
0.020470506,0.461110484,-0.016875218
0.002880151,0.065472243,0.081356102
0.001358053,0.168461833,0.212206218
0.005017087,0.061584358,0.170214204
0.00068698,0.075752456,0.228328152
0.004672178,0.055199528,0.204707644
0.001298069,0.036892351,0.166839845
0.004319771,0.042366133,0.164965202
0.002632716,0.021183345,0.109850683
0.003232558,0.031898462,0.144719052
0.003704933,0.014978475,0.086980032
0.003056354,0.022311844,-0.000378355
0.004147316,0.011469256,0.021742438
0.003686188,0.009677155,-0.064116234
0.004244791,0.013208869,-0.092985744
0.00405734,0.007296434,-0.035996581
0.004462233,0.009047295,-0.100484318
0.004837134,0.007116474,-0.149225049
0.0051558,0.008372445,-0.176219915
0.005905602,0.010614446,-0.239957794
0.006621663,0.00911478,-0.230209648
0.007487684,0.007513886,-0.205089425
0.008559901,0.007723839,-0.178094559
0.00867612,0.003011138,-0.118105967
0.009148496,0.007266441,-0.161597696
0.0096996,0.001833899,-0.187467776
0.009497154,0.006220424,-0.178844416
0.010678092,0.004750751,-0.23245922
0.009718345,-0.001780297,-0.230209648
0.011330419,0.010295767,-0.236208507
0.010610609,-0.008611277,-0.268077447
0.011199204,0.016061984,-0.242957224
0.012372644,-0.009691037,-0.184093418
0.010303191,0.010790657,-0.093735601
0.014352121,0.003487282,-0.005627357
0.009122253,-0.013057788,0.063734453
0.015675522,0.03613127,0.088104818
0.009639616,-0.051827914,0.109475754
0.014831995,0.085721489,0.082105959
0.013006227,-0.130687871,0.008245005
0.012586338,0.355267778,0.016868365
0.264426085,1.771241546,-0.05661766
0.64066923,1.855114138,0.065234168
0.946123569,1.693026445,0.076856957
1.261692737,1.829908495,-0.028123079
1.554610386,1.784487349,0.346805621
1.832127102,1.843514219,0.282317885
2.100537473,1.729430846,0.13384612
2.359436606,1.730664322,0.415792502
2.617732148,1.75881681,0.338182261
2.856667802,1.757328391,0.242950371
3.084641351,1.799266561,0.455534944
3.298814794,1.823051271,0.515898465
3.505647676,1.857899769,0.365926985
3.701241026,1.872540262,0.462283661
3.88038372,1.895582636,0.494527529
4.045216442,1.892774511,0.211081432
4.195075619,1.90370333,0.188210781
4.334441317,1.920372122,0.218580006
4.463313535,1.92199551,0.042363517
4.579622822,1.921388146,-0.007127072
4.68119475,1.908138593,0.02699144
4.768737882,1.899076859,0.083230745
4.844014254,1.886179728,0.065234168
4.907432507,1.869233497,0.209956646
4.959097614,1.84962161,0.391047208
4.997873624,1.824348482,0.267695666
5.024011722,1.800080131,0.404169712
5.037871812,1.768170979,0.421041504
5.039997501,1.735320786,0.119973758
5.031408519,1.700089873,0.110975469
5.011861181,1.655096132,0.067108811
4.982266496,1.620615052,-0.226085432
4.942950628,1.574848983,-0.343813044
4.894824586,1.52635727,-0.349811903
4.839200525,1.493615803,-0.640006717
4.77537363,1.441453657,-0.788853411
4.70334765,1.39005634,-0.631758286
4.623047605,1.340409884,-0.699995309
4.534398514,1.277273928,-0.755109828
4.437599076,1.219784217,-0.568395335
4.333012944,1.15948638,-0.500533241
4.221093748,1.093774748,-0.61601128
4.10202894,1.03109994,-0.569145193
3.976804508,0.969643611,-0.416924141
3.845487935,0.9020349,-0.543650041
3.707134469,0.828764949,-0.538401039
3.562467672,0.763371996,-0.407550923
3.414183079,0.698106514,-0.611512136
3.262168222,0.623310652,-0.738612965
3.104323654,0.551469133,-0.680499017
2.938658651,0.463787388,-0.783979338
2.765266938,0.379089979,-0.8814608
2.588358654,0.304267873,-0.777980479
2.406876578,0.220110344,-0.779855122
2.222950148,0.144122247,-0.803850559
2.034078773,0.047798675,-0.614511566
1.840757323,-0.029156707,-0.473538374
1.64506275,-0.128382134,-0.359934978
1.443939611,-0.21026017,-0.169846127
1.244927164,-0.302002262,-0.048369229
1.03848043,-0.415586996,-0.031497437
0.8377022,-0.494694398,0.008619934
0.631124251,-0.665360184,0.076856957
0.426750719,-0.694393725,0.017243294
0.225758795,-0.948875866,0.046112804
0.016129152,-0.955391916,0.091104248
-0.054149789,-0.267573671,0.040863802
-0.028240381,-0.122128525,0.158966343
-0.036409474,-0.168865629,0.146218767
-0.033125341,-0.070063857,0.109850683
-0.033125341,-0.105313516,0.172463776
-0.034321275,-0.056634344,0.127097403
-0.032188089,-0.069681442,0.160091129
-0.034591204,-0.053983684,0.151842697
-0.032293061,-0.043403538,0.146593696
-0.033815159,-0.049091022,0.198333856
-0.033076604,-0.033168314,0.126347546
-0.033312792,-0.040681643,0.104601681
-0.033638956,-0.032909622,0.095603392
-0.033305294,-0.034694225,0.003370932
-0.033740179,-0.029700336,-0.023998863
-0.03350774,-0.030435172,-0.076113952
-0.033867645,-0.029707834,-0.171345842
-0.03400261,-0.024905152,-0.213337856
-0.034489981,-0.029625352,-0.248206226
-0.035457225,-0.02977157,-0.292072884
-0.036154541,-0.028414372,-0.303320745
-0.036780626,-0.028496854,-0.293947527
-0.037920325,-0.026254852,-0.2557048
-0.037942819,-0.026191116,-0.229834719
-0.038527665,-0.026689755,-0.244456939
-0.038651382,-0.020098722,-0.181843846
-0.03892506,-0.027818254,-0.181093988
-0.039686109,-0.017969195,-0.205464354
-0.038955052,-0.0228956,-0.150724764
-0.040784569,-0.021935813,-0.175844986
-0.03930371,-0.015011103,-0.173970343
-0.041253195,-0.036820002,-0.152224478
-0.040076006,-0.003493665,-0.137602259
-0.040848302,-0.043002377,-0.100859247
-0.042340408,-0.002237695,-0.074989166
-0.038842581,-0.031814865,-0.014625646
-0.045598297,-0.022696894,-0.014250717
-0.035764644,0.007660103,0.025491725
-0.049264829,-0.085420441,0.024741868
-0.030695983,0.135281714,0.008245005
-0.084786699,-0.787841688,-0.012001145
-0.411914065,-1.902232542,-0.080238168
-0.770630588,-1.701558432,0.082855817
-1.073359397,-1.740744715,-0.013875788
-1.388992298,-1.814423325,0.09635325
-1.672244999,-1.800210237,0.493777672
-1.949964162,-1.811442738,0.247824445
-2.213347111,-1.698716564,0.274069454
-2.473071025,-1.75344314,0.543643189
-2.725401892,-1.751279871,0.298439819
-2.959373858,-1.77771899,0.334058046
-3.182706132,-1.810591677,0.658371371
-3.393321765,-1.840843698,0.506525248
-3.597590324,-1.88340423,0.397795925
-3.787226497,-1.886501041,0.564639196
-3.961967853,-1.904448299,0.369676272
-4.121488228,-1.905070661,0.19158514
-4.267002302,-1.916513115,0.282317885
-4.402678974,-1.929237785,0.171713918
-4.526876178,-1.929413995,0.052861521
-4.638506699,-1.925226177,0.039364087
-4.735197416,-1.911058079,0.053236449
-4.818519164,-1.902746178,0.05023702
-4.890252721,-1.891551168,0.024366939
-4.949449589,-1.872876572,0.300314463
-4.996555899,-1.851914985,0.309312751
-5.031080533,-1.824583565,0.185211352
-5.052806046,-1.794717709,0.40192014
-5.062572217,-1.763472159,0.203582858
-5.061166338,-1.730370773,-0.005252428
-5.049263231,-1.693374002,0.123348116
-5.026626709,-1.653962769,-0.05961709
-4.993946589,-1.613269322,-0.304070602
-4.952190115,-1.572223452,-0.299571458
-4.901777178,-1.53150751,-0.415049497
-4.843656276,-1.487121133,-0.701120095
-4.777891142,-1.439821655,-0.713117814
-4.70371323,-1.386384792,-0.587516699
-4.620920094,-1.331047102,-0.70261981
-4.529684186,-1.27293128,-0.666251726
-4.430384158,-1.211801128,-0.470913873
-4.323308684,-1.152129402,-0.542525255
-4.208622719,-1.085750418,-0.639631788
-4.086836129,-1.020616157,-0.443544078
-3.958998637,-0.957963844,-0.392553775
-3.824941537,-0.888596775,-0.531652323
-3.683480143,-0.816117898,-0.37680677
-3.537006322,-0.749690174,-0.397802777
-3.387597027,-0.68376109,-0.669251156
-3.23315656,-0.609377637,-0.681998732
-3.072234055,-0.527334637,-0.675250015
-2.902771305,-0.438220711,-0.818472778
-2.727463848,-0.364437124,-0.815848277
-2.54822368,-0.281805505,-0.701495024
-2.36501331,-0.205438743,-0.764857974
-2.180059651,-0.121817344,-0.725865389
-1.988320283,-0.026378575,-0.514405603
-1.795137547,0.049924452,-0.427422144
-1.596222575,0.152194202,-0.277450664
-1.396059182,0.222123646,-0.095610245
-1.194609878,0.3448301,-0.046119656
-0.987709514,0.422497823,-0.032997152
-0.78690879,0.553519927,0.033365228
-0.575168454,0.681520204,0.074607385
-0.377794325,0.741956759,0.06448431
-0.162788601,1.044938111,0.178087706
0.005943092,0.660918536,0.147343553
0.011540364,0.082729654,0.107601111
-0.001892339,0.15642701,0.193459783
0.007019058,0.092331268,0.108725897
0.000394557,0.065326026,0.106101396
0.005133306,0.072198247,0.12222333
0.002216576,0.031707254,0.125597688
0.003652447,0.051390376,0.157091699
0.003727427,0.019762411,0.129721904
0.003041358,0.030185093,0.211081432
0.004409747,0.019387495,0.217080291
0.003131335,0.016616861,0.151467769
0.004349763,0.016965533,0.203582858
0.003843646,0.012357808,0.160840986
0.00432352,0.010843145,0.037489444
0.004503472,0.003161104,0.009369791
0.004589699,0.009482198,-0.06224159
0.005050828,0.004803239,-0.168346413
0.005088318,0.006070457,-0.210338427
0.006145539,0.010546961,-0.262453516
0.007000313,0.006962759,-0.289073454
0.007573911,0.00884484,-0.306320174
0.008679869,0.009759636,-0.320192536
0.008946049,0.003217342,-0.262078588
0.009287209,0.008083759,-0.274451235
0.009924541,0.002182572,-0.271451805
0.009534644,0.001657689,-0.181093988
0.01106424,0.008451177,-0.17771963
0.010370673,-0.002012745,-0.154099122
0.011322921,0.011120584,-0.139101974
0.011416647,-0.005634439,-0.158223338
0.011019252,0.012549016,-0.12860397
0.013017474,-0.00374111,-0.12298004
0.010216963,0.002156328,-0.083612526
0.014573313,0.014089923,-0.048744157
0.010085748,-0.024354025,-0.023998863
0.014861987,0.043108468,-0.014625646
0.012087719,-0.053747487,-0.015375503
0.011949006,0.067961689,-0.013500859
0.018078637,-0.081228873,-0.086611956
0.001076877,0.157877938,-0.02774815
0.207006247,1.599413519,-0.082862669
0.586870937,1.918658753,-0.043870084
0.900198196,1.6745693,0.089979462
1.213896608,1.831580623,-0.043120227
1.513071355,1.782226602,0.281568028
1.790603067,1.840458648,0.372300773
2.062582496,1.743280266,0.141344694
2.321451636,1.713714343,0.408293928
2.581696664,1.761212527,0.408293928
2.824531288,1.752192033,0.227203366
3.055234117,1.791325828,0.41916686
3.272241811,1.809865454,0.565389053
3.480548054,1.863542263,0.412418144
3.679421788,1.875130935,0.465658019
3.862013571,1.88589854,0.559765123
4.03045659,1.898690695,0.281193099
4.183389955,1.900179114,0.2433253
4.324978816,1.916356765,0.320560612
4.456565318,1.921575604,0.149968054
4.576196227,1.918283836,0.109475754
4.681389698,1.902147426,0.099352679
4.77196578,1.891765985,0.092229034
4.849960184,1.88342784,0.037114515
4.916362649,1.869263491,0.090354391
4.970730792,1.851698648,0.290191388
5.012937147,1.825803158,0.183711637
5.042580569,1.795299944,0.242950371
5.059627317,1.76110755,0.290941245
5.065250832,1.7296408,0.019117938
5.059361137,1.695950794,-0.031122508
5.042449353,1.653903897,-0.023249006
5.014867887,1.606630663,-0.227210218
4.977179089,1.566330878,-0.370432982
4.930908808,1.531062473,-0.329940682
4.876686876,1.487140994,-0.515905317
4.815188116,1.442728373,-0.708618669
4.745786443,1.392275846,-0.571769694
4.66790076,1.335854647,-0.592765701
4.58178975,1.283152621,-0.669626084
4.487033522,1.221602563,-0.527153178
4.384100703,1.160030009,-0.4660398
4.273658618,1.098116282,-0.574394195
4.155770998,1.030803756,-0.560146904
4.031551301,0.973359034,-0.396303062
3.901696841,0.905727829,-0.495284239
3.764794243,0.831119425,-0.552273401
3.621645794,0.765853944,-0.383930415
3.47454214,0.705424886,-0.507656886
3.323648237,0.636252773,-0.66812637
3.167535711,0.555660701,-0.617136066
3.003561512,0.473711431,-0.689872234
2.831137044,0.388695342,-0.807224917
2.654464948,0.314285645,-0.698495594
2.47351898,0.23132035,-0.658753152
2.289765004,0.158114135,-0.722116102
2.102816871,0.070263677,-0.574394195
1.910046526,-0.014268769,-0.467539515
1.715960278,-0.10012467,-0.427797073
1.514979601,-0.198045388,-0.28719881
1.315569759,-0.272725025,-0.191591992
1.110911303,-0.397032373,-0.154848979
0.90616662,-0.462414079,-0.141351546
0.703326434,-0.621798624,-0.083612526
0.492827021,-0.694536193,-0.075739024
0.296285171,-0.838552907,-0.031122508
0.07699433,-1.063562854,0.067858669
-0.051083099,-0.485119028,0.011244435
-0.033931378,-0.092832542,0.118848972
-0.032086865,-0.191506842,0.193834712
-0.035550951,-0.085975317,0.111725326
-0.030778461,-0.099074903,0.134970906
-0.034996097,-0.076025031,0.106851253
-0.031295824,-0.059603684,0.152217626
-0.033878892,-0.066172223,0.186336138
-0.032398033,-0.043403538,0.158966343
-0.032900401,-0.0550372,0.245199944
-0.033140337,-0.035646513,0.208082002
-0.032398033,-0.04123277,0.15109284
-0.033327788,-0.034840442,0.192709926
-0.032607978,-0.032549702,0.084355531
-0.033342784,-0.035282844,0.018743009
-0.033219066,-0.030648875,0.014993722
-0.033286549,-0.028815533,-0.103108819
-0.033406517,-0.024222804,-0.17771963
-0.03373643,-0.027829502,-0.217462072
-0.034883627,-0.029250436,-0.26995209
-0.035700911,-0.026153625,-0.286074024
-0.036360737,-0.026693505,-0.311944105
-0.03744795,-0.027203391,-0.317568035
-0.037657894,-0.023229275,-0.284949238
-0.038190254,-0.025647487,-0.311194247
-0.038460182,-0.018853999,-0.274451235
-0.038501422,-0.024076587,-0.227210218
-0.03960363,-0.01983628,-0.263953231
-0.038812589,-0.019075199,-0.219336716
-0.040462154,-0.026813478,-0.181468917
-0.03903753,-0.013511437,-0.13722733
-0.040525887,-0.036283871,-0.05661766
-0.04055213,-0.004667154,-0.031872366
-0.039558642,-0.035980189,0.029615941
-0.042640329,-0.012064259,0.085480317
-0.037586663,-0.018415346,0.092603963
-0.04494597,-0.040310476,0.064859239
-0.036356988,0.025678595,0.046862661
-0.045980696,-0.103813849,0.001871217
-0.036173286,0.134224449,-0.051368658
-0.057482659,-0.550039587,-0.130853542
-0.348780736,-1.824924739,-0.257204514
-0.72014642,-1.748119324,-0.110232464
-1.023838724,-1.704505276,-0.155973765
-1.341312389,-1.822150356,-0.146975477
-1.629472544,-1.785820938,0.299564605
-1.907127974,-1.820725673,0.212206218
-2.173648844,-1.699188959,0.158591414
-2.433249041,-1.736298204,0.533520114
-2.68879281,-1.74858797,0.41354293
-2.925569034,-1.761361379,0.313062038
-3.151566855,-1.79965536,0.673743448
-3.363952021,-1.824279883,0.60400671
-3.569780168,-1.871204444,0.416917288
-3.762681728,-1.878076665,0.623128073
-3.940336065,-1.893324524,0.507650034
-4.103313028,-1.895821468,0.294690532
-4.251961274,-1.90561429,0.344556049
-4.389943587,-1.917090487,0.273694525
-4.516986289,-1.920685937,0.148468339
-4.632039657,-1.916794303,0.02699144
-4.732100734,-1.902097572,-0.005252428
-4.818601642,-1.89257469,0.015368651
-4.892910769,-1.88003373,-0.07086495
-4.955193072,-1.864107273,0.173588562
-5.005478543,-1.842662043,0.303688821
-5.043051122,-1.816005473,0.185211352
-5.068251967,-1.787290611,0.419541789
-5.081635932,-1.756656175,0.330308759
-5.083855346,-1.722924929,0.030365798
-5.074988938,-1.685628226,0.132721334
-5.055310384,-1.646100768,-0.006377214
-5.025059623,-1.603956393,-0.354311048
-4.985425089,-1.564173993,-0.386554916
-4.937317792,-1.523240599,-0.485536093
-4.881060148,-1.477849446,-0.770106976
-4.817476939,-1.433061909,-0.796726914
-4.745957075,-1.383415453,-0.621260282
-4.666384338,-1.328973813,-0.64488079
-4.578260109,-1.272252681,-0.655753723
-4.481430678,-1.21215355,-0.464540086
-4.376855794,-1.150952164,-0.446543508
-4.264220537,-1.083324708,-0.56127169
-4.143948547,-1.017928005,-0.409800495
-4.017393217,-0.956310462,-0.297696814
-3.884670765,-0.886572225,-0.476912733
-3.745005146,-0.819045996,-0.374557198
-3.59961104,-0.756292456,-0.302945816
-3.451011531,-0.690367121,-0.579268268
-3.29840433,-0.617787016,-0.646005576
-3.13931884,-0.538844577,-0.598014703
-2.97197428,-0.451237815,-0.714992457
-2.797251669,-0.372167904,-0.781354837
-2.618378904,-0.292115712,-0.67674973
-2.435258511,-0.212580904,-0.692121806
-2.250559784,-0.13959214,-0.704119525
-2.060136319,-0.042886153,-0.484786235
-1.866552439,0.030012631,-0.385805059
-1.670303012,0.131180126,-0.31906775
-1.469138634,0.206298416,-0.138727045
-1.269751286,0.304796506,-0.096735031
-1.061853685,0.412956195,-0.086986885
-0.859965748,0.49718121,-0.013500859
-0.650148654,0.669369157,0.021742438
-0.445715139,0.690836881,0.020617652
-0.240186912,0.968938767,0.073482599
-0.033541481,0.896107469,0.032240442
0.022165058,0.19140298,-0.077613667
-0.003204492,0.111459513,-0.012751002
0.006906588,0.138044849,-0.007127072
0.002389031,0.048211083,-0.004877499
0.003862391,0.085425305,0.10497661
0.004166061,0.032738275,0.165715059
0.002842661,0.051184171,0.235076869
0.00511831,0.028955366,0.273694525
0.003041358,0.024966254,0.319810755
0.004829636,0.0288054,0.36442727
0.00382865,0.012102865,0.290941245
0.004567205,0.019616194,0.287566887
0.004724664,0.012136608,0.242950371
0.004499723,0.014082425,0.060735023
0.005065824,0.010573205,0.008245005
0.004934608,0.008908576,-0.061866662
0.005474466,0.007603866,-0.167221626
0.005489462,0.006471618,-0.20658914
0.005995578,0.008567402,-0.268827304
0.006861599,0.009403466,-0.342313329
0.007581409,0.005635554,-0.435670576
0.00845118,0.00731518,-0.463415299
0.009455914,0.00852991,-0.412799925
0.009343444,0.004237115,-0.338564042
0.009887051,0.008807348,-0.277825593
0.010175724,-0.000813012,-0.208838712
0.010318187,0.005819263,-0.126729327
0.011382906,0.002628723,-0.126729327
0.010764319,0.003393552,-0.08548717
0.012368895,0.008616141,-0.023998863
0.010933024,-0.006740443,-0.011251287
0.012800031,0.01806029,0.032615371
0.012286417,-0.01332023,0.056235879
0.011922763,0.020486,0.095228464
0.014640795,-0.009413599,0.085105389
0.010096995,0.003652245,0.041238731
0.017298843,0.016808068,0.02136751
0.008289972,-0.040359215,-0.035246724
0.019368297,0.083078327,-0.11998061
0.006389224,-0.159024068,-0.163097411
0.037580987,0.631723781,-0.221961217
0.339530002,1.910770507,-0.320567465
0.704773552,1.767289925,-0.152974336
1.006246442,1.71835581,-0.153349264
1.322179264,1.815837875,-0.069365236
1.607958798,1.779437223,0.349430122
1.884178357,1.817539997,0.233577154
2.148041179,1.692808993,0.224578865
2.407090272,1.72577166,0.494527529
2.660737041,1.729074676,0.400045497
2.894862716,1.742470446,0.370426129
3.119923284,1.782972686,0.585260275
3.332634614,1.806337489,0.550391905
3.537604237,1.844743945,0.398920711
3.727870244,1.841189736,0.518522966
3.90219546,1.855729001,0.431914436
4.062083238,1.859354445,0.221204507
4.208980697,1.871959141,0.275944097
4.346678085,1.888294257,0.22607858
4.472813527,1.882246853,0.061859809
4.585388799,1.872885185,-0.018000004
4.682806824,1.860265492,-0.043495155
4.766792146,1.846955953,-0.011251287
4.838525703,1.832735366,-0.032622223
4.897943763,1.810903973,0.185211352
4.945608676,1.784809777,0.379424418
4.980789386,1.766716302,0.277443812
5.003680841,1.731091727,0.407918999
5.014991604,1.691125617,0.310437537
5.014954114,1.665601295,-0.022499148
5.003673343,1.625938868,-0.014250717
4.981419219,1.585185434,-0.154848979
4.948799083,1.542966075,-0.492284809
4.906633968,1.500255576,-0.521154319
4.856228529,1.458909774,-0.577768553
4.798437539,1.411070416,-0.800851129
4.732848609,1.368138716,-0.725865389
4.659233049,1.318402279,-0.534276824
4.577770811,1.265321587,-0.537651182
4.487809567,1.207374478,-0.492659738
4.389401803,1.144823392,-0.339688828
4.282798704,1.081469985,-0.371932697
4.168112739,1.013602582,-0.51815489
4.046569835,0.956191603,-0.452917296
3.919066005,0.891615968,-0.389929274
3.785211352,0.820831714,-0.526403321
3.644492261,0.759371636,-0.469414159
3.499225622,0.695125927,-0.436045504
3.35093728,0.624424155,-0.666626655
3.197014177,0.550659314,-0.67674973
3.036072927,0.471435687,-0.588266557
2.866250272,0.38515238,-0.699995309
2.690642894,0.313288367,-0.727740033
2.511680153,0.234675854,-0.623134926
2.328720967,0.159475082,-0.630258571
2.143662335,0.076685999,-0.613761708
1.951994199,-0.010650823,-0.463790228
1.758747729,-0.088738453,-0.367058624
1.559907737,-0.189489791,-0.291323026
1.360104249,-0.255073952,-0.136852402
1.158609958,-0.374961033,-0.025873506
0.952845544,-0.449610677,-0.013875788
0.75226976,-0.583028498,0.013868936
0.540791855,-0.696736954,-0.009376644
0.343755136,-0.7704793,-0.119230753
0.127418514,-1.068762947,-0.15747348
-0.036818116,-0.655537369,-0.211838142
-0.03884633,-0.103716371,-0.200590281
-0.026695789,-0.180135622,-0.101234175
-0.034996097,-0.106479506,-0.056242731
-0.0283566,-0.085885337,0.096728178
-0.03275044,-0.088476011,0.17996235
-0.029627515,-0.051479241,0.240325871
-0.031183354,-0.0691978,0.362927555
-0.030767214,-0.039181977,0.334807903
-0.030092392,-0.051419254,0.389922422
-0.031329565,-0.037573584,0.363302484
-0.0300624,-0.038038481,0.183711637
-0.031190852,-0.037438614,0.154467198
-0.030748469,-0.030765099,0.071233027
-0.031104625,-0.033948141,-0.025498578
-0.031093378,-0.027053425,-0.004502571
-0.031254585,-0.030191477,-0.023623934
-0.031741956,-0.026206113,-0.110232464
-0.031708215,-0.025535012,-0.25270537
-0.032300559,-0.026742244,-0.40567628
-0.033316541,-0.027244632,-0.483286521
-0.034025104,-0.026910956,-0.523403891
-0.034782404,-0.025677481,-0.485911021
-0.035453476,-0.021984552,-0.296572028
-0.035490966,-0.021572144,-0.18934242
-0.036413223,-0.022903098,-0.170221056
-0.036109553,-0.016473278,-0.077613667
-0.036911841,-0.025617494,-0.07686381
-0.037080547,-0.016874439,-0.101984033
-0.036998068,-0.02532131,-0.039745868
-0.038377704,-0.018734025,-0.040120797
-0.036769379,-0.021084752,-0.059992018
-0.039461168,-0.02788199,-0.077238738
-0.036930586,-0.004779629,-0.063366376
-0.039494909,-0.041004071,-0.012751002
-0.038493923,0.009133526,-0.009001715
-0.037800357,-0.048926059,0.045362947
-0.041729319,0.007468896,0.074232456
-0.033635207,-0.027979469,-3.43e-06
-0.048181365,-0.040554171,-0.091486029
-0.022384428,0.078609321,-0.107233034
-0.130655836,-1.110611138,-0.250455798
-0.490976936,-1.926654609,-0.2557048
-0.830044899,-1.646595658,-0.047244442
-1.134974376,-1.772158977,-0.144725904
-1.445347416,-1.782731625,0.152592555
-1.724142545,-1.801871117,0.437913295
-1.999803501,-1.763172226,0.14246948
-2.259924811,-1.671651335,0.28944153
-2.52001238,-1.73923755,0.496027244
-2.766352329,-1.717792321,0.260946949
-2.996365339,-1.755490185,0.361427841
-3.216885856,-1.783541445,0.613004998
-3.426305555,-1.810921604,0.385048349
-3.627458687,-1.842369608,0.368551486
-3.811628803,-1.850494051,0.51439875
-3.981492697,-1.86587313,0.302189106
-4.136604237,-1.863368687,0.304813607
-4.279535243,-1.878605298,0.427790221
-4.41348737,-1.888859267,0.330683687
-4.53462913,-1.880918533,0.170214204
-4.641880808,-1.870795785,-0.009001715
-4.735201165,-1.855356719,-0.007127072
-4.815287517,-1.843670569,-0.038246154
-4.883332048,-1.827451677,-0.031497437
-4.938817396,-1.807224926,0.236951512
-4.98216345,-1.784122565,0.16271563
-5.012852846,-1.75191348,0.113974899
-5.031046791,-1.723157377,0.275569168
-5.038668529,-1.691589399,0.052861521
-5.035069479,-1.655754871,-0.095610245
-5.020279635,-1.617974525,0.032240442
-4.995517424,-1.576422518,-0.149599977
-4.960606643,-1.533644534,-0.419173713
-4.916113392,-1.49140643,-0.398927563
-4.863690985,-1.450986671,-0.558272261
-4.803639343,-1.405831716,-0.745736611
-4.735879736,-1.357594946,-0.563146334
-4.659864809,-1.304840432,-0.436420433
-4.575369622,-1.248704169,-0.504657456
-4.483057749,-1.192897833,-0.450292795
-4.382565536,-1.132693725,-0.354311048
-4.273788011,-1.069419051,-0.511406173
-4.156882632,-1.005645737,-0.621635211
-4.033157804,-0.943173384,-0.418798784
-3.90320587,-0.877383019,-0.449542938
-3.766089578,-0.806580019,-0.58151784
-3.622813663,-0.74211311,-0.444668864
-3.475994934,-0.684132258,-0.524153749
-3.325910816,-0.617025936,-0.680499017
-3.17002698,-0.540872876,-0.54402497
-3.006243981,-0.451942658,-0.458916155
-2.833946979,-0.367413962,-0.571769694
-2.656997456,-0.29450768,-0.528652893
-2.475305435,-0.21412931,-0.478037519
-2.291221546,-0.144930953,-0.634757715
-2.103238687,-0.05157297,-0.57851841
-1.909819763,0.025749829,-0.406051208
-1.715414849,0.116940794,-0.363684265
-1.514887803,0.20169819,-0.263578302
-1.316340233,0.280014518,-0.115106537
-1.110935724,0.403508297,-0.058867232
-0.908016809,0.465849429,-0.061866662
-0.702338622,0.641370385,0.035239872
-0.493485024,0.683184833,0.05586095
-0.294468828,0.875498303,0.010869506
-0.075702848,1.014851054,0.001871217
0.02458317,0.350288886,-0.131978329
0.000435796,0.077889481,-0.109857535
0.004833385,0.164022821,-0.045744728
0.004829636,0.051592831,-0.049119086
0.002535242,0.084619234,0.072357813
0.005523203,0.043895793,0.128597118
0.002576481,0.041162651,0.240700799
0.005556944,0.040120383,0.307813037
0.003506236,0.022604279,0.244450086
0.004795895,0.032685786,0.300689391
0.004623441,0.014089923,0.229452938
0.004593448,0.020246054,0.11359997
0.005339501,0.014318622,0.134970906
0.004912114,0.013265107,0.043488303
0.005586936,0.01095562,0.016868365
0.005200788,0.010044573,0.077231886
0.005590685,0.007566374,0.027366369
0.005853116,0.006696568,-0.081362954
0.00621677,0.008848589,-0.189717348
0.007135277,0.00574428,-0.299196529
0.007888828,0.007648856,-0.420673428
0.008623634,0.008278716,-0.484786235
0.009590879,0.008436181,-0.458541226
0.009733341,0.004117142,-0.334814755
0.010070752,0.005639303,-0.298071743
0.010513135,0.00021426,-0.253455227
0.010509386,0.007033993,-0.110982321
0.011757807,0.002475007,-0.09411053
0.010955518,-0.005150797,-0.019874647
0.012432628,0.010978115,0.052861521
0.011851532,-0.008573785,0.026616511
0.012470118,0.016148215,0.029241012
0.013309897,-0.009106167,-0.019499719
0.011476631,0.011146828,-0.019874647
0.015334362,0.004814486,-0.012376073
0.010321936,-0.013447701,0.002996003
0.016897699,0.034650349,0.028491155
0.010663096,-0.055025952,-0.046119656
0.01613665,0.084274311,-0.110607393
0.013999715,-0.131212754,-0.157098552
0.013669802,0.352317185,-0.190092277
0.265382082,1.766251406,-0.287948668
0.641231582,1.841362197,-0.153724193
0.946652179,1.676890034,-0.059992018
1.262138869,1.81478436,-0.083237598
1.554827828,1.766480105,0.317936111
1.831842177,1.818983425,0.288691673
2.100121333,1.699433769,0.139844979
2.359009219,1.705642388,0.431539508
2.616952354,1.72006543,0.394796495
2.855006991,1.715191514,0.303688821
3.082444431,1.765415342,0.515148608
3.297382673,1.779913367,0.538019258
3.50487538,1.826762945,0.309312751
3.700258785,1.831389416,0.363302484
3.878599191,1.836353312,0.37305063
4.042355948,1.842719395,0.153717341
4.191750247,1.846772244,0.236576584
4.331427113,1.86481698,0.317561183
4.460734217,1.861116553,0.212206218
4.577260945,1.853033351,0.145093981
4.679353986,1.846742251,0.079481458
4.767406984,1.826575487,0.093728749
4.842777081,1.813835821,0.053236449
4.906356541,1.796612152,0.169464346
4.957586763,1.768245962,0.328059186
4.995586728,1.744641213,0.140594836
5.021694834,1.714696624,0.176213063
5.036169762,1.684429607,0.195334427
5.03928144,1.647672783,-0.0911111
5.031790918,1.608988889,-0.095610245
5.013349538,1.575276388,-0.084737312
4.984504655,1.53166234,-0.379431271
4.945619923,1.486379913,-0.482536663
4.897771308,1.445701462,-0.483661449
4.841926055,1.400625239,-0.710493313
4.777859224,1.350915047,-0.710118384
4.705735769,1.303814275,-0.458916155
4.625480712,1.250662348,-0.449168009
4.537491447,1.195122203,-0.483286521
4.441692995,1.13993073,-0.338189114
4.33783792,1.074905195,-0.364434123
4.226098677,1.014086224,-0.543275113
4.106707704,0.953964598,-0.524153749
3.980838443,0.890255021,-0.423297929
3.848430907,0.824487151,-0.566520692
3.708918998,0.752499414,-0.620135496
3.56413973,0.693453799,-0.517030104
3.416428736,0.63393204,-0.660252867
3.264470114,0.560178446,-0.717991887
3.106119429,0.485011417,-0.566895621
2.939146022,0.396639825,-0.568770264
2.764513387,0.320471769,-0.605888205
2.586570377,0.246485727,-0.496409025
2.403854876,0.168248131,-0.508031815
2.218901217,0.09501942,-0.56427112
2.028369031,0.000926601,-0.413924711
1.834455237,-0.069441495,-0.311569176
1.637624714,-0.171729991,-0.275201092
1.436002957,-0.244103892,-0.161222767
1.236390668,-0.33833543,-0.098234746
1.029081662,-0.439622899,-0.112107107
0.828217204,-0.522449474,-0.093735601
0.618917474,-0.69095574,-0.050618801
0.41531249,-0.71325203,-0.083987455
0.209604311,-0.993738386,-0.099359532
0.004267285,-0.910428168,-0.136102544
-0.049268578,-0.215325294,-0.196840994
-0.024446383,-0.137102694,-0.128229042
-0.034036351,-0.155713554,-0.089986314
-0.029057665,-0.070562496,0.013119078
-0.030688485,-0.104278746,0.123348116
-0.030489787,-0.053665005,0.170589132
-0.029271359,-0.070303804,0.311187395
-0.031370804,-0.047036479,0.290191388
-0.029140144,-0.048794838,0.277068883
-0.030823449,-0.046631569,0.331058616
-0.029841208,-0.033348274,0.197583999
-0.030504783,-0.040711636,0.134221048
-0.03044105,-0.029494132,0.08173103
-0.030302337,-0.036587554,-0.02774815
-0.030778461,-0.027537067,-0.016875218
-0.030602257,-0.03125624,-0.013500859
-0.031093378,-0.031728635,-0.070490022
-0.031142115,-0.022471944,-0.138352117
-0.031618239,-0.027398348,-0.232084291
-0.032428025,-0.028613078,-0.333315041
-0.033339035,-0.027090916,-0.396303062
-0.034145072,-0.025981163,-0.44016972
-0.035086073,-0.023259269,-0.350561761
-0.035164803,-0.022119522,-0.263203374
-0.03574215,-0.022974332,-0.298446671
-0.035775891,-0.017774239,-0.182593703
-0.036075812,-0.026146126,-0.095985173
-0.036638164,-0.016428288,-0.080613097
-0.035944597,-0.024275293,-0.008626786
-0.037804106,-0.023712918,0.005620504
-0.036162039,-0.011869302,0.037489444
-0.038388951,-0.03305209,0.00974472
-0.037204264,-0.00077552,-0.023249006
-0.037732874,-0.038514625,-0.012376073
-0.03937869,0.000851618,-0.003377784
-0.035715907,-0.03157117,0.059235308
-0.042377898,-0.019757548,-0.018374932
-0.032821671,0.009223506,-0.075739024
-0.046029434,-0.085979067,-0.10273389
-0.027359364,0.13579535,-0.175470058
-0.081727507,-0.789487572,-0.269202233
-0.408165055,-1.894752956,-0.331440397
-0.765130791,-1.683476204,-0.111732179
-1.066772386,-1.722658738,-0.127479184
-1.382289068,-1.792843126,0.010494577
-1.665095637,-1.776114347,0.419541789
-1.94239866,-1.784842405,0.224953794
-2.205594158,-1.666904891,0.212206218
-2.465576754,-1.718230973,0.519272823
-2.717746414,-1.708576871,0.32993383
-2.950668656,-1.731300566,0.292066031
-3.174473306,-1.766156562,0.635125792
-3.385951211,-1.792516948,0.437913295
-3.590264758,-1.83098714,0.255323019
-3.779368572,-1.828913852,0.495277387
-3.952992723,-1.841994692,0.316436397
-4.112786776,-1.842249635,0.169464346
-4.25818838,-1.849519268,0.308187965
-4.394296188,-1.86322247,0.201708214
-4.519940509,-1.858892183,0.083230745
-4.630596288,-1.846977333,-0.00187807
-4.727538189,-1.835992277,0.028116226
-4.812232074,-1.822367808,0.113974899
-4.883804424,-1.805938962,0.071233027
-4.942967551,-1.786345821,0.325809614
-4.989987634,-1.76405328,0.295065461
-5.024343562,-1.735604608,0.103851824
-5.04600909,-1.704284076,0.294690532
-5.056345111,-1.672723596,0.065984025
-5.055722775,-1.635494378,-0.160847839
-5.044693188,-1.603555233,-0.044619942
-5.023567517,-1.565088789,-0.213337856
-4.991982107,-1.517511873,-0.474288232
-4.951005428,-1.478715503,-0.491534952
-4.901687201,-1.436799827,-0.502407884
-4.84436109,-1.389597827,-0.669251156
-4.778629697,-1.343670544,-0.602138918
-4.70439555,-1.293855375,-0.409425567
-4.621846099,-1.239372495,-0.482161734
-4.531056324,-1.179153391,-0.479537234
-4.432434867,-1.12480548,-0.361059764
-4.326416613,-1.068822934,-0.459666012
-4.212577924,-0.998994717,-0.591640915
-4.091368682,-0.937185966,-0.427047216
-3.963752382,-0.873716335,-0.391428989
-3.828952978,-0.803400727,-0.615261423
-3.686996714,-0.738753857,-0.517030104
-3.540297953,-0.676292752,-0.503907599
-3.390704956,-0.613164295,-0.700370238
-3.236047047,-0.539706885,-0.612261993
-3.074232277,-0.460363285,-0.519279676
-2.903716055,-0.378406516,-0.589766271
-2.727786263,-0.303112016,-0.588266557
-2.548159947,-0.224398275,-0.479912162
-2.364229767,-0.15424763,-0.516280246
-2.177529069,-0.066869568,-0.504657456
-1.98405391,0.019668682,-0.280825023
-1.789517781,0.092807412,-0.243332153
-1.589301902,0.195748263,-0.192341849
-1.388853584,0.255704926,-3.43e-06
-1.186193351,0.371992808,-0.000378355
-0.979401708,0.44844955,-0.039745868
-0.777420045,0.582129813,0.02699144
-0.564547509,0.69003456,0.008994863
-0.366644769,0.771421455,-0.080238168
-0.147972514,1.06063212,-0.078738453
0.01220019,0.612895469,-0.155973765
0.01038192,0.075992403,-0.178094559
0.000199609,0.163198004,-0.034871795
0.008226239,0.083816912,-0.021374362
0.001864169,0.069288894,0.038239301
0.006486698,0.067747987,0.137220478
0.003318785,0.0330757,0.18858571
0.005182043,0.051244158,0.284567457
0.004649684,0.018798876,0.271444953
0.00424854,0.028842891,0.282692814
0.005440725,0.017711617,0.253823304
0.004552209,0.020092338,0.115099685
0.005691908,0.018461451,0.116599399
0.005024585,0.011308042,0.072732742
0.005620677,0.013662518,0.028866084
0.005699406,0.008522412,0.06748374
0.005781885,0.011169323,-0.020249576
0.006269256,0.005972979,-0.142101404
0.006126794,0.00362975,-0.237333293
0.007019058,0.009913352,-0.329940682
0.008267478,0.008458676,-0.409425567
0.008811085,0.006126695,-0.397802777
0.009695851,0.009718396,-0.331440397
0.010033262,0.004848229,-0.286823882
0.010400665,0.005260637,-0.234708792
0.011161714,0.000562932,-0.192341849
0.010644351,0.003779717,-0.092610815
0.012042731,0.007978783,-0.014625646
0.011622842,-0.002650103,0.016868365
0.012605083,0.013261357,0.074982314
0.012751294,-0.007883939,0.061109952
0.012188943,0.010580704,0.029241012
0.014430851,-0.000828008,-0.012376073
0.011626591,0.000364226,-0.05361823
0.015713012,0.017175487,-0.022499148
0.011427894,-0.025197587,-0.008251858
0.015735506,0.043978274,-0.068615378
0.013643559,-0.050028314,-0.106858106
0.012683812,0.066375792,-0.142851261
0.020140593,-0.070352543,-0.24108258
0.000683231,0.123591814,-0.23545865
0.19616411,1.557771532,-0.275950949
0.574592929,1.907819914,-0.140601689
0.888741222,1.642528928,0.0356148
1.200966273,1.807683439,-0.05661766
1.501333205,1.754831446,0.265071165
1.778939897,1.811934993,0.356178839
2.051380454,1.714108005,0.115474613
2.310470786,1.66998407,0.373425559
2.571210683,1.717965897,0.444662012
2.813775379,1.698856398,0.233952083
3.04393835,1.744948644,0.409418714
3.261924536,1.760736383,0.503525818
3.47128425,1.802367122,0.220454649
3.67062661,1.814443185,0.311562324
3.852940966,1.818387308,0.442037511
4.020926606,1.826196821,0.199458642
4.17397994,1.823070016,0.213705933
4.316438571,1.836754472,0.257947519
4.448276256,1.841425933,0.045362947
4.568233329,1.837020663,-0.026623364
4.674139113,1.820201904,0.031490585
4.765626204,1.804954046,0.131221619
4.845285168,1.790617236,0.127847261
4.912669874,1.774147149,0.179212492
4.967495396,1.755719998,0.334432974
5.009563038,1.724834369,0.143594266
5.038824061,1.692756505,0.142094551
5.055964534,1.659010261,0.225703651
5.061760504,1.626643711,-0.057742446
5.056980516,1.593272385,-0.116606252
5.041815771,1.551135508,-0.089236457
5.015943853,1.50896114,-0.369308196
4.9799796,1.46805024,-0.527528107
4.935501345,1.428151616,-0.401177135
4.882535332,1.388597915,-0.501283098
4.821482704,1.341024747,-0.604763419
4.75212227,1.284273621,-0.379056342
4.673929168,1.237019133,-0.382055772
4.587908134,1.187676359,-0.522279105
4.493643026,1.125556428,-0.440544649
4.391475006,1.070102514,-0.42854693
4.281778973,1.010187092,-0.556397617
4.164442458,0.946102597,-0.557147474
4.040826352,0.887371912,-0.419173713
3.910964394,0.820767978,-0.568020407
3.773930581,0.753091783,-0.679749159
3.630467215,0.691792918,-0.478412447
3.483273584,0.630415322,-0.563896191
3.332548386,0.564808666,-0.663252297
3.175479863,0.491036327,-0.510281387
3.010504678,0.405150432,-0.498283669
2.837326659,0.326721628,-0.604763419
2.660013482,0.257875693,-0.557522403
2.478400191,0.177036176,-0.508031815
2.293581496,0.107256698,-0.563521262
2.105043783,0.017066761,-0.410175424
1.910518901,-0.057991542,-0.278950379
1.714790587,-0.142209058,-0.266577732
1.512831418,-0.233212565,-0.121855254
1.312480575,-0.304892869,-0.065990877
1.106127567,-0.424772452,-0.124104826
0.901289158,-0.487694705,-0.127479184
0.696293291,-0.652770484,-0.085862099
0.485321503,-0.707377087,-0.162347553
0.287205069,-0.87175927,-0.205089425
0.066819516,-1.056105762,-0.142851261
-0.049924655,-0.43350426,-0.197215922
-0.02877649,-0.094133503,-0.060741876
-0.029736236,-0.186899117,0.058485451
-0.031903164,-0.079031862,0.061484881
-0.028022939,-0.100454597,0.199458642
-0.031681972,-0.070382536,0.196459213
-0.028229134,-0.063993957,0.227953223
-0.030913425,-0.061628233,0.244075158
-0.029046418,-0.039380682,0.169839275
-0.029968675,-0.053076386,0.216330434
-0.029991169,-0.033494492,0.134221048
-0.029586276,-0.03943692,0.047987447
-0.030561018,-0.032171036,0.111350398
-0.029829961,-0.03004151,0.062609667
-0.030534775,-0.02950163,0.004495718
-0.030339827,-0.026798481,0.000746431
-0.03070723,-0.027143405,-0.120730468
-0.030988405,-0.024710196,-0.24708144
-0.03104839,-0.027829502,-0.310069461
-0.032128105,-0.026704752,-0.35656062
-0.032964134,-0.024095333,-0.332565183
-0.033593967,-0.025628742,-0.307819889
-0.034504977,-0.025557507,-0.271451805
-0.034561212,-0.022089529,-0.192341849
-0.035311014,-0.025073865,-0.17771963
-0.035498465,-0.017249356,-0.119605682
-0.035434731,-0.024987634,-0.028872936
-0.036525693,-0.020953532,-0.010126501
-0.035618433,-0.017436814,0.010494577
-0.03736922,-0.025145099,0.00112136
-0.036087059,-0.009983472,-0.031122508
-0.03729424,-0.03197233,-0.066365806
-0.037429205,-0.003414933,-0.067865521
-0.036465709,-0.034619242,-0.007876929
-0.039674862,-0.009597308,0.020992581
-0.034846137,-0.014572451,-0.013500859
-0.041961758,-0.038780816,-0.079863239
-0.03358272,0.02934153,-0.100484318
-0.04289901,-0.103198986,-0.185968061
-0.033807661,0.13449064,-0.233958935
-0.05232777,-0.528226939,-0.245581725
-0.339037059,-1.812713705,-0.292447812
-0.710646428,-1.740928424,-0.055117945
-1.013607675,-1.6810205,-0.077988596
-1.330657702,-1.799629116,-0.077988596
-1.619372711,-1.756734908,0.358428411
-1.897099372,-1.791347208,0.238826156
-2.164058876,-1.666537472,0.140219908
-2.423891512,-1.695657245,0.501651174
-2.680837411,-1.702971867,0.356928696
-2.917602388,-1.708749332,0.172088847
-3.143930122,-1.747335749,0.489653456
-3.358257275,-1.767809944,0.375675131
-3.565273858,-1.811438989,0.17996235
-3.758853989,-1.811896387,0.478030666
-3.936463338,-1.822697734,0.383548634
-4.100216346,-1.825217174,0.203582858
-4.249681876,-1.827207981,0.284192528
-4.388316517,-1.839066593,0.144344123
-4.516851325,-1.839032851,0.024366939
-4.632118386,-1.829161297,-0.021749291
-4.732516874,-1.817407661,0.033365228
-4.82038992,-1.802879643,0.105351539
-4.895778762,-1.787043166,0.024741868
-4.959020811,-1.770783033,0.225328723
-5.010048586,-1.745682366,0.24632473
-5.048221006,-1.717019992,0.071982884
-5.073897976,-1.685185824,0.262446664
-5.087251949,-1.651323357,0.165340131
-5.089250172,-1.617295926,-0.101609104
-5.080694931,-1.580734059,-0.038246154
-5.061466259,-1.542391338,-0.162722482
-5.032366443,-1.502545202,-0.47766259
-4.994062808,-1.461079426,-0.433795932
-4.94698274,-1.41992858,-0.373057483
-4.892250943,-1.378519042,-0.567270549
-4.829410038,-1.330237282,-0.510656316
-4.757597751,-1.277823941,-0.341188543
-4.677129,-1.225084423,-0.466414729
-4.588191236,-1.168464518,-0.551523544
-4.49100565,-1.111308483,-0.425922429
-4.386097103,-1.052450326,-0.457041512
-4.273353125,-0.990229167,-0.586016984
-4.153463535,-0.930583685,-0.436795362
-4.027594273,-0.869955921,-0.404176565
-3.895059271,-0.804394256,-0.618635781
-3.755401151,-0.736545598,-0.502782813
-3.61002579,-0.673237181,-0.407550923
-3.461107615,-0.613839144,-0.569145193
-3.30764564,-0.544014677,-0.520029533
-3.147349219,-0.466151997,-0.410175424
-2.978628773,-0.38189699,-0.568770264
-2.803036392,-0.309283143,-0.667001584
-2.624336081,-0.234772218,-0.536151467
-2.440998245,-0.15847294,-0.5470244
-2.255321027,-0.088487259,-0.523403891
-2.063439197,0.006445374,-0.327316181
-1.868089533,0.07663351,-0.253080299
-1.669643186,0.173654428,-0.175095129
-1.466664287,0.245514693,-0.056992589
-1.265559893,0.341658306,-0.045744728
-1.056770028,0.441108683,-0.064491163
-0.854218515,0.526957086,-0.040870654
-0.642429442,0.691260537,-0.05361823
-0.43787221,0.711753478,-0.148100263
-0.229764665,0.993038407,-0.123729897
-0.025496106,0.877845281,-0.128229042
0.022596194,0.180069251,-0.152974336
-0.001929829,0.121481034,0.015368651
0.008544905,0.134783075,0.074982314
0.003060103,0.052785065,0.11359997
0.005238278,0.086849988,0.191210211
0.005140804,0.034327921,0.191960068
0.004203551,0.052597607,0.209206788
0.00617928,0.028497968,0.184086566
0.004184806,0.028134299,0.201333286
0.006145539,0.027624412,0.186336138
0.004987094,0.015897021,0.082855817
0.005620677,0.022765493,0.124847831
0.005868112,0.009122278,0.141344694
0.005834371,0.014813512,0.014243864
0.006111797,0.009624666,0.004870647
0.00606306,0.005763025,-0.029997722
0.006621663,0.008627388,-0.191217063
0.006430463,0.006272912,-0.268077447
0.007202759,0.008848589,-0.339688828
0.008443682,0.01032576,-0.393303633
0.009058519,0.006629083,-0.346437545
0.00992829,0.009797128,-0.318317893
0.010610609,0.00686528,-0.248956083
0.010700586,0.004507055,-0.154474051
0.011559109,0.004949456,-0.09973446
0.011416647,0.0011553,0.013494007
0.01246262,0.009320984,0.068608526
0.012383891,-0.001382885,0.049112234
0.012485114,0.010277021,0.078731601
0.013572327,-0.001184179,0.043488303
0.012402636,0.004758249,-0.017250146
0.015053186,0.008323706,-0.031122508
0.012102715,-0.009867248,-0.041620512
0.015480573,0.023391604,-0.058117375
0.013396124,-0.027874492,-0.097859817
0.014044703,0.037218528,-0.104983462
0.01693144,-0.034652984,-0.146975477
0.010055756,0.028362998,-0.205839283
0.023458467,0.001455234,-0.268827304
-0.002694627,-0.054283617,-0.257579443
0.128322025,1.257133409,-0.253080299
0.495987436,1.967232947,-0.200965209
0.826563891,1.646683004,0.010119649
1.133409112,1.778859851,-0.05961709
1.442357528,1.763754461,0.143969195
1.721317614,1.790531005,0.391047208
1.997188514,1.741255716,0.168714489
2.25770347,1.655474798,0.322060327
2.519864242,1.706242255,0.449536085
2.767969974,1.683312355,0.197583999
3.000742256,1.72190627,0.226453509
3.222679899,1.737892714,0.413917859
3.434191545,1.77045797,0.256072876
3.637485362,1.797178276,0.224578865
3.824429745,1.798857902,0.42216629
3.997049162,1.806903613,0.2433253
4.154571315,1.804552886,0.120723615
4.299946676,1.815729149,0.210331575
4.435154721,1.821259169,0.087354961
4.558710844,1.815875367,0.037864373
4.668429371,1.800162612,0.075357242
4.763526758,1.785885788,0.125972617
4.846102453,1.770892873,0.143594266
4.916718805,1.752139545,0.075357242
4.975533274,1.736689232,0.250448945
5.022039743,1.709841454,0.182211922
5.055724598,1.679428219,0.095603392
5.076906504,1.649348661,0.245574872
5.085810403,1.611797014,-0.017250146
5.083605985,1.579059296,-0.179969202
5.07082561,1.534474214,-0.156348694
5.047188102,1.489731667,-0.380556057
5.013765678,1.455921688,-0.495659168
4.971626805,1.413934778,-0.36518398
4.921180127,1.374973445,-0.392178846
4.862875523,1.332795328,-0.525653464
4.796405576,1.283396317,-0.407925852
4.721061722,1.22925461,-0.388804488
4.63711389,1.176042697,-0.547774257
4.545045703,1.1216348,-0.488160594
4.444819669,1.060733348,-0.392178846
4.336559507,1.000787933,-0.498658597
4.221000023,0.94047135,-0.595015273
4.098977246,0.882175568,-0.501658027
3.970611143,0.819676971,-0.551523544
3.835553058,0.75476766,-0.660627796
3.694012934,0.691635453,-0.467539515
3.547921513,0.631202647,-0.437920148
3.398474727,0.568996484,-0.5470244
3.243055769,0.498815846,-0.456291654
3.079947591,0.415333167,-0.487410736
2.908231686,0.329477265,-0.617885924
2.731083465,0.266048875,-0.580767983
2.550572383,0.187979991,-0.490035237
2.365644966,0.117060767,-0.499408455
2.178498136,0.038770683,-0.417299069
1.984554351,-0.049158507,-0.238083151
1.789035981,-0.119297905,-0.222711074
1.588355225,-0.220829069,-0.193466635
1.386096135,-0.282206666,-0.117731038
1.182821064,-0.394610412,-0.135727616
0.974117427,-0.47306171,-0.178094559
0.771442197,-0.597522774,-0.205464354
0.557771121,-0.716157634,-0.241832438
0.357907649,-0.774378433,-0.27295152
0.140911201,-1.074165495,-0.164972054
-0.031243338,-0.695593458,-0.131228471
-0.038850079,-0.112429433,-0.046869514
-0.024618837,-0.177927363,0.1597162
-0.033436509,-0.114030327,0.163465487
-0.026489593,-0.08429944,0.20583243
-0.031033394,-0.091392862,0.244075158
-0.028364098,-0.050695665,0.221954364
-0.029488801,-0.071675998,0.209956646
-0.029361335,-0.03930195,0.141344694
-0.028686513,-0.05215784,0.156341842
-0.029867451,-0.042241296,0.094478606
-0.028607784,-0.036280122,0.04161366
-0.029841208,-0.037716053,0.114724756
-0.029125148,-0.029625352,0.018743009
-0.029676252,-0.032579695,-0.071239879
-0.029859953,-0.026622271,-0.078363524
-0.029859953,-0.02698594,-0.203214782
-0.030399811,-0.026674759,-0.315318463
-0.030257349,-0.025898681,-0.350561761
-0.031108374,-0.029194198,-0.331815326
-0.032019383,-0.028043204,-0.301071172
-0.032697954,-0.023532958,-0.301071172
-0.033897637,-0.025340056,-0.250455798
-0.034141323,-0.020473638,-0.14022676
-0.034448742,-0.023094305,-0.076113952
-0.035086073,-0.02159089,-0.01612536
-0.034782404,-0.021789596,0.064109382
-0.035978338,-0.024009102,0.066733882
-0.03513856,-0.017178121,0.037114515
-0.036428219,-0.027960723,0.019117938
-0.036237019,-0.008131384,-0.014250717
-0.036012079,-0.031297481,-0.040120797
-0.037650396,-0.010688315,-0.0479943
-0.035202293,-0.019030209,-0.052868373
-0.039543646,-0.02932167,-0.077988596
-0.034557463,0.003273579,-0.099359532
-0.03983232,-0.056405645,-0.1316034
-0.035888362,0.03815207,-0.175470058
-0.037687886,-0.089529527,-0.253455227
-0.041414402,0.078673057,-0.283449523
-0.028401589,-0.223764666,-0.202089996
-0.250515435,-1.612264545,-0.289448383
-0.631932214,-1.829753665,-0.161972625
-0.94296508,-1.635269428,-0.021374362
-1.257863175,-1.797870757,-0.117731038
-1.55507719,-1.743005462,0.266945808
-1.832620149,-1.791092265,0.366676842
-2.104100959,-1.679877005,0.146593696
-2.36342373,-1.66735479,0.431914436
-2.623563785,-1.698596591,0.409793643
-2.864546399,-1.685549493,0.081356102
-3.093899583,-1.730475749,0.335182832
-3.31127843,-1.74409272,0.454785087
-3.520705627,-1.789521365,0.214080862
-3.718885793,-1.7947552,0.427040363
-3.90048034,-1.799681604,0.428165149
-4.068241039,-1.807326154,0.094478606
-4.221339361,-1.809122004,0.105726467
-4.363528063,-1.81822123,0.07910653
-4.495024589,-1.818614893,-3.43e-06
-4.614640502,-1.813039883,0.016118508
-4.719106665,-1.79471021,0.04423816
-4.809716488,-1.782630397,0.140594836
-4.888595659,-1.769369597,0.026616511
-4.954983128,-1.750597523,0.123348116
-5.00950498,-1.728683648,0.296190247
-5.051441406,-1.702424489,0.104226752
-5.08103984,-1.672018753,0.239950942
-5.098592705,-1.639337273,0.279318455
-5.104306196,-1.608417901,-0.08548717
-5.098945112,-1.569587789,-0.149974906
-5.082565687,-1.528849351,-0.158598266
-5.055846493,-1.488594556,-0.389929274
-5.019743526,-1.447503696,-0.37380734
-4.975145303,-1.408759815,-0.248581154
-4.922479211,-1.366405486,-0.403051779
-4.862378832,-1.324658523,-0.482161734
-4.794439272,-1.277006623,-0.388804488
-4.717322137,-1.221342756,-0.465664872
-4.631758481,-1.167579715,-0.574769123
-4.53735841,-1.108957756,-0.455541797
-4.434249388,-1.047692634,-0.391428989
-4.323462393,-0.988617025,-0.565395906
-4.204791231,-0.926523338,-0.573269409
-4.080046672,-0.866146769,-0.449168009
-3.949093753,-0.804353015,-0.589391343
-3.81110769,-0.736211923,-0.521154319
-3.667280671,-0.677275033,-0.289823311
-3.519550932,-0.619215448,-0.421798214
-3.367952214,-0.550778172,-0.493034667
-3.209339099,-0.478704205,-0.447293365
-3.042519401,-0.393568144,-0.585642056
-2.867965496,-0.314265784,-0.675999872
-2.689602596,-0.243339062,-0.551898473
-2.507070797,-0.171471299,-0.492659738
-2.321772229,-0.104436211,-0.495284239
-2.131851131,-0.007857695,-0.296197099
-1.936392746,0.059818501,-0.176969773
-1.740240794,0.148388798,-0.168346413
-1.536931981,0.234038496,-0.034496867
-1.33570387,0.304920228,0.00112136
-1.128079947,0.42916384,-0.083987455
-0.922210561,0.488003251,-0.143601118
-0.714646622,0.6592839,-0.182218774
-0.502981266,0.70118083,-0.260578873
-0.302457969,0.87704296,-0.220086573
-0.080940215,1.030481327,-0.104983462
0.025662885,0.371003028,-0.113981751
0.002002883,0.074140315,0.078731601
0.005575689,0.164075309,0.206207359
0.00644171,0.051791536,0.140219908
0.003622455,0.085818967,0.211456361
0.006880345,0.047768681,0.218580006
0.003802407,0.041372604,0.19420964
0.00659542,0.038999382,0.161965772
0.004653433,0.018056541,0.142094551
0.006123045,0.027763131,0.176587992
0.005774387,0.011701704,0.112100255
0.005500709,0.022521797,0.109850683
0.006464204,0.014007441,0.121473473
0.005883108,0.012372805,-0.008251858
0.006527938,0.009703399,-0.085862099
0.006359232,0.004679516,-0.154848979
0.00678287,0.007997528,-0.295822171
0.00693658,0.00574053,-0.367433552
0.007052799,0.00335981,-0.35356119
0.007393959,0.004863226,-0.316443249
0.007457692,0.004713259,-0.279325308
0.007862585,0.00111406,-0.22683529
0.007978804,0.003161104,-0.130853542
0.007671386,0.002505,-0.054743016
0.007697629,0.000952845,-0.007502
0.007525174,0.000499196,0.0761071
0.00739021,-0.001356641,0.085480317
0.00739021,-0.001026714,0.036739586
0.007202759,-0.000224393,-0.00187807
0.007187763,0.000622919,-0.077613667
0.006876596,-0.001274159,-0.091860958
0.006730384,-0.002822565,-0.075364095
0.006824109,-1.44e-05,-0.078738453
0.006617914,-0.002383912,-0.06824045
0.006539185,-0.00612558,-0.092235886
0.006509193,-0.004307234,-0.117731038
0.006370479,-0.001840283,-0.155598837
0.006370479,0.001417742,-0.197215922
0.006344236,-0.001926514,-0.225710504
0.00617928,-0.006121831,-0.238833008
0.006033068,-0.003418682,-0.173970343
0.00587561,-0.00594562,-0.176969773
0.00583812,-0.004288489,-0.203214782
0.00568441,-0.002113972,-0.139101974
0.005481964,-0.003441177,-0.140976617
0.005556944,-0.000783018,-0.118480895
0.005560693,-0.004247248,-0.048369229
0.005545697,-0.004262244,-0.065990877
0.005586936,-0.0022152,-0.103858676
0.005530701,-0.004933345,-0.158598266
