0.00189791,-0.023173038,-0.101609104
0.002055369,0.027204506,-0.103108819
0.001650476,-0.071241095,-0.099359532
0.002362787,0.061168201,-0.106858106
0.001403041,-0.094275971,-0.09973446
0.002737688,0.067875459,-0.089236457
0.001313065,-0.054707273,-0.096735031
0.002036624,-0.04613293,-0.10573332
0.002816418,0.142682568,-0.08548717
-0.00192608,-0.442550997,-0.097484888
0.040880116,2.585331702,-0.123729897
0.167979053,4.24630222,-0.060741876
0.353551299,2.441783634,-0.081362954
0.526965506,2.876289478,-0.036746439
0.668153222,2.741608188,0.037864373
0.808516157,2.387139539,0.035239872
0.93479781,2.546752784,0.149593125
1.04253311,2.375592108,0.098227893
1.136423316,2.450841619,0.085855246
1.217248223,2.310634058,0.14809341
1.289585371,2.324554711,0.053986307
1.351893917,2.20552244,-0.009751572
1.405171098,2.100519548,-0.051743587
1.44670638,2.072805713,-0.07386438
1.476987134,2.003971025,-0.124479755
1.497119318,2.006149291,-0.140601689
1.506675544,1.966858031,-0.118480895
1.507140421,1.918205104,-0.098609674
1.499162528,1.827467788,-0.075739024
1.482906821,1.739722307,-0.119230753
1.458665722,1.659002763,-0.112856965
1.426349256,1.562967876,-0.121105396
1.386512276,1.463892415,-0.179594274
1.339353479,1.350198956,-0.125604541
1.285716393,1.240505858,-0.178469487
1.224802478,1.132151211,-0.25270537
1.157132848,1.017138046,-0.179219345
1.083479797,0.89493398,-0.211088284
1.001725136,0.770472916,-0.223086003
0.918785788,0.660033733,-0.230959505
0.831328883,0.525809841,-0.309694532
0.739943015,0.40381198,-0.322442108
0.642611217,0.250396107,-0.366308766
0.53664545,0.110432242,-0.407550923
0.430994599,-0.026386073,-0.378681413
0.316439849,-0.17582783,-0.348687117
0.208993223,-0.318352375,-0.268452375
0.089894673,-0.594549685,-0.20958857
-0.004123,-0.426324607,-0.160847839
-0.005727576,-0.054032423,-0.053243302
0.0021266,-0.080104123,-0.048744157
-0.002848336,-0.053878707,-0.040120797
0.001121865,-0.033029595,-0.022124219
-0.001558677,-0.042867407,-0.103483747
-0.000250272,-0.020488635,-0.111732179
-0.00094009,-0.031008795,-0.104608533
-0.000655166,-0.010943258,-0.146600548
-0.000400233,-0.019825033,-0.07386438
-0.00113129,-0.01489113,-0.002627927
-0.000463966,-0.010560843,-0.015000574
-0.001101298,-0.014786153,0.017993151
-0.000966333,-0.011689342,0.038239301
-0.001303744,-0.012386687,0.034864943
-0.001303744,-0.010013465,0.046112804
-0.001476199,-0.01143065,0.011994292
-0.001746127,-0.013533932,0.002996003
-0.001671147,-0.010069703,0.023992011
-0.001914833,-0.009372358,0.000746431
-0.002027303,-0.011419402,0.023617082
-0.002068542,-0.008566287,0.036364658
-0.002327224,-0.010043458,0.021742438
-0.002372212,-0.009098669,0.020992581
-0.002300981,-0.006729196,-0.02774815
-0.002375961,-0.007793959,-0.074614237
-0.002151021,-0.007242831,-0.110607393
-0.002248495,-0.010519603,-0.158223338
-0.00226724,-0.012832838,-0.18934242
-0.002004809,-0.009169903,-0.179969202
-0.002177264,-0.006969142,-0.178844416
-0.002068542,-0.008513799,-0.162347553
-0.001832355,-0.009094919,-0.130478614
-0.001967319,-0.008678762,-0.143601118
-0.002102283,-0.016094612,-0.132353257
-0.002034801,-0.013657654,-0.142101404
-0.001967319,-0.005926874,-0.192341849
-0.001896088,-0.010452118,-0.210713356
-0.001644904,-0.0073853,-0.238458079
-0.001633657,-0.006691704,-0.263578302
-0.001667398,-0.007280323,-0.24408201
-0.00173488,-0.005893132,-0.203964639
-0.001798614,-0.011464392,-0.163097411
-0.001704888,-0.009915987,-0.133103115
-0.001682394,-0.006751691,-0.109857535
-0.001479948,-0.006406767,-0.077613667
-0.001749876,-0.008749996,-0.078363524
-0.002222252,-0.011505633,-0.081737883
-0.002559663,-0.011816814,-0.059242161
-0.002904572,-0.010024713,-0.092235886
-0.003185747,-0.008547541,-0.089986314
-0.003380696,-0.009057428,-0.058117375
-0.003733103,-0.011921791,-0.052493444
-0.004115502,-0.010819536,-0.005252428
-0.004051769,-0.013882604,-0.009376644
-0.004760332,-0.014759909,0.004495718
-0.004033024,-0.007329062,0.031115656
-0.005011515,-0.016477027,-0.012751002
-0.004681602,-0.003223726,-0.015000574
-0.004561634,-0.018452838,-0.02774815
-0.005708831,-0.003624886,-0.046494585
-0.003470672,-0.012281711,-0.052118516
-0.006713566,-0.017736747,-0.039745868
-0.002945811,0.01028452,-0.026248435
-0.006694821,-0.04375221,-0.035246724
-0.00366937,0.036037541,-0.042370369
-0.004449164,-0.066554638,-0.071614808
-0.007575838,0.058187614,-0.06524102
0.002823916,-0.157404428,-0.125604541
-0.154173376,-1.328643886,-0.139476903
-0.417462599,-1.618900569,-0.144725904
-0.618761942,-1.454867058,-0.164222197
-0.815108843,-1.55834404,-0.101234175
-0.989092899,-1.543441105,-0.121480325
-1.143908267,-1.657985625,-0.005252428
-1.284181225,-1.6828201,0.058485451
-1.398919676,-1.700647385,0.011244435
-1.506242586,-1.710848865,0.069733312
-1.597740924,-1.713308318,0.032240442
-1.679488087,-1.742281873,0.008245005
-1.745448169,-1.733715029,0.017993151
-1.796708382,-1.747841886,-0.020999433
-1.836369159,-1.748235549,0.016868365
-1.863309545,-1.739612467,-0.005627357
-1.881972117,-1.705839979,-0.055117945
-1.889751312,-1.673473429,-0.019499719
-1.887048276,-1.640660729,-0.044245013
-1.875133922,-1.589424626,-0.047619371
-1.854109474,-1.531125095,-0.052493444
-1.824162383,-1.462395384,-0.087736742
-1.785611313,-1.389410369,-0.139851831
-1.738396281,-1.309598123,-0.153349264
-1.683664484,-1.227918793,-0.150724764
-1.621235969,-1.140619462,-0.179969202
-1.550927036,-1.056619398,-0.144725904
-1.474293522,-0.957753891,-0.18634299
-1.388864831,-0.846204955,-0.202839853
-1.298532435,-0.749720168,-0.217462072
-1.204619735,-0.647015514,-0.298446671
-1.107299184,-0.544652035,-0.293947527
-1.00381901,-0.408729771,-0.296946957
-0.892165995,-0.290451082,-0.355810763
-0.776737726,-0.153505295,-0.362559479
-0.654066369,-0.025523765,-0.307070032
-0.533921846,0.071834578,-0.303695673
-0.404431041,0.231953959,-0.313818748
-0.277050928,0.326552916,-0.228335005
-0.145531908,0.613900246,-0.171345842
-0.017934353,0.588799579,-0.202089996
0.008604889,0.104767252,-0.197215922
-0.007193439,0.056129321,-0.187092848
-0.000201535,0.068707773,-0.193466635
-0.003939298,0.016541878,-0.211463213
-0.002233499,0.042212417,-0.171345842
-0.002593404,0.004503306,-0.124479755
-0.00294956,0.021592004,-0.132353257
-0.001866096,0.004184627,-0.074239309
-0.003234484,0.006816541,-0.01912479
-0.001877343,0.009111031,-0.004877499
-0.002589655,-0.002785073,-3.43e-06
-0.00200106,0.00848492,0.040113945
-0.002008558,-0.000543072,0.06448431
-0.002031052,-1.44e-05,0.028116226
-0.001663649,0.001256528,0.023617082
-0.001648653,-0.001930263,0.017993151
-0.001322489,0.00183015,0.002996003
-0.001359979,0.000412966,0.035989729
-0.001138788,-0.001094199,0.056610808
-0.000805126,0.001950124,0.050611948
-0.000662664,-0.003302458,0.053611378
-0.000546444,0.000487949,0.043488303
-0.000456468,0.000375474,0.022867225
-0.000737644,-0.006065593,-0.013500859
-0.000606428,-0.000648048,-0.045369799
-0.000452719,-0.003264966,-0.050993729
-0.000613926,-0.004108529,-0.05661766
-0.00048646,1.18e-05,-0.080613097
-0.000647668,-0.002560123,-0.106858106
-0.000872608,-0.005724419,-0.133852972
-0.000846365,-0.003666127,-0.136102544
-0.000891353,-0.001514106,-0.152224478
-0.000838867,-0.001236668,-0.195341279
-0.000141551,0.003236088,-0.208088855
0.000552016,-0.00154035,-0.257579443
0.000821944,-0.000558068,-0.299946386
0.001425535,0.003693486,-0.29319767
0.001627982,-0.000276881,-0.29319767
0.002512748,0.002043853,-0.29019824
0.002576481,-0.003456174,-0.26432816
0.003026362,0.007157715,-0.217837001
0.003772415,0.000120531,-0.206964069
0.003090095,0.003910937,-0.205464354
0.004597197,0.003685987,-0.162722482
0.003183821,-0.003302458,-0.127854113
0.005391988,0.017966561,-0.111732179
0.003974862,-0.017508048,-0.09973446
0.004803393,0.01976616,-0.070115093
0.00568441,-0.023195533,-0.052868373
0.002632716,0.01396995,-0.052493444
0.008987288,0.003326068,-0.001503141
-0.000355245,-0.024162818,0.015743579
0.012736298,0.071021009,0.022492296
-0.006027497,-0.157606883,0.020992581
0.050612546,0.831348124,0.033740157
0.359234798,2.016523233,0.076856957
0.686249694,1.815080544,0.088104818
0.962634209,1.855095392,0.146218767
1.245242081,1.930622341,0.131221619
1.491713245,1.959318458,0.200583428
1.731739861,2.107894157,0.29806489
1.953475058,2.101809261,0.306313322
2.165185402,2.203179211,0.371925844
2.361794733,2.271241571,0.397420996
2.538631786,2.382696778,0.477280809
2.703243317,2.48922933,0.491903028
2.849769624,2.555585819,0.470532092
2.985558766,2.616667231,0.472031807
3.104964734,2.613787872,0.356178839
3.209937014,2.600905737,0.245199944
3.302275131,2.581110141,0.16271563
3.382725136,2.52905672,0.085480317
3.453551433,2.471447035,-0.014250717
3.512647078,2.425782193,-0.218586858
3.560210768,2.356392629,-0.272201662
3.596175021,2.298606734,-0.204714496
3.621300886,2.246617049,-0.403051779
3.636788046,2.174531834,-0.334439827
3.643213849,2.096575425,-0.248206226
3.640615785,2.002703807,-0.515530389
3.628573965,1.919059914,-0.370058053
3.608846674,1.840346173,-0.348687117
3.582037504,1.766206416,-0.506907029
3.546958017,1.702005697,-0.237708222
3.504200558,1.623494412,-0.216712215
3.453011576,1.54496813,-0.355810763
3.393462301,1.467191681,-0.259079158
3.326130081,1.388013045,-0.346812474
3.250834964,1.306896089,-0.410550353
3.16860043,1.226000334,-0.344562902
3.079321506,1.147177868,-0.500533241
2.982994443,1.061696883,-0.538401039
2.880312808,0.982675712,-0.520029533
2.770699254,0.891316035,-0.592390772
2.653332747,0.79729445,-0.532027252
2.531309969,0.727143805,-0.493409595
2.405249508,0.646881659,-0.370058053
2.274382816,0.5615094,-0.262453516
2.136471734,0.462175247,-0.262078588
1.989664251,0.365278051,-0.174345272
1.838777846,0.272887354,-0.106108248
1.68240289,0.177411092,-0.123354969
1.524284644,0.089879314,-0.098609674
1.359376941,-0.027289622,-0.043870084
1.190757718,-0.106854423,-0.108732749
1.019401718,-0.228578595,-0.140601689
0.842009812,-0.311000261,-0.116606252
0.669176702,-0.409404621,-0.181843846
0.485239025,-0.524549007,-0.183343561
0.313301928,-0.607889218,-0.115856395
0.128055846,-0.914863432,-0.129353828
-0.020599899,-0.618608084,-0.167596555
-0.027779253,-0.082829767,-0.106483177
-0.014935145,-0.131347724,-0.022124219
-0.023044253,-0.085626645,-0.034121938
-0.017199547,-0.056049474,0.02699144
-0.021038533,-0.068372983,0.134221048
-0.018762884,-0.03233225,0.102352109
-0.019850097,-0.052322803,0.083980603
-0.020120025,-0.026457307,0.10497661
-0.019332733,-0.034518014,0.017243294
-0.020513672,-0.02739085,-0.063741305
-0.019598913,-0.025445032,-0.054368088
-0.020326221,-0.025253825,-0.181468917
-0.019932575,-0.01952135,-0.269202233
-0.020528668,-0.022828115,-0.233209078
-0.020397452,-0.019363885,-0.328815896
-0.020577405,-0.022569422,-0.31906775
-0.020948557,-0.017369329,-0.223460931
-0.020798596,-0.019393878,-0.232834149
-0.021420932,-0.01916143,-0.195716208
-0.021409685,-0.015018602,-0.11135725
-0.021645873,-0.019180176,-0.093360672
-0.02199453,-0.018722778,-0.0911111
-0.021833323,-0.015952144,-0.031872366
-0.021754594,-0.014879883,-0.03074758
-0.021668367,-0.014763658,-0.093735601
-0.02157839,-0.013803872,-0.088861528
-0.02135345,-0.013672651,-0.089986314
-0.021690861,-0.015329783,-0.169846127
-0.02260187,-0.016641991,-0.161222767
-0.022703093,-0.016788208,-0.133103115
-0.023265445,-0.016986914,-0.198715637
-0.023797804,-0.016102111,-0.147350405
-0.023779059,-0.019678815,-0.098984603
-0.024645081,-0.01664574,-0.142851261
-0.024453881,-0.012379189,-0.095235316
-0.025597329,-0.018651544,-0.080613097
-0.025428624,-0.009507328,-0.089986314
-0.025803525,-0.024181563,-0.058867232
-0.026624558,-0.013308982,-0.067865521
-0.025391134,-0.018790263,-0.075364095
-0.028011692,-0.018332864,-0.070490022
-0.025151197,-0.012094252,-0.052868373
-0.028499063,-0.036969969,-0.082862669
-0.026013469,0.015102198,-0.122230182
-0.027366862,-0.052000375,-0.117356109
-0.028873964,0.021689483,-0.16047291
-0.0232467,-0.046972744,-0.167596555
-0.035562198,-0.003377441,-0.127479184
-0.0107475,0.013625027,-0.14322619
-0.147173974,-1.24838549,-0.151099692
-0.499952066,-1.884982629,-0.094860387
-0.810220134,-1.588468589,-0.028123079
-1.097682974,-1.678804743,-0.035246724
-1.379424824,-1.630324278,0.039739016
-1.633345272,-1.663628119,0.16271563
-1.883962841,-1.650232349,0.130096833
-2.118230978,-1.572553379,0.153342412
-2.348510168,-1.589424626,0.161590844
-2.561236494,-1.574994086,0.115849542
-2.76040265,-1.612718194,0.175463205
-2.946334801,-1.628355966,0.17696292
-3.118879237,-1.660647532,0.19158514
-3.279213148,-1.679149667,0.262821593
-3.421233145,-1.685107091,0.221954364
-3.548695736,-1.700834843,0.184461494
-3.661334741,-1.704434042,0.163840416
-3.760750988,-1.71195112,0.07910653
-3.846352133,-1.711774909,0.040113945
-3.91865554,-1.701134776,-0.003377784
-3.976945148,-1.67814489,0.00112136
-4.021235952,-1.653584104,0.037864373
-4.054118519,-1.629990602,0.002621075
-4.075664079,-1.598561343,0.042738446
-4.086165056,-1.561961985,0.041988588
-4.085981355,-1.520533701,-0.038246154
-4.075671577,-1.4787305,-0.025873506
-4.055813071,-1.442209874,-0.068615378
-4.027223121,-1.402303751,-0.186717919
-3.990512815,-1.351911211,-0.230959505
-3.944613686,-1.297668277,-0.24408201
-3.889660697,-1.242926704,-0.339688828
-3.826163715,-1.180420609,-0.454417011
-3.753886551,-1.116171151,-0.414674568
-3.673635243,-1.048896116,-0.388429559
-3.585454779,-0.983161989,-0.461540656
-3.48933766,-0.921536947,-0.491909881
-3.386179901,-0.852803487,-0.47466316
-3.275977752,-0.786544476,-0.512905888
-3.158033897,-0.717818514,-0.505782243
-3.033041904,-0.648042786,-0.376431841
-2.903063727,-0.584839345,-0.395178276
-2.769715191,-0.516143377,-0.346062616
-2.629663424,-0.432177055,-0.233584006
-2.481285106,-0.348615643,-0.251955513
-2.325509992,-0.259929122,-0.200965209
-2.164085119,-0.185260731,-0.176219915
-2.000620785,-0.108687765,-0.178469487
-1.830936844,-0.021084752,-0.19496635
-1.658452392,0.059023678,-0.21221307
-1.479002279,0.161870799,-0.242957224
-1.29704033,0.223690797,-0.268077447
-1.112720253,0.334962295,-0.21221307
-0.923042841,0.400936369,-0.204339568
-0.737091945,0.499003304,-0.167971484
-0.539747808,0.590861621,-0.079863239
-0.35569766,0.655628463,-0.038246154
-0.154357078,0.967859008,-0.001128212
0.001478021,0.60363128,0.042738446
0.005174545,0.052005239,0.036364658
-0.006721064,0.122684516,-0.003752713
0.001740452,0.061561863,0.041988588
-0.004456662,0.044150736,0.086605104
-0.000231527,0.053632377,0.016868365
-0.002657137,0.01734045,0.010494577
-0.001063808,0.040026653,0.014243864
-0.001022569,0.005369363,-0.035996581
-0.001644904,0.017134246,-0.034121938
-0.000403982,0.012912685,-0.037496296
-0.001277501,0.010007081,-0.060741876
-0.000254021,0.011128082,-0.091486029
-0.000658915,0.005106921,-0.100859247
-0.000130304,0.006284159,-0.126729327
-2.53e-05,0.001072819,-0.15184955
0.00023335,0.005061931,-0.113981751
0.000462039,0.001803906,-0.10573332
0.000375812,0.00075414,-0.11435668
0.001084375,0.003929683,-0.115856395
0.001631731,0.001691431,-0.104608533
0.002621469,0.00623542,-0.101234175
0.003303789,0.006287909,-0.137977188
0.003959866,0.003213593,-0.136477473
0.004675927,0.002508749,-0.175470058
0.00492711,0.003832205,-0.217462072
0.005748144,0.004173379,-0.16609684
0.005302011,-0.001754052,-0.187842705
0.006392973,0.002508749,-0.216712215
0.006475451,-0.00792518,-0.190092277
0.00670789,0.009860864,-0.187842705
0.007866334,-0.000932985,-0.159348124
0.006512942,0.002538743,-0.127104255
0.009313452,0.006670324,-0.127104255
0.006576675,-0.011824312,-0.160847839
0.009932039,0.025944786,-0.149974906
0.007821346,-0.027893238,-0.129353828
0.008646128,0.03667115,-0.170595985
0.011090483,-0.033359522,-0.16909627
0.004724664,0.029461504,-0.107607963
0.018427295,-0.001727808,-0.103858676
-0.008239413,-0.052176586,-0.124854683
0.126616226,1.295389899,-0.015000574
0.496576031,2.013677616,0.018743009
0.829023242,1.66688351,0.033365228
1.142717904,1.765700278,0.101602252
1.457541019,1.717894663,0.089979462
1.742930656,1.74011222,0.188210781
2.025673492,1.705537411,0.208456931
2.292588008,1.623423178,0.198708785
2.560743447,1.665972463,0.253073446
2.814502687,1.65200307,0.245199944
3.054941694,1.696044523,0.307813037
3.281824281,1.708469259,0.30406375
3.496230163,1.749098971,0.307063179
3.703625396,1.783332606,0.350554908
3.894716185,1.800271338,0.275569168
4.071774429,1.823898582,0.267320737
4.233038094,1.832814099,0.260946949
4.381671345,1.849329175,0.194959498
4.519477454,1.855162877,0.104601681
4.644979313,1.860670402,-0.007876929
4.756684815,1.843941624,0.030365798
4.853150591,1.824427215,0.029615941
4.937709512,1.810577795,-0.010876359
5.010620258,1.782222853,0.08473046
5.072332712,1.752705669,0.094853535
5.12289561,1.711562321,0.006370362
5.159872095,1.676391395,0.008245005
5.185159168,1.652078053,0.045362947
5.199090489,1.613960283,0.049112234
5.201073715,1.575478843,-0.178844416
5.192912121,1.536150092,-0.473913303
5.173953377,1.492993442,-0.464165157
5.1443287,1.442289721,-0.47766259
5.105995073,1.391398542,-0.394428419
5.059833513,1.355942679,-0.207338997
5.005697808,1.306869845,-0.351311618
4.943666689,1.254171568,-0.398927563
4.873695166,1.207239508,-0.308569746
4.795112168,1.148778762,-0.431921289
4.7080789,1.092724981,-0.40267685
4.612569122,1.039516817,-0.377181698
4.508789027,0.978600368,-0.514780531
4.397510912,0.917106548,-0.507656886
4.279233395,0.859324401,-0.488160594
4.154668789,0.792255571,-0.378306485
4.023584655,0.728650969,-0.224585718
3.886014733,0.665837442,-0.101984033
3.742472638,0.597583875,-0.037121367
3.594529205,0.541391375,-0.17771963
3.442638065,0.475323572,-0.272576591
3.283098944,0.397089725,-0.355435834
3.1153195,0.319808166,-0.46041587
2.940660622,0.243662605,-0.430796503
2.762297722,0.176023901,-0.369308196
2.580099585,0.095484317,-0.273701377
2.392694073,0.02651091,-0.20358971
2.202086907,-0.055385872,-0.146600548
2.004529076,-0.137327644,-0.078738453
1.806337662,-0.205491231,-0.06524102
1.602631455,-0.304188026,-0.028498007
1.397511871,-0.355960259,-0.070115093
1.190529029,-0.46537592,-0.18634299
0.978413792,-0.524121602,-0.277825593
0.770718638,-0.616887216,-0.323566894
0.550648002,-0.706263585,-0.310819319
0.345892072,-0.775053282,-0.20358971
0.123605771,-1.084355728,-0.041620512
-0.045905716,-0.66834452,0.042363517
-0.049279825,-0.0896495,0.073857528
-0.036705646,-0.168033314,0.072732742
-0.045215898,-0.099701014,-0.00187807
-0.038463931,-0.079744204,-0.144725904
-0.043097708,-0.088427272,-0.182593703
-0.040079755,-0.048015012,-0.200215352
-0.041549367,-0.068324244,-0.258329301
-0.041211956,-0.042368768,-0.172470628
-0.04062711,-0.051524231,-0.124104826
-0.04176306,-0.038570863,-0.096735031
-0.040732082,-0.040276733,0.02699144
-0.041864283,-0.037491103,0.05023702
-0.041073242,-0.031267487,0.027741298
-0.04168808,-0.034188087,-0.01050143
-0.041781805,-0.027994465,-0.091486029
-0.041909272,-0.031717387,-0.143601118
-0.042344157,-0.027537067,-0.193466635
-0.042857771,-0.029651597,-0.162722482
-0.044259901,-0.035035399,-0.122230182
-0.044638551,-0.032276013,-0.06524102
-0.045538313,-0.028969248,0.056235879
-0.046288115,-0.029662844,0.068233597
-0.046723,-0.032455973,0.043113374
-0.047251611,-0.026453558,0.034864943
-0.047082905,-0.03148119,-0.051368658
-0.048256346,-0.02756706,-0.131978329
-0.04740532,-0.02051113,-0.137602259
-0.048841191,-0.034109355,-0.174345272
-0.048462541,-0.012255466,-0.20358971
-0.048646243,-0.034994158,-0.149974906
-0.050333297,-0.016615746,-0.136477473
-0.047566528,-0.026948448,-0.119230753
-0.051885387,-0.027870743,-0.078363524
-0.046910451,-0.002867555,-0.117731038
-0.05266893,-0.062914197,-0.1747202
-0.048245099,0.031328588,-0.253080299
-0.050655712,-0.094568406,-0.302195958
-0.053478716,0.075966159,-0.332565183
-0.042617834,-0.247500636,-0.372682554
-0.274261664,-1.584228282,-0.280825023
-0.661808075,-1.768256095,-0.184093418
-0.979071795,-1.590421904,-0.109482607
-1.302693837,-1.720967864,0.011994292
-1.608459343,-1.637961329,0.108725897
-1.895854701,-1.675303022,0.173213633
-2.176891737,-1.564061518,0.173963491
-2.446040663,-1.541225348,0.169464346
-2.715575737,-1.562573099,0.16271563
-2.966931862,-1.543399864,0.184836423
-3.207393363,-1.566633446,0.232827297
-3.433612376,-1.569340344,0.210706503
-3.651043708,-1.610539929,0.292066031
-3.858603898,-1.618240716,0.349430122
-4.050455736,-1.629465719,0.278193669
-4.228522464,-1.634459608,0.294690532
-4.391177012,-1.634815779,0.27219481
-4.542577032,-1.647986599,0.160091129
-4.682490085,-1.647514204,0.070483169
-4.809570277,-1.645223464,0.0761071
-4.922261768,-1.626500129,0.020992581
-5.019364876,-1.61157095,-0.03074758
-5.104531136,-1.606419595,0.113225041
-5.178637817,-1.588970977,0.153342412
-5.240477737,-1.569231618,0.142094551
-5.289758474,-1.546631645,0.129721904
-5.325572766,-1.521515982,0.065609096
-5.349405223,-1.497326363,-0.008626786
-5.361653238,-1.471629579,-0.114731608
-5.362088123,-1.444328153,-0.190842134
-5.351853326,-1.413731209,-0.352061476
-5.330742651,-1.378297841,-0.448418151
-5.298992285,-1.340824927,-0.378681413
-5.258652938,-1.310344207,-0.296572028
-5.209904561,-1.273103741,-0.254205085
-5.152188552,-1.231671708,-0.241457509
-5.086944531,-1.196519527,-0.230959505
-5.013302727,-1.150314806,-0.272201662
-4.930498343,-1.099371138,-0.413924711
-4.839191205,-1.049503481,-0.483661449
-4.739257594,-0.996321561,-0.453667153
-4.631091158,-0.942348568,-0.492659738
-4.515010561,-0.88965404,-0.39967742
-4.391698124,-0.832183074,-0.320192536
-4.261828669,-0.771446585,-0.284199381
-4.124993553,-0.714639221,-0.110232464
-3.981099051,-0.651045868,-0.082862669
-3.83186221,-0.591539105,-0.069365236
-3.679303746,-0.539305724,-0.063741305
-3.521714111,-0.468330263,-0.223460931
-3.355595477,-0.389620272,-0.292447812
-3.181555186,-0.31540928,-0.283074595
-3.001265295,-0.24231179,-0.2988216
-2.817788746,-0.174699331,-0.233958935
-2.630072066,-0.09396479,-0.117356109
-2.437991539,-0.027225886,-0.076488881
-2.241753359,0.060583331,-0.100484318
-2.039966645,0.13566038,-0.118855824
-1.838389875,0.207018256,-0.161972625
-1.630218597,0.303221856,-0.223460931
-1.423112038,0.35449545,-0.257204514
-1.2108131,0.469381144,-0.260203944
-0.996654652,0.521160875,-0.245956653
-0.783257254,0.637924901,-0.181843846
-0.560284884,0.692396534,-0.037871225
-0.353185823,0.821450326,0.089229604
-0.123532717,1.069015256,0.185211352
0.015934204,0.48086109,0.257947519
0.000327075,0.046014072,0.233952083
-0.002638392,0.152820313,0.155591984
0.002137847,0.044555646,0.049862091
-0.00287083,0.061055726,-0.073489451
0.001834177,0.039805453,-0.121105396
-0.001588669,0.026818342,-0.132353257
0.001305567,0.037634686,-0.140601689
-0.000137802,0.009268496,-0.11135725
0.000349569,0.026829589,-0.088111671
0.000975654,0.006246668,-0.065615949
0.000304581,0.010835647,-0.031122508
0.001365551,0.007791324,-0.060366947
0.000911921,0.008807348,-0.09710996
0.00163548,0.004492058,-0.104608533
0.001597989,0.0038547,-0.139101974
0.002044122,0.008436181,-0.121105396
0.002216576,0.000724146,-0.105358391
0.002621469,0.008248722,-0.101234175
0.00382865,0.005939236,-0.037121367
0.004582201,0.00592049,-0.001128212
0.005275768,0.007637608,-0.007127072
0.006396722,0.002403773,-0.041620512
0.006550432,0.000532939,-0.10835782
0.00708654,0.004878222,-0.187092848
0.007386461,0.002366281,-0.28157488
0.00750268,0.004791991,-0.324316752
0.008747352,-0.002470143,-0.316818178
0.007963808,0.001822652,-0.295072313
0.009695851,0.006854033,-0.20658914
0.008466176,-0.007209089,-0.134602829
0.009920792,0.014438596,-0.086986885
0.009913294,-0.019465113,-0.033747009
0.008957296,0.014933485,-0.057367517
0.011967751,-0.008667515,-0.125229612
0.007397708,0.001710177,-0.179594274
0.014389612,0.022143132,-0.232084291
0.005928096,-0.042597467,-0.286823882
0.01598669,0.082759648,-0.272201662
0.00511831,-0.15919278,-0.269577162
0.028800806,0.566649506,-0.240707652
0.320784952,1.877331696,-0.095610245
0.689143929,1.760683894,0.022867225
0.993578537,1.639570836,0.079481458
1.314006422,1.696396945,0.052861521
1.606886581,1.621919762,0.084355531
1.889321999,1.658774064,0.086980032
2.159873054,1.532430919,0.008619934
2.425587887,1.53256214,0.069358383
2.68577293,1.51215168,0.115099685
2.925893272,1.502984969,0.165715059
3.159089192,1.539145675,0.261321878
3.379924626,1.547431332,0.239950942
3.591402531,1.56757935,0.260197092
3.787108351,1.560230985,0.30106432
3.966850886,1.570604927,0.211456361
4.13413921,1.571440991,0.175088277
4.288414721,1.580341511,0.116224471
4.431814353,1.590745447,0.05886038
4.561140202,1.573233093,0.057360665
4.674873919,1.561366982,0.068608526
4.774293915,1.55427356,0.13084669
4.861327182,1.540109211,0.115849542
4.936588558,1.528081886,0.167964631
4.999463205,1.515327224,0.161965772
5.049152583,1.49223611,0.046862661
5.08582165,1.470865864,-0.004502571
5.110501383,1.451002783,-0.103483747
5.123757882,1.425317246,-0.202464924
5.125369956,1.397929589,-0.242582295
5.115300116,1.361169016,-0.278950379
5.094159448,1.327700211,-0.337439256
5.062637772,1.300638731,-0.364434123
5.022215946,1.263068338,-0.333315041
4.973396338,1.231519107,-0.308569746
4.916107716,1.198009061,-0.300321315
4.850582519,1.155733465,-0.283449523
4.77639711,1.111965701,-0.288323597
4.693828913,1.056867958,-0.301446101
4.602622998,1.009695951,-0.320567465
4.502595662,0.956768975,-0.329940682
4.39445172,0.89690979,-0.292072884
4.27849859,0.847004642,-0.266952661
4.155890966,0.789991074,-0.230959505
4.026876285,0.736411743,-0.142101404
3.890783473,0.670336441,-0.086237027
3.748669751,0.60525092,-0.065615949
3.601967241,0.557865211,-0.032247294
3.451515721,0.491126307,-0.065990877
3.294563417,0.417860105,-0.115106537
3.128782195,0.3410097,-0.146600548
2.955371737,0.264800403,-0.198715637
2.777477464,0.201596962,-0.212962928
2.595897913,0.120922408,-0.251205655
2.409275945,0.051971496,-0.277450664
2.219411082,-0.029212944,-0.247456368
2.022790504,-0.113929099,-0.265078017
1.8251277,-0.173702053,-0.272201662
1.623172281,-0.271514044,-0.276700807
1.418978702,-0.326413082,-0.308194818
1.213637926,-0.430519924,-0.302945816
1.002171268,-0.498949702,-0.252330441
0.796050699,-0.586965123,-0.188217634
0.576831088,-0.694997341,-0.172845557
0.371141654,-0.741828173,-0.116231323
0.15182082,-1.064061493,-0.068990307
-0.030965911,-0.738311456,-0.038996011
-0.046280617,-0.108695263,0.013119078
-0.029470056,-0.156718331,0.014618793
-0.039393686,-0.107754223,0.035239872
-0.032270567,-0.06951273,-0.007876929
-0.036638164,-0.086852622,-0.054368088
-0.034411252,-0.042203804,-0.045369799
-0.034928615,-0.064552583,-0.083237598
-0.03543848,-0.03619764,-0.083987455
-0.034617447,-0.047475132,-0.031497437
-0.035963342,-0.037044952,-0.003002856
-0.034774906,-0.035916453,0.035239872
-0.036015828,-0.038285926,0.067108811
-0.0353635,-0.027956974,0.068233597
-0.035749648,-0.031106273,0.100102537
-0.035952095,-0.030183978,0.088479747
-0.035877115,-0.031634905,0.044613089
-0.036405725,-0.025088862,0.014243864
-0.036506948,-0.029775319,-0.044619942
-0.037249252,-0.027507074,-0.098609674
-0.038074034,-0.026967194,-0.124104826
-0.038775099,-0.029077974,-0.14022676
-0.039558642,-0.02698594,-0.139851831
-0.040263456,-0.024995132,-0.118855824
-0.040293448,-0.026468555,-0.13722733
-0.041069493,-0.026314839,-0.175844986
-0.040859549,-0.019802538,-0.191217063
-0.041620598,-0.02972658,-0.224585718
-0.041931766,-0.01651077,-0.236208507
-0.041774307,-0.027293371,-0.210713356
-0.043311401,-0.022217,-0.205464354
-0.041553116,-0.020912291,-0.187842705
-0.044091195,-0.030787594,-0.16909627
-0.041943013,-0.005623192,-0.179594274
-0.044398614,-0.042848661,-0.179594274
-0.043720043,0.005942985,-0.184468347
-0.042422886,-0.050654425,-0.236208507
-0.047232866,-0.001367888,-0.29319767
-0.038452684,-0.022003298,-0.317942964
-0.053302513,-0.054591049,-0.341938401
-0.028086672,0.087626065,-0.338564042
-0.126329479,-1.022168312,-0.283449523
-0.48433744,-1.870330888,-0.178844416
-0.829501292,-1.598092698,-0.071989737
-1.137017587,-1.684151054,-0.007127072
-1.453456525,-1.672003756,0.085480317
-1.738227575,-1.663628119,0.162340701
-2.019095906,-1.639479741,0.179587421
-2.284495822,-1.541341572,0.214080862
-2.549430861,-1.576381277,0.197583999
-2.800363347,-1.541671499,0.167964631
-3.035564988,-1.571342398,0.238826156
-3.26318613,-1.59003574,0.230202796
-3.478656731,-1.61004129,0.190460353
-3.684492376,-1.62555159,0.274444382
-3.872370263,-1.619804118,0.235451797
-4.046399307,-1.635906786,0.223829008
-4.207231836,-1.638504958,0.299564605
-4.356015047,-1.65310421,0.211456361
-4.493907384,-1.65144333,0.185961209
-4.615945157,-1.640008374,0.188210781
-4.722784444,-1.628678394,0.170214204
-4.81595859,-1.616208668,0.183711637
-4.896903465,-1.61512141,0.149218196
-4.966383867,-1.601215753,0.170964061
-5.022900193,-1.582226227,0.135345835
-5.066707375,-1.563600371,0.023242153
-5.097542982,-1.536298944,-0.015750432
-5.116156817,-1.509511153,-0.085862099
-5.123947259,-1.485265296,-0.221586288
-5.120438186,-1.454998279,-0.259079158
-5.105944513,-1.420359734,-0.251955513
-5.080353771,-1.387183364,-0.324316752
-5.045116826,-1.352368609,-0.362559479
-5.001752027,-1.319405941,-0.345687688
-4.949393354,-1.279818498,-0.356935549
-4.889034293,-1.241250827,-0.335939541
-4.820303692,-1.201603397,-0.282324737
-4.742646699,-1.150723465,-0.28719881
-4.656820613,-1.102272993,-0.311569176
-4.562248087,-1.048142534,-0.340063757
-4.459678922,-0.993101028,-0.353186262
-4.348670736,-0.935367621,-0.349062046
-4.229815872,-0.872640324,-0.350186832
-4.104392743,-0.816991453,-0.257954372
-3.971704032,-0.754702809,-0.158598266
-3.832447055,-0.689913472,-0.124104826
-3.687116683,-0.633724721,-0.088111671
-3.538337221,-0.576954849,-0.08548717
-3.385681283,-0.504910875,-0.052493444
-3.225002463,-0.425983433,-0.038996011
-3.056015837,-0.34593499,-0.087736742
-2.880273496,-0.274640849,-0.066365806
-2.701295758,-0.205877395,-0.089986314
-2.517185626,-0.122263495,-0.168346413
-2.32968264,-0.050099548,-0.161597696
-2.136927291,0.040004158,-0.154099122
-1.939545663,0.108756365,-0.159723052
-1.741331756,0.196689304,-0.115106537
-1.537434349,0.270439148,-0.1316034
-1.335493925,0.34267058,-0.194216493
-1.12583429,0.452397422,-0.201715067
-0.919931163,0.497931043,-0.196091136
-0.707069873,0.644287236,-0.171345842
-0.493012649,0.66233947,-0.140976617
-0.286667138,0.895957502,-0.101609104
-0.065839202,0.977801796,-0.069740164
0.020118099,0.267773491,-0.060366947
-0.00601625,0.058461303,-0.042745298
0.001309316,0.139911934,-0.007127072
-0.00056144,0.03375055,-0.008251858
-0.001052561,0.073161783,-0.067865521
0.001091873,0.02458009,-0.060366947
-0.001517438,0.031523545,-0.078363524
0.001380547,0.026750857,-0.161222767
-0.000643919,0.011146828,-0.183343561
0.001185598,0.020238555,-0.159723052
0.000540769,0.006220424,-0.076488881
0.000698227,0.012882692,0.004495718
0.001136861,0.003292325,0.0356148
0.001073128,0.008102505,0.092603963
0.001830428,0.00587925,0.106101396
0.001545503,0.004885721,0.100102537
0.002141596,0.006996501,0.124097974
0.002074114,0.000412966,0.118848972
0.002602724,0.004237115,0.089229604
0.003712431,0.006385387,0.01836808
0.004555958,0.003434793,-0.037871225
0.005399486,0.007648856,-0.087361813
0.006359232,0.00920476,-0.106483177
0.006359232,-0.000558068,-0.073489451
0.006977819,0.002576234,-0.095235316
0.007558915,-9.69e-05,-0.139101974
0.007420202,0.002362532,-0.183718489
0.00852616,-0.000914239,-0.236583436
0.007742617,-0.002886301,-0.275201092
0.00939593,0.004900717,-0.260203944
0.008589893,-0.012506661,-0.166471769
0.009609624,0.018322732,-0.078363524
0.00996578,-0.013219002,-0.06524102
0.008668622,0.007926294,-0.079488311
0.012260174,-0.000610557,-0.091486029
0.007131528,-0.010407128,-0.123729897
0.014322129,0.026795847,-0.160097981
0.006831607,-0.055772036,-0.199090566
0.014172169,0.08238848,-0.200590281
0.008627383,-0.139880826,-0.246331582
0.016965181,0.434345188,-0.290948097
0.285544258,1.819871978,-0.272576591
0.658818188,1.810495314,-0.240332723
0.964846125,1.641325445,-0.104983462
1.284749148,1.734428485,-0.077613667
1.580114901,1.656816999,-0.025123649
1.862411605,1.70212942,0.043863232
2.133603741,1.584735534,0.001496289
2.397226626,1.583254613,0.071982884
2.65763661,1.581061351,0.065609096
2.897295823,1.570215014,0.134595977
3.129187088,1.612393131,0.250823874
3.349400186,1.614788848,0.217830149
3.560615661,1.643908621,0.270320167
3.757142514,1.65011724,0.263946379
3.936851308,1.655021149,0.17133899
4.103296105,1.65645333,0.188960639
4.256476905,1.667100962,0.192709926
4.399452899,1.686881561,0.193834712
4.528936207,1.671165058,0.2002085
4.64275615,1.653626459,0.185211352
4.741958704,1.653311529,0.188210781
4.828710795,1.644069835,0.161215915
4.90344731,1.633587167,0.170214204
4.965377206,1.617330783,0.178087706
5.014751667,1.594892024,0.122973187
5.050790901,1.57549009,0.024741868
5.07472458,1.552515201,-0.030372651
5.087921096,1.521404622,-0.122230182
5.089536919,1.489412988,-0.246331582
5.08036684,1.461076792,-0.256829586
5.060170924,1.428665252,-0.291697955
5.029005403,1.390539982,-0.335564613
4.988939734,1.351983559,-0.350936689
4.940221349,1.320783,-0.37380734
4.88307144,1.279032287,-0.385055201
4.817677459,1.231159187,-0.404926422
4.743668252,1.189865872,-0.387304773
4.661549937,1.141374159,-0.365558909
4.571078828,1.08855216,-0.392178846
4.472494861,1.033709359,-0.403426707
4.36601173,0.978206706,-0.376056912
4.251355757,0.921733018,-0.358060335
4.129846594,0.86391338,-0.33069054
4.001401762,0.799206524,-0.236958365
3.865961278,0.733239949,-0.149599977
3.724499884,0.675585274,-0.101984033
3.577801123,0.617596923,-0.0911111
3.428088157,0.55620433,-0.113981751
3.273014108,0.481764639,-0.11435668
3.109624754,0.397610859,-0.139101974
2.938414965,0.318226018,-0.161222767
2.761911574,0.25006618,-0.143601118
2.581554201,0.167824475,-0.14885012
2.396135665,0.092687439,-0.168721341
2.207597952,0.012185347,-0.145100833
2.01227828,-0.076467432,-0.1316034
1.815474,-0.138204949,-0.16047291
1.61472951,-0.236691791,-0.164222197
1.411889324,-0.296955885,-0.164597126
1.208498034,-0.398906956,-0.181843846
0.998770916,-0.475603645,-0.190092277
0.794896003,-0.564383896,-0.179969202
0.578030771,-0.674433165,-0.163097411
0.37361975,-0.721845119,-0.14022676
0.157110673,-1.049184802,-0.093360672
-0.02797795,-0.757990828,-0.038621082
-0.047127894,-0.116770967,-0.052868373
-0.028960191,-0.1496624,-0.074239309
-0.039217482,-0.115709953,-0.057742446
-0.032540496,-0.068594184,-0.113981751
-0.036563183,-0.087212542,-0.139476903
-0.034415001,-0.044145872,-0.090361243
-0.034928615,-0.066224711,-0.086986885
-0.035385994,-0.039853077,-0.073489451
-0.034171315,-0.048000015,-0.040870654
-0.035839624,-0.039065752,-0.044245013
-0.034426248,-0.037678561,-0.006002285
-0.035599688,-0.040681643,-0.015000574
-0.035367249,-0.030303952,-0.05361823
-0.035460974,-0.039800589,-0.007127072
-0.03566717,-0.032549702,-0.008251858
-0.035918354,-0.028808034,-0.018000004
-0.036218274,-0.026907207,-0.022874077
-0.036128298,-0.027649542,-0.02474872
-0.036844359,-0.030326447,-0.022124219
-0.037687886,-0.027368355,-0.048369229
-0.038715115,-0.026344832,-0.020999433
-0.039419929,-0.028020709,-0.032622223
-0.040012273,-0.026970943,-0.032247294
-0.040076006,-0.026307341,-0.018374932
-0.040885792,-0.025130102,-0.107233034
-0.040822059,-0.019120189,-0.145850691
-0.041376912,-0.028166927,-0.146975477
-0.041811797,-0.019003965,-0.188592562
-0.041260693,-0.027537067,-0.238833008
-0.043112704,-0.026592277,-0.274451235
-0.041448143,-0.022108275,-0.248206226
-0.043821267,-0.032635933,-0.239582866
-0.04206673,-0.002725086,-0.238458079
-0.043532593,-0.043294812,-0.169846127
-0.043944984,9.05e-05,-0.104233605
-0.041264442,-0.043444778,-0.10835782
-0.047502795,-0.011633105,-0.155223908
-0.038017799,-0.006376774,-0.166471769
-0.052451488,-0.074694077,-0.179594274
-0.03029109,0.114976231,-0.182593703
-0.104420264,-0.885811144,-0.145100833
-0.447709612,-1.86169281,-0.100859247
-0.801121287,-1.624738021,-0.061116804
-1.107062997,-1.688425103,-0.073114523
-1.424870323,-1.709562901,-0.029247865
-1.710646109,-1.690655857,0.026241583
-1.991435711,-1.689763556,-0.009001715
-2.257169289,-1.58446073,0.013119078
-2.521140832,-1.62532664,0.004870647
-2.773625408,-1.600563398,-0.015750432
-3.008129733,-1.625131683,0.086230175
-3.23470865,-1.653340408,0.163465487
-3.449620648,-1.674658166,0.231327582
-3.655538771,-1.69990505,0.339307047
-3.844151465,-1.695432295,0.349055194
-4.018146768,-1.712183568,0.329183972
-4.17930921,-1.719037044,0.319060898
-4.327417599,-1.732282847,0.229827867
-4.464927536,-1.73734797,0.187460924
-4.588142499,-1.723052401,0.172088847
-4.694824328,-1.711538712,0.150342983
-4.788140936,-1.70224078,0.16271563
-4.869336994,-1.693460233,0.1597162
-4.938749914,-1.687214123,0.145843838
-4.995798599,-1.667471015,0.087354961
-5.039542048,-1.643258901,0.0356148
-5.070883772,-1.624168147,-0.011626216
-5.089820021,-1.595966921,-0.078738453
-5.097505492,-1.569782745,-0.134977758
-5.094701232,-1.540528003,-0.173970343
-5.080657441,-1.503156316,-0.19496635
-5.055764014,-1.471633329,-0.20958857
-5.021629278,-1.436871061,-0.209213641
-4.978613138,-1.402236266,-0.238458079
-4.926940533,-1.362637575,-0.266577732
-4.866971369,-1.317040218,-0.284199381
-4.798289506,-1.276530479,-0.32769111
-4.720984919,-1.223738473,-0.367058624
-4.635308794,-1.171448854,-0.410925281
-4.541474823,-1.120808869,-0.444668864
-4.43958048,-1.061939465,-0.447668294
-4.329790722,-1.005207085,-0.458166298
-4.21233049,-0.943743257,-0.447668294
-4.088002071,-0.880843499,-0.366308766
-3.956989168,-0.819840819,-0.286448953
-3.81864695,-0.754380381,-0.220461502
-3.673710223,-0.685170777,-0.130478614
-3.524919514,-0.625120385,-0.068990307
-3.372724704,-0.560462268,-0.032997152
-3.214167824,-0.487825926,-0.025123649
-3.047164425,-0.406154094,-0.046119656
-2.872959177,-0.323754924,-0.074239309
-2.695507287,-0.249783878,-0.146225619
-2.512866767,-0.168022066,-0.202464924
-2.326998349,-0.101016971,-0.207713926
-2.135712612,0.000139276,-0.205839283
-1.938833351,0.074736432,-0.217087144
-1.741320509,0.156044595,-0.215587429
-1.53777176,0.245334733,-0.201715067
-1.336764839,0.308894344,-0.224960646
-1.128923474,0.422640291,-0.211838142
-0.923935105,0.474483759,-0.154474051
-0.714260474,0.61221687,-0.118480895
-0.501009287,0.645453227,-0.057742446
-0.29771922,0.863257276,-0.007127072
-0.076546375,0.992333563,-0.006377214
0.020478004,0.310427753,0.00112136
-0.004569132,0.054116019,0.003745861
0.000833191,0.138558485,0.006370362
0.000529522,0.028243025,-0.050993729
-0.001052561,0.067924198,-0.142851261
0.001717958,0.025164959,-0.171345842
-0.001063808,0.034399155,-0.208838712
0.002100357,0.027654406,-0.215962357
-3.28e-05,0.008571151,-0.19496635
0.001286822,0.026068508,-0.145850691
0.000881929,0.004499556,-0.045744728
0.001170602,0.016425654,0.041988588
0.001826679,0.006610337,0.10497661
0.001399292,0.002137582,0.122973187
0.002130349,0.004675767,0.131221619
0.001762946,0.004769496,0.158216485
0.002602724,0.006614086,0.16271563
0.002553987,0.001661438,0.140594836
0.002793924,0.004836981,0.100477465
0.004027348,0.007435153,-0.007502
0.004784648,0.00727019,-0.122605111
0.005605681,0.005751778,-0.171720771
0.006625412,0.004552045,-0.199090566
0.006779121,0.001867642,-0.211463213
0.007019058,0.005665547,-0.206214211
0.007802601,0.000199263,-0.181093988
0.007667637,0.000971591,-0.165721912
0.008803587,0.002669963,-0.139851831
0.008106271,-0.007842698,-0.089986314
0.009399679,0.009512191,-0.058867232
0.009369687,-0.006905407,-0.025873506
0.00932095,0.008012525,-0.003752713
0.010914279,-0.010962004,-0.033747009
0.008301219,0.003067375,-0.058492303
0.012848768,0.013227615,-0.052118516
0.00795631,-0.022558175,-0.142476332
0.013133693,0.041672537,-0.274076306
0.009703349,-0.055333384,-0.341938401
0.010663096,0.068932723,-0.374182269
0.015139414,-0.094553409,-0.419173713
0.001050634,0.194803473,-0.400427278
0.216371274,1.631217694,-0.270327019
0.594972547,1.893066946,-0.168721341
0.906807701,1.637531289,-0.033747009
1.2232054,1.754340305,0.019492866
1.5246408,1.682498786,0.092978891
1.806018997,1.736430539,0.250074017
2.07987293,1.647534064,0.233952083
2.341876243,1.618256827,0.239950942
2.604104496,1.633279735,0.230202796
2.845679454,1.618035626,0.18858571
3.077090845,1.660404951,0.235076869
3.297427661,1.669331715,0.200958357
3.508463183,1.708270554,0.190460353
3.706875788,1.706512195,0.21445579
3.887611811,1.718663242,0.084355531
4.055200056,1.734705923,0.053611378
4.208572055,1.736464282,0.051736734
4.351364348,1.751464695,0.014243864
4.482073582,1.745312314,0.129721904
4.597340643,1.737738998,0.195709355
4.697832856,1.724609419,0.255323019
4.785158546,1.716833649,0.30668825
4.860371185,1.709297825,0.292066031
4.924070614,1.694496118,0.244825015
4.97467475,1.678378453,0.166839845
5.01171122,1.649044978,0.096728178
5.03681834,1.622339669,-0.002627927
5.05056596,1.599612224,-0.11435668
5.053149028,1.572217069,-0.245206796
5.04443258,1.536644982,-0.294322456
5.025106433,1.502512574,-0.291323026
4.995268062,1.467937765,-0.337814185
4.955914704,1.42988748,-0.325441538
4.908276034,1.391762211,-0.311194247
4.8519809,1.344642692,-0.35356119
4.787587904,1.305265202,-0.381680843
4.714650915,1.260316451,-0.404926422
4.632952489,1.205931049,-0.389179417
4.543204939,1.154904899,-0.357685406
4.445479495,1.099578457,-0.355060905
4.340076079,1.046010373,-0.365933837
4.227204635,0.984857726,-0.409425567
4.107045115,0.923922531,-0.438670005
3.980294836,0.858638304,-0.418798784
3.846882566,0.784472302,-0.393678561
3.706362173,0.723177187,-0.350561761
3.56069439,0.6617546,-0.312319033
3.411547525,0.594209626,-0.311569176
3.257481959,0.522851749,-0.289448383
3.096409493,0.448003399,-0.259079158
2.926598086,0.366061627,-0.206964069
2.751339366,0.2895374,-0.142851261
2.572751526,0.210190051,-0.121855254
2.389038789,0.132638552,-0.081737883
2.202503047,0.053951056,-0.029622793
2.009054131,-0.039946806,-0.034871795
1.813610742,-0.112226978,-0.061116804
1.614002202,-0.20828436,-0.068990307
1.411724368,-0.271922704,-0.109107678
1.209757701,-0.371346837,-0.158973195
1.00072415,-0.450851651,-0.191591992
0.798060168,-0.534697999,-0.232084291
0.583616796,-0.655154954,-0.238083151
0.380555418,-0.698457821,-0.202464924
0.167870332,-1.0226707,-0.14022676
-0.021668367,-0.788801474,-0.061866662
-0.048218855,-0.132813648,-0.023998863
-0.02828162,-0.139655876,0.019867795
-0.038486425,-0.118848005,0.017618223
-0.031858176,-0.066438413,-0.05661766
-0.035524708,-0.090031915,-0.050993729
-0.033856398,-0.045398094,-0.043870084
-0.034163817,-0.070161335,-0.056242731
-0.035063579,-0.040464191,-0.06824045
-0.033402768,-0.044955692,-0.085112241
-0.035273524,-0.037626073,-0.081737883
-0.034021355,-0.035159121,-0.113606822
-0.034996097,-0.039035759,-0.115856395
-0.034512475,-0.025178842,-0.133103115
-0.034846137,-0.03507664,-0.157848409
-0.035318512,-0.031083778,-0.140601689
-0.035187297,-0.030780096,-0.100109389
-0.035775891,-0.028358134,-0.023998863
-0.035685915,-0.025898681,0.037864373
-0.03608331,-0.026172371,0.107601111
-0.03680312,-0.02819692,0.110975469
-0.037852843,-0.029212944,0.068233597
-0.038580151,-0.02689596,0.05023702
-0.039371192,-0.029317921,-0.002252998
-0.03941618,-0.026708501,-0.034121938
-0.039967284,-0.027514572,-0.089236457
-0.04032344,-0.018749022,-0.121855254
-0.04047715,-0.025808701,-0.151474621
-0.041425649,-0.021785846,-0.241832438
-0.040529636,-0.019930009,-0.233584006
-0.042389145,-0.029715332,-0.20958857
-0.04111823,-0.016038375,-0.193466635
-0.042546603,-0.035414065,-0.176219915
-0.042242933,-0.006680457,-0.193466635
-0.041871782,-0.037236159,-0.148475191
-0.044297391,-0.012191731,-0.104233605
-0.039862312,-0.024072838,-0.130103685
-0.047165384,-0.033820669,-0.178844416
-0.038062787,0.019271271,-0.188967491
-0.04922359,-0.099247365,-0.182593703
-0.036102055,0.126073762,-0.209213641
-0.067481269,-0.597882694,-0.238458079
-0.372444487,-1.790991038,-0.182968632
-0.741440797,-1.687161634,-0.100109389
-1.045792926,-1.662094711,-0.061866662
-1.36485992,-1.745858577,-0.007127072
-1.654354724,-1.703916657,0.043113374
-1.934746931,-1.737625409,0.08173103
-2.202051344,-1.627010015,0.122973187
-2.464170876,-1.659252843,0.134595977
-2.7195047,-1.651859487,0.142094551
-2.954582623,-1.663286945,0.247074587
-3.181877601,-1.702147051,0.344930978
-3.39671087,-1.720622941,0.336307618
-3.602988898,-1.754192973,0.415417573
-3.793221164,-1.752082193,0.404169712
-3.968127476,-1.768859711,0.295440389
-4.129990983,-1.776204327,0.305563464
-4.278301819,-1.792288249,0.196834141
-4.417071424,-1.801200017,0.106101396
-4.541396093,-1.790158723,0.124472902
-4.649858702,-1.783402726,0.125972617
-4.744446224,-1.771135454,0.152967483
-4.826362093,-1.764488183,0.169089418
-4.897075919,-1.754290452,0.193459783
-4.955118092,-1.737944088,0.155217056
-5.000323655,-1.716375136,0.075357242
-5.032921296,-1.686111868,0.013494007
-5.052509874,-1.660628787,-0.044619942
-5.061170087,-1.634328387,-0.113981751
-5.059475534,-1.603622718,-0.159348124
-5.046781386,-1.567840677,-0.140976617
-5.023728724,-1.532977183,-0.190842134
-4.99090989,-1.500089498,-0.238083151
-4.949130923,-1.458327538,-0.24708144
-4.899272839,-1.420419721,-0.289448383
-4.840739546,-1.376925646,-0.341938401
-4.773433569,-1.326270664,-0.452917296
-4.697699818,-1.280407117,-0.521529248
-4.613073416,-1.225178152,-0.56427112
-4.520116713,-1.170091656,-0.616761138
-4.419223356,-1.11455901,-0.612261993
-4.310756998,-1.05377753,-0.607762849
-4.194890095,-0.995410514,-0.574019266
-4.071993798,-0.932053358,-0.5065321
-3.942997862,-0.864605861,-0.41992357
-3.807010023,-0.798841741,-0.346062616
-3.663974044,-0.7347385,-0.277825593
-3.51611309,-0.667568442,-0.200215352
-3.364514372,-0.598812487,-0.164597126
-3.207445849,-0.524466525,-0.159723052
-3.04226072,-0.438535641,-0.172095699
-2.869285147,-0.361546517,-0.163097411
-2.693066681,-0.285802116,-0.163472339
-2.512244431,-0.20198951,-0.195716208
-2.32793935,-0.135254355,-0.190092277
-2.138914266,-0.034379295,-0.142851261
-1.943744555,0.046171537,-0.124479755
-1.747877527,0.125038993,-0.111732179
-1.54561094,0.214880257,-0.095235316
-1.345215108,0.287497854,-0.136102544
-1.13874588,0.406402653,-0.168346413
-0.933693778,0.449428082,-0.172470628
-0.726452255,0.589594402,-0.146975477
-0.513223562,0.637602473,-0.109107678
-0.312835228,0.820115623,-0.052493444
-0.091909818,1.01334014,0.076482029
0.019788186,0.376514302,0.146968624
-0.00253342,0.047048841,0.152592555
-5.16e-05,0.148546263,0.175088277
0.001875416,0.040285346,0.118848972
-0.001288748,0.067189361,0.020617652
0.00231405,0.036251243,-0.040495726
-0.000756389,0.030773712,-0.125229612
0.002220325,0.028284266,-0.160097981
0.000402055,0.009973339,-0.158973195
0.001567997,0.024111444,-0.185968061
0.001530507,0.005365614,-0.139851831
0.001219339,0.016913045,-0.1316034
0.00227656,0.006396634,-0.143601118
0.001811683,0.005916741,-0.088486599
0.002598975,0.00951969,-0.107982892
0.002456513,0.004743252,-0.098234746
0.002737688,0.003097368,-0.045744728
0.003011366,0.001556461,-0.018749861
0.003157578,0.003820957,0.043488303
0.003776164,0.004600784,0.083980603
0.004867126,0.009410964,0.098602822
0.005901853,0.003577262,0.098602822
0.006689145,0.005241891,0.07910653
0.007176516,0.004510804,0.040488873
0.007157771,0.001683933,-0.010876359
0.008185,0.00371973,-0.045744728
0.008046287,-0.001116694,-0.118855824
0.008691116,0.008597395,-0.237333293
0.008859822,-0.00302502,-0.321317322
0.008822332,0.00893482,-0.366308766
0.010201967,0.00102033,-0.36218455
0.008657375,0.002092592,-0.300321315
0.011502874,0.010108309,-0.206964069
0.009114754,-0.015243552,-0.11435668
0.011712818,0.027013298,-0.022124219
0.010850546,-0.02842187,0.044613089
0.010156979,0.028303011,0.061109952
0.014438349,-0.021887074,0.077981743
0.005999327,0.009662158,0.068608526
0.020474255,0.026417181,0.00112136
-0.00503026,-0.100162162,-0.092985744
0.100710567,1.113810291,-0.129353828
0.457961228,1.976969532,-0.140976617
0.795953224,1.664105378,-0.100859247
1.101669994,1.737214115,-0.097859817
1.414607356,1.723402187,-0.125229612
1.696570399,1.735601974,-0.024373792
1.974282063,1.723773355,-0.069740164
2.236319117,1.634850636,-0.097859817
2.498734821,1.672342296,-0.007127072
2.74632694,1.648726299,0.047987447
2.978559364,1.68706902,0.200583428
3.202465237,1.705792355,0.296565176
3.414243063,1.740370913,0.370051201
3.616033526,1.755495048,0.504650604
3.800154906,1.751056036,0.501651174
3.970419944,1.779287256,0.468657449
4.126611198,1.779365988,0.424415862
4.27111304,1.795761091,0.305563464
4.404401592,1.797200771,0.216705362
4.522360443,1.785863293,0.071982884
4.625859362,1.781270565,-0.010126501
4.716011806,1.767173701,-0.03637151
4.793972468,1.761707416,-0.084362384
4.860243718,1.75184711,-0.043120227
4.913948287,1.730341894,-0.001128212
4.954242646,1.698560214,-0.024373792
4.981745383,1.672289807,-0.014625646
4.997536213,1.6507471,0.031490585
5.002001284,1.618159349,-0.035996581
4.995545489,1.586786328,-0.054368088
4.97831129,1.548469851,-0.020999433
4.950688585,1.510895709,-0.125229612
4.91363337,1.475319873,-0.243707081
4.868034161,1.433996566,-0.316443249
4.81426586,1.393839249,-0.386554916
4.752204748,1.34474392,-0.471288802
4.681757101,1.297193247,-0.540275683
4.602795453,1.246718226,-0.559397047
4.51506487,1.186454131,-0.580393054
4.419202684,1.13480562,-0.620885353
4.315752502,1.076839765,-0.629883642
4.204433148,1.016973082,-0.635882501
4.086234361,0.958583571,-0.633258001
3.961624766,0.887686842,-0.559022118
3.830499393,0.825994315,-0.457791369
3.692824498,0.764076839,-0.370432982
3.549004977,0.69493097,-0.26132873
3.401548915,0.633740832,-0.191591992
3.249684018,0.565416031,-0.169846127
3.090624771,0.481228508,-0.151474621
2.92302153,0.392691953,-0.191591992
2.749247418,0.319849407,-0.241832438
2.571967983,0.241311878,-0.292072884
2.389766097,0.165709945,-0.370058053
2.205134852,0.082231015,-0.389554346
2.013894103,-0.013106527,-0.335939541
1.819976561,-0.077978346,-0.283074595
1.622508706,-0.185669391,-0.221586288
1.421378069,-0.251002357,-0.121105396
1.220952245,-0.34561631,-0.083987455
1.012451054,-0.436571078,-0.074239309
0.810750567,-0.508423844,-0.010876359
0.598121716,-0.64285394,0.034864943
0.394314285,-0.676828882,0.074232456
0.185768106,-0.993490941,0.125597688
-0.010676269,-0.838432934,0.184086566
-0.049133614,-0.161119852,0.169839275
-0.026572072,-0.128667071,0.116974328
-0.036911841,-0.1301105,0.109100826
-0.031127119,-0.066329688,0.00974472
-0.033905135,-0.092386391,-0.09411053
-0.032930393,-0.0404267,-0.09710996
-0.032401782,-0.063903977,-0.142851261
-0.034051347,-0.039575639,-0.187467776
-0.032165595,-0.042803671,-0.161972625
-0.033781418,-0.042518734,-0.152224478
-0.032829169,-0.034315559,-0.130478614
-0.03350774,-0.039226967,-0.104983462
-0.033380274,-0.027503325,-0.066740735
-0.033680195,-0.032279762,-0.021749291
-0.033893888,-0.026468555,-0.035996581
-0.033818908,-0.027964472,-0.015000574
-0.034321275,-0.028793038,-0.032997152
-0.034182562,-0.025966166,-0.09411053
-0.034703674,-0.029659095,-0.097484888
-0.035453476,-0.027623298,-0.115106537
-0.036315749,-0.028418121,-0.136102544
-0.037035559,-0.02779201,-0.16047291
-0.037871588,-0.024057841,-0.166846698
-0.03805154,-0.023866633,-0.125604541
-0.038283979,-0.024522738,-0.097484888
-0.039157498,-0.020991023,-0.064116234
-0.038943805,-0.025786206,-0.028123079
-0.039959786,-0.026314839,-0.052868373
-0.039352447,-0.015048595,-0.091486029
-0.040447158,-0.029246687,-0.126729327
-0.040488397,-0.013747634,-0.142476332
-0.03998228,-0.030108995,-0.110232464
-0.042115467,-0.01516107,-0.098234746
-0.039292463,-0.0168257,-0.071989737
-0.043547589,-0.033820669,-0.058117375
-0.039209984,0.003895941,-0.130103685
-0.043510099,-0.057766592,-0.170595985
-0.041324426,0.031606027,-0.182218774
-0.040203472,-0.081899974,-0.218586858
-0.047896441,0.048597247,-0.223086003
-0.027970452,-0.131194009,-0.221961217
-0.224909697,-1.474823869,-0.188217634
-0.608339694,-1.822832704,-0.084737312
-0.925708387,-1.60995131,0.002246146
-1.239268085,-1.76769372,0.100477465
-1.541370809,-1.7082207,0.253823304
-1.820222173,-1.761949998,0.335932689
-2.093686209,-1.686835457,0.32993383
-2.353582579,-1.657374511,0.282317885
-2.613190274,-1.689557351,0.179587421
-2.852729519,-1.672671108,0.150342983
-3.081809026,-1.724345863,0.173588562
-3.300503775,-1.739953641,0.121473473
-3.508187682,-1.775045835,0.220079721
-3.703503605,-1.784055081,0.314186824
-3.881607823,-1.792314493,0.224203936
-4.046125629,-1.807686074,0.250074017
-4.197161995,-1.816162938,0.226453509
-4.337937321,-1.830282297,0.187460924
-4.465546123,-1.827024272,0.228703081
-4.577622777,-1.816999002,0.182961779
-4.674995814,-1.805736507,0.208082002
-4.759431017,-1.799036748,0.225328723
-4.832439238,-1.789652585,0.205457501
-4.893937998,-1.774206021,0.208456931
-4.94247643,-1.751714775,0.15109284
-4.977660889,-1.7253019,0.099352679
-5.001028468,-1.700381194,0.017243294
-5.012444204,-1.670882756,-0.12860397
-5.012519184,-1.637605158,-0.258329301
-5.002250646,-1.603461503,-0.346062616
-4.981308676,-1.565235007,-0.391428989
-4.950135658,-1.526367403,-0.403051779
-4.910032498,-1.488984469,-0.395928133
-4.861887711,-1.448759667,-0.370058053
-4.80595998,-1.40936718,-0.357685406
-4.741784427,-1.362135186,-0.365933837
-4.669004896,-1.31033296,-0.351311618
-4.587295223,-1.257405983,-0.360684836
-4.49679787,-1.197213123,-0.386929845
-4.398165166,-1.140357021,-0.424797643
-4.291562067,-1.078338317,-0.520779391
-4.177618406,-1.018681587,-0.575893909
-4.056671594,-0.962087927,-0.593890487
-3.929655136,-0.892072252,-0.608887635
-3.796055415,-0.822427744,-0.562771405
-3.654770224,-0.755557619,-0.527528107
-3.509196166,-0.691690576,-0.503907599
-3.360349222,-0.627651072,-0.448043223
-3.205443878,-0.553856238,-0.406051208
-3.043145486,-0.466538161,-0.365558909
-2.872363084,-0.380033654,-0.325816467
-2.697205588,-0.307888453,-0.282324737
-2.517995412,-0.224754446,-0.250455798
-2.334916258,-0.151117077,-0.200215352
-2.148406759,-0.062981682,-0.107233034
-1.955332744,0.018525186,-0.112107107
-1.761051548,0.103844957,-0.127854113
-1.560771936,0.197896535,-0.063741305
-1.361632023,0.263885606,-0.03937094
-1.157318476,0.386325869,-0.084737312
-0.952135159,0.437978129,-0.127104255
-0.747484201,0.569967518,-0.10273389
-0.533786882,0.629676736,-0.098234746
-0.334973132,0.775665511,-0.06824045
-0.114216427,1.031013709,0.023617082
0.017100146,0.45941961,0.095603392
0.000934415,0.045054285,0.194959498
-0.001348732,0.147496497,0.26919538
0.003060103,0.045222998,0.270695095
-0.001446207,0.062094245,0.20883186
0.002756434,0.042812284,0.129721904
-0.000628922,0.027406961,0.068983455
0.0021266,0.029109082,-0.053243302
0.000773207,0.005845507,-0.146600548
0.001508013,0.027028295,-0.173970343
0.001984137,0.008672378,-0.195341279
0.001410539,0.015034713,-0.171720771
0.002377784,0.00641538,-0.164972054
0.001957894,0.005478089,-0.128229042
0.002790175,0.008436181,-0.063741305
0.002523995,0.004042158,-0.056992589
0.00295888,0.008226227,-0.021749291
0.00333753,0.002411271,-0.008251858
0.003547475,0.003622252,-0.019499719
0.00447348,0.005759276,-0.035621653
0.005320756,0.006734059,-0.055867803
0.006168033,0.006666574,-0.023998863
0.007135277,0.00470951,-0.025498578
0.007453943,0.002681211,-0.049868943
0.007832593,0.006122945,-0.064116234
0.008627383,0.002362532,-0.098234746
0.00829747,0.004552045,-0.143976047
0.009500903,0.002478756,-0.193841564
0.008957296,-0.007400296,-0.222711074
0.009988274,0.014112418,-0.231709363
0.010235708,-0.005555707,-0.229834719
0.009598377,0.012680237,-0.176219915
0.011945257,-0.002068982,-0.118855824
0.009002284,-0.003358695,-0.110982321
0.01321992,0.019953619,-0.043495155
0.008961045,-0.029535372,0.013119078
0.012927498,0.039081864,-0.018749861
0.011450388,-0.048892317,-0.063741305
0.009553389,0.062529148,-0.100109389
0.018359813,-0.062085632,-0.164972054
-0.002904572,0.098506145,-0.251580584
0.185456938,1.527853187,-0.251955513
0.565107934,1.935413776,-0.188967491
0.883203934,1.653528981,-0.064866091
1.198188256,1.789406255,0.030740727
1.502855303,1.7208715,0.111350398
1.783513689,1.774102159,0.201333286
2.058499824,1.712630834,0.18558628
2.319194732,1.665904978,0.257197662
2.581850373,1.700944683,0.296190247
2.826450781,1.692081655,0.270695095
3.057899663,1.733464949,0.365177128
3.277794095,1.751993327,0.35017998
3.488758386,1.795521145,0.313811896
3.688951771,1.803323159,0.341931548
3.871970941,1.81361462,0.2838176
4.040620156,1.828022665,0.29806489
4.195086866,1.83582093,0.263946379
4.338546483,1.851252497,0.171713918
4.469821817,1.850041517,0.132346405
4.587293296,1.844402771,0.051361806
4.689382588,1.830594593,0.064109382
4.777799239,1.826328042,0.105351539
4.855096328,1.820884253,0.138345264
4.920786481,1.80704983,0.200583428
4.973733749,1.78371877,0.247449516
5.013881897,1.757354635,0.198708785
5.041560838,1.73229146,0.105726467
5.056770571,1.696381948,0.094103678
5.061119423,1.669616652,-0.009001715
5.054603644,1.638629795,-0.10835782
5.037017038,1.596740363,-0.161222767
5.008850726,1.558986262,-0.305570317
4.971113191,1.518015376,-0.391428989
4.9248804,1.476583342,-0.457791369
4.870452272,1.436842183,-0.494159453
4.808346173,1.392384572,-0.463415299
4.737842291,1.343139277,-0.47466316
4.659176814,1.28967242,-0.455166868
4.572121053,1.230435598,-0.499408455
4.476645015,1.172822164,-0.565395906
4.373389782,1.114646355,-0.561646619
4.261957957,1.055323301,-0.596140059
4.143448002,0.994927986,-0.576643767
4.01871844,0.932406894,-0.531277394
3.887791763,0.867347616,-0.524528678
3.750015646,0.794351354,-0.493034667
3.606252359,0.731087927,-0.476537804
3.458792549,0.66831939,-0.486660879
3.307152593,0.596099205,-0.464540086
3.149319272,0.521786986,-0.449542938
2.982926961,0.429205081,-0.472788517
2.808972897,0.350615063,-0.48928538
2.631629728,0.277255132,-0.486660879
2.44916916,0.19230278,-0.452542367
2.263964317,0.121391054,-0.362934408
2.073900757,0.023976474,-0.282324737
1.879154684,-0.048509902,-0.212587999
1.68316019,-0.142437757,-0.140976617
1.481399719,-0.228807295,-0.121480325
1.281817422,-0.304337993,-0.101234175
1.074309719,-0.417210384,-0.101234175
0.870468547,-0.468581457,-0.09973446
0.661423749,-0.613070565,-0.064491163
0.450579427,-0.652695501,-0.051743587
0.248710235,-0.894096801,-0.015000574
0.032463589,-0.990420374,0.061484881
-0.055420704,-0.311937552,0.138345264
-0.030077396,-0.087857399,0.194959498
-0.036338243,-0.164797783,0.258322448
-0.035041085,-0.059967353,0.271819881
-0.033788916,-0.092116451,0.197583999
-0.035637178,-0.051779174,0.167214774
-0.03305411,-0.059539948,0.106851253
-0.03600833,-0.050331996,-0.007127072
-0.033590218,-0.040565419,-0.038996011
-0.03513856,-0.050433224,-0.095610245
-0.034654937,-0.028031957,-0.135727616
-0.03464369,-0.038327167,-0.137977188
-0.035277273,-0.02900674,-0.1747202
-0.034864882,-0.030476413,-0.157098552
-0.03543848,-0.029977774,-0.170221056
-0.03525103,-0.029812811,-0.157848409
-0.035847122,-0.032812144,-0.115856395
-0.035865867,-0.02500638,-0.122230182
-0.0361208,-0.027953224,-0.093360672
-0.037136782,-0.029407901,-0.084737312
-0.037822851,-0.025212584,-0.055492874
-0.038497672,-0.027184645,-0.027373221
-0.039622376,-0.025606247,-0.040870654
-0.039779834,-0.023064312,-0.041245583
-0.040289699,-0.02981656,-0.06524102
-0.040522138,-0.021249716,-0.118480895
-0.040585871,-0.026775986,-0.204714496
-0.041778056,-0.024593972,-0.242957224
-0.040743329,-0.020807314,-0.260953801
-0.042475372,-0.028688061,-0.277450664
-0.041354418,-0.011824312,-0.23245922
-0.042494117,-0.034934172,-0.172095699
-0.0429365,-0.007895186,-0.101234175
-0.041620598,-0.033262043,-0.066365806
-0.045054691,-0.015194813,-0.024373792
-0.040016022,-0.014823645,0.007495148
-0.047112897,-0.043531009,-0.034121938
-0.03930371,0.025348669,-0.058117375
-0.047832707,-0.103787605,-0.082112811
-0.03998228,0.118834123,-0.135352687
-0.054123546,-0.48169229,-0.20358971
-0.336716422,-1.746694641,-0.200215352
-0.713596899,-1.722816203,-0.13722733
-1.020337148,-1.666177552,-0.107982892
-1.340487606,-1.783241511,0.011244435
-1.633300283,-1.73262777,0.132346405
-1.913778718,-1.78257416,0.162340701
-2.182586484,-1.675640447,0.26919538
-2.44355507,-1.70084609,0.318685969
-2.700913359,-1.713012134,0.30406375
-2.938011999,-1.719528184,0.43941301
-3.165460686,-1.760334107,0.504275675
-3.380278959,-1.782836602,0.470157164
-3.587741675,-1.824354866,0.521897324
-3.781006889,-1.828591423,0.488903599
-3.957948914,-1.844499135,0.411293358
-4.12080216,-1.853129715,0.388047778
-4.270009009,-1.866694197,0.264321307
-4.409194754,-1.879733797,0.136470621
-4.535633865,-1.87809916,0.088104818
-4.647470582,-1.870090942,0.033365228
-4.743520219,-1.857658707,0.022117367
-4.827040663,-1.848694452,0.05023702
-4.89938156,-1.835054986,0.1192239
-4.959271995,-1.82240155,0.17133899
-5.007656718,-1.801563686,0.143969195
-5.042826181,-1.772421418,0.139844979
-5.065050312,-1.746642153,0.109850683
-5.076968415,-1.718414682,0.027741298
-5.077890671,-1.684203542,-0.029247865
-5.067479671,-1.647199274,-0.095235316
-5.046657669,-1.611154792,-0.207713926
-5.015417169,-1.568837955,-0.272201662
-4.974912865,-1.529370485,-0.320942393
-4.926408173,-1.490184202,-0.427797073
-4.869888099,-1.444013223,-0.459291084
-4.805446366,-1.402761149,-0.467164586
-4.732869281,-1.348431985,-0.514405603
-4.651639481,-1.293570439,-0.556397617
-4.562094378,-1.241487024,-0.585642056
-4.464638863,-1.178126119,-0.589766271
-4.358650601,-1.118375661,-0.605888205
-4.244718187,-1.054666083,-0.585267127
-4.124026308,-0.993453449,-0.543275113
-3.996481239,-0.928892811,-0.509156601
-3.862637833,-0.857182513,-0.457791369
-3.722203667,-0.788074136,-0.440919577
-3.575857313,-0.723554738,-0.445793651
-3.426485508,-0.661715994,-0.421798214
-3.272723611,-0.58940208,-0.410925281
-3.111384966,-0.508030182,-0.45741644
-2.941138673,-0.416981685,-0.485911021
-2.765456315,-0.340131281,-0.50353267
-2.586148665,-0.256817314,-0.52677825
-2.402233481,-0.180885455,-0.473163446
-2.215705238,-0.098141361,-0.39105406
-2.02230131,-0.004385967,-0.343063187
-1.827510248,0.062664118,-0.253455227
-1.627946697,0.168671786,-0.155223908
-1.426999761,0.235913079,-0.142851261
-1.225486725,0.345861121,-0.121105396
-1.017469156,0.414703307,-0.048744157
-0.815176325,0.510198314,-0.001128212
-0.599998147,0.631705035,-0.000753284
-0.398170194,0.684587021,0.036364658
-0.18252339,1.015574643,0.098602822
-0.002818344,0.701956907,0.126347546
0.011439141,0.079790308,0.18858571
-0.005240205,0.126028772,0.262071735
0.004855879,0.082557193,0.274069454
-0.001742378,0.044128241,0.220454649
0.002647712,0.054554672,0.177712778
0.00045829,0.016369416,0.122973187
0.00144428,0.039036874,0.020242724
0.001912906,0.010753165,-0.01612536
0.000971905,0.024231417,-0.020999433
0.002786426,0.010738169,-0.031872366
0.001500515,0.008901077,-0.033747009
0.002508999,0.011030604,-0.053243302
0.00239278,0.002842425,-0.037871225
0.002700198,0.01208037,-0.034871795
0.002793924,0.005436848,-0.058492303
0.003022613,0.003948429,-0.06524102
0.003581216,0.003599757,-0.093735601
0.003644949,0.004375834,-0.120355539
0.004368508,0.007536381,-0.147725334
0.00530576,0.008361197,-0.139851831
0.006220519,0.00362975,-0.104983462
0.007251497,0.005035687,-0.090361243
0.007795103,0.000881611,-0.067490592
0.007870083,0.004507055,-0.078363524
0.008559901,0.006044213,-0.110982321
0.0083762,0.000131778,-0.150349835
0.009718345,0.009939596,-0.19496635
0.009515899,-0.003347448,-0.23245922
0.00981207,0.010232031,-0.267327589
0.010745574,-0.005282018,-0.251955513
0.00935844,0.003603506,-0.209963498
0.012155202,0.007307682,-0.138727045
0.009515899,-0.011813065,-0.052868373
0.012912502,0.023669042,-0.023998863
0.010198218,-0.025868688,-0.010126501
0.01178405,0.037346,-0.028498007
0.013613567,-0.042826166,-0.100109389
0.007671386,0.030976167,-0.141351546
0.020774176,-0.011329422,-0.19796578
-0.005423906,-0.027042177,-0.258329301
0.137649562,1.31350212,-0.248581154
0.509596342,1.974333868,-0.19496635
0.838755671,1.66584874,-0.03074758
1.149916003,1.782354074,0.075357242
1.460611458,1.743130299,0.137595407
1.742469528,1.782372819,0.252323589
2.020244926,1.744641213,0.234327011
2.281730875,1.676113957,0.259447234
2.5446377,1.722326177,0.314186824
2.792068611,1.703629086,0.320560612
3.024638446,1.741645629,0.359928126
3.246152451,1.759060505,0.360677983
3.457450403,1.806648669,0.402295069
3.659810716,1.828033912,0.457034659
3.845349221,1.831655607,0.412793073
4.016551512,1.849771577,0.421041504
4.173226389,1.845951177,0.406794213
4.318133123,1.868318701,0.297315033
4.451691605,1.871445505,0.241075728
4.571738654,1.858132217,0.130096833
4.676373523,1.854424292,0.085855246
4.766825887,1.841294712,0.125597688
4.845585089,1.837275606,0.140594836
4.912861074,1.828918715,0.214830719
4.967952776,1.803735567,0.25194866
5.010207867,1.779478463,0.199833571
5.039757564,1.751059785,0.139095122
5.057197959,1.718288325,0.076856957
5.063826208,1.690424523,-0.037496296
5.059158691,1.654155091,-0.139101974
5.043978949,1.613409155,-0.224210789
5.018616897,1.578860591,-0.3393139
4.982453946,1.533162006,-0.469414159
4.937578297,1.491887438,-0.511031244
4.884638526,1.454455764,-0.487410736
4.823417193,1.403984492,-0.502407884
4.754502891,1.353108309,-0.458916155
4.677464485,1.305340185,-0.429671716
4.592118272,1.25456523,-0.504282528
4.499214055,1.196205712,-0.583392483
4.397927052,1.137688729,-0.608512706
4.288470956,1.07308685,-0.626134355
4.171891741,1.009635964,-0.655753723
4.048271885,0.949788028,-0.570269979
3.918421175,0.879596142,-0.48628595
3.78169478,0.81226112,-0.507656886
3.638501343,0.74591213,-0.463040371
3.491607634,0.682866154,-0.434170861
3.341238592,0.618114308,-0.441294506
3.184994851,0.542594857,-0.425172572
3.02114062,0.456682719,-0.462290513
2.849072308,0.372738892,-0.48628595
2.672681387,0.299206499,-0.537651182
2.491641694,0.211517255,-0.570269979
2.306538075,0.136488945,-0.488160594
2.117850401,0.043513378,-0.410550353
1.92279316,-0.035728995,-0.308944675
1.727016109,-0.114727672,-0.199465495
1.525817989,-0.210031471,-0.160097981
1.326464382,-0.27522197,-0.144725904
1.121704703,-0.395026569,-0.149599977
0.916060258,-0.44977564,-0.120730468
0.710929427,-0.581420106,-0.093735601
0.496853457,-0.644672286,-0.07686381
0.29742862,-0.806939939,-0.018000004
0.077080557,-1.051689245,0.031865513
-0.05138302,-0.472694292,0.104226752
-0.03453122,-0.071188607,0.196834141
-0.032682958,-0.173822026,0.286442101
-0.036270761,-0.070487513,0.321685398
-0.031936905,-0.084816825,0.298814748
-0.036068314,-0.064860015,0.254573161
-0.032379288,-0.050639428,0.158216485
-0.03513856,-0.059041309,0.043863232
-0.033522736,-0.035466553,-0.035246724
-0.034223801,-0.049255986,-0.05961709
-0.034711172,-0.032590943,-0.069365236
-0.033841402,-0.038908287,-0.060741876
-0.034714921,-0.031676146,-0.040495726
-0.034261291,-0.029362911,-0.041995441
-0.034868631,-0.029467887,-0.0479943
-0.034632443,-0.0253663,-0.060741876
-0.035089822,-0.028886767,-0.08248774
-0.035202293,-0.023952864,-0.109857535
-0.035442229,-0.027908234,-0.149225049
-0.036480705,-0.030315199,-0.200590281
-0.037121786,-0.027083418,-0.212962928
-0.038029046,-0.028905513,-0.200215352
-0.039067522,-0.028740549,-0.190092277
-0.039108761,-0.0224457,-0.122605111
-0.039551144,-0.026528541,-0.077238738
-0.040128492,-0.020424899,-0.103858676
-0.039881057,-0.023577948,-0.135727616
-0.040919533,-0.025291317,-0.202464924
-0.040147237,-0.01714063,-0.270327019
-0.041830542,-0.031361216,-0.30182103
-0.041264442,-0.011261937,-0.257579443
-0.04157561,-0.031556173,-0.152599407
-0.042895261,-0.015401017,-0.082112811
-0.040462154,-0.026899709,-0.001503141
-0.044784762,-0.025381297,0.071607955
-0.039648619,-0.005102058,0.049862091
-0.045785748,-0.056720575,-0.015750432
-0.040398421,0.031028655,-0.041995441
-0.043840012,-0.094260974,-0.088861528
-0.045009703,0.088150948,-0.169846127
-0.037695384,-0.290751015,-0.254954942
-0.27745957,-1.623710749,-0.277075736
-0.661174492,-1.779548583,-0.200215352
-0.972975905,-1.642302863,-0.118105967
-1.291810461,-1.792426968,0.043488303
-1.590610307,-1.736054508,0.223454079
-1.871587359,-1.793622952,0.320560612
-2.143874206,-1.697381861,0.370801058
-2.404235453,-1.699563876,0.329183972
-2.664499225,-1.729234775,0.292815889
-2.905013213,-1.723273601,0.370426129
-3.133849034,-1.766092826,0.436413581
-3.350241891,-1.785393533,0.416167431
-3.559005513,-1.833364112,0.475781094
-3.755427394,-1.840240082,0.493777672
-3.934828769,-1.851914985,0.378674561
-4.100437537,-1.865974358,0.367051771
-4.251245213,-1.874196279,0.317936111
-4.391956806,-1.893290781,0.255697947
-4.520971487,-1.892229767,0.255697947
-4.635979867,-1.882781869,0.153717341
-4.735658545,-1.869041175,0.106851253
-4.820708585,-1.856905125,0.103851824
-4.8952539,-1.851652543,0.148843268
-4.957644925,-1.832760496,0.253823304
-5.00712061,-1.810272998,0.23770137
-5.044888136,-1.786675748,0.234327011
-5.06975532,-1.754852827,0.256072876
-5.083409214,-1.728499939,0.130471761
-5.086209725,-1.696905717,-0.010876359
-5.078213086,-1.659691495,-0.091860958
-5.059966655,-1.622443531,-0.215962357
-5.030656894,-1.579961731,-0.36818341
-4.992030844,-1.540400531,-0.494534382
-4.945059498,-1.500873074,-0.566520692
-4.889750354,-1.454267192,-0.61901071
-4.826703252,-1.409292196,-0.621260282
-4.755370839,-1.361707781,-0.582267697
-4.675625647,-1.307142419,-0.548899043
-4.587775096,-1.251632268,-0.508406743
-4.492040377,-1.192286719,-0.556397617
-4.388537709,-1.132513766,-0.61038735
-4.276757227,-1.068361786,-0.605513277
-4.157160059,-1.005207085,-0.601014132
-4.031208319,-0.94071768,-0.546274542
-3.89884952,-0.870327089,-0.457791369
-3.759138914,-0.804319272,-0.392178846
-3.613527365,-0.733205092,-0.376431841
-3.465047824,-0.677713686,-0.352436404
-3.31248936,-0.611031019,-0.328815896
-3.1531002,-0.520102496,-0.401552064
-2.985335752,-0.438903059,-0.45179251
-2.810631886,-0.357467424,-0.458166298
-2.63259515,-0.280193364,-0.542900184
-2.449774677,-0.204269003,-0.570644908
-2.264296157,-0.117974449,-0.47203866
-2.072264366,-0.023371744,-0.383555486
-1.876798483,0.049958194,-0.28719881
-1.678850755,0.15103571,-0.151474621
-1.476516685,0.219570464,-0.072739594
-1.276053372,0.312928447,-0.055492874
-1.067717137,0.411925175,-0.052118516
-0.865570518,0.475098622,-0.053993159
-0.653395297,0.617949345,-0.069740164
-0.446824846,0.646544234,-0.054368088
-0.23924966,0.939462824,0.019867795
-0.033436509,0.869612113,0.076856957
0.019072125,0.171393681,0.117724186
-0.005746321,0.087337379,0.19158514
0.004574703,0.118852869,0.23770137
-0.000235276,0.026717114,0.210706503
0.001676719,0.06301279,0.214080862
0.001807934,0.021749469,0.219329863
0.000825693,0.03797586,0.160091129
0.003157578,0.019844893,0.117724186
0.001125614,0.017824092,0.052486592
0.003003868,0.01860017,-3.43e-06
0.001912906,0.005463092,0.006370362
0.002647712,0.008196234,-0.012001145
0.002962629,0.004675767,0.001871217
0.002752685,0.008646134,0.01274415
0.003393765,0.001946374,-0.004877499
0.003356275,0.007243946,-0.001128212
0.003824901,0.004195874,-0.043120227
0.003914878,0.004353339,-0.111732179
0.004525966,0.006974006,-0.183343561
0.005631924,0.007480143,-0.190467206
0.006475451,0.006032965,-0.179969202
0.007457692,0.001279023,-0.193466635
0.00803504,0.001481478,-0.146975477
0.008023793,0.002265054,-0.118855824
0.009103507,0.004848229,-0.095235316
0.008994786,1.93e-05,-0.093735601
0.009710847,0.009054793,-0.115106537
0.010014517,-0.004580924,-0.155973765
0.009905796,0.003708482,-0.237333293
0.011311674,0.001717675,-0.264703088
0.009680855,-0.001229169,-0.297321885
0.012391389,0.013040157,-0.249331012
0.010100744,-0.013713892,-0.152599407
0.012552597,0.021738222,-0.073489451
0.01193401,-0.026164872,0.037489444
0.010524382,0.030305066,0.04723759
0.015461828,-0.015824672,0.047612519
0.006625412,0.002951151,0.014618793
0.02143775,0.035801343,-0.045744728
-0.003470672,-0.118638052,-0.094860387
0.09221531,1.057344102,-0.158973195
0.445424538,1.982848224,-0.118105967
0.788174029,1.68373976,-0.023249006
1.095424143,1.760503934,0.05586095
1.411368212,1.760248991,0.101602252
1.695483186,1.768204721,0.166089988
1.975560476,1.772579998,0.161965772
2.238962169,1.67402942,0.147343553
2.502202655,1.717838425,0.203582858
2.753956175,1.707996864,0.186711066
2.989131572,1.741521907,0.239201084
3.213116175,1.764624268,0.299939534
3.425216416,1.804440411,0.308937823
3.630377239,1.830429629,0.449536085
3.819503546,1.832866587,0.500901317
3.993993719,1.853670709,0.517023251
4.153326644,1.849179208,0.578886487
4.299766723,1.86877235,0.487778813
4.435413403,1.878936339,0.378299632
4.55842217,1.869964585,0.232077439
4.667060982,1.863171096,0.15671677
4.760126406,1.845362557,0.163090558
4.841194998,1.838014192,0.110225612
4.911263995,1.828952458,0.153342412
4.968916271,1.807885894,0.211456361
5.013851905,1.784086188,0.16271563
5.045954678,1.751854608,0.094478606
5.065944399,1.724864362,0.065609096
5.074728329,1.688186271,0.022117367
5.072696366,1.652685418,-0.018000004
5.060174673,1.620933732,-0.057367517
5.0371595,1.574721511,-0.154848979
5.004014503,1.540896536,-0.284949238
4.961924367,1.500694229,-0.36518398
4.911140278,1.448625811,-0.392928704
4.85228457,1.410897954,-0.454791939
4.785304757,1.364449536,-0.502782813
4.709391054,1.3048228,-0.541400469
4.625596931,1.25384539,-0.650129792
4.533903645,1.198039054,-0.747236325
4.434303696,1.140073199,-0.785479053
4.327374433,1.077679578,-0.79485227
4.213044624,1.014371161,-0.762233473
4.091610441,0.957972457,-0.671500728
3.963405546,0.888879077,-0.566895621
3.828598644,0.822661307,-0.510281387
3.686612389,0.752019521,-0.445793651
3.539328782,0.687185193,-0.364809051
3.389360884,0.630771493,-0.330315611
3.234661735,0.553160007,-0.328815896
3.072700754,0.471776861,-0.344187973
2.902551935,0.388770326,-0.387304773
2.726907068,0.311987406,-0.459666012
2.547217019,0.229018362,-0.548524114
2.363253098,0.15413627,-0.552273401
2.175585155,0.066855685,-0.483286521
1.980587898,-0.026431063,-0.448043223
1.784923317,-0.096990367,-0.355060905
1.584193824,-0.196823159,-0.284199381
1.382489588,-0.258688148,-0.263578302
1.179578171,-0.370758218,-0.190842134
0.971541857,-0.44011029,-0.123729897
0.76908407,-0.538657119,-0.0479943
0.553977123,-0.648413953,-0.008626786
0.353326359,-0.726629054,0.040488873
0.136997235,-1.045724322,0.107976039
-0.034808647,-0.683956047,0.100852394
-0.042790289,-0.100960734,0.14246948
-0.028574043,-0.158911593,0.240325871
-0.037639149,-0.102636611,0.28081817
-0.030980907,-0.075897559,0.235826726
-0.035232285,-0.080194103,0.149593125
-0.032495507,-0.041832637,0.07910653
-0.033815159,-0.064282643,0.008994863
-0.033706438,-0.035905206,-0.063741305
-0.032900401,-0.04847241,-0.081362954
-0.034310028,-0.036227634,-0.0479943
-0.033080353,-0.033801923,-0.013125931
-0.034103833,-0.033359522,0.033365228
-0.033702689,-0.029842804,0.065234168
-0.034253793,-0.036321363,0.077606815
-0.034317526,-0.031132517,0.085855246
-0.034411252,-0.032935866,0.085855246
-0.034853635,-0.025729969,0.052861521
-0.034876129,-0.027552064,-0.0479943
-0.035697162,-0.029647847,-0.138352117
-0.036563183,-0.026989689,-0.20958857
-0.037223009,-0.02563624,-0.25270537
-0.03831772,-0.027012184,-0.256829586
-0.038741358,-0.025385046,-0.237708222
-0.038940056,-0.025703725,-0.197215922
-0.039884806,-0.025283818,-0.19796578
-0.039318706,-0.024548982,-0.229459791
-0.040368428,-0.025021377,-0.275201092
-0.03998228,-0.018640296,-0.297321885
-0.040773322,-0.033318281,-0.294697384
-0.041088238,-0.010197174,-0.229834719
-0.040357181,-0.030701363,-0.118105967
-0.042689066,-0.023630436,-0.025123649
-0.039997277,-0.017526794,0.052486592
-0.044064952,-0.041562697,0.072357813
-0.039903551,-0.000760523,0.062234738
-0.043896247,-0.05961868,-0.009376644
-0.042250432,0.027354472,-0.050243872
-0.040372177,-0.08002914,-0.064491163
-0.048983653,0.041312617,-0.150724764
-0.027483081,-0.108526551,-0.224960646
-0.217554139,-1.449123336,-0.261703659
-0.60135154,-1.833277881,-0.210713356
-0.92175693,-1.619361716,-0.111732179
-1.236988687,-1.788839016,0.048362376
-1.54242803,-1.736129492,0.226828437
-1.823663764,-1.790301191,0.308937823
-2.099534665,-1.718755856,0.354679124
-2.360645714,-1.686479286,0.339681976
-2.622461576,-1.731847944,0.291316174
-2.866390912,-1.718699619,0.35580391
-3.097483637,-1.760094161,0.439038082
-3.316170888,-1.776560498,0.39629621
-3.525808029,-1.823781243,0.418042074
-3.725427816,-1.838174292,0.418791932
-3.908102077,-1.846928594,0.297315033
-4.076695057,-1.860350609,0.316061468
-4.230426961,-1.865168287,0.299189676
-4.373627896,-1.88317928,0.238826156
-4.505311872,-1.883531702,0.259072306
-4.623113264,-1.878121655,0.203582858
-4.72605733,-1.865172036,0.17133899
-4.814582703,-1.85346714,0.172838705
-4.891463651,-1.845593891,0.221579436
-4.956932613,-1.829487474,0.29244096
-5.010520962,-1.808668355,0.310062609
-5.050901548,-1.779927249,0.328809044
-5.07831431,-1.75182725,0.256447805
-5.094813703,-1.724454589,0.118474043
-5.099852372,-1.691146998,-0.013875788
-5.094003916,-1.656943356,-0.118480895
-5.078617979,-1.621536233,-0.197590851
-5.05229618,-1.582803599,-0.33069054
-5.015960775,-1.538454714,-0.465289943
-4.971602489,-1.496182868,-0.556022688
-4.91865897,-1.454390914,-0.618260853
-4.857685071,-1.407215158,-0.637757145
-4.788575821,-1.359049623,-0.632883072
-4.71037897,-1.305440298,-0.576268838
-4.624211724,-1.250612495,-0.54402497
-4.529841645,-1.194847399,-0.583017555
-4.427489923,-1.136525373,-0.593515558
-4.317782643,-1.074877837,-0.62201014
-4.200449877,-1.010062255,-0.623509854
-4.076616328,-0.950281803,-0.563896191
-3.945940835,-0.879606275,-0.500158312
-3.808119729,-0.805511507,-0.425547501
-3.663734107,-0.740902129,-0.423297929
-3.514939649,-0.677871151,-0.430796503
-3.362876055,-0.615653741,-0.411675139
-3.204652837,-0.536820027,-0.452167438
-3.038380494,-0.448980817,-0.479912162
-2.864602634,-0.373450119,-0.467164586
-2.687311951,-0.292381902,-0.490785095
-2.505556197,-0.209187909,-0.510281387
-2.320617534,-0.137533848,-0.424422715
-2.130598962,-0.04078287,-0.346437545
-1.934716938,0.033169429,-0.289823311
-1.737807686,0.12743471,-0.156348694
-1.534828787,0.213504313,-0.083987455
-1.334256752,0.282785152,-0.073114523
-1.126775291,0.40106759,-0.073489451
-0.921591974,0.45208999,-0.092985744
-0.713401951,0.597347678,-0.099359532
-0.501118008,0.631262633,-0.084362384
-0.300036108,0.839532554,-3.43e-06
-0.080175417,1.00034928,0.063734453
0.021782659,0.338239066,0.080606244
-0.002203507,0.054014792,0.132721334
0.002212827,0.142483862,0.200583428
0.002625218,0.031917207,0.206207359
0.000398306,0.069011456,0.186336138
0.003461247,0.026031017,0.212956075
0.000428298,0.027504439,0.184461494
0.003742423,0.031827227,0.143594266
0.001770444,0.011712952,0.083605674
0.002962629,0.026694619,-0.013875788
0.002835163,0.007652605,-0.038996011
0.002786426,0.016609363,-0.060366947
0.003607459,0.007982532,-0.049494015
0.003045107,0.00628041,-0.015750432
0.003629953,0.009909603,-0.030372651
0.003543726,0.001552712,-0.017625075
0.004199802,0.003978422,-0.034496867
0.004428492,0.005616808,-0.09973446
0.004717166,-0.000434346,-0.136852402
0.005748144,0.004544546,-0.149599977
0.006681647,0.006827789,-0.148100263
0.007637645,0.007930043,-0.146975477
0.008454929,0.008451177,-0.155973765
0.008484921,-0.002590116,-0.163472339
0.009392181,0.000420464,-0.152974336
0.009414675,-0.002661351,-0.153349264
0.009872055,0.007862558,-0.165721912
0.010584366,0.001500224,-0.219336716
0.00996578,0.003022385,-0.293947527
0.012031484,0.005823012,-0.328440967
0.010156979,-0.002425153,-0.343813044
0.012432628,0.01482101,-0.274451235
0.011349164,-0.020724832,-0.146225619
0.011626591,0.020830924,-0.012001145
0.013422367,-0.020233692,0.105351539
0.010014517,0.012241584,0.122973187
0.016691504,0.006527855,0.0761071
0.00693658,-0.028365633,0.048737305
0.020433016,0.069213911,0.005245576
0.001939149,-0.155754795,-0.103858676
0.055538745,0.791569473,-0.133478043
0.38111777,1.951100286,-0.132353257
0.73878832,1.73278635,-0.10835782
1.043267916,1.728632274,-0.015750432
1.362507364,1.771578971,0.02999087
1.649887726,1.746073394,0.156341842
1.931063476,1.783006429,0.20583243
2.197089477,1.679536945,0.196459213
2.459910074,1.712008472,0.244075158
2.715513826,1.703197932,0.199458642
2.953039853,1.731984028,0.286067172
3.179821217,1.762565976,0.371175987
3.393364827,1.789042586,0.332933259
3.600407653,1.827951431,0.428165149
3.792724368,1.827441544,0.464908162
3.969625154,1.843472978,0.411293358
4.131927295,1.849779075,0.4105435
4.281137893,1.861813898,0.344556049
4.419296409,1.873526292,0.308937823
4.545101938,1.870163291,0.247449516
4.656968647,1.859530656,0.142094551
4.752905813,1.845572511,0.112100255
4.836516234,1.833368975,0.089604533
4.909052079,1.820441851,0.143219337
4.969583595,1.80354436,0.203957787
5.017953322,1.779141038,0.20883186
5.053340227,1.754291566,0.218580006
5.076231682,1.720856504,0.210331575
5.087587434,1.67892958,0.154842127
5.088179777,1.655351075,0.061859809
5.077971223,1.617555733,-0.014250717
5.057197959,1.573709237,-0.11998061
5.026279873,1.540619097,-0.257579443
4.985805561,1.494076951,-0.386929845
4.93756705,1.460072015,-0.51215603
4.8813319,1.407831136,-0.566520692
4.816522764,1.349932766,-0.609262564
4.743390826,1.30994791,-0.660627796
4.661564933,1.250527378,-0.656128651
4.571423737,1.198039054,-0.680124088
4.473177181,1.141929036,-0.729614676
4.367320134,1.07982785,-0.756984472
4.254227499,1.024872575,-0.767857404
4.134229187,0.958077434,-0.708618669
4.008134984,0.895065201,-0.595015273
3.875547497,0.829619759,-0.50953153
3.735784404,0.756447286,-0.420298499
3.589947915,0.692880177,-0.371182839
3.440313679,0.633984528,-0.353936119
3.286394324,0.560703329,-0.32769111
3.125812979,0.475544773,-0.377931556
2.956642652,0.394064148,-0.436795362
2.781451414,0.325728099,-0.495284239
2.603395933,0.245158522,-0.57289448
2.420020607,0.165991133,-0.59314063
2.233852269,0.08935818,-0.537651182
2.04101819,-0.013653905,-0.460790799
1.844802505,-0.079646725,-0.37680677
1.645996254,-0.173387123,-0.286448953
1.442916131,-0.248782851,-0.219711644
1.241466828,-0.341690934,-0.160847839
1.032249576,-0.436372372,-0.122605111
0.828873281,-0.503261242,-0.075364095
0.615307177,-0.641534234,-0.037496296
0.40891293,-0.674579383,-0.000753284
0.20101158,-0.978509274,0.061109952
-0.002222252,-0.880468583,0.092229034
-0.050756935,-0.187120318,0.110225612
-0.026429609,-0.118443095,0.127472332
-0.036825614,-0.13964088,0.166839845
-0.031468279,-0.059247513,0.149968054
-0.033286549,-0.089642002,0.11359997
-0.03324156,-0.04361724,0.121098544
-0.032229328,-0.064545085,0.049862091
-0.033890139,-0.042020095,0.00674529
-0.032019383,-0.042185059,-0.004127642
-0.033807661,-0.041978854,-0.050993729
-0.032686707,-0.033528234,-0.017625075
-0.033530234,-0.03831217,0.020617652
-0.033601465,-0.028080696,0.033740157
-0.033503991,-0.035957694,0.07310767
-0.033830155,-0.028249409,0.085105389
-0.033732681,-0.029539122,0.092978891
-0.034238797,-0.030288955,0.053986307
-0.034208805,-0.029085473,-0.03637151
-0.034879878,-0.028118188,-0.12298004
-0.035967091,-0.026817227,-0.200590281
-0.036660658,-0.030146487,-0.219336716
-0.037541675,-0.02563624,-0.254205085
-0.03835521,-0.024612718,-0.257579443
-0.038415194,-0.026104886,-0.21221307
-0.039071271,-0.02240071,-0.209213641
-0.038842581,-0.025883685,-0.196091136
-0.039918547,-0.029689088,-0.20958857
-0.039761089,-0.014778655,-0.229834719
-0.039956037,-0.032261016,-0.275950949
-0.040998262,-0.018715279,-0.304070602
-0.039689858,-0.022509435,-0.256079728
-0.04233291,-0.02347672,-0.212587999
-0.039461168,-0.011749329,-0.110232464
-0.042891512,-0.044348327,-0.027373221
-0.040342185,0.01028077,0.018743009
-0.041481884,-0.057350435,0.026616511
-0.043843761,0.011607975,-0.006002285
-0.037414209,-0.051475492,-0.006002285
-0.050895649,-0.015344779,-0.065990877
-0.024273929,0.01905007,-0.109107678
-0.164074511,-1.231379273,-0.153349264
-0.539410397,-1.872861576,-0.13722733
-0.872644899,-1.616523598,-0.03337208
-1.183996431,-1.770610571,0.050611948
-1.495704118,-1.744205195,0.216705362
-1.777693404,-1.780137202,0.300314463
-2.056289835,-1.740538511,0.294690532
-2.318679296,-1.675093069,0.310812466
-2.582006009,-1.72939224,0.255697947
-2.830295443,-1.712513495,0.269945238
-3.063630077,-1.750769985,0.325809614
-3.284926639,-1.767644981,0.268445523
-3.495714726,-1.809991811,0.313436967
-3.698479932,-1.834920016,0.399670568
-3.884389589,-1.839568981,0.338182261
-4.056315439,-1.855600415,0.362927555
-4.213189013,-1.860493077,0.404169712
-4.358080751,-1.876558253,0.334432974
-4.491830432,-1.87819289,0.28081817
-4.612691017,-1.874537453,0.21445579
-4.719144156,-1.860920482,0.159341271
-4.809892692,-1.846977333,0.145843838
-4.8893867,-1.840896186,0.180712207
-4.95800483,-1.824204899,0.221579436
-5.01408627,-1.805957708,0.217830149
-5.058118393,-1.780024727,0.216330434
-5.088699067,-1.746285982,0.160466057
-5.107009232,-1.718118498,0.075357242
-5.114885902,-1.686700487,0.010494577
-5.111309347,-1.64964373,-0.064491163
-5.097355531,-1.613374298,-0.148100263
-5.073714274,-1.574011805,-0.237708222
-5.039538299,-1.532519784,-0.334439827
-4.997002032,-1.492227497,-0.449168009
-4.946547855,-1.448549713,-0.499033526
-4.887437214,-1.403687193,-0.517405032
-4.820701087,-1.357381244,-0.565020977
-4.745529688,-1.305144114,-0.563146334
-4.661383158,-1.247631908,-0.595015273
-4.569067536,-1.190764558,-0.686122947
-4.468575323,-1.133282345,-0.741987324
-4.360176448,-1.072320905,-0.746486468
-4.244515741,-1.008930007,-0.711993028
-4.1219756,-0.946206459,-0.65350415
-3.993365812,-0.886950891,-0.556772546
-3.85787659,-0.816695269,-0.482161734
-3.715159278,-0.745367386,-0.444293936
-3.56784193,-0.684878342,-0.393303633
-3.416824309,-0.61758831,-0.358810192
-3.260183173,-0.541757679,-0.351311618
-3.095837822,-0.457757615,-0.39105406
-2.923072194,-0.372805262,-0.440544649
-2.746092679,-0.303220741,-0.482161734
-2.565034241,-0.223393499,-0.539150897
-2.380358008,-0.148818838,-0.492659738
-2.192495117,-0.060672196,-0.398552634
-1.997047979,0.026720863,-0.332940112
-1.801027242,0.101396752,-0.234333864
-1.599150551,0.195845742,-0.188967491
-1.397461311,0.261786073,-0.184093418
-1.192337978,0.383742694,-0.161972625
-0.983668082,0.439957689,-0.108732749
-0.778814677,0.555874403,-0.061866662
-0.562324346,0.640343113,-0.023623934
-0.36163984,0.740723284,0.061484881
-0.140845646,1.042849826,0.090354391
0.012432628,0.561314443,0.115849542
0.006156786,0.04310097,0.153342412
-0.001678645,0.14213144,0.191210211
0.005463219,0.058393818,0.245199944
-0.000482711,0.05501207,0.179587421
0.004304775,0.051705306,0.123723045
0.001148108,0.023751524,0.083605674
0.003453749,0.038313285,0.011994292
0.002553987,0.009988335,-0.022124219
0.002666457,0.025712338,-0.055492874
0.003746172,0.005957982,-0.031497437
0.002827665,0.014472338,-0.011251287
0.003903631,0.008443679,-0.007127072
0.003390016,0.004582038,0.04161366
0.004301026,0.010978115,0.074982314
0.004109826,-0.00369612,0.083230745
0.004405998,0.007506388,0.08772989
0.00481464,0.004203372,0.04161366
0.004855879,0.004338342,-0.0479943
0.005781885,0.009545934,-0.094860387
0.006599169,0.002936154,-0.167221626
0.007570162,0.00524564,-0.233958935
0.00845118,0.005328122,-0.210713356
0.008796089,0.002744947,-0.206964069
0.009174739,0.007176461,-0.201340138
0.009909545,0.003877195,-0.205089425
0.009684604,-0.00046059,-0.250830727
0.010854295,-0.000138162,-0.280825023
0.010314438,-0.00298003,-0.319442679
0.011210451,0.012162852,-0.330315611
0.011502874,-0.006084339,-0.320192536
0.010884287,0.009141024,-0.21821193
0.013197426,-0.00414602,-0.115481466
0.010355677,-0.001165433,-0.094485459
0.01469703,0.017524159,0.026241583
0.010460649,-0.027638294,0.064859239
0.014284639,0.042812284,0.065234168
0.01299498,-0.048682363,0.068233597
0.010640602,0.059331109,0.002246146
0.019495763,-0.059101296,-0.03337208
-0.001562426,0.091022809,-0.128229042
0.185175762,1.511109412,-0.151099692
0.56409945,1.932748119,-0.098984603
0.882109223,1.64553201,0.012369221
1.196313751,1.787261732,0.094478606
1.500358462,1.730274409,0.122598259
1.780548223,1.778102519,0.175463205
2.05514446,1.71116116,0.126722474
2.315591934,1.666471102,0.158591414
2.57800014,1.712177184,0.17996235
2.821764519,1.699441268,0.164590273
3.052726029,1.737465309,0.289066602
3.272298047,1.752079558,0.347555479
3.48272248,1.790159837,0.394046638
3.682259788,1.805055274,0.484029526
3.864277973,1.815058049,0.452910443
4.032406075,1.825259529,0.460409017
4.186737821,1.829867254,0.442787369
4.330249924,1.84688097,0.32993383
4.461124114,1.848744305,0.245574872
4.578370652,1.838760276,0.122973187
4.680711127,1.821457875,0.089229604
4.768842854,1.813655861,0.076856957
4.845855018,1.795446161,0.089229604
4.911485187,1.77351354,0.192709926
4.965129771,1.764050645,0.210706503
5.005716553,1.734199786,0.169839275
5.033511713,1.695632115,0.112850112
5.049756174,1.664169114,0.03861423
5.054708616,1.633313478,-0.05661766
5.048548993,1.600946928,-0.128229042
5.031524738,1.558536362,-0.152974336
5.004014503,1.517171813,-0.24408201
4.967195476,1.473992668,-0.342313329
4.922244846,1.428781476,-0.392178846
4.86936506,1.394993992,-0.472788517
4.808548619,1.351409937,-0.520779391
4.739589329,1.300410032,-0.571769694
4.661951081,1.246748219,-0.634382787
4.575660118,1.186769061,-0.701495024
4.481031357,1.131791291,-0.789603268
4.378241001,1.073742954,-0.808349703
4.267757676,1.013501355,-0.792227769
4.15008375,0.951992537,-0.70261981
4.026358922,0.889227749,-0.548149186
3.896410737,0.82655669,-0.422923
3.759358179,0.75984403,-0.350936689
3.616205981,0.695534586,-0.337439256
3.468656194,0.631386356,-0.318692821
3.316982497,0.560380901,-0.326941253
3.158972972,0.483687961,-0.400802207
2.992276992,0.400149044,-0.461165727
2.818217955,0.323426111,-0.515530389
2.641174707,0.247048102,-0.583767412
2.459306483,0.168338111,-0.605138348
2.274221608,0.097118953,-0.536151467
2.083906865,0.000266748,-0.415799355
1.888688416,-0.06973768,-0.334064898
1.691730427,-0.160617463,-0.267327589
1.488725284,-0.244167628,-0.204714496
1.288468166,-0.319259673,-0.172845557
1.080615554,-0.426572052,-0.155223908
0.876133301,-0.478865419,-0.121480325
0.66630496,-0.622432233,-0.05661766
0.454958271,-0.655334914,-0.003377784
0.252294288,-0.901718856,0.063359524
0.035365323,-0.992576145,0.107226182
-0.052009105,-0.307134871,0.125972617
-0.026508339,-0.087452489,0.196834141
-0.032780432,-0.157704361,0.22907801
-0.03119835,-0.055254651,0.174338419
-0.030306086,-0.094339707,0.089229604
-0.032450519,-0.048071249,0.017993151
-0.029743734,-0.057016759,-0.037496296
-0.032465515,-0.048644872,-0.102358961
-0.030144878,-0.033479495,-0.133103115
-0.031723211,-0.046845272,-0.098234746
-0.03104839,-0.027090916,-0.026998293
-0.031224593,-0.036703778,0.042363517
-0.031828184,-0.027278375,0.086230175
-0.031340812,-0.027694532,0.109100826
-0.032008136,-0.029730329,0.106851253
-0.031681972,-0.027488328,0.074607385
-0.032233077,-0.026558535,0.032240442
-0.032300559,-0.022378215,-0.006377214
-0.032682958,-0.030108995,-0.070115093
-0.033755175,-0.030142737,-0.152599407
-0.034471236,-0.024129075,-0.184093418
-0.035202293,-0.028320643,-0.191217063
-0.036244517,-0.027717027,-0.175844986
-0.036214525,-0.020361163,-0.145100833
-0.036701897,-0.02748083,-0.18934242
-0.037088045,-0.021118495,-0.246706511
-0.037178021,-0.021804592,-0.301446101
-0.03846768,-0.022783125,-0.385805059
-0.037301738,-0.018719029,-0.391803918
-0.039082518,-0.024297788,-0.341938401
-0.038175258,-0.01430626,-0.230959505
-0.03918749,-0.03678626,-0.065615949
-0.03956614,-0.005469476,-0.021374362
-0.03820525,-0.031709889,0.00112136
-0.041703076,-0.014838642,0.073857528
-0.036630666,-0.017609275,0.092229034
-0.043791275,-0.045289368,0.042363517
-0.035813381,0.030627494,-0.017625075
-0.044102442,-0.100045937,-0.032622223
-0.036866853,0.125530133,-0.094860387
-0.050344544,-0.475723618,-0.198715637
-0.331344091,-1.756258764,-0.205464354
-0.708070859,-1.729770906,-0.114731608
-1.014402466,-1.664329213,-0.000753284
-1.334140532,-1.779672305,0.121848401
-1.626859484,-1.726576617,0.166464917
-1.906603112,-1.778352599,0.150717911
-2.17521593,-1.670327879,0.177337849
-2.435989567,-1.69401511,0.172088847
-2.693194148,-1.702851894,0.16833956
-2.930225305,-1.705630026,0.271819881
-3.157591514,-1.746330972,0.386922992
-3.372732202,-1.766396509,0.420666575
-3.580104941,-1.807498616,0.483654597
-3.773242689,-1.809999309,0.493402743
-3.950252197,-1.823312598,0.424040934
-4.113585315,-1.831883191,0.432289365
-4.26360195,-1.843190676,0.356553768
-4.403218832,-1.852166179,0.238826156
-4.529875386,-1.847367247,0.176587992
-4.641839569,-1.837379469,0.11060054
-4.738395322,-1.820024579,0.090729319
-4.822916752,-1.811476481,0.10497661
-4.896142416,-1.79844063,0.19420964
-4.956872629,-1.778821245,0.268820452
-5.005842197,-1.757252293,0.253073446
-5.04191892,-1.726689092,0.202083143
-5.065455205,-1.695983422,0.097852965
-5.077751958,-1.665885117,-0.029997722
-5.079120347,-1.632420062,-0.116981181
-5.069684089,-1.59242021,-0.152974336
-5.049615638,-1.551513059,-0.25270537
-5.019271151,-1.513661479,-0.357310477
-4.979902797,-1.471528352,-0.406801066
-4.932279123,-1.430996118,-0.487785665
-4.876512599,-1.387951943,-0.536526396
-4.81315433,-1.338624166,-0.562021548
-4.741536992,-1.289367623,-0.599139489
-4.661368162,-1.237205477,-0.64788022
-4.572554116,-1.178411056,-0.70261981
-4.475421015,-1.120430204,-0.742737181
-4.370287528,-1.061568297,-0.756984472
-4.256775003,-0.997438813,-0.680499017
-4.136443029,-0.934359095,-0.560896761
-4.009696499,-0.872584087,-0.455541797
-3.876291727,-0.809024476,-0.333689969
-3.736348682,-0.738926319,-0.267702518
-3.590482201,-0.678875927,-0.278950379
-3.441650253,-0.617344615,-0.318692821
-3.288045815,-0.541738933,-0.394803347
-3.126508472,-0.462174132,-0.45741644
-2.956408391,-0.374623608,-0.499408455
-2.780478598,-0.30848832,-0.502782813
-2.601182195,-0.227146414,-0.514780531
-2.417184533,-0.14894631,-0.521904177
-2.230483835,-0.072467072,-0.396303062
-2.037121147,0.022293098,-0.297321885
-1.841940188,0.087629814,-0.212587999
-1.642571585,0.188036229,-0.117731038
-1.440627413,0.253526661,-0.122605111
-1.237895948,0.361292688,-0.10835782
-1.028914883,0.431552059,-0.09973446
-0.825508597,0.523035458,-0.073489451
-0.609329433,0.643938564,-0.024373792
-0.406331789,0.679143232,0.029241012
-0.190722475,1.018502742,0.107976039
-0.00540891,0.735691903,0.106851253
0.014010962,0.086819994,0.142844409
-0.004078012,0.127310987,0.201333286
0.006396722,0.088132202,0.181087136
-0.000134053,0.045099275,0.146968624
0.004117324,0.064354992,0.083230745
0.002122851,0.019151297,0.011994292
0.002756434,0.042028708,-0.048369229
0.003502487,0.003202345,-0.106858106
0.002317799,0.020887161,-0.098234746
0.004053591,0.016365667,-0.049494015
0.002992621,0.008027522,-0.014625646
0.004177308,0.015548349,0.037489444
0.003772415,0.002692458,0.071607955
0.00416981,0.010097061,0.083980603
0.004488476,0.005144413,0.083980603
0.004525966,0.00542935,0.036739586
0.004979596,0.00533562,-0.015000574
0.004987094,0.003251084,-0.064116234
0.005864363,0.00911478,-0.12298004
0.006861599,0.005549323,-0.154474051
0.007633896,0.003131111,-0.163097411
0.008511164,0.008676127,-0.137602259
0.009249719,0.003536021,-0.112482036
0.009249719,0.005796768,-0.117731038
0.010130736,0.005260637,-0.152224478
0.010108242,-3.69e-05,-0.231709363
0.010813056,0.007033993,-0.287948668
0.010854295,-0.007096614,-0.322817037
0.01117671,0.007041491,-0.34793726
0.012166449,-0.005312011,-0.27295152
0.010891785,0.002133833,-0.154474051
0.013662304,0.007551378,-0.085862099
0.010929275,-0.010065953,0.004870647
0.014258396,0.026458422,0.087354961
0.012136457,-0.026948448,0.124847831
0.012571342,0.037949616,0.126347546
0.015360605,-0.032673424,0.054736164
0.008728606,0.02597103,-0.001128212
0.022453732,0.002782438,-0.086611956
-0.003943047,-0.054583551,-0.191966921
0.126293811,1.242871581,-0.206214211
0.494469087,1.968923821,-0.178469487
0.827617363,1.662129568,-0.036746439
1.137521776,1.771481492,0.032615371
1.449334436,1.737843975,0.031865513
1.731582403,1.768714608,0.103476895
2.009417785,1.739677317,0.051736734
2.270798762,1.662422002,0.098977751
2.533941774,1.710801241,0.169839275
2.78226495,1.688272502,0.183336708
3.015397136,1.725569205,0.353554338
3.237882135,1.744015102,0.404169712
3.449821168,1.779335995,0.426665434
3.653287439,1.801549804,0.527896183
3.839110869,1.794707576,0.464158304
4.010496861,1.813382171,0.430039793
4.167632866,1.819024666,0.408293928
4.312981984,1.825743172,0.263196521
4.447762642,1.835074846,0.153717341
4.568585736,1.827512778,0.068983455
4.674116619,1.812647335,0.052486592
4.76605734,1.801264867,0.076482029
4.846057464,1.788937609,0.124847831
4.914019518,1.767788564,0.226453509
4.970329648,1.745574755,0.255697947
5.013956877,1.722352421,0.224578865
5.044799983,1.690012115,0.185211352
5.064471038,1.661016065,0.090729319
5.072535159,1.622549622,-0.020249576
5.069637174,1.589616948,-0.059992018
5.056069507,1.555420805,-0.130478614
5.031183578,1.504098471,-0.258329301
4.996748921,1.468736338,-0.372682554
4.953496593,1.432125732,-0.476162875
4.90166653,1.384635046,-0.536151467
4.842308454,1.342059517,-0.586016984
4.775201175,1.296582133,-0.634007858
4.699486169,1.23703413,-0.661752582
4.615598322,1.18165145,-0.709368527
4.523695091,1.133028516,-0.744236896
4.423349089,1.072674442,-0.747236325
4.314571564,1.010843196,-0.701495024
4.198209791,0.952502424,-0.603638633
4.075504694,0.889392712,-0.486660879
3.946208837,0.819279559,-0.375681984
3.810539663,0.758666792,-0.326566324
3.668542161,0.697997788,-0.293572598
3.521929626,0.632083701,-0.324316752
3.372149179,0.568599073,-0.410175424
3.216137877,0.496225172,-0.459291084
3.051781278,0.412907456,-0.539150897
2.879008153,0.328843656,-0.56127169
2.702298566,0.259229142,-0.556397617
2.521243877,0.179026983,-0.579268268
2.335896572,0.106585597,-0.495659168
2.147182656,0.020313539,-0.377181698
1.95164929,-0.059558694,-0.265827875
1.755684788,-0.137466363,-0.154474051
1.553886827,-0.23269518,-0.089236457
1.352767437,-0.291009708,-0.071239879
1.147179226,-0.409884514,-0.081737883
0.939596542,-0.464989756,-0.065615949
0.733944599,-0.584914329,-0.058117375
0.518005372,-0.657741878,-0.022499148
0.317583297,-0.792430667,0.057735594
0.095773121,-1.064683854,0.072732742
-0.045313373,-0.526948473,0.100852394
-0.032892903,-0.069718934,0.13084669
-0.028187895,-0.170582747,0.116224471
-0.033537732,-0.073329381,0.082855817
-0.028180397,-0.079961655,0.016118508
-0.032469264,-0.06636343,-0.010876359
-0.02907641,-0.044355826,-0.051743587
-0.031595745,-0.057954051,-0.104983462
-0.030006165,-0.030787594,-0.09710996
-0.030534775,-0.04604295,-0.064866091
-0.031179605,-0.02936666,0.013119078
-0.030167372,-0.033918148,0.085105389
-0.031367055,-0.02968159,0.101227323
-0.030729724,-0.026089889,0.126347546
-0.031442036,-0.031312477,0.110225612
-0.031202099,-0.026423565,0.05886038
-0.031494522,-0.02676099,0.004870647
-0.03184318,-0.021182231,-0.061866662
-0.03188067,-0.024084085,-0.104983462
-0.032799177,-0.027713278,-0.170970913
-0.033770171,-0.026551036,-0.181468917
-0.034636192,-0.028958001,-0.160847839
-0.03547597,-0.026363578,-0.170221056
-0.035764644,-0.020548622,-0.158973195
-0.035974589,-0.025201337,-0.188217634
-0.036724391,-0.019228915,-0.228709933
-0.036593175,-0.020949782,-0.253455227
-0.037654145,-0.025752464,-0.292822741
-0.037166774,-0.020083725,-0.304070602
-0.038265234,-0.027454585,-0.241832438
-0.037879086,-0.008802485,-0.187842705
-0.038066536,-0.030978801,-0.145850691
-0.039806077,-0.010658322,-0.059242161
-0.037163025,-0.02231073,0.013868936
-0.041358167,-0.026179869,0.102352109
-0.036589426,-0.000201898,0.127847261
-0.041920519,-0.055715799,0.072357813
-0.037747871,0.036693645,0.075357242
-0.039701105,-0.094103509,-0.005252428
-0.042850273,0.079572856,-0.123354969
-0.031217095,-0.234273579,-0.189717348
-0.257458602,-1.589915767,-0.223460931
-0.641773366,-1.797919496,-0.146975477
-0.955149363,-1.629469468,-0.130853542
-1.272698008,-1.782131758,-0.10573332
-1.57332737,-1.722216336,-0.008251858
-1.854068235,-1.781022005,0.019492866
-2.127352319,-1.686528025,0.070108241
-2.388073471,-1.676184076,0.115099685
-2.64880212,-1.703984142,0.161965772
-2.889676013,-1.690352175,0.296940104
-3.119100429,-1.734108691,0.402295069
-3.336775447,-1.751238631,0.436038652
-3.546236385,-1.794320297,0.503900747
-3.743764224,-1.798748062,0.54626769
-3.923926648,-1.808180964,0.489278527
-4.090633876,-1.818877334,0.443162297
-4.242986144,-1.823934959,0.356928696
-4.385099867,-1.839970142,0.215580576
-4.51543045,-1.834781296,0.147343553
-4.630922452,-1.824047434,0.084355531
-4.731380924,-1.808657108,0.070858098
-4.818331713,-1.796611037,0.137595407
-4.894162938,-1.786450798,0.178462635
-4.958372233,-1.767839938,0.224953794
-5.010303519,-1.744238938,0.21745522
-5.049281976,-1.713870693,0.160091129
-5.075671258,-1.689021221,0.1192239
-5.090982214,-1.658135591,0.059235308
-5.095139866,-1.619725386,0.028866084
-5.088702816,-1.589042211,-0.020249576
-5.07206471,-1.547827629,-0.118855824
-5.044584467,-1.501664148,-0.235833578
-5.007109363,-1.464333702,-0.358060335
-4.961750091,-1.424971209,-0.441669435
-4.908101758,-1.379088915,-0.533526966
-4.845575769,-1.330627195,-0.605138348
-4.775746709,-1.283747624,-0.674875086
-4.697422392,-1.231817925,-0.733363963
-4.610441611,-1.174650642,-0.727365104
-4.51603779,-1.123830697,-0.735238607
-4.413243685,-1.063394141,-0.672250585
-4.302587905,-0.998432342,-0.558272261
-4.184299142,-0.940552717,-0.477287661
-4.058879761,-0.872951505,-0.371182839
-3.927165793,-0.808945743,-0.308569746
-3.788100016,-0.743196619,-0.305945245
-3.643144544,-0.678812191,-0.340063757
-3.49513363,-0.624430538,-0.394803347
-3.342912577,-0.551378039,-0.425547501
-3.183557158,-0.47342163,-0.468289373
-3.015425306,-0.387580725,-0.504657456
-2.840653958,-0.31293483,-0.52677825
-2.662411026,-0.244287601,-0.54402497
-2.478548329,-0.158716636,-0.497533811
-2.292128807,-0.085724123,-0.382055772
-2.099650884,0.010381998,-0.267327589
-1.90328149,0.078279394,-0.192716778
-1.705618686,0.164603941,-0.103858676
-1.502441089,0.24476111,-0.06224159
-1.301726592,0.326526672,-0.081737883
-1.093064193,0.425493407,-0.037871225
-0.88873565,0.489191737,0.011244435
-0.67617803,0.630449064,0.03861423
-0.466061016,0.650964501,0.069733312
-0.259074425,0.926288255,0.116599399
-0.045579552,0.920252098,0.190835282
0.022521214,0.217392199,0.196459213
-0.00359064,0.079145452,0.151467769
0.005564442,0.126726117,0.112850112
0.001927902,0.035118995,0.035989729
0.00277143,0.071920809,-0.046869514
0.004008603,0.024190176,-0.088861528
0.002032875,0.03721103,-0.122230182
0.004619692,0.022611777,-0.111732179
0.002565234,0.01437486,-0.05661766
0.004555958,0.018941344,-0.003377784
0.0036412,0.010269523,0.065609096
0.004151065,0.015398382,0.10497661
0.004600946,0.005365614,0.110225612
0.004241041,0.008102505,0.11359997
0.004915863,0.003828456,0.085105389
0.004634688,0.007570123,0.041988588
0.005346999,0.006674073,-0.019874647
0.005560693,0.004312098,-0.099359532
0.005706904,0.005594313,-0.152974336
0.006198025,0.004825734,-0.166846698
0.006280503,0.003873446,-0.155598837
0.006629161,0.003093619,-0.15184955
0.00682036,0.003434793,-0.16909627
0.006539185,-0.002102725,-0.19796578
0.006385475,0.000589176,-0.226460361
0.006134292,0.001968869,-0.266952661
0.006130543,0.00030424,-0.280825023
0.006014323,0.001777662,-0.23245922
0.005755642,-0.001139189,-0.173220486
0.005939343,0.000904106,-0.119605682
0.005691908,0.000911605,-0.067115663
0.005556944,-0.00208023,-0.008626786
0.005673163,-0.000610557,0.041238731
0.005425729,-0.001596587,0.075732171
0.005444474,-0.000850503,0.109100826
0.005436976,-0.001004219,0.082105959
0.005339501,-0.003857335,0.032240442
0.005298262,-0.00023564,-0.02774815
0.005058326,-0.000441844,-0.149599977
0.005039581,-0.001187928,-0.230584577
0.005065824,0.00079538,-0.263203374
0.004848381,-0.001851531,-0.239582866
0.004803393,-4.07e-05,-0.202839853
0.004657182,-0.0033362,-0.22683529
0.004612193,-0.005836894,-0.215962357
0.004735911,3.43e-05,-0.238083151
0.004499723,-0.000745527,-0.243707081
0.004353512,-0.002222698,-0.204714496
0.004304775,-0.000344366,-0.183718489
0.004327269,-0.000872998,-0.109857535
