0.002235321,-0.017065646,-0.093360672
0.003618706,0.012968922,-0.097859817
0.002197831,-0.038342163,-0.10573332
0.003431255,0.024550096,-0.080988025
0.003037609,-0.045949221,-0.08548717
0.002021628,0.00799003,-0.088861528
0.005035832,-0.007928929,-0.083612526
-0.0009026,-0.045360602,-0.087736742
0.008454929,0.078061943,-0.10273389
-0.007032232,-0.211996034,-0.108732749
0.047677071,1.165005153,-0.08248774
0.258738836,2.747633098,-0.047619371
0.44617434,2.8795625,-0.079113382
0.58306944,3.298063155,-0.102358961
0.716035578,3.136897756,0.098602822
0.832637287,2.932864393,0.209956646
0.944927635,2.942057348,0.125597688
1.037790612,2.737382878,0.202833001
1.122327039,2.677572433,0.127097403
1.200396423,2.496896374,0.011994292
1.27103152,2.409762007,0.176587992
1.332530281,2.32712289,0.085855246
1.37967783,2.261722438,-0.005252428
1.417797764,2.196314488,0.06448431
1.445454211,2.125069087,-0.070490022
1.464547919,2.105652156,-0.092235886
1.474317839,2.032239737,-0.120355539
1.474662748,1.982836976,-0.186717919
1.466486157,1.91943483,-0.125229612
1.449788066,1.829012445,-0.15184955
1.424823409,1.747205642,-0.199090566
1.390403748,1.666362376,-0.27295152
1.347777504,1.578946821,-0.310069461
1.297394559,1.473092869,-0.194216493
1.24073952,1.366661544,-0.148100263
1.177403745,1.256016157,-0.15747348
1.108474447,1.140189423,-0.115481466
1.033464255,1.004499607,-0.189717348
0.95157088,0.874294821,-0.310069461
0.867990451,0.746856919,-0.340438686
0.779656278,0.60889136,-0.411675139
0.689263898,0.478067961,-0.438295077
0.590511225,0.298231716,-0.383555486
0.486914832,0.156816924,-0.401926993
0.380086792,-0.016773211,-0.410550353
0.269337288,-0.15874288,-0.370432982
0.165317256,-0.360635469,-0.297696814
0.048486858,-0.592206457,-0.196840994
-0.011699749,-0.288227826,-0.101609104
0.001054383,-0.042282537,-0.006002285
0.000360816,-0.09553944,0.032990299
-0.000321504,-0.036280122,-0.03937094
0.001403041,-0.045454331,-0.051743587
-0.000745142,-0.033670703,-0.063366376
0.001241834,-0.02563624,-0.144350976
-0.000362743,-0.027462084,-0.050618801
0.000844438,-0.012630383,-0.042370369
0.000327075,-0.025868688,-0.084737312
0.000102134,-0.016649489,-0.040120797
0.000435796,-0.016027127,-0.134227901
-2.53e-05,-0.010182178,-0.121855254
0.000203358,-0.015569729,-0.031122508
-7.78e-05,-0.018850249,-0.024373792
-0.000164045,-0.010924512,0.043488303
-0.000385237,-0.010515853,0.077981743
-0.000358994,-0.009023685,0.068233597
-0.000538946,-0.01057584,0.095603392
-0.000662664,-0.009619803,0.082480888
-0.00094009,-0.009571064,0.113974899
-0.00120627,-0.009364859,0.12522276
-0.001150035,-0.009259883,0.086980032
-0.00128125,-0.011209449,0.039364087
-0.001116294,-0.007981417,-0.109482607
-0.000943839,-0.007006634,-0.21821193
-0.00097758,-0.00837508,-0.252330441
-0.000988827,-0.007820203,-0.267702518
-0.000951337,-0.007936427,-0.242582295
-0.00094009,-0.007943925,-0.198715637
-0.00079013,-0.009169903,-0.187842705
-0.000538946,-0.006699202,-0.193841564
-0.000726397,-0.009616054,-0.145100833
-0.000925094,-0.015622217,-0.09710996
-0.000692656,-0.008671264,-0.079863239
-0.000580185,-0.009826007,-0.065990877
-0.000632672,-0.0130053,-0.085112241
-0.000542695,-0.005499469,-0.127479184
-0.000460217,-0.006777935,-0.182968632
-0.000433974,-0.008791237,-0.217462072
-0.000625173,-0.010872024,-0.22383586
-0.000490209,-0.01354143,-0.203214782
-0.00026152,-0.007347808,-0.147725334
-0.000550193,-0.005619443,-0.154474051
-0.0003365,-0.007377801,-0.157098552
-0.00018279,-0.006702952,-0.130853542
-0.000426476,-0.008892464,-0.129728756
-0.000718899,-0.01129568,-0.0911111
-0.00128125,-0.010602084,-0.017625075
-0.001573673,-0.011768075,0.032990299
-0.002072291,-0.015535987,0.051736734
-0.002199758,-0.01134067,0.070108241
-0.002334722,-0.012499162,0.04161366
-0.002788352,-0.008982444,0.041988588
-0.002447192,-0.007718976,0.064859239
-0.003380696,-0.013061537,0.028866084
-0.002769607,-0.00351991,-0.014625646
-0.003418186,-0.018055426,-0.05661766
-0.003579393,-0.004783379,-0.09710996
-0.00287083,-0.01754554,-0.157848409
-0.004422921,-0.010594586,-0.162722482
-0.002053546,-0.007872691,-0.135352687
-0.004925288,-0.025673732,-0.109857535
-0.001794865,0.011817928,-0.05661766
-0.004512897,-0.045746766,-0.049494015
-0.003065779,0.034271684,-0.040495726
-0.001562426,-0.057849074,-0.038621082
-0.007722049,0.037657181,-0.040120797
0.007708876,-0.069216545,-0.079863239
-0.1266294,-1.276343021,-0.098234746
-0.387395539,-1.725556843,-0.081362954
-0.58915601,-1.578293352,-0.139476903
-0.778466019,-1.725620579,-0.089236457
-0.949915745,-1.713195843,-0.05961709
-1.098507756,-1.823927461,-0.088486599
-1.235759012,-1.86866251,-0.01912479
-1.346396046,-1.90161393,-0.015750432
-1.447518093,-1.924513836,-0.0479943
-1.534671328,-1.915317131,0.016118508
-1.610393832,-1.951335369,0.011244435
-1.670051828,-1.940980173,-0.037121367
-1.715647288,-1.958263828,0.025866654
-1.74979702,-1.948609725,0.038239301
-1.771818705,-1.939847924,0.05886038
-1.785600066,-1.92570607,0.074982314
-1.788524293,-1.898258426,0.014618793
-1.781536139,-1.874394984,0.011994292
-1.765306675,-1.827200483,-0.016875218
-1.739982112,-1.77852881,-0.064116234
-1.705033841,-1.713143355,-0.070490022
-1.660544339,-1.639610962,-0.126354398
-1.6076758,-1.567923159,-0.125979469
-1.5472755,-1.475022575,-0.106483177
-1.47948965,-1.377525513,-0.192716778
-1.405877839,-1.27454717,-0.176219915
-1.326413823,-1.15919658,-0.178844416
-1.240625227,-1.04384224,-0.262078588
-1.148980678,-0.912583939,-0.271076876
-1.054921766,-0.803093295,-0.310819319
-0.957758674,-0.666346214,-0.334439827
-0.853956085,-0.519108967,-0.298071743
-0.746265772,-0.375167237,-0.302195958
-0.629664063,-0.209371618,-0.305945245
-0.515045581,-0.08749373,-0.256829586
-0.395099755,0.090565411,-0.239957794
-0.274644063,0.201387009,-0.206214211
-0.155493028,0.466869203,-0.197215922
-0.029616268,0.612198124,-0.230209648
0.012477616,0.188332413,-0.193466635
-0.003920553,0.038526987,-0.235083721
0.00083694,0.085728987,-0.260203944
-0.001210019,0.019241277,-0.234708792
-0.001120043,0.035220223,-0.298071743
-0.000358994,0.007723839,-0.250080869
-0.001618661,0.019987361,-0.186717919
8.34e-05,0.013310097,-0.204339568
-0.00120627,0.003745974,-0.123729897
-8.53e-05,0.013415073,-0.068990307
-0.000418978,0.001530217,-0.059242161
-0.000385237,0.005500584,-0.02774815
-0.000160296,0.002152579,-0.020249576
-0.000231527,0.002036354,-0.002252998
0.000143374,0.00052544,0.031865513
-4.41e-05,-6.32e-05,0.078356672
0.000289585,0.000982839,0.073482599
0.000450792,-0.000363112,0.082105959
0.000379561,-0.000366861,0.093728749
0.000671984,-0.002556374,0.088479747
0.00083694,-0.006624219,0.12222333
0.000960658,-0.001937762,0.077606815
0.001324312,-0.000138162,0.023617082
0.001223088,-0.004400964,-0.05661766
0.001125614,0.000461705,-0.11998061
0.00106563,-0.000899243,-0.090736172
0.000904423,-0.004265994,-0.112856965
0.00091567,-0.001446621,-0.082112811
0.000866932,-0.002833812,-0.012751002
0.000889427,-0.003073759,-0.011626216
0.000698227,-0.000704286,-0.009376644
0.000638243,-0.002140217,-0.007502
0.000709474,-0.00792518,-0.029247865
0.000728219,-0.004745887,-0.082112811
0.001350555,0.0011553,-0.147725334
0.001939149,-0.001034213,-0.220836431
0.00243027,0.002332539,-0.276325878
0.003135084,0.005373112,-0.306695103
0.003067601,0.00142524,-0.332190254
0.003787411,-0.000531824,-0.334439827
0.003986109,-0.00392107,-0.346812474
0.004038595,0.004893219,-0.320567465
0.005024585,-0.002871304,-0.278950379
0.004181057,0.002133833,-0.270327019
0.005774387,0.009362225,-0.201715067
0.004589699,-0.006155573,-0.160847839
0.006070558,0.019260023,-0.147725334
0.005781885,-0.013552678,-0.080988025
0.004990844,0.021127108,-0.023249006
0.007596405,-0.006178068,0.032240442
0.003270048,0.003007388,0.055486021
0.009909545,0.022638022,0.066733882
0.001657974,-0.045510569,0.043863232
0.011352913,0.09155894,0.036739586
0.00038331,-0.15838671,0.01274415
0.02473313,0.596961514,-0.07386438
0.29746611,2.029919003,-0.012001145
0.629827093,2.072704485,-0.022124219
0.895425707,2.116865912,0.01836808
1.166231695,2.307319795,0.158216485
1.40236309,2.363954697,0.160091129
1.625954046,2.580896438,0.267695666
1.832805673,2.600748272,0.399295639
2.026093382,2.707520771,0.418042074
2.207046847,2.83065463,0.448786228
2.366477246,2.941438736,0.600632351
2.514589385,3.059005083,0.614504713
2.645058682,3.147639117,0.539518973
2.763332449,3.245241155,0.499401602
2.865065584,3.283715097,0.336307618
2.951997628,3.302772107,0.204707644
3.026224277,3.306884943,0.073857528
3.086793283,3.293646637,-0.055867803
3.136655116,3.297744476,-0.151474621
3.174036495,3.277187799,-0.191591992
3.200073369,3.234676005,-0.268452375
3.214244627,3.192119222,-0.378306485
3.217258831,3.134029644,-0.32769111
3.210390644,3.108865242,-0.253080299
3.19234291,3.075977558,-0.237333293
3.1643603,3.016200855,-0.197215922
3.127672488,2.945930237,-0.214087714
3.083014281,2.866987797,-0.383930415
3.031450397,2.79869299,-0.429671716
2.974158026,2.694132499,-0.391428989
2.911654532,2.598071368,-0.478412447
2.842642756,2.506584219,-0.44879308
2.76666157,2.406788918,-0.368933267
2.683860935,2.319748281,-0.458166298
2.594379564,2.197480479,-0.499408455
2.498884782,2.081083871,-0.458916155
2.397485308,1.952967371,-0.514405603
2.29027112,1.82395482,-0.535026681
2.179244189,1.715866364,-0.530152608
2.06362847,1.575047689,-0.566145763
1.942947838,1.444850401,-0.632883072
1.819549174,1.310596516,-0.656128651
1.694399722,1.177073718,-0.513280817
1.567068346,1.040382875,-0.373432411
1.432797553,0.876514327,-0.179219345
1.294050442,0.72756746,0.061109952
1.149432381,0.562146758,0.078356672
1.003929554,0.420428283,0.061859809
0.857530714,0.24458115,0.022867225
0.707026707,0.099660888,-0.133852972
0.559795586,-0.059131289,-0.21821193
0.403405634,-0.247999275,-0.211463213
0.257899058,-0.389436563,-0.224210789
0.102337637,-0.732638967,-0.267702518
-0.020734863,-0.579320573,-0.159723052
-0.026005971,-0.107375557,-0.09411053
-0.015340038,-0.121359946,-0.038996011
-0.021750845,-0.091951488,0.150342983
-0.016625948,-0.05391245,0.17996235
-0.019842599,-0.068676666,0.140219908
-0.017956847,-0.035410316,0.100852394
-0.018695402,-0.053503791,0.034115085
-0.018897848,-0.033610716,-0.074989166
-0.018193034,-0.036475079,-0.087361813
-0.018980326,-0.030348942,0.026241583
-0.018241771,-0.025621243,0.022117367
-0.019085299,-0.027911984,0.049487162
-0.018732892,-0.020559869,0.111350398
-0.019055307,-0.025373798,0.007120219
-0.019134036,-0.019918762,-0.087361813
-0.019227761,-0.021654626,-0.101609104
-0.019448953,-0.027447087,-0.194216493
-0.019358976,-0.01902646,-0.255329871
-0.019861344,-0.023176787,-0.239207937
-0.019861344,-0.0249164,-0.253080299
-0.019883838,-0.018752771,-0.273326449
-0.020213751,-0.025924926,-0.191966921
-0.020198755,-0.020841057,-0.116981181
-0.020146269,-0.01759053,-0.137977188
-0.020071288,-0.020481137,-0.092985744
-0.019820105,-0.016124606,-0.103858676
-0.019602662,-0.016533265,-0.228709933
-0.019583917,-0.021530903,-0.288323597
-0.019538929,-0.018797761,-0.30744496
-0.019310239,-0.015562231,-0.292822741
-0.01961016,-0.022145766,-0.200215352
-0.02036746,-0.019330143,-0.118480895
-0.020607397,-0.017159376,-0.07386438
-0.021064776,-0.024091583,-0.030372651
-0.021600884,-0.019183925,-0.006002285
-0.021664618,-0.017579282,-0.046119656
-0.022594372,-0.020841057,-0.067865521
-0.022279455,-0.016848195,-0.053993159
-0.022864301,-0.023574199,-0.123354969
-0.023224206,-0.015547234,-0.173220486
-0.023164222,-0.024908902,-0.149974906
-0.024198948,-0.014325006,-0.113606822
-0.022695595,-0.018932731,-0.06824045
-0.025514851,-0.032114799,0.022117367
-0.023081743,-0.002743832,0.088479747
-0.025293659,-0.039500656,0.08772989
-0.024566351,0.005823012,0.097852965
-0.023407907,-0.048142483,0.058110522
-0.027730516,0.000596675,-0.012751002
-0.019448953,-0.018730276,-0.058867232
-0.033346533,-0.050909368,-0.061116804
-0.009397857,0.095255618,-0.079863239
-0.103355546,-1.062843014,-0.106858106
-0.435757768,-2.067349562,-0.051743587
-0.747319244,-1.926500894,-0.072364665
-1.016250728,-2.087921236,-0.059242161
-1.284080002,-2.170230426,0.04161366
-1.517984485,-2.266778949,0.018743009
-1.745200734,-2.367983936,0.014618793
-1.95364569,-2.328130301,0.039364087
-2.157992978,-2.339291568,-0.062616519
-2.348360208,-2.29495768,-0.035996581
-2.525830843,-2.313984698,0.129721904
-2.692643043,-2.322574037,0.173213633
-2.846329959,-2.307712343,0.256447805
-2.992357648,-2.267884953,0.325059757
-3.121293599,-2.25477037,0.288316744
-3.236883076,-2.265496734,0.281193099
-3.338207569,-2.237726662,0.213331004
-3.426867907,-2.226659123,0.150342983
-3.504543645,-2.209555428,0.124472902
-3.56897788,-2.17987703,0.134595977
-3.621332804,-2.14049579,0.182211922
-3.660629927,-2.101313257,0.119598829
-3.688012696,-2.060151163,0.175838134
-3.705051947,-2.001236769,0.30968768
-3.712632445,-1.940890193,0.15671677
-3.709933158,-1.88254942,0.003370932
-3.696620423,-1.822585259,-0.003752713
-3.675078612,-1.767959911,-0.187842705
-3.645333966,-1.710515189,-0.314193677
-3.6084737,-1.632300088,-0.388804488
-3.565161387,-1.561500838,-0.564646048
-3.513455042,-1.488137157,-0.454417011
-3.453602097,-1.402232517,-0.292072884
-3.385658789,-1.320324487,-0.178469487
-3.309628866,-1.229403462,-0.142851261
-3.225902225,-1.156047281,-0.178469487
-3.13420519,-1.087842453,-0.162722482
-3.034631484,-1.012165537,-0.517405032
-2.928302063,-0.941774945,-0.559022118
-2.815190682,-0.856372693,-0.313818748
-2.694843712,-0.779822222,-0.551898473
-2.57071774,-0.711085012,-0.591640915
-2.442321645,-0.627999744,-0.535026681
-2.30821206,-0.541142816,-0.653129222
-2.166000863,-0.437103459,-0.524903606
-2.015530598,-0.350523969,-0.356185691
-1.861693722,-0.256479889,-0.279700236
-1.702139605,-0.165378904,-0.279700236
-1.541228347,-0.083005978,-0.397427848
-1.373696337,0.035778848,-0.479162305
-1.203176366,0.109791134,-0.540650612
-1.029638442,0.23415472,-0.475038089
-0.8518154,0.312920948,-0.238083151
-0.677981304,0.438026869,-0.158598266
-0.494227328,0.557531535,-0.069365236
-0.323482417,0.64732406,0.039739016
-0.134663528,0.939624039,-0.058492303
0.00731523,0.569097712,-0.01912479
0.007270242,0.071635872,0.103101966
-0.002777105,0.136837618,0.041238731
0.004316022,0.062859074,0.070858098
-0.001367477,0.055308254,0.115474613
0.002951382,0.056999128,-0.050618801
0.000304581,0.023586561,-0.054368088
0.001954145,0.0436371,0.086605104
0.001463025,0.009264746,0.145843838
0.000994399,0.022596781,0.219704792
0.002246568,0.010434486,0.298814748
0.001208092,0.008507415,0.286067172
0.002381533,0.011158075,0.090354391
0.001882914,0.006362892,-0.027373221
0.002242819,0.0072252,0.027366369
0.002445266,0.00061917,-0.025873506
0.002606473,0.006351644,-0.031872366
0.002940135,-0.004018549,0.00674529
0.003240056,0.001676434,-0.104233605
0.004630939,0.009455954,-0.153349264
0.005223282,-0.002192705,-0.152224478
0.005943092,0.005414353,-0.19496635
0.007112783,0.000487949,-0.217087144
0.007165269,-0.001071704,-0.192716778
0.008192498,0.008312458,-0.282699666
0.008177502,-0.001165433,-0.406426137
0.008927304,0.007202705,-0.385055201
0.00932095,-0.003253719,-0.418423855
0.008826081,0.007802572,-0.376056912
0.010588115,-0.000239389,-0.245956653
0.008964794,-0.005615693,-0.170595985
0.011679077,0.014224893,-0.142476332
0.009527146,-0.01574594,-0.150724764
0.011502874,0.027601917,-0.172095699
0.011544113,-0.024309035,-0.260578873
0.009707098,0.023076674,-0.203214782
0.015195649,-0.014186287,-0.149599977
0.006040566,-0.004333479,-0.200590281
0.021055351,0.04921211,-0.120355539
-0.003395692,-0.131070286,-0.054743016
0.086010699,1.043978325,-0.052493444
0.440479594,2.069067794,0.023617082
0.79116199,1.774608297,0.216330434
1.104920385,1.848260663,0.229827867
1.430180744,1.867898794,0.312312181
1.722281109,1.871726693,0.48552924
2.012090829,1.884657566,0.30106432
2.287725542,1.783411338,0.348305336
2.56273792,1.843926627,0.413168001
2.826765698,1.838812764,0.350929837
3.075115117,1.890435031,0.510649463
3.312791104,1.932613149,0.518522966
3.536063394,1.974776269,0.513273964
3.749741968,2.044019616,0.416917288
3.948218307,2.079123058,0.352804481
4.13580752,2.12793345,0.325059757
4.312370895,2.154222602,0.241450657
4.476956183,2.165518839,0.285692243
4.628191246,2.166377398,0.163090558
4.765183821,2.158226711,0.240325871
4.890651938,2.157923029,0.259822163
5.006365132,2.158879066,0.185961209
5.111809787,2.152194303,0.333683117
5.204061676,2.139525871,0.287191958
5.283237019,2.112104471,0.337057475
5.350018134,2.079677934,0.316811325
5.405068597,2.053602485,0.088854676
5.449063229,2.027665754,-0.011251287
5.481522157,2.00525324,-0.107233034
5.502505366,1.960281994,-0.360684836
5.512267788,1.905071775,-0.476162875
5.511338034,1.860865359,-0.439794791
5.500072259,1.811192659,-0.439419863
5.478309256,1.768384681,-0.323191966
5.446206483,1.723522161,-0.404176565
5.404007627,1.668660615,-0.557522403
5.352537468,1.620172651,-0.432296217
5.292845731,1.576431131,-0.332565183
5.225584743,1.529993961,-0.360309907
5.151526799,1.47223431,-0.328440967
5.070240764,1.408745933,-0.380181128
4.981096805,1.356553793,-0.506907029
4.884552299,1.30005761,-0.51815489
4.780393554,1.228932182,-0.437545219
4.668669307,1.16470147,-0.398927563
4.549165865,1.097636389,-0.398552634
4.422231884,1.026286011,-0.326941253
4.289306985,0.964942157,-0.424047786
4.149945037,0.897183479,-0.509906458
4.004460955,0.824048498,-0.55264833
3.853855725,0.75917293,-0.587891628
3.69914158,0.704176414,-0.537651182
3.541484463,0.639495802,-0.602513847
3.377109119,0.551217939,-0.531277394
3.204350989,0.466812965,-0.450292795
3.025084578,0.385189872,-0.404551494
2.840794494,0.306614851,-0.19796578
2.654063804,0.223345874,-0.088861528
2.462440655,0.140980446,-0.089986314
2.267555869,0.062034258,-0.072739594
2.067272507,-0.037937253,-0.116606252
1.865219613,-0.107068125,-0.230959505
1.661112262,-0.203485427,-0.340813615
1.452937235,-0.278135072,-0.390679132
1.2470641,-0.374773574,-0.36218455
1.033340537,-0.471618281,-0.264703088
0.825484176,-0.553155144,-0.141351546
0.60825529,-0.719070736,-0.041620512
0.398400706,-0.759460501,0.0761071
0.186604135,-1.049316023,0.115099685
-0.021690861,-0.928667861,0.063734453
-0.072561177,-0.222201264,0.066358954
-0.047270356,-0.149703641,0.039739016
-0.057287711,-0.160921146,-0.062616519
-0.051697937,-0.077880868,-0.10573332
-0.053310011,-0.109891247,-0.134977758
-0.053062576,-0.059270008,-0.201340138
-0.051862893,-0.078030835,-0.183718489
-0.053459971,-0.05588826,-0.155598837
-0.051379271,-0.055730795,-0.132353257
-0.05308507,-0.053023897,-0.07686381
-0.051877889,-0.040051783,-0.07086495
-0.052638938,-0.046661563,-0.113606822
-0.052466484,-0.036527567,-0.219711644
-0.052339017,-0.039995546,-0.250080869
-0.053223784,-0.039534398,-0.224210789
-0.053857366,-0.042623711,-0.231334434
-0.054768376,-0.034386793,-0.117356109
-0.055544421,-0.039290702,-0.022499148
-0.056350458,-0.038563364,0.007120219
-0.056811586,-0.032077307,0.049112234
-0.057973779,-0.036051423,0.035989729
-0.058153732,-0.031623658,-0.025123649
-0.059443391,-0.033382017,-0.059992018
-0.058678593,-0.023450476,-0.05961709
-0.05952587,-0.035699001,-0.146600548
-0.060099468,-0.025475026,-0.175470058
-0.059027251,-0.036797507,-0.152224478
-0.061479104,-0.023120549,-0.164972054
-0.058314939,-0.020147461,-0.069740164
-0.062622552,-0.045420589,0.013868936
-0.05884355,0.00066041,0.052861521
-0.062000216,-0.063547806,0.029615941
-0.061385379,0.022218115,-0.021749291
-0.058007521,-0.075725098,-0.101234175
-0.068545988,0.023695286,-0.238458079
-0.044811005,-0.080970181,-0.240707652
-0.226476783,-1.413794945,-0.276700807
-0.617659733,-1.856526459,-0.223086003
-0.949540844,-1.629158287,-0.17771963
-1.275802188,-1.805721511,-0.192341849
-1.594509277,-1.757870905,0.062984595
-1.887850564,-1.782180498,0.077231886
-2.180805704,-1.687165384,0.074607385
-2.458997242,-1.640593244,0.206957216
-2.738242252,-1.681147972,0.113225041
-3.001610204,-1.663485651,0.176587992
-3.253599911,-1.706098672,0.258697377
-3.49327787,-1.720015576,0.169089418
-3.721082713,-1.761065195,0.210331575
-3.937831726,-1.780129704,0.273694525
-4.139798393,-1.808908302,0.258322448
-4.333277301,-1.842568314,0.314186824
-4.514886844,-1.858895932,0.324684828
-4.683742254,-1.874668674,0.245574872
-4.837871553,-1.873798867,0.176213063
-4.978170754,-1.885155091,0.176213063
-5.107324149,-1.898723323,0.178087706
-5.225125541,-1.910750647,0.190835282
-5.331627417,-1.914983456,0.239576013
-5.424865296,-1.908729847,0.289816459
-5.503549518,-1.902296278,0.310062609
-5.56928091,-1.894291808,0.235076869
-5.623262905,-1.884030341,0.285692243
-5.665034375,-1.866293037,0.253073446
-5.695420101,-1.846666153,0.111725326
-5.714056429,-1.820125807,0.062984595
-5.720459738,-1.783072799,-0.155973765
-5.716227106,-1.747703167,-0.33069054
-5.701534736,-1.708078232,-0.403051779
-5.676630062,-1.665742649,-0.50353267
-5.641756771,-1.625266653,-0.470913873
-5.596828636,-1.580786547,-0.395178276
-5.543011597,-1.534818023,-0.26995209
-5.481137936,-1.4892919,-0.247456368
-5.411814992,-1.447901108,-0.357685406
-5.335192726,-1.404965659,-0.26995209
-5.250648801,-1.350823953,-0.217837001
-5.158250701,-1.295546249,-0.26432816
-5.057822221,-1.239657431,-0.244456939
-4.949430844,-1.181117954,-0.288323597
-4.833533949,-1.121146294,-0.394803347
-4.709419224,-1.056709378,-0.440544649
-4.578125144,-0.997030154,-0.469414159
-4.440532728,-0.934820242,-0.485536093
-4.29579095,-0.866079284,-0.425922429
-4.145106991,-0.795658699,-0.484411307
-3.989181916,-0.731585452,-0.526403321
-3.829440349,-0.67544544,-0.514780531
-3.666249693,-0.598984949,-0.565020977
-3.495047402,-0.515026125,-0.488910451
-3.316170888,-0.436893506,-0.416549212
-3.131678357,-0.348788105,-0.398927563
-2.942953194,-0.277925118,-0.323941823
-2.751356289,-0.196830658,-0.280825023
-2.554075884,-0.113254249,-0.283074595
-2.354036209,-0.036745019,-0.273326449
-2.148560469,0.05685291,-0.238083151
-1.941825061,0.122950707,-0.16909627
-1.732386618,0.225764086,-0.136852402
-1.520155162,0.286942977,-0.151099692
-1.309513286,0.386685789,-0.117356109
-1.091039728,0.477992978,-0.122230182
-0.878722045,0.56065459,-0.148100263
-0.655153582,0.729370809,-0.049494015
-0.442655947,0.758951729,0.059610237
-0.222990204,1.061550666,0.082105959
-0.017784392,0.861150245,0.101602252
0.019120862,0.140031907,0.180712207
-0.003905557,0.131588786,0.194959498
0.007521425,0.122193376,0.167589703
0.001020642,0.04584161,0.203957787
0.00428603,0.081627399,0.163840416
0.003093844,0.025524879,0.056235879
0.002917641,0.052335165,-0.03637151
0.004634688,0.02237558,-0.113231894
0.002677704,0.021577008,-0.185593133
0.004619692,0.022161877,-0.203964639
0.003360024,0.010471978,-0.187092848
0.004417245,0.017122998,-0.216337286
0.004274783,0.006846534,-0.220836431
0.004263536,0.00983462,-0.222711074
0.004833385,0.007825067,-0.227960076
0.00470217,0.009890857,-0.191591992
0.005163298,0.006977755,-0.167596555
0.005358246,0.007772578,-0.147350405
0.006415467,0.01032576,-0.112107107
0.007420202,0.00421462,-0.106483177
0.008286223,0.008728616,-0.133478043
0.00920848,0.006985254,-0.120355539
0.009467161,0.001398996,-0.079488311
0.010404414,0.003491031,-0.103858676
0.010314438,-0.000104419,-0.112482036
0.010921777,0.008919823,-0.076113952
0.011296678,-0.002203952,-0.116606252
0.010824303,0.007228949,-0.151474621
0.012473867,0.002148829,-0.120355539
0.010978012,-0.004131024,-0.084362384
0.013339889,0.010344506,-0.057367517
0.011427894,-0.017440563,-0.046494585
0.013354885,0.026368442,-0.049119086
0.013264909,-0.024335279,-0.083987455
0.011184208,0.021164599,-0.106483177
0.016788978,-0.012030516,-0.131978329
0.007431449,-0.008075146,-0.159348124
0.02219505,0.049740743,-0.193841564
-0.001063808,-0.138849806,-0.216712215
0.080443419,0.972515472,-0.20958857
0.425314849,1.984340392,-0.220836431
0.772439434,1.688737399,-0.113981751
1.078407387,1.721445123,-0.128229042
1.395442417,1.730094449,-0.042745298
1.680037264,1.713523135,0.178837564
1.960838113,1.688542442,0.01836808
2.227081557,1.561112039,0.062609667
2.493073816,1.59288997,0.144719052
2.748452628,1.559346182,-0.002627927
2.9865635,1.573053133,0.138720193
3.215313095,1.587787355,0.203207929
3.432422013,1.61446642,0.150342983
3.641530544,1.641629128,0.198708785
3.834008466,1.637467554,0.152592555
4.011171682,1.652276759,0.113974899
4.174137398,1.652089301,0.095228464
4.325691127,1.665811249,0.074232456
4.466458955,1.671637453,0.075732171
4.59326172,1.666231155,0.044988018
4.705653291,1.656112156,0.063734453
4.803146296,1.643469968,0.06448431
4.888312556,1.639203417,0.078356672
4.962175551,1.628049649,0.174713348
5.023468116,1.606503192,0.247449516
5.071459193,1.584739283,0.209581717
5.106141284,1.569847596,0.181462065
5.128504129,1.538793254,0.13084669
5.139286282,1.508676203,-0.077988596
5.13887389,1.49349583,-0.129353828
5.127615613,1.461384223,-0.168721341
5.105301506,1.425399728,-0.280075165
5.072516413,1.393074419,-0.227585147
5.03049376,1.356767495,-0.239957794
4.980122062,1.315905335,-0.240707652
4.921446307,1.275159399,-0.226085432
4.854372769,1.235159547,-0.213712785
4.778983927,1.188913584,-0.139851831
4.694893632,1.141992772,-0.217087144
4.602795453,1.087862313,-0.217087144
4.503034296,1.031489853,-0.22383586
4.395254008,0.978439154,-0.380930985
4.279379607,0.920075887,-0.39705292
4.156509553,0.857880972,-0.382055772
4.027119971,0.797211968,-0.400052349
3.890206126,0.737386526,-0.353186262
3.746990195,0.667265874,-0.32469168
3.599271703,0.61042102,-0.390304203
3.447976655,0.555859407,-0.382805629
3.290975614,0.473194046,-0.347562331
3.126045418,0.395991219,-0.388804488
2.95327979,0.318241015,-0.374932126
2.775441751,0.247156827,-0.388804488
2.594124632,0.170028985,-0.396303062
2.407532655,0.094052136,-0.368933267
2.217694036,0.017055513,-0.354311048
2.021028469,-0.072737012,-0.323941823
1.823054498,-0.136847751,-0.298071743
1.621582701,-0.239736113,-0.244456939
1.417370377,-0.302144731,-0.245581725
1.213716656,-0.397523514,-0.283449523
1.003873319,-0.471644526,-0.256829586
0.800110876,-0.566018532,-0.25270537
0.584816479,-0.715317821,-0.27295152
0.381447683,-0.766542676,-0.187092848
0.166625661,-1.070026416,-0.08248774
-0.022819313,-0.796232321,-0.040120797
-0.047277854,-0.144057397,0.103851824
-0.027666783,-0.16072244,0.22607858
-0.03790158,-0.125199092,0.23470194
-0.031067135,-0.071556025,0.302189106
-0.034707423,-0.091932742,0.304813607
-0.032945389,-0.045990462,0.216705362
-0.033125341,-0.068815385,0.185961209
-0.033882641,-0.038855799,0.117724186
-0.032450519,-0.045270622,0.020242724
-0.034156319,-0.038597107,-0.006377214
-0.032641719,-0.032122297,-0.06224159
-0.033567724,-0.037393624,-0.145475762
-0.033365278,-0.026779735,-0.185218204
-0.033466501,-0.027968221,-0.227585147
-0.033871394,-0.024271543,-0.276700807
-0.033833904,-0.027844499,-0.304820459
-0.034197558,-0.024897654,-0.305570317
-0.034355016,-0.02253568,-0.298446671
-0.035168552,-0.02792698,-0.31044439
-0.036053318,-0.028358134,-0.247456368
-0.036555685,-0.026862217,-0.159723052
-0.037571667,-0.028995493,-0.164222197
-0.038283979,-0.021913318,-0.097859817
-0.038325218,-0.020406153,-0.052493444
-0.039206235,-0.022164512,-0.11435668
-0.039041279,-0.019292651,-0.116606252
-0.03986981,-0.021628381,-0.128229042
-0.039502407,-0.020027488,-0.180344131
-0.04028595,-0.031241243,-0.205464354
-0.040645855,-0.009649796,-0.178844416
-0.03975734,-0.025025126,-0.172845557
-0.042242933,-0.015149823,-0.191591992
-0.039247475,-0.015517241,-0.162347553
-0.043266413,-0.039043257,-0.145850691
-0.039551144,0.010299516,-0.125979469
-0.042554101,-0.058400202,-0.11135725
-0.04229542,0.03010636,-0.091486029
-0.038831334,-0.066089741,-0.079113382
-0.049343558,0.02894037,-0.096360102
-0.025526098,-0.06231808,-0.043495155
-0.199348947,-1.410765619,-0.101609104
-0.57991845,-1.878676532,-0.067490592
-0.902415788,-1.61210708,-0.004127642
-1.216181682,-1.759374321,-0.115856395
-1.522809461,-1.709982808,0.11359997
-1.803359126,-1.738727664,0.12222333
-2.080688392,-1.647221769,-0.05361823
-2.343763922,-1.585158075,0.151467769
-2.608481518,-1.613415539,0.076856957
-2.85533883,-1.581416407,0.04723759
-3.089427014,-1.616081196,0.220829578
-3.312620576,-1.627317447,0.155591984
-3.526047966,-1.666428746,0.219329863
-3.72912434,-1.678024917,0.250823874
-3.9146441,-1.6816991,0.174713348
-4.086210044,-1.693651441,0.221954364
-4.243274818,-1.699031494,0.192709926
-4.39035223,-1.715134162,0.17133899
-4.525676494,-1.713192094,0.122598259
-4.646450852,-1.707272161,0.062609667
-4.753050202,-1.695960927,0.081356102
-4.844919692,-1.684552215,0.069733312
-4.924481182,-1.678021168,0.074607385
-4.993009336,-1.669731762,0.128972047
-5.04903829,-1.652946745,0.142844409
-5.091312127,-1.629983104,0.073857528
-5.121229227,-1.607559342,0.105726467
-5.139010781,-1.581870056,0.02699144
-5.144874233,-1.557234287,-0.12860397
-5.140277947,-1.52943797,-0.096360102
-5.124715806,-1.496111633,-0.184093418
-5.098806398,-1.463655103,-0.224210789
-5.063172058,-1.430193797,-0.167221626
-5.018393883,-1.393257013,-0.171720771
-4.965641563,-1.35659017,-0.11998061
-4.904656417,-1.31581799,-0.154099122
-4.834969819,-1.26821108,-0.10835782
-4.756263104,-1.223138606,-0.108732749
-4.668963657,-1.171175165,-0.259454087
-4.573588842,-1.11433406,-0.259829015
-4.470528557,-1.063146696,-0.360309907
-4.359666583,-1.007756518,-0.485911021
-4.241017914,-0.94809229,-0.410550353
-4.115643522,-0.884371465,-0.351686547
-3.983370951,-0.818573601,-0.343813044
-3.843982759,-0.752310841,-0.244831867
-3.698382458,-0.686183052,-0.175470058
-3.548572018,-0.625926456,-0.218586858
-3.394960082,-0.561013395,-0.201340138
-3.234562439,-0.481039936,-0.260578873
-3.06573702,-0.393170732,-0.353936119
-2.890332089,-0.325265837,-0.354311048
-2.711755496,-0.250023825,-0.412424996
-2.52788905,-0.166511152,-0.436045504
-2.340787208,-0.102906551,-0.409800495
-2.1486317,0.002167575,-0.387304773
-1.95050402,0.068928974,-0.336689399
-1.752290112,0.15121192,-0.325441538
-1.547635405,0.246699429,-0.33069054
-1.345477539,0.30945297,-0.352061476
-1.13749746,0.42678312,-0.396677991
-0.931215683,0.476302104,-0.370058053
-0.723171871,0.638820952,-0.305570317
-0.51016437,0.701053358,-0.226460361
-0.309217434,0.888425428,-0.079863239
-0.086822411,1.045579219,-0.03637151
0.023192287,0.382700426,-0.035621653
6.09e-05,0.073158033,0.109850683
0.003161327,0.162208224,0.142844409
0.004304775,0.046703918,0.128222189
0.001286822,0.079722823,0.201708214
0.004822138,0.041811256,0.181836993
0.001601738,0.035913818,0.151467769
0.004563456,0.035535153,0.123723045
0.002508999,0.01585578,0.072732742
0.00390738,0.031459809,0.082480888
0.003809905,0.010531965,0.13947005
0.003663694,0.015102198,0.149593125
0.004642186,0.009527188,0.061109952
0.003929874,0.008638636,0.000371503
0.004758405,0.007577622,-0.032247294
0.004394751,0.007577622,-0.098984603
0.005002091,0.008698622,-0.184093418
0.005451972,0.004435821,-0.224585718
0.005403235,0.007836314,-0.225335575
0.006374228,0.005631805,-0.307819889
0.007375214,0.004229617,-0.316443249
0.008199996,0.005939236,-0.279325308
0.009260966,0.005545574,-0.253455227
0.009429671,0.001398996,-0.151099692
0.009767082,0.002984893,-0.152224478
0.010250705,0.001406495,-0.154474051
0.010067003,0.002737448,-0.122230182
0.011225447,-0.003212478,-0.154848979
0.010449402,-0.003328702,-0.152224478
0.011930261,0.012151604,-0.134602829
0.011352913,-0.007227835,-0.085112241
0.011877775,0.012500277,-0.018749861
0.013118697,-0.009972224,-0.006002285
0.011019252,0.009084786,-0.032997152
0.01515441,0.002077595,-0.100859247
0.010243207,-0.013009049,-0.160847839
0.016444069,0.037683425,-0.227960076
0.010516884,-0.052484018,-0.275576021
0.014989453,0.084649227,-0.267327589
0.01439711,-0.12574647,-0.232834149
0.010779315,0.317828607,-0.164972054
0.255822107,1.743276516,-0.16909627
0.633039995,1.853175819,-0.020999433
0.940031428,1.64795772,0.052111663
1.256807777,1.776332913,-0.023249006
1.552087302,1.717238559,0.23170251
1.831279826,1.757842026,0.160840986
2.102355743,1.636642737,0.014993722
2.363999151,1.612419376,0.165715059
2.624851518,1.614867581,0.038989159
2.865136816,1.600871944,0.104601681
3.096252035,1.640073224,0.253073446
3.315445403,1.65150818,0.205082573
3.525881083,1.691286832,0.304438678
3.723052766,1.691373062,0.300689391
3.902904023,1.702024443,0.195334427
4.069753713,1.71655996,0.163090558
4.223350652,1.724320733,0.111350398
4.366952731,1.740059732,0.125972617
4.496645983,1.71921062,0.117349257
4.611193235,1.713376918,0.104226752
4.711902891,1.716023829,0.133096262
4.798868676,1.689307272,0.089229604
4.874999822,1.689149807,0.14246948
4.93930659,1.676627592,0.240700799
4.990409345,1.650912063,0.183336708
5.028630502,1.641812837,0.183711637
5.053306486,1.613660349,0.218580006
5.066146845,1.59032554,0.008245005
5.068047594,1.561910611,-0.127854113
5.058851272,1.522979271,-0.167221626
5.03897777,1.492581034,-0.287573739
5.008850726,1.45995954,-0.274076306
4.969403642,1.427626733,-0.261703659
4.921487546,1.392084639,-0.227585147
4.865428599,1.351196234,-0.172095699
4.800975619,1.307642173,-0.188592562
4.727674976,1.254673956,-0.125229612
4.645684127,1.202241869,-0.164972054
4.55520552,1.155894679,-0.236958365
4.456272895,1.101096869,-0.211463213
4.350112179,1.03914565,-0.32469168
4.236370964,0.984808987,-0.433046075
4.115274192,0.922947748,-0.388054631
3.988280227,0.852939571,-0.345312759
3.854181889,0.793631514,-0.340063757
3.713012917,0.723870783,-0.251580584
3.566479112,0.661046008,-0.205464354
3.416601191,0.60605699,-0.259454087
3.262081994,0.528254297,-0.278950379
3.099506176,0.445971351,-0.380556057
2.928832495,0.36762128,-0.429296788
2.753161385,0.294448807,-0.416924141
2.573846237,0.207351932,-0.44316915
2.389691116,0.137355003,-0.395928133
2.202461808,0.059274872,-0.381680843
2.008139373,-0.041536453,-0.368558338
1.811916189,-0.10641577,-0.377931556
1.611779039,-0.202769337,-0.408675709
1.409025081,-0.267198754,-0.394428419
1.207017175,-0.373116443,-0.449168009
0.998291043,-0.452028889,-0.487410736
0.796376862,-0.543617265,-0.446168579
0.583136923,-0.695653445,-0.395553205
0.381312718,-0.749768907,-0.310819319
0.169981025,-1.054441133,-0.178469487
-0.019692638,-0.803468212,-0.082862669
-0.046726749,-0.150970859,0.037114515
-0.026317139,-0.154322614,0.197583999
-0.036589426,-0.129386911,0.226828437
-0.030036157,-0.07544391,0.210331575
-0.033459003,-0.08955952,0.216330434
-0.031865674,-0.044059642,0.179212492
-0.032158097,-0.06946774,0.124472902
-0.032982879,-0.037858521,0.04423816
-0.031423291,-0.046237907,-0.026998293
-0.033140337,-0.040138014,-0.052118516
-0.031666976,-0.031379962,-0.064116234
-0.032720448,-0.03624263,-0.06824045
-0.032379288,-0.02419656,-0.064491163
-0.032379288,-0.032395986,-0.023998863
-0.03260048,-0.025628742,0.021742438
-0.032611727,-0.024743938,0.026616511
-0.033215317,-0.026637267,0.034490014
-0.033147835,-0.023304259,0.016493437
-0.033721434,-0.024249048,-0.004877499
-0.034448742,-0.025025126,-0.022874077
-0.035404739,-0.027784512,-0.086611956
-0.036375733,-0.025340056,-0.137602259
-0.037028061,-0.02230698,-0.149225049
-0.036848108,-0.024590223,-0.178844416
-0.037350475,-0.023517961,-0.254954942
-0.037590412,-0.015483498,-0.32469168
-0.038002803,-0.02338674,-0.371932697
-0.038527665,-0.016184592,-0.426672287
-0.038066536,-0.023457974,-0.437920148
-0.040031018,-0.025696227,-0.393678561
-0.03835521,-0.010962004,-0.300696244
-0.040492146,-0.03246722,-0.175095129
-0.039408682,-0.005057068,-0.041995441
-0.039716101,-0.03700746,0.079856387
-0.041395657,0.001136555,0.118099114
-0.037496687,-0.026551036,0.114349827
-0.044589814,-0.022561924,0.047987447
-0.03505983,0.008481171,-0.028498007
-0.047945178,-0.089915691,-0.124854683
-0.030564767,0.137085063,-0.23245922
-0.079496846,-0.743676512,-0.332190254
-0.402117901,-1.882804364,-0.400052349
-0.763113823,-1.692425463,-0.267327589
-1.065906365,-1.702027078,-0.310819319
-1.382952643,-1.770486849,-0.158973195
-1.667974877,-1.740725969,0.165715059
-1.946500077,-1.748512987,0.048737305
-2.212042455,-1.622421036,0.187085995
-2.474079509,-1.658469267,0.316061468
-2.727460099,-1.638576192,0.215580576
-2.962080643,-1.650176112,0.420291647
-3.18881327,-1.685853175,0.457784516
-3.4032229,-1.702233282,0.409418714
-3.60941845,-1.733111413,0.493777672
-3.798690969,-1.737625409,0.385048349
-3.972963699,-1.755673894,0.276693954
-4.134069906,-1.761305141,0.191210211
-4.282358247,-1.778731265,0.11359997
-4.420689218,-1.787155641,0.080231316
-4.544166612,-1.777625261,-0.013500859
-4.653090348,-1.772158977,-0.030372651
-4.747651628,-1.75901815,-0.01050143
-4.828967654,-1.753394401,0.045362947
-4.899658987,-1.746349718,0.19420964
-4.958027324,-1.727671373,0.310437537
-5.003551552,-1.709915323,0.332933259
-5.03608921,-1.685733202,0.405669427
-5.056030194,-1.657202049,0.380549204
-5.064562941,-1.629360742,0.162340701
-5.061578729,-1.597556567,0.075732171
-5.047958576,-1.565639917,-0.040870654
-5.024099876,-1.531979904,-0.219336716
-4.990280057,-1.495466777,-0.294697384
-4.947728793,-1.4589499,-0.409050638
-4.89733835,-1.421731929,-0.449168009
-4.839176209,-1.384139042,-0.479537234
-4.772515062,-1.336509637,-0.467164586
-4.696845044,-1.282472907,-0.322442108
-4.612121167,-1.230040821,-0.316818178
-4.5190295,-1.174879341,-0.286074024
-4.417884959,-1.116879743,-0.205839283
-4.308687545,-1.055022253,-0.247456368
-4.192010855,-0.994045818,-0.280075165
-4.068488474,-0.932743204,-0.239582866
-3.938622768,-0.871256882,-0.231334434
-3.801840138,-0.802759619,-0.233209078
-3.65842176,-0.732623971,-0.170221056
-3.510635786,-0.675651644,-0.257579443
-3.358947092,-0.603513941,-0.319817607
-3.201102524,-0.522112049,-0.358810192
-3.035002636,-0.439094266,-0.493034667
-2.861325999,-0.361643995,-0.483661449
-2.684503942,-0.292085718,-0.513655745
-2.503276799,-0.205727429,-0.517405032
-2.318791766,-0.135531794,-0.454791939
-2.129714196,-0.03840215,-0.445043793
-1.934405771,0.038272044,-0.364809051
-1.738148846,0.120356284,-0.309694532
-1.535822274,0.217557162,-0.230959505
-1.335752607,0.28504215,-0.167221626
-1.129590798,0.398799345,-0.228335005
-0.924782382,0.456461518,-0.260203944
-0.718639318,0.622369612,-0.294322456
-0.507498824,0.685543059,-0.332565183
-0.308996242,0.868517356,-0.278200522
-0.08898559,1.03640126,-0.196091136
0.022918609,0.385253608,-0.152974336
0.000806948,0.068186639,-0.083987455
0.003045107,0.16510633,0.023617082
0.004559707,0.049658261,0.049112234
0.001350555,0.078099434,0.097103107
0.004900867,0.045249242,0.194584569
0.001474272,0.036926093,0.222704222
0.004713417,0.035598888,0.252323589
0.002790175,0.013737501,0.213331004
0.003701184,0.028370496,0.145843838
0.003978611,0.012181598,0.099352679
0.003611208,0.015908269,0.024741868
0.004387253,0.010224533,0.017618223
0.00386989,0.010539463,0.021742438
0.004567205,0.005118169,-0.000378355
0.004612193,0.005864253,-0.049868943
0.005140804,0.009047295,-0.103483747
0.005361995,0.003697235,-0.16609684
0.005736896,0.005995474,-0.23545865
0.006299248,0.005129416,-0.242207366
0.007191512,0.007243946,-0.222711074
0.008128765,0.008012525,-0.197590851
0.008739854,0.008593646,-0.17771963
0.009429671,0.000547935,-0.113606822
0.009579632,0.000532939,-0.052868373
0.010183222,0.001713926,-0.026623364
0.010033262,-0.001390383,0.039739016
0.011184208,0.008301211,0.058485451
0.010978012,-0.00383109,-0.004502571
0.011469133,0.011128082,-0.12298004
0.012241429,-0.003943565,-0.243332153
0.010993009,0.003453539,-0.292822741
0.013662304,0.006141691,-0.305195388
0.010505637,-0.010163432,-0.25270537
0.014299635,0.020568482,-0.199090566
0.011671579,-0.026820976,-0.22383586
0.013171183,0.040813978,-0.236958365
0.014727022,-0.038053478,-0.239207937
0.009399679,0.039419289,-0.221211359
0.022056337,-0.017429315,-0.181843846
-0.003789338,-0.012791597,-0.086611956
0.144690203,1.34366416,-0.07686381
0.517248072,1.97383148,-0.048744157
0.843175754,1.662129568,0.079856387
1.152274131,1.786346935,-0.009751572
1.459048121,1.751697143,0.179587421
1.737318388,1.778406202,0.33855719
2.011970861,1.720410353,0.190460353
2.272024689,1.642393958,0.33555776
2.534106731,1.674021922,0.25494809
2.77889459,1.644718441,0.148468339
3.010260993,1.676725071,0.281942956
3.231966197,1.69965497,0.212956075
3.442525595,1.73148164,0.245949801
3.642827701,1.743606443,0.288691673
3.825003344,1.753522987,0.208082002
3.993855005,1.762247296,0.206582288
4.149581383,1.775189417,0.152592555
4.294248181,1.799885174,0.202083143
4.427064358,1.79630472,0.264321307
4.544528339,1.787666642,0.238451227
4.647000029,1.778338717,0.284192528
4.735675363,1.767691085,0.20583243
4.812983698,1.759326696,0.134595977
4.878932533,1.7518921,0.144344123
4.932367173,1.731680346,0.091104248
4.972878975,1.706965844,0.055486021
5.000209258,1.683904724,0.108350968
5.015625187,1.655227353,0.048362376
5.019452926,1.623100749,-0.0911111
5.012194843,1.59136031,-0.074989166
4.994312065,1.554843433,-0.124104826
4.965579652,1.517685449,-0.192716778
4.927658416,1.486316177,-0.192716778
4.881286911,1.433497927,-0.230584577
4.826810047,1.391559756,-0.264703088
4.764857657,1.363909656,-0.329940682
4.694233806,1.312489845,-0.296572028
4.614503611,1.261527431,-0.287573739
4.526398127,1.204517613,-0.383930415
4.430071064,1.146986661,-0.323941823
4.325747363,1.090520472,-0.332940112
4.213404529,1.020178619,-0.446168579
4.093972317,0.959674578,-0.462290513
3.968586678,0.905022985,-0.48066202
3.836674012,0.837504255,-0.511406173
3.697836925,0.765040375,-0.463415299
3.553241358,0.704521337,-0.394803347
3.405024248,0.643331199,-0.40567628
3.252439541,0.571673389,-0.366683695
3.092765456,0.491422491,-0.35356119
2.92426995,0.402196089,-0.342313329
2.749836013,0.330463296,-0.220461502
2.572331637,0.249410076,-0.153724193
2.389814834,0.172154762,-0.106108248
2.204999888,0.094498286,-0.095610245
2.013361744,-0.006969142,-0.168346413
1.818664407,-0.073003203,-0.250080869
1.621110325,-0.172506069,-0.33069054
1.419342356,-0.243762718,-0.382805629
1.218894038,-0.341653442,-0.467164586
1.011581283,-0.428866541,-0.523403891
0.810525626,-0.517384351,-0.465664872
0.599576331,-0.683479903,-0.449917866
0.397549681,-0.724612003,-0.388804488
0.189813287,-1.022543228,-0.247831297
-0.007920747,-0.857516189,-0.142101404
-0.048196361,-0.180619264,-0.045369799
-0.025421126,-0.144424815,-0.006752143
-0.035843373,-0.138999772,0.013119078
-0.02983371,-0.06892411,0.011619364
-0.032300559,-0.095903109,0.025866654
-0.031475777,-0.04779756,0.091854105
-0.030797206,-0.06690331,0.127847261
-0.032311806,-0.039185726,0.15671677
-0.030354823,-0.04240251,0.160840986
-0.032169344,-0.040055532,0.107601111
-0.031063386,-0.02806195,-0.003752713
-0.031813188,-0.034551757,-0.072364665
-0.031756953,-0.03219728,-0.124104826
-0.031711964,-0.03237724,-0.154474051
-0.03199314,-0.022831864,-0.089611386
-0.032049375,-0.025445032,-0.090736172
-0.032495507,-0.023079309,-0.046494585
-0.032338049,-0.025002631,0.083605674
-0.032757938,-0.024316533,0.139095122
-0.03335778,-0.022550676,0.169464346
-0.034415001,-0.024297788,0.201333286
-0.035142309,-0.022378215,0.166464917
-0.035850871,-0.025358802,0.064109382
-0.03604582,-0.019915013,0.017993151
-0.036510697,-0.023285513,-0.05361823
-0.036971825,-0.01785672,-0.170970913
-0.03661192,-0.01952135,-0.228335005
-0.038092779,-0.026112384,-0.324316752
-0.037136782,-0.016503271,-0.395928133
-0.038415194,-0.026363578,-0.384680272
-0.038006552,-0.011910543,-0.340813615
-0.038351461,-0.031897347,-0.322817037
-0.039648619,-0.009927234,-0.320192536
-0.03737297,-0.022546927,-0.238833008
-0.041635594,-0.020323672,-0.187092848
-0.036600673,-0.006024353,-0.153349264
-0.042677819,-0.052855185,-0.107607963
-0.037193017,0.036997327,-0.045369799
-0.041481884,-0.097890167,-0.022499148
-0.040919533,0.101258033,-0.072364665
-0.036319498,-0.311360181,-0.09973446
-0.281842163,-1.683431214,-0.156723623
-0.662302944,-1.810006808,-0.039745868
-0.970257873,-1.654082743,-0.050618801
-1.286745548,-1.802418496,-0.085112241
-1.581267774,-1.748085582,0.223829008
-1.858484569,-1.792262005,0.127847261
-2.128034639,-1.6772001,0.089979462
-2.387668578,-1.671040221,0.30406375
-2.645604215,-1.68394485,0.166839845
-2.882721599,-1.672356178,0.303688821
-3.110710144,-1.716510106,0.476156023
-3.327230468,-1.733696283,0.380174276
-3.533992118,-1.77466342,0.46265859
-3.727223592,-1.780617095,0.446161727
-3.903745728,-1.794695214,0.403794784
-4.066640212,-1.807821044,0.392546923
-4.217196705,-1.823676267,0.270695095
-4.357297208,-1.835939789,0.257572591
-4.483908774,-1.831249582,0.1597162
-4.59643156,-1.825963258,0.062984595
-4.693388457,-1.809166994,0.095603392
-4.776807678,-1.802947128,0.107601111
-4.848957376,-1.796674773,0.169089418
-4.909425158,-1.779188663,0.236951512
-4.957356251,-1.758860685,0.196459213
-4.992458232,-1.734041206,0.160840986
-5.01567585,-1.709150493,0.154467198
-5.026525485,-1.678789747,0.009369791
-5.026360529,-1.649546252,-0.034496867
-5.01545091,-1.617093471,-0.038996011
-4.993328002,-1.575462732,-0.169846127
-4.961435174,-1.538559691,-0.204339568
-4.920259797,-1.498683561,-0.283449523
-4.871278981,-1.462207925,-0.35356119
-4.814665181,-1.423092876,-0.381305914
-4.750272186,-1.378590276,-0.490035237
-4.67890978,-1.334398856,-0.47766259
-4.598827178,-1.275698164,-0.511781102
-4.50933456,-1.216884997,-0.58714177
-4.411399172,-1.15883666,-0.531277394
-4.305077248,-1.096742973,-0.562771405
-4.190676208,-1.033618265,-0.545899613
-4.069283264,-0.972270662,-0.409050638
-3.941427027,-0.90817117,-0.352061476
-3.806676361,-0.836393387,-0.319442679
-3.664971281,-0.770381822,-0.23545865
-3.518812377,-0.705003865,-0.269202233
-3.369155647,-0.637110218,-0.337064328
-3.213159341,-0.56342036,-0.304070602
-3.049440074,-0.4735566,-0.343813044
-2.87737926,-0.389204114,-0.325441538
-2.701333248,-0.316451548,-0.274451235
-2.521425756,-0.233602478,-0.298446671
-2.337540565,-0.165030232,-0.277075736
-2.150824871,-0.070176332,-0.298071743
-1.957210998,0.01091063,-0.332565183
-1.762884814,0.089144477,-0.325816467
-1.562770158,0.191556696,-0.28719881
-1.362872945,0.255719923,-0.253080299
-1.158904307,0.377579065,-0.312693962
-0.953424818,0.433137956,-0.320942393
-0.750131002,0.582650947,-0.260578873
-0.53788455,0.681280257,-0.238083151
-0.341024034,0.807859599,-0.158223338
-0.121369539,1.058528838,-0.026248435
0.018209853,0.510164572,0.019492866
0.005478215,0.063342717,0.045737875
0.001099371,0.162639378,0.095603392
0.00644171,0.064748654,0.064109382
0.001208092,0.071605879,0.035989729
0.005669414,0.052455139,0.059235308
0.002130349,0.032910736,0.066733882
0.004825887,0.035737608,0.046862661
0.003607459,0.005927989,-0.003002856
0.003873639,0.029536487,-0.069740164
0.004630939,0.010385747,-0.142851261
0.003854893,0.015214673,-0.161222767
0.004855879,0.011697955,-0.087736742
0.004222296,0.009669656,-0.001128212
0.004987094,0.010651938,0.074232456
0.004938357,-0.000932985,0.140594836
0.005253274,0.007772578,0.127472332
0.005526952,0.006070457,0.09335382
0.00560943,0.004495807,0.095978321
0.006284252,0.007375167,0.063359524
0.007094038,0.007551378,0.066358954
0.008102522,0.007967535,0.037489444
0.008818583,0.005001945,-0.135727616
0.009639616,0.000367976,-0.254580014
0.009688353,-0.002312678,-0.288323597
0.010486892,0.001608949,-0.309694532
0.010573119,0.000322986,-0.287573739
0.010933024,0.006576594,-0.239957794
0.011701571,-0.003092505,-0.211088284
0.011045495,0.00371973,-0.210713356
0.012680063,0.002519997,-0.168346413
0.011281682,-0.005394493,-0.066365806
0.013583574,0.014044933,0.017993151
0.012042731,-0.020338668,0.137970335
0.012931247,0.018885106,0.218954935
0.014393361,-0.019292651,0.145468909
0.011112977,0.016264439,0.081356102
0.017553776,0.002621224,-0.075364095
0.007772609,-0.021583391,-0.229459791
0.021370268,0.069836272,-0.317942964
0.001991636,-0.154161399,-0.408675709
0.060236255,0.827407751,-0.419173713
0.38869077,1.969235002,-0.437920148
0.743583304,1.730664322,-0.28457431
1.045573557,1.743467724,-0.24970594
1.360614114,1.78659813,-0.095610245
1.643300715,1.762386016,0.256447805
1.919767709,1.789841158,0.204332715
2.182153421,1.660862349,0.380924133
2.44265713,1.692359093,0.542893331
2.693679592,1.676770061,0.429289935
2.926208188,1.692449073,0.581510988
3.151163785,1.724703148,0.595383349
3.363732652,1.741570646,0.553391335
3.567221416,1.780048337,0.580011273
3.753869628,1.779527202,0.366676842
3.925011935,1.786264454,0.175838134
4.083190165,1.80871446,0.005620504
4.229589005,1.828663772,-0.168721341
4.365100721,1.830227174,-0.180344131
4.486467421,1.827284079,-0.149974906
4.592909313,1.814450684,-0.021374362
4.684936262,1.800537529,0.137220478
4.764756434,1.795284947,0.252698518
4.833187113,1.786002012,0.386922992
4.889542231,1.765482827,0.479155452
4.933086983,1.740888298,0.477280809
4.963903845,1.718936931,0.47128195
4.982570166,1.687886338,0.390672279
4.989603308,1.655133624,0.118099114
4.98569684,1.627168595,-0.072739594
4.970599577,1.591836454,-0.23245922
4.944506467,1.549204688,-0.407550923
4.908568457,1.512301647,-0.481786806
4.863925246,1.471158299,-0.563146334
4.811450353,1.423832577,-0.575144052
4.751259998,1.385321143,-0.614886494
4.683425411,1.345073846,-0.627259141
4.607470468,1.294141426,-0.517030104
4.52316648,1.236074343,-0.50353267
4.43061467,1.181775172,-0.395553205
4.329563855,1.123378163,-0.246706511
4.220576385,1.059526116,-0.268452375
4.103877202,0.997481168,-0.277825593
3.980377314,0.930974713,-0.288323597
3.85080778,0.868389885,-0.376431841
3.714415047,0.799375237,-0.459666012
3.572046392,0.733348674,-0.47466316
3.425508838,0.670640124,-0.5496489
3.275072314,0.591693935,-0.608137778
3.118581139,0.520568507,-0.625384498
2.953107335,0.437044587,-0.686872805
2.780544154,0.35643002,-0.628008999
2.604588119,0.282856386,-0.544399899
2.423293493,0.195302113,-0.44879308
2.239756959,0.125290187,-0.272201662
2.050574417,0.027159516,-0.133852972
1.85663813,-0.050849381,-0.000753284
1.661843319,-0.141699172,0.076482029
1.461451236,-0.220229203,0.08173103
1.263578489,-0.299985211,0.057735594
1.057926545,-0.41170286,-0.022874077
0.856582214,-0.472731784,-0.09973446
0.65032668,-0.645759544,-0.224585718
0.443778723,-0.698454072,-0.354311048
0.243364146,-0.937827073,-0.403801636
0.029779298,-0.986296292,-0.426672287
-0.051487992,-0.301908533,-0.382805629
-0.025953485,-0.108549046,-0.228335005
-0.032907899,-0.16741845,-0.078738453
-0.030598508,-0.064147673,-0.013875788
-0.029788722,-0.099356091,0.075732171
-0.031505769,-0.053567527,0.135720763
-0.029027673,-0.060837159,0.17133899
-0.031640733,-0.051730435,0.222329293
-0.029680001,-0.040767874,0.190835282
-0.031277079,-0.04770758,0.160091129
-0.030302337,-0.030847581,0.086230175
-0.030512281,-0.037029955,-0.034121938
-0.031052139,-0.026314839,-0.139101974
-0.030635999,-0.027720776,-0.241457509
-0.031130868,-0.025482524,-0.24970594
-0.031070884,-0.023379242,-0.24708144
-0.031603243,-0.024042844,-0.263953231
-0.031415793,-0.020987274,-0.24108258
-0.031745705,-0.022723138,-0.195716208
-0.032435523,-0.024518988,-0.103483747
-0.033372776,-0.026637267,0.003745861
-0.034126327,-0.022888101,0.095978321
-0.034778655,-0.022606914,0.163840416
-0.035322261,-0.02168087,0.177712778
-0.035262277,-0.020957281,0.133471191
-0.036030824,-0.020379909,0.068233597
-0.035862118,-0.019405126,0.00674529
-0.036825614,-0.025103858,-0.072364665
-0.036529442,-0.010422124,-0.152974336
-0.037001818,-0.027124659,-0.262828445
-0.038096528,-0.020211197,-0.356935549
-0.036469458,-0.023750409,-0.398927563
-0.039183741,-0.023630436,-0.425172572
-0.036416972,-0.00734031,-0.323941823
-0.039839818,-0.039047007,-0.219711644
-0.03736922,0.011184319,-0.132728186
-0.03835521,-0.051074331,-0.021374362
-0.040559628,0.017314206,0.042738446
-0.034362514,-0.047058974,0.146968624
-0.047577775,-0.006792932,0.143969195
-0.021248477,0.018787628,0.129346975
-0.161577671,-1.255670119,0.087354961
-0.534367978,-1.910593182,0.064859239
-0.864220874,-1.639719688,0.085105389
-1.172633182,-1.786132118,-0.086611956
-1.480149476,-1.76899843,0.036364658
-1.757737423,-1.797315881,0.055486021
-2.032029991,-1.742368104,-0.161222767
-2.291259036,-1.667437272,0.021742438
-2.551099171,-1.706758525,0.050611948
-2.793881309,-1.681230454,0.062984595
-3.023256988,-1.72368226,0.341181691
-3.243252644,-1.745363687,0.382798777
-3.452196218,-1.782090518,0.427790221
-3.650402628,-1.799962792,0.553016406
-3.830831232,-1.806193906,0.530520684
-3.997624687,-1.824999722,0.554516121
-4.150842977,-1.836011023,0.532020399
-4.293721497,-1.853279682,0.450285943
-4.424217037,-1.851510075,0.335932689
-4.540481335,-1.84703732,0.183711637
-4.641959538,-1.835039989,0.13947005
-4.729064036,-1.823308849,0.080231316
-4.804797787,-1.815892998,0.047612519
-4.868313514,-1.80271468,0.062609667
-4.919817414,-1.782656642,-0.026623364
-4.958818365,-1.755508931,-0.092985744
-4.984975208,-1.729999605,-0.058492303
-4.999213948,-1.703088092,-0.113981751
-5.002771758,-1.671883783,-0.121105396
-4.995397455,-1.636457913,0.046112804
-4.976693645,-1.598973752,0.053611378
-4.948216165,-1.560102399,-0.004877499
-4.909845047,-1.518490405,-0.022499148
-4.862472557,-1.477838198,-0.144725904
-4.807328369,-1.435948767,-0.233209078
-4.744408734,-1.391089995,-0.350936689
-4.673627425,-1.34400047,-0.439044934
-4.594677024,-1.291815829,-0.496409025
-4.507377577,-1.2346298,-0.640006717
-4.411721587,-1.175977847,-0.653879079
-4.308275154,-1.115811231,-0.673000443
-4.196457181,-1.051453047,-0.763733188
-4.076845017,-0.987574757,-0.715742315
-3.95103574,-0.926722044,-0.606263134
-3.818609459,-0.857609918,-0.60738792
-3.679086303,-0.785138539,-0.533526966
-3.534449498,-0.723228561,-0.401552064
-3.386543555,-0.657531925,-0.409800495
-3.233707664,-0.586365256,-0.335939541
-3.073951101,-0.505694451,-0.285324167
-2.905245651,-0.413911118,-0.295447242
-2.731070396,-0.342024609,-0.264703088
-2.553086146,-0.257038515,-0.330315611
-2.3703519,-0.182475101,-0.367808481
-2.185559449,-0.099794743,-0.359934978
-1.993426435,-0.004937094,-0.342313329
-1.800209958,0.058108881,-0.291323026
-1.6023747,0.165837417,-0.266952661
-1.402544969,0.230233092,-0.193841564
-1.202572776,0.336810634,-0.164597126
-0.996759625,0.415490632,-0.18071906
-0.796738694,0.529326559,-0.113231894
-0.585167064,0.670257709,-0.080988025
-0.387039383,0.735871863,-0.020624505
-0.173075884,1.046816444,0.080981173
0.002508999,0.699103792,0.114349827
0.013846005,0.086722516,0.136470621
-0.001723633,0.144954562,0.182586851
0.008233737,0.092867399,0.176213063
0.001361802,0.055938114,0.086980032
0.005669414,0.068377847,0.022867225
0.003292542,0.025382411,-0.023998863
0.004387253,0.046220276,-0.056992589
0.00473966,0.015147188,-0.07686381
0.003794909,0.022221864,-0.092610815
0.005361995,0.015773299,-0.070490022
0.004064838,0.015057208,-0.082862669
0.005260772,0.015327148,-0.093360672
0.004885871,0.008668629,-0.07686381
0.005242027,0.009752138,-0.046119656
0.005523203,0.005144413,0.013119078
0.005504458,0.007618863,0.031490585
0.005901853,0.002111338,0.002996003
0.005905602,0.003884693,-0.035621653
0.006764125,0.008713619,-0.081737883
0.007652641,0.006700317,-0.120730468
0.008286223,0.006040464,-0.155973765
0.009290958,0.008477422,-0.197590851
0.009988274,0.000480451,-0.222711074
0.010111991,0.00367474,-0.256454657
0.010933024,0.005144413,-0.290573169
0.010715582,0.000457956,-0.268827304
0.011585352,0.008301211,-0.176594844
0.011521619,-0.008862471,-0.072739594
0.011997743,0.009178516,-0.028872936
0.013017474,-0.003174986,-0.018000004
0.011645336,-0.00181029,-0.016500289
0.014558317,0.004851978,-0.021374362
0.011589101,-0.011096974,0.042363517
0.014891979,0.025667348,0.121098544
0.012871263,-0.029587861,0.142844409
0.013591072,0.037319756,0.148843268
0.016234124,-0.031556173,0.072732742
0.009545891,0.029232805,-0.040495726
0.023390985,6.43e-05,-0.148475191
-0.002908321,-0.057155478,-0.219336716
0.129431732,1.259349166,-0.281199951
0.497955666,1.980066343,-0.256454657
0.829248182,1.67434435,-0.122230182
1.138181602,1.802220904,-0.172845557
1.448082267,1.774634541,0.033740157
1.727510978,1.806952352,0.263946379
2.003621816,1.763323307,0.144719052
2.264507923,1.679087045,0.320185684
2.526593715,1.720241641,0.340431833
2.774227072,1.686199213,0.248949231
3.007261785,1.732025269,0.412793073
3.229068212,1.752435729,0.339681976
3.440339922,1.78677434,0.361427841
3.642925175,1.816149056,0.426665434
3.828632386,1.82386109,0.311187395
3.999797186,1.844042851,0.299189676
4.156130903,1.846461063,0.216705362
4.301926153,1.866916513,0.19158514
4.43682678,1.874553564,0.195334427
4.557938548,1.864865719,0.159341271
4.664826572,1.85784728,0.221954364
4.756786038,1.848575593,0.229452938
4.83622756,1.840391163,0.302564035
4.904249598,1.829151164,0.403044926
4.960023619,1.811087682,0.405294499
5.003170976,1.786106989,0.378299632
5.033766646,1.758828057,0.390672279
5.052196779,1.727357558,0.301439249
5.059297404,1.691710487,0.098977751
5.055837068,1.664615265,0.035239872
5.04174079,1.632796093,-0.086611956
5.016802376,1.590475507,-0.234708792
4.981329243,1.549099711,-0.302945816
4.936873483,1.510367077,-0.432671146
4.88451106,1.466858006,-0.517030104
4.823833333,1.41972724,-0.635507573
4.755241446,1.375340864,-0.649754863
4.67846547,1.323025001,-0.553023259
4.593482912,1.267503602,-0.585267127
4.500589942,1.210272583,-0.481036948
4.39990278,1.150428395,-0.40567628
4.291833818,1.089260752,-0.507281957
4.175517034,1.025959833,-0.526028392
4.052077131,0.965050882,-0.552273401
3.922488851,0.898536928,-0.609262564
3.786148604,0.828989899,-0.631008428
3.643277582,0.758708033,-0.640381646
3.495570337,0.696059469,-0.6737503
3.345193797,0.632226169,-0.681998732
3.189242479,0.552706358,-0.684998161
3.025148311,0.468927495,-0.700745167
2.85315498,0.386880746,-0.63625743
2.676659087,0.309921615,-0.603638633
2.496133008,0.226165247,-0.566520692
2.311640477,0.155673428,-0.458916155
2.123361446,0.061696833,-0.363684265
1.928555388,-0.024747688,-0.249331012
1.73303327,-0.103960067,-0.135727616
1.531898883,-0.200197409,-0.025873506
1.332042909,-0.264600582,0.027741298
1.127961801,-0.383685342,0.011994292
0.922812225,-0.441621204,0.018743009
0.720733088,-0.590957984,-0.010876359
0.508756564,-0.689583545,-0.061116804
0.311903547,-0.823548745,-0.034121938
0.092800156,-1.076861145,0.012369221
-0.047202874,-0.537217439,0.034864943
-0.034696176,-0.08856974,0.103851824
-0.029814965,-0.182984988,0.160466057
-0.035041085,-0.085746618,0.137220478
-0.029462558,-0.089930688,0.12522276
-0.033717685,-0.073295638,0.108725897
-0.030283592,-0.050283257,0.075732171
-0.032769185,-0.062175612,0.024366939
-0.031378303,-0.035927701,-0.061491733
-0.031584498,-0.051149314,-0.071614808
-0.032128105,-0.03548155,-0.072739594
-0.031344561,-0.035725246,-0.109482607
-0.03248426,-0.03597644,-0.136852402
-0.03180569,-0.029936533,-0.164597126
-0.032360543,-0.028028208,-0.155973765
-0.032233077,-0.028680563,-0.163847268
-0.032577986,-0.027488328,-0.158973195
-0.03282542,-0.024807674,-0.147350405
-0.033147835,-0.026768488,-0.156348694
-0.033935127,-0.02604115,-0.136477473
-0.034617447,-0.025193838,-0.115856395
-0.035532206,-0.023731664,-0.139851831
-0.036356988,-0.025737467,-0.158598266
-0.036716893,-0.019911263,-0.112856965
-0.037028061,-0.023323004,-0.109482607
-0.037605408,-0.021024766,-0.097484888
-0.03744795,-0.020248688,-0.049119086
-0.038531414,-0.021733358,-0.057742446
-0.037755369,-0.014527461,-0.081362954
-0.039007538,-0.026408568,-0.101609104
-0.038763852,-0.008581284,-0.117356109
-0.038718864,-0.029089222,-0.123354969
-0.040203472,-0.010227168,-0.084737312
-0.037744121,-0.020057481,-0.012751002
-0.042062981,-0.025538762,0.035989729
-0.037249252,-0.003414933,0.096728178
-0.042707811,-0.055502096,0.107976039
-0.038085281,0.037372244,0.062234738
-0.040454656,-0.093736091,-0.006002285
-0.043243919,0.084521756,-0.061116804
-0.032311806,-0.250248775,-0.111732179
-0.260997667,-1.627426173,-0.238083151
-0.643644122,-1.829573705,-0.126354398
-0.955168108,-1.657756925,-0.097859817
-1.271697022,-1.820189542,-0.110607393
-1.569705827,-1.771667836,0.263946379
-1.848470963,-1.82227033,0.254573161
-2.120356667,-1.713184596,0.235076869
-2.380095577,-1.698300407,0.461158875
-2.63982699,-1.725605583,0.316436397
-2.880243503,-1.713360806,0.365177128
-3.109311763,-1.755077776,0.513273964
-3.325565907,-1.772357683,0.426665434
-3.533714692,-1.82159173,0.487403884
-3.73060145,-1.834061457,0.457034659
-3.910433961,-1.848825672,0.329558901
-4.076436375,-1.861509101,0.282317885
-4.227768913,-1.868936199,0.183336708
-4.369290291,-1.889579107,0.145093981
-4.499081018,-1.888458106,0.095603392
-4.614445553,-1.884202803,0.067108811
-4.715661325,-1.873588914,0.114724756
-4.802518389,-1.860508074,0.110975469
-4.877824753,-1.855911596,0.178837564
-4.941636652,-1.839021603,0.350554908
-4.992372004,-1.817013999,0.382048919
-5.030818102,-1.793154306,0.380924133
-5.056611291,-1.762167449,0.428165149
-5.070006503,-1.734078698,0.255697947
-5.072855751,-1.704332815,0.136095692
-5.065560178,-1.669900474,0.123723045
-5.047531188,-1.632899955,-0.02774815
-5.019649801,-1.593436234,-0.14322619
-4.982283418,-1.551812993,-0.250455798
-4.93554826,-1.510984575,-0.386929845
-4.88116887,-1.469338839,-0.508406743
-4.818800339,-1.420573437,-0.624259712
-4.747546655,-1.370038428,-0.620510425
-4.668371313,-1.318356175,-0.63925686
-4.581146846,-1.261383848,-0.646755434
-4.485524597,-1.204880168,-0.543275113
-4.382479309,-1.146067001,-0.563521262
-4.27201098,-1.080794021,-0.610762279
-4.153433543,-1.016848245,-0.553398187
-4.027965425,-0.951144111,-0.549273972
-3.896120241,-0.884540177,-0.597264845
-3.75688201,-0.815776724,-0.551523544
-3.611454163,-0.745513604,-0.594265416
-3.462517243,-0.684559663,-0.697370808
-3.309730089,-0.613216783,-0.681623803
-3.150415909,-0.532467246,-0.73448875
-2.983075099,-0.445539083,-0.731864249
-2.809106039,-0.36791635,-0.664002154
-2.631470447,-0.291523343,-0.640006717
-2.44893115,-0.207864453,-0.55264833
-2.263471374,-0.133169819,-0.470538945
-2.072121904,-0.032204779,-0.363309337
-1.877079659,0.035437674,-0.222711074
-1.679780509,0.129159326,-0.111732179
-1.47782509,0.21212837,0.004495718
-1.278389005,0.299851356,0.061109952
-1.071139983,0.401435008,0.077606815
-0.869263292,0.470329683,0.099727608
-0.659959813,0.647582753,0.05586095
-0.454690269,0.689498429,0.056985736
-0.250860344,0.957218875,0.138720193
-0.0406646,0.926843132,0.128222189
0.023784631,0.222033666,0.12522276
-0.002079789,0.100980594,0.177337849
0.007307732,0.135352948,0.124472902
0.003423757,0.04193123,0.082855817
0.004151065,0.078429361,0.083230745
0.004998342,0.020227308,0.037114515
0.003431255,0.039404292,0.061859809
0.005860614,0.026488415,0.084355531
0.003824901,0.021382051,0.070483169
0.005748144,0.025022491,0.097852965
0.004672178,0.010670684,0.069358383
0.005272019,0.014288629,0.012369221
0.005549446,-0.001285407,-0.049119086
0.005324505,0.008833592,-0.086237027
0.005901853,0.003419797,-0.113981751
0.00568441,0.001987615,-0.16909627
0.006314244,0.008203732,-0.172470628
0.006198025,0.004060904,-0.189717348
0.006749129,0.004998196,-0.221961217
0.007832593,0.004270857,-0.202839853
0.008499917,0.007791324,-0.149974906
0.009380934,0.006002972,-0.162722482
0.010310689,-0.001641577,-0.162347553
0.010299442,0.003513526,-0.125979469
0.011056742,0.006929016,-0.16909627
0.011165463,-0.000108169,-0.136102544
0.011660332,0.008263719,-0.084737312
0.012181445,-0.003891077,-0.089611386
0.011941508,0.003929683,-0.074239309
0.013467355,0.001530217,-0.07386438
0.011810293,-0.001506607,-0.074989166
0.014415855,0.012582758,-0.102358961
0.012627577,-0.018254132,-0.098984603
0.014262145,0.026327201,-0.067865521
0.014543321,-0.023607941,-0.086611956
0.012170198,0.021985667,-0.091860958
0.017984912,-0.008682511,-0.101234175
0.008537407,-0.015509742,-0.094860387
0.023229777,0.050719275,-0.132728186
0.000668235,-0.140124522,-0.12298004
0.077537936,0.944258008,-0.093735601
0.420193701,1.976024742,-0.089986314
0.769372743,1.711596064,0.145468909
1.073664889,1.770397983,0.167964631
1.388847909,1.803045721,0.28081817
1.671178354,1.801354847,0.540643759
1.949268669,1.802888256,0.31268711
2.212501657,1.685678079,0.362927555
2.474250037,1.724122027,0.455909873
2.726513422,1.708892915,0.29244096
2.961640082,1.733015049,0.446536656
3.185954597,1.755270098,0.438663153
3.398137316,1.790860931,0.30406375
3.603309387,1.826646721,0.308187965
3.792668133,1.82525578,0.203957787
3.966955859,1.846041157,0.181087136
4.126120078,1.855477807,0.166839845
4.27330996,1.865645546,0.116974328
4.410692431,1.876214444,0.134970906
4.534507235,1.881073364,0.051736734
4.64442446,1.866264158,0.049862091
4.739458114,1.856576313,0.143594266
4.821741386,1.850056513,0.235451797
4.893111289,1.83096576,0.414292787
4.952049475,1.818068629,0.509899606
4.998518454,1.794655087,0.446536656
5.032372014,1.770308003,0.418791932
5.053231506,1.733892354,0.29806489
5.062319106,1.694897278,0.063734453
5.060669542,1.671303777,-0.009001715
5.048680208,1.625368995,-0.128229042
5.02598745,1.586673853,-0.275201092
4.993187362,1.559447409,-0.362559479
4.951637084,1.515762127,-0.516280246
4.901546561,1.471619446,-0.544399899
4.84357562,1.42898768,-0.553773116
4.777574299,1.383214112,-0.527528107
4.702770302,1.33076328,-0.389929274
4.619632256,1.275673035,-0.413924711
4.528223895,1.218723203,-0.443919007
4.428672683,1.15841037,-0.465289943
4.321878384,1.097111506,-0.566145763
4.207578567,1.03739104,-0.563521262
4.086088149,0.973456512,-0.51215603
3.958584319,0.903943226,-0.519279676
3.824493479,0.837485509,-0.573269409
3.683406985,0.76991804,-0.616761138
3.536895674,0.705469876,-0.711618099
3.386710334,0.637681206,-0.764483046
3.231636284,0.565565998,-0.767857404
3.06961157,0.482761917,-0.773106406
2.899072854,0.390539932,-0.689872234
2.72375415,0.324569607,-0.670001013
2.545488725,0.246530717,-0.63925686
2.361652271,0.169039205,-0.548149186
2.174940326,0.086797499,-0.458541226
1.981333951,-0.007426541,-0.320567465
1.785815582,-0.081082656,-0.205089425
1.58625203,-0.183067469,-0.125604541
1.384933942,-0.245262384,-0.123729897
1.183046005,-0.356530133,-0.175844986
0.975568293,-0.431108543,-0.163097411
0.774628855,-0.541802669,-0.106858106
0.562408646,-0.684855847,-0.064491163
0.363579901,-0.751692229,0.038239301
0.150411192,-1.060717237,0.140219908
-0.027962954,-0.733441289,0.120348687
-0.042707811,-0.122687151,0.17133899
-0.026212167,-0.165798811,0.256447805
-0.035820879,-0.113895357,0.25494809
-0.028783988,-0.076977319,0.349055194
-0.032832918,-0.088663469,0.40491957
-0.030399811,-0.044205859,0.351304766
-0.031295824,-0.068035558,0.322435256
-0.031584498,-0.037123684,0.203957787
-0.030306086,-0.046732797,0.078356672
-0.031891917,-0.034278067,0.011994292
-0.030549771,-0.032268515,-0.092235886
-0.031569502,-0.038417147,-0.156348694
-0.03119835,-0.025763711,-0.223460931
-0.031524514,-0.02815193,-0.283824452
-0.031790694,-0.022925593,-0.278950379
-0.031741956,-0.027893238,-0.279700236
-0.032120606,-0.025486273,-0.233958935
-0.032293061,-0.024095333,-0.162722482
-0.032934142,-0.026138628,-0.13722733
-0.033897637,-0.025565006,-0.116981181
-0.034778655,-0.028463111,-0.117731038
-0.03559219,-0.025463778,-0.171345842
-0.036072063,-0.020181203,-0.168721341
-0.03615829,-0.022318228,-0.144350976
-0.037155527,-0.020563618,-0.1747202
-0.036859355,-0.020383658,-0.173595414
-0.037860341,-0.024623965,-0.221961217
-0.037631651,-0.013968835,-0.285699096
-0.038044042,-0.026123631,-0.298446671
-0.038576402,-0.011644352,-0.296197099
-0.037586663,-0.026607274,-0.236958365
-0.040139739,-0.020544872,-0.193466635
-0.037091794,-0.011258188,-0.101234175
-0.040994513,-0.036707527,-0.00187807
-0.037702882,0.009182265,0.065984025
-0.040357181,-0.056446886,0.144344123
-0.040413417,0.028370496,0.140219908
-0.036237019,-0.06245305,0.137970335
-0.047386575,0.020778435,0.143969195
-0.022991767,-0.042638708,0.142094551
-0.191134866,-1.381192197,0.0356148
-0.571261986,-1.894531755,0.074982314
-0.894932764,-1.641331829,0.134221048
-1.207438991,-1.809058269,-0.011626216
-1.513361956,-1.776695468,0.218954935
-1.791542247,-1.818506167,0.241450657
-2.067150717,-1.743811533,0.103851824
-2.327699414,-1.689081207,0.341931548
-2.588941677,-1.733220139,0.26357145
-2.833534588,-1.709619139,0.236201655
-3.064574827,-1.750916202,0.431914436
-3.28352076,-1.767465021,0.377924703
-3.49289922,-1.812852425,0.435288795
-3.692980134,-1.834421377,0.514023822
-3.876051791,-1.844454145,0.452910443
-4.045233365,-1.860553064,0.436413581
-4.199572609,-1.867695225,0.312312181
-4.343534593,-1.887115905,0.183336708
-4.476095837,-1.887693276,0.101602252
-4.594590796,-1.884971382,0.065609096
-4.698951988,-1.872921562,0.095978321
-4.788755773,-1.858517266,0.117724186
-4.866750177,-1.851836253,0.179212492
-4.933771229,-1.839269048,0.265446093
-4.988731716,-1.82047073,0.261321878
-5.030653145,-1.792813132,0.205457501
-5.05990667,-1.765121792,0.273694525
-5.07679971,-1.737093027,0.183336708
-5.081710913,-1.701847118,0.050986877
-5.07637982,-1.667212322,0.073857528
-5.060866417,-1.630567974,-0.077613667
-5.03487828,-1.591036767,-0.186717919
-4.999401398,-1.553455127,-0.203214782
-4.955819157,-1.513129098,-0.262828445
-4.904026584,-1.46951505,-0.317568035
-4.843779993,-1.42626842,-0.457041512
-4.775799195,-1.377165593,-0.509156601
-4.698802027,-1.320868116,-0.578143482
-4.612957196,-1.265425449,-0.704119525
-4.519494377,-1.209697846,-0.663627225
-4.41788121,-1.152598048,-0.645630648
-4.308803764,-1.090796795,-0.620510425
-4.192325772,-1.024788979,-0.511781102
-4.068930857,-0.963868781,-0.447668294
-3.939338828,-0.898430837,-0.479912162
-3.802297517,-0.824875949,-0.474288232
-3.658706685,-0.756393683,-0.415049497
-3.510684523,-0.692837821,-0.475787947
-3.358444725,-0.623639464,-0.521529248
-3.200525177,-0.54696527,-0.566520692
-3.034758951,-0.459823405,-0.634007858
-2.861266015,-0.379722474,-0.66512694
-2.684680146,-0.30830461,-0.692496735
-2.503546728,-0.223715927,-0.647505291
-2.318870495,-0.153122881,-0.593515558
-2.129897897,-0.059033811,-0.511781102
-1.934439512,0.021873192,-0.416924141
-1.738531245,0.107447906,-0.370807911
-1.536590821,0.198248957,-0.286823882
-1.336378691,0.268928234,-0.205089425
-1.130693007,0.387938011,-0.129353828
-0.926068292,0.442278423,-0.012376073
-0.720446341,0.607237978,0.060360095
-0.509373328,0.680346715,0.074982314
-0.311403106,0.854304268,0.160466057
-0.091137522,1.036217551,0.201333286
0.024069555,0.408592166,0.186336138
0.002606473,0.068302863,0.335932689
0.004252289,0.162965556,0.391797065
0.006246762,0.053073751,0.336307618
0.002823916,0.075932416,0.320935541
0.006527938,0.04539171,0.215580576
0.003138833,0.034564119,0.143219337
0.00621677,0.033934259,0.098227893
0.004297277,0.016294433,0.035239872
0.00534325,0.031493552,0.012369221
0.005485713,0.00700025,0.025491725
0.005065824,0.012249083,0.037489444
0.005883108,0.007356421,0.008994863
0.005406984,0.007037742,0.010119649
0.006235515,0.010205787,-0.003002856
0.006059311,0.00601422,-0.035996581
0.006509193,0.00578552,-0.075364095
0.00636673,-0.00414602,-0.136852402
0.006775372,-0.001911517,-0.197215922
0.008068781,0.007356421,-0.299196529
0.008627383,0.004289603,-0.333315041
0.009504652,0.00646037,-0.330315611
0.010475645,0.008188736,-0.306320174
0.01056937,0.002133833,-0.226460361
0.011371659,0.004645774,-0.253830156
0.011641587,-0.002372665,-0.259079158
0.011735312,0.007232698,-0.207713926
0.012586338,0.000386721,-0.260578873
0.011956504,-0.001844032,-0.311194247
0.013744782,0.008428682,-0.263953231
0.012428879,-0.0060356,-0.148475191
0.014314631,0.014738529,-0.0479943
0.013763527,-0.014504966,0.031490585
0.013208673,0.021100864,0.13947005
0.015937953,-0.011749329,0.230952653
0.011349164,0.001721424,0.26057202
0.01863724,0.018071537,0.250448945
0.009695851,-0.038949528,0.253823304
0.020635462,0.082898367,0.157466628
0.008016295,-0.16350807,0.05023702
0.03893438,0.627370999,-0.068990307
0.341232052,1.917736458,-0.254580014
0.707978956,1.781630485,-0.120355539
1.011378837,1.727143855,-0.116981181
1.32972977,1.820115674,-0.130853542
1.617027653,1.783085161,0.182211922
1.895372901,1.81972951,0.083230745
2.162189943,1.690885671,0.11359997
2.423233509,1.716436237,0.313436967
2.679620805,1.71655621,0.253823304
2.91764545,1.724905603,0.509899606
3.145251596,1.756143654,0.663245444
3.359335063,1.776614101,0.602132066
3.566430375,1.825289523,0.655371941
3.759736829,1.827808962,0.528271112
3.937181221,1.842288241,0.432664294
4.100176929,1.85398189,0.388422707
4.249799918,1.864333337,0.266945808
4.389184361,1.874632296,0.223454079
4.516452003,1.867182704,0.134221048
4.629837062,1.859253217,0.060360095
4.728274817,1.851098781,-0.002627927
4.813336105,1.84090105,-0.080613097
4.886992905,1.83321151,-0.026623364
4.94953014,1.8195458,0.085855246
4.999391973,1.791187109,0.125972617
5.036634639,1.757875769,0.20583243
5.061633037,1.732321453,0.266195951
5.073978527,1.703179186,0.195334427
5.075249442,1.664963937,0.220454649
5.065944399,1.630539095,0.188210781
5.045632263,1.594277161,0.068983455
5.015490222,1.554131092,-0.035246724
4.975968159,1.516650679,-0.265078017
4.928063309,1.473460287,-0.474288232
4.87269418,1.428702743,-0.661002724
4.809103473,1.384008935,-0.766357689
4.737231202,1.332491645,-0.69399645
4.656619989,1.279482187,-0.65350415
4.567513519,1.222404884,-0.576268838
4.470095495,1.161657147,-0.476537804
4.364527122,1.101839204,-0.49790874
4.251674423,1.040019206,-0.488910451
4.131949789,0.979095258,-0.418423855
4.00633546,0.917342745,-0.384680272
3.874122873,0.845966123,-0.373057483
3.735312029,0.773494744,-0.345687688
3.590630235,0.711959682,-0.429296788
3.441550852,0.652063006,-0.527153178
3.288448782,0.577964489,-0.587516699
3.128058636,0.494515553,-0.701495024
2.959143241,0.407756102,-0.706369097
2.783925761,0.333852542,-0.717242029
2.60549163,0.260815039,-0.760733759
2.422712396,0.184369544,-0.74873604
2.237350095,0.107860314,-0.684998161
2.045771935,0.01028452,-0.559397047
1.850354789,-0.060578467,-0.467164586
1.652620754,-0.162008404,-0.290948097
1.449791815,-0.235488308,-0.128229042
1.24921978,-0.321246731,-0.092610815
1.041134729,-0.422046809,-0.034496867
0.838905632,-0.494034545,0.001496289
0.629189761,-0.666946081,0.01274415
0.423755261,-0.711958568,0.10197718
0.219734136,-0.982742082,0.178837564
0.011244192,-0.935363871,0.090354391
-0.050666959,-0.241764412,0.043113374
-0.024971244,-0.124512995,0.053986307
-0.03430253,-0.155721053,-0.051368658
-0.029901193,-0.065613597,-0.043495155
-0.03078221,-0.101646831,0.056985736
-0.031509518,-0.051524231,0.102352109
-0.029754981,-0.065118707,0.19158514
-0.031876921,-0.048108741,0.265071165
-0.029575029,-0.041375239,0.257572591
-0.031483275,-0.042739935,0.259072306
-0.030444799,-0.028410623,0.264321307
-0.03078221,-0.038432143,0.225703651
-0.031115872,-0.031214999,0.155217056
-0.030980907,-0.03152243,0.060735023
-0.031442036,-0.024444005,-0.035621653
-0.03112337,-0.024608968,-0.119230753
-0.031730709,-0.023326754,-0.202839853
-0.031858176,-0.023986607,-0.245581725
-0.032368041,-0.03058139,-0.277450664
-0.033387772,-0.023281764,-0.331815326
-0.034096335,-0.025355052,-0.373057483
-0.035071077,-0.030067754,-0.475038089
-0.035682166,-0.020222444,-0.500158312
-0.035670919,-0.020244939,-0.421798214
-0.03646196,-0.022052037,-0.355810763
-0.036165788,-0.017879215,-0.192716778
-0.037290491,-0.025744966,-0.043120227
-0.037196766,-0.013473945,0.017243294
-0.036904343,-0.02325177,0.005245576
-0.038460182,-0.016866941,-0.061866662
-0.036698148,-0.021257214,-0.061866662
-0.039607379,-0.02900674,-0.05361823
-0.037046806,-0.005656934,-0.023623934
-0.039461168,-0.041840135,0.017993151
-0.038632637,0.010700677,0.023992011
-0.037961564,-0.047242684,0.011994292
-0.042025491,0.007041491,-0.030372651
-0.033788916,-0.025328808,-0.006002285
-0.048455043,-0.041873878,-0.003377784
-0.022331941,0.077529561,0.053611378
-0.131000745,-1.099629831,-0.02474872
-0.493552506,-1.923227872,-0.112107107
-0.834828636,-1.653674084,0.014618793
-1.142329934,-1.778202632,-0.136852402
-1.45476118,-1.788370371,0.092603963
-1.73506716,-1.804660497,0.355428981
-2.012880048,-1.770625568,0.188210781
-2.274920851,-1.676431521,0.437163438
-2.536826689,-1.728998578,0.434538937
-2.78619209,-1.708201954,0.271819881
-3.019777907,-1.739679952,0.43078965
-3.24213169,-1.759501792,0.3674267
-3.452664844,-1.797900751,0.365552056
-3.656172354,-1.830705953,0.427790221
-3.843172973,-1.83593604,0.338932119
-4.015552453,-1.854426926,0.322810185
-4.173445758,-1.858453531,0.268820452
-4.319495941,-1.877960441,0.274069454
-4.455663733,-1.885376292,0.284567457
-4.577926447,-1.879580081,0.253448375
-4.686047895,-1.872636626,0.310062609
-4.779439483,-1.854655625,0.250074017
-4.859480847,-1.845233971,0.154467198
-4.929546095,-1.835876053,0.153717341
-4.987569523,-1.814880723,0.127472332
-5.033292448,-1.795538776,0.06448431
-5.067108519,-1.765909117,0.125597688
-5.087300687,-1.732612774,0.071607955
-5.096167095,-1.702165797,-0.074614237
-5.094078897,-1.664606652,-0.028498007
-5.080481237,-1.627782343,-0.122230182
-5.056967447,-1.58981079,-0.218961787
-5.023889931,-1.54948851,-0.21821193
-4.981586103,-1.509192474,-0.321317322
-4.931563062,-1.468735223,-0.362934408
-4.874266942,-1.427509394,-0.475038089
-4.808640522,-1.378639015,-0.528277965
-4.734713794,-1.325442099,-0.472788517
-4.65225057,-1.270280619,-0.495659168
-4.560643511,-1.211235004,-0.412424996
-4.460916096,-1.152815499,-0.392553775
-4.353653171,-1.091775328,-0.465664872
-4.238476085,-1.027949526,-0.47466316
-4.116434563,-0.966223257,-0.480287091
-3.988465856,-0.902423699,-0.545899613
-3.853666452,-0.833967677,-0.561646619
-3.711852651,-0.765125491,-0.532027252
-3.565198878,-0.702349455,-0.60738792
-3.414994792,-0.637012739,-0.59876456
-3.258919757,-0.561643255,-0.636632359
-3.095417932,-0.477170796,-0.671125799
-2.923649541,-0.391907263,-0.573269409
-2.74680874,-0.322007812,-0.559397047
-2.566503853,-0.238498889,-0.496783954
-2.381943839,-0.165108964,-0.450667724
-2.194553323,-0.080501535,-0.455166868
-2.000287123,0.008863586,-0.40567628
-1.804993694,0.081402449,-0.370432982
-1.604492891,0.184763207,-0.279325308
-1.403062332,0.243906301,-0.215962357
-1.1998285,0.360137945,-0.205464354
-0.991870916,0.427337996,-0.142101404
-0.789038227,0.551244183,-0.10273389
-0.574913521,0.680901591,-0.070115093
-0.375796102,0.75530379,0.047612519
-0.157974872,1.059694829,0.163090558
0.00917099,0.650357136,0.17696292
0.012496362,0.079272923,0.214830719
-2.16e-05,0.156906904,0.190835282
0.008807336,0.083232042,0.085855246
0.002310301,0.056804171,0.145843838
0.006617914,0.057565252,0.202833001
0.003858642,0.023841504,0.209581717
0.0057219,0.04750249,0.278943527
0.005380741,0.014862251,0.289066602
0.004893369,0.028569202,0.260197092
0.006171782,0.015912018,0.233202225
0.005024585,0.013958702,0.190835282
0.006299248,0.013745,0.111350398
0.00583812,0.008327455,0.008994863
0.006411718,0.011802932,-0.052868373
0.006400471,0.004784493,-0.154099122
0.006572926,0.007645107,-0.224960646
0.007019058,0.002853673,-0.220086573
0.007052799,0.005721785,-0.22683529
0.008057534,0.009335981,-0.224210789
0.0089423,0.006655327,-0.239957794
0.009493405,0.008413686,-0.278950379
0.010385669,0.006587842,-0.342688258
0.01094802,0.003618502,-0.355435834
0.011236694,0.004881971,-0.361434693
0.011769054,-0.000220644,-0.36518398
0.011840285,0.004866975,-0.251580584
0.012815027,-0.002560123,-0.192716778
0.012031484,-0.008566287,-0.172470628
0.01352359,0.013467562,-0.09973446
0.013272407,-0.009192398,-0.045369799
0.013564829,0.01176544,-0.006377214
0.015094425,-0.008033905,0.008994863
0.012518856,0.00034923,0.020242724
0.016773982,0.008451177,0.013119078
0.011697822,-0.018257881,0.011619364
0.017591266,0.040828975,-0.031872366
0.013302399,-0.05485349,-0.088486599
0.015248135,0.078695552,-0.06524102
0.018352315,-0.102295437,-0.088111671
0.007037803,0.234169716,-0.053243302
0.233264313,1.681182829,-0.05661766
0.614025016,1.89605878,0.035239872
0.924870431,1.67380447,0.158216485
1.241174405,1.821866534,0.077981743
1.539010755,1.76879334,0.323934971
1.817116066,1.830429629,0.364802199
2.088559386,1.720714035,0.248199373
2.348358281,1.689577212,0.457409588
2.608831998,1.718734476,0.357303625
2.850950562,1.706290994,0.343431263
3.081522175,1.74469745,0.481779953
3.299009743,1.760024041,0.362927555
3.508361959,1.80785965,0.398920711
3.706628353,1.820917995,0.407169142
3.888230398,1.826399276,0.2838176
4.055634941,1.840199956,0.26919538
4.208823239,1.855440316,0.176587992
4.351937946,1.869593417,0.111725326
4.483280763,1.868839835,0.069733312
4.600677262,1.861423985,0.077981743
4.70365132,1.84912672,0.212206218
4.792780283,1.834411244,0.276319026
4.869784949,1.821311658,0.355428981
4.935580074,1.810750257,0.44241244
4.989284642,1.781533006,0.374550345
5.030272569,1.751959585,0.273694525
5.059004981,1.732029018,0.224578865
5.075890522,1.701424576,-0.002252998
5.081082901,1.665413837,-0.175095129
5.075058242,1.630704058,-0.204339568
5.05829267,1.591678989,-0.372682554
5.030505007,1.54991328,-0.46041587
4.99315737,1.510097137,-0.45741644
4.947254491,1.464428546,-0.454791939
4.893369971,1.425872123,-0.436420433
4.832459805,1.382666734,-0.472413588
4.763174351,1.324483427,-0.433421003
4.685431131,1.277588858,-0.443544078
4.599537563,1.224298213,-0.500908169
4.504852566,1.164461524,-0.442419292
4.401945991,1.106199484,-0.454042082
4.290934056,1.038575777,-0.473913303
4.172457842,0.976257139,-0.424797643
4.047885737,0.913424867,-0.437920148
3.917172755,0.850637584,-0.526028392
3.779670315,0.786309393,-0.549273972
3.636364408,0.716342457,-0.586016984
3.489335734,0.658575308,-0.693621521
3.338179399,0.59158521,-0.707493883
3.180499788,0.510678207,-0.724740603
3.014223696,0.424582359,-0.68537309
2.84005219,0.34604483,-0.60176399
2.662709021,0.27344223,-0.558647189
2.480544625,0.187979991,-0.426297358
2.295021116,0.121717231,-0.295072313
2.105489915,0.030121357,-0.202089996
1.909892817,-0.047988768,-0.159723052
1.713808347,-0.131385216,-0.178094559
1.511785445,-0.223629696,-0.178469487
1.311550821,-0.292584357,-0.22383586
1.105104087,-0.406570251,-0.256829586
0.899984503,-0.464056214,-0.235833578
0.694021391,-0.629525655,-0.271076876
0.482389777,-0.700456127,-0.290573169
0.28386845,-0.87980873,-0.202089996
0.063947775,-1.05247657,-0.131228471
-0.050202082,-0.423407756,-0.053993159
-0.028694011,-0.091370367,0.136845549
-0.030047404,-0.180791726,0.22607858
-0.031711964,-0.071237346,0.260946949
-0.028150405,-0.094373449,0.337432404
-0.031509518,-0.061403283,0.32131047
-0.028195393,-0.05575329,0.303688821
-0.031093378,-0.057054251,0.297689962
-0.029158889,-0.033539482,0.27519424
-0.030036157,-0.046147927,0.244825015
-0.0300624,-0.027874492,0.167214774
-0.029773726,-0.034735466,0.082105959
-0.030493536,-0.028343138,0.003370932
-0.029916189,-0.027312117,-0.093360672
-0.030624752,-0.025943671,-0.133852972
-0.030377317,-0.02307181,-0.152974336
-0.030718477,-0.025092611,-0.205089425
-0.030898429,-0.022408208,-0.203214782
-0.031254585,-0.024050343,-0.232834149
-0.032323053,-0.02469145,-0.286448953
-0.033136588,-0.026835973,-0.253080299
-0.033912633,-0.025561257,-0.214837571
-0.034883627,-0.021380936,-0.185218204
-0.034868631,-0.019195173,-0.150724764
-0.035528457,-0.025658735,-0.185218204
-0.035719656,-0.019345139,-0.242582295
-0.03593335,-0.022584419,-0.260953801
-0.036698148,-0.016383298,-0.32469168
-0.035884613,-0.017886714,-0.398552634
-0.03786409,-0.0226669,-0.36818341
-0.036199529,-0.011580617,-0.276325878
-0.038055289,-0.035597774,-0.195716208
-0.03744795,-0.002991277,-0.091486029
-0.037230507,-0.036771263,0.060735023
-0.039761089,-0.007793959,0.164590273
-0.035311014,-0.02271189,0.216330434
-0.04248287,-0.029036733,0.261321878
-0.03320407,0.015638329,0.295440389
-0.045125922,-0.09405477,0.20883186
-0.03040356,0.138745943,0.14809341
-0.067803684,-0.669075607,0.046112804
-0.380092468,-1.8651083,-0.140976617
-0.747079308,-1.719138271,-0.032247294
-1.051416441,-1.717747331,-0.123729897
-1.370029805,-1.8111653,-0.127854113
-1.656742843,-1.779364874,0.146968624
-1.935451744,-1.801619923,0.017618223
-2.201451502,-1.677822462,0.118099114
-2.462153908,-1.712982141,0.281193099
-2.717442744,-1.709064262,0.182961779
-2.953904052,-1.719284489,0.422541219
-3.180407989,-1.749783954,0.58376056
-3.393936603,-1.77461843,0.565763982
-3.600244623,-1.818506167,0.684241451
-3.792291409,-1.822776467,0.590884205
-3.968476134,-1.840018881,0.475031237
-4.130669554,-1.84645245,0.418042074
-4.279928889,-1.860268127,0.280443241
-4.419107136,-1.87391884,0.210706503
-4.545962388,-1.869869741,0.11359997
-4.658676373,-1.860346859,0.045737875
-4.755978179,-1.845451423,-0.012376073
-4.839956003,-1.834290156,-0.085112241
-4.913140427,-1.824681043,-0.058117375
-4.974594199,-1.805211624,0.042738446
-5.023889931,-1.780005981,0.088479747
-5.060510261,-1.755932586,0.184836423
-5.08471387,-1.728158765,0.273319596
-5.09773793,-1.695338565,0.171713918
-5.099080076,-1.661041195,0.145843838
-5.089385136,-1.625566586,0.106476325
-5.069215462,-1.584423239,-0.011626216
-5.038736011,-1.542732513,-0.080238168
-4.998970262,-1.503388765,-0.250455798
-4.950750495,-1.460460814,-0.425172572
-4.894908991,-1.418923804,-0.59876456
-4.831745671,-1.375984606,-0.725865389
-4.76040576,-1.325194654,-0.66512694
-4.68057809,-1.270966717,-0.674875086
-4.592446363,-1.213855671,-0.633632929
-4.495763144,-1.156433445,-0.49790874
-4.390952071,-1.094167296,-0.505782243
-4.277945663,-1.029719132,-0.502407884
-4.157283776,-0.966898107,-0.44016972
-4.030098612,-0.901988796,-0.409425567
-3.896570122,-0.840416242,-0.377931556
-3.756589587,-0.772687559,-0.311944105
-3.610880564,-0.706908441,-0.367808481
-3.461767441,-0.64384372,-0.473913303
-3.30798305,-0.568901641,-0.54402497
-3.14685435,-0.490765272,-0.655378794
-2.977177906,-0.403983327,-0.668501298
-2.801285604,-0.329577378,-0.65350415
-2.6221804,-0.25269698,-0.626884213
-2.437804088,-0.173998237,-0.563896191
-2.251163375,-0.097361535,-0.530902465
-2.058074363,-0.00459592,-0.44879308
-1.862068623,0.059402343,-0.355810763
-1.663730998,0.162815589,-0.226085432
-1.461325697,0.232013946,-0.107233034
-1.260783654,0.326834103,-0.071614808
-1.052409929,0.41931853,-0.054368088
-0.84992215,0.501751443,-0.059992018
-0.637656953,0.67461424,-0.063366376
-0.433197194,0.70846171,-0.003377784
-0.224186138,1.000120581,0.107226182
-0.021912052,0.862961092,0.075357242
0.022378752,0.167408317,0.061859809
-0.00154743,0.121349813,0.09335382
0.009185986,0.125826317,-0.022874077
0.003596212,0.04714632,-0.042745298
0.006153037,0.079899034,-0.032997152
0.005714402,0.028243025,0.016868365
0.005039581,0.047656206,0.154467198
0.006865349,0.024857528,0.196459213
0.004822138,0.022345587,0.241825585
0.00663291,0.014787268,0.293190817
0.005613179,0.009444706,0.304813607
0.006482949,0.019747415,0.267695666
0.00636673,0.006347895,0.199458642
0.006449208,0.011941651,0.133471191
0.006861599,0.005676795,-0.00187807
0.006617914,0.002501251,-0.103108819
0.007307732,0.005215647,-0.172095699
0.007513927,0.005763025,-0.258329301
0.008181251,0.007888803,-0.289448383
0.009200982,0.007416408,-0.306695103
0.009883302,0.006797795,-0.304070602
0.010854295,0.007952538,-0.35656062
0.011484129,0.003832205,-0.366308766
0.011712818,0.006786548,-0.335564613
0.012380142,-0.001461617,-0.310069461
0.012001492,-0.004682151,-0.179969202
0.01329865,0.005215647,-0.156723623
0.013021223,-0.004258495,-0.156348694
0.013943479,0.01266524,-0.083987455
0.014445847,-0.005683178,-0.038246154
0.013583574,0.009246001,-0.015750432
0.015956698,0.001890137,-0.002627927
0.012845019,-0.00455093,0.08173103
0.017002672,0.019638689,0.100477465
0.013238666,-0.026044899,0.083230745
0.016451567,0.042347387,0.06448431
0.015941702,-0.049795866,-0.03337208
0.012901255,0.054374712,-0.06524102
0.022757402,-0.04932722,-0.129728756
8.71e-05,0.063331469,-0.14322619
0.177606511,1.480463729,-0.153724193
0.556792629,1.950522915,-0.131228471
0.87784285,1.667295918,-0.019499719
1.191335066,1.82202025,-0.134977758
1.496478237,1.772917423,0.08173103
1.775985677,1.822091484,0.270320167
2.051256737,1.746545789,0.165340131
2.311884163,1.681227819,0.409418714
2.57398495,1.719877971,0.385423277
2.819477623,1.695437158,0.319435826
3.052298642,1.731770326,0.514023822
3.272909135,1.751562173,0.482904739
3.483697223,1.794711325,0.515523536
3.685352721,1.815560437,0.532395328
3.870677533,1.824059796,0.409793643
4.04128748,1.835161077,0.353554338
4.19681516,1.840691097,0.241450657
4.341751886,1.85686125,0.206207359
4.475925205,1.861341503,0.196084284
4.596819531,1.849156713,0.126722474
4.703152701,1.831884306,0.125597688
4.795284622,1.828127641,0.049487162
4.875063555,1.81941458,-0.019874647
4.943490485,1.801643533,0.061484881
4.999886843,1.781315555,0.118099114
5.043465335,1.755693754,0.112850112
5.074945772,1.725329259,0.235451797
5.094298162,1.696678132,0.175088277
5.101983632,1.666857266,-0.002252998
5.099209365,1.628574532,0.008619934
5.085521729,1.59037053,-0.121855254
5.060898231,1.549872039,-0.2557048
5.026474822,1.505515656,-0.322442108
4.982300237,1.464023636,-0.413549782
4.930117767,1.42512229,-0.495659168
4.870508508,1.377834059,-0.632883072
4.802505215,1.328060131,-0.566145763
4.726868938,1.279320973,-0.465664872
4.643123553,1.220654024,-0.494534382
4.551197828,1.162110796,-0.388054631
4.451477911,1.10585831,-0.338189114
4.343547662,1.047630013,-0.417673998
4.227354595,0.985652549,-0.436795362
4.104079648,0.920716994,-0.461915585
3.974461377,0.856505028,-0.548899043
3.838304831,0.789331221,-0.562396476
3.695992412,0.725430436,-0.550773687
3.548915,0.665586248,-0.6306335
3.39884213,0.59581052,-0.665501869
3.243145745,0.52176824,-0.723615817
3.079257773,0.441097435,-0.742362252
2.907174465,0.357187351,-0.654254008
2.730191201,0.291775652,-0.613011851
2.549383946,0.207029504,-0.514030674
2.363717975,0.132998472,-0.429296788
2.174899086,0.051521596,-0.39105406
1.979451948,-0.043156093,-0.323191966
1.783288749,-0.110461121,-0.28457431
1.58231557,-0.205382505,-0.203214782
1.380622581,-0.26694756,-0.158598266
1.177429988,-0.378631466,-0.163097411
0.969614866,-0.445925247,-0.124479755
0.767160827,-0.566539666,-0.113606822
0.552822428,-0.701138475,-0.109107678
0.353431331,-0.781903009,-0.06524102
0.136202444,-1.077610979,-0.028872936
-0.033106596,-0.681151671,-0.061866662
-0.038471429,-0.106408272,-0.048369229
-0.025271165,-0.172884734,-0.022499148
-0.033871394,-0.104796131,-0.048369229
-0.027216901,-0.079481762,0.02136751
-0.031535761,-0.084805578,0.110975469
-0.028465322,-0.046477854,0.211831289
-0.029983671,-0.065902283,0.279693384
-0.02960877,-0.03282714,0.274444382
-0.028892709,-0.045825499,0.30106432
-0.030309835,-0.032527207,0.259822163
-0.029072661,-0.032358494,0.178087706
-0.030358572,-0.036036426,0.078356672
-0.029687499,-0.025981163,-0.050993729
-0.030013663,-0.027866994,-0.092610815
-0.030111137,-0.022153265,-0.120355539
-0.030283592,-0.023862884,-0.142476332
-0.030928421,-0.020863552,-0.124104826
-0.030868437,-0.026089889,-0.145850691
-0.031850678,-0.028740549,-0.233584006
-0.032697954,-0.021804592,-0.302945816
-0.03335778,-0.023821644,-0.333315041
-0.034576208,-0.023555453,-0.389929274
-0.034651188,-0.018257881,-0.318317893
-0.035168552,-0.024080336,-0.206964069
-0.035498465,-0.016435786,-0.16047291
-0.035307265,-0.020548622,-0.090361243
-0.036596924,-0.022408208,-0.063366376
-0.035652174,-0.017837975,-0.055492874
-0.037099292,-0.027308368,-0.080988025
-0.036132047,-0.009421097,-0.084362384
-0.037174272,-0.031136266,-0.078738453
-0.037894082,-0.004959589,-0.09973446
-0.036255765,-0.028643071,-0.09973446
-0.039836069,-0.016360803,-0.131978329
-0.034853635,-0.009244886,-0.110982321
-0.04176306,-0.043197333,-0.084737312
-0.034238797,0.03397175,-0.04499487
-0.041481884,-0.099656024,-0.026623364
-0.036053318,0.123546824,-0.009751572
-0.044578567,-0.43817947,0.037114515
-0.316340553,-1.764229491,-0.07086495
-0.694068306,-1.774970851,0.016118508
-1.001067237,-1.684792161,0.028491155
-1.320621602,-1.81763636,0.024366939
-1.613359299,-1.770468103,0.346055764
-1.892570568,-1.811000337,0.2433253
-2.162896683,-1.68560948,0.220829578
-2.42371156,-1.698019219,0.390672279
-2.681958365,-1.708475643,0.178087706
-2.921655068,-1.707039713,0.233952083
-3.150685838,-1.741798231,0.361427841
-3.366167686,-1.75991795,0.319435826
-3.574710116,-1.808953292,0.437913295
-3.771079511,-1.816504112,0.407169142
-3.950972007,-1.83121209,0.337432404
-4.116475802,-1.838785406,0.329183972
-4.267917061,-1.846891103,0.259072306
-4.409539663,-1.862836306,0.237326441
-4.540068944,-1.863421176,0.205457501
-4.656179533,-1.85211744,0.261696806
-4.757076639,-1.837353224,0.30668825
-4.844571034,-1.826409409,0.235076869
-4.919787422,-1.813257334,0.214830719
-4.98364056,-1.798226928,0.212581147
-5.035530607,-1.776451772,0.086605104
-5.074925205,-1.749461526,0.02999087
-5.101888084,-1.719209505,0.015368651
-5.116801646,-1.687780247,-0.18934242
-5.120963047,-1.656287252,-0.225335575
-5.11421108,-1.619519181,-0.201340138
-5.09694314,-1.581397662,-0.299196529
-5.069657845,-1.541607763,-0.250080869
-5.03256889,-1.501225496,-0.229084862
-4.986928442,-1.460918212,-0.262078588
-4.933268862,-1.416539334,-0.340813615
-4.871537663,-1.371534346,-0.471663731
-4.801772336,-1.322172826,-0.443544078
-4.723508003,-1.268469772,-0.507281957
-4.637010844,-1.21358948,-0.521154319
-4.542674506,-1.157573191,-0.383555486
-4.440315286,-1.099566095,-0.484411307
-4.330109388,-1.03543661,-0.560896761
-4.211768138,-0.971479587,-0.490785095
-4.086498718,-0.908253652,-0.535776539
-3.954717268,-0.843989198,-0.566520692
-3.815677734,-0.776095551,-0.465289943
-3.670845979,-0.708985479,-0.539150897
-3.522044023,-0.650577222,-0.64488079
-3.369429324,-0.58180627,-0.623884783
-3.210231364,-0.502766353,-0.680873945
-3.042763087,-0.419643593,-0.61038735
-2.868396632,-0.343603008,-0.479162305
-2.690461119,-0.271371576,-0.396303062
-2.507681886,-0.188136342,-0.332565183
-2.321434818,-0.117513302,-0.329565754
-2.129995371,-0.025699976,-0.298071743
-1.93308237,0.044713111,-0.303320745
-1.73567075,0.13381579,-0.250080869
-1.532286958,0.220871425,-0.170221056
-1.331463739,0.290875852,-0.234333864
-1.124338435,0.406608857,-0.245581725
-0.919556262,0.457226348,-0.243332153
-0.712172275,0.631251386,-0.28157488
-0.500510669,0.693127622,-0.147350405
-0.300253551,0.887356915,0.085855246
-0.079260658,1.031347385,0.201708214
0.026142758,0.364067071,0.242575443
0.002220325,0.073394231,0.28081817
0.005965586,0.161728331,0.180337279
0.006842854,0.049230856,0.079481458
0.004233543,0.080753844,0.076482029
0.007457692,0.042628575,0.072357813
0.004297277,0.038440756,0.107976039
0.007030305,0.035362691,0.117349257
0.005069573,0.015544599,0.117349257
0.006516691,0.026750857,0.08772989
0.006306746,0.011637969,0.046487733
0.006074307,0.016384413,0.088479747
0.006812862,0.006632832,0.069733312
0.006377977,0.009126027,0.008619934
0.007120281,0.00371973,-0.049119086
0.006929082,0.001406495,-0.132353257
0.007442696,0.007806321,-0.169471199
0.007735119,0.005005694,-0.170221056
0.008244984,0.00942971,-0.132353257
0.009129751,0.007975033,-0.099359532
0.009830815,0.005073179,-0.107233034
0.010891785,0.008046267,-0.170970913
0.011679077,0.003363559,-0.233209078
0.011742811,0.004323346,-0.242582295
0.012496362,0.004338342,-0.326566324
0.012455122,0.001803906,-0.33069054
0.013317395,0.007761331,-0.246706511
0.013264909,-0.006095587,-0.254205085
0.013617316,0.008151244,-0.254205085
0.014708277,-0.004142271,-0.188217634
0.013384877,0.003543519,-0.088111671
0.016065419,0.005313125,-0.059992018
0.013193677,-0.013189009,0.007870077
0.016545292,0.026184733,0.106101396
0.014479588,-0.027908234,0.085105389
0.015109421,0.038950643,0.061859809
0.018093633,-0.031844859,0.020242724
0.011071738,0.026908322,-0.013500859
0.025006808,0.002175074,-0.076488881
-0.001419964,-0.062006899,-0.075739024
0.128441994,1.252611915,-0.111732179
0.496894697,1.981251079,-0.156348694
0.829581844,1.667779561,0.015743579
1.13921258,1.800751231,-0.056242731
1.450571609,1.779283507,0.059235308
1.731567407,1.809276835,0.248949231
2.009683965,1.763345802,0.090729319
2.272242131,1.667528367,0.242950371
2.535542601,1.71633501,0.278568598
2.784960488,1.694353649,0.226828437
3.020375822,1.724988085,0.448411299
3.243419423,1.735770686,0.469782235
3.454949814,1.77692903,0.46265859
3.659698246,1.809066881,0.491153171
3.848775816,1.812336154,0.394046638
4.023273487,1.826478008,0.349430122
4.182553926,1.828532551,0.262446664
4.329893768,1.848620583,0.18858571
4.466612664,1.847274632,0.131971476
4.590326245,1.833833872,0.046862661
4.700044772,1.83285534,0.089979462
4.795599539,1.820156914,0.104601681
4.878670102,1.809906695,0.128972047
4.950298687,1.798355514,0.230952653
5.010110393,1.775305642,0.267320737
5.057377911,1.749342667,0.221579436
5.091223973,1.712822041,0.227203366
5.112897,1.685768059,0.145093981
5.123664157,1.658267927,-0.038621082
5.123049319,1.620832504,-0.056992589
5.112297159,1.58839472,-0.150349835
5.091257714,1.544754428,-0.258704229
5.059462361,1.499393268,-0.334814755
5.018665634,1.460851842,-0.47766259
4.969426136,1.419479795,-0.516280246
4.911856339,1.377710336,-0.647130362
4.846443612,1.329904721,-0.620135496
4.772543127,1.274495796,-0.439419863
4.690019919,1.22282854,-0.500533241
4.59943634,1.168458134,-0.493409595
4.500931102,1.110717229,-0.432671146
4.395014071,1.053786143,-0.483286521
4.281362833,0.988104504,-0.475787947
4.160314798,0.92105067,-0.410925281
4.032960929,0.857551046,-0.457791369
3.8986339,0.797219466,-0.509906458
3.757446184,0.729055879,-0.537276253
3.610822403,0.665233826,-0.669626084
3.460775775,0.609659939,-0.68537309
3.306522759,0.529566506,-0.715367386
3.144771722,0.448550778,-0.72848989
2.974705382,0.374261053,-0.592390772
2.798633127,0.300897373,-0.566520692
2.619250497,0.222607289,-0.51215603
2.434682985,0.147965143,-0.393678561
2.246876329,0.071827079,-0.312693962
2.052823823,-0.025126353,-0.238833008
1.855509678,-0.088790941,-0.208088855
1.655901138,-0.183937276,-0.201340138
1.452221174,-0.253536793,-0.214087714
1.250415715,-0.34485523,-0.256079728
1.040951028,-0.43948418,-0.274076306
0.837807172,-0.513260268,-0.220086573
0.62559821,-0.684169749,-0.181468917
0.419533875,-0.724034631,-0.100109389
0.212584774,-1.004247298,-0.013875788
0.005703155,-0.913183805,-0.053993159
-0.048473788,-0.216540023,0.009369791
-0.023190465,-0.130897824,0.040488873
-0.033256557,-0.150168538,-0.000753284
-0.028086672,-0.064271395,0.095978321
-0.029470056,-0.096566711,0.121098544
-0.02968375,-0.046706553,0.175088277
-0.028337855,-0.063240375,0.271444953
-0.030193615,-0.041131543,0.260946949
-0.028135409,-0.039268207,0.295065461
-0.030159874,-0.03984183,0.291691102
-0.028877713,-0.028155679,0.17696292
-0.029518794,-0.036118908,0.061859809
-0.029732487,-0.024080336,-0.064116234
-0.029350088,-0.027372104,-0.156348694
-0.029904942,-0.023874132,-0.1747202
-0.02983371,-0.0258162,-0.2152125
-0.030497285,-0.027192144,-0.205464354
-0.030639748,-0.023799149,-0.145100833
-0.031344561,-0.02563624,-0.166846698
-0.032428025,-0.024204058,-0.163097411
-0.032964134,-0.022588168,-0.182593703
-0.034126327,-0.024657708,-0.263578302
-0.034538718,-0.020319922,-0.24408201
-0.034733666,-0.021178481,-0.308569746
-0.035292269,-0.021264712,-0.392178846
-0.034943611,-0.022786874,-0.291323026
-0.036188282,-0.02037616,-0.229834719
-0.035378496,-0.013447701,-0.205839283
-0.03661192,-0.025853691,-0.127479184
-0.03638698,-0.00644051,-0.020249576
-0.036413223,-0.027923231,0.045362947
-0.038055289,-0.00927113,0.069358383
-0.035513461,-0.020938535,0.15409227
-0.039858563,-0.025981163,0.151467769
-0.034842388,0.004162132,0.117724186
-0.040424664,-0.056994264,0.067108811
-0.035952095,0.035880076,-0.043870084
-0.03797656,-0.090553049,-0.120355539
-0.041496881,0.083933137,-0.194591421
-0.029140144,-0.235090897,-0.213712785
-0.25545663,-1.621026346,-0.356935549
-0.639104071,-1.832014412,-0.305570317
-0.951805246,-1.650888453,-0.188967491
-1.269323899,-1.814022164,-0.196840994
-1.568528638,-1.761098937,0.176213063
-1.848051074,-1.811296521,0.239950942
-2.121507613,-1.700617391,0.235451797
-2.382993562,-1.680881781,0.506150319
-2.644232077,-1.707935763,0.398545782
-2.887404113,-1.695083622,0.447661442
-3.119336616,-1.731293067,0.607381068
-3.33733405,-1.743931506,0.525271683
-3.547229873,-1.792408222,0.565014125
-3.746665958,-1.805204126,0.513273964
-3.929996296,-1.819091037,0.388047778
-4.09894918,-1.829337507,0.342306477
-4.253648329,-1.83013608,0.185211352
-4.39800021,-1.844030489,0.032615371
-4.530347761,-1.850100389,-0.101234175
-4.650391061,-1.844769075,-0.175095129
-4.755314604,-1.828194012,-0.135727616
-4.845362075,-1.815836761,-0.038621082
-4.924038799,-1.804900443,0.112850112
-4.991363521,-1.788302886,0.318685969
-5.046725151,-1.766831412,0.422916147
-5.089190188,-1.739627463,0.416167431
-5.119377216,-1.710410213,0.457409588
-5.1372375,-1.678875978,0.270695095
-5.143224669,-1.645133484,0.052111663
-5.138988287,-1.611780903,-0.053993159
-5.124205941,-1.574161771,-0.31906775
-5.099158805,-1.5335733,-0.490785095
-5.065061559,-1.494619465,-0.580393054
-5.022439065,-1.457094063,-0.645630648
-4.971403791,-1.41435357,-0.593890487
-4.912458107,-1.368253825,-0.530902465
-4.84538082,-1.319702126,-0.454791939
-4.769245925,-1.265144262,-0.48928538
-4.684649515,-1.211501195,-0.447293365
-4.591610333,-1.152961717,-0.325441538
-4.490345824,-1.098246388,-0.380930985
-4.381609538,-1.041813942,-0.35356119
-4.264940347,-0.972791796,-0.325441538
-4.141714137,-0.912902618,-0.398927563
-4.012129607,-0.852642273,-0.464540086
-3.875193267,-0.781479353,-0.539150897
-3.731557447,-0.712318488,-0.641881361
-3.582841719,-0.65364404,-0.718366815
-3.430733136,-0.588536023,-0.710493313
-3.272472428,-0.510455892,-0.78060498
-3.106320054,-0.431820884,-0.779855122
-2.932864608,-0.351221314,-0.646755434
-2.755371478,-0.282240408,-0.565020977
-2.574223064,-0.203826601,-0.431171431
-2.388410882,-0.131332728,-0.310069461
-2.1989959,-0.044850716,-0.248206226
-2.00223286,0.041323865,-0.187842705
-1.804944957,0.112726731,-0.176219915
-1.602325963,0.211775948,-0.156348694
-1.399189605,0.268073425,-0.077988596
-1.194174993,0.378317651,0.036739586
-0.985497599,0.442923279,0.073857528
-0.781285275,0.575973682,0.00974472
-0.566279551,0.694825994,-0.09973446
-0.366963435,0.782995131,-0.182593703
-0.146930289,1.069521393,-0.233584006
0.014048452,0.613011693,-0.238833008
0.011900269,0.072910588,-0.093735601
0.001549252,0.157495523,-0.004127642
0.009710847,0.07515259,0.04161366
0.00322506,0.06225171,0.16271563
0.007990052,0.062004265,0.224578865
0.00504333,0.030053872,0.315686539
0.006835356,0.046587694,0.448411299
0.006299248,0.01477602,0.439787939
0.006104299,0.029645213,0.313811896
0.007270242,0.015642078,0.172088847
0.006228017,0.015634579,-0.028872936
0.007408955,0.010621945,-0.202839853
0.00689909,0.004818236,-0.224585718
0.007431449,0.011109336,-0.168721341
0.007480186,0.005301878,-0.16047291
0.007723872,0.008608642,-0.175095129
0.007948812,0.00479949,-0.225335575
0.008046287,0.005088176,-0.350936689
0.008533658,0.005166908,-0.39105406
0.008391196,0.002643719,-0.332565183
0.008784842,0.005016941,-0.251580584
0.009103507,0.002767442,-0.12860397
0.008968543,-0.000168155,-0.06224159
0.008987288,0.00174017,-0.088111671
0.008784842,-0.000569316,-0.100109389
0.008616136,-0.003302458,-0.045369799
0.008586144,-0.002203952,0.007495148
0.008473674,-0.000633052,0.003370932
0.00829747,-0.000599309,0.044613089
0.008076279,-0.005668182,0.028866084
0.008042538,-0.003666127,-0.112856965
0.007937565,-0.002230197,-0.139476903
0.007975055,-0.005023325,-0.10835782
0.007952561,-9.69e-05,-0.097484888
0.007802601,0.000420464,-0.031872366
0.007682633,-0.002515133,-0.042745298
0.007487684,-0.001877775,-0.101234175
0.007573911,-0.000434346,-0.138727045
0.007412704,-0.004022298,-0.182218774
0.007180265,-0.007257828,-0.222711074
0.006970321,-0.002642605,-0.242207366
0.00693658,-0.003096254,-0.142851261
0.007191512,-0.003658629,-0.081362954
0.006925333,-8.19e-05,-0.10273389
0.006824109,-0.001926514,-0.093735601
0.00701156,-0.00230518,-0.12860397
0.00682036,-0.001645327,-0.151474621
0.006737882,-0.001439122,-0.101234175
0.006771623,-0.001967755,-0.05361823
