0.003296291,-0.006448008,-0.088111671
0.004079834,0.001492725,-0.09411053
0.002265313,-0.037674812,-0.097859817
0.004994593,0.028213031,-0.111732179
0.001755448,-0.065021229,-0.117356109
0.005287015,0.055844385,-0.092235886
0.002130349,-0.075342683,-0.110232464
0.003464996,0.024508855,-0.122230182
0.005583187,-0.025639989,-0.095985173
-0.003913055,-0.040205499,-0.112856965
0.115230483,2.341429708,-0.085862099
0.317909461,3.253245625,-0.044619942
0.47359085,3.114706443,-0.120355539
0.595249974,3.979080413,-0.111732179
0.706535587,3.032569714,0.03861423
0.837934638,2.54739764,0.166464917
0.954157697,2.65560232,0.175088277
1.052482983,2.419333628,0.094478606
1.143996317,2.521307194,0.094853535
1.220446129,2.358574644,0.108350968
1.292817018,2.293084212,0.0761071
1.350904179,2.201375862,0.086605104
1.398591586,2.136057892,0.00674529
1.435200668,2.111084698,-0.082112811
1.461533715,2.032457188,-0.063741305
1.47942399,1.996251492,-0.138727045
1.486760803,1.91228892,-0.167596555
1.4863934,1.866687814,-0.09710996
1.476972138,1.797823133,-0.128229042
1.459456763,1.725164295,-0.164972054
1.433191199,1.6608586,-0.181468917
1.397826788,1.575486341,-0.23245922
1.354417001,1.491358805,-0.242582295
1.302826874,1.394135433,-0.219336716
1.244503526,1.290620959,-0.223460931
1.179000823,1.174239348,-0.193466635
1.108065805,1.061359459,-0.18071906
1.02980897,0.926839382,-0.222711074
0.94657345,0.805786311,-0.265452946
0.862880551,0.684103379,-0.332940112
0.773522897,0.545050561,-0.35656062
0.681949579,0.414602079,-0.355810763
0.581648566,0.243906301,-0.391428989
0.478055921,0.111167078,-0.386179987
0.368783527,-0.065163697,-0.400802207
0.257479169,-0.205191298,-0.392928704
0.150411192,-0.439019283,-0.2988216
0.034443066,-0.613059318,-0.224210789
-0.011351091,-0.24186564,-0.128978899
0.003498738,-0.048056253,-0.07686381
1.22e-05,-0.100983229,-0.008626786
0.001204343,-0.033655706,0.007495148
0.001616734,-0.052229074,-0.065990877
0.000390808,-0.032024819,-0.022499148
0.002104106,-0.027795759,-0.040870654
0.000518275,-0.025193838,-0.052868373
0.001639229,-0.012904072,-0.013125931
0.000851936,-0.026498548,-0.029247865
0.001076877,-0.011108222,-0.02774815
0.00099065,-0.014369996,-0.043120227
0.000750713,-0.012184232,-0.037496296
0.000791952,-0.013383965,-0.010876359
0.00049953,-0.016368301,0.014618793
0.000690729,-0.007793959,0.02699144
0.000417051,-0.010050957,0.006370362
0.000263342,-0.012023018,0.00112136
4.96e-05,-0.010283405,0.018743009
-7.41e-05,-0.008742498,0.048362376
-0.000231527,-0.006852918,0.066358954
-0.00037399,-0.009383605,0.057360665
-0.000482711,-0.010842031,0.04723759
-0.000418978,-0.008873719,-0.005627357
-0.000314006,-0.007711477,-0.066365806
-0.000400233,-0.00819137,-0.112107107
-0.000362743,-0.009499829,-0.193091707
-0.000269018,-0.00702538,-0.206964069
-0.000197786,-0.006639216,-0.201715067
-0.000415229,-0.007591504,-0.225710504
-0.000306508,-0.006860417,-0.18634299
1.97e-05,-0.008093892,-0.168721341
-0.000239025,-0.006343032,-0.176969773
-0.000201535,-0.005278268,-0.179594274
3.84e-05,-0.006253052,-0.171345842
-6.59e-06,-0.004528435,-0.159348124
-1.41e-05,-0.00563069,-0.155973765
-1.03e-05,-0.00846506,-0.150724764
0.000102134,-0.006965393,-0.200965209
0.000154621,-0.00779021,-0.207713926
9.46e-05,-0.010512104,-0.170595985
0.00012088,-0.006470503,-0.147725334
-2.16e-05,-0.003223726,-0.112856965
-6.59e-06,-0.008457561,-0.092610815
0.000207107,-0.009053679,-0.078738453
0.000184613,-0.004704646,-0.105358391
0.000192111,-0.008075146,-0.112856965
-0.000194037,-0.01152063,-0.077988596
-0.000850114,-0.008480056,-0.063366376
-0.001172529,-0.008491304,-0.052493444
-0.001689892,-0.010309649,-0.030372651
-0.0016599,-0.009751024,-0.006002285
-0.00200106,-0.012990303,-0.017625075
-0.002098534,-0.006324286,-0.02774815
-0.002109781,-0.012844085,-0.008626786
-0.002702125,-0.009338615,-0.02474872
-0.002034801,-0.009499829,-0.047619371
-0.003264477,-0.014516213,-0.048744157
-0.002072291,-0.001086701,-0.081737883
-0.003185747,-0.025156347,-0.103483747
-0.002668384,0.003982172,-0.090361243
-0.00207604,-0.022235746,-0.089236457
-0.004145494,0.000656661,-0.065615949
-0.000587683,-0.00814638,-0.053993159
-0.005716329,-0.028279402,-0.050993729
0.000934415,0.030327561,-0.048369229
-0.006608593,-0.082113676,-0.075739024
0.00246776,0.127044796,-0.113606822
-0.017911859,-0.503474945,-0.174345272
-0.22629683,-1.702012081,-0.133852972
-0.468389151,-1.753788063,-0.141726475
-0.653354058,-1.773864847,-0.134977758
-0.836736882,-1.908366178,-0.000378355
-0.987282127,-1.949355809,-0.042370369
-1.125718071,-2.082567427,0.022117367
-1.243039589,-2.085424291,0.088104818
-1.342530817,-2.117142235,0.011994292
-1.434152872,-2.077074898,0.091854105
-1.511798618,-2.071818568,0.072357813
-1.57961446,-2.071578621,0.025866654
-1.631219583,-2.049582264,0.072732742
-1.671487699,-2.046781637,0.00974472
-1.69962027,-2.011865654,-0.006377214
-1.71760802,-1.996565308,-0.012376073
-1.726511919,-1.960678291,-0.080613097
-1.72510604,-1.916340654,-0.052868373
-1.715463587,-1.873052783,-0.086986885
-1.696617313,-1.819188515,-0.159723052
-1.668754671,-1.762193694,-0.155598837
-1.631751942,-1.688653802,-0.163097411
-1.58593904,-1.611507214,-0.187092848
-1.532759333,-1.533127149,-0.133103115
-1.471882909,-1.434940241,-0.100859247
-1.404220776,-1.334706288,-0.164597126
-1.330327789,-1.222058846,-0.161597696
-1.249997752,-1.101054514,-0.211463213
-1.163770522,-0.97843804,-0.257954372
-1.072752057,-0.85427316,-0.262453516
-0.981538644,-0.738855085,-0.299196529
-0.884165607,-0.597612754,-0.287573739
-0.782766134,-0.465349676,-0.291697955
-0.67485463,-0.293637873,-0.304445531
-0.560536068,-0.157963054,-0.30182103
-0.447270978,-0.005634439,-0.299196529
-0.325450647,0.160401126,-0.280825023
-0.211803158,0.306926032,-0.23245922
-0.086181331,0.621949705,-0.221961217
0.005733147,0.44242464,-0.201340138
0.00360371,0.051195419,-0.196091136
-0.002792101,0.087352376,-0.222336145
0.001571746,0.046261517,-0.149974906
-0.002203507,0.029082838,-0.134227901
0.000623247,0.038268295,-0.124104826
-0.00113129,0.006895274,-0.028123079
-8.91e-05,0.02403646,-0.052868373
-0.00056144,0.006317902,-0.069740164
-0.000745142,0.012084119,-0.004502571
1.59e-05,0.001905134,-0.029247865
-0.000553942,0.00120029,-0.011251287
0.000173366,0.006201678,0.023992011
-0.000134053,0.001537715,0.002996003
0.000113381,0.004177128,0.022117367
0.000203358,-0.00158534,0.038239301
0.000492032,0.000375474,0.052111663
0.000769458,0.001747669,0.041988588
0.000600753,-0.002136467,0.050611948
0.000904423,6.8e-05,0.059235308
0.000893176,0.001950124,0.049487162
0.000911921,-0.00028063,0.047612519
0.001436782,0.000517942,-0.00187807
0.001350555,-0.00257512,-0.03637151
0.001226837,-0.003883579,-0.050243872
0.001290571,-0.000625553,-0.049119086
0.001170602,-0.000220644,-0.06524102
0.001245583,-0.003568649,-0.104608533
0.001084375,-0.002852558,-0.115481466
0.00102814,-0.000651798,-0.153349264
0.000844438,-0.005345753,-0.17771963
0.000593255,-0.003403685,-0.189717348
0.000949411,-0.0051358,-0.197590851
0.000911921,-0.004929596,-0.181093988
0.001114367,0.002602478,-0.213712785
0.001991636,-0.001791544,-0.20358971
0.002227823,0.000371725,-0.203964639
0.00284641,0.004480811,-0.256829586
0.00330004,-0.00163033,-0.208838712
0.003206315,0.005324373,-0.201340138
0.004046093,0.003464787,-0.217462072
0.003858642,-0.000179403,-0.149225049
0.004882122,0.009673406,-0.152599407
0.004765903,-0.005113305,-0.179219345
0.005002091,0.01217035,-0.129353828
0.005924347,-0.000149409,-0.096360102
0.00458595,0.007060237,-0.0911111
0.007067795,0.011146828,-0.035246724
0.00436101,-0.008832478,-0.012751002
0.007521425,0.0270058,-0.032247294
0.00526827,-0.031447447,-0.007502
0.006081805,0.040480303,-0.01050143
0.008218741,-0.033839415,0.001496289
0.001954145,0.033465613,0.013119078
0.014460843,0.00124528,0.025866654
-0.009978953,-0.063161642,-0.023998863
0.113865843,1.371539209,-0.052868373
0.447883889,2.274203412,0.039364087
0.738619614,2.114515185,-0.004502571
1.002418703,2.372465304,0.08772989
1.255671827,2.470809677,0.188210781
1.475011406,2.640950579,0.16833956
1.688333824,2.74847666,0.286442101
1.882600024,2.771728988,0.310062609
2.071268952,2.885872347,0.351304766
2.239880677,2.957485166,0.438663153
2.392900269,3.085282988,0.467532663
2.530766363,3.161803466,0.451785657
2.651979354,3.253095658,0.374925274
2.762511416,3.316441567,0.346430693
2.857335126,3.354131933,0.247449516
2.938362479,3.402278722,0.108350968
3.003861433,3.418853785,0.049112234
3.057074881,3.419749836,-0.101609104
3.098816358,3.400726568,-0.191966921
3.128178604,3.38637476,-0.290948097
3.1458027,3.364175948,-0.431921289
3.151122545,3.323332534,-0.348687117
3.145967657,3.274818326,-0.259079158
3.131890124,3.215375299,-0.232084291
3.109156127,3.14991861,-0.305945245
3.078061839,3.074564122,-0.311194247
3.038869688,2.988254572,-0.24108258
2.992254498,2.903924581,-0.260953801
2.938936077,2.81307854,-0.196466065
2.879645484,2.707610751,-0.229834719
2.814840097,2.6132105,-0.353186262
2.742896596,2.522645646,-0.380930985
2.664126146,2.407549999,-0.36518398
2.580009609,2.288791417,-0.398552634
2.489662217,2.172406057,-0.452167438
2.393916251,2.054224846,-0.481411877
2.292966658,1.926745704,-0.551148615
2.1865885,1.80511901,-0.621635211
2.07657755,1.674419334,-0.586391913
1.962435192,1.463360034,-0.49490931
1.846853213,1.256747245,-0.401177135
1.730465198,1.100320792,-0.300696244
1.612168936,0.95894724,-0.186717919
1.491259615,0.803780507,-0.10573332
1.3640782,0.646356776,-0.101234175
1.232529188,0.508244999,-0.073489451
1.093620869,0.361210206,-0.113981751
0.954153948,0.240078402,-0.144725904
0.810413156,0.080138981,-0.127104255
0.66456542,-0.040224245,-0.188967491
0.517896651,-0.209289136,-0.233958935
0.364194739,-0.350707678,-0.205089425
0.221848578,-0.527833276,-0.196466065
0.064446393,-0.811678885,-0.190842134
-0.03024985,-0.448530917,-0.049868943
-0.018612923,-0.072729514,-0.040120797
-0.016224804,-0.137338892,-0.023249006
-0.019280247,-0.069456492,0.08473046
-0.015744931,-0.066715852,-0.000753284
-0.01858668,-0.056176946,0.033740157
-0.016074844,-0.039136987,0.132721334
-0.018043074,-0.046084191,0.113225041
-0.017019594,-0.024526487,0.131971476
-0.01730077,-0.035998935,0.127472332
-0.017671922,-0.0224457,0.07310767
-0.017218292,-0.026209862,-0.000378355
-0.017806886,-0.023975359,-0.082112811
-0.017428236,-0.021673371,-0.12298004
-0.0177544,-0.022595666,-0.185218204
-0.017769396,-0.017556787,-0.224585718
-0.018140548,-0.020481137,-0.20958857
-0.018065568,-0.019052704,-0.224210789
-0.018181787,-0.020672344,-0.220836431
-0.018564186,-0.017658015,-0.149974906
-0.018414226,-0.015483498,-0.060366947
-0.018631669,-0.018966474,-0.02474872
-0.019085299,-0.0188465,-0.003002856
-0.01904406,-0.018205393,-0.003002856
-0.018695402,-0.015082338,-0.032997152
-0.01854919,-0.0141263,-0.079113382
-0.018609174,-0.01570095,-0.115856395
-0.018425473,-0.01345145,-0.131228471
-0.018290509,-0.015078588,-0.170595985
-0.018125552,-0.015697201,-0.193841564
-0.018035576,-0.015449756,-0.195716208
-0.018616672,-0.016679482,-0.208088855
-0.019227761,-0.015948395,-0.221961217
-0.019448953,-0.016023378,-0.215962357
-0.020135022,-0.017463058,-0.208088855
-0.020532417,-0.018194145,-0.171345842
-0.02070862,-0.019641323,-0.168346413
-0.021233481,-0.014287514,-0.173220486
-0.02119974,-0.019307648,-0.126354398
-0.022301949,-0.018265379,-0.136102544
-0.021687112,-0.009481084,-0.11135725
-0.022860552,-0.025152597,-0.034496867
-0.022436914,-0.007111611,-0.03337208
-0.02260187,-0.026453558,-0.052118516
-0.024067733,-0.01021592,-0.009751572
-0.021548398,-0.020308675,-0.020624505
-0.025529847,-0.023382991,-0.038621082
-0.020884824,0.006411631,-0.013875788
-0.026107194,-0.052637733,-0.028872936
-0.022009527,0.035527654,-0.035996581
-0.023970259,-0.092030221,-0.038996011
-0.026290896,0.084255565,-0.000753284
-0.016565964,-0.240452204,-0.034121938
-0.229472242,-1.685354536,-0.027373221
-0.582321565,-1.976342306,0.073857528
-0.864089659,-1.81826622,0.032990299
-1.144346901,-2.010598436,0.118474043
-1.400734197,-2.002144067,0.222329293
-1.636603161,-2.123245878,0.192709926
-1.866368737,-2.074701676,0.228703081
-2.082000545,-2.029726681,0.13947005
-2.292871111,-2.065358755,0.016493437
-2.482001167,-2.12975443,0.037489444
-2.65868826,-2.210230278,0.098977751
-2.820356818,-2.220577976,0.116224471
-2.969987305,-2.242105687,0.161590844
-3.109836625,-2.203777963,0.219329863
-3.235263503,-2.194243834,0.13384612
-3.346961507,-2.199050265,0.125597688
-3.444135847,-2.175689212,0.146218767
-3.529103409,-2.170151694,0.06448431
-3.601403067,-2.141871734,0.047987447
-3.660903605,-2.115016458,0.01836808
-3.707814967,-2.082852363,-0.03074758
-3.742234628,-2.02860568,-0.027373221
-3.765669689,-1.986041399,0.014993722
-3.778926189,-1.94575661,0.038239301
-3.781707954,-1.898539613,0.062234738
-3.774198687,-1.85112766,0.136095692
-3.757635561,-1.792524446,0.082855817
-3.732884597,-1.727307704,-0.15747348
-3.700365684,-1.669000674,-0.316443249
-3.660105066,-1.602407988,-0.342313329
-3.611697849,-1.534229404,-0.365558909
-3.554881602,-1.470313622,-0.304820459
-3.489221441,-1.396758734,-0.237333293
-3.415032282,-1.322041605,-0.252330441
-3.333228884,-1.244167678,-0.300696244
-3.243893724,-1.17016289,-0.31044439
-3.146948075,-1.100690845,-0.257579443
-3.043539132,-1.022097078,-0.279700236
-2.934034299,-0.938726873,-0.283449523
-2.816656545,-0.851198844,-0.320567465
-2.693317865,-0.777658953,-0.530152608
-2.567354878,-0.702574405,-0.608512706
-2.435970822,-0.613355502,-0.56989505
-2.2987833,-0.529040508,-0.559022118
-2.15362913,-0.425484794,-0.418423855
-2.001393081,-0.334050133,-0.289448383
-1.845539238,-0.237497861,-0.334814755
-1.684605485,-0.147682841,-0.352811333
-1.52186471,-0.055727046,-0.316443249
-1.351637162,0.052387654,-0.345312759
-1.180753537,0.133845783,-0.295072313
-1.003796516,0.261681097,-0.220836431
-0.825039971,0.325649367,-0.190467206
-0.647498104,0.47546604,-0.121105396
-0.462439472,0.568947745,-0.074989166
-0.29105348,0.713673051,-0.0479943
-0.099291619,0.965763224,-0.061491733
0.016777731,0.457282585,0.019492866
0.002722692,0.048675979,0.100852394
0.00019586,0.134258192,0.028866084
0.003896133,0.044270709,0.042363517
-0.000388986,0.055769402,0.005995433
0.003682439,0.038571977,-0.095610245
0.000788203,0.021408295,-0.037121367
0.002973876,0.030747468,0.033740157
0.001740452,0.006179183,0.076856957
0.002287807,0.017644132,0.147343553
0.002673955,0.003262332,0.165715059
0.002111604,0.009770884,0.117724186
0.003123837,0.005151911,0.017618223
0.002643963,0.003895941,-0.032247294
0.003247554,0.004372085,-0.020624505
0.003191319,-0.000430597,-0.045744728
0.003416259,0.005028189,-0.051743587
0.00386989,0.002077595,-0.117731038
0.004582201,0.005703039,-0.195716208
0.005620677,0.003397302,-0.170970913
0.00625426,0.000634166,-0.140976617
0.007438947,0.006715314,-0.11998061
0.007896326,0.000667909,-0.07686381
0.00848867,0.002441264,-0.034871795
0.008987288,-0.002916294,-0.115481466
0.009002284,0.003138609,-0.201715067
0.010186971,-0.001094199,-0.199840423
0.009317201,-0.009417348,-0.243332153
0.010955518,0.007641358,-0.238458079
0.010093246,-0.011389409,-0.181843846
0.011202953,0.015207175,-0.207338997
0.011877775,-0.014549956,-0.257579443
0.010239458,0.009947095,-0.257954372
0.014202161,0.001417742,-0.27295152
0.009189735,-0.01260039,-0.286448953
0.016020431,0.032592057,-0.216712215
0.008799838,-0.058220242,-0.185968061
0.016005435,0.094277085,-0.200965209
0.011004256,-0.149025042,-0.1747202
0.017654999,0.44359438,-0.181093988
0.285416792,1.950286717,-0.141726475
0.663140796,1.941851094,0.011619364
0.97501344,1.764511793,0.123723045
1.302215786,1.910001928,0.214080862
1.604078573,1.856126413,0.351679694
1.893850803,1.916195551,0.353929267
2.175926315,1.799281558,0.30968768
2.44898171,1.817997395,0.32131047
2.719371558,1.842794379,0.366301914
2.971964856,1.867636353,0.427790221
3.215744231,1.935113842,0.408293928
3.444793746,1.970116056,0.458534374
3.663994611,2.046947715,0.421791361
3.869170431,2.080896413,0.390672279
4.059950052,2.131019013,0.581885916
4.241222183,2.182558798,0.604756567
4.410268793,2.221156462,0.593508706
4.567217348,2.251753406,0.653122369
4.709458536,2.265404119,0.508399891
4.83819579,2.274863265,0.416167431
4.954407602,2.275481878,0.445036941
5.05829267,2.284982264,0.320935541
5.152156633,2.291292111,0.244825015
5.23494977,2.27902109,0.276319026
5.304351443,2.263255847,0.153342412
5.361216427,2.229959504,0.032240442
5.407205532,2.190469539,-0.035621653
5.441752659,2.18147154,-0.171720771
5.464651612,2.160618679,-0.232834149
5.476149826,2.116790928,-0.302195958
5.475546235,2.074995226,-0.354311048
5.463808085,2.023597909,-0.356935549
5.44190262,1.968762607,-0.460790799
5.410260975,1.920439607,-0.479537234
5.3692693,1.874714778,-0.439419863
5.319077554,1.818904693,-0.433046075
5.260799194,1.763604494,-0.367058624
5.195191519,1.710767498,-0.40267685
5.122524458,1.652647927,-0.48928538
5.042771768,1.601029409,-0.508781672
4.955532305,1.540686582,-0.608137778
4.860727341,1.46742038,-0.62763407
4.758075698,1.400175339,-0.560896761
4.648016011,1.336791939,-0.581892769
4.531253095,1.266483829,-0.57851841
4.40713837,1.196318187,-0.578893339
4.276834029,1.127142325,-0.604763419
4.141393545,1.05267639,-0.56427112
4.000254565,0.980486199,-0.521904177
3.853308369,0.905851551,-0.462665442
3.700509969,0.833072741,-0.413549782
3.544641129,0.762622162,-0.458916155
3.385379435,0.679233212,-0.416924141
3.219283296,0.597778832,-0.385055201
3.046213999,0.50922728,-0.389179417
2.866373989,0.415951779,-0.302945816
2.683298584,0.335955824,-0.232084291
2.496099267,0.244824846,-0.191217063
2.305615818,0.164345249,-0.191966921
2.111657037,0.065266039,-0.205839283
1.912367163,-0.021452171,-0.218586858
1.71258242,-0.112744363,-0.167221626
1.50688174,-0.215370284,-0.120355539
1.303100552,-0.288587746,-0.103483747
1.093647112,-0.410326916,-0.054743016
0.885543316,-0.471663271,-0.040495726
0.67732705,-0.630260492,-0.052868373
0.463266077,-0.720889081,-0.05961709
0.264392343,-0.906169116,-0.044245013
0.044816577,-1.110963559,-0.104608533
-0.073670884,-0.488313318,-0.085862099
-0.053321258,-0.103618893,-0.040120797
-0.053422481,-0.200898503,-0.116606252
-0.055630648,-0.094066018,-0.088861528
-0.051413012,-0.110487365,-0.098234746
-0.054933332,-0.082473596,-0.145475762
-0.051443004,-0.067135758,-0.093735601
-0.054074809,-0.070712463,-0.081737883
-0.052132822,-0.048386179,-0.087361813
-0.052758907,-0.062434304,-0.09411053
-0.052968851,-0.044981936,-0.091486029
-0.052537715,-0.049109768,-0.086237027
-0.053298764,-0.038510876,-0.135352687
-0.052717667,-0.040842857,-0.121480325
-0.053448724,-0.042031343,-0.115481466
-0.054074809,-0.036366353,-0.144350976
-0.055139528,-0.039118241,-0.140976617
-0.055581911,-0.034165592,-0.187092848
-0.056470426,-0.034345552,-0.206214211
-0.056995288,-0.034064365,-0.202089996
-0.057936289,-0.034810449,-0.167596555
-0.05834868,-0.027289622,-0.134977758
-0.059045996,-0.036092664,-0.122230182
-0.059623344,-0.025137601,-0.080988025
-0.059177212,-0.029734078,-0.087361813
-0.060804282,-0.029145459,-0.070115093
-0.058967267,-0.022243245,-0.062616519
-0.061572829,-0.042102577,-0.060366947
-0.059792049,-0.010504606,-0.014625646
-0.060875513,-0.04703273,-0.036746439
-0.061865252,-0.001409129,-0.05661766
-0.058899785,-0.044835719,-0.092235886
-0.065370576,-0.021688368,-0.121855254
-0.055383214,-0.005968115,-0.152599407
-0.069858141,-0.082751035,-0.203964639
-0.048226353,0.120453763,-0.140601689
-0.117710505,-0.861486555,-0.20958857
-0.464583906,-1.865370742,-0.197215922
-0.828845216,-1.661832269,-0.147725334
-1.144436877,-1.768109878,-0.167596555
-1.473599955,-1.816140443,0.094478606
-1.769389346,-1.797582071,0.143969195
-2.064009046,-1.776425528,0.201708214
-2.345233533,-1.667879674,0.332558331
-2.622397843,-1.726490386,0.239201084
-2.890560779,-1.715295376,0.353929267
-3.143210312,-1.757428504,0.376799917
-3.386543555,-1.789423886,0.28944153
-3.615956724,-1.822641497,0.362552627
-3.836668441,-1.865771903,0.321685398
-4.041398128,-1.880779814,0.296940104
-4.235566854,-1.924097678,0.336682546
-4.420081879,-1.946408965,0.265071165
-4.59272004,-1.970377383,0.245949801
-4.753008963,-1.979716556,0.248199373
-4.897960685,-1.98607889,0.262071735
-5.030904329,-2.002770177,0.282317885
-5.150947629,-2.00531961,0.269945238
-5.258592953,-2.01723446,0.310437537
-5.355999731,-2.024579076,0.32993383
-5.440247484,-2.014328856,0.303688821
-5.510893828,-2.005863239,0.284942386
-5.568767296,-1.995091885,0.306313322
-5.615078816,-1.97893298,0.23470194
-5.650405738,-1.956674181,0.100477465
-5.673593364,-1.929042828,0.035239872
-5.68535026,-1.903169833,-0.101234175
-5.68546273,-1.872651622,-0.193466635
-5.673788313,-1.834897521,-0.179594274
-5.651890346,-1.79466522,-0.274826163
-5.620469893,-1.748606716,-0.329190825
-5.578904619,-1.705764996,-0.357310477
-5.52834547,-1.664539167,-0.398552634
-5.470149588,-1.619234245,-0.358810192
-5.403964565,-1.573321958,-0.334814755
-5.330686416,-1.521800919,-0.308569746
-5.250285147,-1.468581507,-0.317568035
-5.16196597,-1.411901616,-0.326941253
-5.065425213,-1.34998039,-0.359934978
-4.960467929,-1.286743207,-0.377556627
-4.848046366,-1.22235878,-0.395178276
-4.728040556,-1.157993098,-0.459666012
-4.600765416,-1.09401358,-0.442044364
-4.467165695,-1.027630847,-0.468289373
-4.327455089,-0.961068154,-0.507281957
-4.182210943,-0.892702112,-0.529027822
-4.030372289,-0.821584182,-0.540650612
-3.873423735,-0.757510935,-0.484036378
-3.714045822,-0.693411444,-0.515530389
-3.549100629,-0.615308817,-0.493784524
-3.376346248,-0.528969274,-0.41130021
-3.196862394,-0.44393069,-0.458916155
-3.011080203,-0.363083675,-0.424797643
-2.822523746,-0.285813364,-0.341938401
-2.629940851,-0.19996871,-0.334064898
-2.434043831,-0.126087644,-0.316818178
-2.234585252,-0.030202724,-0.263953231
-2.029368194,0.052755072,-0.233584006
-1.824413566,0.136608919,-0.268827304
-1.613119363,0.234900804,-0.221961217
-1.403703413,0.302475772,-0.151474621
-1.189387507,0.424477383,-0.145475762
-0.974348043,0.478727815,-0.068615378
-0.760077125,0.631825008,-0.003752713
-0.539013002,0.71812706,0.010494577
-0.334343299,0.879626135,0.080606244
-0.107715644,1.107256749,0.074982314
0.022356258,0.48149095,0.096728178
0.003997356,0.05681167,0.173963491
0.00292139,0.160648571,0.134595977
0.006486698,0.050186893,0.139095122
0.001871667,0.066060862,0.118099114
0.006273005,0.043247187,0.013119078
0.002838912,0.028059316,-0.043495155
0.005890606,0.036641157,-0.090361243
0.00428603,0.007030244,-0.137602259
0.00488962,0.021089616,-0.142851261
0.005358246,0.007138969,-0.157848409
0.004698421,0.013891217,-0.188967491
0.00564692,0.007123973,-0.184843275
0.005167047,0.005174406,-0.172470628
0.005920598,0.007120223,-0.131978329
0.005770638,0.002846174,-0.106108248
0.006194276,0.002853673,-0.089611386
0.00652044,0.00061542,-0.050993729
0.007225253,0.007678849,-0.073114523
0.008443682,0.00237003,-0.127104255
0.008923555,0.003311071,-0.146600548
0.010096995,0.007948789,-0.154474051
0.010479394,-0.003812345,-0.144350976
0.011116726,0.005320624,-0.136102544
0.011641587,0.000345481,-0.159723052
0.011472882,-0.005113305,-0.168721341
0.012638824,0.000645414,-0.188217634
0.011949006,-0.001476614,-0.216337286
0.013564829,0.001773913,-0.190842134
0.012537601,-0.012315453,-0.140601689
0.013531088,0.016474393,-0.112856965
0.014003464,-0.013522685,-0.090736172
0.012567593,0.011206814,-0.05961709
0.016241623,-0.000528075,-0.040870654
0.01098551,-0.010894519,-0.053993159
0.018003657,0.029334032,-0.074614237
0.010738076,-0.052881429,-0.084737312
0.018037398,0.088165945,-0.142101404
0.012518856,-0.148455169,-0.192716778
0.020905391,0.447306054,-0.20358971
0.288880877,1.879982356,-0.236583436
0.660932629,1.852609695,-0.150724764
0.966638152,1.670966352,-0.079863239
1.286155027,1.776445388,-0.03637151
1.579110166,1.706347231,0.175838134
1.860353398,1.745953421,0.218580006
2.132291588,1.600669489,0.19420964
2.395880732,1.592927462,0.230952653
2.65831893,1.606416961,0.204332715
2.902218273,1.596331704,0.259072306
3.135031794,1.6257964,0.24632473
3.353614074,1.6475978,0.235451797
3.565316919,1.69461984,0.238451227
3.764423091,1.700719733,0.16271563
3.947479752,1.718314569,0.189335567
4.116728808,1.725846644,0.191210211
4.271525431,1.732666377,0.190460353
4.414726366,1.746088391,0.221954364
4.545236902,1.745743468,0.173213633
4.663720614,1.740595863,0.147718482
4.767748144,1.729719532,0.111350398
4.85724451,1.719881721,0.13384612
4.934845268,1.711678545,0.202458072
5.000302983,1.698384003,0.216330434
5.053688885,1.680564217,0.244450086
5.094583086,1.657053197,0.199458642
5.122715657,1.633444698,0.116224471
5.138817655,1.600654493,0.017618223
5.143091527,1.561415721,-0.095985173
5.135983404,1.538924474,-0.168346413
5.118201849,1.505346944,-0.268452375
5.090080525,1.46301511,-0.315318463
5.052312999,1.428354071,-0.344187973
5.005772788,1.39118109,-0.388054631
4.951487124,1.355496528,-0.359185121
4.889609714,1.314679358,-0.338564042
4.819387007,1.267263655,-0.264703088
4.740612809,1.218831929,-0.183718489
4.653230884,1.159910036,-0.198715637
4.557372447,1.096721592,-0.194216493
4.453442392,1.045196804,-0.208463783
4.34154944,0.991085091,-0.290948097
4.222233447,0.928365293,-0.344187973
4.096679103,0.867002693,-0.334064898
3.965463753,0.810911421,-0.354311048
3.827492687,0.745548461,-0.396303062
3.682683426,0.67609891,-0.418048927
3.534327603,0.621278604,-0.427047216
3.382286502,0.553407452,-0.424422715
3.223373466,0.477902998,-0.422548071
3.057149861,0.400493968,-0.369683124
2.883038338,0.315444137,-0.355810763
2.704502984,0.243823819,-0.380930985
2.521517555,0.163123021,-0.34493783
2.334554426,0.092042583,-0.326941253
2.144370898,0.005088176,-0.30182103
1.947986507,-0.07355808,-0.234333864
1.75143716,-0.15024727,-0.182593703
1.548671954,-0.247669349,-0.176969773
1.346574072,-0.307397312,-0.205089425
1.140206068,-0.423655201,-0.261703659
0.931836092,-0.47751197,-0.321317322
0.725513075,-0.617307123,-0.350936689
0.510353642,-0.721421463,-0.371557768
0.311491156,-0.858494721,-0.292822741
0.091150591,-1.112564453,-0.238458079
-0.048091389,-0.56117086,-0.204714496
-0.035228536,-0.085892836,-0.055867803
-0.03063225,-0.177207523,0.010119649
-0.035693413,-0.081041415,0.109850683
-0.030358572,-0.08308846,0.182961779
-0.034516224,-0.069295278,0.161590844
-0.030913425,-0.047430142,0.228328152
-0.033324039,-0.058917586,0.192334997
-0.032135603,-0.032564699,0.141719622
-0.03260048,-0.047981269,0.164215344
-0.033009122,-0.031668648,0.130471761
-0.032158097,-0.032598441,0.115849542
-0.033249059,-0.028594332,0.072732742
-0.032607978,-0.026554786,-0.015375503
-0.033147835,-0.026858468,-0.115856395
-0.032814173,-0.021039762,-0.202839853
-0.033219066,-0.026719749,-0.273326449
-0.033657701,-0.025422537,-0.334814755
-0.03392388,-0.0235667,-0.30182103
-0.034988599,-0.027229635,-0.285324167
-0.035558449,-0.026307341,-0.251955513
-0.036473207,-0.024192811,-0.164222197
-0.037519181,-0.022164512,-0.092985744
-0.037736623,-0.020184952,-0.003002856
-0.038516418,-0.025077614,-0.004127642
-0.038276481,-0.017864219,-0.012751002
-0.03880884,-0.022734385,-0.023998863
-0.0393412,-0.016180843,-0.125604541
-0.039015036,-0.022648155,-0.176969773
-0.040559628,-0.0177255,-0.19796578
-0.038756354,-0.013290236,-0.217837001
-0.041320677,-0.030333945,-0.206964069
-0.039573638,-0.00032562,-0.173595414
-0.04104325,-0.040569168,-0.146975477
-0.041526873,0.006884026,-0.176219915
-0.038917562,-0.039002017,-0.212587999
-0.045028448,-0.013395213,-0.239582866
-0.035535955,-0.001937762,-0.286823882
-0.049838428,-0.072920721,-0.311944105
-0.027768006,0.122583289,-0.250830727
-0.101169873,-0.913243792,-0.228335005
-0.442251053,-1.92534615,-0.151474621
-0.794695484,-1.661337379,-0.03637151
-1.100880879,-1.716033962,-0.057742446
-1.41776595,-1.742803007,0.103101966
-1.70200839,-1.719441954,0.198708785
-1.982959199,-1.70021998,0.139844979
-2.249697512,-1.577101117,0.155966913
-2.51474877,-1.619455446,0.048362376
-2.77058871,-1.598790043,0.048737305
-3.009235691,-1.620077807,0.106476325
-3.236864331,-1.642985211,0.106851253
-3.451802572,-1.674826878,0.260197092
-3.660191293,-1.713439539,0.34155662
-3.85287916,-1.715662794,0.372300773
-4.031009621,-1.735799565,0.476156023
-4.194687649,-1.740437283,0.429664864
-4.34494422,-1.750923701,0.361427841
-4.484534859,-1.758864434,0.341181691
-4.6108615,-1.759269344,0.296190247
-4.724059108,-1.755460191,0.2433253
-4.82266182,-1.741996936,0.178837564
-4.907910558,-1.734052454,0.175463205
-4.981608597,-1.724994469,0.176213063
-5.042458778,-1.711617444,0.15671677
-5.091563311,-1.694641221,0.116974328
-5.127868724,-1.671497619,0.104601681
-5.151390012,-1.648826412,0.054361235
-5.163686765,-1.620167787,-0.062616519
-5.163679267,-1.588907241,-0.107607963
-5.152908362,-1.558475261,-0.194591421
-5.131808933,-1.523476796,-0.270327019
-5.100291006,-1.487529792,-0.266952661
-5.05975671,-1.452036438,-0.279700236
-5.010637181,-1.414409808,-0.226085432
-4.953337312,-1.373967554,-0.184843275
-4.888404459,-1.331077095,-0.184843275
-4.815932347,-1.284148784,-0.166471769
-4.734687551,-1.236406905,-0.239207937
-4.64460259,-1.182535138,-0.299946386
-4.546003627,-1.12354951,-0.347562331
-4.439209328,-1.066655916,-0.464540086
-4.324557104,-1.005282068,-0.505782243
-4.202324382,-0.943443324,-0.485161164
-4.074115738,-0.883055507,-0.476162875
-3.939608757,-0.818866036,-0.386554916
-3.797911175,-0.750623717,-0.275950949
-3.650938736,-0.688147615,-0.225335575
-3.501143293,-0.63170392,-0.15184955
-3.346444144,-0.559345017,-0.168346413
-3.184055776,-0.477931877,-0.200965209
-3.013565797,-0.391851026,-0.188217634
-2.836635019,-0.315469267,-0.272201662
-2.656018964,-0.241453231,-0.311944105
-2.470675408,-0.161584748,-0.301071172
-2.283063701,-0.087130061,-0.304820459
-2.089457326,0.006546601,-0.294697384
-1.892862991,0.074983877,-0.276700807
-1.693588113,0.173804395,-0.277075736
-1.489574487,0.246406994,-0.325441538
-1.288117686,0.334212462,-0.337814185
-1.077858209,0.434296448,-0.369683124
-0.873300976,0.494991697,-0.390304203
-0.660252236,0.668660564,-0.343063187
-0.452437114,0.715930049,-0.274076306
-0.246387775,0.99953946,-0.135727616
-0.036735638,0.949656807,-0.061866662
0.023334749,0.213860484,0.074607385
-0.00249218,0.092814911,0.172088847
0.0074277,0.130411547,0.101602252
0.003060103,0.034954032,0.139844979
0.004439739,0.073011816,0.072357813
0.005088318,0.018521437,-0.007127072
0.003476243,0.035448922,-0.011251287
0.005796881,0.016804319,-0.129728756
0.003772415,0.010696928,-0.08248774
0.005808128,0.018573926,0.000371503
0.004762154,0.004379583,-0.048744157
0.005414482,0.012204093,0.032990299
0.005703155,0.002032605,0.113225041
0.005440725,0.00583426,0.129346975
0.006059311,0.003018636,0.136845549
0.005856865,0.003536021,0.023992011
0.00659542,0.004357088,-0.095235316
0.006741631,-0.000644299,-0.160097981
0.007172767,0.004049657,-0.222336145
0.008098773,0.006077955,-0.27857545
0.008702363,0.003948429,-0.256079728
0.009650863,0.006475367,-0.218961787
0.010483143,0.001492725,-0.185218204
0.010505637,-0.003317455,-0.167596555
0.011397902,0.001972619,-0.211838142
0.011356662,-0.005214533,-0.175095129
0.011836536,0.003708482,-0.160097981
0.012661318,-0.002038989,-0.154848979
0.011769054,0.000731645,-0.100109389
0.013718539,0.002205067,-0.086611956
0.012327656,-0.008798735,-0.040870654
0.014325878,0.015848282,0.052111663
0.013324893,-0.018610303,0.154467198
0.013621065,0.020770937,0.213331004
0.015743004,-0.01565596,0.196084284
0.011709069,0.008833592,0.11060054
0.018715969,0.011146828,-0.090361243
0.009335946,-0.034630489,-0.331440397
0.021715177,0.079021729,-0.491160023
0.005688159,-0.166638624,-0.586016984
0.049176675,0.738395052,-0.597639774
0.361679153,1.986589892,-0.474288232
0.719945796,1.760515182,-0.254580014
1.022157241,1.704176464,-0.14885012
1.338344995,1.761662427,0.013119078
1.62351719,1.714659132,0.23770137
1.902027394,1.732816343,0.228328152
2.167929677,1.596522912,0.296190247
2.430806509,1.614792598,0.291691102
2.686181572,1.596028022,0.17696292
2.922594143,1.614200229,0.195709355
3.150294014,1.649738574,0.122973187
3.365723376,1.665571302,0.175463205
3.572908664,1.705976064,0.308937823
3.76378576,1.710182628,0.334807903
3.939606831,1.725989112,0.396671138
4.101721521,1.731991527,0.359553197
4.250212309,1.739951006,0.27219481
4.387868458,1.747100666,0.184461494
4.512669252,1.743853888,0.116599399
4.624404746,1.74236172,0.164215344
4.721339149,1.728628525,0.18858571
4.804199768,1.71179102,0.242200514
4.875490942,1.707704429,0.320185684
4.934361646,1.689985871,0.305563464
4.980669417,1.665226379,0.275944097
5.014875385,1.650499655,0.310812466
5.036634639,1.625005326,0.249699088
5.046554519,1.592680017,0.071982884
5.04481123,1.56258921,-0.023249006
5.032120831,1.532438417,-0.209963498
5.008816985,1.495775323,-0.409800495
4.975150875,1.458624837,-0.432671146
4.932610858,1.422786559,-0.465289943
4.881549342,1.382876687,-0.411675139
4.822453697,1.344732672,-0.304820459
4.755672582,1.29880164,-0.272201662
4.680377465,1.249706311,-0.173595414
4.596493367,1.199741176,-0.120355539
4.504331454,1.145483245,-0.1316034
4.404112919,1.091798937,-0.1747202
4.295856506,1.028602995,-0.242582295
4.179910874,0.96600317,-0.329565754
4.057460709,0.908674673,-0.47766259
3.928903407,0.845636196,-0.539900754
3.793620381,0.779482162,-0.556022688
3.651435428,0.713864259,-0.511781102
3.504965356,0.654826142,-0.387304773
3.355263638,0.588240953,-0.273326449
3.199593496,0.514389882,-0.257954372
3.036770242,0.435837356,-0.301071172
2.8657629,0.34811437,-0.288698525
2.68944696,0.27443201,-0.361809622
2.508560976,0.19243775,-0.386554916
2.323667301,0.122605784,-0.32469168
2.135721932,0.035790096,-0.306320174
1.941523214,-0.053784978,-0.258329301
1.74677714,-0.125697731,-0.216712215
1.545987663,-0.220877808,-0.204339568
1.345809274,-0.282757793,-0.227960076
1.141919365,-0.396706196,-0.288698525
0.935191456,-0.456801577,-0.355060905
0.731923883,-0.591539105,-0.43154636
0.518792664,-0.70156213,-0.499408455
0.321673467,-0.830327237,-0.454417011
0.103661038,-1.107210644,-0.389554346
-0.042988986,-0.590980479,-0.253080299
-0.034212554,-0.083909527,0.012369221
-0.02722065,-0.174324414,0.149218196
-0.033429011,-0.082398613,0.2838176
-0.027580555,-0.079451769,0.352054623
-0.032011885,-0.0741392,0.290941245
-0.028701509,-0.045221883,0.30968768
-0.030793457,-0.060462243,0.233952083
-0.029777475,-0.032617187,0.109475754
-0.029698746,-0.044547033,0.058485451
-0.030302337,-0.029794065,-0.047619371
-0.029548786,-0.035331583,-0.158598266
-0.03070723,-0.032864632,-0.199090566
-0.029904942,-0.024635213,-0.236583436
-0.030448548,-0.02658103,-0.234333864
-0.030497285,-0.020931037,-0.167971484
-0.03066974,-0.023825393,-0.157098552
-0.030879684,-0.02635608,-0.163472339
-0.031018398,-0.027904485,-0.117731038
-0.031696968,-0.024526487,-0.097484888
-0.032495507,-0.02298183,-0.058117375
-0.033522736,-0.023173038,0.007495148
-0.034276287,-0.024653958,0.055486021
-0.034572459,-0.019585086,0.088104818
-0.034677431,-0.019067701,0.017993151
-0.035520959,-0.020946033,-0.059992018
-0.035370998,-0.015869662,-0.137977188
-0.036379482,-0.023735413,-0.286448953
-0.036330745,-0.012694119,-0.384305344
-0.036506948,-0.023960363,-0.455916725
-0.03756042,-0.012994052,-0.490785095
-0.036229521,-0.018524072,-0.463040371
-0.039131255,-0.02842187,-0.391803918
-0.036341992,-0.007940176,-0.237708222
-0.0393412,-0.037701056,-0.090361243
-0.037380468,0.012676488,0.085105389
-0.037777863,-0.052667727,0.211831289
-0.04078082,0.014738529,0.22907801
-0.033608963,-0.038589608,0.217830149
-0.047454057,-0.021152237,0.12222333
-0.021192242,0.051097941,0.011994292
-0.147275198,-1.211643663,-0.138727045
-0.513426008,-1.93249581,-0.16909627
-0.846083164,-1.632690002,-0.21221307
-1.153441999,-1.761248904,-0.28719881
-1.462697834,-1.73842773,-0.118105967
-1.74135425,-1.751178644,-0.127104255
-2.018038686,-1.692065544,-0.087736742
-2.279873293,-1.60608592,0.046487733
-2.542146535,-1.650404811,0.010869506
-2.788932616,-1.619039288,0.172463776
-3.020602689,-1.661607319,0.276693954
-3.242840253,-1.686265584,0.294315603
-3.45415695,-1.723731,0.445411869
-3.655647493,-1.745517403,0.477655738
-3.839847601,-1.752082193,0.498276816
-4.010090145,-1.771139204,0.523771968
-4.165943989,-1.776789197,0.459284231
-4.309801001,-1.791043526,0.406044356
-4.441713667,-1.789645087,0.230202796
-4.560860953,-1.788674053,0.077231886
-4.66611066,-1.778690024,-0.003377784
-4.75669424,-1.768162366,-0.066740735
-4.835483434,-1.762486129,-0.010126501
-4.901627217,-1.746259738,0.038989159
-4.955560475,-1.732185369,0.079856387
-4.996889561,-1.708449399,0.160840986
-5.025010885,-1.682760114,0.279693384
-5.041832693,-1.661071188,0.282692814
-5.046931347,-1.629210776,0.249699088
-5.041116632,-1.598130189,0.278568598
-5.025082117,-1.56355913,0.142094551
-4.998381667,-1.527480905,0.016868365
-4.962173729,-1.491376437,-0.125979469
-4.916956919,-1.450802962,-0.342688258
-4.863424805,-1.41628814,-0.385805059
-4.801978531,-1.37344642,-0.470538945
-4.731969519,-1.322026608,-0.559771975
-4.653757672,-1.273793588,-0.553773116
-4.56750045,-1.219903076,-0.580018125
-4.472613007,-1.163590603,-0.526403321
-4.369725176,-1.107353113,-0.470913873
-4.258938182,-1.045165696,-0.429296788
-4.140364494,-0.982037239,-0.353186262
-4.015443731,-0.920048528,-0.263953231
-3.884220883,-0.856016522,-0.205089425
-3.745893662,-0.786420754,-0.175470058
-3.601444306,-0.722876139,-0.136477473
-3.453943257,-0.664760317,-0.12860397
-3.302254563,-0.588622254,-0.118105967
-3.143791408,-0.510789568,-0.175470058
-2.977582799,-0.428439137,-0.237708222
-2.803639982,-0.346542354,-0.302570887
-2.625723215,-0.268019822,-0.443544078
-2.442902742,-0.191937996,-0.486660879
-2.25739048,-0.117097144,-0.478037519
-2.066490891,-0.018182898,-0.522279105
-1.871831045,0.04867223,-0.468664301
-1.674873055,0.150690786,-0.358810192
-1.473258796,0.225917802,-0.31906775
-1.273833958,0.310750181,-0.234708792
-1.066472465,0.415824307,-0.149599977
-0.864408325,0.47690572,-0.12860397
-0.654426274,0.651294427,-0.137602259
-0.449074252,0.700869649,-0.13722733
-0.245469268,0.978026746,-0.152974336
-0.037774114,0.939867734,-0.238833008
0.023683407,0.215783806,-0.18634299
-0.001914833,0.091930108,-0.145850691
0.007435198,0.129283048,-0.143601118
0.003397514,0.029618969,-0.018000004
0.004424743,0.072052029,-0.019874647
0.00523078,0.023687788,0.030365798
0.003764917,0.036592417,0.145843838
0.005958088,0.017254219,0.126722474
0.003862391,0.012279076,0.167964631
0.005770638,0.016283185,0.218580006
0.004848381,0.002107589,0.17996235
0.005586936,0.011757942,0.154467198
0.005808128,0.001852645,0.108725897
0.005714402,0.006929016,0.059610237
0.006407969,0.002261304,0.057360665
0.006014323,0.004717008,0.023617082
0.006816611,0.00398967,-0.021749291
0.007022807,-0.003227475,-0.116981181
0.007300234,0.003453539,-0.24970594
0.00814751,0.004806988,-0.313443819
0.009069766,0.003967175,-0.317942964
0.009924541,0.002902412,-0.314193677
0.010591864,0.002332539,-0.277825593
0.010850546,-0.001060457,-0.196091136
0.011390404,0.00178516,-0.154099122
0.011997743,-0.00307001,-0.101984033
0.011757807,-0.001671571,-0.024373792
0.012837521,0.002160077,0.025866654
0.012170198,-0.005390743,0.040863802
0.013546084,0.008983559,-0.000753284
0.013347387,-0.010245913,-0.073114523
0.01326116,0.008451177,-0.155223908
0.014730771,-0.007752718,-0.20658914
0.012402636,0.004102145,-0.224210789
0.016717747,0.006291658,-0.274451235
0.012027735,-0.023382991,-0.298446671
0.017377573,0.036127521,-0.30182103
0.013111199,-0.058343964,-0.29019824
0.015544307,0.077780755,-0.23245922
0.01818361,-0.110341147,-0.213337856
0.007150273,0.233989756,-0.158223338
0.230699991,1.710531301,-0.075739024
0.605994637,1.916105571,0.033365228
0.913863338,1.656269621,0.085855246
1.227985388,1.790298556,0.131971476
1.523193682,1.727361307,0.326184543
1.79960444,1.770424227,0.325434685
2.070121755,1.660468687,0.31268711
2.329976885,1.634779402,0.338182261
2.58992574,1.648126433,0.259822163
2.829232547,1.624817868,0.320560612
3.058308305,1.68248379,0.280443241
3.276339479,1.701345844,0.224953794
3.4847282,1.734503468,0.235451797
3.680362789,1.752015822,0.133471191
3.858883147,1.760871352,0.118099114
4.024079524,1.773059891,0.145468909
4.174980925,1.783013927,0.173963491
4.314196663,1.792919223,0.259072306
4.441595521,1.796473433,0.299189676
4.556015306,1.793357876,0.355054053
4.655937669,1.781450525,0.362552627
4.741793747,1.768204721,0.343431263
4.81532308,1.760046536,0.350929837
4.876994295,1.7491927,0.281568028
4.926466231,1.725306764,0.193459783
4.962831628,1.701188379,0.109850683
4.986922766,1.67910954,0.028116226
4.999466954,1.649266179,-0.096360102
5.000445445,1.61527624,-0.159348124
4.990604294,1.584353119,-0.174345272
4.970104707,1.551596656,-0.241832438
4.9394603,1.50976721,-0.237333293
4.899514598,1.469197485,-0.280450094
4.850874942,1.431398394,-0.345687688
4.794264891,1.39041626,-0.329565754
4.729523238,1.34460895,-0.364059194
4.656278829,1.294553835,-0.337439256
4.574392953,1.243535184,-0.280825023
4.484225513,1.184748261,-0.325066609
4.386342611,1.127944647,-0.361434693
4.280406836,1.070848598,-0.410175424
4.166886813,1.006332949,-0.463040371
4.046633568,0.946481263,-0.496034096
3.920018253,0.884878717,-0.512905888
3.787498248,0.820576771,-0.508781672
3.647607689,0.751959534,-0.510281387
3.502341049,0.686889009,-0.497533811
3.354525083,0.623854281,-0.467914444
3.201126841,0.552095244,-0.431921289
3.041205321,0.472826627,-0.40267685
2.872893517,0.380799599,-0.299946386
2.698182153,0.305220161,-0.196840994
2.519654297,0.222187382,-0.161222767
2.336237732,0.144947064,-0.093360672
2.150324326,0.06804792,-0.040120797
1.957925133,-0.020844806,-0.037496296
1.764022586,-0.095085791,-0.075739024
1.564935159,-0.199829991,-0.157848409
1.364876739,-0.263434592,-0.27295152
1.163494918,-0.369243555,-0.393303633
0.956973204,-0.438381925,-0.452917296
0.756453655,-0.551752955,-0.469789087
0.545106965,-0.686599209,-0.442794221
0.348467642,-0.779750987,-0.322817037
0.135223953,-1.088719757,-0.274451235
-0.031996889,-0.700478622,-0.225710504
-0.037860341,-0.103412689,-0.100859247
-0.024281427,-0.164224161,-0.102358961
-0.032971632,-0.101451875,-0.042745298
-0.026437107,-0.071012396,0.014618793
-0.030680987,-0.081101402,-0.044619942
-0.027891723,-0.0442471,0.033740157
-0.029425068,-0.065748567,0.085855246
-0.029271359,-0.030693865,0.068233597
-0.028446577,-0.043909675,0.107226182
-0.029754981,-0.033606967,0.037489444
-0.028589039,-0.029614105,-0.067490592
-0.029500049,-0.035732744,-0.148475191
-0.02900143,-0.027510823,-0.24108258
-0.029515045,-0.028669315,-0.243332153
-0.029357586,-0.020439896,-0.205464354
-0.029650009,-0.022633158,-0.120355539
-0.03009989,-0.025448782,-0.028498007
-0.029859953,-0.023480469,0.02999087
-0.030576014,-0.022494439,0.089604533
-0.031280828,-0.023892878,0.134221048
-0.032071869,-0.025362551,0.161215915
-0.032727946,-0.02433153,0.138720193
-0.033657701,-0.020409902,0.107601111
-0.033845151,-0.020372411,0.037864373
-0.034336271,-0.023323004,-0.056992589
-0.034501228,-0.017384325,-0.132353257
-0.034722419,-0.025201337,-0.205089425
-0.035490966,-0.017845473,-0.2557048
-0.034793651,-0.020608608,-0.280075165
-0.036608171,-0.020668595,-0.307819889
-0.035149807,-0.008078895,-0.323566894
-0.037084296,-0.033145819,-0.279325308
-0.036326996,-0.003913572,-0.198715637
-0.036267012,-0.038398401,-0.137977188
-0.038688872,-0.002507635,-0.107233034
-0.034385009,-0.02550127,-0.091486029
-0.041455641,-0.029265433,-0.100109389
-0.032251822,0.021172098,-0.104233605
-0.044158678,-0.096229286,-0.129353828
-0.0291139,0.143511133,-0.085862099
-0.066457789,-0.67409949,-0.09973446
-0.375357468,-1.882519427,-0.118105967
-0.73775552,-1.718894575,-0.045744728
-1.039295892,-1.701011054,-0.164972054
-1.354591382,-1.782131758,-0.023249006
-1.638743846,-1.743451613,0.152592555
-1.915788187,-1.761860018,0.112850112
-2.180704481,-1.63660788,0.279693384
-2.441163201,-1.669184383,0.302189106
-2.694176388,-1.656283503,0.362177698
-2.927526018,-1.673548413,0.507650034
-3.152774036,-1.71505168,0.491903028
-3.365852769,-1.740152347,0.571387913
-3.570068842,-1.780077215,0.552266549
-3.758782758,-1.783237762,0.407918999
-3.932534375,-1.806216401,0.333308188
-4.091949779,-1.813943432,0.202833001
-4.2380412,-1.82163672,0.14809341
-4.372611914,-1.829689929,0.155217056
-4.493854898,-1.827522911,0.143969195
-4.60264367,-1.823638775,0.186711066
-4.696657594,-1.812211317,0.194959498
-4.777396273,-1.803966901,0.238826156
-4.847592736,-1.796044913,0.257572591
-4.905136291,-1.777816468,0.228328152
-4.949303377,-1.755910091,0.221204507
-4.981496126,-1.729883381,0.210706503
-5.000571089,-1.697423102,0.162340701
-5.007960388,-1.670875257,0.058485451
-5.004987423,-1.63953223,0.020992581
-4.990613719,-1.602201784,-0.061116804
-4.966620055,-1.568717982,-0.153724193
-4.933385081,-1.529632927,-0.198715637
-4.890713849,-1.488654542,-0.364059194
-4.839678576,-1.451241615,-0.44316915
-4.780447967,-1.408624845,-0.496034096
-4.712755842,-1.35757995,-0.606263134
-4.636635943,-1.306358844,-0.591640915
-4.552189493,-1.253345637,-0.585267127
-4.459034093,-1.19470868,-0.563896191
-4.358106995,-1.13631542,-0.555272831
-4.249914315,-1.077742199,-0.578143482
-4.13401742,-1.015457305,-0.537651182
-4.011428542,-0.951995172,-0.48066202
-3.882698785,-0.887378296,-0.409050638
-3.746793424,-0.814910666,-0.358435263
-3.604181084,-0.749090308,-0.326191395
-3.457909709,-0.689748508,-0.335564613
-3.307548165,-0.617333367,-0.345312759
-3.151506871,-0.543666004,-0.386179987
-2.988293721,-0.456460403,-0.40567628
-2.817005203,-0.374724835,-0.323191966
-2.641405323,-0.300570081,-0.311944105
-2.460268156,-0.212022278,-0.268452375
-2.276469192,-0.140420706,-0.182218774
-2.087830256,-0.044224605,-0.184843275
-1.894160148,0.029840169,-0.161597696
-1.699099158,0.122343342,-0.157098552
-1.497796066,0.206703326,-0.235833578
-1.299420951,0.280408181,-0.29319767
-1.093465337,0.397224695,-0.328440967
-0.890868837,0.450815274,-0.355435834
-0.684455845,0.622740779,-0.3393139
-0.476726949,0.680148009,-0.235833578
-0.278550532,0.910590497,-0.116606252
-0.064039678,1.013595084,-0.069365236
0.025659136,0.314251902,0.027741298
0.000364565,0.065985879,0.091479177
0.006411718,0.142367638,0.055111093
0.005448223,0.03581634,0.056610808
0.003873639,0.072918087,-0.003002856
0.006471702,0.027819369,-0.055117945
0.003866141,0.03285075,0.006370362
0.006505444,0.024583839,0.002996003
0.0043985,0.009947095,0.00674529
0.006074307,0.022851724,0.00674529
0.005594434,0.003479783,-0.082862669
0.005718151,0.011994139,-0.118855824
0.006306746,0.002988643,-0.199840423
0.005748144,0.004042158,-0.239582866
0.006629161,0.001788909,-0.140976617
0.006467953,-0.000134413,-0.069365236
0.007071544,0.005583065,0.005620504
0.007251497,-3.19e-06,0.074607385
0.007480186,0.000600424,0.11060054
0.008574897,0.006044213,0.110225612
0.009455914,0.005005694,0.112100255
0.010067003,0.00484448,0.113225041
0.011135471,0.004533299,0.065984025
0.01144289,-2.57e-05,-0.007502
0.011904018,0.005286881,-0.157848409
0.012166449,-0.002162712,-0.242207366
0.012140206,-0.000917988,-0.274076306
0.013321144,-0.002237695,-0.378306485
0.012500111,-0.00019065,-0.3824307
0.014457094,0.008634887,-0.343438115
0.013418618,-0.011138215,-0.303320745
0.014457094,0.016226948,-0.20958857
0.014899477,-0.014962364,-0.107607963
0.013426116,0.011259303,0.027741298
0.017096397,-0.004652158,0.14246948
0.011975249,-0.008937454,0.255697947
0.018925914,0.028824145,0.238826156
0.011292929,-0.052678974,0.109850683
0.019225834,0.088529614,0.047612519
0.012488863,-0.150734662,-0.042370369
0.02431699,0.478364146,-0.202464924
0.297942234,1.889149067,-0.302945816
0.668404406,1.8462961,-0.181093988
0.971725558,1.696336958,-0.1747202
1.288366943,1.811451351,-0.181468917
1.577854248,1.749233941,0.010119649
1.855745865,1.790114847,0.001496289
2.123916299,1.667277172,0.069733312
2.384303789,1.666268647,0.191960068
2.642228179,1.671682443,0.219704792
2.881298798,1.680785418,0.406044356
3.109883435,1.722442401,0.549267119
3.325260311,1.748004215,0.645623795
3.533521565,1.797002065,0.727733181
3.728455089,1.805055274,0.704487601
3.907451572,1.825225787,0.670369089
4.07256547,1.832705373,0.52902097
4.222777054,1.841834592,0.326184543
4.361231742,1.851256246,0.140594836
4.487577128,1.848189429,-0.087361813
4.601580773,1.850866333,-0.176969773
4.701420659,1.837144386,-0.178094559
4.787310478,1.827066627,-0.10273389
4.861349676,1.820906748,0.103101966
4.923129612,1.802273393,0.249324159
4.972680277,1.78618947,0.306313322
5.010102895,1.759202974,0.362177698
5.034299006,1.729385856,0.392921851
5.046355822,1.70064475,0.286817029
5.047690469,1.664345325,0.217080291
5.037946792,1.635544231,0.143594266
5.017375974,1.596297962,-0.037496296
4.986941511,1.556444327,-0.1747202
4.946999559,1.521595829,-0.352811333
4.898607338,1.478720367,-0.485161164
4.842747089,1.437681996,-0.583767412
4.77878148,1.391615993,-0.70261981
4.706380599,1.342355701,-0.712742885
4.62537574,1.288450192,-0.73448875
4.535841883,1.231271662,-0.758109258
4.43803771,1.172979629,-0.731864249
4.332368114,1.1144439,-0.702244881
4.219290475,1.047716243,-0.621635211
4.0991497,0.97567227,-0.476912733
3.973374164,0.924031257,-0.335939541
3.841727678,0.863834648,-0.275950949
3.702898088,0.78866012,-0.260578873
3.55808133,0.72563664,-0.293947527
3.409852973,0.663614187,-0.333315041
3.257421975,0.592008865,-0.391803918
3.098403967,0.513771269,-0.473163446
2.931501791,0.426067029,-0.467914444
2.757603962,0.34487509,-0.556397617
2.579503493,0.26364566,-0.646005576
2.396641781,0.18528809,-0.600639204
2.21165438,0.110162302,-0.553398187
2.020518604,0.013632525,-0.415799355
1.826391117,-0.057271703,-0.220836431
1.629403135,-0.15865665,-0.064116234
1.427552688,-0.232860143,0.046487733
1.227471773,-0.326555551,0.079856387
1.019746627,-0.423287782,0.042363517
0.818466029,-0.495755412,0.005245576
0.60833027,-0.664936528,-0.004502571
0.405557566,-0.720881583,-0.020999433
0.201761382,-1.018917785,-0.084737312
0.000885678,-0.917247901,-0.201340138
-0.048091389,-0.2085543,-0.238458079
-0.023632848,-0.128329646,-0.260203944
-0.033713936,-0.14656184,-0.256079728
-0.028465322,-0.059626179,-0.14322619
-0.030321082,-0.094148499,-0.104983462
-0.030152376,-0.04303237,-0.03337208
-0.02907641,-0.061905672,0.043863232
-0.030860939,-0.039283204,0.013494007
-0.028967689,-0.041210275,0.095228464
-0.030864688,-0.043542257,0.14246948
-0.029586276,-0.024147821,0.11060054
-0.030381066,-0.04002179,0.116974328
-0.030246101,-0.031484939,0.031490585
-0.030208611,-0.02855684,-0.052493444
-0.030692234,-0.024110329,-0.141351546
-0.03036607,-0.025508768,-0.241832438
-0.031108374,-0.028425619,-0.272201662
-0.030962162,-0.021092251,-0.279700236
-0.031648231,-0.024226553,-0.278200522
-0.032630472,-0.025021377,-0.274826163
-0.033290298,-0.023761657,-0.2152125
-0.034178813,-0.026588528,-0.153724193
-0.034669933,-0.019986247,-0.053243302
-0.034707423,-0.02284686,0.07910653
-0.035445978,-0.023904125,0.124847831
-0.03532601,-0.014055066,0.152592555
-0.036012079,-0.02383664,0.128222189
-0.036435717,-0.014141297,0.040863802
-0.036049569,-0.024890156,-0.056992589
-0.037586663,-0.020222444,-0.133852972
-0.03600833,-0.014947368,-0.175095129
-0.038711366,-0.031908595,-0.216712215
-0.036585677,-0.001454119,-0.230209648
-0.038059038,-0.042252544,-0.245956653
-0.038587649,0.002205067,-0.254205085
-0.036356988,-0.043733464,-0.211838142
-0.041890527,-0.009619803,-0.144725904
-0.032761687,-0.00877999,-0.061866662
-0.047412818,-0.067236986,-0.004502571
-0.024315168,0.119130307,0.066358954
-0.104139089,-0.952478814,0.024741868
-0.449505388,-1.937380973,0.044988018
-0.798590705,-1.675756671,0.163840416
-1.102597926,-1.754020512,0.136470621
-1.416176369,-1.784647449,0.277068883
-1.696801015,-1.774517202,0.261321878
-1.974051551,-1.758980658,0.100102537
-2.236815913,-1.649786199,0.124097974
-2.498305612,-1.702289519,-0.03074758
-2.749388058,-1.684510974,0.002621075
-2.982748935,-1.714283101,0.208082002
-3.205830026,-1.744640098,0.247449516
-3.417038002,-1.781783086,0.40491957
-3.620957903,-1.820980616,0.447661442
-3.808734567,-1.828167768,0.408293928
-3.982441196,-1.851663791,0.502026103
-4.14219776,-1.855682897,0.542518403
-4.288281683,-1.86946858,0.597632922
-4.422773668,-1.875054838,0.541393617
-4.543435555,-1.872445418,0.472406736
-4.651714462,-1.869955972,0.410918429
-4.745930832,-1.853208447,0.25494809
-4.826024682,-1.847157293,0.223829008
-4.895778762,-1.839820176,0.182961779
-4.953288575,-1.819420963,0.088854676
-4.99810799,-1.801211264,-0.002252998
-5.031294226,-1.774554694,-0.058117375
-5.05116023,-1.743016709,-0.167971484
-5.059126876,-1.714091894,-0.2557048
-5.056341362,-1.682265224,-0.13722733
-5.042402543,-1.643202663,-0.112856965
-5.018153946,-1.607851777,-0.10573332
-4.984731522,-1.57443546,-0.061491733
-4.942611395,-1.530007843,-0.186717919
-4.892190959,-1.491650126,-0.266577732
-4.834148786,-1.449003363,-0.337439256
-4.767911278,-1.397486073,-0.429671716
-4.692946074,-1.348420737,-0.453292225
-4.609403135,-1.29257316,-0.523403891
-4.517233724,-1.233606278,-0.594265416
-4.416951455,-1.176364011,-0.700745167
-4.309043701,-1.115331338,-0.781729766
-4.193716655,-1.050185829,-0.776480764
-4.071525172,-0.991136465,-0.754734899
-3.943357767,-0.926770783,-0.709743455
-3.808802049,-0.858191038,-0.62763407
-3.666962005,-0.791182195,-0.570644908
-3.520409455,-0.723697207,-0.545149756
-3.37058027,-0.658090551,-0.432296217
-3.215078834,-0.580891474,-0.367808481
-3.052656724,-0.497851196,-0.28719881
-2.88207302,-0.41480342,-0.15747348
-2.706341926,-0.337349399,-0.204339568
-2.52610827,-0.248989055,-0.275576021
-2.342084365,-0.177020065,-0.311944105
-2.155008766,-0.09373984,-0.358810192
-1.961297419,-7.82e-05,-0.333689969
-1.766817526,0.077477073,-0.26432816
-1.566181757,0.176451306,-0.19796578
-1.366359524,0.24355013,-0.197215922
-1.16294574,0.354300493,-0.211463213
-0.956791429,0.420199584,-0.1747202
-0.75399998,0.561310694,-0.125604541
-0.541438611,0.669654093,-0.047619371
-0.345072965,0.797755597,0.075732171
-0.127776597,1.072700686,0.165715059
0.017681242,0.558348853,0.161965772
0.008608638,0.058435059,0.145468909
0.00227656,0.15197675,0.068983455
0.008679869,0.059331109,0.016118508
0.003052605,0.056759181,-0.015750432
0.007573911,0.049793231,-0.109107678
0.00428603,0.020002358,-0.07686381
0.006629161,0.03087119,-0.123729897
0.005575689,0.001878889,-0.193466635
0.005635673,0.01940999,-0.100109389
0.006681647,0.006816541,-0.11998061
0.005856865,0.009054793,-0.112482036
0.006872847,0.003648496,-0.022499148
0.00629175,0.000225507,-0.041995441
0.006865349,0.003952178,-0.067490592
0.00682036,-0.000962978,-0.07686381
0.007217755,0.001631444,-0.103858676
0.007645143,-0.002766327,-0.12860397
0.007783856,-0.001562845,-0.113231894
0.008897312,0.003794713,-0.107982892
0.009733341,0.002073846,-0.126354398
0.010280697,-0.001244166,-0.139101974
0.011427894,0.002681211,-0.184843275
0.011802795,-0.000303125,-0.184468347
0.012170198,0.003997168,-0.20958857
0.012687561,-0.001195427,-0.205839283
0.012646322,0.000364226,-0.162722482
0.013917236,-0.001506607,-0.18634299
0.013122446,-0.01008095,-0.142851261
0.01462205,0.006509109,-0.08248774
0.01390224,-0.014208782,-0.026623364
0.01439711,0.009894606,0.04423816
0.015668024,-0.009278629,0.105351539
0.013647308,0.004821985,0.181836993
0.017647501,-0.000524326,0.2002085
0.012563844,-0.017879215,0.205082573
0.018982149,0.034519129,0.165340131
0.013047466,-0.056731823,0.049862091
0.017711234,0.085897699,-0.055117945
0.016680257,-0.129278185,-0.203214782
0.01344861,0.329477265,-0.321692251
0.258806319,1.78956372,-0.355810763
0.634730798,1.891964691,-0.260953801
0.941624757,1.688681161,-0.204339568
1.258052448,1.814979316,-0.187842705
1.552151035,1.759506656,0.071982884
1.83024135,1.814251978,0.166089988
2.100395011,1.691418052,0.169089418
2.360302627,1.685081962,0.295065461
2.620243984,1.70433018,0.359178268
2.861773954,1.704360173,0.524146896
3.091584518,1.735197064,0.581885916
3.307624968,1.749593861,0.541393617
3.516024936,1.816452738,0.544767975
3.713350328,1.822443906,0.46828252
3.894502491,1.8397763,0.429664864
4.061464652,1.861960115,0.349805051
4.213880653,1.86589674,0.290941245
4.354258584,1.866597834,0.281568028
4.482054836,1.875097193,0.172088847
4.597700548,1.876829308,0.111725326
4.699846074,1.861124051,0.071607955
4.787760359,1.857813538,0.138720193
4.863329153,1.838872751,0.294315603
4.92692361,1.829826014,0.357303625
4.978569972,1.809906695,0.40192014
5.018133274,1.779287256,0.417667146
5.045047417,1.762779678,0.42216629
5.060088445,1.73018068,0.349055194
5.063395072,1.699786191,0.25494809
5.055593382,1.661432223,0.184461494
5.037253225,1.614567648,0.023992011
5.008288374,1.579970344,-0.184843275
4.970127201,1.545586742,-0.466789658
4.923275823,1.505129492,-0.68537309
4.868217863,1.463157579,-0.786603839
4.805796846,1.418624985,-0.861964508
4.735562893,1.370999329,-0.762233473
4.656863675,1.315417943,-0.642256289
4.569440511,1.255000133,-0.616761138
4.47336838,1.201225845,-0.547399328
4.369284616,1.137677482,-0.509906458
4.25755662,1.073690466,-0.514405603
4.138671764,1.015739607,-0.506157171
4.013702264,0.951775086,-0.435670576
3.88288056,0.891540985,-0.425172572
3.745786763,0.819485763,-0.497158882
3.602259664,0.742519134,-0.548524114
3.454994802,0.684643259,-0.614136637
3.303984679,0.618001833,-0.663627225
3.146425036,0.541170174,-0.70261981
2.981689787,0.455891645,-0.675999872
2.808890419,0.368172408,-0.701869953
2.631502261,0.294261349,-0.780230051
2.449431591,0.211329797,-0.713492742
2.264736613,0.138922154,-0.5901412
2.075962713,0.047442504,-0.422548071
1.881936449,-0.031698641,-0.207338997
1.686736745,-0.123845643,-0.028872936
1.485025011,-0.215763946,0.071982884
1.285154041,-0.289236352,0.121848401
1.078688562,-0.400545342,0.166464917
0.874907375,-0.459680937,0.152592555
0.668108234,-0.627264908,0.116224471
0.459397099,-0.698000423,0.100102537
0.261861762,-0.917326634,0.040863802
0.046443647,-1.046796583,-0.091860958
-0.050621971,-0.376217003,-0.164972054
-0.026632056,-0.089042135,-0.200590281
-0.031059637,-0.172123654,-0.277825593
-0.030722226,-0.065403644,-0.201340138
-0.028630278,-0.095217012,-0.131978329
-0.031134617,-0.054418587,-0.066740735
-0.028116664,-0.052364044,0.113225041
-0.031003402,-0.054006179,0.115849542
-0.028825227,-0.038207193,0.109475754
-0.030234854,-0.045788007,0.167964631
-0.029807467,-0.027360856,0.108725897
-0.029552535,-0.037768541,0.056610808
-0.030336078,-0.026378575,-0.023249006
-0.029942432,-0.029239188,-0.157098552
-0.030519779,-0.029059228,-0.222336145
-0.030152376,-0.0215459,-0.275576021
-0.030568516,-0.024155319,-0.331815326
-0.030864688,-0.020113718,-0.309694532
-0.031408295,-0.024773932,-0.2988216
-0.032326802,-0.024147821,-0.323941823
-0.032986628,-0.022243245,-0.304820459
-0.033755175,-0.025561257,-0.295447242
-0.034553714,-0.020439896,-0.238833008
-0.034546216,-0.021767101,-0.066365806
-0.03525103,-0.027135906,0.068233597
-0.035307265,-0.020563618,0.128597118
-0.035577194,-0.026517294,0.165715059
-0.036289506,-0.017740496,0.157466628
-0.035832126,-0.027668288,0.075732171
-0.037492938,-0.023266767,-0.040870654
-0.036015828,-0.009751024,-0.118105967
-0.03843019,-0.033974385,-0.172095699
-0.036833112,-0.002972531,-0.156348694
-0.037414209,-0.040460442,-0.129353828
-0.039194988,0.000656661,-0.089236457
-0.035344755,-0.030588888,-0.035621653
-0.042194196,-0.021890823,-0.076113952
-0.032780432,0.006242919,-0.071614808
-0.045808242,-0.089634503,-0.070490022
-0.027501826,0.136518939,-0.045744728
-0.081303869,-0.787601741,-0.077238738
-0.407017857,-1.910375731,-0.116606252
-0.765978067,-1.706094923,-0.082112811
-1.069591642,-1.739267543,-0.167971484
-1.385895616,-1.804476788,0.064859239
-1.669425744,-1.779758536,0.238826156
-1.947576043,-1.785862179,0.202833001
-2.212192416,-1.666803663,0.383173705
-2.473007292,-1.711534963,0.326184543
-2.726890249,-1.704655243,0.300314463
-2.962729222,-1.72939224,0.389922422
-3.187613586,-1.760825248,0.351304766
-3.399537624,-1.796074907,0.490028385
-3.604747184,-1.840041376,0.566888768
-3.795215637,-1.848844418,0.522272253
-3.971092943,-1.873536425,0.535019829
-4.132536561,-1.876936919,0.472781665
-4.280734926,-1.891787366,0.443537226
-4.417521305,-1.897358626,0.356928696
-4.540859985,-1.898175944,0.290941245
-4.652160594,-1.897426111,0.249324159
-4.748090262,-1.877814224,0.103476895
-4.8303098,-1.872317946,0.102727038
-4.901705946,-1.862438894,0.127472332
-4.960711615,-1.845436426,0.137220478
-5.008275305,-1.829839896,0.214080862
-5.043197333,-1.799831571,0.343431263
-5.065642656,-1.77196402,0.328809044
-5.076762219,-1.743665315,0.236951512
-5.076027413,-1.707534602,0.251573732
-5.064694156,-1.672427412,0.080981173
-5.042796189,-1.632423811,-0.077613667
-5.01083213,-1.593432484,-0.146600548
-4.969724235,-1.554572379,-0.336689399
-4.920169821,-1.512465495,-0.479537234
-4.863297339,-1.473320453,-0.602888776
-4.798581928,-1.424735011,-0.698495594
-4.725554963,-1.37156059,-0.684248304
-4.644287673,-1.318247449,-0.708618669
-4.554225206,-1.256896097,-0.698870523
-4.455551262,-1.197970455,-0.62763407
-4.349086876,-1.135250657,-0.642256289
-4.23493702,-1.072159691,-0.677874516
-4.113866491,-1.0116594,-0.646380505
-3.98670757,-0.945145446,-0.640756575
-3.853434013,-0.880142405,-0.621260282
-3.713236035,-0.807929719,-0.5496489
-3.567695718,-0.746237193,-0.558647189
-3.419077464,-0.686261784,-0.561646619
-3.264940667,-0.602977811,-0.599889346
-3.104513031,-0.527012209,-0.628383927
-2.935946294,-0.440511451,-0.565395906
-2.760796296,-0.358251,-0.577018696
-2.582245946,-0.280054645,-0.540650612
-2.398491969,-0.199380091,-0.470913873
-2.212458595,-0.117543295,-0.445793651
-2.020003167,-0.024091583,-0.382055772
-1.825560763,0.045950336,-0.292072884
-1.626784504,0.150859499,-0.153349264
-1.425380189,0.218858123,-0.019874647
-1.224515731,0.325675611,0.088104818
-1.016325708,0.41037302,0.159341271
-0.814786428,0.505178181,0.1597162
-0.60233378,0.660329917,0.137220478
-0.402091658,0.718190796,0.147343553
-0.191655978,1.043925837,0.109475754
-0.005153978,0.788862575,-0.052493444
0.019124611,0.112141861,-0.0911111
-0.000385237,0.126242475,-0.104608533
0.010048258,0.095698019,-0.148475191
0.00367869,0.036776127,-0.086237027
0.007341473,0.063698888,-0.052118516
0.005631924,0.018333979,0.069358383
0.006036817,0.041072671,0.144719052
0.007007811,0.009785881,0.107226182
0.0057219,0.01428488,0.137220478
0.00739021,0.005894246,0.103476895
0.00610055,0.00664033,0.013494007
0.007191512,0.00749514,-0.055117945
0.006914086,-0.007632745,-0.110607393
0.007232751,0.002748696,-0.145850691
0.007547668,-0.003722365,-0.170970913
0.007405206,0.000270497,-0.175844986
0.007948812,-0.00037061,-0.223460931
0.00811002,0.001781411,-0.283449523
0.008743603,0.003419797,-0.314193677
0.009598377,-5.19e-05,-0.338938971
0.010554374,0.004675767,-0.336689399
0.011529117,0.00326983,-0.305195388
0.012136457,-0.001652825,-0.185968061
0.012173947,0.000233006,-0.079113382
0.013212422,0.002085094,-0.007127072
0.013036219,-0.007467781,0.088854676
0.013564829,-0.000393105,0.093728749
0.013846005,-0.005709423,0.026616511
0.013872248,0.006317902,-0.032247294
0.015353107,-0.007047875,-0.078363524
0.01375228,-0.007021631,-0.141351546
0.016234124,0.007742585,-0.184843275
0.013958475,-0.024204058,-0.164972054
0.016594029,0.023751524,-0.110982321
0.015641781,-0.02694095,-0.048369229
0.014738269,0.026822091,0.007120219
0.019087121,-0.020796067,0.036739586
0.010726829,0.000431711,0.081356102
0.025411701,0.02934153,0.098977751
-0.000175292,-0.120373916,0.057360665
0.101865262,1.107729144,-0.037871225
0.455992997,2.02098849,-0.040495726
0.793981245,1.695673356,0.08473046
1.09910942,1.781278063,0.032615371
1.410251007,1.783834994,0.097103107
1.689664722,1.795802332,0.173213633
1.966199198,1.760042787,0.08173103
2.22718278,1.653746432,0.158966343
2.488447538,1.709485283,0.11359997
2.737404296,1.684478346,0.170214204
2.970109096,1.720121667,0.356178839
3.192361655,1.744783681,0.376799917
3.403258464,1.781169337,0.473156593
3.606218618,1.821154193,0.493402743
3.792671882,1.835386027,0.481779953
3.964968883,1.846659769,0.509524677
4.122798455,1.853929402,0.428915007
4.26713534,1.870725665,0.422541219
4.400146466,1.872517767,0.418417003
4.520988305,1.877579141,0.359178268
4.628866068,1.861566453,0.305188536
4.722107696,1.84476644,0.170214204
4.801552967,1.837189376,0.110975469
4.86944004,1.824685907,0.10497661
4.925326532,1.809618009,0.046862661
4.968972506,1.788172779,0.022867225
5.000606653,1.754287817,0.055486021
5.01977909,1.716050073,0.062234738
5.027711995,1.696333209,0.046487733
5.024431611,1.666373623,0.083230745
5.010012919,1.616318508,0.046862661
4.985400668,1.574766501,0.010119649
4.950576114,1.544184554,-0.041620512
4.906652713,1.505976804,-0.244456939
4.854758917,1.458688573,-0.426672287
4.79510467,1.415963077,-0.592015844
4.727806191,1.371981611,-0.684248304
4.652492329,1.310791473,-0.662502439
4.568765689,1.249770047,-0.687622662
4.476536294,1.205353677,-0.682748589
4.376482715,1.142941311,-0.63625743
4.268406255,1.073787944,-0.635507573
4.152276921,1.02066976,-0.679749159
4.029474349,0.954508228,-0.687247733
3.900673362,0.890225027,-0.652004436
3.765780233,0.821907724,-0.651629507
3.623977679,0.746122083,-0.631383357
3.477803779,0.692715213,-0.601389061
3.32897558,0.623471866,-0.5901412
3.174220196,0.546220301,-0.594640344
3.012555387,0.466314326,-0.537276253
2.842537783,0.375205843,-0.44316915
2.666870422,0.304316612,-0.490785095
2.486438068,0.22376953,-0.559771975
2.302106745,0.148774962,-0.550773687
2.115184855,0.05744153,-0.564646048
1.922103342,-0.021212224,-0.530527537
1.728339509,-0.103723869,-0.425547501
1.528416053,-0.203020531,-0.33069054
1.329096187,-0.262654765,-0.19796578
1.125521195,-0.386992106,-0.089611386
0.920319133,-0.441576214,-0.037121367
0.717640154,-0.585079292,0.040863802
0.505978548,-0.693040276,0.152967483
0.310403943,-0.835234895,0.262071735
0.093786145,-1.091749084,0.230202796
-0.043401378,-0.545330634,0.179587421
-0.030527277,-0.084321935,0.164590273
-0.025796027,-0.177140038,0.045362947
-0.030917174,-0.083167192,0.001496289
-0.02559358,-0.084730594,0.007120219
-0.029784973,-0.065486125,-0.021374362
-0.026482095,-0.045709275,0.066358954
-0.028952693,-0.056116959,0.095978321
-0.027625544,-0.033025846,0.027741298
-0.027989197,-0.049181002,0.041988588
-0.028626529,-0.027529569,0.005995433
-0.027674281,-0.034525512,-0.041245583
-0.028806482,-0.032534705,-0.042745298
-0.028277871,-0.026029902,-0.088111671
-0.02877649,-0.026112384,-0.136852402
-0.028705258,-0.023439229,-0.170595985
-0.028881462,-0.027998214,-0.185968061
-0.029170136,-0.023352998,-0.199090566
-0.029425068,-0.024185313,-0.203964639
-0.030283592,-0.027132157,-0.258704229
-0.031115872,-0.032722164,-0.303695673
-0.031854427,-0.027608301,-0.345312759
-0.032840416,-0.021103498,-0.404926422
-0.033046612,-0.020803565,-0.345312759
-0.033219066,-0.027349609,-0.353936119
-0.033995111,-0.022921844,-0.331815326
-0.033511489,-0.016304566,-0.172470628
-0.034752412,-0.020387407,-0.086986885
-0.03434002,-0.011948035,-0.02774815
-0.035131062,-0.025827447,0.022867225
-0.035277273,-0.009289876,0.086230175
-0.034906121,-0.028144432,0.117349257
-0.036934335,-0.016327061,0.137595407
-0.034043849,-0.015134826,0.19158514
-0.038298975,-0.030198975,0.15409227
-0.034100084,0.007528883,0.141344694
-0.038403947,-0.060346019,0.094478606
-0.036090808,0.035936313,-0.03074758
-0.035071077,-0.080179107,-0.09710996
-0.042584093,0.048825946,-0.142101404
-0.023419154,-0.145530819,-0.191217063
-0.220204689,-1.537581158,-0.295822171
-0.600612985,-1.883160535,-0.264703088
-0.916613289,-1.65072349,-0.242957224
-1.229666871,-1.814599536,-0.154099122
-1.529332738,-1.763689611,0.159341271
-1.806242115,-1.807071211,0.232077439
-2.078918859,-1.707343395,0.400795354
-2.337840486,-1.675985371,0.52902097
-2.598123003,-1.711838645,0.435663723
-2.839952893,-1.697516831,0.586385061
-3.069054894,-1.745303701,0.600257423
-3.286036346,-1.762913533,0.546642618
-3.493978935,-1.814097148,0.58076113
-3.691619244,-1.832231864,0.455534944
-3.872351518,-1.84816207,0.392171994
-4.039437395,-1.862930035,0.329558901
-4.191849648,-1.867886432,0.235451797
-4.333498493,-1.883872876,0.140219908
-4.46260315,-1.885844937,0.019117938
-4.578665002,-1.885432529,0.046862661
-4.681451609,-1.869716025,0.034115085
-4.768597346,-1.857759935,0.077606815
-4.844447317,-1.850134131,0.229452938
-4.908480408,-1.830214812,0.301814177
-4.959335728,-1.812912411,0.37605006
-4.999041493,-1.788584073,0.433039222
-5.025959385,-1.758898177,0.433414151
-5.041030405,-1.730918151,0.313062038
-5.045420496,-1.695694736,0.163465487
-5.038342365,-1.662383396,-0.003752713
-5.021014441,-1.626342664,-0.209213641
-4.993646668,-1.584914379,-0.352061476
-4.956392755,-1.548596208,-0.54102554
-4.91070357,-1.507966496,-0.667376512
-4.856942767,-1.45948978,-0.662877368
-4.795237811,-1.41412862,-0.699245452
-4.725888625,-1.370499576,-0.640006717
-4.648051679,-1.315146889,-0.565395906
-4.56174572,-1.256659899,-0.541775398
-4.467420628,-1.202885611,-0.442044364
-4.364727746,-1.14135055,-0.425922429
-4.254079465,-1.074083013,-0.412424996
-4.135824443,-1.007640294,-0.362559479
-4.01094117,-0.946333931,-0.381680843
-3.880119467,-0.884184006,-0.428921859
-3.742305859,-0.810805329,-0.497533811
-3.598148926,-0.74314788,-0.617136066
-3.450741602,-0.682407641,-0.671500728
-3.299574021,-0.610896049,-0.643756004
-3.141830676,-0.533715718,-0.708618669
-2.976248152,-0.445958989,-0.694746307
-2.803531261,-0.367841366,-0.641131503
-2.626547997,-0.289836219,-0.660627796
-2.444376103,-0.206679717,-0.553773116
-2.259771101,-0.132584949,-0.427797073
-2.069497597,-0.03341201,-0.328440967
-1.875340118,0.032378355,-0.198715637
-1.679079445,0.122879473,-0.094485459
-1.477311475,0.200550945,-0.019499719
-1.278209052,0.291284511,0.046487733
-1.07130119,0.392493247,0.120348687
-0.869431998,0.452671111,0.09635325
-0.66054091,0.640661793,0.032990299
-0.454768998,0.688493652,-0.026998293
-0.252869813,0.954189548,-0.158598266
-0.042460376,0.95746257,-0.271076876
0.026262726,0.238170077,-0.277450664
8.41e-06,0.081537419,-0.220836431
0.008852324,0.131914963,-0.119605682
0.005654418,0.032299622,0.097103107
0.005931845,0.069292643,0.194959498
0.007052799,0.022772992,0.232452368
0.005253274,0.030406294,0.389172564
0.007877581,0.017786601,0.387297921
0.005826873,0.01626069,0.359178268
0.007491433,0.016624359,0.370426129
0.006636659,0.002508749,0.242575443
0.007202759,0.008931071,0.074232456
0.007468939,-0.004558429,-0.072739594
0.007303983,0.002452512,-0.16609684
0.007967557,0.000405467,-0.228335005
0.007517676,0.002047602,-0.273701377
0.008057534,0.003689737,-0.324316752
0.008331211,-0.000179403,-0.401177135
0.008796089,0.005635554,-0.487785665
0.009778329,0.006831538,-0.516655175
0.010764319,-0.001555347,-0.464915014
0.011611595,0.003438542,-0.430046645
0.012466369,0.00493446,-0.279325308
0.012567593,-0.001375387,-0.051368658
0.013126195,0.007555127,0.059235308
0.013201175,-0.008476307,0.090729319
0.013621065,0.000784133,0.118474043
0.01450958,-0.001349143,0.141719622
0.013703543,-0.009196147,0.134595977
0.01564553,0.002197569,0.150342983
0.014262145,-0.015086087,0.140219908
0.016204132,0.00547434,0.05023702
0.015518064,-0.01907145,-0.032997152
0.01507568,0.01958995,-0.10835782
0.017625007,-0.011321924,-0.17771963
0.013231167,0.004049657,-0.146225619
0.020373032,0.012612752,-0.123354969
0.011322921,-0.040824111,-0.152974336
0.022742406,0.083858153,-0.24970594
0.009099758,-0.168441973,-0.366683695
0.043002056,0.66359919,-0.356935549
0.345682127,1.955066904,-0.271451805
0.707514078,1.783939971,-0.009376644
1.009583061,1.72321098,0.162340701
1.325733325,1.797433219,0.270320167
1.611115465,1.759967803,0.38167399
1.888774643,1.794940024,0.269570309
2.153844646,1.661188527,0.348680265
2.414453327,1.695395917,0.375675131
2.669843387,1.693787525,0.342681406
2.905498657,1.700517278,0.491153171
3.131151569,1.742950339,0.43941301
3.344432748,1.770664174,0.427040363
3.550722023,1.805512672,0.45965916
3.742468889,1.817348789,0.381299062
3.918589881,1.846832231,0.387297921
4.080295929,1.850157741,0.328059186
4.228179377,1.854465533,0.221954364
4.365021991,1.862728694,0.103851824
4.489196701,1.864565786,0.003370932
4.60121337,1.861139048,0.042738446
4.698642642,1.844552738,0.131971476
4.782013127,1.836881944,0.330683687
4.854095342,1.823156247,0.449536085
4.913532146,1.794640091,0.443912155
4.960784668,1.77953845,0.413168001
4.996100343,1.755858718,0.288691673
5.018598152,1.726191567,0.122973187
5.029608994,1.690177078,-0.051743587
5.029582751,1.64755281,-0.107233034
5.018890574,1.623528154,-0.232084291
4.99788862,1.581323793,-0.362934408
4.966531901,1.534980352,-0.371557768
4.925997605,1.506246744,-0.493409595
4.876893072,1.459888306,-0.470538945
4.819623195,1.405375432,-0.349436975
4.754671597,1.368157461,-0.358060335
4.681363455,1.318196075,-0.341563472
4.599747507,1.259442895,-0.3824307
4.509992459,1.206902083,-0.455166868
4.412225776,1.145629463,-0.511781102
4.307066046,1.087119978,-0.571769694
4.194014649,1.023946531,-0.578893339
4.073806393,0.962246506,-0.603263705
3.947303548,0.898713139,-0.661752582
3.814513614,0.826680413,-0.729614676
3.67460431,0.754014077,-0.727740033
3.528974016,0.690461964,-0.73711325
3.381199289,0.63455815,-0.69699588
3.228475869,0.565134843,-0.592765701
3.069064215,0.487665826,-0.594640344
2.901603436,0.394390325,-0.55264833
2.727147005,0.315552863,-0.566145763
2.549125265,0.242665327,-0.567270549
2.365847413,0.166590999,-0.440919577
2.180076469,0.081818607,-0.360684836
1.988089667,-0.009548569,-0.203964639
1.793879702,-0.07602878,-0.025498578
1.595260901,-0.183322413,0.034115085
1.394238985,-0.24604596,0.031865513
1.193719436,-0.351438765,-0.022499148
0.986425426,-0.433987902,-0.160847839
0.785617204,-0.5241291,-0.33069054
0.573970593,-0.680330603,-0.400802207
0.375104358,-0.750425011,-0.397802777
0.165309758,-1.069760225,-0.389929274
-0.018387983,-0.798676777,-0.258329301
-0.040342185,-0.13527685,0.011994292
-0.021619629,-0.152481773,0.150717911
-0.031655729,-0.12273589,0.225703651
-0.025083715,-0.067975571,0.386173135
-0.028866466,-0.087954877,0.409418714
-0.026718283,-0.042616213,0.427040363
-0.027134423,-0.064706299,0.424040934
-0.027974201,-0.032560949,0.245574872
-0.026519586,-0.040235492,0.131971476
-0.028199142,-0.034079362,0.014993722
-0.026954471,-0.031252491,-0.086237027
-0.027959205,-0.034420536,-0.095610245
-0.027768006,-0.025932424,-0.164222197
-0.027989197,-0.034199335,-0.222711074
-0.028142907,-0.022768128,-0.326941253
-0.028127911,-0.023709169,-0.494534382
-0.02851031,-0.023619189,-0.560146904
-0.028375346,-0.020597361,-0.49790874
-0.029080159,-0.023465473,-0.383930415
-0.030077396,-0.024852664,-0.244831867
-0.030770963,-0.022456947,-0.13722733
-0.031547008,-0.022149515,-0.092985744
-0.032188089,-0.018505326,0.02999087
-0.032353045,-0.018437841,0.085855246
-0.033376525,-0.021512157,0.07310767
-0.032866659,-0.016454532,0.147718482
-0.033631458,-0.027405846,0.121848401
-0.033972617,-0.014763658,0.048362376
-0.033747677,-0.022044539,-0.037871225
-0.03509732,-0.015048595,-0.129728756
-0.033668948,-0.016319562,-0.156348694
-0.036383231,-0.026487301,-0.163847268
-0.0338489,-0.008176374,-0.089986314
-0.03665316,-0.041915119,-0.061116804
-0.03543848,0.00888983,-0.041620512
-0.03498485,-0.054905979,-0.03337208
-0.038838832,0.010273272,-0.123729897
-0.030733473,-0.032002324,-0.187842705
-0.045369608,-0.042661203,-0.206214211
-0.019149032,0.075891175,-0.095610245
-0.131068227,-1.139513458,-0.083237598
-0.49259276,-1.938696931,-0.012001145
-0.829583771,-1.652129427,0.085480317
-1.135645449,-1.781681858,-0.025123649
-1.446040983,-1.776346795,0.15409227
-1.725008566,-1.790387422,0.242200514
-2.001722994,-1.748453,0.250823874
-2.262684082,-1.658000621,0.41916686
-2.524304996,-1.710987584,0.343056334
-2.77240698,-1.687221621,0.354304195
-3.004320738,-1.728882354,0.389547493
-3.225501081,-1.752865769,0.333308188
-3.435494379,-1.793487982,0.469407306
-3.637689735,-1.824542324,0.550016977
-3.823381949,-1.83265177,0.549642048
-3.994700459,-1.853384658,0.479530381
-4.151090411,-1.856537707,0.265071165
-4.295577257,-1.872591636,0.127472332
-4.428284713,-1.875497239,0.033740157
-4.548271778,-1.875920895,0.060735023
-4.655530954,-1.86461341,0.151842697
-4.747276727,-1.84924183,0.185211352
-4.827145636,-1.842928234,0.210706503
-4.895182669,-1.825172184,0.179212492
-4.950146905,-1.809062018,0.14246948
-4.993519201,-1.784178803,0.118474043
-5.023852441,-1.753720578,0.199083714
-5.042327563,-1.726389158,0.19158514
-5.049844328,-1.693317765,0.084355531
-5.046099067,-1.657888146,-0.012751002
-5.03226522,-1.623125879,-0.188967491
-5.007960388,-1.585368028,-0.240707652
-4.973885636,-1.54323865,-0.27295152
-4.931326874,-1.505439558,-0.302945816
-4.880186629,-1.458391274,-0.221586288
-4.820888538,-1.41440231,-0.265078017
-4.753567565,-1.369764739,-0.371932697
-4.677826316,-1.310550411,-0.485161164
-4.593488587,-1.259179339,-0.597264845
-4.500779319,-1.200602369,-0.578143482
-4.40053829,-1.140619462,-0.558272261
-4.292694268,-1.081168937,-0.584142341
-4.177119788,-1.016004683,-0.645630648
-4.054714611,-0.956231729,-0.725490461
-3.926044839,-0.893313226,-0.769732047
-3.790581861,-0.82154669,-0.71986653
-3.647868297,-0.746090975,-0.589766271
-3.500982085,-0.688248842,-0.464165157
-3.350725513,-0.620550152,-0.390304203
-3.194410541,-0.543905951,-0.48928538
-3.031377344,-0.464434879,-0.556772546
-2.860107571,-0.376756883,-0.573644337
-2.684159033,-0.311030254,-0.625759427
-2.503790413,-0.222538689,-0.519279676
-2.319444094,-0.147919038,-0.379431271
-2.131442489,-0.065219934,-0.262828445
-1.937266265,0.023065426,-0.153724193
-1.741961589,0.10553958,-0.107607963
-1.540167377,0.198803834,-0.086986885
-1.340412626,0.265617721,-0.067490592
-1.135472995,0.382392994,-0.07386438
-0.930184705,0.434802586,-0.164597126
-0.726066106,0.588342181,-0.277825593
-0.514831887,0.682386261,-0.313068891
-0.318421253,0.84656224,-0.254580014
-0.099992684,1.062214268,-0.217462072
0.024459452,0.456603986,-0.093360672
0.005991829,0.055851883,0.135720763
0.0051558,0.154289986,0.212206218
0.008811085,0.045991577,0.293190817
0.004499723,0.061138207,0.316811325
0.008481172,0.040915206,0.222704222
0.005223282,0.022413072,0.235076869
0.007945063,0.022274352,0.169464346
0.006340487,0.004806988,0.11060054
0.007281489,0.024827535,0.145093981
0.00765639,0.005073179,0.09635325
0.007169018,0.010486975,0.088104818
0.008083777,0.008188736,0.038239301
0.007450194,0.000907855,-0.07686381
0.008057534,-0.001244166,-0.14022676
0.007982553,0.002448763,-0.246706511
0.008683618,0.003907188,-0.357310477
0.008796089,-0.000430597,-0.403801636
0.008927304,0.002771191,-0.355810763
0.010085748,0.003670991,-0.29019824
0.010764319,0.002879917,-0.214462643
0.011461635,0.0011553,-0.094860387
0.012530103,0.002868669,-0.008251858
0.012811278,-0.000966728,0.024741868
0.01318243,0.004075901,-0.005252428
0.01359857,0.000506695,-0.01912479
0.013819762,-0.002031491,-0.046494585
0.014918222,-0.002481391,-0.133852972
0.014100938,-0.001739056,-0.191591992
0.015698016,0.004045907,-0.212587999
0.014787007,-0.017556787,-0.234708792
0.015424338,0.015109696,-0.215962357
0.016575284,-0.013125273,-0.127854113
0.014745768,0.004911965,-0.012376073
0.018539766,0.000225507,0.077981743
0.013283654,-0.018284125,0.085855246
0.019896907,0.035133992,0.038239301
0.013947228,-0.056244431,0.016868365
0.019042133,0.086516312,-0.014250717
0.017400067,-0.133503495,-0.060741876
0.015900463,0.34514503,-0.101609104
0.264118666,1.794906281,-0.11435668
0.638937187,1.878283984,0.021742438
0.944474004,1.684767032,0.016868365
1.259945698,1.80543019,-0.039745868
1.55277712,1.752435729,0.131221619
1.830151374,1.811368869,0.151842697
2.099858902,1.688474957,0.200958357
2.359770268,1.680073076,0.269570309
2.619033054,1.692152889,0.232077439
2.859224627,1.689374757,0.323185113
3.088045452,1.735916904,0.316811325
3.303744743,1.751907097,0.326559472
3.511698578,1.800008896,0.44241244
3.707824287,1.812069963,0.538769116
3.887566823,1.829559823,0.67299359
4.053093112,1.841875833,0.662495587
4.204279439,1.84723714,0.531270542
4.34412501,1.857389882,0.367051771
4.471895019,1.860250496,0.151467769
4.587780668,1.860839115,0.01836808
4.689337599,1.838689042,-0.073114523
4.775995966,1.820228149,-0.077613667
4.85148978,1.817356287,0.000371503
4.915237946,1.798692939,0.010119649
4.966291964,1.77715773,0.023617082
5.005439127,1.756852247,0.116599399
5.031614714,1.722877304,0.202458072
5.045366083,1.68738395,0.178837564
5.048234076,1.654796199,0.140969765
5.040169955,1.619329088,0.022117367
5.02129369,1.578624393,-0.19496635
4.993056147,1.54051787,-0.304445531
4.955641027,1.504199699,-0.361809622
4.908909617,1.457837512,-0.376431841
4.854728925,1.412573831,-0.328066039
4.792667813,1.371996607,-0.334064898
4.721702803,1.319789471,-0.386179987
4.642381249,1.257553315,-0.47466316
4.554463216,1.205514891,-0.586766842
4.458477313,1.152921591,-0.661377653
4.354933405,1.092848704,-0.676374801
4.243891478,1.031137431,-0.680873945
4.125576472,0.959235926,-0.686872805
4.000944383,0.903193392,-0.62763407
3.870924967,0.841789552,-0.591265986
3.733681209,0.766892463,-0.52377882
3.589231854,0.706006007,-0.404176565
3.441505864,0.643777349,-0.350561761
3.289903398,0.57211954,-0.346062616
3.131672682,0.488835566,-0.408300781
2.966060165,0.411486522,-0.48628595
2.793058349,0.338074103,-0.592390772
2.615816404,0.254014052,-0.640381646
2.433670753,0.176147623,-0.58451727
2.248874552,0.102761448,-0.534651752
2.058709769,0.0105957,-0.455916725
1.864121153,-0.059033811,-0.368558338
1.667807994,-0.155394875,-0.284949238
1.465653877,-0.236211897,-0.1747202
1.265587958,-0.320699353,-0.076488881
1.058061509,-0.422020564,-0.036746439
0.855420021,-0.477755666,-0.042370369
0.647211253,-0.652957942,-0.085862099
0.440757021,-0.712314739,-0.1316034
0.240526146,-0.967887886,-0.171720771
0.02893577,-0.999148433,-0.208838712
-0.04740532,-0.294691389,-0.109107678
-0.021593386,-0.102839066,0.01274415
-0.029350088,-0.157989298,0.074232456
-0.026774518,-0.061219574,0.182961779
-0.026399617,-0.095655664,0.157841557
-0.02786548,-0.043879682,0.136845549
-0.025642317,-0.055940749,0.208456931
-0.028195393,-0.044520789,0.126722474
-0.025886003,-0.037566086,0.120723615
-0.027558061,-0.046522844,0.166839845
-0.026842,-0.024807674,0.095228464
-0.027164415,-0.032624685,0.08473046
-0.027475583,-0.023694172,0.069358383
-0.027100682,-0.031597414,0.002621075
-0.027839237,-0.028744298,-0.054368088
-0.027603049,-0.021287207,-0.117731038
-0.027951707,-0.02284686,-0.236583436
-0.027824241,-0.021493411,-0.368933267
-0.028285369,-0.025085112,-0.441294506
-0.029312598,-0.021902071,-0.506157171
-0.030043655,-0.022419455,-0.477287661
-0.030909676,-0.022498188,-0.377931556
-0.031734458,-0.022291984,-0.221586288
-0.03168947,-0.0249164,-0.029622793
-0.032514253,-0.018614052,0.037489444
-0.032589233,-0.020012491,0.133096262
-0.033027867,-0.033659455,0.187460924
-0.033766422,-0.014906127,0.126722474
-0.033012871,-0.019600083,0.09335382
-0.034741164,-0.019217668,0.017618223
-0.033219066,-0.010793292,-0.043120227
-0.035460974,-0.031968581,-0.089986314
-0.034250044,0.00066416,-0.12298004
-0.034857384,-0.039556893,-0.125604541
-0.036184533,0.002141331,-0.139476903
-0.032964134,-0.030142737,-0.113606822
-0.039554893,-0.018092918,-0.138727045
-0.029859953,0.004068402,-0.226085432
-0.043367636,-0.089165858,-0.287948668
-0.024206446,0.139057124,-0.244456939
-0.080550318,-0.810029252,-0.242207366
-0.408479971,-1.919568686,-0.160847839
-0.765393221,-1.697917992,0.053236449
-1.068298233,-1.735870799,0.079481458
-1.38406235,-1.793083072,0.292066031
-1.666688966,-1.769474574,0.452160586
-1.944430623,-1.774475961,0.396671138
-2.208833303,-1.654041502,0.477655738
-2.469768148,-1.699338926,0.369676272
-2.723040016,-1.68704541,0.314936682
-2.957975477,-1.709146744,0.328809044
-3.182424957,-1.740501019,0.21745522
-3.394555189,-1.774337242,0.305188536
-3.599524813,-1.81525564,0.370051201
-3.78941217,-1.822870196,0.360677983
-3.964535925,-1.844555372,0.422916147
-4.125027294,-1.846126273,0.376799917
-4.272037223,-1.856189034,0.359553197
-4.407323998,-1.86052307,0.330308759
-4.530651431,-1.864620909,0.30106432
-4.641794581,-1.859735745,0.332558331
-4.737660516,-1.842065926,0.284942386
-4.820854797,-1.832430569,0.280443241
-4.892314676,-1.820763165,0.264696236
-4.951305349,-1.802609703,0.203207929
-4.997961778,-1.774468463,0.141344694
-5.032047777,-1.751096162,0.123723045
-5.054388128,-1.72022178,0.017618223
-5.064416729,-1.684154803,-0.1747202
-5.06335576,-1.652110681,-0.215587429
-5.052074989,-1.613576753,-0.314568606
-5.030465695,-1.58113522,-0.367058624
-4.999442637,-1.53955322,-0.323941823
-4.958889596,-1.494720693,-0.361059764
-4.910186207,-1.457000334,-0.280075165
-4.853842336,-1.410998067,-0.276700807
-4.78926189,-1.365906847,-0.349811903
-4.71647486,-1.313111092,-0.33631447
-4.634757689,-1.256787371,-0.38543013
-4.544402799,-1.20329427,-0.421048356
-4.445811334,-1.140664452,-0.49490931
-4.339463168,-1.079410578,-0.583392483
-4.225579491,-1.020117518,-0.684623232
-4.104583942,-0.957941349,-0.782854552
-3.977976126,-0.89315951,-0.784354267
-3.845021235,-0.828313935,-0.761108687
-3.704575822,-0.757743383,-0.686497876
-3.558900541,-0.694457461,-0.613011851
-3.409929879,-0.635917983,-0.531652323
-3.255489412,-0.555610847,-0.500533241
-3.093925826,-0.477643191,-0.470538945
-2.924076928,-0.394059284,-0.394428419
-2.748765723,-0.31698393,-0.394428419
-2.569728001,-0.240947094,-0.331815326
-2.385801571,-0.161348551,-0.245581725
-2.19952826,-0.085187993,-0.20358971
-2.006517978,0.00106532,-0.136852402
-1.811933112,0.080019007,-0.092610815
-1.6122196,0.181306476,-0.086611956
-1.410410392,0.243838816,-0.110607393
-1.208080071,0.352193462,-0.167971484
-0.999440167,0.423675061,-0.271451805
-0.796663714,0.533570615,-0.360684836
-0.583225076,0.674483019,-0.400052349
-0.384205132,0.745495972,-0.367433552
-0.171148893,1.062604182,-0.233958935
0.004555958,0.721849982,-0.088111671
0.017253855,0.089721849,0.07310767
0.001133112,0.133647078,0.197583999
0.010921777,0.086096405,0.295065461
0.004391002,0.04754748,0.391797065
0.008514913,0.059601049,0.373800488
0.006340487,0.016114473,0.357303625
0.007420202,0.038009602,0.276319026
0.007581409,0.009358476,0.106851253
0.00659542,0.021588255,0.047987447
0.008132514,0.008991057,-0.015000574
0.007052799,0.005361865,-0.079113382
0.008409941,0.010861891,-0.086611956
0.00784384,0.002823679,-0.158598266
0.008140012,0.005088176,-0.254580014
0.008439933,0.00088911,-0.320192536
0.008529909,0.00021426,-0.3393139
0.009155994,-0.003568649,-0.31906775
0.009268464,0.002654967,-0.267327589
0.010216963,0.000900357,-0.203964639
0.011154216,0.001342759,-0.137977188
0.01182154,0.000397969,-0.088486599
0.012893757,-0.00347492,-0.04499487
0.013227418,0.000982839,0.074982314
0.013684798,0.003307322,0.113974899
0.014232153,-0.003163739,0.088854676
0.013962224,-0.001487862,0.092603963
0.015308119,-0.001949009,0.003370932
0.014603305,-0.00419101,-0.112107107
0.015919208,0.009767135,-0.137602259
0.015413091,-0.010275907,-0.156723623
0.015787992,0.014539823,-0.221211359
0.017178875,-0.009211144,-0.208463783
0.014846991,0.003895941,-0.133478043
0.018937161,0.005346868,-0.069365236
0.014010962,-0.015299789,-0.019499719
0.019930648,0.03631123,-0.038621082
0.014468341,-0.061474518,-0.091486029
0.018554762,0.083505732,-0.113981751
0.018839686,-0.12125122,-0.095985173
0.013388626,0.302209581,-0.089236457
0.253370254,1.77081789,-0.135727616
0.63089931,1.891319834,-0.038621082
0.939067932,1.668600628,0.002246146
1.255225694,1.817420023,-0.007502
1.549916625,1.755956196,0.184086566
1.828168148,1.798610457,0.215205648
2.099551483,1.690195824,0.271444953
2.360122675,1.677977292,0.325434685
2.620483921,1.695343429,0.254573161
2.863067362,1.692299106,0.356928696
3.094336291,1.732141493,0.374550345
3.311295249,1.747528071,0.431539508
3.520351293,1.798651698,0.557890479
3.718621436,1.813802078,0.504275675
3.901048263,1.833065293,0.455160016
4.06949878,1.839435126,0.34155662
4.223140708,1.840139969,0.216705362
4.364774557,1.841444679,0.211831289
4.494149143,1.844695206,0.17133899
4.612306691,1.859189482,0.154842127
4.716930313,1.841017274,0.143219337
4.806400437,1.82907618,0.122973187
4.883622545,1.820539329,0.154467198
4.949668854,1.797403226,0.197583999
5.003538378,1.782927696,0.201333286
5.04499868,1.757189671,0.217830149
5.074057257,1.725617945,0.223829008
5.090395442,1.691706738,0.055111093
5.09502172,1.655264845,-0.055867803
5.088779619,1.626437507,-0.116606252
5.071867835,1.581732452,-0.223460931
5.044871214,1.538380845,-0.219336716
5.008374601,1.502205143,-0.251580584
4.96320278,1.454766945,-0.307819889
4.910285504,1.417140315,-0.358060335
4.849813972,1.376915513,-0.471663731
4.781229583,1.321439104,-0.521154319
4.704097452,1.268144709,-0.533152038
4.618158896,1.21981796,-0.538401039
4.523942525,1.161477187,-0.5470244
4.421737015,1.09758765,-0.601389061
4.311377407,1.036345023,-0.672625514
4.193988406,0.967229148,-0.732239177
4.070421037,0.910481771,-0.703369667
3.940967721,0.8489917,-0.66212751
3.805407269,0.775350581,-0.585642056
3.662944889,0.71759093,-0.518529818
3.515710019,0.655830918,-0.513280817
3.365149777,0.588837071,-0.536151467
3.208313693,0.516440675,-0.632133214
3.044024577,0.431612046,-0.614136637
2.871941269,0.352170967,-0.566895621
2.694796797,0.278166179,-0.532777109
2.513535913,0.195830745,-0.409800495
2.328529767,0.125942542,-0.312693962
2.139995803,0.036030043,-0.224960646
1.945185997,-0.044693251,-0.136102544
1.749416444,-0.126068899,-0.073489451
1.547442279,-0.222096287,-0.037121367
1.346446606,-0.279031122,-0.031872366
1.141267037,-0.398498297,-0.137977188
0.933853059,-0.454593319,-0.288698525
0.729318321,-0.593571153,-0.370807911
0.515800954,-0.704535219,-0.397802777
0.31840433,-0.842688237,-0.294322456
0.099885785,-1.097890218,-0.190842134
-0.041410653,-0.560083602,-0.062616519
-0.030092392,-0.085532916,0.119598829
-0.024757551,-0.175096742,0.167589703
-0.030156125,-0.079999147,0.233202225
-0.024555104,-0.081431328,0.259447234
-0.028990183,-0.069426499,0.202833001
-0.025687305,-0.046294145,0.233577154
-0.027921715,-0.055175919,0.17996235
-0.026770769,-0.029734078,0.091104248
-0.027063192,-0.044194612,0.107976039
-0.027434344,-0.028133184,0.032990299
-0.026662048,-0.033055839,-0.062616519
-0.027962954,-0.026082391,-0.10835782
-0.027269388,-0.026157374,-0.226085432
-0.027820492,-0.025988661,-0.331065468
-0.027786751,-0.02001624,-0.400802207
-0.027951707,-0.025718722,-0.397802777
-0.028202891,-0.01790546,-0.332565183
-0.028574043,-0.022513185,-0.244831867
-0.029788722,-0.024661457,-0.13722733
-0.030429803,-0.019911263,-0.042745298
-0.031014649,-0.022723138,0.04161366
-0.032056873,-0.020574866,0.077231886
-0.032019383,-0.017628021,0.106101396
-0.032727946,-0.022385713,0.078731601
-0.032926644,-0.017114386,0.049112234
-0.033237811,-0.021103498,0.034490014
-0.033983864,-0.012626634,-0.088111671
-0.03320407,-0.021380936,-0.198715637
-0.035082324,-0.02082606,-0.258704229
-0.033496493,-0.008243859,-0.288698525
-0.035498465,-0.033138321,-0.26432816
-0.034467487,-0.000156908,-0.192716778
-0.034786153,-0.036355105,-0.085862099
-0.036604422,0.000139276,0.006370362
-0.032990377,-0.029017988,0.010494577
-0.040016022,-0.020901043,0.009369791
-0.030347325,0.012830203,0.043113374
-0.043258915,-0.089930688,0.006370362
-0.025807274,0.143376163,0.040113945
-0.074806834,-0.760589,-0.036746439
-0.396711829,-1.906495344,-0.123354969
-0.757160395,-1.70754585,-0.054743016
-1.06134382,-1.733201393,-0.19496635
-1.378929955,-1.799235454,-0.083612526
-1.66334485,-1.768387316,0.109475754
-1.942379915,-1.775653199,0.11060054
-2.208109744,-1.651889481,0.264321307
-2.469554454,-1.69599092,0.244825015
-2.724678334,-1.686348065,0.256447805
-2.962001914,-1.70696098,0.337057475
-3.188138448,-1.736590639,0.332558331
-3.400879769,-1.766797669,0.482904739
-3.607667663,-1.813572264,0.570263127
-3.800111844,-1.821318041,0.611130355
-3.977777428,-1.841289849,0.658371371
-4.140840618,-1.844079228,0.522647182
-4.290396125,-1.856526459,0.408293928
-4.42848341,-1.859570782,0.295065461
-4.553340439,-1.859731996,0.142094551
-4.667085403,-1.859923204,0.025116797
-4.766287956,-1.840375052,-0.083987455
-4.851465463,-1.830908408,-0.084362384
-4.925395941,-1.819241003,-0.045369799
-4.986980928,-1.801372478,0.040488873
-5.036685303,-1.782270477,0.111350398
-5.07399545,-1.751069918,0.23470194
-5.098911371,-1.720739165,0.298439819
-5.111897941,-1.689486117,0.165340131
-5.113213844,-1.651836992,0.130096833
-5.103893805,-1.618788094,-0.018374932
-5.084166514,-1.582721117,-0.202839853
-5.054238167,-1.537884841,-0.225335575
-5.015177232,-1.498109939,-0.331440397
-4.967928459,-1.459077372,-0.370807911
-4.91260057,-1.413525005,-0.40567628
-4.849553468,-1.371178175,-0.504657456
-4.778700928,-1.323338817,-0.519654604
-4.69936063,-1.266074055,-0.587516699
-4.611033954,-1.20895926,-0.620135496
-4.514234516,-1.152084412,-0.633632929
-4.409565906,-1.09090927,-0.671875657
-4.296900657,-1.025475076,-0.681248874
-4.177067302,-0.96670315,-0.680873945
-4.05089437,-0.903038562,-0.613761708
-3.918591807,-0.837716843,-0.527528107
-3.779241105,-0.774378433,-0.435670576
-3.63410943,-0.707257114,-0.414674568
-3.486342201,-0.644413593,-0.407925852
-3.333555048,-0.574802828,-0.457041512
-3.17355105,-0.501555372,-0.551898473
-3.005970303,-0.410529371,-0.532027252
-2.830734077,-0.333517752,-0.57851841
-2.65156889,-0.261402544,-0.583017555
-2.467814913,-0.17717753,-0.485161164
-2.281196694,-0.113677905,-0.465289943
-2.089427334,-0.016120857,-0.387304773
-1.894272619,0.05811263,-0.250080869
-1.696549831,0.145310733,-0.128978899
-1.493267262,0.218168276,0.002621075
-1.292294083,0.308324471,0.071233027
-1.083001851,0.420192086,0.065234168
-0.878864507,0.477100677,-0.002252998
-0.667690272,0.651680591,-0.088861528
-0.459402774,0.697604126,-0.118480895
-0.256626321,0.959843291,-0.106483177
-0.044316136,0.976114671,-0.124479755
0.027436166,0.250433599,-0.080988025
0.001148108,0.076344825,0.015743579
0.009969529,0.133575844,0.029615941
0.006887843,0.033206921,0.077981743
0.006880345,0.071830829,0.091854105
0.008484921,0.024340143,0.116599399
0.006467953,0.035328948,0.186711066
0.008747352,0.024613832,0.112475184
0.006685396,0.011443012,0.110225612
0.00848867,0.017156741,0.131971476
0.007630147,0.006475367,0.063359524
0.008203745,0.008571151,0.065234168
0.008627383,-0.000494333,0.031865513
0.008368702,0.007030244,-0.060366947
0.008983539,0.000311738,-0.132353257
0.008908559,0.001537715,-0.196466065
0.009497154,0.003884693,-0.283824452
0.009459663,-0.002991277,-0.370058053
0.010108242,-0.001041711,-0.414674568
0.011052993,0.002478756,-0.393678561
0.011795297,0.003326068,-0.293572598
0.012710055,0.004769496,-0.188592562
0.013512343,0.003093619,-0.052868373
0.013632312,0.000964093,0.028491155
0.014393361,0.003108616,0.036364658
0.014393361,-0.00387608,0.100102537
0.014884481,0.005140664,0.092229034
0.015480573,-0.004839616,0.022492296
0.015083178,0.00151522,-0.009001715
0.016822719,0.002246308,-0.05661766
0.015315617,-0.004978335,-0.124104826
0.017610011,0.012650243,-0.148475191
0.01598669,-0.019877521,-0.098609674
0.017328835,0.019739916,-0.05661766
0.018063641,-0.022456947,-0.040495726
0.015124418,0.021974419,-0.041245583
0.021385264,-0.005986861,-0.125979469
0.011844034,-0.022295733,-0.14322619
0.02586908,0.059098661,-0.139101974
0.005009589,-0.156140959,-0.178844416
0.071696978,0.899234273,-0.199090566
0.405463841,1.997983607,-0.167971484
0.756588619,1.725707925,-0.012751002
1.059249946,1.752267017,-0.014250717
1.37339449,1.780771926,0.104226752
1.655076356,1.759345442,0.294315603
1.932308147,1.768332193,0.25494809
2.195383677,1.64517209,0.332933259
2.457087069,1.682521281,0.268820452
2.710040272,1.667472129,0.209206788
2.944938242,1.692197879,0.274069454
3.169732631,1.721283909,0.25194866
3.382380227,1.7509923,0.355428981
3.587676015,1.79239434,0.421791361
3.777402164,1.791535781,0.471656878
3.952263488,1.807136061,0.523397039
4.112803595,1.817768696,0.418042074
4.260218417,1.820258142,0.358053482
4.396105033,1.822481397,0.279693384
4.519882347,1.829499836,0.172463776
4.630909279,1.817892418,0.135345835
4.726666492,1.799247816,0.0761071
4.809467127,1.785387149,0.073857528
4.88064958,1.764406816,0.115099685
4.93968524,1.752267017,0.133471191
4.986859033,1.732332701,0.137595407
5.0218223,1.704866311,0.167214774
5.044443827,1.676560107,0.122598259
5.054989792,1.638269875,-0.017250146
5.054359958,1.601685513,-0.097859817
5.043075438,1.561483206,-0.236208507
5.020798821,1.52186202,-0.367808481
4.988666056,1.483969199,-0.393678561
4.947925564,1.445165331,-0.441669435
4.898457377,1.405982797,-0.436420433
4.841311218,1.358023466,-0.450667724
4.776543321,1.314529391,-0.491534952
4.703377642,1.262892128,-0.43717029
4.621817929,1.196850569,-0.460040941
4.53127184,1.141516628,-0.513655745
4.432616642,1.091892666,-0.542900184
4.325964805,1.032307171,-0.595765131
4.211522526,0.968230175,-0.640006717
4.090549471,0.907197502,-0.635882501
3.963311821,0.848384335,-0.590891057
3.830251958,0.784266098,-0.582642626
3.690095219,0.7103063,-0.537276253
3.544851074,0.651455641,-0.519654604
3.396810167,0.591690186,-0.490410166
3.242647127,0.517471696,-0.47466316
3.081724621,0.437670698,-0.494159453
2.912460569,0.345587432,-0.43454579
2.736680737,0.280531903,-0.46903923
2.557196883,0.207164474,-0.470538945
2.372933042,0.132188652,-0.412424996
2.186344814,0.052837554,-0.392553775
1.993034611,-0.03705245,-0.329190825
1.798172319,-0.102231701,-0.251205655
1.598882445,-0.207553273,-0.158973195
1.39740315,-0.264563091,-0.123729897
1.195473973,-0.371538044,-0.095610245
0.987141487,-0.450146808,-0.079863239
0.7846837,-0.546999013,-0.138352117
0.57102762,-0.698262864,-0.186717919
0.370916714,-0.772196418,-0.196840994
0.157609292,-1.082901052,-0.184468347
-0.02123723,-0.757634657,-0.145475762
-0.036589426,-0.118593062,-0.012751002
-0.019598913,-0.156527123,0.090729319
-0.029578778,-0.109066431,0.147343553
-0.022770576,-0.064466352,0.227953223
-0.026598315,-0.081375091,0.209581717
-0.02438265,-0.040989075,0.219704792
-0.025162444,-0.066063497,0.22307915
-0.025664811,-0.034004378,0.11359997
-0.024690069,-0.041896373,0.09635325
-0.026092198,-0.030678868,0.038239301
-0.024780045,-0.023622938,-0.097484888
-0.025882254,-0.032365993,-0.10273389
-0.025331149,-0.026104886,-0.121855254
-0.025788529,-0.026697254,-0.197215922
-0.026065955,-0.024031597,-0.220086573
-0.025938489,-0.023615439,-0.236208507
-0.026440856,-0.018239135,-0.285699096
-0.026508339,-0.019671317,-0.329940682
-0.02733687,-0.023937868,-0.35956005
-0.028251628,-0.024953892,-0.358435263
-0.028922701,-0.021868328,-0.293572598
-0.029706244,-0.021474666,-0.199465495
-0.030234854,-0.017556787,-0.057367517
-0.030463544,-0.019896267,0.04161366
-0.031037143,-0.020094973,0.083230745
-0.03078221,-0.01565596,0.132721334
-0.031936905,-0.021845833,0.125972617
-0.031498271,-0.012064259,0.074607385
-0.032079367,-0.023787901,0.019117938
-0.032960385,-0.009469836,0.025116797
-0.031723211,-0.022591917,-0.02774815
-0.03434002,-0.017208115,-0.129353828
-0.031498271,-0.006185567,-0.143976047
-0.035101069,-0.03709744,-0.156348694
-0.032094363,0.01504971,-0.130853542
-0.034250044,-0.053590022,-0.149225049
-0.035183548,0.024482611,-0.214087714
-0.030298588,-0.059371236,-0.288698525
-0.042554101,0.011802932,-0.316443249
-0.017195798,-0.015393518,-0.253830156
-0.17180497,-1.360616774,-0.325441538
-0.546657233,-1.921045857,-0.183718489
-0.871928839,-1.637005292,-0.015000574
-1.181773268,-1.792801885,0.017993151
-1.487688735,-1.753630598,0.305938393
-1.765595348,-1.784669944,0.334432974
-2.041316289,-1.70939044,0.345680835
-2.301460093,-1.643296392,0.459284231
-2.562886058,-1.688192655,0.343431263
-2.808611169,-1.663050748,0.382423848
-3.039756381,-1.706042434,0.389172564
-3.259759535,-1.725249412,0.366676842
-3.469895294,-1.770801779,0.45965916
-3.670628537,-1.792247008,0.388047778
-3.854708677,-1.800877588,0.333683117
-4.02499246,-1.817242698,0.297315033
-4.180433913,-1.818989809,0.194959498
-4.324377152,-1.830282297,0.178462635
-4.45620359,-1.829599949,0.132721334
-4.575358375,-1.829742417,0.158591414
-4.681519091,-1.816665326,0.208082002
-4.772814983,-1.802699683,0.224203936
-4.852136536,-1.793502979,0.283442671
-4.919674951,-1.774116041,0.302938963
-4.975085319,-1.757570972,0.275944097
-5.018397632,-1.729804648,0.225328723
-5.048910824,-1.698004222,0.193459783
-5.067524659,-1.671531361,-0.003752713
-5.074452829,-1.634294645,-0.168346413
-5.070257687,-1.599997274,-0.188592562
-5.055861489,-1.564826348,-0.295447242
-5.030896831,-1.521782173,-0.335564613
-4.995937313,-1.482412181,-0.358060335
-4.952411307,-1.439323016,-0.418048927
-4.90063373,-1.395105352,-0.418048927
-4.841009475,-1.353782045,-0.465664872
-4.773639765,-1.306145141,-0.493409595
-4.697816038,-1.252906984,-0.446918437
-4.613602026,-1.197430575,-0.431171431
-4.52092275,-1.141984159,-0.429671716
-4.420006899,-1.081682573,-0.470538945
-4.311229373,-1.020548672,-0.538775968
-4.194548935,-0.963696319,-0.608887635
-4.070899087,-0.895960137,-0.649005006
-3.941284565,-0.835681046,-0.632883072
-3.804981808,-0.775634403,-0.597264845
-3.661852104,-0.702900583,-0.580393054
-3.515434519,-0.644556061,-0.557147474
-3.365496613,-0.577513475,-0.519654604
-3.208735509,-0.501532877,-0.562021548
-3.044551365,-0.421416949,-0.523028963
-2.871781988,-0.339310213,-0.429296788
-2.694742489,-0.267509935,-0.407925852
-2.512960492,-0.184664614,-0.321317322
-2.326983353,-0.114438986,-0.229834719
-2.137695838,-0.026524792,-0.164597126
-1.942417405,0.05042684,-0.057742446
-1.746377923,0.133219673,0.046862661
-1.544167571,0.220189076,0.070858098
-1.343681763,0.285079642,0.020992581
-1.137602432,0.400224028,-0.092985744
-0.931425627,0.448652005,-0.265827875
-0.724967647,0.604737284,-0.355060905
-0.512368787,0.69084063,-0.361434693
-0.31419237,0.865026883,-0.277825593
-0.094005515,1.057775256,-0.127854113
0.026303965,0.43536871,-0.003377784
0.006415467,0.060219662,0.126722474
0.006824109,0.153720112,0.16833956
0.009542142,0.046107801,0.244825015
0.005691908,0.065985879,0.32131047
0.009572134,0.040105386,0.297315033
0.006111797,0.026754606,0.329183972
0.009107256,0.029513992,0.207332145
0.007450194,0.009418462,0.05586095
0.008293721,0.021719476,0.035989729
0.008586144,0.004244613,-0.036746439
0.008117518,0.012931431,-0.066365806
0.008949798,0.0058755,-0.125604541
0.008477423,0.005358115,-0.24708144
0.009215978,0.004866975,-0.361809622
0.00901728,0.00201011,-0.481411877
0.009425922,0.005241891,-0.487785665
0.009635867,0.000337982,-0.417299069
0.009827066,0.001642692,-0.298071743
0.010231959,0.001282772,-0.122230182
0.010299442,0.000645414,0.00412079
0.010734327,-0.000693038,0.029241012
0.010959267,-0.003272465,0.090729319
0.010756821,-0.003362445,0.187460924
0.010655598,-0.003437428,0.15409227
0.010621857,-0.002383912,0.152217626
0.010441904,-0.001555347,0.173213633
0.010351928,-0.004498442,0.034490014
0.01022821,-0.005525713,-0.109857535
0.009954533,-0.006114332,-0.165346983
0.010010768,-0.00500083,-0.191217063
0.010044509,-0.002743832,-0.19496635
0.009864557,-0.003909823,-0.170970913
0.009830815,-0.004007301,-0.120355539
0.009590879,-0.002691344,-0.092985744
0.00962462,-0.002541377,-0.089986314
0.009515899,-0.002976281,-0.099359532
0.009069766,-0.001596587,-0.159723052
0.00917099,-0.002770076,-0.159348124
0.009069766,-0.003508662,-0.079863239
0.008972292,-0.001870277,-0.055492874
0.00905477,-0.001679069,-0.09411053
0.00879234,-0.005222031,-0.139851831
0.00882983,-0.005911878,-0.170221056
0.008983539,-0.001502858,-0.175095129
0.008814834,-0.002826314,-0.140976617
0.008796089,-0.001727808,-0.123729897
0.008623634,-0.003118749,-0.120355539
0.008484921,-0.004817121,-0.148475191
0.008732355,-0.00338119,-0.202839853
