0.000998148,-0.02747708,-0.101234175
0.002479007,0.009231004,-0.111732179
0.001279324,-0.042458748,-0.099359532
0.001530507,0.012039129,-0.10573332
0.002636465,-0.036475079,-0.119605682
0.000240848,-0.005608195,-0.110982321
0.00424854,-0.003797348,-0.100109389
-0.00196357,-0.070296305,-0.067865521
0.006389224,0.078766786,-0.097859817
-0.005896282,-0.228702318,-0.093360672
0.02999674,1.006314203,-0.095610245
0.226549836,2.879723714,-0.074239309
0.412796904,3.251704717,0.053236449
0.537084084,3.698631549,0.010494577
0.656673754,3.680155659,0.041988588
0.759430369,3.302078512,-0.248581154
0.869310103,2.986991103,-0.478787376
0.972314153,2.58884467,0.063734453
1.068532494,2.485217722,0.256447805
1.156817931,2.377579166,0.288691673
1.233129029,2.333653937,0.421791361
1.300322536,2.285379676,0.148843268
1.350675489,2.264208135,0.050611948
1.389803906,2.229097196,0.180712207
1.418401355,2.149191221,0.14246948
1.438777224,2.090314318,0.013494007
1.450631594,2.024475214,-0.20358971
1.451741301,1.978739138,-0.39105406
1.445326744,1.88050349,-0.471288802
1.431016773,1.796233486,-0.425172572
1.408234039,1.722367418,-0.196466065
1.377342197,1.627723471,-0.003377784
1.338569936,1.527699471,0.010494577
1.29171106,1.435867399,-0.109107678
1.237095482,1.35499039,-0.272201662
1.174929398,1.240295904,-0.421798214
1.106513715,1.131348889,-0.329940682
1.031870926,1.004953256,-0.239957794
0.950243731,0.870830592,-0.24970594
0.8664796,0.755157573,-0.078738453
0.778958962,0.617833121,-0.130103685
0.690178656,0.490665159,-0.2152125
0.593844095,0.320250568,-0.152974336
0.491571102,0.175446529,-0.230584577
0.386336392,0.004218369,-0.251205655
0.275391939,-0.146430619,-0.2988216
0.172084219,-0.328906278,-0.427422144
0.055928642,-0.58958579,-0.561646619
-0.012134634,-0.331421968,-0.610012421
-0.001896088,-0.043516013,-0.410925281
-0.000647668,-0.099071154,-0.213337856
-0.002604651,-0.046534091,-0.024373792
6.09e-05,-0.042518734,0.223829008
-0.002218503,-0.039714358,0.298814748
-0.000351496,-0.025201337,0.179212492
-0.001866096,-0.030472664,0.130096833
-0.000906349,-0.016968168,0.047612519
-0.001138788,-0.024586473,-0.164972054
-0.001412466,-0.013200256,-0.124479755
-0.001116294,-0.015877161,-0.125604541
-0.001716135,-0.013687648,-0.20658914
-0.001183776,-0.011486887,-0.095985173
-0.001569924,-0.011280683,-0.095985173
-0.001821108,-0.009822258,-0.047244442
-0.00188859,-0.012023018,0.068608526
-0.002034801,-0.009252384,0.099352679
-0.002102283,-0.012769102,0.137970335
-0.002443443,-0.011468142,0.0761071
-0.002724619,-0.010009716,-0.006377214
-0.002488431,-0.010032211,-0.061866662
-0.002634643,-0.00891121,-0.085112241
-0.002799599,-0.009462338,-0.017250146
-0.002529671,-0.007145353,0.031865513
-0.00264589,-0.007584006,0.059985166
-0.002694627,-0.007737721,0.054361235
-0.002477184,-0.007883939,-0.03937094
-0.002447192,-0.008435066,-0.173595414
-0.002540918,-0.007741471,-0.244456939
-0.002499678,-0.009237388,-0.254580014
-0.002330973,-0.007550263,-0.288698525
-0.002413451,-0.00662047,-0.260203944
-0.002477184,-0.008138882,-0.222336145
-0.002327224,-0.007389049,-0.230209648
-0.002338471,-0.007227835,-0.079113382
-0.002121028,-0.010362138,-0.021749291
-0.002079789,-0.010677068,-0.095235316
-0.002252244,-0.007310316,-0.007876929
-0.002091036,-0.006676707,0.00412079
-0.002106032,-0.007216587,-0.097859817
-0.002098534,-0.008660016,-0.185593133
-0.002173515,-0.007366554,-0.255329871
-0.002117279,-0.005769409,-0.335564613
-0.001918582,-0.008086394,-0.328440967
-0.002143523,-0.007662738,-0.199840423
-0.002094785,-0.006702952,-0.109482607
-0.002270989,-0.010208422,-0.044245013
-0.002694627,-0.01161061,-0.008626786
-0.002938313,-0.009436094,0.000746431
-0.003643127,-0.013372718,0.002996003
-0.003586891,-0.011269436,0.049487162
-0.003654374,-0.013383965,0.071607955
-0.004392929,-0.015442257,0.036739586
-0.004018028,-0.009196147,0.031490585
-0.004809069,-0.013833865,-0.023623934
-0.004265462,-0.005162044,-0.088486599
-0.004584128,-0.015727194,-0.078738453
-0.005037758,-0.00446095,-0.049868943
-0.004093008,-0.013458949,-0.067115663
-0.006023748,-0.014707421,-0.050618801
-0.003519409,-0.003501164,-0.046869514
-0.006121222,-0.027825753,-0.143976047
-0.003834326,0.017074259,-0.168721341
-0.005266448,-0.04150646,-0.133852972
-0.005532628,0.027388215,-0.115856395
-0.001772371,-0.040205499,-0.073114523
-0.010717508,0.003389803,0.011619364
0.008248733,0.007401411,-0.002252998
-0.102047141,-1.171625065,-0.068615378
-0.359461666,-1.837027047,0.005245576
-0.565117358,-1.74777815,-0.02474872
-0.748511429,-1.952351393,-0.032622223
-0.916032192,-1.990611632,0.043863232
-1.056485103,-2.101654431,-0.042370369
-1.186620738,-2.14508102,-0.069365236
-1.290779483,-2.144327438,-0.050243872
-1.386844115,-2.142377872,-0.124854683
-1.470113376,-2.085626746,-0.089611386
-1.544021359,-2.0977478,0.01274415
-1.604474146,-2.06272684,-0.010126501
-1.650268303,-2.054767361,0.053986307
-1.685625216,-2.027518422,0.089604533
-1.708287981,-2.00131925,0.014243864
-1.722245546,-1.986296342,0.013119078
-1.725199766,-1.946244002,-0.05661766
-1.718946417,-1.91316511,-0.061491733
-1.703886644,-1.854891823,-0.043495155
-1.679495585,-1.799149223,-0.154099122
-1.646388077,-1.74580234,-0.163472339
-1.603270713,-1.67238992,-0.129353828
-1.552535361,-1.592184012,-0.124479755
-1.494440702,-1.497813755,-0.078738453
-1.428383146,-1.396440055,-0.126729327
-1.356825792,-1.286240819,-0.150349835
-1.278621443,-1.166934859,-0.146225619
-1.194752341,-1.047332714,-0.273326449
-1.10466363,-0.917337881,-0.321317322
-1.012467976,-0.80774601,-0.299196529
-0.918195371,-0.671223879,-0.341188543
-0.818213023,-0.532890901,-0.308944675
-0.714241729,-0.381563314,-0.246706511
-0.60078169,-0.21745482,-0.270327019
-0.488318888,-0.085547913,-0.241832438
-0.369122864,0.095210628,-0.20658914
-0.252944794,0.212818216,-0.202089996
-0.134513568,0.500240529,-0.217462072
-0.017563201,0.561063249,-0.229834719
0.009373436,0.132773522,-0.166846698
-0.005540126,0.052278928,-0.195716208
0.00030833,0.075947413,-0.201340138
-0.002934564,0.017599142,-0.133478043
-0.001633657,0.040697754,-0.149974906
-0.001839853,0.006700317,-0.130103685
-0.002405953,0.020482251,-0.068615378
-0.001277501,0.009827121,-0.103858676
-0.002473435,0.005729283,-0.123729897
-0.001284999,0.007116474,-0.100859247
-0.001967319,-0.001739056,-0.156348694
-0.001569924,0.009793379,-0.139851831
-0.001491195,0.001556461,-0.063741305
-0.001442458,0.001511471,-0.052493444
-0.001127541,0.001219036,-0.000378355
-0.001299995,9.8e-05,0.08173103
-0.001011322,-0.000516828,0.088854676
-0.000932592,-0.004667154,0.105726467
-0.000703903,0.000210511,0.143969195
-0.000433974,0.001616448,0.137595407
-0.000433974,-0.003846087,0.098227893
-0.0003365,-0.000340617,0.049487162
-0.000111559,-0.000374359,0.004870647
-0.000190288,-0.003872331,-0.097484888
-0.000194037,0.000199263,-0.13722733
-0.000201535,-0.001262912,-0.11135725
-0.000422727,-0.002511384,-0.15747348
-0.00041148,-0.002016494,-0.139476903
-0.000362743,-0.005240777,-0.084362384
-0.000441472,-0.000314373,-0.111732179
-0.000565189,-0.001866527,-0.116231323
-0.000576436,-0.006418015,-0.065990877
-0.000516452,-0.000471838,-0.078738453
-0.000478962,-0.002811317,-0.121480325
-2.53e-05,-0.000843005,-0.096735031
0.000597004,0.000904106,-0.121480325
0.001061881,0.000277996,-0.185968061
0.001676719,0.004308349,-0.219711644
0.00174795,-0.001727808,-0.25270537
0.002306552,0.003536021,-0.271451805
0.00265521,-0.000344366,-0.302195958
0.002670206,0.003712232,-0.271826734
0.003652447,0.003333566,-0.266577732
0.002880151,1.93e-05,-0.289073454
0.004428492,0.009875861,-0.219711644
0.003363773,-0.008678762,-0.180344131
0.004402249,0.019863639,-0.116231323
0.004945855,-0.011408155,-0.047619371
0.003097593,0.012653993,-0.023623934
0.006681647,0.002632472,0.037864373
0.001909157,-0.010369636,0.056235879
0.008068781,0.034384159,0.072732742
0.001238084,-0.052315305,0.071607955
0.007678884,0.090737873,0.037114515
0.003007617,-0.147637851,0.015743579
0.009343444,0.430123627,-0.063366376
0.253853876,1.981809705,-0.032247294
0.588329301,2.207299545,-0.03637151
0.848296902,2.248221692,-0.070490022
1.111822313,2.520722324,0.098227893
1.344009749,2.57845948,0.136845549
1.559870247,2.773281142,0.137220478
1.76241801,2.781446826,0.312312181
1.95123315,2.835138632,0.380924133
2.132392811,2.903628397,0.373800488
2.292021908,2.98129612,0.52602154
2.440673903,3.070267578,0.5751372
2.573235148,3.116266096,0.449911014
2.695621579,3.184403439,0.399670568
2.805283871,3.205833671,0.318685969
2.899533982,3.238042756,0.170589132
2.979849024,3.252443303,0.068233597
3.046150265,3.226746519,-0.027373221
3.101002031,3.230581916,-0.193091707
3.142732261,3.228579861,-0.370432982
3.173252951,3.178232311,-0.345687688
3.191780559,3.139473433,-0.251580584
3.198558769,3.083213448,-0.317568035
3.196474319,3.004600935,-0.240332723
3.185137313,2.957462671,-0.259079158
3.163831689,2.894615402,-0.360684836
3.133712143,2.819298406,-0.201715067
3.095404759,2.741544452,-0.25270537
3.049561865,2.661368537,-0.375307055
2.99739439,2.591911488,-0.320942393
2.938220017,2.503457415,-0.349811903
2.871971261,2.417766477,-0.426672287
2.798655621,2.324918381,-0.3824307
2.718040659,2.209597784,-0.361059764
2.631401038,2.103852556,-0.461165727
2.538736758,1.994223193,-0.503907599
2.439987835,1.878471442,-0.540650612
2.33590407,1.75823194,-0.604013562
2.227284003,1.642937587,-0.606638063
2.113741486,1.515503434,-0.537651182
1.994612945,1.379116274,-0.43154636
1.872376474,1.258093195,-0.422548071
1.747511946,1.127520991,-0.305945245
1.621024098,0.997717366,-0.12860397
1.488950225,0.846438518,-0.193466635
1.350945418,0.701859429,-0.078363524
1.208674237,0.545616685,0.000746431
1.062369122,0.403133381,-0.179219345
0.917736065,0.263075786,-0.157848409
0.766827166,0.097396392,-0.157848409
0.618467593,-0.031541176,-0.234708792
0.463296069,-0.226816487,-0.191966921
0.310685119,-0.342500754,-0.106483177
0.160432296,-0.631325255,-0.074614237
0.007975055,-0.739353724,-0.026623364
-0.037695384,-0.236583065,0.085105389
-0.018432971,-0.088918413,0.068233597
-0.024903762,-0.12957062,0.075357242
-0.021668367,-0.053893704,0.127847261
-0.02211075,-0.080872703,0.063734453
-0.022826811,-0.043954665,0.008994863
-0.021364697,-0.052176586,0.004495718
-0.022991767,-0.043381043,-0.003752713
-0.021604633,-0.034746713,-0.075739024
-0.02275558,-0.040389208,-0.057742446
-0.022092005,-0.026753491,-0.015000574
-0.022384428,-0.032118548,-0.121855254
-0.022313196,-0.02532131,-0.113231894
-0.022384428,-0.027499575,-0.095985173
-0.022744332,-0.024256547,-0.194216493
-0.022436914,-0.026191116,-0.184843275
-0.022909289,-0.027465833,-0.160847839
-0.022875548,-0.022595666,-0.183343561
-0.02313423,-0.023952864,-0.159723052
-0.02328419,-0.020702337,-0.071614808
-0.023329178,-0.021024766,-0.080613097
-0.023655342,-0.022149515,-0.121480325
-0.023760314,-0.019937508,-0.050618801
-0.023584111,-0.021069756,-0.139101974
-0.023464142,-0.022513185,-0.229459791
-0.02347164,-0.020177454,-0.214837571
-0.02328419,-0.017939202,-0.277450664
-0.023179218,-0.01781548,-0.311194247
-0.023021759,-0.019465113,-0.254205085
-0.022860552,-0.018426594,-0.184843275
-0.023179218,-0.019105193,-0.16609684
-0.02373782,-0.023949115,-0.060741876
-0.024052737,-0.019063952,0.042363517
-0.024483873,-0.020818562,0.002246146
-0.02502748,-0.023469222,-0.004502571
-0.025079966,-0.017969195,0.018743009
-0.025871007,-0.023300509,-0.035246724
-0.02578478,-0.019783792,-0.086237027
-0.026347131,-0.024665206,-0.085112241
-0.026849498,-0.017691757,-0.131978329
-0.026433358,-0.022224499,-0.16909627
-0.027929213,-0.019922511,-0.109857535
-0.02642586,-0.014651183,-0.093735601
-0.028847721,-0.030967554,-0.092610815
-0.027171913,-0.002642605,-0.051368658
-0.028315361,-0.041161536,-0.055867803
-0.028941446,-0.001532852,-0.055492874
-0.026197171,-0.036490075,-0.035621653
-0.031963148,-0.012716614,-0.002627927
-0.0232467,-0.001679069,0.002246146
-0.036398227,-0.073891755,0.02999087
-0.016209808,0.123580567,0.031490585
-0.082016181,-0.875320978,-0.047619371
-0.397442886,-2.008540144,0.009369791
-0.718778031,-1.904332075,0.002621075
-0.984635326,-2.036355206,-0.052118516
-1.254811481,-2.166829932,0.064859239
-1.491265291,-2.204044154,0.045362947
-1.722234299,-2.258335827,-0.042370369
-1.938417211,-2.148271561,0.034115085
-2.150270017,-2.109651402,0.030740727
-2.353267662,-2.029003092,0.068233597
-2.542307742,-1.978179398,0.274819311
-2.722785083,-1.927314463,0.326184543
-2.890313344,-1.889650341,0.331433545
-3.050913435,-1.877776732,0.379799347
-3.197822141,-1.843018214,0.353554338
-3.331136936,-1.819338482,0.231327582
-3.450734104,-1.7936342,-0.100109389
-3.555695137,-1.775660698,-0.161597696
-3.648149473,-1.754365435,0.157091699
-3.727294823,-1.723438565,0.073857528
-3.793209917,-1.690468399,-0.14322619
-3.846153436,-1.65593858,-0.026998293
-3.885930432,-1.623879461,0.0356148
-3.914456649,-1.593938622,-0.126729327
-3.932298188,-1.561223399,0.000371503
-3.938315349,-1.520994848,0.341931548
-3.933670325,-1.481564869,-0.036746439
-3.919000449,-1.448324764,-0.626884213
-3.89506302,-1.405378067,-0.49790874
-3.862735307,-1.36333117,-0.046119656
-3.822186015,-1.322232813,0.068608526
-3.772582864,-1.267000099,-0.581142911
-3.713183549,-1.216165157,-0.74311211
-3.645022798,-1.159444025,0.230952653
-3.567886918,-1.098017689,0.08473046
-3.481940863,-1.038893341,-0.290948097
-3.388065653,-0.974332703,0.055111093
-3.286894869,-0.914653478,-0.253455227
-3.178709688,-0.845316402,-0.418048927
-3.062959004,-0.772665064,-0.333315041
-2.940418863,-0.70273187,-0.349062046
-2.812978766,-0.638422426,-0.422548071
-2.682449485,-0.574967791,-0.468664301
-2.546004266,-0.490225392,-0.446168579
-2.401749859,-0.404898123,-0.629133785
-2.249198893,-0.312634897,-0.655753723
-2.09065326,-0.235068402,-0.316818178
-1.928868483,-0.146183174,-0.314568606
-1.76210502,-0.062321829,-0.46041587
-1.594070643,0.018922598,-0.459666012
-1.417945902,0.126411187,-0.560896761
-1.240876411,0.191129291,-0.455166868
-1.059626773,0.307859574,-0.299196529
-0.874556895,0.374343535,-0.092610815
-0.692051339,0.511892937,0.059985166
-0.499854592,0.605727064,0.229827867
-0.321379222,0.709286527,0.211831289
-0.122321787,0.979380195,0.043113374
0.012361397,0.514198674,0.099352679
0.004387253,0.056654205,-0.004502571
-0.001899837,0.148433788,-0.145100833
0.003697435,0.062502904,-0.100109389
-0.001442458,0.061966773,-0.089611386
0.002868904,0.053838581,-0.311194247
-0.000287763,0.026072258,-0.409800495
0.001950396,0.040585279,-0.13722733
0.001088124,0.014097421,0.034490014
0.001223088,0.025446147,0.068233597
0.002092859,0.009714646,0.342681406
0.001144359,0.014502331,0.263196521
0.002220325,0.012192845,-0.01050143
0.001725456,0.004702011,0.098977751
0.002265313,0.009467201,0.085855246
0.002449015,0.004735754,-0.129728756
0.002703947,0.00574053,-0.090736172
0.003138833,0.006895274,0.022492296
0.003884886,0.009118529,-0.149599977
0.004874624,0.006835287,-0.164972054
0.005673163,0.006895274,-0.110232464
0.006839105,0.007397662,-0.166846698
0.007131528,0.005961731,-0.138352117
0.008016295,0.006617835,-0.031497437
0.008061283,0.001706428,-0.079488311
0.008511164,0.008361197,-0.30182103
0.009178488,-0.004520937,-0.254580014
0.00860114,0.004795741,-0.187092848
0.010610609,0.005613059,-0.212587999
0.00905477,-0.003767355,-0.064866091
0.011401651,0.016223199,-0.042370369
0.010037011,-0.017954199,-0.049868943
0.010933024,0.02480504,0.05886038
0.012215186,-0.018366607,-0.075364095
0.008991037,0.018573926,-0.226085432
0.015821733,0.003648496,-0.212962928
0.005871861,-0.02478143,-0.233958935
0.019915652,0.071527146,-0.341563472
3.09e-05,-0.160302533,-0.314568606
0.060161275,0.859673074,-0.251955513
0.393973125,2.05793652,-0.304070602
0.753469443,1.811027695,-0.049119086
1.06468601,1.799892672,0.086980032
1.392330739,1.853985639,0.151842697
1.687044164,1.839033965,0.385048349
1.977734902,1.844680209,0.32993383
2.254981689,1.716417491,0.335182832
2.529382978,1.763956916,0.315686539
2.796260004,1.763154595,0.276693954
3.046911314,1.8004438,0.414667716
3.287927669,1.840728588,0.389172564
3.514555324,1.87848269,0.505400461
3.732234091,1.934626451,0.608505854
3.934939313,1.957672574,0.435663723
4.126191309,2.01078326,0.520022681
4.306664902,2.045185607,0.592758849
4.474856737,2.070732424,0.468657449
4.630204465,2.08792235,0.362177698
4.770117518,2.094734585,0.279318455
4.896837805,2.100856973,0.212206218
5.012532253,2.103991276,0.080981173
5.118644233,2.117034624,0.416167431
5.213775361,2.11197325,0.628002146
5.295897425,2.09592682,0.363302484
5.364151901,2.083078428,0.33555776
5.419700983,2.053523752,0.19158514
5.464430421,2.021367155,-0.149599977
5.497564171,1.993083447,-0.25270537
5.518719835,1.968320206,-0.292447812
5.527747451,1.939432882,-0.749485898
5.524512055,1.896006292,-0.663627225
5.510374538,1.856752524,-0.282324737
5.485811025,1.815642919,-0.501658027
5.45072404,1.767912286,-0.266952661
5.406013347,1.724189512,0.020242724
5.352301281,1.676327659,-0.086611956
5.290315149,1.628559535,-0.060741876
5.221509569,1.575456348,-0.229459791
5.145745826,1.518060366,-0.444668864
5.062604031,1.463138833,-0.60176399
4.97160806,1.400302811,-0.735988464
4.872383013,1.343285494,-0.609637492
4.765517483,1.282923922,-0.689872234
4.651075203,1.212274638,-0.554897902
4.529337351,1.147597775,-0.376056912
4.400641335,1.080566436,-0.613761708
4.266306809,1.011555537,-0.586391913
4.126551214,0.942574632,-0.554522974
3.980542271,0.873275048,-0.670001013
3.82959963,0.799251514,-0.690622092
3.674743023,0.734285966,-0.503157742
3.516673514,0.669241685,-0.539525826
3.353006734,0.578699326,-0.54402497
3.181639487,0.498013525,-0.145850691
3.003272838,0.414478357,-0.127854113
2.819923755,0.334699854,-0.101234175
2.634730159,0.259082925,0.13384612
2.444906536,0.171986049,-0.014250717
2.252548582,0.091442716,-0.283449523
2.054927017,-0.006271797,-0.408300781
1.854366229,-0.080362816,-0.40267685
1.651788474,-0.183562359,-0.542150326
1.444044583,-0.264840529,-0.572144622
1.238373894,-0.359278271,-0.205839283
1.0249615,-0.460157081,-0.184093418
0.818173607,-0.538762095,-0.100859247
0.603347836,-0.708303131,0.187460924
0.39357573,-0.748565425,0.157091699
0.185408201,-1.026689806,0.132346405
-0.024708814,-0.955125725,0.17996235
-0.083751972,-0.254481583,0.138720193
-0.057411428,-0.150783401,-0.11998061
-0.066604,-0.177544948,-0.164972054
-0.061722789,-0.092165191,-0.154848979
-0.062753767,-0.122979586,-0.323566894
-0.062941218,-0.069542723,-0.207338997
-0.061205426,-0.090815491,-0.119230753
-0.062959963,-0.070626232,-0.133852972
-0.060755545,-0.061973157,-0.037871225
-0.062562568,-0.065411142,-0.022124219
-0.061201677,-0.052352797,-0.139101974
-0.06179777,-0.06015856,-0.177344701
-0.061700295,-0.045780509,-0.135352687
-0.061422869,-0.049394705,-0.229459791
-0.062228906,-0.050140789,-0.170970913
-0.062682536,-0.046965245,-0.050993729
-0.063859725,-0.044303337,-0.173220486
-0.064309606,-0.042751183,-0.113981751
-0.065055659,-0.041229021,0.006370362
-0.065438058,-0.040681643,-0.089986314
-0.066495279,-0.04091784,-0.147725334
-0.066675232,-0.037453611,-0.095235316
-0.067777441,-0.041525205,-0.160097981
-0.067668719,-0.031214999,-0.3393139
-0.067991134,-0.042065085,-0.31044439
-0.068902144,-0.026734745,-0.266202803
-0.067451277,-0.035110382,-0.274451235
-0.070158062,-0.035219108,-0.077238738
-0.067151356,-0.022771877,0.080606244
-0.070776649,-0.055644565,0.066733882
-0.06815984,-0.006193065,0.097478036
-0.069228307,-0.067930581,0.131221619
-0.071342749,0.008278716,0.028491155
-0.064886954,-0.063101656,-0.084362384
-0.078372143,-0.015944646,-0.101984033
-0.051443004,9.05e-05,-0.188967491
-0.197838096,-1.242349333,-0.31906775
-0.583378786,-1.839194065,-0.231334434
-0.924302508,-1.618630629,-0.217087144
-1.245862594,-1.803760697,-0.164972054
-1.568326191,-1.786469543,0.172088847
-1.861423793,-1.796037415,0.248574302
-2.154401426,-1.709604142,0.203207929
-2.430853424,-1.657325771,0.327684258
-2.707267931,-1.713304569,0.250448945
-2.969863588,-1.697168158,0.120723615
-3.219528908,-1.74310294,0.271070024
-3.457759749,-1.754549144,0.252698518
-3.683420159,-1.793521725,0.163840416
-3.899018226,-1.81759137,0.319060898
-4.099665241,-1.841556039,0.292815889
-4.291292138,-1.878470328,0.215580576
-4.471791974,-1.896473823,0.286442101
-4.640864827,-1.913941187,0.256822733
-4.795552728,-1.912460267,0.160091129
-4.93634305,-1.92035601,0.142844409
-5.065196524,-1.927419439,0.113225041
-5.181374594,-1.936522414,0.068983455
-5.288240125,-1.946176517,0.070858098
-5.38307883,-1.942648551,0.170589132
-5.464181164,-1.937894609,0.278193669
-5.532015751,-1.926583375,0.265446093
-5.587407374,-1.915620814,0.366301914
-5.631240798,-1.90399465,0.351679694
-5.66213639,-1.886111128,0.163465487
-5.681473783,-1.867905178,0.154467198
-5.688375711,-1.845548901,0.013119078
-5.682932148,-1.8179063,-0.185218204
-5.666998856,-1.787688022,-0.172470628
-5.640257167,-1.756821139,-0.230959505
-5.603336917,-1.719063288,-0.312693962
-5.556515531,-1.684128559,-0.277075736
-5.500599047,-1.648901395,-0.213712785
-5.436509721,-1.605073645,-0.241457509
-5.364918626,-1.566592205,-0.265827875
-5.286065699,-1.519975075,-0.213337856
-5.199306109,-1.466868139,-0.277450664
-5.104823559,-1.413626232,-0.379431271
-5.001913235,-1.355064259,-0.410925281
-4.890818821,-1.296022393,-0.455541797
-4.772260129,-1.229410961,-0.52677825
-4.645494854,-1.161978461,-0.503907599
-4.511850146,-1.094917129,-0.478037519
-4.372431962,-1.024826471,-0.530152608
-4.227105338,-0.956167994,-0.470913873
-4.075795294,-0.884922592,-0.468664301
-3.91903419,-0.816792748,-0.56427112
-3.759705014,-0.754560341,-0.533901895
-3.597042968,-0.678695967,-0.552273401
-3.426373037,-0.590470593,-0.61601128
-3.248310058,-0.506785458,-0.531652323
-3.063708806,-0.418462606,-0.51815489
-2.87518234,-0.342099593,-0.569145193
-2.684234014,-0.260064091,-0.483661449
-2.488869354,-0.176195248,-0.424422715
-2.290917877,-0.088813436,-0.432671146
-2.087264155,-0.003774853,-0.373432411
-1.883329258,0.076715992,-0.301071172
-1.674685605,0.187983741,-0.286448953
-1.464617327,0.250366114,-0.236958365
-1.253289383,0.374369779,-0.137977188
-1.036472887,0.447122345,-0.088861528
-0.825658557,0.564718686,-0.055492874
-0.603600946,0.70473129,0.052861521
-0.397105475,0.770053009,0.15671677
-0.174526751,1.081777417,0.152217626
0.003543726,0.696546861,0.181462065
0.012642573,0.086332603,0.275944097
-0.002360965,0.154747384,0.242200514
0.007382712,0.091753897,0.222329293
0.000578259,0.059664785,0.204707644
0.004994593,0.066218327,0.073482599
0.002422772,0.02682584,0.01836808
0.003817403,0.048912177,-0.058867232
0.003809905,0.015994499,-0.141351546
0.003202566,0.028827895,-0.127104255
0.004773401,0.016114473,-0.123354969
0.003322534,0.014378609,-0.106108248
0.004698421,0.014697288,-0.095235316
0.004331018,0.007198956,-0.093735601
0.004698421,0.010700677,-0.087736742
0.004968349,0.003382305,-0.087361813
0.004953353,0.006317902,-0.058492303
0.005328254,0.005043186,-0.082862669
0.005523203,0.006220424,-0.132353257
0.006407969,0.005646801,-0.151474621
0.007307732,0.004158382,-0.183343561
0.007993801,0.003880944,-0.223460931
0.008994786,0.004424573,-0.242957224
0.009264715,0.002295047,-0.229084862
0.009392181,0.005436848,-0.279325308
0.010355677,-0.000828008,-0.314193677
0.01015323,0.000229256,-0.279325308
0.011221698,0.006066708,-0.266952661
0.010693088,-0.007145353,-0.240332723
0.01178405,0.006599089,-0.17771963
0.01178405,-0.011213198,-0.113231894
0.011495376,0.008713619,-0.089986314
0.013332391,-0.00540574,-0.040495726
0.010674343,-0.003448675,0.031490585
0.01492572,0.011105587,0.020617652
0.010445653,-0.023619189,-0.002252998
0.015326864,0.040694005,-0.049868943
0.0121627,-0.05215784,-0.136477473
0.012571342,0.069311389,-0.182968632
0.017988661,-0.087118813,-0.25270537
0.002081612,0.169830279,-0.263953231
0.21082274,1.630644071,-0.276325878
0.588310556,1.933689159,-0.207713926
0.898267456,1.643983604,-0.092235886
1.210559989,1.774784508,-0.08548717
1.508437579,1.714899079,0.19720907
1.784338472,1.749800065,0.259072306
2.054870782,1.647770262,0.195334427
2.313668692,1.599469756,0.421416433
2.572189174,1.614368942,0.289816459
2.811507228,1.597194012,0.23170251
3.041632708,1.635304285,0.317936111
3.2607361,1.649363657,0.185961209
3.469739658,1.688973596,0.187460924
3.666067814,1.687863843,0.180712207
3.844175781,1.701207125,0.138720193
4.009507122,1.721475116,0.140594836
4.161428254,1.725801654,0.117724186
4.302525995,1.745466029,0.123723045
4.432819088,1.747460586,0.054361235
4.548622258,1.740277184,0.035239872
4.648657092,1.727904936,0.085480317
4.735292964,1.718412048,0.079481458
4.809482123,1.711922241,0.114724756
4.87155823,1.695530887,0.158216485
4.921375075,1.681501508,0.135720763
4.957942919,1.662586966,0.10497661
4.981989069,1.63366215,0.110225612
4.993772207,1.606938095,-0.042745298
4.994012144,1.581679964,-0.171720771
4.983327466,1.554097349,-0.168346413
4.961212056,1.515578418,-0.297696814
4.928468202,1.475139913,-0.375307055
4.886411808,1.445176579,-0.391428989
4.836107592,1.407692417,-0.386554916
4.7779492,1.37203035,-0.31044439
4.711599221,1.333162746,-0.268827304
4.637203866,1.272208805,-0.18071906
4.554189538,1.227200067,-0.158973195
4.462380032,1.179027033,-0.205089425
4.362457668,1.11133959,-0.156723623
4.254294981,1.057970212,-0.197590851
4.137865726,0.997091255,-0.277075736
4.014650764,0.931450857,-0.266952661
3.885846027,0.873241305,-0.308194818
3.750176853,0.808931861,-0.401926993
3.608325562,0.744881109,-0.437545219
3.462931456,0.678955774,-0.475413018
3.313897062,0.612760499,-0.509906458
3.159651543,0.543787092,-0.444293936
2.997769291,0.456375287,-0.433046075
2.82649202,0.371235476,-0.418048927
2.650847153,0.297661843,-0.363309337
2.471393291,0.213710518,-0.379056342
2.288081698,0.139701981,-0.337439256
2.101857125,0.045879102,-0.310819319
1.909592896,-0.029719082,-0.301071172
1.716593861,-0.110787298,-0.250080869
1.517510183,-0.210687575,-0.260953801
1.319161311,-0.275885572,-0.260203944
1.116024953,-0.40055284,-0.281949809
0.911220286,-0.452936187,-0.291323026
0.709036176,-0.601346923,-0.248581154
0.49809438,-0.697824212,-0.270701948
0.302137376,-0.828115229,-0.249331012
0.084203676,-1.075147777,-0.230209648
-0.052455237,-0.529040508,-0.190092277
-0.039052526,-0.093214957,-0.109857535
-0.034737415,-0.187037836,-0.037121367
-0.039667364,-0.086601428,0.100477465
-0.034253793,-0.096053076,0.15671677
-0.038456433,-0.077176025,0.185961209
-0.03494736,-0.056713077,0.216705362
-0.037241754,-0.066944551,0.204707644
-0.036049569,-0.040936586,0.195709355
-0.036326996,-0.054980962,0.146218767
-0.036641913,-0.037731049,0.112850112
-0.035798385,-0.042758681,0.085480317
-0.036986821,-0.035515292,0.033365228
-0.036416972,-0.032759655,-0.020249576
-0.036784375,-0.035114131,-0.071614808
-0.036641913,-0.028013211,-0.104233605
-0.037073049,-0.031499935,-0.132353257
-0.037163025,-0.028279402,-0.164972054
-0.037039308,-0.027578308,-0.190842134
-0.037616655,-0.029284178,-0.224585718
-0.038340214,-0.030307701,-0.228335005
-0.039401184,-0.029062978,-0.240332723
-0.040120994,-0.031229996,-0.265452946
-0.040709588,-0.027229635,-0.213712785
-0.040570875,-0.023439229,-0.166471769
-0.041283187,-0.030881323,-0.178469487
-0.041493131,-0.019986247,-0.185968061
-0.041616849,-0.027503325,-0.150724764
-0.042647827,-0.024271543,-0.158598266
-0.041808048,-0.021969555,-0.188967491
-0.043765032,-0.029302924,-0.15184955
-0.042284173,-0.012341697,-0.127104255
-0.043832514,-0.036235132,-0.125229612
-0.043682553,-0.007040376,-0.084737312
-0.04297399,-0.036433838,-0.072739594
-0.045841983,-0.011329422,-0.131228471
-0.041166968,-0.020256187,-0.161597696
-0.048170118,-0.039804338,-0.179969202
-0.039374941,0.014367361,-0.220836431
-0.04998089,-0.102265444,-0.265078017
-0.03801405,0.13094018,-0.243332153
-0.065670497,-0.589698265,-0.235833578
-0.364714029,-1.817017748,-0.219711644
-0.733387923,-1.710282741,-0.082112811
-1.034752092,-1.672573629,-0.123729897
-1.349893872,-1.775934387,-0.003002856
-1.635909594,-1.733452587,0.246699658
-1.911817985,-1.748524234,0.096728178
-2.176603064,-1.620272764,0.164965202
-2.435014825,-1.644976019,0.26657088
-2.686284722,-1.636469161,0.07310767
-2.919045757,-1.64838776,0.187835853
-3.145219781,-1.686561768,0.269570309
-3.358448474,-1.703358032,0.212206218
-3.562267152,-1.740932173,0.294315603
-3.750756127,-1.743714054,0.281568028
-3.923356799,-1.764810611,0.277818741
-4.083132107,-1.772312693,0.266195951
-4.228946102,-1.784366261,0.260197092
-4.364915197,-1.802006087,0.268445523
-4.48880873,-1.797132172,0.206582288
-4.597110131,-1.791935827,0.224578865
-4.691363991,-1.785352292,0.206957216
-4.772211392,-1.775207049,0.178462635
-4.840589585,-1.770801779,0.200583428
-4.897297111,-1.760079164,0.21745522
-4.941291743,-1.739331279,0.166839845
-4.972131099,-1.717559872,0.137595407
-4.990370033,-1.692635417,0.128972047
-4.99719698,-1.667883423,-0.059242161
-4.992128319,-1.6398884,-0.112107107
-4.97618003,-1.604031377,-0.118105967
-4.950116913,-1.568691738,-0.28157488
-4.913541571,-1.53249354,-0.313068891
-4.868231036,-1.496302841,-0.315318463
-4.815302513,-1.461720534,-0.335564613
-4.754189901,-1.416659308,-0.344187973
-4.684634518,-1.369314839,-0.337064328
-4.607104992,-1.322360284,-0.276325878
-4.521095204,-1.266310253,-0.319442679
-4.426503933,-1.210188987,-0.333689969
-4.323886031,-1.151072137,-0.322442108
-4.212990315,-1.086436515,-0.428921859
-4.093981742,-1.024024149,-0.498283669
-3.968494879,-0.961728007,-0.495284239
-3.836829648,-0.893047035,-0.521904177
-3.697902584,-0.82226653,-0.529027822
-3.553824381,-0.758043316,-0.426672287
-3.40655577,-0.695057327,-0.383555486
-3.255039531,-0.628614608,-0.367808481
-3.097873534,-0.54777884,-0.303695673
-2.932039826,-0.453895974,-0.281199951
-2.758678105,-0.376288237,-0.24408201
-2.581406167,-0.29387407,-0.246331582
-2.399391732,-0.21520532,-0.260578873
-2.215517787,-0.133574729,-0.253080299
-2.025619184,-0.038083471,-0.278950379
-1.832762611,0.030769963,-0.282324737
-1.636959317,0.138393522,-0.268452375
-1.437875639,0.207205715,-0.234708792
-1.239586751,0.311485018,-0.221211359
-1.033589899,0.403995689,-0.282324737
-0.834000104,0.490612671,-0.280450094
-0.624250493,0.656292066,-0.254205085
-0.423269816,0.69268522,-0.266577732
-0.216271978,0.997061262,-0.201340138
-0.019778866,0.831685549,-0.12860397
0.019413285,0.146754162,-0.051368658
-0.0033657,0.121226091,0.037489444
0.00708654,0.118646664,0.095978321
0.00140679,0.044863078,0.122598259
0.00405734,0.072955578,0.107976039
0.003405012,0.022638022,0.137970335
0.003003868,0.046006573,0.135345835
0.004454735,0.022649269,0.101227323
0.002760183,0.021760717,0.112100255
0.004634688,0.017063012,0.090729319
0.003442502,0.009620917,0.038239301
0.004316022,0.016781824,-0.013125931
0.00432352,0.003982172,-0.015000574
0.004507221,0.006617835,0.030365798
0.004792146,0.005714286,0.050986877
0.004717166,0.006674073,0.040113945
0.00538449,0.005140664,-0.026623364
0.005388239,0.00349478,-0.117356109
0.006213021,0.005643052,-0.181093988
0.007195261,0.008522412,-0.235833578
0.00780635,0.006554099,-0.242582295
0.008709861,0.006531604,-0.239207937
0.009560887,0.004990697,-0.269577162
0.009767082,0.00304488,-0.295822171
0.010449402,0.003311071,-0.331065468
0.010235708,-0.002188956,-0.346062616
0.01106424,0.005103172,-0.282324737
0.011259188,-0.005203285,-0.196840994
0.011266686,0.0058755,-0.142851261
0.012605083,-0.001420377,-0.109482607
0.010891785,7.93e-05,-0.082112811
0.013793519,0.011281798,-0.03937094
0.011409149,-0.014557454,0.02136751
0.013542335,0.023485333,0.117724186
0.012833772,-0.028609328,0.188210781
0.011964002,0.031954699,0.173213633
0.016541543,-0.021755853,0.0761071
0.008263729,0.004098396,-0.071614808
0.022794892,0.03195095,-0.253455227
-0.002518424,-0.113580427,-0.353186262
0.099383417,1.110773466,-0.390304203
0.454755824,2.021453386,-0.355435834
0.793523866,1.697244256,-0.179969202
1.098940714,1.778170004,-0.166846698
1.41213301,1.783973713,-0.019874647
1.693173796,1.790129844,0.142844409
1.970911703,1.75993781,0.048362376
2.232570107,1.648842523,0.228703081
2.494397217,1.699013863,0.307813037
2.744864826,1.677999787,0.241825585
2.979470374,1.70212942,0.331433545
3.203158804,1.72181629,0.25194866
3.415289037,1.764635515,0.203582858
3.620547335,1.80430919,0.257947519
3.809996057,1.810487815,0.238451227
3.984459986,1.828607535,0.277068883
4.143699186,1.835123585,0.292815889
4.290105524,1.852725919,0.25194866
4.425564754,1.868757353,0.164965202
4.549896921,1.874579808,0.079481458
4.661478706,1.865922984,0.136845549
4.757220923,1.86032173,0.192709926
4.839290501,1.853460756,0.286067172
4.909097068,1.845118862,0.387297921
4.966561893,1.836072124,0.348680265
5.011744961,1.820243145,0.283442671
5.044380093,1.803278169,0.286067172
5.064527273,1.772006376,0.236576584
5.072527661,1.744405015,0.141719622
5.069303512,1.722791073,0.15671677
5.055128505,1.688276251,0.021742438
5.029968899,1.647069168,-0.219336716
4.994105869,1.605337201,-0.324316752
4.948780338,1.565925968,-0.462290513
4.895315707,1.531677337,-0.529777679
4.833820696,1.492644769,-0.49790874
4.764610222,1.44283335,-0.453292225
4.687410608,1.392219609,-0.37380734
4.601974419,1.337815461,-0.395553205
4.508560337,1.27776132,-0.343438115
4.407153366,1.218663216,-0.277075736
4.297933457,1.158931504,-0.353186262
4.180761899,1.092140111,-0.363684265
4.056485966,1.029780233,-0.405301351
3.926650252,0.966156886,-0.524153749
3.790321252,0.889921345,-0.609262564
3.647289023,0.82201645,-0.645630648
3.50017787,0.757459561,-0.632508143
3.350288702,0.691283032,-0.517779961
3.195597051,0.617199512,-0.437920148
3.034194673,0.527868133,-0.443544078
2.864255798,0.440703773,-0.416924141
2.688329755,0.362604896,-0.47466316
2.508710937,0.276947701,-0.505407314
2.324807,0.199966075,-0.462665442
2.138889845,0.109866118,-0.416924141
1.946539389,0.020178569,-0.320192536
1.752966756,-0.0584077,-0.283074595
1.554647876,-0.165978771,-0.263203374
1.354668185,-0.230336954,-0.244456939
1.153856213,-0.34840569,-0.306320174
0.947896851,-0.420970798,-0.30182103
0.748093363,-0.544153396,-0.314943534
0.537473981,-0.681151671,-0.403426707
0.340973371,-0.757525931,-0.346437545
0.128340771,-1.066213514,-0.323941823
-0.041804299,-0.700696073,-0.316443249
-0.049785942,-0.119279159,-0.107607963
-0.03525103,-0.17681761,0.065984025
-0.044271148,-0.115608726,0.192334997
-0.037354224,-0.086507699,0.328809044
-0.041639343,-0.095276998,0.353554338
-0.038715115,-0.055153424,0.35880334
-0.039817324,-0.073096932,0.358428411
-0.039959786,-0.044734491,0.310062609
-0.038842581,-0.057151729,0.263196521
-0.040293448,-0.046365379,0.15409227
-0.039213733,-0.041450222,0.008245005
-0.040079755,-0.043546006,-0.103483747
-0.039629874,-0.038045979,-0.193466635
-0.040019771,-0.037622324,-0.237333293
-0.039884806,-0.033850663,-0.230209648
-0.040049763,-0.03408686,-0.2152125
-0.040480899,-0.029032984,-0.207713926
-0.040214719,-0.031897347,-0.201340138
-0.041208207,-0.03341201,-0.211463213
-0.042032989,-0.032894625,-0.183718489
-0.042644078,-0.032137294,-0.137977188
-0.043873753,-0.031222497,-0.10573332
-0.04399747,-0.026247354,-0.046869514
-0.044136184,-0.028778041,-0.068615378
-0.045009703,-0.025958668,-0.132353257
-0.044747272,-0.024830169,-0.169471199
-0.045894469,-0.030825086,-0.240332723
-0.045084683,-0.023596694,-0.30744496
-0.046040681,-0.034458027,-0.370058053
-0.046145653,-0.016829449,-0.381305914
-0.04554956,-0.034499268,-0.367808481
-0.047862699,-0.018865246,-0.35956005
-0.044818503,-0.020758575,-0.28157488
-0.049103622,-0.03606267,-0.20358971
-0.044968464,0.003408549,-0.08248774
-0.049156108,-0.063641536,0.042363517
-0.047041666,0.029112831,0.127472332
-0.045688274,-0.083332155,0.17133899
-0.053456222,0.045447948,0.169089418
-0.033563975,-0.13532184,0.158216485
-0.230776897,-1.492043788,0.010494577
-0.614761749,-1.847348501,0.007870077
-0.931770536,-1.643836272,-0.065990877
-1.245300242,-1.824107421,-0.198715637
-1.546844364,-1.783380231,0.043488303
-1.824661001,-1.823743752,-0.000753284
-2.098106292,-1.723562287,-0.045369799
-2.356967935,-1.697813015,0.195709355
-2.616628116,-1.741682006,0.14809341
-2.858667951,-1.727873828,0.209581717
-3.088137355,-1.770858016,0.391797065
-3.30469142,-1.786668249,0.386173135
-3.51224786,-1.840573758,0.437913295
-3.710799179,-1.86286255,0.47128195
-3.892847355,-1.87998874,0.458534374
-4.060997952,-1.896005177,0.435663723
-4.213361467,-1.902543723,0.411668286
-4.354312996,-1.92516994,0.398170853
-4.484583596,-1.934040466,0.275944097
-4.602276267,-1.940953928,0.214080862
-4.706967371,-1.933658051,0.172088847
-4.796081339,-1.923838986,0.095603392
-4.87241868,-1.921803189,0.101227323
-4.937261557,-1.908523643,0.150717911
-4.988937911,-1.894306805,0.124847831
-5.028999832,-1.875332276,0.12222333
-5.056123919,-1.846396213,0.276693954
-5.070936258,-1.821561737,0.256447805
-5.075003934,-1.794533999,0.211081432
-5.067453428,-1.759366822,0.293190817
-5.049450682,-1.726621607,0.170589132
-5.021273122,-1.688942488,0.027741298
-4.982605833,-1.644897286,-0.071614808
-4.934955916,-1.605444812,-0.268452375
-4.879436827,-1.561279637,-0.409050638
-4.815527454,-1.515880986,-0.515905317
-4.744341252,-1.470808512,-0.593890487
-4.666016935,-1.418031502,-0.664377083
-4.578987417,-1.360999189,-0.750610684
-4.483646343,-1.300378924,-0.700745167
-4.380188663,-1.238836364,-0.658003295
-4.268948039,-1.175809134,-0.653129222
-4.150006947,-1.106820731,-0.52677825
-4.024058956,-1.037348685,-0.44016972
-3.892146291,-0.972379387,-0.447668294
-3.753222976,-0.899188169,-0.36818341
-3.607937592,-0.825704515,-0.338938971
-3.458910695,-0.762291121,-0.372682554
-3.306532184,-0.690468348,-0.31606832
-3.149021277,-0.614401519,-0.349062046
-2.983682438,-0.522663176,-0.386554916
-2.810448184,-0.43188462,-0.395178276
-2.633434928,-0.353324596,-0.495659168
-2.451637935,-0.266617634,-0.548899043
-2.267400337,-0.190085908,-0.528277965
-2.078397747,-0.088554744,-0.492659738
-1.884408973,-0.009979723,-0.500158312
-1.689291748,0.082932109,-0.479912162
-1.488625988,0.171888571,-0.418798784
-1.289980944,0.258126887,-0.398177706
-1.084362741,0.370061987,-0.319442679
-0.883022159,0.434746348,-0.195341279
-0.677134028,0.613330372,-0.133852972
-0.471358367,0.662583166,-0.08548717
-0.272372163,0.900347775,-0.006377214
-0.058884789,0.971143277,-0.043120227
0.024493194,0.282815145,-0.055867803
-0.001221266,0.082122289,0.05023702
0.005635673,0.150829505,0.040863802
0.003948619,0.042051203,0.029241012
0.002910143,0.078005705,0.069358383
0.005054577,0.033484359,0.059235308
0.002606473,0.039944172,0.081356102
0.00526827,0.029986387,0.128222189
0.003255052,0.018547681,0.170964061
0.004825887,0.023444092,0.199458642
0.004278532,0.006257915,0.184836423
0.004540962,0.015885774,0.172463776
0.005013338,0.005886748,0.114724756
0.004623441,0.009845867,0.061109952
0.005212035,0.005733032,0.048737305
0.005009589,0.002598729,0.015368651
0.005680661,0.005541825,0.001871217
0.005751893,0.003352312,-0.04499487
0.006149288,0.001623946,-0.107607963
0.007262744,0.001301518,-0.19796578
0.008095024,0.00367474,-0.268077447
0.008837328,0.004953206,-0.307819889
0.009722094,0.004859476,-0.31044439
0.009909545,0.002463759,-0.267702518
0.010614358,0.00682029,-0.299946386
0.010734327,-0.001862778,-0.255329871
0.011131722,0.003386054,-0.194216493
0.011922763,-0.001469116,-0.176594844
0.011015503,0.001800157,-0.128229042
0.013028721,0.006531604,-0.083612526
0.011566607,-0.009960977,-0.006752143
0.013546084,0.013415073,-0.015000574
0.012867514,-0.017583031,-0.051368658
0.012530103,0.016166961,-0.071239879
0.015015696,-0.013177761,-0.12298004
0.01091053,0.008773606,-0.133852972
0.017816207,0.01077941,-0.196466065
0.008338709,-0.038038481,-0.228709933
0.020376781,0.07744333,-0.250830727
0.005444474,-0.16535266,-0.258329301
0.044392939,0.698713879,-0.214087714
0.354308599,1.963307571,-0.211838142
0.71515831,1.787197996,0.008245005
1.016856141,1.749140212,0.085855246
1.333538764,1.833177768,0.15109284
1.618939648,1.803420637,0.41354293
1.896745039,1.836057127,0.288316744
2.161016502,1.704836317,0.354304195
2.420481736,1.735680706,0.494902458
2.674649617,1.741660626,0.344930978
2.910938471,1.749770072,0.460783946
3.136366442,1.780299531,0.529770827
3.348148017,1.815781638,0.451785657
3.553976164,1.862443758,0.41354293
3.746071687,1.873882463,0.30406375
3.922976222,1.891278593,0.244450086
4.084858474,1.89781339,0.167964631
4.231650961,1.915764397,0.145468909
4.367882486,1.929628812,0.191960068
4.493298117,1.942840873,0.145843838
4.607099316,1.945004142,0.205082573
4.705889479,1.931518392,0.282317885
4.789852306,1.924387478,0.325809614
4.862196952,1.918201355,0.465283091
4.922147371,1.904044504,0.543643189
4.969546105,1.883795258,0.458909303
5.004636838,1.864479555,0.384298491
5.026624782,1.834444986,0.287941815
5.036983297,1.802430858,0.049487162
5.035967315,1.776422893,-0.034871795
5.02379428,1.739159932,-0.095610245
5.001360204,1.694492368,-0.260953801
4.968215206,1.657390622,-0.342313329
4.925468994,1.61752574,-0.450292795
4.874167541,1.570207516,-0.515905317
4.814573278,1.531591106,-0.556397617
4.74693364,1.486117471,-0.568020407
4.671676013,1.430266145,-0.460040941
4.588807896,1.380394739,-0.478412447
4.497598232,1.318597236,-0.501283098
4.398819316,1.255873689,-0.450667724
4.292527385,1.197679134,-0.541400469
4.178302548,1.129905461,-0.596140059
4.056917102,1.066094655,-0.563896191
3.929653209,1.001530268,-0.572144622
3.796263433,0.926925613,-0.589766271
3.655664311,0.850573848,-0.592390772
3.510052763,0.78915501,-0.634382787
3.361591967,0.726022804,-0.654254008
3.208838554,0.649341112,-0.618635781
3.050037989,0.570653616,-0.619760567
2.88318455,0.472729149,-0.574019266
2.709530407,0.38902152,-0.539150897
2.531801089,0.30936299,-0.526028392
2.349666686,0.228227288,-0.434170861
2.165807737,0.149513548,-0.351686547
1.975609213,0.04732628,-0.212587999
1.783082553,-0.030281457,-0.080238168
1.587028075,-0.131883855,-0.044245013
1.387239583,-0.205663693,-0.047619371
1.188163403,-0.314157059,-0.167221626
0.98205783,-0.405970385,-0.285699096
0.783330308,-0.501735332,-0.329565754
0.57489285,-0.662398342,-0.386929845
0.37634528,-0.712502197,-0.347562331
0.170524631,-1.018722828,-0.250080869
-0.020866078,-0.830327237,-0.232084291
-0.054543435,-0.169817917,-0.139101974
-0.032746691,-0.153272847,-0.003002856
-0.043048971,-0.144848471,0.069358383
-0.036911841,-0.077880868,0.16271563
-0.039689858,-0.100042188,0.202458072
-0.038448935,-0.052731463,0.204332715
-0.038006552,-0.077397226,0.18558628
-0.039213733,-0.049852103,0.109475754
-0.037605408,-0.053773731,0.097852965
-0.039307459,-0.05022702,0.096728178
-0.037909078,-0.036250129,0.045362947
-0.038685123,-0.045668034,-0.000378355
-0.038602645,-0.035384071,-0.106858106
-0.038711366,-0.038259682,-0.181843846
-0.038951303,-0.033363271,-0.239207937
-0.038820087,-0.03156742,-0.329565754
-0.039258722,-0.034004378,-0.278950379
-0.039269969,-0.031241243,-0.187092848
-0.039839818,-0.034263071,-0.103108819
-0.040717086,-0.033100829,-0.000753284
-0.041448143,-0.030607634,0.050986877
-0.042250432,-0.033903151,0.119598829
-0.042996485,-0.028346887,0.199083714
-0.042940249,-0.029242938,0.202833001
-0.043705047,-0.029887794,0.163840416
-0.043517597,-0.026296093,0.129346975
-0.044323634,-0.031957334,0.019492866
-0.044462347,-0.017530543,-0.198340709
-0.044436104,-0.031511183,-0.390679132
-0.045553309,-0.020676093,-0.442044364
-0.043948733,-0.02666726,-0.42854693
-0.046779236,-0.031173758,-0.418048927
-0.044098693,-0.008453812,-0.380930985
-0.047004176,-0.048581136,-0.356935549
-0.045609544,0.005999223,-0.300696244
-0.045294628,-0.057365432,-0.18934242
-0.048848689,0.003273579,-0.080613097
-0.041249446,-0.038270929,0.014993722
-0.055525676,-0.036879989,0.083980603
-0.029222622,0.054929588,0.134595977
-0.149172197,-1.153212911,0.028866084
-0.516886345,-1.903312302,0.039739016
-0.853494956,-1.64582333,0.112100255
-1.159837811,-1.805215373,0.037864373
-1.469937173,-1.810707902,0.280443241
-1.748256177,-1.833176653,0.318685969
-2.024625696,-1.787403086,0.156341842
-2.284308372,-1.708903048,0.302938963
-2.543571158,-1.771634094,0.255697947
-2.790278511,-1.755981325,0.206207359
-3.021494953,-1.794725207,0.343806192
-3.240785795,-1.814554546,0.367051771
-3.44870589,-1.8617378,0.409043786
-3.64963783,-1.898820801,0.48852867
-3.834568995,-1.911691688,0.500901317
-4.005280165,-1.933766777,0.53764433
-4.160931563,-1.938606951,0.581885916
-4.303843824,-1.95758148,0.547017547
-4.435321604,-1.96544723,0.439038082
-4.555578598,-1.975674955,0.34718055
-4.663977473,-1.972356943,0.247824445
-4.756356829,-1.957660212,0.149968054
-4.836042036,-1.957071593,0.155217056
-4.904176544,-1.94283601,0.220079721
-4.958953329,-1.926654609,0.230952653
-5.001976968,-1.907642589,0.219329863
-5.032362694,-1.877191862,0.276319026
-5.050013033,-1.852192423,0.20883186
-5.056457581,-1.819698402,0.113225041
-5.051617609,-1.784801165,0.187085995
-5.035942999,-1.750008904,0.109850683
-5.009823646,-1.707999499,-0.073114523
-4.973814405,-1.667830935,-0.158223338
-4.928927508,-1.625484105,-0.306695103
-4.875687817,-1.582241224,-0.458916155
-4.814908867,-1.537847349,-0.558647189
-4.746343223,-1.490082974,-0.594265416
-4.669267326,-1.437122256,-0.638132074
-4.583879875,-1.377424285,-0.756234614
-4.489970923,-1.316957736,-0.779480194
-4.388009098,-1.255752601,-0.813598705
-4.278616735,-1.193962596,-0.881085871
-4.161542651,-1.125948976,-0.829720639
-4.037724098,-1.058662694,-0.701495024
-3.9082033,-0.997060147,-0.663627225
-3.772121735,-0.921060803,-0.606263134
-3.6289208,-0.844360365,-0.514405603
-3.48146099,-0.786042088,-0.522279105
-3.330870756,-0.7142868,-0.458916155
-3.174900693,-0.632397516,-0.44316915
-3.012219903,-0.54705525,-0.433795932
-2.840927636,-0.454458349,-0.377181698
-2.665144055,-0.378575229,-0.416924141
-2.485480249,-0.294792616,-0.426297358
-2.302382349,-0.218020944,-0.424047786
-2.116229007,-0.123047071,-0.425547501
-1.923897296,-0.035965192,-0.431921289
-1.730602089,0.054783371,-0.430796503
-1.531019793,0.154916096,-0.390304203
-1.332622183,0.224590597,-0.381680843
-1.128979709,0.350705043,-0.323191966
-0.925337235,0.41333861,-0.201715067
-0.723014412,0.572681915,-0.143601118
-0.513954619,0.654162539,-0.100484318
-0.319062334,0.808751901,0.034115085
-0.101923424,1.034076778,0.107976039
0.022026345,0.446961131,0.111350398
0.004199802,0.062862824,0.191960068
0.003183821,0.161585863,0.197958927
0.006497946,0.051630322,0.143969195
0.002449015,0.070211189,0.133471191
0.006475451,0.04606656,0.118099114
0.003063852,0.030522518,0.091104248
0.005826873,0.036907347,0.071982884
0.004188555,0.015323399,0.049112234
0.005035832,0.027339476,-0.019499719
0.005264521,0.008226227,-0.11435668
0.004525966,0.014562318,-0.197590851
0.005594434,0.006854033,-0.230959505
0.005208286,0.006786548,-0.176969773
0.005898104,0.008331204,-0.055117945
0.005601932,0.004248362,0.044988018
0.006070558,0.0058755,0.1192239
0.006310495,0.003258583,0.151842697
0.006351734,0.002891164,0.088104818
0.007229002,0.003498529,0.055486021
0.008023793,0.007870057,0.053986307
0.00890481,0.005856755,-0.007876929
0.0098908,0.006535354,-0.047619371
0.010333183,0.003003639,-0.145475762
0.010554374,0.004113392,-0.299571458
0.0114054,0.003014887,-0.353936119
0.011131722,-0.000453092,-0.34493783
0.012271421,0.007663853,-0.308569746
0.012038982,-0.004164766,-0.271451805
0.012301413,0.008638636,-0.210713356
0.013249913,-0.006946647,-0.191966921
0.01204648,0.004207122,-0.192341849
0.014693281,0.00551933,-0.079863239
0.011769054,-0.010418375,0.0761071
0.015319366,0.02511622,0.209956646
0.012762541,-0.028099442,0.273694525
0.014202161,0.040135379,0.240700799
0.015997937,-0.036666286,0.140969765
0.010265701,0.032779516,0.025866654
0.022986092,-0.015018602,-0.11998061
-0.002893325,-0.030206473,-0.214087714
0.141147389,1.338051658,-0.306695103
0.511260903,2.008743713,-0.265827875
0.836243835,1.684114677,-0.158223338
1.142249278,1.820303132,-0.262828445
1.447347461,1.80192472,-0.01612536
1.723623255,1.838981477,0.166089988
1.995928847,1.78699929,0.135345835
2.253242148,1.70999517,0.492652886
2.512235006,1.762284788,0.567263697
2.755245834,1.73867629,0.5346449
2.984145389,1.780235795,0.699238599
3.202442743,1.804192966,0.620128644
3.410501551,1.847233391,0.590884205
3.609562735,1.875805785,0.607381068
3.791547179,1.883356606,0.499026674
3.959334121,1.905667893,0.385048349
4.112125024,1.910189387,0.164965202
4.253035314,1.926052108,0.020617652
4.383253427,1.939121701,-0.080613097
4.501718394,1.942372228,-0.159348124
4.60621455,1.933340487,-0.03337208
4.695201051,1.918422555,0.076856957
4.772321936,1.914096018,0.209581717
4.8375922,1.901914977,0.389547493
4.890130826,1.879866132,0.455534944
4.930507664,1.857956006,0.484029526
4.958077883,1.832109256,0.563139481
4.973430079,1.798842906,0.516273394
4.976575499,1.760496436,0.343056334
4.969043737,1.728384829,0.232077439
4.9513859,1.693723789,0.022117367
4.922424798,1.650694611,-0.280075165
4.884312362,1.609551264,-0.48066202
4.837588451,1.569187742,-0.605513277
4.782373032,1.523736603,-0.716492172
4.719374668,1.476148439,-0.819972493
4.648334677,1.42673818,-0.80347563
4.569174331,1.371205533,-0.758484186
4.481612453,1.315586656,-0.784729195
4.385881483,1.255303816,-0.662877368
4.282161372,1.191170582,-0.538401039
4.170804528,1.123408156,-0.523028963
4.051972158,1.052293975,-0.430421574
3.927058894,0.994050681,-0.370432982
3.79654086,0.928549002,-0.454417011
3.659098404,0.8534832,-0.514405603
3.515814991,0.788551395,-0.537276253
3.368928779,0.721774999,-0.66212751
3.21816984,0.651436896,-0.731864249
3.061869864,0.572993095,-0.738987894
2.897730709,0.479398915,-0.782854552
2.725658648,0.398038264,-0.798601557
2.549380197,0.316527646,-0.800101272
2.368790386,0.235309463,-0.753610113
2.186498523,0.160191173,-0.631008428
1.998800589,0.059702277,-0.455166868
1.807338648,-0.019453865,-0.276700807
1.613143679,-0.120966284,-0.143976047
1.413977523,-0.196759424,-0.01612536
1.216280978,-0.293952803,0.046862661
1.010793991,-0.397111105,0.027366369
0.811579098,-0.476454706,0.055486021
0.60488493,-0.64694428,0.042738446
0.403709304,-0.69199051,-0.014625646
0.202612408,-0.97434395,-0.067865521
0.000424549,-0.910829329,-0.169471199
-0.055042054,-0.22914097,-0.208463783
-0.030111137,-0.132427484,-0.179594274
-0.039307459,-0.155706056,-0.107982892
-0.034609949,-0.071304831,-0.015375503
-0.035839624,-0.107338065,0.076856957
-0.035997083,-0.054823497,0.177337849
-0.034463738,-0.069872649,0.219329863
-0.036446964,-0.051198054,0.239576013
-0.034474985,-0.0476176,0.260197092
-0.036169537,-0.049053531,0.249324159
-0.035108567,-0.034686727,0.190085425
-0.035625931,-0.043328554,0.097478036
-0.035547202,-0.030903818,-0.022124219
-0.035738401,-0.037836026,-0.140601689
-0.036150792,-0.033704445,-0.20958857
-0.035622182,-0.029422898,-0.269202233
-0.036304502,-0.031867354,-0.293572598
-0.036278259,-0.0258162,-0.298446671
-0.036701897,-0.032002324,-0.313818748
-0.037586663,-0.032890876,-0.299946386
-0.038448935,-0.028920509,-0.250830727
-0.039063773,-0.030615132,-0.187842705
-0.039866061,-0.027687034,-0.092235886
-0.04006101,-0.025677481,0.019492866
-0.040435911,-0.029400403,0.056235879
-0.04104325,-0.021587141,0.070858098
-0.040720835,-0.026277347,0.056610808
-0.041901774,-0.030866326,-0.014625646
-0.041136976,-0.023064312,-0.091486029
-0.042415388,-0.029497881,-0.170221056
-0.041729319,-0.011839309,-0.199090566
-0.041901774,-0.035084138,-0.255329871
-0.043232672,-0.012720363,-0.323566894
-0.04115947,-0.027833251,-0.299571458
-0.045448337,-0.026213611,-0.268827304
-0.040278452,-0.007231584,-0.219336716
-0.046471817,-0.061395785,-0.126354398
-0.041054497,0.031077394,0.000746431
-0.044702284,-0.100499587,0.065234168
-0.045298377,0.092938633,0.125972617
-0.038752605,-0.298624264,0.159341271
-0.280215092,-1.662619594,0.114724756
-0.662059259,-1.806302632,0.28081817
-0.969658031,-1.669038166,0.269570309
-1.283412678,-1.837053291,0.241075728
-1.576229104,-1.793053079,0.436413581
-1.85159014,-1.838822897,0.247074587
-2.119149485,-1.72471703,0.147343553
-2.375623008,-1.731810452,0.227578295
-2.631286745,-1.757649704,0.080606244
-2.866664589,-1.751696029,0.16271563
-3.091886365,-1.801916107,0.317561183
-3.305216281,-1.824771023,0.299564605
-3.510549559,-1.873476439,0.407918999
-3.70344737,-1.885308807,0.472406736
-3.879317178,-1.906326631,0.480280239
-4.041705547,-1.918473929,0.524896754
-4.189251584,-1.926508392,0.529395898
-4.326431609,-1.945021774,0.52302211
-4.452064683,-1.948842174,0.43941301
-4.565071092,-1.950049405,0.363302484
-4.664089944,-1.936331207,0.305188536
-4.748311453,-1.926474649,0.248949231
-4.821143471,-1.919797385,0.235451797
-4.881753715,-1.901621428,0.244450086
-4.929651067,-1.884172809,0.178087706
-4.965555336,-1.859525792,0.089979462
-4.988690477,-1.828396467,0.054361235
-4.999753805,-1.79817444,-0.096735031
-4.999708817,-1.76562418,-0.146225619
-4.989031636,-1.72813627,-0.080988025
-4.967381104,-1.68902497,-0.154099122
-4.935555758,-1.6502286,-0.191217063
-4.89457158,-1.605797234,-0.221961217
-4.844998421,-1.565733646,-0.304070602
-4.787773533,-1.5241329,-0.392553775
-4.722998138,-1.472251941,-0.468289373
-4.650064897,-1.419692383,-0.458541226
-4.56844895,-1.36513077,-0.541775398
-4.47862267,-1.306096402,-0.632883072
-4.380409855,-1.242859219,-0.678999302
-4.274331617,-1.181290415,-0.787728625
-4.160609148,-1.115128883,-0.831970212
-4.039148722,-1.046466657,-0.798226629
-3.912057283,-0.984342976,-0.766732618
-3.778798722,-0.911605406,-0.755859685
-3.638417043,-0.839910105,-0.660627796
-3.493517806,-0.778015124,-0.626509284
-3.345244461,-0.705427521,-0.608512706
-3.192074908,-0.634272099,-0.47766259
-3.032442062,-0.55204539,-0.447293365
-2.863564158,-0.455631838,-0.427797073
-2.689073986,-0.3784815,-0.400427278
-2.51080856,-0.294575165,-0.446543508
-2.328591678,-0.222407468,-0.473163446
-2.144447805,-0.13222128,-0.452917296
-1.953900623,-0.040899095,-0.418798784
-1.762165004,0.036329976,-0.399302492
-1.564228523,0.140384329,-0.324316752
-1.365857157,0.208409197,-0.250455798
-1.16468528,0.335738373,-0.250830727
-0.959426983,0.403039651,-0.191966921
-0.758892438,0.538144597,-0.118855824
-0.548689196,0.655227302,-0.08248774
-0.353444505,0.757223363,0.016118508
-0.137973904,1.045380513,0.112100255
0.014562066,0.579809079,0.154467198
0.009740839,0.067639261,0.227203366
0.000866932,0.155684675,0.315686539
0.008331211,0.067849214,0.330308759
0.002415274,0.062094245,0.30106432
0.006827858,0.057096606,0.27219481
0.003689937,0.024066454,0.198333856
0.005744395,0.038339529,0.082855817
0.005002091,0.009283492,-3.43e-06
0.005152051,0.024947508,-0.071614808
0.006078056,0.010258275,-0.133478043
0.005058326,0.012087868,-0.128229042
0.006344236,0.006580344,-0.123729897
0.005680661,0.003551017,-0.118105967
0.006419216,0.007195207,-0.06824045
0.006265507,0.000600424,-0.036746439
0.006400471,0.005373112,-0.028498007
0.006876596,-0.001671571,-0.019499719
0.006940329,0.00138025,-0.040120797
0.008143761,0.006925267,-0.125604541
0.008946049,0.002662465,-0.17771963
0.009684604,0.005545574,-0.194591421
0.010704335,0.004612031,-0.2557048
0.010663096,-0.000426848,-0.284949238
0.011536615,0.00551933,-0.28719881
0.011990245,-0.001251664,-0.294697384
0.011892771,0.004252112,-0.300321315
0.012927498,-0.000164406,-0.316818178
0.012128959,-0.002770076,-0.334814755
0.013771025,0.001728923,-0.262078588
0.012593836,-0.012442925,-0.130853542
0.014307133,0.013823732,-0.061491733
0.014157173,-0.016836947,0.032615371
0.013343638,0.015893272,0.143219337
0.016447818,-0.010474613,0.229827867
0.011611595,-0.001622832,0.281193099
0.018832188,0.020167321,0.26919538
0.010168226,-0.04712271,0.266945808
0.020328043,0.083891896,0.175088277
0.009609624,-0.164141679,0.034864943
0.03370826,0.574166584,-0.115481466
0.327848087,1.921583102,-0.306320174
0.69686689,1.822657608,-0.261703659
1.000143054,1.739328645,-0.265078017
1.318122835,1.845246333,-0.214462643
1.606571665,1.807525974,0.077981743
1.885093115,1.855620276,0.08173103
2.151539005,1.724763135,0.204707644
2.411199187,1.74645206,0.411668286
2.667279064,1.761921119,0.412418144
2.906105997,1.77252751,0.652372512
3.134458196,1.805044026,0.806093279
3.347465697,1.827520276,0.754728047
3.554197356,1.884871269,0.717610106
3.749040903,1.89942928,0.56913834
3.929259563,1.919187385,0.476156023
4.094815845,1.925429747,0.390672279
4.245113655,1.937760754,0.287191958
4.384636812,1.956461594,0.296940104
4.512395574,1.963873695,0.233202225
4.629135997,1.967382914,0.154842127
4.732177537,1.949983035,0.112475184
4.820061829,1.942338485,0.082480888
4.895765588,1.929711294,0.144344123
4.959877408,1.914883343,0.302938963
5.011621244,1.903182196,0.423291076
5.051075825,1.872768961,0.479530381
5.078451096,1.848020716,0.509524677
5.093068486,1.812452378,0.400420425
5.095880244,1.782117876,0.339307047
5.087891103,1.751191006,0.283442671
5.068808643,1.701060907,0.107226182
5.039303934,1.668030755,-0.089611386
5.000115532,1.622950783,-0.394803347
4.952038228,1.570349984,-0.683123518
4.895900552,1.536704968,-0.909205524
4.832444809,1.49098014,-1.05730236
4.761412317,1.436366039,-0.97669269
4.681974544,1.381215807,-0.880336014
4.594487646,1.322773807,-0.791102983
4.498801664,1.265587778,-0.657253437
4.39486786,1.201255839,-0.645255719
4.283499769,1.138970944,-0.583017555
4.164311243,1.072524475,-0.479162305
4.03833326,1.003153656,-0.45179251
3.90700544,0.942822077,-0.413924711
3.769169338,0.871974087,-0.427422144
3.625079888,0.796750821,-0.532777109
3.477173945,0.732272664,-0.62201014
3.326276293,0.668341885,-0.703369667
3.170111281,0.592762448,-0.804975345
3.006230807,0.501444011,-0.784354267
2.833971295,0.416202973,-0.778355407
2.657175482,0.338910167,-0.833469926
2.476214518,0.250501084,-0.822596994
2.292063147,0.182371239,-0.787353696
2.105189995,0.089283196,-0.637007288
1.912164717,0.004203372,-0.427422144
1.718243425,-0.076242483,-0.236958365
1.518053789,-0.183498623,-0.048369229
1.318628951,-0.255107694,0.036364658
1.114517851,-0.372021687,0.060360095
0.909184573,-0.436916001,0.104226752
0.706614316,-0.589604535,0.115474613
0.495342606,-0.682831297,0.155591984
0.299408097,-0.827222927,0.228328152
0.08180056,-1.072598344,0.138720193
-0.054187279,-0.52597369,0.027366369
-0.040679596,-0.096113062,0.005620504
-0.036218274,-0.188083853,-0.105358391
-0.040927031,-0.089267085,-0.092235886
-0.035858369,-0.099820987,0.01836808
-0.039918547,-0.080134117,0.040863802
-0.036330745,-0.059105045,0.126722474
-0.038542661,-0.068357986,0.185211352
-0.037193017,-0.042736186,0.206957216
-0.037504185,-0.057616626,0.230577724
-0.037980309,-0.039005766,0.221204507
-0.037384217,-0.04604295,0.179587421
-0.038216497,-0.040126766,0.069358383
-0.037582914,-0.034188087,-0.046494585
-0.038190254,-0.036193891,-0.169471199
-0.037991556,-0.029659095,-0.286074024
-0.038403947,-0.032624685,-0.323566894
-0.038561406,-0.028110689,-0.300696244
-0.03888757,-0.030960056,-0.314193677
-0.040169731,-0.034592997,-0.347562331
-0.040683345,-0.031001296,-0.352061476
-0.041425649,-0.03381692,-0.399302492
-0.042340408,-0.029209195,-0.392553775
-0.042340408,-0.026813478,-0.281949809
-0.043037724,-0.028969248,-0.183343561
-0.042966492,-0.022063285,-0.067490592
-0.043750036,-0.030495159,0.029241012
-0.043941235,-0.020068728,0.055486021
-0.043798773,-0.029317921,0.065984025
-0.045167161,-0.021238468,0.05023702
-0.043423872,-0.020848555,0.01274415
-0.046220633,-0.034128101,-0.018749861
-0.043716294,-0.010999496,-0.031122508
-0.045868226,-0.049297226,-0.049494015
-0.04532462,0.00434959,-0.02774815
-0.044106191,-0.050185779,-0.020999433
-0.049043638,-0.00374111,-0.045744728
-0.039971033,-0.024339028,-0.041620512
-0.054693396,-0.053425058,-0.083987455
-0.029627515,0.089309441,-0.006377214
-0.128316454,-1.041547751,-0.038246154
-0.487347895,-1.902978626,-0.059242161
-0.832792923,-1.658465518,0.042363517
-1.139604404,-1.795868703,-0.073489451
-1.45385392,-1.821989142,0.167589703
-1.735123395,-1.831913184,0.388797636
-2.013037506,-1.799021751,0.279318455
-2.274947094,-1.707530853,0.461158875
-2.535379572,-1.769230878,0.527146326
-2.784744972,-1.759992933,0.444662012
-3.018900638,-1.796798496,0.531270542
-3.241194437,-1.813718482,0.519647752
-3.450501666,-1.856177787,0.474281379
-3.653559294,-1.899368179,0.485154312
-3.84238943,-1.91226531,0.450660871
-4.017411962,-1.936574903,0.405294499
-4.177191019,-1.939000613,0.375300203
-4.323076245,-1.954034769,0.386548064
-4.457875649,-1.96454743,0.338932119
-4.581409277,-1.971610859,0.295815318
-4.693797099,-1.974096556,0.278193669
-4.791537539,-1.959823481,0.236576584
-4.874971756,-1.949573261,0.239201084
-4.947256418,-1.940132861,0.278568598
-5.006730713,-1.920329766,0.305563464
-5.053900756,-1.901047806,0.277068883
-5.089298909,-1.876228327,0.368926415
-5.111613016,-1.844874051,0.33855719
-5.122642604,-1.815855507,0.170964061
-5.122357679,-1.780137202,0.184086566
-5.110926948,-1.744940032,0.061484881
-5.089403881,-1.707009719,-0.146975477
-5.057087415,-1.660040168,-0.266577732
-5.015038519,-1.617025986,-0.423297929
-4.964914255,-1.575590203,-0.548524114
-4.906725871,-1.532186109,-0.649754863
-4.841099451,-1.484837891,-0.65950301
-4.768214947,-1.433425578,-0.645630648
-4.686988897,-1.379163898,-0.704494454
-4.597548765,-1.319758363,-0.641881361
-4.499838318,-1.259647985,-0.594640344
-4.393868801,-1.195758447,-0.654628936
-4.280131336,-1.127073726,-0.637757145
-4.158637168,-1.061313354,-0.589391343
-4.030743441,-0.994968112,-0.646005576
-3.896795063,-0.926887007,-0.662502439
-3.755978498,-0.855244194,-0.618260853
-3.609665885,-0.787579246,-0.718741744
-3.460282833,-0.727483864,-0.765232903
-3.307094535,-0.65296919,-0.750985612
-3.147525422,-0.569370286,-0.798976486
-2.979483547,-0.480447567,-0.76035883
-2.803973644,-0.401336416,-0.716117243
-2.624902181,-0.318862262,-0.670001013
-2.441286919,-0.234408549,-0.577768553
-2.255808398,-0.162761986,-0.506907029
-2.06516749,-0.064998734,-0.424047786
-1.87093878,0.0094747,-0.316443249
-1.674685605,0.108786358,-0.197590851
-1.47339376,0.187327636,-0.136852402
-1.27382646,0.283216306,-0.075364095
-1.065940106,0.38488244,0.035989729
-0.863362351,0.461605374,0.072357813
-0.653695217,0.639765742,0.090729319
-0.44866561,0.677103686,0.147718482
-0.244760705,0.955749201,0.157091699
-0.036694399,0.910388042,0.056610808
0.024538182,0.211828436,0.030365798
-0.001210019,0.102956405,0.08772989
0.008398694,0.135146744,0.050611948
0.004263536,0.044533151,0.100102537
0.005425729,0.073566693,0.177337849
0.006194276,0.026923318,0.188210781
0.004514719,0.044510656,0.25494809
0.006749129,0.020658462,0.284567457
0.004612193,0.020077341,0.26057202
0.006704141,0.019424986,0.229452938
0.005710653,0.004383332,0.160091129
0.006235515,0.01495973,0.052111663
0.006617914,0.004409576,-0.07086495
0.006569177,0.009613419,-0.136477473
0.007079042,0.000626668,-0.163847268
0.006850352,0.003221091,-0.163097411
0.007517676,0.005999223,-0.168721341
0.007457692,-0.000756774,-0.228709933
0.008005048,0.006227922,-0.259079158
0.00901728,0.005361865,-0.297696814
0.009722094,0.002268803,-0.345687688
0.010711833,0.006092952,-0.368933267
0.01148038,0.00169518,-0.291697955
0.011352913,-0.001649076,-0.181093988
0.0121627,0.002778689,-0.157098552
0.012136457,-0.002582618,-0.092235886
0.01280378,0.002568736,-0.066740735
0.01303247,-0.005533212,-0.082862669
0.012758792,0.006707815,-0.077238738
0.014689532,-0.00203524,-0.086986885
0.012863765,-0.005971864,-0.090361243
0.015446832,0.013984946,-0.124479755
0.013617316,-0.019506353,-0.139476903
0.015353107,0.022090643,-0.164597126
0.015574299,-0.023424232,-0.164222197
0.013621065,0.023819009,-0.06224159
0.018985898,-0.014186287,-0.042745298
0.009868306,-0.009799763,-0.018749861
0.024418213,0.047986133,0.025866654
0.000784454,-0.141354248,0.053236449
0.084248664,0.990473977,0.053986307
0.429806163,2.006497963,0.097478036
0.774955019,1.716856144,0.307438108
1.078144956,1.779137289,0.257197662
1.391056076,1.807852152,0.394421566
1.671197099,1.817596234,0.551141763
1.947000518,1.807833406,0.247449516
2.207560462,1.692962709,0.34718055
2.467509317,1.747824255,0.397795925
2.717238371,1.728384829,0.241825585
2.949965665,1.762843414,0.359553197
3.172060766,1.784093687,0.342306477
3.382365231,1.817078849,0.31268711
3.585775267,1.864265852,0.334058046
3.773473201,1.861345252,0.322435256
3.946205088,1.885729828,0.368926415
4.104042158,1.886704611,0.349055194
4.249068861,1.895758847,0.385048349
4.384141942,1.919607292,0.371925844
4.507919256,1.911869013,0.270320167
4.61848131,1.909214604,0.324684828
4.713706164,1.901487572,0.335932689
4.795385845,1.881290815,0.305188536
4.865259894,1.877185478,0.366676842
4.923152106,1.857997247,0.372675702
4.969062483,1.829091177,0.230577724
5.002458664,1.806626174,0.155217056
5.023505606,1.778436195,0.0761071
5.032803151,1.740524629,-0.146600548
5.030696207,1.701458319,-0.178469487
5.01788584,1.665170141,-0.181843846
4.993922168,1.622808315,-0.298446671
4.960109847,1.584008196,-0.350561761
4.91715369,1.534710412,-0.392553775
4.865151172,1.486848559,-0.440919577
4.806201739,1.452843623,-0.5065321
4.739495604,1.402803504,-0.452917296
4.664466667,1.349876528,-0.395553205
4.581463586,1.29731697,-0.51515546
4.490212682,1.238095144,-0.538401039
4.391122599,1.174760483,-0.558647189
4.284095861,1.110499777,-0.685748019
4.168960015,1.049819526,-0.702994739
4.046562337,0.982428267,-0.640006717
3.91840243,0.919599743,-0.661377653
3.783955433,0.853344481,-0.702994739
3.642771466,0.779122242,-0.652004436
3.497032451,0.716181243,-0.686497876
3.34832422,0.650454614,-0.714617528
3.19476852,0.579392922,-0.667001584
3.034479597,0.499119529,-0.628758856
2.86534676,0.408730885,-0.527528107
2.690324228,0.334662362,-0.496409025
2.511863854,0.252356921,-0.515905317
2.328848433,0.174610465,-0.493784524
2.143624845,0.088994511,-0.485911021
1.951638043,0.001084066,-0.430421574
1.758286601,-0.074799054,-0.357310477
1.560230152,-0.175985295,-0.317568035
1.360752828,-0.237032965,-0.280075165
1.159993342,-0.354828011,-0.310819319
0.954123956,-0.428326662,-0.303695673
0.754249237,-0.550197052,-0.237333293
0.543026265,-0.682107708,-0.188592562
0.34586208,-0.763427119,-0.028123079
0.132078533,-1.069658998,0.091854105
-0.037020563,-0.692852818,0.116599399
-0.043821267,-0.117693262,0.23470194
-0.029856204,-0.178174808,0.335932689
-0.038767601,-0.116186097,0.354679124
-0.031846929,-0.08848351,0.386922992
-0.036072063,-0.091966485,0.40491957
-0.033361529,-0.058197747,0.362927555
-0.03453122,-0.078068326,0.274069454
-0.034336271,-0.040689141,0.145468909
-0.033429011,-0.053680002,0.015743579
-0.034688678,-0.042556226,-0.091486029
-0.033522736,-0.040745379,-0.141351546
-0.034598702,-0.043399788,-0.145100833
-0.033965119,-0.035549035,-0.161597696
-0.034486232,-0.036838748,-0.150349835
-0.034508726,-0.028928008,-0.152599407
-0.034478734,-0.034068114,-0.148100263
-0.035142309,-0.030468915,-0.103858676
-0.035029838,-0.029569115,-0.093735601
-0.035820879,-0.033895653,-0.098984603
-0.036799371,-0.030795092,-0.106483177
-0.03741046,-0.029291677,-0.143601118
-0.038550159,-0.033730689,-0.213337856
-0.039022534,-0.028673064,-0.250080869
-0.039030032,-0.030502657,-0.283824452
-0.039746093,-0.031646153,-0.348687117
-0.039513654,-0.022381964,-0.351686547
-0.040694592,-0.0273871,-0.347187402
-0.040158484,-0.021962057,-0.431171431
-0.040949525,-0.03184111,-0.457041512
-0.041354418,-0.015895907,-0.342688258
-0.040282201,-0.02860183,-0.211088284
-0.04278654,-0.019982498,-0.060366947
-0.039779834,-0.017429315,0.123723045
-0.043858757,-0.043163591,0.254198232
-0.040150986,0.002347535,0.330308759
-0.043251417,-0.061084604,0.358053482
-0.042797787,0.022829229,0.358053482
-0.039423678,-0.075387673,0.31831104
-0.049673471,0.027114526,0.251198803
-0.026013469,-0.074694077,0.166464917
-0.201782054,-1.416318133,-0.083612526
-0.582160358,-1.869779761,-0.141351546
-0.902693215,-1.63997838,-0.177344701
-1.214288432,-1.820699429,-0.316443249
-1.517980736,-1.789108956,-0.019499719
-1.795591177,-1.829022578,0.072357813
-2.069058963,-1.741404568,0.063734453
-2.326938365,-1.700414936,0.334432974
-2.586347363,-1.748989131,0.317936111
-2.828840827,-1.731424288,0.404169712
-3.057496696,-1.771900284,0.665495016
-3.274376925,-1.791437188,0.675243163
-3.482465725,-1.842669542,0.722484179
-3.681571897,-1.863676119,0.737856255
-3.863953735,-1.876944417,0.604756567
-4.031684443,-1.892863376,0.493027814
-4.184906482,-1.898007232,0.355428981
-4.326067955,-1.911061828,0.253073446
-4.456087371,-1.920254783,0.159341271
-4.575886985,-1.924502588,0.120723615
-4.68137288,-1.909955824,0.088854676
-4.772035189,-1.899120734,0.016493437
-4.850498219,-1.889560361,0.011994292
-4.916578269,-1.873228994,0.070858098
-4.970549017,-1.853294678,0.1597162
-5.011480708,-1.827470423,0.241075728
-5.040734233,-1.79956538,0.371925844
-5.058504541,-1.77021316,0.350554908
-5.064135554,-1.737445449,0.257197662
-5.059325574,-1.704966424,0.238451227
-5.04396588,-1.667531001,0.064109382
-5.017479124,-1.622079862,-0.100109389
-4.981113727,-1.578360837,-0.265078017
-4.935776949,-1.535185441,-0.497533811
-4.881813699,-1.492291233,-0.6737503
-4.820288696,-1.446146498,-0.868713224
-4.751018239,-1.399109461,-0.91033031
-4.673394986,-1.348297015,-0.876586727
-4.587921308,-1.290211186,-0.839093857
-4.494064842,-1.232504023,-0.672250585
-4.392185495,-1.170803998,-0.604763419
-4.28284187,-1.106397075,-0.571769694
-4.165205434,-1.039740653,-0.464540086
-4.040550851,-0.971318373,-0.39967742
-3.909729148,-0.905730463,-0.395928133
-3.771911791,-0.839265249,-0.360684836
-3.628096018,-0.772736298,-0.363684265
-3.480744929,-0.710980035,-0.480287091
-3.33021468,-0.640503213,-0.526028392
-3.174027174,-0.563120427,-0.603263705
-3.009678074,-0.476154772,-0.713117814
-2.836814972,-0.389601526,-0.731114391
-2.659722986,-0.315671722,-0.763733188
-2.478019719,-0.233999889,-0.755484757
-2.293673399,-0.163785509,-0.694746307
-2.105495591,-0.068867873,-0.598014703
-1.911810487,0.009144773,-0.48928538
-1.717056916,0.099004784,-0.362934408
-1.516031251,0.190634401,-0.164972054
-1.317086286,0.263863111,-0.054368088
-1.111591801,0.376510553,0.021742438
-0.908069295,0.435334967,0.123348116
-0.702657288,0.612614282,0.109100826
-0.49372871,0.666002405,0.115849542
-0.295724747,0.863564708,0.195709355
-0.077603596,1.014854803,0.157466628
0.026127762,0.355503976,0.090354391
0.002508999,0.070799808,0.08173103
0.006201774,0.154646156,0.016118508
0.006872847,0.047296286,-0.040495726
0.00416981,0.074597713,-0.02774815
0.00757766,0.029802678,0.024366939
0.00454846,0.037645933,0.109850683
0.007375214,0.032112164,0.214830719
0.005388239,0.013216367,0.294315603
0.006640408,0.026132244,0.319810755
0.006651655,0.00349478,0.30968768
0.006299248,0.016174459,0.284192528
0.007079042,0.008203732,0.225328723
0.00674538,0.007056488,0.13947005
0.007247748,0.005665547,0.073857528
0.007165269,0.003760971,-0.03637151
0.007690131,0.006441624,-0.14885012
0.00773137,-0.000843005,-0.224585718
0.008162506,0.005676795,-0.324316752
0.009260966,0.007858809,-0.386929845
0.009920792,0.000802879,-0.40267685
0.010790562,0.007416408,-0.439419863
0.011750309,0.003787215,-0.466414729
0.011844034,-0.00154035,-0.475787947
0.012605083,0.005935487,-0.48066202
0.012507609,-0.004131024,-0.363684265
0.01310745,0.005238142,-0.173970343
0.013729786,-0.001150437,-0.07686381
0.013216171,0.002137582,-0.015375503
0.015094425,0.002951151,0.098602822
0.013279905,-0.004310984,0.179587421
0.015739255,0.013066401,0.145093981
0.014344623,-0.019266407,0.176213063
0.015131916,0.026308455,0.249699088
0.016339097,-0.021133491,0.177712778
0.013077458,0.012740223,0.109100826
0.019653222,-0.000156908,-0.019874647
0.010280697,-0.026341083,-0.137977188
0.024257006,0.068224131,-0.160847839
0.004113575,-0.157771846,-0.18934242
0.064277688,0.84579741,-0.237708222
0.394093093,1.987414708,-0.314568606
0.747508517,1.735905656,-0.152224478
1.049967397,1.761171286,-0.098234746
1.365645286,1.81469063,0.034490014
1.648688043,1.796668389,0.401545212
1.926268492,1.812793552,0.37305063
2.189362767,1.687852595,0.489653456
2.449858978,1.728538545,0.640749722
2.702830926,1.718524523,0.512149178
2.938538682,1.743250272,0.598382779
3.163171864,1.765996462,0.626502432
3.374773486,1.794216435,0.545517832
3.580177995,1.844200316,0.505025533
3.771493724,1.846412324,0.424040934
3.948034605,1.865904238,0.396671138
4.108904624,1.876240689,0.276693954
4.256180733,1.885343664,0.171713918
4.393387001,1.900051642,0.138720193
4.519541187,1.904168226,0.02699144
4.633604817,1.898405758,-0.020624505
4.732548689,1.884488854,-0.003752713
4.817647467,1.86198261,0.081356102
4.89076066,1.852264772,0.22307915
4.951775797,1.838186654,0.394421566
5.000494182,1.812043719,0.454410158
5.036765854,1.78942875,0.455160016
5.060856992,1.757508351,0.455909873
5.072887565,1.72555046,0.231327582
5.073622371,1.693690047,0.065609096
5.063878694,1.655744738,-0.06524102
5.043274135,1.615103778,-0.34793726
5.012239831,1.567568103,-0.536151467
4.971701786,1.523417924,-0.645630648
4.922507276,1.483714256,-0.706369097
4.865079941,1.435867399,-0.730364534
4.799712203,1.392020903,-0.683123518
4.726891433,1.341538383,-0.538401039
4.645215501,1.28356128,-0.494159453
4.555362978,1.230446845,-0.442044364
4.458226129,1.169054252,-0.374932126
4.352938932,1.107804127,-0.437920148
4.239951269,1.042771094,-0.462665442
4.119360613,0.979620141,-0.433421003
3.992610334,0.923757568,-0.469414159
3.859685435,0.853385722,-0.545149756
3.719847362,0.784018653,-0.580767983
3.574726934,0.719626727,-0.670375942
3.425838751,0.652820338,-0.750610684
3.273186562,0.588154723,-0.745736611
3.11433351,0.503543544,-0.772356548
2.946816496,0.411392793,-0.717242029
2.77249128,0.34492008,-0.673375371
2.594701979,0.268564565,-0.655753723
2.411941491,0.187327636,-0.569520122
2.227209023,0.113379086,-0.498283669
2.036699331,0.015537101,-0.364059194
1.842125712,-0.054527313,-0.271076876
1.645505133,-0.152421786,-0.175095129
1.443354765,-0.227431351,-0.040495726
1.243356329,-0.317317605,-0.016500289
1.035856123,-0.422189277,-0.000753284
0.834403071,-0.492366166,-0.029997722
0.626003103,-0.660883679,-0.115856395
0.420980993,-0.704718928,-0.199840423
0.218275771,-0.976803403,-0.297321885
0.009913294,-0.942506033,-0.383930415
-0.054273507,-0.251377274,-0.315318463
-0.028484067,-0.125862695,-0.121480325
-0.037466695,-0.160962387,0.030365798
-0.033309043,-0.071878453,0.228703081
-0.033935127,-0.103390194,0.361052912
-0.034662435,-0.054396092,0.403044926
-0.032619225,-0.070611235,0.460783946
-0.034921117,-0.051989128,0.453285372
-0.032660464,-0.045450582,0.423666005
-0.03438126,-0.050054558,0.351679694
-0.033567724,-0.034765459,0.219704792
-0.033935127,-0.040644151,0.081356102
-0.034073841,-0.032425979,-0.047619371
-0.033935127,-0.037029955,-0.096735031
-0.034370012,-0.033794425,-0.123354969
-0.034111331,-0.029734078,-0.178844416
-0.034756161,-0.028095693,-0.231709363
-0.034591204,-0.028571837,-0.32769111
-0.035247281,-0.031050036,-0.442794221
-0.036551936,-0.029239188,-0.493034667
-0.037035559,-0.029351663,-0.418423855
-0.038062787,-0.031586166,-0.317568035
-0.038880072,-0.026172371,-0.163097411
-0.038703868,-0.027405846,-0.03937094
-0.039584885,-0.026296093,-0.082862669
-0.039142502,-0.022858108,-0.071239879
-0.039989778,-0.032707167,-0.06824045
-0.040154735,-0.021857081,-0.092610815
-0.0400985,-0.032707167,-0.100859247
-0.041032003,-0.01691568,-0.109857535
-0.039933543,-0.029902791,-0.093360672
-0.042524109,-0.030821336,-0.145850691
-0.039817324,-0.010748302,-0.121855254
-0.043221425,-0.043748461,-0.070115093
-0.040634608,0.008604893,-0.02774815
-0.041931766,-0.056626846,0.078356672
-0.043757534,0.017141744,0.1192239
-0.037519181,-0.05395744,0.06748374
-0.050846911,-0.013061537,-0.006002285
-0.024645081,0.008949817,-0.043870084
-0.167313656,-1.269898204,-0.190092277
-0.541712289,-1.894520508,-0.158223338
-0.871531444,-1.632375072,-0.007876929
-1.180209931,-1.801035053,0.005620504
-1.487883684,-1.787279363,0.267320737
-1.766341401,-1.815791771,0.295440389
-2.04218231,-1.749525262,0.169464346
-2.3018125,-1.682092762,0.345680835
-2.562199989,-1.737400459,0.340056905
-2.808097555,-1.719768131,0.380924133
-3.039767628,-1.756333747,0.562389624
-3.259107207,-1.771502873,0.539144044
-3.468316961,-1.817981284,0.537269401
-3.670051189,-1.846647407,0.535394757
-3.855612188,-1.859390822,0.4915281
-4.027523042,-1.875527233,0.526396469
-4.183729292,-1.875954637,0.554141192
-4.327650037,-1.891502429,0.538394187
-4.460578685,-1.897561081,0.358428411
-4.582121589,-1.903473516,0.12222333
-4.691735143,-1.894692969,-0.037121367
-4.78585029,-1.877596772,-0.0911111
-4.86700511,-1.870960748,-0.041995441
-4.936867911,-1.855416706,0.055111093
-4.993747891,-1.833379108,0.161965772
-5.038106177,-1.812072598,0.14809341
-5.070355161,-1.783005314,0.145468909
-5.090161181,-1.750938697,0.083980603
-5.098341521,-1.721144075,-0.018749861
-5.095799692,-1.688353869,0.047612519
-5.082816871,-1.648414004,0.015743579
-5.059441793,-1.605624772,-0.147725334
-5.025993126,-1.567158329,-0.299946386
-4.983415619,-1.523495542,-0.458541226
-4.932207892,-1.480207671,-0.548899043
-4.872962287,-1.437898333,-0.601389061
-4.806016215,-1.385128821,-0.545899613
-4.73048866,-1.33118957,-0.472413588
-4.646338381,-1.275514455,-0.505782243
-4.554097739,-1.219880581,-0.516280246
-4.45374424,-1.16068125,-0.599889346
-4.346027684,-1.099112446,-0.690622092
-4.230783117,-1.03912579,-0.626134355
-4.108246725,-0.971974477,-0.535776539
-3.979633188,-0.906255347,-0.550398758
-3.843664093,-0.838845342,-0.531652323
-3.700856804,-0.767708666,-0.526403321
-3.553648178,-0.704242784,-0.634007858
-3.403087936,-0.644406095,-0.600264275
-3.247796444,-0.573415637,-0.503157742
-3.084864469,-0.486491223,-0.468289373
-2.913403497,-0.400042953,-0.428172002
-2.736915102,-0.328317659,-0.500158312
-2.556310294,-0.247545626,-0.623134926
-2.372098939,-0.175550392,-0.623134926
-2.185383245,-0.088269807,-0.565020977
-1.991675647,-0.000449343,-0.481786806
-1.796997056,0.073206773,-0.340063757
-1.596586229,0.178483354,-0.191217063
-1.395478085,0.239452291,-0.118855824
-1.192334229,0.357449793,-0.110607393
-0.984391641,0.422317863,-0.038246154
-0.782245021,0.544098273,0.040863802
-0.568836376,0.671431198,0.056610808
-0.370738688,0.7471681,0.109850683
-0.154252105,1.050329412,0.03861423
0.011090483,0.639327089,-0.132353257
0.013606068,0.075325051,-0.084737312
0.001571746,0.152145463,-0.037496296
0.009984525,0.079212937,-0.019499719
0.00333753,0.056013097,0.150342983
0.008196247,0.05968728,0.242200514
0.0051558,0.028974112,0.259822163
0.006850352,0.042726053,0.249324159
0.006827858,0.012436541,0.195709355
0.00621677,0.030147601,0.146968624
0.007405206,0.011555487,0.11359997
0.006231766,0.01230532,0.116974328
0.007457692,0.010333259,0.077231886
0.007082791,0.003172352,0.023992011
0.007551417,0.00592049,0.014243864
0.007536421,-0.000516828,-0.003002856
0.007783856,0.005706788,-0.041620512
0.008289972,-0.00104546,-0.088486599
0.008586144,0.001758916,-0.154848979
0.009534644,0.004765747,-0.265078017
0.010138234,-0.001142938,-0.338564042
0.010959267,0.004638276,-0.384680272
0.012072723,0.005545574,-0.394803347
0.012305162,-0.003013772,-0.282324737
0.012758792,0.001901384,-0.172845557
0.013122446,-0.001701564,-0.090361243
0.013279905,0.004139637,-0.018374932
0.01435587,-0.002012745,-0.004877499
0.013504845,-0.001611584,-0.020249576
0.01522939,0.008852338,-0.07386438
0.014220906,-0.014748662,-0.086611956
0.015218143,0.014209896,-0.096735031
0.015529311,-0.019558842,-0.127479184
0.014325878,0.005620557,-0.110982321
0.017902434,-0.007572758,-0.104233605
0.012912502,-0.009597308,-0.077613667
0.020155589,0.026754606,-0.061116804
0.012286417,-0.055607073,-0.005252428
0.020388028,0.088698326,0.027741298
0.013744782,-0.148432674,0.023992011
0.025066792,0.467791497,0.056235879
0.300056676,1.850300209,-0.041245583
0.672292129,1.821476621,0.036364658
0.975875712,1.706557185,0.103101966
1.29295948,1.827692738,0.124472902
1.582626738,1.777892566,0.398920711
1.860383391,1.822293939,0.319060898
2.128208916,1.685145698,0.241450657
2.388034054,1.700344817,0.340056905
2.645789738,1.719990446,0.225703651
2.885224011,1.717984643,0.328059186
3.114089825,1.747464335,0.443912155
3.328795627,1.766708804,0.392171994
3.53687318,1.820520584,0.405294499
3.733040129,1.827115367,0.340431833
3.913562458,1.846843478,0.290941245
4.079857295,1.85627638,0.299939534
4.231163589,1.863902183,0.330308759
4.371376563,1.8766381,0.442787369
4.500649926,1.86850241,0.434164008
4.618425075,1.870039568,0.386173135
4.722126441,1.863947173,0.35880334
4.81108295,1.849782824,0.255697947
4.887941404,1.835580983,0.200958357
4.95316668,1.820831764,0.196834141
5.00569031,1.798029337,0.112100255
5.046085893,1.768767096,0.033365228
5.073862308,1.742436703,0.032240442
5.089143273,1.703044216,-0.115856395
5.0932072,1.675356625,-0.210338427
5.086241539,1.635026847,-0.172470628
5.068872376,1.585117949,-0.211838142
5.040852275,1.558975014,-0.226085432
5.002739839,1.510700753,-0.300696244
4.956139645,1.467184183,-0.414674568
4.90155031,1.424863597,-0.511781102
4.839234266,1.367677568,-0.604388491
4.768846603,1.325619424,-0.54102554
4.690117393,1.272122574,-0.488160594
4.602780457,1.214944044,-0.504657456
4.506817048,1.160000016,-0.471288802
4.40327314,1.096725341,-0.545149756
4.292148735,1.033465663,-0.67674973
4.173353855,0.971664411,-0.680124088
4.048703022,0.914819556,-0.667751441
3.918065019,0.852748364,-0.686122947
3.780311396,0.77562427,-0.608137778
3.636656831,0.709009089,-0.593890487
3.489054558,0.658927729,-0.652379364
3.337710773,0.586688799,-0.578893339
3.180147381,0.509707173,-0.483286521
3.014617342,0.427446722,-0.402301921
2.840981944,0.340840987,-0.331440397
2.663560046,0.271530156,-0.344187973
2.482280416,0.191976602,-0.392553775
2.297480466,0.124206678,-0.417673998
2.10903273,0.02543115,-0.406801066
1.914710294,-0.051344271,-0.385055201
1.719221917,-0.127036183,-0.33631447
1.516880349,-0.227645053,-0.296197099
1.316045884,-0.290398594,-0.338564042
1.109854083,-0.409310892,-0.344187973
0.903984696,-0.466403191,-0.30182103
0.699296248,-0.619590365,-0.274826163
0.487773355,-0.703223011,-0.157098552
0.290519194,-0.860935428,0.00412079
0.071385811,-1.064372673,0.059610237
-0.051784164,-0.467021804,0.097103107
-0.033050361,-0.093863563,0.182211922
-0.032439272,-0.189219851,0.169839275
-0.035228536,-0.078312022,0.160091129
-0.030830947,-0.09890994,0.229452938
-0.034767408,-0.076692382,0.246699658
-0.031108374,-0.059404978,0.24632473
-0.033818908,-0.063900228,0.21445579
-0.032045626,-0.041915119,0.134970906
-0.032622974,-0.051587967,0.089604533
-0.032784181,-0.034120603,0.067858669
-0.032383037,-0.041618935,0.034864943
-0.033410266,-0.034705472,-0.004127642
-0.032709201,-0.03224602,-0.041995441
-0.033384023,-0.033798174,-0.06224159
-0.033260306,-0.031901096,-0.08548717
-0.033695191,-0.030108995,-0.101984033
-0.033743928,-0.02608614,-0.088486599
-0.033957621,-0.031473691,-0.089236457
-0.035161054,-0.030202724,-0.131978329
-0.035783389,-0.027079669,-0.17771963
-0.036480705,-0.031252491,-0.260578873
-0.037444201,-0.027855746,-0.381680843
-0.037725376,-0.025070116,-0.442794221
-0.038493923,-0.031676146,-0.473538374
-0.038257736,-0.024095333,-0.389554346
-0.038853828,-0.028564338,-0.263953231
-0.039352447,-0.018059175,-0.19796578
-0.038752605,-0.023765406,-0.096735031
-0.040495895,-0.022565673,-0.013125931
-0.038883821,-0.017463058,0.074607385
-0.041230701,-0.032830889,0.151842697
-0.039311208,-0.005480723,0.259822163
-0.04073958,-0.045896733,0.297689962
-0.041489382,4.31e-06,0.218205077
-0.03892506,-0.041251516,0.129346975
-0.044863491,-0.013818869,0.007495148
-0.035311014,-0.011051984,-0.031497437
-0.049594742,-0.072005925,-0.128229042
-0.027250643,0.118151775,-0.196466065
-0.102144615,-0.914526007,-0.321317322
-0.446521176,-1.900612902,-0.406426137
-0.798969355,-1.660857486,-0.233958935
-1.102834113,-1.74984769,-0.275201092
-1.417968396,-1.796337348,-0.017250146
-1.699890199,-1.789798803,0.321685398
-1.977759322,-1.774607182,0.254198232
-2.240737378,-1.66429922,0.473156593
-2.501694717,-1.719022047,0.596883064
-2.753635687,-1.707917017,0.519272823
-2.988608638,-1.73177671,0.662120658
-3.212195845,-1.750275095,0.666244874
-3.423478802,-1.785187329,0.553391335
-3.628692111,-1.825138442,0.535019829
-3.81890938,-1.833202898,0.468657449
-3.994884161,-1.851431343,0.333683117
-4.155491749,-1.852979748,0.188210781
-4.303105269,-1.867091609,0.088104818
-4.439471759,-1.871511876,-0.018749861
-4.564362529,-1.877263096,-0.055117945
-4.6780775,-1.871136959,-0.026623364
-4.775652983,-1.853002243,0.059235308
-4.860639291,-1.847907127,0.230952653
-4.934251102,-1.832085646,0.34718055
-4.994880092,-1.813594759,0.457034659
-5.044007119,-1.79232949,0.444662012
-5.079948878,-1.761233907,0.477280809
-5.103466418,-1.730040846,0.44241244
-5.115452003,-1.695837205,0.146218767
-5.115669445,-1.660673777,0.005995433
-5.10538966,-1.624790509,-0.178469487
-5.084496427,-1.585971644,-0.457791369
-5.053668318,-1.544213433,-0.571019836
-5.01363264,-1.502072807,-0.64488079
-4.965056717,-1.462076704,-0.696246022
-4.908904046,-1.417795305,-0.726990176
-4.844616022,-1.369993438,-0.656128651
-4.772166404,-1.320152025,-0.550023829
-4.691022832,-1.265234242,-0.549273972
-4.60109158,-1.206653523,-0.456291654
-4.503144944,-1.148470216,-0.364434123
-4.397190424,-1.093143773,-0.387679702
-4.283175532,-1.026277398,-0.391803918
-4.161838823,-0.959853424,-0.351686547
-4.034781125,-0.905051864,-0.426672287
-3.901151413,-0.834736256,-0.526403321
-3.760436071,-0.765571642,-0.51815489
-3.614535849,-0.708460596,-0.649005006
-3.465276514,-0.641714194,-0.722491031
-3.311338414,-0.567746898,-0.704119525
-3.150430905,-0.490694038,-0.741987324
-2.981204343,-0.401418897,-0.690247163
-2.805004622,-0.328235177,-0.65950301
-2.625899418,-0.25678732,-0.613761708
-2.442212924,-0.178943387,-0.476912733
-2.25610457,-0.10844032,-0.313818748
-2.064177752,-0.012244219,-0.193466635
-1.86897055,0.058749988,-0.090361243
-1.671004077,0.159133908,0.04423816
-1.468100158,0.230034386,0.089979462
-1.266583372,0.323804777,0.087354961
-1.057092442,0.421470551,0.080606244
-0.853761136,0.494035659,0.008619934
-0.641668393,0.669875294,-0.136852402
-0.436755005,0.699771144,-0.235833578
-0.229539724,0.980381222,-0.263953231
-0.025199934,0.883431539,-0.352811333
0.024530684,0.174284288,-0.250080869
-0.000119057,0.106049467,-0.03337208
0.010254454,0.125541381,0.039364087
0.004953353,0.037124799,0.186336138
0.007071544,0.076191109,0.314561753
0.007258995,0.028606694,0.359553197
0.006261758,0.041128908,0.416167431
0.008038789,0.015293405,0.418791932
0.006119296,0.019612445,0.388047778
0.008218741,0.020624719,0.281193099
0.007037803,0.008417435,0.15671677
0.007720123,0.018592671,0.054361235
0.007735119,0.006347895,-0.054743016
0.007495182,0.005155661,-0.095610245
0.008125016,0.002707455,-0.148475191
0.008166255,0.008758609,-0.216712215
0.008634881,0.003142358,-0.289823311
0.008496168,-0.006309289,-0.378306485
0.009118504,-0.000171904,-0.421423285
0.010250705,0.003419797,-0.373057483
0.010929275,0.003146108,-0.282699666
0.011870277,0.006546601,-0.248206226
0.012698808,0.002407522,-0.109107678
0.012777537,0.002388776,0.014993722
0.013681049,0.005005694,0.009369791
0.013429865,0.000945347,0.042738446
0.014333376,0.00821498,0.070483169
0.014738269,-0.010504606,0.077981743
0.01416842,0.003948429,0.049862091
0.015862973,0.001995114,0.013868936
0.014314631,-0.004880857,-0.043870084
0.016920193,0.011975393,-0.12860397
0.014783258,-0.015505993,-0.121105396
0.016725245,0.023796514,-0.133852972
0.016811472,-0.025212584,-0.141726475
0.014989453,0.024186427,-0.072739594
0.020091856,-0.020713585,-0.074989166
0.011259188,-0.006470503,-0.135352687
0.025996547,0.045196753,-0.218961787
0.001871667,-0.136963975,-0.193466635
0.08983094,1.017722915,-0.170595985
0.43848887,2.003292426,-0.09973446
0.782351816,1.687215237,0.166464917
1.085511761,1.756544815,0.128597118
1.39774056,1.786894314,0.197958927
1.677634149,1.780134567,0.346055764
1.953463811,1.768819584,0.159341271
2.213997512,1.648771289,0.308562894
2.474722412,1.695800827,0.419541789
2.724170291,1.680627953,0.338932119
2.956788863,1.702736784,0.436413581
3.179971177,1.733138772,0.408668857
3.3915728,1.75845689,0.386173135
3.595852606,1.788191525,0.417667146
3.783944186,1.796525921,0.427040363
3.957084715,1.807788416,0.447286513
4.115712826,1.807867148,0.334058046
4.261556813,1.823193739,0.215580576
4.396813596,1.834055073,0.097852965
4.520913325,1.828082651,0.007120219
4.631917762,1.819317101,0.056985736
4.727423792,1.804076741,0.1192239
4.80987202,1.7905535,0.185961209
4.880615839,1.776115461,0.220454649
4.939512786,1.744281293,0.217830149
4.986082988,1.723034769,0.119598829
5.019910305,1.704633862,0.067858669
5.041343395,1.668739347,0.109475754
5.050802148,1.632544899,0.002621075
5.049103846,1.597235253,-0.041995441
5.036585902,1.559679857,-0.103858676
5.013199577,1.520947223,-0.282324737
4.979540965,1.479376471,-0.340063757
4.937162156,1.434206519,-0.39405349
4.886906677,1.391072364,-0.410925281
4.82872954,1.355691485,-0.3824307
4.762634494,1.306041279,-0.389179417
4.688280379,1.245653462,-0.399302492
4.605322285,1.19864267,-0.53240218
4.513647744,1.139904486,-0.593515558
4.41399156,1.079085515,-0.562771405
4.306188777,1.024317698,-0.604388491
4.190134424,0.959704572,-0.619760567
4.067969184,0.892718223,-0.614886494
3.939636823,0.828712461,-0.633632929
3.80441753,0.768527099,-0.675999872
3.663466001,0.703756507,-0.6306335
3.518143126,0.647923927,-0.568770264
3.36911623,0.581679913,-0.496034096
3.214360846,0.503116139,-0.401177135
3.052133685,0.425227216,-0.441669435
2.880852665,0.341440854,-0.498283669
2.704428004,0.273629689,-0.560146904
2.524850425,0.194428557,-0.585267127
2.340879006,0.125432655,-0.518529818
2.154748158,0.041110162,-0.433046075
1.962131522,-0.043665979,-0.283824452
1.768004035,-0.110997251,-0.179594274
1.568275527,-0.211433659,-0.126354398
1.36729485,-0.275008267,-0.098984603
1.163967293,-0.391963501,-0.12860397
0.956249645,-0.45346482,-0.113981751
0.753604407,-0.577532221,-0.165721912
0.540341973,-0.699841263,-0.233958935
0.342401744,-0.787762955,-0.203964639
0.125611491,-1.077712206,-0.172470628
-0.037001818,-0.649737409,-0.106483177
-0.037916576,-0.104203763,0.040863802
-0.026407115,-0.178898397,0.182586851
-0.034392507,-0.104267498,0.219329863
-0.027674281,-0.08376331,0.2838176
-0.032101861,-0.085412943,0.320935541
-0.029027673,-0.052195332,0.273694525
-0.030624752,-0.066262203,0.250448945
-0.030178619,-0.036808755,0.163465487
-0.02983371,-0.05503345,0.085105389
-0.030804704,-0.04136774,0.028116226
-0.029578778,-0.037963498,0.005620504
-0.030853441,-0.03692123,0.016868365
-0.030107388,-0.029239188,-0.025873506
-0.030677238,-0.032650929,-0.049868943
-0.030755967,-0.027154652,-0.147725334
-0.030849692,-0.0287368,-0.265827875
-0.031265832,-0.026074892,-0.296946957
-0.031284577,-0.028313144,-0.304445531
-0.0323343,-0.028451864,-0.283074595
-0.033136588,-0.025396293,-0.22683529
-0.033863896,-0.02689221,-0.158598266
-0.034853635,-0.026723498,-0.145100833
-0.034943611,-0.024785179,-0.100109389
-0.035311014,-0.028361884,-0.027373221
-0.036105804,-0.021834586,-0.034871795
-0.035655923,-0.019982498,-0.006752143
-0.036938084,-0.025606247,0.009369791
-0.03634949,-0.018201644,-0.104233605
-0.037088045,-0.033666953,-0.186717919
-0.037361722,-0.012772851,-0.203964639
-0.036570681,-0.029145459,-0.216712215
-0.039194988,-0.023191784,-0.164972054
-0.036165788,-0.017999189,-0.070490022
-0.040214719,-0.036433838,0.001871217
-0.036267012,0.009913352,0.045362947
-0.039554893,-0.060495985,0.049112234
-0.03888757,0.027695647,0.060735023
-0.035948346,-0.072407086,0.037489444
-0.04547458,0.033623078,0.004495718
-0.023130481,-0.089986925,0.037114515
-0.203829014,-1.448527219,-0.076488881
-0.585305777,-1.868550035,-0.052118516
-0.905306275,-1.623759488,-0.01612536
-1.21603547,-1.79857935,-0.101984033
-1.518044469,-1.75667867,0.136845549
-1.794927603,-1.794702712,0.147343553
-2.067848033,-1.701048545,0.082855817
-2.326450993,-1.657910641,0.304438678
-2.586609793,-1.699916297,0.27219481
-2.828732106,-1.674463209,0.278943527
-3.058096538,-1.716750052,0.44803637
-3.276682566,-1.731799205,0.418791932
-3.486027284,-1.777876455,0.450660871
-3.685485863,-1.79376917,0.514773679
-3.867680251,-1.799486648,0.466782805
-4.03642694,-1.815060683,0.44241244
-4.190158845,-1.81660534,0.421791361
-4.332512503,-1.830454759,0.398170853
-4.464552635,-1.83593604,0.264321307
-4.584078572,-1.830964645,0.13084669
-4.68989063,-1.817748835,0.029615941
-4.780609174,-1.804971678,-0.086611956
-4.858989727,-1.790136228,-0.117356109
-4.925879563,-1.771544114,-0.083987455
-4.980296443,-1.75191723,-0.063741305
-5.022817715,-1.725710559,-0.034121938
-5.052502376,-1.696069653,0.088854676
-5.070021499,-1.66506405,0.080231316
-5.076158629,-1.629799395,0.036739586
-5.071048728,-1.591355446,0.091479177
-5.05540036,-1.553470124,-0.021749291
-5.028849872,-1.516135929,-0.160847839
-4.992334514,-1.475213782,-0.227960076
-4.947503853,-1.429965098,-0.374182269
-4.89502896,-1.388986713,-0.500908169
-4.834669899,-1.349009356,-0.554897902
-4.766359187,-1.299160445,-0.545149756
-4.689860638,-1.247511934,-0.565395906
-4.604450693,-1.189516085,-0.584142341
-4.510391781,-1.128918315,-0.531652323
-4.408152529,-1.072673327,-0.558647189
-4.297631714,-1.010110994,-0.607762849
-4.179301712,-0.947769862,-0.575893909
-4.054774595,-0.88439021,-0.514405603
-3.923907903,-0.819900806,-0.52677825
-3.785753136,-0.754837779,-0.451042652
-3.642061081,-0.693175246,-0.34793726
-3.49497992,-0.637305174,-0.378306485
-3.343654881,-0.565872315,-0.337064328
-3.185772822,-0.488894438,-0.350936689
-3.019298033,-0.402986049,-0.443544078
-2.845010308,-0.324594737,-0.478412447
-2.667340975,-0.260375272,-0.534276824
-2.484557992,-0.178707189,-0.576268838
-2.299506858,-0.107240587,-0.542150326
-2.110028144,-0.015273545,-0.481411877
-1.915087122,0.055072057,-0.418423855
-1.719531262,0.143608612,-0.341563472
-1.517227185,0.227889863,-0.236208507
-1.317210003,0.296930755,-0.142101404
-1.109736041,0.411494021,-0.058867232
-0.904590214,0.46993977,0.042363517
-0.696546402,0.640751772,0.059610237
-0.486196949,0.690851878,0.082105959
-0.285381228,0.902526041,0.144719052
-0.066686479,1.003153656,0.070858098
0.028163474,0.321885204,0.000371503
0.002703947,0.080558887,0.067108811
0.008244984,0.151485609,0.05586095
0.00765639,0.039707974,0.007120219
0.005823124,0.075025118,0.048362376
0.008679869,0.033004466,0.069358383
0.005898104,0.040120383,0.088104818
0.008541156,0.028224279,0.128972047
0.006580424,0.015432125,0.175838134
0.008391196,0.029795179,0.169839275
0.007870083,0.008848589,0.128597118
0.007708876,0.011836674,0.118474043
0.008252482,0.003918436,0.061484881
0.008001299,0.01203538,0.019117938
0.00882983,0.007510137,0.002996003
0.008436184,0.005361865,-0.064866091
0.008863571,0.00740516,-0.110607393
0.0091335,0.004274606,-0.152224478
0.009744588,0.007573873,-0.22383586
0.010809307,0.006021718,-0.312319033
0.011382906,0.003164853,-0.348687117
0.012248927,-0.000179403,-0.35356119
0.013227418,0.002501251,-0.360684836
0.013313646,0.002778689,-0.27857545
0.014153424,-0.000175654,-0.230584577
0.013984718,0.000780384,-0.170595985
0.014820748,0.004308349,-0.048369229
0.015034441,-0.007404046,0.033365228
0.014899477,0.008406187,0.075732171
0.016489057,-0.002016494,0.062984595
0.014891979,0.002077595,0.071233027
0.017520035,0.008469923,0.028491155
0.015071931,-0.020743578,-0.004127642
0.017628756,0.021018382,0.036364658
0.016575284,-0.032965859,0.009369791
0.015990439,0.030312564,-0.026623364
0.020185581,-0.023874132,-0.078363524
0.012117712,0.008826094,-0.133852972
0.026570145,0.024366387,-0.204714496
0.000806948,-0.102985284,-0.192716778
0.110765412,1.154252545,-0.183343561
0.470850324,1.998324781,-0.190092277
0.808242479,1.660536172,-0.027373221
1.114701553,1.782342826,-0.04499487
1.426566698,1.769216996,0.081356102
1.706955156,1.779827136,0.271070024
1.984599339,1.758033234,0.179212492
2.245849101,1.639698307,0.376799917
2.507766186,1.694968513,0.455534944
2.757918879,1.675375371,0.320935541
2.992351972,1.698968873,0.400420425
3.215755478,1.718479533,0.359553197
3.428260612,1.756218637,0.296565176
3.633623881,1.787430444,0.326184543
3.823522485,1.790081105,0.313811896
3.999073627,1.808028362,0.329558901
4.159148856,1.807822158,0.305938393
4.306597419,1.813843319,0.272944667
4.443196348,1.823748615,0.19720907
4.568780685,1.826729202,0.14246948
4.681944552,1.811687548,0.170589132
4.77950129,1.793642812,0.17133899
4.863895254,1.780629457,0.207332145
4.936746016,1.773442306,0.235826726
4.997116324,1.746313341,0.232077439
5.045163637,1.709957678,0.162340701
5.081199121,1.698286524,0.152967483
5.10475415,1.663992903,0.128597118
5.116248615,1.618762964,-0.023623934
5.116818465,1.593047435,-0.05961709
5.106366225,1.559334934,-0.176594844
5.085161824,1.516860633,-0.371182839
5.053411459,1.47461503,-0.449168009
5.01193991,1.427742957,-0.522279105
4.962273025,1.386153458,-0.522654034
4.904493283,1.348838009,-0.520029533
4.839230517,1.293916476,-0.502407884
4.765866141,1.244963616,-0.445793651
4.68395777,1.199718681,-0.523403891
4.594288949,1.138577281,-0.507656886
4.4962036,1.083258337,-0.471663731
4.389956657,1.021633296,-0.533901895
4.275360668,0.95580169,-0.531277394
4.153236667,0.897648376,-0.530152608
4.025470407,0.832555356,-0.556397617
3.891075896,0.769201949,-0.589391343
3.750244335,0.702054386,-0.569145193
3.604876473,0.644159764,-0.568020407
3.456243222,0.59333607,-0.537276253
3.302991191,0.513954978,-0.49790874
3.142076184,0.438615488,-0.520404462
2.972358502,0.357783469,-0.485161164
2.796065055,0.279920789,-0.472413588
2.616318771,0.210613706,-0.467914444
2.431713769,0.13170501,-0.423297929
2.244855613,0.061460635,-0.349436975
2.052396436,-0.029224192,-0.276700807
1.856866819,-0.096780414,-0.24970594
1.658866605,-0.188338797,-0.245956653
1.455381589,-0.260750189,-0.239957794
1.253951031,-0.348769359,-0.222336145
1.04453883,-0.443878202,-0.188967491
0.840750145,-0.519933784,-0.16047291
0.628867347,-0.686989122,-0.167971484
0.422173178,-0.722677433,-0.11135725
0.216210067,-0.997596278,-0.074239309
0.007975055,-0.928907808,-0.149599977
-0.050412026,-0.235428322,-0.049868943
-0.024693818,-0.131775129,0.12522276
-0.034411252,-0.159796396,0.160466057
-0.029691248,-0.073224404,0.256072876
-0.030875935,-0.100274637,0.305938393
-0.031187103,-0.051355519,0.28081817
-0.029657507,-0.066142229,0.271444953
-0.031756953,-0.048753597,0.205457501
-0.029338841,-0.047782563,0.17133899
-0.031385801,-0.045038174,0.1597162
-0.03029109,-0.0325572,0.08772989
-0.030710979,-0.041566446,-0.038996011
-0.031018398,-0.031068781,-0.148475191
-0.030628501,-0.034596747,-0.190842134
-0.031104625,-0.030273958,-0.184468347
-0.031014649,-0.027450836,-0.1747202
-0.031648231,-0.027147154,-0.170221056
-0.0317682,-0.028590583,-0.208838712
-0.032278065,-0.0287368,-0.287573739
-0.033181576,-0.024657708,-0.331815326
-0.034021355,-0.028954252,-0.389179417
-0.035232285,-0.030817587,-0.400052349
-0.035550951,-0.027293371,-0.278200522
-0.035772142,-0.030247714,-0.168721341
-0.036491952,-0.023011824,-0.142101404
-0.036150792,-0.02239696,-0.075739024
-0.037163025,-0.026633518,0.01274415
-0.036450713,-0.019393878,0.016868365
-0.037455448,-0.029317921,0.011619364
-0.037545424,-0.012652878,0.106101396
-0.037376719,-0.033820669,0.160466057
-0.039382439,-0.01529604,0.089979462
-0.036454462,-0.020394906,0.020992581
-0.040593369,-0.035402817,-0.043120227
-0.036117051,0.004735754,-0.052118516
-0.040795816,-0.057927807,-0.07386438
-0.037999054,0.030904933,-0.108732749
-0.037774114,-0.086410221,-0.172095699
-0.044368622,0.057539008,-0.314943534
-0.026497091,-0.16755717,-0.343063187
-0.231586684,-1.538012313,-0.409050638
-0.614615537,-1.838834145,-0.276700807
-0.930207199,-1.63112285,-0.085862099
-1.245330235,-1.806617561,-0.014625646
-1.546327,-1.756479965,0.320185684
-1.82488969,-1.793964126,0.338932119
-2.098788612,-1.684867145,0.302189106
-2.35868873,-1.65706333,0.542893331
-2.619552344,-1.693490227,0.472406736
-2.862926826,-1.675160554,0.423291076
-3.093937073,-1.710995083,0.512899035
-3.312350647,-1.721968892,0.447661442
-3.522681355,-1.770674307,0.386922992
-3.723212151,-1.784966128,0.352429552
-3.90729604,-1.79682474,0.290566316
-4.077572325,-1.806857508,0.16833956
-4.232698861,-1.809729369,0.067858669
-4.376998256,-1.823053905,0.031115656
-4.50978819,-1.823218869,-0.038621082
-4.631259863,-1.826195706,-0.007502
-4.739898675,-1.808942044,0.092978891
-4.832364258,-1.79133971,0.241075728
-4.913185415,-1.783196521,0.342306477
-4.982043482,-1.76319847,0.399295639
-5.037701284,-1.745314948,0.422916147
-5.082157045,-1.717334922,0.301439249
-5.113764948,-1.685950654,0.256822733
-5.133492239,-1.65957902,0.093728749
-5.141886272,-1.622428534,-0.108732749
-5.138890813,-1.587819983,-0.153349264
-5.125608071,-1.551543053,-0.30182103
-5.101325733,-1.507940252,-0.40567628
-5.06695106,-1.467557985,-0.438670005
-5.023522528,-1.42559357,-0.464915014
-4.971842426,-1.383850356,-0.46041587
-4.912529338,-1.344544099,-0.481036948
-4.845639502,-1.299880285,-0.439794791
-4.771292885,-1.24721575,-0.460040941
-4.688432266,-1.192110508,-0.480287091
-4.596731481,-1.135951751,-0.395553205
-4.496479205,-1.074364201,-0.404176565
-4.387896628,-1.014793702,-0.447293365
-4.270972504,-0.952894972,-0.454791939
-4.146880273,-0.889399096,-0.505407314
-4.016718395,-0.829003781,-0.61601128
-3.879287186,-0.763569587,-0.633258001
-3.735325202,-0.701749589,-0.62201014
-3.587715432,-0.64069442,-0.647505291
-3.436727803,-0.573828045,-0.566895621
-3.279441837,-0.504974611,-0.568395335
-3.114440409,-0.423707689,-0.587516699
-2.941026203,-0.340063796,-0.525278535
-2.762779522,-0.27342237,-0.511781102
-2.580851314,-0.189152366,-0.436045504
-2.394364309,-0.120246444,-0.3393139
-2.205204261,-0.044284592,-0.253455227
-2.009266002,0.044623131,-0.155973765
-1.812690412,0.11650964,-0.051743587
-1.610828717,0.212480791,0.046112804
-1.408160986,0.272527434,0.031865513
-1.203532522,0.386108418,-0.018749861
-0.993966612,0.443343186,-0.146600548
-0.789454368,0.572996845,-0.318692821
-0.57366885,0.695114679,-0.369308196
-0.37304058,0.766022656,-0.31044439
-0.153194884,1.071605929,-0.216337286
0.013242415,0.643083754,-0.104608533
0.014929469,0.071407173,0.092229034
0.002947633,0.154132521,0.181087136
0.011491627,0.083134564,0.22307915
0.004900867,0.056999128,0.35017998
0.009598377,0.057464025,0.377924703
0.006569177,0.025851057,0.389172564
0.00845118,0.047112577,0.356928696
0.008226239,0.016853058,0.215205648
0.00773137,0.02556612,0.093728749
0.008859822,0.01005957,0.01836808
0.007705127,0.014416101,-0.024373792
0.009178488,0.01554085,-0.071239879
0.008331211,0.001548963,-0.12298004
0.008803587,0.004398329,-0.20658914
0.009167241,0.004761998,-0.328440967
0.009238472,0.007097728,-0.409050638
0.009733341,0.00529438,-0.430796503
0.009665859,0.005395607,-0.369308196
0.010033262,0.002152579,-0.26132873
0.010254454,-0.001146688,-0.113231894
0.010408163,-8.19e-05,-0.016875218
0.010580617,0.00084412,-0.025123649
0.010561872,-0.003197481,-0.003752713
0.010426908,-0.009837254,0.008245005
0.01049439,-0.005870637,0.031865513
0.010453151,0.000514193,0.030740727
0.010209465,-0.000606808,-0.004877499
0.010044509,-0.000426848,-0.051368658
0.009770831,-0.002503886,-0.165721912
0.009752086,-0.002286434,-0.196840994
0.009842062,-0.001060457,-0.192716778
0.009564636,-0.007778962,-0.167971484
0.009410926,-0.009998468,-0.038621082
0.009500903,-0.003193732,-0.010876359
0.009448416,-0.001742805,-0.042745298
0.009279711,-0.00567568,-0.051368658
0.009148496,-0.003122498,-0.097859817
0.009107256,-0.007910183,-0.128978899
0.008908559,-0.009788515,-0.146225619
0.008709861,-0.00145037,-0.107982892
0.008664873,-0.001825287,-0.09411053
0.008612387,-0.004209756,-0.127104255
0.008661124,-0.002263939,-0.166471769
0.008687367,-0.001116694,-0.212587999
0.008672371,-0.004397214,-0.194216493
0.008687367,-0.002001497,-0.171720771
0.008597391,-0.003891077,-0.109857535
0.008466176,-0.009979723,-0.056992589
0.008409941,-0.006058095,-0.082112811
