0.001298069,-0.006459256,-0.098984603
0.003168825,0.008409937,-0.10273389
0.000698227,-0.021699616,-0.091486029
0.003629953,0.017959062,-0.095610245
0.000690729,-0.033299535,-0.103483747
0.002917641,0.021577008,-0.110982321
0.002516497,-0.026547287,-0.092985744
-0.000617675,-0.005559456,-0.101234175
0.007356469,0.015237168,-0.090736172
-0.010533807,-0.084678106,-0.103858676
0.095874344,1.732538905,-0.067490592
0.305241556,3.62643011,-0.043120227
0.443355085,3.551574262,-0.047619371
0.580917509,3.279276084,0.0356148
0.714292288,3.146488123,0.027741298
0.82762861,3.022668166,0.017618223
0.944638961,2.697664213,-0.003752713
1.045573557,2.556519361,0.020992581
1.13572975,2.660697437,0.182961779
1.212528219,2.514903618,0.272944667
1.283815645,2.395927585,0.225703651
1.345644318,2.267957301,0.0761071
1.395674856,2.209170379,-0.049868943
1.435748024,2.154721241,-0.06524102
1.464521676,2.067898055,-0.0911111
1.485411159,2.013865074,-0.073114523
1.496635695,1.925264783,-0.09411053
1.49960866,1.86666157,-0.334064898
1.494112612,1.807222292,-0.358435263
1.479367755,1.737742747,-0.267327589
1.4564763,1.666328633,-0.204339568
1.424339786,1.577844567,-0.043495155
1.383771749,1.488303235,-0.116981181
1.33518458,1.389722664,-0.194591421
1.2790619,1.29025729,-0.203214782
1.216014799,1.181261536,-0.281949809
1.146845564,1.065862207,-0.217462072
1.071741647,0.946878675,-0.136852402
0.989383395,0.825349459,-0.151474621
0.90594168,0.714505366,-0.185593133
0.818364806,0.578868038,-0.254580014
0.727586278,0.455681691,-0.31906775
0.62972587,0.292071836,-0.386554916
0.524037529,0.146727918,-0.421423285
0.416474683,-0.004442204,-0.408300781
0.301226367,-0.161108604,-0.408675709
0.194859455,-0.315604237,-0.394428419
0.075959603,-0.58495557,-0.392553775
-0.007422129,-0.38549244,-0.31044439
-0.00321199,-0.045229381,-0.187842705
0.001541754,-0.086151528,-0.095235316
-0.001899837,-0.047126459,0.0761071
0.001343057,-0.039894318,0.127847261
-0.001228764,-0.046515345,0.039364087
0.00095316,-0.017181871,0.040113945
-0.000385237,-0.029977774,-0.034496867
9.09e-05,-0.012349196,-0.098609674
0.000150872,-0.019858775,-0.012001145
-0.000478962,-0.014347501,-0.052493444
-2.16e-05,-0.014321257,-0.070490022
-0.000542695,-0.014812398,-0.07386438
-0.000287763,-0.009713532,-0.113606822
-0.000891353,-0.018913985,-0.03937094
-0.000801377,-0.015434759,-0.03937094
-0.000962584,-0.01089077,-0.019499719
-0.001258756,-0.011768075,0.044613089
-0.001273752,-0.011010743,0.061109952
-0.00150994,-0.009608555,0.069358383
-0.001502442,-0.009822258,0.055111093
-0.0016599,-0.012019269,0.077231886
-0.001854849,-0.012720363,0.080231316
-0.001929829,-0.011126967,0.049487162
-0.001783618,-0.008847475,0.034490014
-0.001603665,-0.008078895,-0.003377784
-0.001551179,-0.009083672,-0.081362954
-0.0016599,-0.008198869,-0.155973765
-0.001749876,-0.007733972,-0.18634299
-0.001618661,-0.006421764,-0.231334434
-0.001599916,-0.006016854,-0.239207937
-0.001539932,-0.007400296,-0.158223338
-0.001494944,-0.007287821,-0.142101404
-0.001423713,-0.00716035,-0.152224478
-0.001416215,-0.006039349,-0.151474621
-0.001307493,-0.007584006,-0.165346983
-0.001225015,-0.008727501,-0.139476903
-0.001457454,-0.00716035,-0.137602259
-0.001213768,-0.00554071,-0.151474621
-0.001090051,-0.006001858,-0.155973765
-0.00124376,-0.006043098,-0.183343561
-0.001228764,-0.004217254,-0.217837001
-0.001273752,-0.012270463,-0.22383586
-0.001221266,-0.013702644,-0.193091707
-0.001067557,-0.006785433,-0.175470058
-0.001105047,-0.007524019,-0.148475191
-0.00131874,-0.006736694,-0.109857535
-0.001663649,-0.010193425,-0.106108248
-0.002226001,-0.010804539,-0.100109389
-0.0024172,-0.009061177,-0.09411053
-0.002807097,-0.011621857,-0.081737883
-0.002923317,-0.008337588,-0.049868943
-0.003245731,-0.011201951,-0.022874077
-0.00362813,-0.007872691,-0.018749861
-0.003414437,-0.014295013,-0.040120797
-0.004119251,-0.009282378,-0.046494585
-0.003504413,-0.008393825,-0.055117945
-0.004557885,-0.01997125,-0.075364095
-0.003811832,-0.000614306,-0.055492874
-0.00442667,-0.032324752,-0.025498578
-0.004741586,-0.004026047,-0.039745868
-0.003223237,-0.01376638,-0.060366947
-0.005982509,-0.010407128,-0.064866091
-0.002240997,-0.000441844,-0.07086495
-0.006897267,-0.034619242,-0.037871225
-0.001468701,0.039535513,-0.012001145
-0.006439888,-0.079627979,-0.013125931
-0.002803348,0.110076071,-0.035621653
-0.007249674,-0.340131281,-0.098234746
-0.195929849,-1.59116049,-0.075364095
-0.449415412,-1.799782832,-0.099359532
-0.638058097,-1.793401751,-0.065990877
-0.824455125,-1.918803856,0.000371503
-0.983124475,-1.912227819,-0.08548717
-1.128124935,-2.014954967,0.029615941
-1.255992419,-2.001431725,0.054736164
-1.362722985,-2.037093792,0.000371503
-1.461790574,-2.011258289,0.092603963
-1.546758137,-2.001446722,0.079481458
-1.621524643,-2.01687454,0.088854676
-1.678888245,-2.001131792,0.077981743
-1.723808883,-2.009091271,0.055111093
-1.756762681,-1.958912434,0.013868936
-1.779721618,-1.906191661,-0.067865521
-1.795669907,-1.83063097,-0.075739024
-1.801953247,-1.745824835,-0.083237598
-1.800674835,-1.669300608,-0.112107107
-1.791583486,-1.591756607,-0.11135725
-1.774349287,-1.521306029,-0.137977188
-1.748589839,-1.437898333,-0.126354398
-1.713454117,-1.363788569,-0.101609104
-1.669658182,-1.283758871,-0.164597126
-1.618341734,-1.194108814,-0.107607963
-1.558323832,-1.104904907,-0.1747202
-1.491081589,-1.013384016,-0.18934242
-1.41734606,-0.905374293,-0.15747348
-1.335647634,-0.795100073,-0.346437545
-1.250087728,-0.701243451,-0.313068891
-1.159980273,-0.596622974,-0.326941253
-1.067315993,-0.495834145,-0.31906775
-0.96754359,-0.36292621,-0.284949238
-0.860081967,-0.248497914,-0.407925852
-0.747060563,-0.117168379,-0.390304203
-0.625705109,0.000416715,-0.378681413
-0.507266385,0.108047772,-0.394803347
-0.378739075,0.254276494,-0.365558909
-0.255332913,0.35678619,-0.304445531
-0.124095069,0.644388464,-0.258704229
-0.007343399,0.527332003,-0.213712785
0.006317993,0.069033951,-0.158223338
-0.006136218,0.065817166,-0.119605682
0.000255844,0.05618181,-0.077613667
-0.004108004,0.019627441,-0.045369799
-0.001446207,0.0398167,-0.0479943
-0.00268338,0.007558876,-0.082112811
-0.002360965,0.023466587,-0.138727045
-0.001989813,0.005586815,-0.151474621
-0.002840838,0.010381998,-0.095985173
-0.00158492,0.004192125,-0.088861528
-0.002559663,0.003153606,-0.040870654
-0.001749876,0.009500944,0.031115656
-0.001682394,-0.002713839,0.08173103
-0.001543681,0.002613726,0.095978321
-0.001524936,0.000435461,0.076482029
-0.001588669,-0.000520577,0.111350398
-0.001198772,0.000634166,0.083605674
-0.00131874,-0.000715533,0.063359524
-0.001026318,-0.000389356,0.086230175
-0.000595181,-0.001364139,0.032990299
-0.000478962,0.000292992,0.017618223
-0.000422727,0.002272552,0.021742438
-0.000388986,0.000135527,0.008994863
-0.00048646,-0.000419349,0.014993722
-0.000452719,0.001991364,-0.020249576
-0.000516452,-0.002991277,-0.023623934
-0.000658915,-0.006054346,-0.053993159
-0.00052395,-0.001345393,-0.132728186
-0.000591432,-0.000363112,-0.159348124
-0.000767636,-0.001750303,-0.159723052
-0.000670162,-0.002263939,-0.166471769
-0.000786381,-0.000408102,-0.166471769
-0.00064017,0.000761638,-0.145475762
0.000143374,0.003172352,-0.167221626
0.000522024,0.000379223,-0.176969773
0.001046885,0.000874113,-0.203964639
0.001800436,0.004690764,-0.268077447
0.00171046,0.002268803,-0.280825023
0.002445266,0.002257555,-0.313443819
0.002456513,-0.002241444,-0.332565183
0.003082597,0.006599089,-0.308944675
0.003547475,-0.004509689,-0.301446101
0.003303789,0.004398329,-0.274451235
0.004934608,0.002482505,-0.185593133
0.003277546,-0.003928569,-0.102358961
0.005541948,0.014318622,-0.070115093
0.003768666,-0.016349556,-0.033747009
0.005354497,0.024460116,-0.010876359
0.00557194,-0.021677121,-0.022124219
0.003405012,0.021018382,-0.038996011
0.008822332,-0.008581284,-0.037496296
2.72e-05,-0.010785793,-0.027373221
0.013651057,0.057602744,-0.017625075
-0.007879508,-0.145317117,-0.037871225
0.065848523,0.972346759,-0.037121367
0.383052259,2.131738853,0.030740727
0.696859392,1.971908157,0.061859809
0.964849874,2.087153771,0.098227893
1.235974528,2.153379039,0.128972047
1.472413342,2.19190172,0.244450086
1.705620509,2.286425693,0.360303055
1.922212063,2.226810205,0.372300773
2.133090127,2.274672058,0.512524107
2.330355535,2.279193552,0.499401602
2.510304266,2.326740475,0.583010702
2.678904744,2.338614084,0.577761701
2.833521414,2.33984756,0.314561753
2.980617571,2.350423957,0.510649463
3.113703677,2.311282664,0.290566316
3.233949423,2.300188882,0.175088277
3.339157891,2.268182251,0.354304195
3.431957135,2.219570565,0.017993151
3.514202917,2.175232928,-0.221586288
3.58375455,2.131281455,-0.568770264
3.642047907,2.093786046,-0.074239309
3.687575884,2.041807608,-0.094485459
3.721916816,1.980343781,-0.810599276
3.746412847,1.915172028,-0.343813044
3.76064034,1.864944451,-0.479537234
3.763905728,1.81743502,-0.193091707
3.756025309,1.752945616,0.493027814
3.738719879,1.697173022,0.199458642
3.712484307,1.642363964,0.166089988
3.678135877,1.582740977,0.112100255
3.635944519,1.517374268,0.049487162
3.585321637,1.447789747,-0.060741876
3.526844579,1.378718862,-0.637007288
3.460164687,1.307203521,-0.755109828
3.3855144,1.236962896,-0.799726343
3.303096164,1.161469689,-1.033306923
3.212351377,1.08571779,-0.668501298
3.114374749,1.01109439,-0.660627796
3.009421214,0.932748068,-0.735613536
2.897224592,0.851331179,-0.43717029
2.77821227,0.767769767,-0.57289448
2.654884837,0.696216934,-0.839468786
2.528475718,0.620243834,-0.815848277
2.396548056,0.539378073,-0.805350274
2.258708205,0.448138369,-0.782104694
2.111432096,0.341572075,-0.293947527
1.95770769,0.254576427,-0.043495155
1.799027093,0.157566757,0.085855246
1.63639129,0.07730836,0.465658019
1.471363619,-0.025550009,0.397795925
1.299332797,-0.118128165,0.001496289
1.127796844,-0.206023613,-0.2152125
0.948275501,-0.319518366,-0.369683124
0.77139346,-0.381105916,-0.731864249
0.588861661,-0.524054117,-0.897207805
0.405752514,-0.572084683,-0.636632359
0.229646519,-0.817520086,-0.437920148
0.040254032,-0.888454306,-0.178844416
-0.033185325,-0.264705559,0.415417573
-0.010076428,-0.077539694,0.607006139
-0.016535972,-0.135610526,0.463783376
-0.014792682,-0.042567474,0.533895043
-0.014087868,-0.076257479,0.411293358
-0.015902389,-0.036351356,0.010869506
-0.013592999,-0.043384792,-0.057742446
-0.01627729,-0.035061643,-0.040870654
-0.014327805,-0.025036373,-0.146975477
-0.015647457,-0.032335999,0.076856957
-0.015268807,-0.015453505,0.274819311
-0.015283803,-0.023577948,0.238451227
-0.015737433,-0.016203338,0.154467198
-0.015512492,-0.018704032,0.089604533
-0.015939879,-0.017271851,-0.108732749
-0.015988616,-0.016289569,-0.409800495
-0.016378513,-0.016705726,-0.53540161
-0.016341023,-0.012300456,-0.613386779
-0.016790905,-0.014235026,-0.584892198
-0.016974606,-0.01354143,-0.292822741
-0.017158308,-0.012769102,-0.038246154
-0.01737575,-0.012386687,0.074232456
-0.017342009,-0.011531877,0.26657088
-0.017409491,-0.010804539,0.263196521
-0.017214543,-0.010740803,-0.011251287
-0.017079578,-0.011618108,-0.110607393
-0.01707208,-0.011509382,-0.303320745
-0.017416989,-0.013488942,-0.619760567
-0.018189285,-0.012701617,-0.536526396
-0.018466712,-0.010444619,-0.455166868
-0.019021566,-0.014399989,-0.459291084
-0.0194602,-0.010185927,-0.246331582
-0.019557674,-0.014418735,-0.043495155
-0.020419946,-0.014568702,0.022117367
-0.0202175,-0.00949608,-0.005627357
-0.021364697,-0.015787181,0.02136751
-0.020971051,-0.004967088,-0.124479755
-0.021383442,-0.018321617,-0.299571458
-0.022196977,-0.004644659,-0.190842134
-0.021259725,-0.016135853,-0.173220486
-0.023569115,-0.011036987,-0.146975477
-0.020926063,-0.002631357,0.078731601
-0.024412642,-0.028065699,0.222704222
-0.021177246,0.017321704,0.250448945
-0.023572864,-0.048944805,0.292815889
-0.02373782,0.031133632,0.20883186
-0.020022551,-0.057016759,0.010869506
-0.030144878,0.023084172,-0.066740735
-0.007362144,-0.035912704,-0.168346413
-0.163422184,-1.371980496,-0.291323026
-0.518220992,-1.891217492,-0.218586858
-0.821170992,-1.57834584,-0.094860387
-1.109046223,-1.691038272,-0.026998293
-1.387320239,-1.637672643,0.160091129
-1.639122496,-1.68304505,0.349430122
-1.888461653,-1.643806279,0.330308759
-2.122984723,-1.564541411,0.302564035
-2.354174922,-1.586972671,0.277818741
-2.566833766,-1.572257195,0.121098544
-2.76638607,-1.611214779,0.05886038
-2.952261986,-1.623504545,0.088479747
-3.124394031,-1.65364409,0.070483169
-3.285815154,-1.672041248,0.206957216
-3.430976822,-1.672562382,0.221204507
-3.561344895,-1.675711681,0.266945808
-3.675892147,-1.672824824,0.25494809
-3.777299118,-1.67436948,0.111725326
-3.865712021,-1.666027586,0.272569739
-3.939848694,-1.653970268,-0.029997722
-4.000537668,-1.635089468,-0.068615378
-4.048457514,-1.611057314,0.027366369
-4.08342453,-1.591224226,-0.184093418
-4.106855842,-1.568897942,0.066733882
-4.119418775,-1.534548083,0.011994292
-4.120101095,-1.495474275,-0.025498578
-4.110394908,-1.457334009,-0.03337208
-4.090851319,-1.422350541,-0.003377784
-4.061773997,-1.388469328,0.085855246
-4.024370124,-1.349166821,-0.120355539
-3.977908643,-1.306047663,-0.096360102
-3.922164614,-1.257919619,-0.255329871
-3.85757292,-1.209240448,-0.463790228
-3.784152309,-1.158907894,-0.420673428
-3.702412644,-1.100143466,-0.491160023
-3.612436404,-1.037967297,-0.556397617
-3.514441031,-0.976634691,-0.551898473
-3.409116344,-0.914544753,-0.465289943
-3.296237402,-0.844236643,-0.541775398
-3.175571766,-0.776211775,-0.62763407
-3.048769001,-0.710878808,-0.439044934
-2.91763238,-0.645455861,-0.60176399
-2.782941698,-0.580167885,-0.559397047
-2.642042655,-0.496449008,-0.418423855
-2.493473138,-0.413794894,-0.626509284
-2.337184409,-0.319525864,-0.521154319
-2.17430867,-0.236493085,-0.475787947
-2.009014819,-0.157741853,-0.424422715
-1.83784252,-0.063465325,-0.32469168
-1.664492047,0.016234446,-0.265452946
-1.484670782,0.124416631,-0.192341849
-1.302019015,0.196359377,-0.239582866
-1.118085086,0.305373877,-0.159723052
-0.928089008,0.379911046,-0.175095129
-0.743247819,0.475087374,-0.191217063
-0.547253326,0.582969626,-0.022874077
-0.363994219,0.660862299,-0.039745868
-0.166203949,0.974813711,-0.035246724
-0.003740601,0.651493133,-0.017250146
0.006625412,0.076112376,-3.43e-06
-0.00768081,0.124660327,0.062609667
0.001271826,0.079546612,0.100852394
-0.004891547,0.045320476,0.266945808
-0.000516452,0.056121823,0.184461494
-0.002867081,0.021235833,0.186336138
-0.001791116,0.041050176,0.264696236
-0.001532434,0.012264079,0.133471191
-0.002177264,0.024340143,0.150717911
-0.000662664,0.013999943,0.161965772
-0.001832355,0.010250777,0.147343553
-0.000647668,0.012863946,0.088479747
-0.001123792,0.005991725,0.01836808
-0.000580185,0.010700677,0.015368651
-0.000272767,0.004319596,-0.071614808
-0.000291512,0.0072252,-0.112856965
8.41e-06,0.004432071,-0.099359532
8.71e-05,0.002771191,-0.184843275
0.000559514,0.005916741,-0.218961787
0.000810697,0.004896968,-0.220836431
0.001815432,0.008353699,-0.28457431
0.002643963,0.008436181,-0.299946386
0.002973876,0.003446041,-0.224585718
0.003836148,0.005391858,-0.223460931
0.004319771,0.003063626,-0.237708222
0.004447237,0.006261664,-0.197215922
0.005212035,0.004293352,-0.260953801
0.005013338,-0.001105447,-0.274076306
0.00614179,0.005909243,-0.262078588
0.005815626,-0.002953786,-0.297321885
0.006437961,0.01271023,-0.276325878
0.006989066,-0.004644659,-0.211088284
0.006246762,0.007641358,-0.205839283
0.008938551,0.006029216,-0.245581725
0.005718151,-0.008705006,-0.182218774
0.009590879,0.014794766,-0.143601118
0.006471702,-0.027357107,-0.16609684
0.009084762,0.044000769,-0.091486029
0.009107256,-0.045495572,-0.040495726
0.005399486,0.051559088,-0.084737312
0.016391583,-0.036325112,-0.0479943
-0.007991978,0.024872525,0.031865513
0.157331865,1.440238927,0.02999087
0.530594547,1.971956897,0.100102537
0.850913711,1.656355852,0.236201655
1.162872582,1.793455354,0.207707074
1.468484379,1.744438758,0.252698518
1.747553186,1.787445441,0.342681406
2.02299295,1.714194236,0.266945808
2.283980281,1.653154064,0.271070024
2.54603608,1.699381281,0.282692814
2.789710483,1.681865177,0.247449516
3.020548276,1.738650046,0.236576584
3.240457705,1.765632793,0.196084284
3.449997372,1.813854566,0.202833001
3.649313488,1.840304933,0.246699658
3.830720584,1.856396353,0.231327582
3.997480298,1.880675952,0.248949231
4.149390183,1.894521622,0.288691673
4.290255485,1.923105264,0.302938963
4.419873757,1.932283222,0.311187395
4.536089318,1.934094069,0.247449516
4.638054892,1.931510894,0.211456361
4.725170637,1.926786945,0.200583428
4.799322306,1.928440327,0.143219337
4.861589613,1.924143783,0.158216485
4.911443948,1.915277005,0.199083714
4.948068027,1.901393843,0.097103107
4.97183675,1.880522236,0.039739016
4.983758602,1.851113778,0.025866654
4.984534647,1.820910497,-0.128978899
4.974569778,1.787389204,-0.202464924
4.95392398,1.745177344,-0.224210789
4.922915918,1.702335624,-0.31044439
4.882246658,1.65519361,-0.421798214
4.83308589,1.611643298,-0.516280246
4.776059699,1.565761005,-0.484036378
4.710901905,1.517464248,-0.497533811
4.637724979,1.466393109,-0.450667724
4.556300231,1.407201276,-0.263953231
4.46666515,1.349197929,-0.336689399
4.369318357,1.283816223,-0.428172002
4.264544774,1.217336012,-0.417673998
4.152351901,1.14865504,-0.529402751
4.032885948,1.087502393,-0.581142911
3.907399086,1.023387905,-0.602888776
3.775670121,0.940936247,-0.637007288
3.636251937,0.874268577,-0.642631218
3.491600136,0.810037865,-0.649379935
3.344290286,0.7368279,-0.648630077
3.192447883,0.665811198,-0.577393624
3.035518073,0.585219126,-0.508781672
2.870452912,0.487917021,-0.498283669
2.697293638,0.401498744,-0.456291654
2.520160413,0.31484427,-0.478412447
2.33859211,0.23091919,-0.539150897
2.155055577,0.143586117,-0.513655745
1.965539372,0.042636073,-0.439419863
1.774066184,-0.036205139,-0.355060905
1.578292882,-0.145448338,-0.254954942
1.379542866,-0.219126948,-0.162347553
1.180732866,-0.333431521,-0.07086495
0.975403337,-0.422564193,-0.048369229
0.776649572,-0.507636519,-0.015750432
0.566708761,-0.634058397,0.052111663
0.368832264,-0.702435686,0.019492866
0.16094591,-1.023574249,0.02136751
-0.02131596,-0.759561729,0.077981743
-0.043783777,-0.125450286,0.126722474
-0.025068719,-0.142617717,0.149218196
-0.035292269,-0.113329233,0.204332715
-0.028892709,-0.063574051,0.265071165
-0.032401782,-0.080359067,0.230952653
-0.030549771,-0.03777229,0.222329293
-0.031119621,-0.061703217,0.174713348
-0.032015634,-0.031784872,0.05886038
-0.030643497,-0.040887847,0.007870077
-0.032154348,-0.034233077,-0.018000004
-0.03085719,-0.02649105,-0.043120227
-0.031828184,-0.031226246,-0.061116804
-0.031569502,-0.02226199,-0.064866091
-0.031929407,-0.028193171,-0.05361823
-0.032139352,-0.021264712,-0.083237598
-0.032176842,-0.022164512,-0.08548717
-0.032585484,-0.021358441,-0.115481466
-0.032705452,-0.020451143,-0.190092277
-0.033312792,-0.024042844,-0.218961787
-0.033642705,-0.023311757,-0.279325308
-0.034579957,-0.022501937,-0.303695673
-0.03540099,-0.022884352,-0.301071172
-0.036383231,-0.023949115,-0.323191966
-0.03649945,-0.017598028,-0.293572598
-0.036743136,-0.022276987,-0.257579443
-0.037335479,-0.018734025,-0.238833008
-0.03721926,-0.018992718,-0.233958935
-0.038437688,-0.019240163,-0.216712215
-0.037500436,-0.016338308,-0.174345272
-0.039045028,-0.026378575,-0.197215922
-0.038313971,-0.006451757,-0.183718489
-0.03892506,-0.030652624,-0.127104255
-0.040042265,-0.006406767,-0.133852972
-0.037830349,-0.025553758,-0.115856395
-0.041853036,-0.017706754,-0.089236457
-0.03695308,-0.002762578,-0.096735031
-0.04331515,-0.049432196,-0.112856965
-0.036960578,0.036551177,-0.112107107
-0.042610336,-0.100334623,-0.125979469
-0.040117245,0.112737979,-0.143601118
-0.040372177,-0.363158658,-0.146975477
-0.295368591,-1.730093334,-0.150349835
-0.67262022,-1.79943041,-0.084362384
-0.978948078,-1.659380314,-0.03074758
-1.296406747,-1.794335294,0.046862661
-1.589920489,-1.74054226,0.187835853
-1.868344465,-1.785967155,0.241450657
-2.138805545,-1.666586211,0.308937823
-2.399594178,-1.672832322,0.337432404
-2.65762729,-1.688740033,0.244450086
-2.895232045,-1.691859339,0.27219481
-3.123842926,-1.741963194,0.262446664
-3.340359501,-1.760484074,0.166839845
-3.548077149,-1.807022471,0.252698518
-3.742358345,-1.816106701,0.250448945
-3.919952698,-1.83575233,0.192709926
-4.083398287,-1.85279229,0.238076298
-4.232455175,-1.866701696,0.187835853
-4.371146051,-1.887783256,0.160840986
-4.497498935,-1.893182055,0.160840986
-4.610317893,-1.893661949,0.146968624
-4.70909306,-1.887895731,0.143594266
-4.792864688,-1.879486352,0.139844979
-4.864766951,-1.877199361,0.163465487
-4.92562463,-1.866529234,0.16833956
-4.972326048,-1.84735225,0.182211922
-5.006483278,-1.830679709,0.173213633
-5.028564947,-1.806610063,0.140969765
-5.037896233,-1.780617095,0.054361235
-5.03646786,-1.753349411,-0.056992589
-5.0240099,-1.722047624,-0.095985173
-5.000882257,-1.686250587,-0.215587429
-4.967587299,-1.648721435,-0.315693392
-4.924537417,-1.612605719,-0.328815896
-4.873269706,-1.575129056,-0.358810192
-4.814106579,-1.533839491,-0.340063757
-4.747209244,-1.483079532,-0.355060905
-4.672150315,-1.429252756,-0.371932697
-4.588487408,-1.376074586,-0.355810763
-4.496362985,-1.319121005,-0.374557198
-4.395773298,-1.258703195,-0.387679702
-4.287858045,-1.198101676,-0.422923
-4.172347298,-1.12984061,-0.4660398
-4.049784663,-1.066753394,-0.509156601
-3.921969665,-1.005514516,-0.538401039
-3.786825353,-0.927314412,-0.524903606
-3.644441702,-0.856192733,-0.515530389
-3.498297794,-0.792434416,-0.500533241
-3.348329896,-0.721608921,-0.47466316
-3.193353321,-0.646254434,-0.48066202
-3.032325843,-0.55870016,-0.518529818
-2.862368224,-0.463028942,-0.51515546
-2.686877066,-0.379325062,-0.469789087
-2.507295738,-0.291759541,-0.477287661
-2.324516504,-0.214425494,-0.445793651
-2.138858031,-0.12264591,-0.367058624
-1.946721268,-0.03089632,-0.335564613
-1.753770971,0.061093217,-0.290573169
-1.554376125,0.163629158,-0.263953231
-1.356109731,0.233768556,-0.183343561
-1.153824398,0.357933435,-0.099359532
-0.949563338,0.420027123,-0.098984603
-0.747705392,0.549609547,-0.018749861
-0.536264977,0.62862322,-0.005627357
-0.340787847,0.775897959,-0.005252428
-0.124237531,1.038688252,0.097103107
0.013073709,0.496116447,0.13384612
0.000375812,0.052065226,0.187835853
-0.003928051,0.15080701,0.244450086
0.001219339,0.054340969,0.2838176
-0.003616883,0.063710135,0.284567457
0.000919419,0.046838888,0.230202796
-0.002544667,0.023908989,0.212956075
0.000225852,0.036802371,0.178462635
-0.001060059,0.009002305,0.113225041
-0.000478962,0.025952284,0.062984595
0.000297083,0.010648189,0.018743009
-0.000722648,0.01154049,-0.033747009
0.000495781,0.005774273,-0.043495155
-1.03e-05,0.005995474,-0.050993729
0.000559514,0.008829843,-0.071239879
0.000563263,-0.000708035,-0.072364665
0.00102814,0.004229617,-0.105358391
0.00133181,0.005320624,-0.160847839
0.001463025,0.006707815,-0.206964069
0.002745187,0.008042518,-0.247456368
0.00352873,0.006692819,-0.263953231
0.004192304,0.007967535,-0.241457509
0.005335752,0.00596923,-0.254205085
0.005493211,0.001950124,-0.267327589
0.00636673,0.003157355,-0.229834719
0.006449208,-0.000831758,-0.241832438
0.006887843,0.008886081,-0.270701948
0.007453943,-0.001075453,-0.256829586
0.00685785,0.003086121,-0.244456939
0.008728606,0.00488947,-0.234708792
0.007071544,-0.002072732,-0.226085432
0.009553389,0.013302598,-0.196091136
0.007993801,-0.017538041,-0.152974336
0.008957296,0.024816287,-0.129353828
0.010096995,-0.018842751,-0.0911111
0.007045301,0.020354779,-0.053993159
0.013624814,0.001728923,-0.078738453
0.00382865,-0.020139962,-0.103483747
0.017906183,0.068059168,-0.104608533
-0.002630894,-0.151930646,-0.1316034
0.06154091,0.865634248,-0.133103115
0.395888869,1.988944368,-0.115856395
0.750518972,1.734102307,-0.025123649
1.056798093,1.756897237,0.004495718
1.375385214,1.792649283,0.008619934
1.661018537,1.773022399,0.143594266
1.942580435,1.793856515,0.127097403
2.209701146,1.674269367,0.148843268
2.474377503,1.720571567,0.188210781
2.73011622,1.715225256,0.122973187
2.969595481,1.748060452,0.213331004
3.198191366,1.774750765,0.215580576
3.412492276,1.803236928,0.228703081
3.620783522,1.853921903,0.33855719
3.815308404,1.865619301,0.29806489
3.995988192,1.892114657,0.296190247
4.160644711,1.892834497,0.319435826
4.310443904,1.910380594,0.275569168
4.449483438,1.930097458,0.255323019
4.576402422,1.934307772,0.218205077
4.691425798,1.947699793,0.19420964
4.792379139,1.941322461,0.181462065
4.87849015,1.933374229,0.200958357
4.95195575,1.926963155,0.247824445
5.014459245,1.908176085,0.256447805
5.064549767,1.90414948,0.258322448
5.101563743,1.884653817,0.229452938
5.126389687,1.849272938,0.220079721
5.138817655,1.828779996,0.138720193
5.139563708,1.80259957,0.018743009
5.129418887,1.773296089,-0.026623364
5.108641874,1.737600279,-0.13722733
5.077090206,1.697240507,-0.214837571
5.035326234,1.661499708,-0.259454087
4.985366927,1.619580283,-0.30744496
4.927294762,1.575775027,-0.34493783
4.861300939,1.533420699,-0.410550353
4.788109017,1.483496804,-0.409800495
4.706478073,1.428560275,-0.446543508
4.616314383,1.372101584,-0.516655175
4.517974101,1.309554248,-0.509906458
4.4119446,1.249770047,-0.547774257
4.29860453,1.179544418,-0.613761708
4.177474017,1.107751639,-0.61038735
4.050506295,1.051217965,-0.568770264
3.918207482,0.982611976,-0.532027252
3.778616843,0.909102078,-0.51815489
3.632746613,0.83945757,-0.499408455
3.483603497,0.774090861,-0.508031815
3.33101879,0.702384312,-0.533526966
3.172746835,0.617990586,-0.536901325
3.007599196,0.530252603,-0.542150326
2.833870072,0.439702746,-0.536526396
2.655285981,0.35831585,-0.559397047
2.472705445,0.271451423,-0.558272261
2.287069466,0.191163033,-0.516280246
2.097826939,0.091592683,-0.507281957
1.903264567,0.00443957,-0.469789087
1.707809931,-0.086837626,-0.409800495
1.505798276,-0.184282199,-0.359185121
1.305953549,-0.261567507,-0.328066039
1.100110406,-0.384333948,-0.304820459
0.894897096,-0.443923192,-0.236958365
0.689432603,-0.586560213,-0.175844986
0.477662275,-0.651424534,-0.116981181
0.280100695,-0.8484732,0.012369221
0.062534398,-1.038762121,0.111725326
-0.052781401,-0.419981018,0.175463205
-0.032266818,-0.080726485,0.297689962
-0.033496493,-0.169413007,0.317561183
-0.035607186,-0.064811275,0.305938393
-0.031764451,-0.091970234,0.351679694
-0.035565947,-0.058715131,0.340056905
-0.032225579,-0.048637373,0.331433545
-0.034778655,-0.055232156,0.251573732
-0.033057859,-0.036193891,0.144719052
-0.03411508,-0.046901509,0.115849542
-0.03411508,-0.027720776,0.044613089
-0.033672697,-0.033831917,-0.001503141
-0.034617447,-0.027199642,-0.000378355
-0.034036351,-0.027829502,-0.035621653
-0.034692427,-0.025396293,-0.064491163
-0.034508726,-0.023120549,-0.096360102
-0.034868631,-0.025508768,-0.134977758
-0.035112316,-0.022719389,-0.172845557
-0.035678417,-0.031128768,-0.194591421
-0.036829363,-0.026292344,-0.196840994
-0.037140531,-0.024571477,-0.205089425
-0.03816776,-0.031185006,-0.209213641
-0.039142502,-0.022464445,-0.216337286
-0.039202486,-0.024080336,-0.228335005
-0.040049763,-0.023570449,-0.264703088
-0.039693607,-0.020432397,-0.296572028
-0.040529636,-0.026622271,-0.314943534
-0.040495895,-0.014467474,-0.349436975
-0.04100576,-0.031042537,-0.354311048
-0.041590606,-0.014426234,-0.366683695
-0.040398421,-0.02406159,-0.394428419
-0.043045222,-0.020814812,-0.337064328
-0.040244711,-0.008116387,-0.257204514
-0.044169925,-0.043819695,-0.199840423
-0.041054497,0.010445734,-0.125604541
-0.042794038,-0.056806806,-0.097859817
-0.044218662,0.02003985,-0.100484318
-0.038883821,-0.055918254,-0.11135725
-0.051390518,0.000499196,-0.128229042
-0.025496106,-0.007685233,-0.142101404
-0.177990837,-1.324291105,-0.149599977
-0.555564881,-1.918702628,-0.080613097
-0.885354043,-1.650536032,-0.031872366
-1.198775028,-1.808162218,-0.01050143
-1.508570721,-1.781111985,0.124847831
-1.789476542,-1.815829262,0.200583428
-2.068106714,-1.7502526,0.208456931
-2.331017288,-1.692515443,0.285692243
-2.594508957,-1.748580472,0.264696236
-2.842895866,-1.738041566,0.246699658
-3.077913805,-1.786878203,0.330308759
-3.300076388,-1.80073512,0.317936111
-3.510984444,-1.848750689,0.354304195
-3.714705647,-1.882838106,0.402669998
-3.903670747,-1.89990431,0.334058046
-4.079180651,-1.921694463,0.34155662
-4.238101184,-1.925593595,0.321685398
-4.384110128,-1.945362948,0.257572591
-4.518470897,-1.954885829,0.220829578
-4.640317471,-1.967250579,0.17696292
-4.751025737,-1.969466336,0.184836423
-4.84632932,-1.956704175,0.186336138
-4.927521629,-1.955200759,0.214830719
-4.997894296,-1.948021106,0.2838176
-5.055434102,-1.934910273,0.314936682
-5.100680903,-1.919834876,0.292815889
-5.133623454,-1.895210354,0.262446664
-5.153654415,-1.870484604,0.237326441
-5.16230713,-1.841169875,0.112850112
-5.159259184,-1.811540216,0.049487162
-5.145155409,-1.782247982,-0.008626786
-5.12083933,-1.741299591,-0.191966921
-5.0859248,-1.702705677,-0.254954942
-5.041678984,-1.664629147,-0.32469168
-4.988975401,-1.620343998,-0.421798214
-4.92846638,-1.57551522,-0.434920718
-4.86041435,-1.530813914,-0.456291654
-4.784650607,-1.481508632,-0.478412447
-4.700796501,-1.42347904,-0.488535522
-4.608120973,-1.366319256,-0.498283669
-4.50732884,-1.30462298,-0.551523544
-4.39886998,-1.23988988,-0.566895621
-4.282511957,-1.175546693,-0.550023829
-4.158910846,-1.10799422,-0.558647189
-4.02964873,-1.042863708,-0.514030674
-3.894140764,-0.971862002,-0.478787376
-3.751524675,-0.898340857,-0.476162875
-3.604402275,-0.831556963,-0.479162305
-3.454374393,-0.765777846,-0.517405032
-3.29950279,-0.688739983,-0.53240218
-3.138509053,-0.601320679,-0.557147474
-2.969349973,-0.507426566,-0.58151784
-2.792719116,-0.422013066,-0.614511566
-2.612699154,-0.336517085,-0.640006717
-2.428281603,-0.253064399,-0.585642056
-2.242057029,-0.172344855,-0.550398758
-2.050310164,-0.0703188,-0.495659168
-1.855556592,0.012331564,-0.410925281
-1.65743641,0.115508613,-0.32206718
-1.455428504,0.193000125,-0.245206796
-1.254792736,0.299990075,-0.214837571
-1.046722681,0.394067897,-0.154848979
-0.8448085,0.474273805,-0.103483747
-0.632528307,0.616633388,-0.069365236
-0.429245738,0.667254627,0.027366369
-0.222022959,0.982975645,0.141719622
-0.024941252,0.823287418,0.185211352
0.01511317,0.143297431,0.233952083
-0.008025719,0.107939046,0.296190247
0.002726441,0.109978593,0.265446093
-0.002664635,0.041005186,0.249324159
-5.16e-05,0.070544865,0.251198803
-0.000722648,0.020403519,0.200958357
-0.000985078,0.040795233,0.186711066
0.000619498,0.018124026,0.143594266
-0.001236262,0.020279796,0.097852965
0.000630745,0.013936207,0.073482599
-0.000437723,0.008121251,0.049112234
0.000510777,0.017456674,0.086230175
0.000540769,0.006392885,0.074232456
0.00083694,0.010861891,0.077981743
0.001125614,0.002456261,0.082855817
0.000979403,0.003862198,0.013494007
0.001631731,0.004938209,-0.026998293
0.001612985,0.003843452,-0.10835782
0.00250525,0.008057515,-0.173595414
0.00341251,0.007063986,-0.182593703
0.004091081,0.006164186,-0.216712215
0.005182043,0.006887775,-0.23545865
0.005733147,-0.000696788,-0.263578302
0.005826873,0.001447735,-0.292822741
0.006764125,0.004968202,-0.304820459
0.006550432,-0.002102725,-0.32469168
0.007397708,0.009275994,-0.32469168
0.007506429,-0.00401105,-0.347562331
0.007487684,0.008068762,-0.332940112
0.008994786,0.001552712,-0.293572598
0.007307732,-0.002650103,-0.285699096
0.010018266,0.012702732,-0.210338427
0.007641394,-0.013470196,-0.135352687
0.010186971,0.024062705,-0.103483747
0.009392181,-0.023757908,-0.080988025
0.008529909,0.02916157,-0.082112811
0.012860015,-0.020361163,-0.149225049
0.004372257,0.00592049,-0.199090566
0.019207089,0.025824813,-0.217462072
-0.006304924,-0.104732395,-0.262828445
0.097381446,1.107605421,-0.246331582
0.454703338,1.998347276,-0.154099122
0.794269919,1.688036305,0.004870647
1.100935188,1.781180585,0.038989159
1.414344926,1.791547029,0.123723045
1.695321978,1.804429163,0.281568028
1.972973659,1.784622319,0.237326441
2.234707043,1.678715878,0.315311611
2.496545399,1.738916236,0.343056334
2.746191975,1.731590366,0.285317315
2.979556601,1.761681172,0.371925844
3.201824157,1.78902384,0.345680835
3.41293091,1.831063238,0.360677983
3.617072002,1.865386853,0.405294499
3.804972383,1.875996993,0.320935541
3.978127908,1.894922783,0.30106432
4.136009966,1.901989961,0.253073446
4.280789235,1.921894283,0.183711637
4.414880075,1.931158472,0.19720907
4.53695159,1.942477204,0.158966343
4.645354214,1.936242341,0.143969195
4.738209694,1.923926331,0.178087706
4.817643718,1.92226545,0.225328723
4.885823213,1.914204744,0.306313322
4.942178332,1.90410449,0.360303055
4.985903035,1.882115632,0.366676842
5.017154783,1.859560649,0.337057475
5.035956068,1.836435793,0.314561753
5.042453102,1.809677995,0.17996235
5.037965537,1.780925641,0.040113945
5.022789545,1.746178371,-0.019499719
4.995879151,1.70671465,-0.20358971
4.958857677,1.661987099,-0.311194247
4.913007285,1.622973278,-0.352061476
4.858567911,1.587187488,-0.445418722
4.796926688,1.545388037,-0.481411877
4.727596246,1.496176484,-0.491160023
4.650235425,1.440955018,-0.459666012
4.56478424,1.384421344,-0.480287091
4.470804057,1.327715208,-0.503907599
4.368857229,1.264013128,-0.512530959
4.259269917,1.198069048,-0.587891628
4.141832179,1.133905821,-0.596140059
4.017586239,1.067703047,-0.602513847
3.888140421,1.002141382,-0.606638063
3.751822669,0.923727575,-0.554148045
3.608363052,0.849659051,-0.52377882
3.461533075,0.788138986,-0.534276824
3.311696393,0.716274972,-0.576643767
3.156663582,0.643301205,-0.597639774
2.995384921,0.551757819,-0.630258571
2.825172369,0.456157835,-0.640381646
2.648897668,0.375738225,-0.643006147
2.468187888,0.283598721,-0.68237366
2.284358931,0.207213213,-0.643756004
2.097598249,0.110717178,-0.565395906
1.905229048,0.025588615,-0.491160023
1.712327488,-0.06096838,-0.390304203
1.512861411,-0.166736102,-0.288698525
1.314441307,-0.24006604,-0.229834719
1.111233718,-0.361550266,-0.224960646
0.907280076,-0.425117375,-0.196466065
0.70451487,-0.561572021,-0.138727045
0.493389372,-0.637530124,-0.128229042
0.297417373,-0.811176497,-0.047244442
0.080765834,-1.047025282,0.035989729
-0.047454057,-0.476694652,0.04161366
-0.031404546,-0.076025031,0.143594266
-0.029327594,-0.171666256,0.191210211
-0.033346533,-0.072032169,0.197958927
-0.028701509,-0.082507339,0.251573732
-0.032814173,-0.062209354,0.268070594
-0.029323845,-0.045060669,0.310812466
-0.031891917,-0.053098881,0.295065461
-0.030508532,-0.035965192,0.253448375
-0.031078382,-0.047448888,0.235076869
-0.031490773,-0.027825753,0.18558628
-0.03093217,-0.03557153,0.202083143
-0.031858176,-0.028733051,0.185961209
-0.031280828,-0.02761205,0.111725326
-0.03188067,-0.027383351,0.083605674
-0.03153951,-0.021313451,-0.010876359
-0.032011885,-0.025291317,-0.115106537
-0.032424276,-0.021782097,-0.167596555
-0.032491758,-0.02577121,-0.224960646
-0.033391521,-0.027975719,-0.262828445
-0.034291283,-0.025973665,-0.265078017
-0.034969854,-0.023870383,-0.257579443
-0.035899609,-0.023694172,-0.280450094
-0.036255765,-0.02177085,-0.26995209
-0.036420721,-0.024425259,-0.243707081
-0.037080547,-0.0188465,-0.243707081
-0.036926837,-0.019588835,-0.226460361
-0.038261485,-0.023034319,-0.26132873
-0.037462946,-0.01237544,-0.295822171
-0.038377704,-0.029029235,-0.299571458
-0.038636386,-0.009364859,-0.305570317
-0.038223995,-0.026468555,-0.265452946
-0.040387174,-0.014804899,-0.238458079
-0.037462946,-0.014726167,-0.193091707
-0.04172557,-0.03363696,-0.164222197
-0.037245503,0.005309376,-0.187092848
-0.0416131,-0.057039254,-0.211463213
-0.039502407,0.031917207,-0.237708222
-0.03850892,-0.083647085,-0.24408201
-0.045781999,0.054764625,-0.23545865
-0.026643303,-0.142523988,-0.179969202
-0.225753224,-1.531275061,-0.13722733
-0.607773594,-1.878680281,-0.037496296
-0.924115058,-1.658877926,0.05023702
-1.23864575,-1.831020883,0.083980603
-1.539961181,-1.786642005,0.253073446
-1.818058994,-1.840761216,0.310812466
-2.091121887,-1.748539231,0.325434685
-2.3499048,-1.724124662,0.376799917
-2.6091151,-1.77025815,0.274819311
-2.849951503,-1.76095272,0.34418112
-3.078809818,-1.813084873,0.425915577
-3.295408871,-1.82977616,0.380549204
-3.503302722,-1.883096799,0.500526388
-3.701377917,-1.906499093,0.492277957
-3.882545076,-1.922016891,0.4105435
-4.049698436,-1.939401774,0.403794784
-4.20187825,-1.948354782,0.316061468
-4.342368651,-1.970204922,0.264321307
-4.471334595,-1.978479331,0.217080291
-4.587778845,-1.982873353,0.209206788
-4.689958113,-1.975318784,0.224203936
-4.777576225,-1.967370552,0.244450086
-4.852260254,-1.963186483,0.298814748
-4.915356092,-1.953918544,0.311562324
-4.967114924,-1.936799853,0.363302484
-5.00530234,-1.913442548,0.339681976
-5.031282979,-1.893155811,0.304438678
-5.046132808,-1.865460722,0.250448945
-5.048370967,-1.833379108,0.091104248
-5.039958188,-1.803498255,0.035989729
-5.021171899,-1.764938083,-0.096735031
-4.990643711,-1.722043875,-0.262828445
-4.950653021,-1.682973816,-0.314193677
-4.902043357,-1.642437833,-0.373057483
-4.84481472,-1.596855473,-0.418798784
-4.780567935,-1.55092444,-0.491534952
-4.708834378,-1.502346496,-0.516280246
-4.628890489,-1.446997559,-0.535776539
-4.5409912,-1.389425366,-0.586016984
-4.444922819,-1.328497669,-0.604388491
-4.340910286,-1.264420673,-0.665876797
-4.228938604,-1.198345371,-0.681248874
-4.109052762,-1.129671898,-0.677124658
-3.982808599,-1.062460599,-0.681998732
-3.850712232,-0.99304479,-0.624259712
-3.711485248,-0.91855636,-0.559771975
-3.56662725,-0.848210759,-0.521154319
-3.419276161,-0.780058419,-0.533901895
-3.267894886,-0.705191323,-0.548524114
-3.110980073,-0.625472807,-0.587891628
-2.946207334,-0.532058586,-0.651254578
-2.773066806,-0.4483847,-0.657628366
-2.595843605,-0.359398245,-0.692871664
-2.413626723,-0.269759435,-0.664002154
-2.230037703,-0.191997983,-0.569520122
-2.041162579,-0.088869674,-0.518529818
-1.848572187,-0.015408515,-0.446168579
-1.653522443,0.09133399,-0.371932697
-1.45377894,0.175469024,-0.295822171
-1.255902443,0.274132077,-0.26995209
-1.050392962,0.375809459,-0.26432816
-0.850282055,0.446342519,-0.199090566
-0.640896097,0.599049799,-0.184843275
-0.438247111,0.647335308,-0.137977188
-0.234529656,0.955599235,0.014243864
-0.03343276,0.862713647,0.091479177
0.016811472,0.171007517,0.158216485
-0.007452121,0.099747119,0.278943527
0.00265521,0.116944543,0.314561753
-0.002083538,0.035561397,0.310062609
-0.000194037,0.070421142,0.316436397
2.34e-05,0.021400797,0.315686539
-0.000887604,0.041462584,0.307813037
0.000941913,0.018292738,0.281568028
-0.000932592,0.017265467,0.244075158
0.000986901,0.019728669,0.212956075
9.09e-05,0.006426628,0.152217626
0.000769458,0.016031991,0.119973758
0.000885678,0.005084426,0.112850112
0.000998148,0.006449123,0.056610808
0.001313065,0.005084426,0.033365228
0.001316814,0.006182932,-0.009751572
0.001901659,0.005669296,-0.06824045
0.001706711,0.003041131,-0.115856395
0.002344042,0.00412464,-0.169471199
0.003240056,0.006062959,-0.154474051
0.004184806,0.00664033,-0.142851261
0.004908365,0.006201678,-0.154099122
0.005680661,0.006565347,-0.130478614
0.005943092,0.002628723,-0.153349264
0.006389224,0.006632832,-0.21821193
0.006992815,-0.001829036,-0.24108258
0.006872847,0.001035327,-0.286074024
0.007915071,0.003397302,-0.342313329
0.007082791,-0.00392107,-0.340063757
0.00871361,0.009767135,-0.356185691
0.008106271,-0.009837254,-0.355435834
0.008694865,0.01275522,-0.292072884
0.010010768,-0.008746247,-0.246706511
0.007570162,0.007251444,-0.169846127
0.011727814,0.006629083,-0.083237598
0.006779121,-0.014250023,-0.079113382
0.012923749,0.037177287,-0.114731608
0.007217755,-0.05427237,-0.145100833
0.011566607,0.0798278,-0.175470058
0.011229196,-0.122357224,-0.20358971
0.007022807,0.306562363,-0.194216493
0.250603485,1.738687537,-0.170595985
0.627675161,1.873739995,-0.064491163
0.934486642,1.683957212,0.046112804
1.250400718,1.830842038,0.057360665
1.544416828,1.786076995,0.171713918
1.821472416,1.847747027,0.220454649
2.089924026,1.740910793,0.23770137
2.34783342,1.736588004,0.346430693
2.604689342,1.770416729,0.310437537
2.841191889,1.768530899,0.383923563
3.06745214,1.814300717,0.484404454
3.281831779,1.841902077,0.466032948
3.488177289,1.892032176,0.560889909
3.682154816,1.903422142,0.55489105
3.859235554,1.921991761,0.497526959
4.021800126,1.934896391,0.484404454
4.16985228,1.948633335,0.354679124
4.307864585,1.966351893,0.256822733
4.434277453,1.973734001,0.172838705
4.547418826,1.977134495,0.119598829
4.645459186,1.956967731,0.138345264
4.728312307,1.948678325,0.140219908
4.799715952,1.949803075,0.225703651
4.860022527,1.936838459,0.300689391
4.907537479,1.910245624,0.332183402
4.94301811,1.886423423,0.346055764
4.966318207,1.866177927,0.33855719
4.977205332,1.835356033,0.30668825
4.977347795,1.806206268,0.166839845
4.966453172,1.765722773,0.063734453
4.944289024,1.723207231,-0.074614237
4.911631398,1.691054383,-0.257579443
4.869192605,1.645655732,-0.344187973
4.818404767,1.602791517,-0.443544078
4.759564055,1.558011479,-0.516280246
4.693157841,1.505009519,-0.584142341
4.619141136,1.460405691,-0.601014132
4.536764139,1.400175339,-0.593515558
4.44678415,1.336353286,-0.647130362
4.348777531,1.279410953,-0.646755434
4.242609317,1.216364978,-0.698120666
4.12883811,1.149862271,-0.74011268
4.007497653,1.082928411,-0.710493313
3.880462449,1.017426731,-0.68537309
3.747155151,0.941986013,-0.628008999
3.606162383,0.866035408,-0.572519551
3.460697046,0.801733462,-0.54102554
3.312757363,0.736527967,-0.558272261
3.160412592,0.660022486,-0.594265416
3.002148135,0.574777698,-0.643006147
2.835594617,0.480159996,-0.700370238
2.662202904,0.395316369,-0.726990176
2.483918734,0.305508847,-0.7573594
2.301941788,0.222581044,-0.743861967
2.117434261,0.136054042,-0.657628366
1.926665887,0.042186173,-0.556397617
1.735282676,-0.042953638,-0.454791939
1.537897299,-0.144023655,-0.364059194
1.340167014,-0.214987869,-0.263953231
1.140146083,-0.337619339,-0.199465495
0.936256175,-0.405970385,-0.200215352
0.736538914,-0.524121602,-0.146975477
0.52566085,-0.630736636,-0.113981751
0.330817303,-0.751366052,-0.0911111
0.117311183,-1.050223321,0.014993722
-0.037500436,-0.598924962,0.082480888
-0.034939862,-0.082747286,0.169839275
-0.025421126,-0.171122626,0.249324159
-0.032949138,-0.087936131,0.256822733
-0.026725781,-0.072557052,0.26657088
-0.031280828,-0.071537279,0.262071735
-0.028161652,-0.041933864,0.278568598
-0.029994918,-0.06015856,0.284942386
-0.029368833,-0.028984245,0.256447805
-0.029256363,-0.043238574,0.252698518
-0.030384815,-0.030438921,0.227578295
-0.029207626,-0.029119215,0.190835282
-0.030324831,-0.029081723,0.180712207
-0.029908691,-0.024698948,0.127097403
-0.030411058,-0.026284846,0.094103678
-0.030126133,-0.021819589,0.061109952
-0.03029109,-0.023581697,-0.037871225
-0.030800955,-0.020428648,-0.122605111
-0.030800955,-0.022299482,-0.183718489
-0.031569502,-0.023454225,-0.227585147
-0.032236826,-0.026269849,-0.242957224
-0.032975381,-0.024665206,-0.242582295
-0.0340401,-0.025958668,-0.244831867
-0.034782404,-0.026794732,-0.235083721
-0.034602451,-0.018591557,-0.236583436
-0.03543848,-0.021662124,-0.264703088
-0.035449727,-0.021392184,-0.276700807
-0.035862118,-0.025373798,-0.289448383
-0.036694399,-0.015937147,-0.31906775
-0.035835875,-0.021613385,-0.334064898
-0.037732874,-0.020391157,-0.329940682
-0.036229521,-0.014744913,-0.279325308
-0.038265234,-0.034004378,-0.243707081
-0.037185519,0.001676434,-0.21821193
-0.037740372,-0.039028261,-0.11435668
-0.039479913,-0.002188956,-0.08248774
-0.035794636,-0.029692837,-0.122605111
-0.042464125,-0.020874799,-0.136477473
-0.032956636,0.009617168,-0.157098552
-0.046138155,-0.086114037,-0.199090566
-0.027880476,0.136815123,-0.212962928
-0.079804265,-0.771337859,-0.203214782
-0.403804956,-1.901351488,-0.16047291
-0.762401511,-1.714845476,-0.034121938
-1.064961614,-1.750803727,0.042363517
-1.380620758,-1.828059042,0.143969195
-1.663974683,-1.814468315,0.269945238
-1.940749096,-1.834515106,0.289066602
-2.20327727,-1.726164208,0.349430122
-2.461943964,-1.77618933,0.372300773
-2.711826727,-1.772860071,0.37605006
-2.942469571,-1.80123001,0.491153171
-3.164189772,-1.841346086,0.478405595
-3.374231806,-1.87684319,0.482529811
-3.576734581,-1.920532221,0.581136059
-3.7639264,-1.928233008,0.517023251
-3.935657301,-1.949674489,0.506900176
-4.09277831,-1.958575009,0.494902458
-4.236920246,-1.979161679,0.371175987
-4.369893882,-1.992669924,0.284192528
-4.490593259,-1.996651539,0.194584569
-4.598482269,-1.992898623,0.161590844
-4.690902863,-1.980522626,0.190460353
-4.770074456,-1.976664735,0.268445523
-4.837961529,-1.967029378,0.311562324
-4.893713057,-1.951132914,0.334807903
-4.936804178,-1.929533969,0.363302484
-4.967219896,-1.903323549,0.291691102
-4.985953699,-1.875152316,0.273694525
-4.993283014,-1.845305205,0.224203936
-4.989331557,-1.813238589,0.097478036
-4.975077821,-1.774730905,0.017993151
-4.949865729,-1.73231659,-0.160847839
-4.913987703,-1.689786051,-0.345687688
-4.869175787,-1.647188027,-0.444293936
-4.816041068,-1.601643158,-0.505407314
-4.754872221,-1.556750644,-0.556397617
-4.685837951,-1.507869018,-0.611512136
-4.609181943,-1.453273663,-0.609262564
-4.524439321,-1.398693304,-0.640756575
-4.431887511,-1.336993279,-0.674125229
-4.33180394,-1.275679418,-0.692871664
-4.223873691,-1.211141275,-0.721741174
-4.108329203,-1.138999823,-0.694371379
-3.985447902,-1.076062573,-0.683873375
-3.856519449,-1.0060394,-0.65650358
-3.720561601,-0.926407114,-0.618260853
-3.577416901,-0.857294988,-0.614511566
-3.431377966,-0.790533589,-0.600264275
-3.282238599,-0.719299435,-0.58714177
-3.127666916,-0.643442559,-0.592390772
-2.96633202,-0.552322829,-0.632883072
-2.796426887,-0.460959402,-0.68237366
-2.621396857,-0.375703368,-0.719491602
-2.441676816,-0.291407119,-0.731864249
-2.25943744,-0.211088736,-0.683498446
-2.07240308,-0.107465537,-0.609637492
-1.880941139,-0.028159429,-0.536526396
-1.68780714,0.072636899,-0.443919007
-1.488595995,0.160356136,-0.345687688
-1.292012907,0.245612171,-0.266577732
-1.088108002,0.363504696,-0.220836431
-0.887967103,0.423547589,-0.183718489
-0.682592587,0.575763729,-0.11435668
-0.47626957,0.621889718,-0.055492874
-0.278790468,0.878437649,0.00674529
-0.066079139,0.965032136,0.092603963
0.019724453,0.284037373,0.155591984
-0.005480141,0.068745265,0.262821593
0.001155606,0.139218338,0.32993383
-7.41e-05,0.037450976,0.32131047
-0.000970082,0.072119514,0.327684258
0.001350555,0.029022851,0.308562894
-0.001090051,0.035100249,0.313062038
0.001646727,0.027331977,0.287191958
-0.000662664,0.015417128,0.225328723
0.001084375,0.024820036,0.202833001
0.000653239,0.005305627,0.143219337
0.000634494,0.013066401,0.103101966
0.001455527,0.006366641,0.07310767
0.001279324,0.007776328,0.032990299
0.001856671,0.005305627,0.033365228
0.001549252,0.003067375,0.00674529
0.002044122,0.007356421,-0.040120797
0.002306552,0.003502278,-0.059242161
0.002880151,0.005583065,-0.084362384
0.003967364,0.008998556,-0.120355539
0.004619692,0.003041131,-0.119230753
0.00557194,0.006186681,-0.141351546
0.006467953,0.007210203,-0.171720771
0.006482949,0.001980117,-0.171345842
0.007408955,0.00457454,-0.196091136
0.007214006,0.000128029,-0.219711644
0.007896326,0.004833232,-0.248956083
0.008199996,-0.003362445,-0.300321315
0.008065032,0.007206454,-0.353936119
0.009482157,-0.002938789,-0.398927563
0.007926318,-8.94e-05,-0.404176565
0.010734327,0.009410964,-0.346437545
0.008278725,-0.016495773,-0.269577162
0.010693088,0.023852751,-0.173595414
0.009920792,-0.027105913,-0.080988025
0.009118504,0.030698728,-0.068615378
0.01321992,-0.023615439,-0.071989737
0.005077071,0.010224533,-0.044245013
0.019769441,0.027894352,-0.075364095
-0.005993756,-0.101331901,-0.11435668
0.100504371,1.126452479,-0.125229612
0.459205899,2.000473053,-0.121480325
0.798686253,1.703929019,-0.038246154
1.106498719,1.81024412,-0.020249576
1.420152142,1.827212845,0.071982884
1.701706542,1.847083425,0.219329863
1.980265483,1.820828015,0.237326441
2.242954865,1.741139492,0.349430122
2.505089393,1.794966268,0.380924133
2.755137113,1.787572913,0.385423277
2.990282518,1.839990003,0.500526388
3.213382354,1.857794792,0.500901317
3.423705564,1.899691722,0.53764433
3.627243066,1.942222261,0.603256852
3.816942972,1.956922741,0.555265979
3.99281653,1.980362527,0.518897895
4.152531854,1.985802567,0.479155452
4.298465817,1.999483273,0.370801058
4.433085268,2.011109437,0.271070024
4.55668263,2.025907395,0.238076298
4.66839563,2.025341271,0.22607858
4.765607459,2.015327249,0.213331004
4.848213145,2.005436949,0.241825585
4.918240903,1.993042206,0.299189676
4.976961647,1.980445008,0.35017998
5.0235281,1.959648385,0.361052912
5.057764059,1.934611454,0.367051771
5.079662027,1.902945998,0.3674267
5.090095521,1.873575032,0.258322448
5.089371962,1.84341674,0.137220478
5.077693796,1.80498029,0.037489444
5.055597131,1.768080999,-0.152599407
5.022834533,1.720980226,-0.291697955
4.980354501,1.676256425,-0.404551494
4.92904555,1.635986633,-0.533901895
4.869739961,1.583475814,-0.604763419
4.80298134,1.536221326,-0.681998732
4.728218582,1.487328452,-0.69962038
4.645324222,1.426895645,-0.727740033
4.554511953,1.362972365,-0.758484186
4.456231656,1.302475822,-0.721366245
4.35082449,1.244412488,-0.74011268
4.237743102,1.178865819,-0.747236325
4.117073717,1.112025688,-0.712742885
3.990360928,1.046505263,-0.685748019
3.857683464,0.973913911,-0.659128081
3.717762913,0.896741078,-0.652379364
3.571956416,0.825132007,-0.666251726
3.422989504,0.756690982,-0.669251156
3.269932421,0.684249596,-0.671125799
3.111577988,0.604707291,-0.716492172
2.9462354,0.507701369,-0.749860826
2.77219136,0.423195168,-0.759608972
2.593745982,0.344001534,-0.768607261
2.411367892,0.25326047,-0.739362823
2.226455472,0.174404261,-0.667376512
2.036346924,0.07600365,-0.580767983
1.842811781,-0.003283712,-0.498283669
1.646719813,-0.106228312,-0.397427848
1.445120549,-0.191848016,-0.321692251
1.245868165,-0.28385255,-0.26995209
1.03912526,-0.392810812,-0.210713356
0.838084599,-0.456306687,-0.154848979
0.629898324,-0.60495737,-0.088486599
0.424872465,-0.655177449,-0.031497437
0.223993012,-0.943529555,0.073482599
0.015802988,-0.936623591,0.145843838
-0.051510486,-0.247455646,0.204707644
-0.025912246,-0.108833983,0.317936111
-0.034452491,-0.148417677,0.325059757
-0.030864688,-0.05629317,0.317561183
-0.031509518,-0.09288503,0.314186824
-0.032510504,-0.04487696,0.290941245
-0.030688485,-0.059344991,0.288316744
-0.033102847,-0.042867407,0.206957216
-0.030774712,-0.036178895,0.170214204
-0.032619225,-0.041648928,0.189335567
-0.0317682,-0.028721803,0.132346405
-0.032199336,-0.038443391,0.082105959
-0.032495507,-0.026161123,0.034490014
-0.032214332,-0.029737827,-0.014625646
-0.03271295,-0.027360856,-0.040870654
-0.032570488,-0.02379165,-0.080613097
-0.033185325,-0.024612718,-0.095985173
-0.033084102,-0.023105553,-0.10573332
-0.033995111,-0.026899709,-0.120730468
-0.034973603,-0.02703093,-0.147350405
-0.035337257,-0.024942644,-0.16047291
-0.036623168,-0.026734745,-0.192716778
-0.037076798,-0.024402764,-0.220461502
-0.037376719,-0.025561257,-0.174345272
-0.038100277,-0.020027488,-0.210338427
-0.037811604,-0.018883992,-0.254580014
-0.03892506,-0.025265072,-0.257204514
-0.03816776,-0.016656987,-0.311194247
-0.039397435,-0.027690783,-0.33631447
-0.039307459,-0.010369636,-0.331815326
-0.038906315,-0.026554786,-0.30744496
-0.041204458,-0.015742191,-0.257204514
-0.038119022,-0.021695866,-0.208463783
-0.04248287,-0.031589915,-0.171720771
-0.038164011,0.007731338,-0.132728186
-0.042681568,-0.060720935,-0.115106537
-0.040222217,0.030717474,-0.092985744
-0.039562391,-0.08533421,-0.099359532
-0.046456821,0.055664425,-0.123354969
-0.027726767,-0.149673648,-0.135352687
-0.230053338,-1.537517423,-0.188217634
-0.612853503,-1.875208553,-0.103483747
-0.929202464,-1.668666999,-0.049119086
-1.245019067,-1.847483471,0.009369791
-1.546848113,-1.807374893,0.238826156
-1.825890676,-1.866225552,0.313436967
-2.100685611,-1.778292612,0.372675702
-2.361403014,-1.758114601,0.455909873
-2.622131663,-1.8055453,0.433414151
-2.86537493,-1.804611758,0.498276816
-3.096535137,-1.854246966,0.557890479
-3.313422864,-1.869862243,0.548892191
-3.521080528,-1.924881254,0.615629499
-3.719781807,-1.95164655,0.584510417
-3.904225601,-1.973669151,0.482529811
-4.074925524,-1.989246936,0.469032378
-4.229231027,-1.998057476,0.38767285
-4.371742144,-2.014205134,0.280068313
-4.501506627,-2.020443746,0.218580006
-4.620687655,-2.033175914,0.193459783
-4.727489452,-2.025092712,0.190460353
-4.818676622,-2.01386021,0.216705362
-4.897799478,-2.009732379,0.310437537
-4.964962992,-1.999632126,0.374925274
-5.020058443,-1.982475942,0.407169142
-5.062392264,-1.956820399,0.402669998
-5.09224938,-1.931824709,0.368176557
-5.110409584,-1.902566218,0.296190247
-5.116366761,-1.869086165,0.149968054
-5.111729236,-1.835834812,0.058485451
-5.096834419,-1.798316908,-0.084362384
-5.071254924,-1.756926115,-0.263203374
-5.035725556,-1.715396604,-0.349811903
-4.991164823,-1.671400141,-0.455916725
-4.93797012,-1.626916286,-0.570269979
-4.87700372,-1.581517635,-0.657628366
-4.808483064,-1.527128484,-0.658003295
-4.731305944,-1.475461227,-0.679374231
-4.646252154,-1.420164778,-0.717991887
-4.553137993,-1.353950757,-0.693246593
-4.451813499,-1.293536696,-0.702244881
-4.343575832,-1.229815871,-0.704869382
-4.227783909,-1.162120929,-0.708618669
-4.104887612,-1.09760903,-0.691746878
-3.976120366,-1.028624376,-0.674500158
-3.840473686,-0.952606286,-0.680873945
-3.697745126,-0.876858136,-0.684623232
-3.550435276,-0.812732401,-0.704869382
-3.399965011,-0.744508827,-0.717991887
-3.24478224,-0.669521758,-0.752485327
-3.083766009,-0.581296384,-0.78060498
-2.914479463,-0.486341256,-0.744986753
-2.738530925,-0.411380431,-0.747236325
-2.558563449,-0.318172415,-0.726990176
-2.374831967,-0.242570483,-0.612261993
-2.18873486,-0.155428618,-0.540650612
-1.996002005,-0.054624791,-0.460040941
-1.802001984,0.022038155,-0.362934408
-1.602509664,0.134779326,-0.281199951
-1.402053849,0.202114347,-0.232834149
-1.200567055,0.321390314,-0.198340709
-0.993539225,0.399579171,-0.14022676
-0.791786252,0.504574565,-0.104608533
-0.578621292,0.617821873,-0.046494585
-0.38068856,0.705484873,0.013494007
-0.166901265,1.027178312,0.106851253
0.001695464,0.646311786,0.180712207
0.008256231,0.071677113,0.25494809
-0.005266448,0.139158352,0.350929837
0.004034846,0.071343437,0.345305907
-0.002488431,0.04948205,0.353929267
0.001954145,0.054768374,0.330308759
-0.000643919,0.01289019,0.282317885
0.000893176,0.041548815,0.270320167
0.001125614,0.013415073,0.202083143
0.000432047,0.023968975,0.196834141
0.001849173,0.012219089,0.158216485
0.000833191,0.010445734,0.074607385
0.001984137,0.01023578,0.068983455
0.001463025,0.002497502,-0.014625646
0.001815432,0.010243279,-0.053993159
0.002100357,0.00088536,-0.054368088
0.002321548,0.000874113,-0.086237027
0.00261772,0.002291298,-0.077238738
0.002865155,0.00156021,-0.112856965
0.004181057,0.005253139,-0.124104826
0.004945855,0.003877195,-0.12298004
0.005590685,0.007363919,-0.125604541
0.00678287,0.006977755,-0.126729327
0.007079042,0.002583733,-0.142476332
0.007708876,0.008184987,-0.139851831
0.007761362,-0.002860056,-0.196091136
0.008278725,0.003963426,-0.245206796
0.008796089,-0.000168155,-0.272201662
0.008237486,0.003790964,-0.335564613
0.010108242,0.005571818,-0.328815896
0.008466176,-0.006421764,-0.321317322
0.01087304,0.013685013,-0.300321315
0.009429671,-0.016289569,-0.223086003
0.010123238,0.023312871,-0.200215352
0.011697822,-0.017684259,-0.14022676
0.008271227,0.014221144,-0.092610815
0.014978206,0.003288576,-0.107233034
0.005328254,-0.026247354,-0.102358961
0.019030886,0.066282063,-0.121105396
-0.000329002,-0.155361133,-0.135727616
0.056993361,0.821510313,-0.158598266
0.386073961,1.96780657,-0.139101974
0.742859745,1.740003495,-0.012376073
1.047702995,1.767218691,0.036739586
1.365892721,1.835573485,0.124097974
1.650675018,1.831393165,0.283067742
1.930336168,1.848455619,0.28081817
2.196002264,1.734443481,0.35880334
2.458054314,1.791689497,0.428540078
2.711963514,1.780048337,0.406794213
2.949197118,1.819395834,0.527521255
3.175749792,1.856625052,0.53764433
3.388153703,1.87686305,0.512899035
3.594098069,1.92842533,0.56351441
3.786538501,1.936613509,0.482529811
3.965677446,1.96753663,0.438288224
4.129760367,1.978836616,0.428165149
4.278910981,1.983605555,0.331433545
4.416477154,2.001736522,0.263946379
4.542470133,2.009767236,0.221204507
4.657388536,2.01311899,0.180712207
4.758139431,2.006752906,0.175088277
4.844662833,1.987238497,0.242575443
4.918642047,1.982627023,0.334432974
4.981051817,1.973122887,0.41354293
5.031438511,1.943317018,0.440162868
5.069086069,1.922655364,0.38467342
5.094725549,1.894165451,0.365177128
5.108405686,1.862717447,0.245574872
5.110606355,1.83177558,0.091479177
5.102092353,1.794298917,0.02999087
5.082668733,1.753305535,-0.136852402
5.052972824,1.708529246,-0.300696244
5.013649458,1.668304444,-0.422173142
4.96494607,1.624622911,-0.535776539
4.908448489,1.579033052,-0.619760567
4.844546613,1.531748571,-0.663627225
4.772591864,1.479395217,-0.623134926
4.692494266,1.423840075,-0.631008428
4.604182586,1.366177902,-0.627259141
4.50782928,1.301703494,-0.628383927
4.403573061,1.237971421,-0.695496165
4.292013771,1.178190969,-0.704494454
4.173177652,1.109701205,-0.701869953
4.048144419,1.044608185,-0.695496165
3.917907561,0.976707039,-0.681623803
3.780367631,0.90086516,-0.695871093
3.636169459,0.832649085,-0.720241459
3.488203533,0.764290541,-0.747236325
3.336346133,0.690803139,-0.754359971
3.179678755,0.617244502,-0.768607261
3.016180679,0.526735885,-0.764108117
2.843643741,0.434701358,-0.729614676
2.666191851,0.356302548,-0.753235185
2.484526073,0.267462311,-0.738612965
2.299887331,0.194252346,-0.637757145
2.112065679,0.099642142,-0.556397617
1.918298097,0.013441317,-0.461915585
1.723559522,-0.075830074,-0.338938971
1.521881529,-0.180086882,-0.275201092
1.321684395,-0.248460423,-0.263953231
1.116636042,-0.371879218,-0.215962357
0.910991596,-0.433792946,-0.168721341
0.70705295,-0.565103736,-0.139851831
0.495080176,-0.641571725,-0.06824045
0.29867704,-0.814558245,0.031115656
0.081215715,-1.049694689,0.102727038
-0.047798966,-0.476983338,0.167964631
-0.031876921,-0.075530141,0.277068883
-0.029709993,-0.170406536,0.342681406
-0.033548979,-0.069119067,0.376424989
-0.028971438,-0.083924524,0.421791361
-0.033099098,-0.063052917,0.407544071
-0.029601272,-0.046909008,0.35880334
-0.032285563,-0.056638094,0.273694525
-0.030830947,-0.033340776,0.181836993
-0.031412044,-0.047253931,0.143219337
-0.031708215,-0.027698281,0.071607955
-0.031104625,-0.032272264,0.017993151
-0.032019383,-0.028759295,-0.019499719
-0.031340812,-0.027859495,-0.106858106
-0.03214685,-0.028043204,-0.117356109
-0.031850678,-0.022366967,-0.125229612
-0.032124356,-0.024841417,-0.13722733
-0.032626723,-0.021598388,-0.134227901
-0.033200321,-0.025040122,-0.132728186
-0.034298781,-0.024414012,-0.117731038
-0.034692427,-0.02550127,-0.155973765
-0.035682166,-0.030127741,-0.147725334
-0.036506948,-0.023356747,-0.152224478
-0.036600673,-0.022198255,-0.160097981
-0.037500436,-0.022426954,-0.147725334
-0.037275495,-0.019041457,-0.185218204
-0.038325218,-0.025328808,-0.211838142
-0.038220246,-0.017999189,-0.290948097
-0.038606394,-0.030431423,-0.334439827
-0.039434925,-0.016477027,-0.317193106
-0.038044042,-0.024965139,-0.320567465
-0.040713337,-0.019896267,-0.273326449
-0.037695384,-0.00810139,-0.228709933
-0.041391908,-0.042991129,-0.170221056
-0.038831334,0.011203065,-0.081362954
-0.040038516,-0.057924057,-0.081737883
-0.042014244,0.018720143,-0.064866091
-0.036019577,-0.049027287,-0.036746439
-0.049103622,-0.006133078,-0.067115663
-0.022695595,0.013190123,-0.083612526
-0.166852528,-1.28628206,-0.163097411
-0.542180915,-1.925323655,-0.135727616
-0.873413447,-1.661809774,-0.049494015
-1.184652508,-1.826259442,-0.002252998
-1.493747135,-1.810284246,0.206957216
-1.773490763,-1.851888741,0.296565176
-2.051112452,-1.799981538,0.330683687
-2.312748362,-1.739072587,0.461533804
-2.574894137,-1.800517668,0.444662012
-2.822122601,-1.791890837,0.502026103
-3.055970849,-1.840315066,0.596133207
-3.2771212,-1.856192784,0.558640337
-3.485911065,-1.903945911,0.608505854
-3.687948963,-1.9390606,0.602506995
-3.875665643,-1.956265522,0.494902458
-4.049900882,-1.979045455,0.463033518
-4.208296555,-1.98225849,0.400045497
-4.353911852,-1.999673366,0.294690532
-4.487507824,-2.006841772,0.220079721
-4.60893076,-2.015798529,0.178087706
-4.71958279,-2.013601518,0.155966913
-4.814983847,-1.999178476,0.18558628
-4.896596046,-1.993303533,0.250074017
-4.967414845,-1.983458223,0.323185113
-5.025996875,-1.967190592,0.394421566
-5.072473352,-1.944249445,0.388047778
-5.106379398,-1.916111955,0.367051771
-5.127936206,-1.887352102,0.303688821
-5.137811098,-1.85602782,0.15671677
-5.135940342,-1.818318709,0.062234738
-5.123767307,-1.78414506,-0.038246154
-5.101250753,-1.745633627,-0.198715637
-5.068064516,-1.6974306,-0.330315611
-5.025873158,-1.65652345,-0.44879308
-4.975610181,-1.612958141,-0.568395335
-4.917230597,-1.565729897,-0.66212751
-4.851248021,-1.518925308,-0.687997591
-4.777759927,-1.467078092,-0.686497876
-4.695679102,-1.410326966,-0.69699588
-4.605076777,-1.351063899,-0.680499017
-4.506597783,-1.292681886,-0.678249445
-4.400283357,-1.228402435,-0.66812637
-4.286407178,-1.158278034,-0.629508714
-4.165167944,-1.090526855,-0.593890487
-4.037900301,-1.027473382,-0.565395906
-3.904529271,-0.956872837,-0.574019266
-3.763881411,-0.881203419,-0.609637492
-3.617778743,-0.814970653,-0.65350415
-3.468268224,-0.747354444,-0.693246593
-3.314378861,-0.671909977,-0.745361682
-3.154686032,-0.591437878,-0.793727484
-2.987060296,-0.498840976,-0.782854552
-2.811782832,-0.416006902,-0.786603839
-2.632827589,-0.335905971,-0.774981049
-2.449358537,-0.250170042,-0.701869953
-2.263921256,-0.170800198,-0.615636352
-2.072879204,-0.073798026,-0.49790874
-1.878305585,0.001226535,-0.370058053
-1.681280113,0.106424383,-0.257579443
-1.478994781,0.187110185,-0.179219345
-1.279123811,0.276610276,-0.112482036
-1.071139983,0.386247137,-0.074239309
-0.868625961,0.458965961,-0.013875788
-0.657837874,0.608538938,0.047612519
-0.451642324,0.648523794,0.068233597
-0.247872383,0.938435553,0.178837564
-0.040825808,0.898851858,0.204707644
0.019334556,0.202230571,0.218580006
-0.006027497,0.090970321,0.299939534
0.003701184,0.126868586,0.27219481
-0.000505205,0.036502437,0.301814177
0.000735717,0.070803557,0.316811325
0.001489268,0.019170043,0.286067172
6.46e-05,0.035516407,0.293190817
0.002291556,0.018371471,0.239576013
0.00034582,0.015327148,0.220829578
0.002340293,0.019008829,0.209581717
0.001226837,0.005238142,0.144344123
0.001875416,0.016886801,0.111725326
0.002246568,0.00246001,0.056235879
0.002190333,0.004102145,-0.015000574
0.002673955,0.00322484,-0.05661766
0.00246776,-0.001547848,-0.116981181
0.003093844,-0.001082952,-0.159348124
0.003086346,0.00228005,-0.202464924
0.004034846,0.006932765,-0.209963498
0.005159549,0.001477729,-0.178844416
0.00557194,0.001162799,-0.19496635
0.006550432,0.006947762,-0.189717348
0.007101536,0.001807655,-0.166471769
0.007521425,0.00605921,-0.14885012
0.008417439,0.002276301,-0.147725334
0.008076279,-0.000655547,-0.162722482
0.009257217,0.00601422,-0.167971484
0.008698614,-0.004490944,-0.212587999
0.009542142,0.012965173,-0.241832438
0.010033262,-0.009012438,-0.24408201
0.009066017,0.006032965,-0.249331012
0.011596599,-0.002507635,-0.209213641
0.008657375,-0.009912238,-0.167596555
0.012815027,0.021490777,-0.158223338
0.008987288,-0.026772237,-0.138727045
0.012091468,0.04521175,-0.125979469
0.011671579,-0.047880042,-0.125979469
0.008541156,0.049965693,-0.113981751
0.018760957,-0.047636346,-0.12298004
-0.004407925,0.054895846,-0.106108248
0.17086954,1.468316431,-0.094485459
0.548803489,1.948078458,-0.037496296
0.869771231,1.673703243,0.088104818
1.182941033,1.836739476,0.112475184
1.487473115,1.799529003,0.231327582
1.766500682,1.855590282,0.317186254
2.041239382,1.777483907,0.289816459
2.301248221,1.728639772,0.389172564
2.562295537,1.780505735,0.375675131
2.806929686,1.770244267,0.411293358
3.039420792,1.819489563,0.524146896
3.258096797,1.834883638,0.474281379
3.467032873,1.885193697,0.520772538
3.668463431,1.914410948,0.548892191
3.853825733,1.929681301,0.461908732
4.024998031,1.944625476,0.421416433
4.180278277,1.945993922,0.343431263
4.323340498,1.96376122,0.280068313
4.455414371,1.969928598,0.229827867
4.57588131,1.974581313,0.169464346
4.683639104,1.970370999,0.153717341
4.7764346,1.954283328,0.178837564
4.855748655,1.948573348,0.2433253
4.923725705,1.932838099,0.284942386
4.980264524,1.909105878,0.352429552
5.024296647,1.890240074,0.360677983
5.055945789,1.855121637,0.305188536
5.07556061,1.825536968,0.256072876
5.083163602,1.800477542,0.095603392
5.07972576,1.758891793,0.010494577
5.065726956,1.71921062,-0.052868373
5.040439884,1.679315744,-0.220461502
5.004756807,1.638434838,-0.32469168
4.96017358,1.593197401,-0.422548071
4.907106343,1.54105775,-0.515905317
4.846646059,1.500589252,-0.596889917
4.778878954,1.455625504,-0.621635211
4.702950255,1.399039342,-0.602138918
4.618803725,1.342464427,-0.645255719
4.526435617,1.280022067,-0.656878509
4.425999639,1.218880668,-0.671875657
4.317806959,1.157694279,-0.706369097
4.202135005,1.086925021,-0.692871664
4.079553625,1.019597498,-0.643381075
3.951228762,0.958842263,-0.607762849
3.816463099,0.888410431,-0.605513277
3.674799258,0.817397478,-0.613011851
3.528827805,0.754355251,-0.654628936
3.379710932,0.688306194,-0.681623803
3.225596629,0.614387637,-0.706744026
3.064782845,0.523485358,-0.741612395
2.895233868,0.432913006,-0.741237466
2.718940422,0.359268138,-0.755859685
2.538725511,0.269580589,-0.737863108
2.355084005,0.193569998,-0.678249445
2.169305564,0.11385898,-0.58714177
1.977112566,0.018705146,-0.45741644
1.783491195,-0.060570969,-0.353936119
1.584531235,-0.164036703,-0.260578873
1.383700518,-0.233898662,-0.214087714
1.181433931,-0.350970119,-0.195716208
0.973502589,-0.425694747,-0.15184955
0.771599655,-0.526970968,-0.106483177
0.557928579,-0.643907456,-0.052868373
0.358916133,-0.73132301,0.041238731
0.145826153,-1.049972127,0.158216485
-0.027895472,-0.697003145,0.212581147
-0.039063773,-0.102752835,0.289816459
-0.023992753,-0.153775235,0.376424989
-0.033496493,-0.103712622,0.37605006
-0.026497091,-0.068785391,0.382798777
-0.030920923,-0.078424497,0.374925274
-0.028506561,-0.039946806,0.332183402
-0.029413821,-0.059416226,0.27519424
-0.029972424,-0.035181616,0.169089418
-0.029091406,-0.044865712,0.126347546
-0.03047854,-0.031856106,0.097478036
-0.029087657,-0.029119215,0.04723759
-0.030081145,-0.031987327,0.043863232
-0.029886197,-0.026764739,-0.037496296
-0.030156125,-0.028853024,-0.100109389
-0.030339827,-0.02262566,-0.125979469
-0.030257349,-0.023191784,-0.173970343
-0.03063225,-0.02096103,-0.156348694
-0.030943417,-0.023311757,-0.139101974
-0.031940654,-0.027372104,-0.144725904
-0.032937891,-0.026412317,-0.124854683
-0.033485246,-0.028440616,-0.098984603
-0.034613698,-0.027923231,-0.125229612
-0.034962356,-0.019937508,-0.129728756
-0.035277273,-0.023338001,-0.130103685
-0.035562198,-0.01669073,-0.164597126
-0.0355547,-0.022505686,-0.16909627
-0.036810618,-0.020001243,-0.230209648
-0.035862118,-0.015719696,-0.290573169
-0.03759791,-0.031327474,-0.299571458
-0.036608171,-0.010688315,-0.295822171
-0.037552922,-0.033314532,-0.237333293
-0.038253987,-0.006751691,-0.176594844
-0.036495701,-0.028155679,-0.120355539
-0.040432162,-0.019060203,-0.057367517
-0.035281022,-0.011018242,-0.043120227
-0.042145459,-0.046586579,-0.03937094
-0.034778655,0.03366057,-0.025873506
-0.041958009,-0.1029103,-0.066365806
-0.036945582,0.118586678,-0.086237027
-0.044079948,-0.4319746,-0.135727616
-0.313798724,-1.770670558,-0.196466065
-0.691129082,-1.79124973,-0.085862099
-0.9979893,-1.701269746,-0.017250146
-1.316925079,-1.841406073,0.097103107
-1.609254133,-1.797784526,0.278193669
-1.88809425,-1.847101056,0.285692243
-2.157269419,-1.729478471,0.390672279
-2.417072063,-1.753011986,0.475031237
-2.674329129,-1.777111625,0.418417003
-2.913212297,-1.785082352,0.525646611
-3.14159074,-1.826731837,0.558265408
-3.355764183,-1.847221029,0.52602154
-3.562739527,-1.899540641,0.615629499
-3.758336626,-1.915710794,0.540643759
-3.939020163,-1.935907551,0.47990531
-4.105408724,-1.945119252,0.441662582
-4.256996195,-1.953281186,0.30406375
-4.396433124,-1.965417237,0.234327011
-4.524360592,-1.973567923,0.149968054
-4.641445923,-1.973845362,0.086230175
-4.743823888,-1.961630579,0.064109382
-4.831629452,-1.950964202,0.124472902
-4.90725823,-1.939847924,0.216330434
-4.971572497,-1.927261974,0.284567457
-5.023792457,-1.905269366,0.365926985
-5.063314521,-1.878841495,0.343431263
-5.090933477,-1.85031784,0.312312181
-5.10652561,-1.818326207,0.230952653
-5.11076574,-1.785093599,0.072732742
-5.103732597,-1.748944141,-0.003752713
-5.086022274,-1.708963035,-0.141351546
-5.058208369,-1.665862622,-0.308944675
-5.020103431,-1.621869909,-0.415424426
-4.97311334,-1.577798462,-0.510281387
-4.918336555,-1.535725321,-0.547774257
-4.856046754,-1.48844084,-0.568770264
-4.785947765,-1.437294717,-0.561646619
-4.707949612,-1.388401843,-0.589016414
-4.621831103,-1.328940071,-0.615636352
-4.526876178,-1.265815363,-0.603263705
-4.424322009,-1.20698345,-0.649005006
-4.313947406,-1.140619462,-0.647130362
-4.195235004,-1.076002586,-0.618635781
-4.070659151,-1.013882655,-0.608137778
-3.939949917,-0.944575572,-0.601389061
-3.802023839,-0.873930037,-0.588641485
-3.658365525,-0.805848932,-0.58714177
-3.511018185,-0.739901102,-0.649379935
-3.360064297,-0.66802959,-0.674125229
-3.203216966,-0.592663855,-0.699245452
-3.038939097,-0.505758187,-0.739737751
-2.866072246,-0.414563473,-0.737488179
-2.688237956,-0.33559479,-0.72848989
-2.506268509,-0.250556207,-0.670375942
-2.321446065,-0.177439971,-0.570644908
-2.132822125,-0.079571742,-0.447668294
-1.938570921,0.002381278,-0.348312189
-1.743633648,0.0852191,-0.263203374
-1.542308062,0.183795922,-0.180344131
-1.342470833,0.250887248,-0.146975477
-1.136972599,0.369353395,-0.117731038
-0.932257907,0.437089577,-0.079113382
-0.725934891,0.571395951,-0.009751572
-0.513448502,0.632571092,0.032615371
-0.31487469,0.830437077,0.098227893
-0.095812537,1.016324477,0.19158514
0.019559496,0.392474502,0.229452938
-0.001071306,0.048615993,0.326184543
0.000304581,0.146353001,0.394421566
0.002520246,0.043925786,0.394046638
-0.001022569,0.063920088,0.398170853
0.002876402,0.035062758,0.367801629
-0.000164045,0.027245747,0.344556049
0.002553987,0.028947868,0.29244096
0.001009395,0.011143079,0.211456361
0.001946647,0.025941037,0.17696292
0.00182293,0.002834927,0.100852394
0.001871667,0.011682959,0.038239301
0.002763932,0.009219756,0.011994292
0.00223907,0.00551558,-0.052493444
0.002962629,0.004589536,-0.061866662
0.002722692,-0.00140538,-0.092235886
0.003270048,0.000746641,-0.133852972
0.003423757,0.001503973,-0.137602259
0.003847395,0.00542935,-0.157098552
0.004919612,0.005624306,-0.162347553
0.005624426,0.005736781,-0.151474621
0.006482949,0.005493085,-0.116231323
0.007468939,-0.000741778,-0.107607963
0.007682633,-0.001266661,-0.094485459
0.0083762,0.002358783,-0.097859817
0.008511164,-0.000160657,-0.152224478
0.008953547,0.005748029,-0.187842705
0.009489656,-0.004142271,-0.259079158
0.009043523,0.003277328,-0.302945816
0.010700586,-0.001247915,-0.312693962
0.009137249,-0.003703619,-0.32206718
0.011465384,0.012987668,-0.260953801
0.009827066,-0.024042844,-0.191217063
0.010813056,0.019931124,-0.116606252
0.012308911,-0.020499882,-0.05961709
0.009024778,0.017940317,-0.040870654
0.015615538,-0.002428902,-0.043495155
0.006051813,-0.025265072,-0.050993729
0.019746947,0.068325358,-0.067115663
0.000154621,-0.156283427,-0.098609674
0.05946021,0.830665776,-0.108732749
0.389166894,1.958849812,-0.100109389
0.744906704,1.731477891,0.044988018
1.04904514,1.755948698,0.112100255
1.366076422,1.809692992,0.149968054
1.65048007,1.806817382,0.324309899
1.928994023,1.816602705,0.300689391
2.192673143,1.697427965,0.33855719
2.453679219,1.753924148,0.397795925
2.706534948,1.750148738,0.346055764
2.941815317,1.781810445,0.454410158
3.166830897,1.808500757,0.455534944
3.378882401,1.838325373,0.456284802
3.584699301,1.883266626,0.518148037
3.776213728,1.88486752,0.443162297
3.953433179,1.90446441,0.432289365
4.115420404,1.906878873,0.405669427
4.263183884,1.920462102,0.330683687
4.40020645,1.925965877,0.27219481
4.525412137,1.92910018,0.184461494
4.639127108,1.935338792,0.13384612
4.737722322,1.919026171,0.131221619
4.821932585,1.907182556,0.18558628
4.894715865,1.898904397,0.207707074
4.955663521,1.879000075,0.268070594
5.004419396,1.849392911,0.326184543
5.040402394,1.820044439,0.270320167
5.064789704,1.794790057,0.262446664
5.077615067,1.768624628,0.190835282
5.078818499,1.730619332,0.072357813
5.069543449,1.691103122,-0.014250717
5.049043862,1.650278454,-0.176969773
5.017975816,1.59972095,-0.332565183
4.97702538,1.558116455,-0.439419863
4.927583436,1.516605689,-0.494159453
4.870557245,1.467986505,-0.536901325
4.805369459,1.418729962,-0.57289448
4.732871104,1.376964252,-0.541775398
4.652244894,1.324400945,-0.560521833
4.563397106,1.257467084,-0.588641485
4.466642656,1.203839014,-0.599139489
4.361704117,1.138431064,-0.667751441
4.249117598,1.07178214,-0.697370808
4.128646911,1.015338446,-0.695871093
4.002072835,0.949945493,-0.675999872
3.869500344,0.880585922,-0.655378794
3.72939984,0.802295837,-0.656128651
3.584444368,0.73629177,-0.628383927
3.436954566,0.684253346,-0.615636352
3.284879724,0.612201873,-0.62463464
3.126506546,0.526567173,-0.643756004
2.95990429,0.439830217,-0.661002724
2.784818025,0.362717371,-0.679374231
2.605780304,0.277382604,-0.691746878
2.422078814,0.193644981,-0.652004436
2.236356607,0.121511027,-0.577018696
2.046060609,0.024145186,-0.48628595
1.851951867,-0.04748263,-0.389929274
1.655563727,-0.144053648,-0.296197099
1.454028197,-0.221991311,-0.220836431
1.253999768,-0.318311134,-0.184093418
1.046184646,-0.421536922,-0.165346983
0.843588145,-0.483458148,-0.10573332
0.632901281,-0.632157569,-0.052118516
0.426308336,-0.674369429,-0.007876929
0.222163495,-0.966616919,0.107601111
0.014667038,-0.92435632,0.168714489
-0.047461555,-0.231401717,0.237326441
-0.022088256,-0.116557265,0.345305907
-0.031190852,-0.144885963,0.36442727
-0.027366862,-0.057162977,0.408668857
-0.028037935,-0.093852315,0.418417003
-0.028442828,-0.04271744,0.382423848
-0.027329372,-0.060368514,0.356553768
-0.029406323,-0.047448888,0.248574302
-0.027149419,-0.040527927,0.172088847
-0.029181383,-0.041139041,0.128222189
-0.028086672,-0.027990716,0.050986877
-0.028843972,-0.034664232,0.027366369
-0.028892709,-0.025025126,-0.005252428
-0.02858529,-0.029797814,-0.039745868
-0.029203877,-0.024830169,-0.047619371
-0.028855219,-0.02181584,-0.09973446
-0.029541288,-0.022704392,-0.149974906
-0.029623766,-0.023334252,-0.172845557
-0.030388564,-0.028436867,-0.195341279
-0.031449534,-0.024350276,-0.231334434
-0.031839431,-0.019543845,-0.228709933
-0.032836667,-0.028185673,-0.209213641
-0.033680195,-0.026202364,-0.200590281
-0.033638956,-0.021163485,-0.16609684
-0.034504977,-0.020931037,-0.162347553
-0.034325024,-0.019345139,-0.175470058
-0.03517605,-0.028301897,-0.179219345
-0.035089822,-0.014122551,-0.21221307
-0.035569696,-0.02334175,-0.280075165
-0.036563183,-0.012457921,-0.309694532
-0.035127313,-0.01871153,-0.257204514
-0.037875337,-0.02275688,-0.181093988
-0.035014842,-0.010219669,-0.107607963
-0.03846768,-0.035792731,-0.037121367
-0.036049569,0.008207482,0.00974472
-0.037193017,-0.05620319,-0.001128212
-0.038966299,0.022885467,-0.01912479
-0.033440258,-0.054924725,-0.037496296
-0.045913214,-0.002803819,-0.061491733
-0.020037547,0.005039436,-0.074239309
-0.16612522,-1.303142059,-0.150349835
-0.540235179,-1.918466431,-0.107233034
-0.869551966,-1.644061222,0.00974472
-1.179898763,-1.808990784,0.057735594
-1.488498521,-1.790248703,0.240700799
-1.767844754,-1.826623111,0.347555479
-2.044094305,-1.770408116,0.36442727
-2.304717982,-1.704662741,0.457409588
-2.565881517,-1.760731519,0.413917859
-2.811929043,-1.748415509,0.439787939
-3.043865296,-1.791838349,0.511024392
-3.263890944,-1.807899776,0.415042645
-3.473483097,-1.853077227,0.449161156
-3.675550987,-1.882455691,0.476530952
-3.861963011,-1.891862349,0.407918999
-4.033810131,-1.910267005,0.426290506
-4.190766184,-1.916160694,0.386548064
-4.335095571,-1.926733342,0.289066602
-4.467874258,-1.933691794,0.206582288
-4.589747075,-1.938910633,0.169839275
-4.698235927,-1.926770833,0.115849542
-4.791811216,-1.91451481,0.107226182
-4.872471167,-1.905543056,0.171713918
-4.941542927,-1.891596158,0.196084284
-4.998951517,-1.870199668,0.261321878
-5.043279811,-1.845650129,0.257947519
-5.075806222,-1.820714426,0.246699658
-5.096437024,-1.786533279,0.233577154
-5.104939779,-1.753649344,0.078731601
-5.103110262,-1.719351974,-0.01612536
-5.090382373,-1.679517085,-0.118480895
-5.06691357,-1.638006319,-0.27295152
-5.033528636,-1.596124386,-0.390679132
-4.990351288,-1.554058743,-0.493409595
-4.938967357,-1.506830499,-0.521529248
-4.880010426,-1.462556598,-0.550398758
-4.813206816,-1.417409141,-0.526403321
-4.738181628,-1.362082698,-0.485161164
-4.655073575,-1.308540858,-0.538401039
-4.564313792,-1.251913455,-0.557147474
-4.464998768,-1.191195712,-0.584892198
-4.357807074,-1.12692001,-0.616761138
-4.242892419,-1.060312327,-0.623134926
-4.1202698,-0.998691034,-0.631758286
-3.992016168,-0.928847821,-0.595390202
-3.856838114,-0.863229918,-0.581892769
-3.714323248,-0.7958799,-0.579643196
-3.568273066,-0.730119528,-0.571769694
-3.418972491,-0.669034366,-0.58451727
-3.264142127,-0.591790299,-0.589766271
-3.102942196,-0.508048927,-0.628758856
-2.932767134,-0.420145981,-0.649754863
-2.756271241,-0.346703569,-0.654628936
-2.575985099,-0.260289041,-0.667001584
-2.391087675,-0.182358877,-0.621635211
-2.203798382,-0.096461735,-0.517779961
-2.010064541,-0.003898575,-0.404926422
-1.815153512,0.063466439,-0.318692821
-1.615282541,0.175146596,-0.221211359
-1.41420439,0.239463539,-0.167971484
-1.212290209,0.347503255,-0.12860397
-1.004681283,0.421455555,-0.070490022
-0.802212249,0.520208587,-0.029997722
-0.587390227,0.638412293,0.008619934
-0.387193093,0.717159776,0.066358954
-0.171527543,1.036258792,0.157466628
0.001433033,0.667558309,0.173963491
0.009947035,0.064126293,0.236951512
-0.004381682,0.133215924,0.337807333
0.005215784,0.078286893,0.351304766
-0.001596167,0.043779569,0.382798777
0.003183821,0.061689335,0.357678554
0.000638243,0.022990443,0.317186254
0.002025377,0.043498381,0.302564035
0.002092859,0.011671711,0.214830719
0.001223088,0.021217088,0.160466057
0.00292139,0.012923932,0.131971476
0.001800436,0.010303265,0.078356672
0.002981374,0.009051044,0.070858098
0.002479007,0.00147023,0.047987447
0.003011366,0.00884484,0.02699144
0.003131335,0.004315847,0.014618793
0.003326283,0.003311071,-0.026998293
0.004031097,0.002276301,-0.078738453
0.004049842,0.007528883,-0.163847268
0.005170796,0.003997168,-0.212962928
0.006021821,0.001882639,-0.243707081
0.006666651,0.00569554,-0.26995209
0.007776358,0.002981144,-0.262453516
0.00811002,0.003434793,-0.228709933
0.008934802,0.001668936,-0.187467776
0.008837328,-0.004479696,-0.196466065
0.009242221,0.008679877,-0.171345842
0.010037011,-0.002751331,-0.173595414
0.009223476,-0.003351197,-0.246331582
0.011184208,0.003356061,-0.260953801
0.009722094,-0.003812345,-0.28719881
0.011825289,0.015293405,-0.266577732
0.010783064,-0.015985887,-0.179594274
0.011161714,0.018701397,-0.107607963
0.012923749,-0.021028515,-0.015375503
0.009204731,0.009493446,0.011244435
0.015934204,0.004769496,-0.010126501
0.006464204,-0.026506046,-0.006752143
0.019596986,0.07002748,-0.037496296
0.001882914,-0.157798091,-0.085112241
0.051613532,0.762937092,-0.130478614
0.372944928,1.932549413,-0.133478043
0.732362517,1.745383548,-0.005627357
1.037280747,1.737525296,0.055486021
1.356104055,1.802089683,0.148468339
1.642745862,1.803023226,0.347555479
1.922901881,1.81918963,0.341931548
2.189272791,1.700704737,0.377174846
2.452044651,1.738005189,0.405669427
2.707423463,1.741518158,0.339681976
2.945320641,1.766487603,0.442787369
3.172799321,1.776666589,0.431539508
3.386429158,1.820449349,0.389547493
3.593809395,1.86616668,0.454410158
3.788315532,1.867193951,0.378674561
3.968564184,1.896190001,0.357303625
4.133351918,1.893959247,0.396671138
4.283630984,1.907396258,0.340056905
4.422655522,1.916746678,0.297689962
4.550523006,1.918373816,0.250074017
4.666922269,1.919236124,0.18558628
4.768771623,1.903714577,0.149968054
4.856142301,1.889756432,0.14246948
4.931062517,1.869196006,0.163840416
4.994994385,1.856223891,0.227203366
5.046858189,1.833451457,0.251198803
5.086222794,1.798535474,0.206957216
5.113444356,1.77432336,0.209581717
5.12857536,1.744146323,0.139844979
5.132493075,1.710002668,0.011244435
5.125407447,1.671847406,-0.033747009
5.10801204,1.63820239,-0.163097411
5.079849477,1.59311492,-0.321317322
5.041185937,1.53921316,-0.436795362
4.994087124,1.509407291,-0.547399328
4.938646764,1.463697459,-0.585642056
4.875198519,1.407613684,-0.604763419
4.80407605,1.361836368,-0.553398187
4.724660772,1.310454048,-0.505032385
4.63741756,1.255176344,-0.518529818
4.542275184,1.198432717,-0.527903036
4.439312373,1.142911317,-0.601014132
4.329177707,1.072539472,-0.655378794
4.210892692,1.006063009,-0.656878509
4.085915695,0.942439662,-0.655003865
3.9554389,0.869188457,-0.642631218
3.816931725,0.807368459,-0.6306335
3.672471123,0.736617947,-0.608887635
3.525266245,0.678487128,-0.603263705
3.373986194,0.623216923,-0.596140059
3.217285074,0.542643597,-0.573269409
3.053164663,0.457721238,-0.570269979
2.879844182,0.369810793,-0.591640915
2.701826191,0.294512543,-0.63625743
2.519609309,0.210216295,-0.652754293
2.333549692,0.13737,-0.612636922
2.143992248,0.050295619,-0.533526966
1.948155213,-0.037356133,-0.441669435
1.752055747,-0.117382081,-0.342688258
1.549654195,-0.215531498,-0.24408201
1.348354852,-0.280920702,-0.206214211
1.142845371,-0.395930118,-0.191217063
0.935547612,-0.454327128,-0.134227901
0.730892905,-0.582293662,-0.069365236
0.516025895,-0.662173392,-0.049119086
0.31760954,-0.80896074,0.020617652
0.097992535,-1.069876449,0.114724756
-0.042842775,-0.526187393,0.154467198
-0.030718477,-0.080659,0.23770137
-0.025927242,-0.175179224,0.288316744
-0.031247087,-0.074176692,0.326559472
-0.025923493,-0.08182874,0.372300773
-0.030448548,-0.06339784,0.331433545
-0.026976965,-0.0460467,0.306313322
-0.029526292,-0.064631315,0.258697377
-0.028277871,-0.034566753,0.157841557
-0.028551549,-0.045334358,0.119598829
-0.029173885,-0.028616827,0.07310767
-0.028296616,-0.031046286,0.03861423
-0.029436315,-0.025565006,0.037864373
-0.028918952,-0.03215604,0.010494577
-0.029530041,-0.031226246,0.044988018
-0.029335092,-0.020702337,0.034115085
-0.029627515,-0.028751797,-0.018374932
-0.030002416,-0.022970583,-0.035621653
-0.030564767,-0.029865299,-0.106483177
-0.03168947,-0.025594999,-0.176969773
-0.031951901,-0.019157681,-0.217087144
-0.033095349,-0.029066727,-0.260953801
-0.033987613,-0.021530903,-0.280450094
-0.034051347,-0.021789596,-0.23245922
-0.034999846,-0.021920816,-0.196466065
-0.03445624,-0.01718562,-0.211838142
-0.035502214,-0.026029902,-0.208088855
-0.035610935,-0.013350223,-0.21821193
-0.035625931,-0.024537734,-0.267702518
-0.036799371,-0.013248995,-0.317942964
-0.035520959,-0.025621243,-0.328066039
-0.038197752,-0.027128408,-0.264703088
-0.035292269,-0.003617388,-0.191217063
-0.038535163,-0.040719135,-0.107982892
-0.036581928,0.010959369,0.008245005
-0.037279244,-0.053893704,0.050986877
-0.039776085,0.012504026,0.064109382
-0.033132839,-0.044235852,0.032615371
-0.046906702,-0.013106527,-0.037871225
-0.020464934,0.03383678,-0.065990877
-0.153978428,-1.241580754,-0.165721912
-0.525231641,-1.923167885,-0.143976047
-0.858083745,-1.646618153,-0.050618801
-1.168295577,-1.802137308,-0.039745868
-1.479875798,-1.78724937,0.160466057
-1.760916584,-1.820354506,0.305188536
-2.039576748,-1.769527062,0.355428981
-2.301932468,-1.693666437,0.507650034
-2.564723073,-1.752513347,0.492277957
-2.813473635,-1.739383768,0.467532663
-3.04790298,-1.7794736,0.534269971
-3.270298002,-1.792291998,0.455534944
-3.481149822,-1.837042044,0.460783946
-3.685305911,-1.86915365,0.496402173
-3.87480337,-1.880014984,0.398170853
-4.050789398,-1.899465657,0.376424989
-4.210665929,-1.899551888,0.304438678
-4.357537145,-1.911732929,0.203582858
-4.492872657,-1.914593542,0.173588562
-4.616338803,-1.921214569,0.164965202
-4.728602908,-1.917401668,0.159341271
-4.825942203,-1.897602322,0.140969765
-4.909338931,-1.886294837,0.158216485
-4.98136866,-1.874207526,0.16833956
-5.041675235,-1.853770822,0.22907801
-5.089002737,-1.827627888,0.246699658
-5.123981,-1.802028582,0.232452368
-5.14742356,-1.772110238,0.252698518
-5.158565618,-1.736916816,0.13947005
-5.158854291,-1.702840647,0.05586095
-5.149380543,-1.666544971,-0.029622793
-5.128573538,-1.623373324,-0.223086003
-5.097205571,-1.581705093,-0.362559479
-5.057076168,-1.54053925,-0.491160023
-5.007746694,-1.495421787,-0.602138918
-4.950431829,-1.452651301,-0.701869953
-4.885866379,-1.404275812,-0.743861967
-4.812614473,-1.354374413,-0.6737503
-4.730848565,-1.297986956,-0.632508143
-4.641228481,-1.240216057,-0.580018125
-4.543371822,-1.184330989,-0.51215603
-4.43802839,-1.120617662,-0.512905888
-4.325149448,-1.059337544,-0.54402497
-4.204352596,-0.994506965,-0.565770835
-4.077426114,-0.932432024,-0.583017555
-3.943563963,-0.865164487,-0.583017555
-3.802394991,-0.794713909,-0.551148615
-3.65618735,-0.733013884,-0.530152608
-3.506620596,-0.668003346,-0.54402497
-3.352922433,-0.596323041,-0.569145193
-3.192809714,-0.516064644,-0.576643767
-3.024752843,-0.432349517,-0.565395906
-2.84897676,-0.35101136,-0.587891628
-2.66925297,-0.273212417,-0.599514418
-2.484801678,-0.196451992,-0.551148615
-2.297876039,-0.116613502,-0.517030104
-2.105630555,-0.02145592,-0.459291084
-1.90907371,0.049774485,-0.370432982
-1.710724838,0.146697925,-0.27295152
-1.506583745,0.226086515,-0.185218204
-1.305160685,0.308339467,-0.124104826
-1.096059652,0.413571059,-0.067115663
-0.891753603,0.471896834,-0.040120797
-0.680759321,0.61644218,-0.021749291
-0.471133426,0.659403873,-0.012001145
-0.26761467,0.933756594,0.054736164
-0.053381242,0.95220624,0.097103107
0.021636448,0.24633576,0.128597118
-0.00461412,0.077480822,0.233202225
0.003974862,0.137703675,0.225328723
0.001136861,0.035632631,0.23170251
0.001099371,0.069270148,0.254573161
0.002625218,0.027943091,0.248199373
0.000746964,0.032648295,0.311187395
0.00333753,0.017730363,0.275944097
0.0011781,0.015132191,0.23770137
0.003093844,0.018431457,0.233202225
0.002141596,0.004162132,0.13947005
0.002681453,0.018307735,0.085855246
0.003161327,0.00407965,0.040863802
0.003056354,0.004499556,-0.014250717
0.003652447,0.003397302,-0.005252428
0.003247554,0.000919103,-0.019874647
0.004061089,0.00421462,-0.041620512
0.004147316,0.002238809,-0.064866091
0.004705919,-0.000869249,-0.112856965
0.00580063,0.002868669,-0.143976047
0.006467953,0.00799003,-0.181843846
0.007472688,0.002958649,-0.190092277
0.008237486,1.56e-05,-0.179594274
0.008241235,0.001357755,-0.191217063
0.009107256,-0.00059556,-0.196840994
0.009032276,-0.001364139,-0.195716208
0.009954533,0.009628416,-0.184843275
0.01011574,-0.002533879,-0.200590281
0.010007019,0.006767802,-0.224585718
0.011341666,0.000158022,-0.245206796
0.0098908,0.001196541,-0.271826734
0.012608832,0.007011498,-0.257579443
0.009973278,-0.015446007,-0.233209078
0.012740047,0.021948175,-0.173220486
0.011559109,-0.026123631,-0.104233605
0.011112977,0.0339755,-0.062991448
0.015086927,-0.025748715,-0.035246724
0.007064046,0.01405993,-0.038246154
0.021396511,0.017093005,-0.060366947
-0.004377932,-0.095306992,-0.078363524
0.108017387,1.146071864,-0.106858106
0.46916327,1.971915656,-0.086611956
0.806263002,1.666321135,0.05586095
1.112729573,1.776370405,0.098227893
1.424471002,1.782421559,0.169839275
1.705061906,1.802487095,0.296565176
1.982867296,1.768407176,0.293940675
2.244773135,1.680935384,0.355428981
2.506915161,1.730814289,0.32993383
2.756318051,1.705413689,0.326184543
2.989907617,1.74501238,0.421791361
3.212422608,1.76349202,0.378674561
3.4237618,1.793792779,0.383548634
3.627989119,1.832780356,0.395546352
3.816275649,1.842580676,0.326559472
3.990120991,1.848725559,0.320935541
4.148651628,1.849479142,0.305938393
4.294619333,1.866706559,0.260197092
4.429943597,1.866916513,0.248574302
4.553162309,1.867707587,0.236201655
4.663334466,1.861483971,0.180712207
4.757996969,1.843435486,0.147343553
4.840081542,1.827576514,0.169089418
4.91132023,1.807368509,0.163840416
4.970172189,1.798389257,0.210706503
5.016877356,1.77387346,0.220454649
5.050622195,1.736258078,0.144344123
5.071875333,1.708799186,0.124097974
5.081626508,1.672244817,0.029615941
5.080115657,1.629894238,-0.056992589
5.068474981,1.588795881,-0.091860958
5.046067148,1.558502619,-0.211463213
5.013274557,1.51502729,-0.328815896
4.971581817,1.47070465,-0.452167438
4.921382573,1.434015311,-0.554148045
4.863134205,1.380638435,-0.613761708
4.796615521,1.334231258,-0.635507573
4.721747791,1.278196223,-0.575518981
4.638830937,1.224718119,-0.560146904
4.547190136,1.168686834,-0.557897332
4.447421482,1.109348783,-0.559022118
4.340567199,1.05627184,-0.621260282
4.226102426,0.989529187,-0.650879649
4.104690737,0.92887518,-0.651254578
3.977284381,0.860835315,-0.628008999
3.842987345,0.797590634,-0.613386779
3.701364743,0.730461817,-0.578143482
3.555307063,0.664735187,-0.53540161
3.406291413,0.610702207,-0.548524114
3.251828452,0.537510988,-0.540650612
3.090917194,0.458407335,-0.513280817
2.920955825,0.369743308,-0.475413018
2.744632387,0.294396319,-0.487785665
2.564998573,0.210028837,-0.552273401
2.380221117,0.133767051,-0.560521833
2.193085534,0.060868267,-0.528652893
1.999216729,-0.034911677,-0.496783954
1.803604634,-0.105583456,-0.423297929
1.603287532,-0.201730818,-0.307819889
1.400668537,-0.270299315,-0.243332153
1.197858343,-0.377750412,-0.204339568
0.989222188,-0.449899363,-0.161222767
0.786310771,-0.544344603,-0.113981751
0.571372529,-0.662818249,-0.069740164
0.370575554,-0.740077313,0.014243864
0.156488338,-1.056469432,0.134595977
-0.022313196,-0.719963037,0.13947005
-0.03680312,-0.106606978,0.175838134
-0.020423695,-0.153426563,0.235826726
-0.030426054,-0.105958372,0.217830149
-0.023490385,-0.065636092,0.243700229
-0.027760508,-0.08074898,0.233202225
-0.025511102,-0.04146147,0.215955505
-0.026335884,-0.059371236,0.209206788
-0.026740777,-0.03013149,0.144344123
-0.025713548,-0.043992157,0.118474043
-0.027198156,-0.029314172,0.090729319
-0.025904748,-0.025058868,0.050611948
-0.02707069,-0.032159789,0.063359524
-0.026740777,-0.025793705,0.029241012
-0.027130674,-0.031364965,0.004495718
-0.02710818,-0.020679842,0.022492296
-0.027168164,-0.021883325,0.00974472
-0.027854233,-0.02258067,0.023617082
-0.027738014,-0.024747688,0.023617082
-0.028686513,-0.031312477,-0.021749291
-0.029597523,-0.021084752,-0.068615378
-0.030028659,-0.021530903,-0.10835782
-0.03134831,-0.028324392,-0.19496635
-0.031764451,-0.016413291,-0.241832438
-0.031981893,-0.023150543,-0.21821193
-0.032664213,-0.018119162,-0.26132873
-0.032323053,-0.016656987,-0.227960076
-0.033777669,-0.025902431,-0.192716778
-0.03294164,-0.010699563,-0.26432816
-0.034107582,-0.027552064,-0.286448953
-0.034178813,-0.010545847,-0.309694532
-0.033687693,-0.024309035,-0.298446671
-0.035835875,-0.01129568,-0.261703659
-0.033001624,-0.013987581,-0.213712785
-0.037226758,-0.030476413,-0.139476903
-0.032607978,0.005073179,-0.125979469
-0.037474193,-0.054759761,-0.118480895
-0.034669933,0.035355193,-0.065990877
-0.034632443,-0.082019947,-0.026623364
-0.04051464,0.066874431,-0.039745868
-0.023745318,-0.174864294,-0.03337208
-0.231729146,-1.565291244,-0.068990307
-0.613475838,-1.861471609,-0.03937094
-0.928182734,-1.642516566,0.067858669
-1.242822147,-1.808957041,0.135345835
-1.542690461,-1.761571332,0.304438678
-1.821388115,-1.812552491,0.347555479
-2.094642207,-1.71635639,0.314186824
-2.354950967,-1.686899193,0.357678554
-2.615638378,-1.722962421,0.278568598
-2.857310809,-1.712442261,0.295440389
-3.087267585,-1.754462913,0.332933259
-3.305546194,-1.771532866,0.233577154
-3.515168339,-1.819514693,0.299189676
-3.714521946,-1.832239362,0.327684258
-3.897863531,-1.842238388,0.268445523
-4.066681451,-1.854824338,0.367801629
-4.220986954,-1.85710758,0.377549775
-4.363449334,-1.865884378,0.305938393
-4.494323524,-1.870447113,0.269570309
-4.614378071,-1.86834758,0.204332715
-4.719091669,-1.850910209,0.164215344
-4.809379077,-1.837881857,0.187460924
-4.888423204,-1.82784159,0.204707644
-4.955470499,-1.811521471,0.211081432
-5.010682169,-1.787545554,0.23770137
-5.052588603,-1.759989184,0.187835853
-5.082636918,-1.733223888,0.134970906
-5.100695899,-1.696965703,0.059610237
-5.106720558,-1.664186745,-0.069740164
-5.102566655,-1.63413343,-0.143976047
-5.08690704,-1.586474032,-0.238083151
-5.060798935,-1.545300691,-0.340813615
-5.025254571,-1.506830499,-0.421798214
-4.980596364,-1.461083175,-0.470538945
-4.92842889,-1.422489261,-0.473913303
-4.868560949,-1.379512571,-0.473913303
-4.800149015,-1.327211705,-0.464915014
-4.723110608,-1.272548865,-0.462665442
-4.63786187,-1.219708119,-0.511781102
-4.543904181,-1.158353018,-0.613011851
-4.441706168,-1.096251832,-0.672250585
-4.332013885,-1.036827551,-0.704494454
-4.21482733,-0.973080481,-0.716867101
-4.091259961,-0.9129851,-0.66512694
-3.961442991,-0.851776215,-0.604388491
-3.824053022,-0.780362101,-0.551148615
-3.680357218,-0.713724425,-0.508781672
-3.533755931,-0.659597715,-0.459291084
-3.382599596,-0.585352981,-0.429671716
-3.225058698,-0.514460001,-0.424797643
-3.060533394,-0.435086408,-0.432296217
-2.886511848,-0.342669466,-0.457041512
-2.708475112,-0.276740382,-0.493784524
-2.526591892,-0.19299901,-0.51815489
-2.341120869,-0.119834036,-0.491160023
-2.152223252,-0.033543231,-0.45179251
-1.957023548,0.047420009,-0.375681984
-1.760912835,0.128971868,-0.285699096
-1.557930186,0.218033306,-0.233209078
-1.356499628,0.290021042,-0.206214211
-1.149295594,0.406087723,-0.221211359
-0.942196533,0.453672138,-0.187467776
-0.735532357,0.599375977,-0.093735601
-0.521437643,0.654537456,-0.055492874
-0.322526419,0.828015116,0.042738446
-0.102204599,1.043697138,0.147718482
0.020271808,0.424796062,0.146968624
0.000806948,0.053673618,0.221579436
0.000825693,0.154702394,0.266195951
0.003911129,0.047903651,0.266195951
-0.000171543,0.063923838,0.295065461
0.003903631,0.037402237,0.261321878
0.000694478,0.031542291,0.219329863
0.003798658,0.034091724,0.133096262
0.001965392,0.009111031,0.041988588
0.002793924,0.025209949,0.013868936
0.003183821,0.003303573,-0.022124219
0.002707696,0.012916434,0.000371503
0.00386989,0.00623542,0.044613089
0.003322534,0.001863893,0.036364658
0.003851144,0.001751418,0.059235308
0.003783662,-0.002192705,0.036364658
0.004376006,0.00619043,0.001496289
0.004578452,-0.000764273,0.020617652
0.004960851,0.007022745,0.004870647
0.006198025,0.008308709,-0.028872936
0.00685785,0.002943653,-0.058117375
0.007742617,0.009002305,-0.113231894
0.008698614,0.005523079,-0.187842705
0.008784842,0.002508749,-0.190467206
0.00958713,-0.004206007,-0.182968632
0.009459663,-0.006136827,-0.196466065
0.010138234,0.006445374,-0.196466065
0.010783064,-0.007715226,-0.267702518
0.010273199,0.005031938,-0.349436975
0.011990245,-0.001679069,-0.399302492
0.010119489,-0.009657294,-0.407175994
0.012732549,0.017036768,-0.304445531
0.011150467,-0.016180843,-0.167221626
0.01220019,0.024718809,-0.060366947
0.01326116,-0.020094973,0.032240442
0.010396916,0.017186734,0.037489444
0.016758986,-0.006268048,-0.013125931
0.007071544,-0.01965632,-0.027373221
0.021366519,0.066484518,-0.054743016
0.000327075,-0.151964388,-0.077988596
0.06657958,0.870219478,-0.100484318
0.402427143,1.953559739,-0.116981181
0.755658865,1.699100093,-0.025498578
1.059853536,1.744011353,0.007120219
1.376363705,1.790261065,0.057735594
1.660036296,1.782616515,0.22607858
1.938977636,1.781236822,0.272569739
2.203564017,1.664776479,0.333308188
2.466017211,1.716166297,0.31268711
2.719851431,1.694657332,0.225703651
2.956620158,1.726056597,0.323934971
3.182899154,1.744326283,0.337057475
3.396596473,1.772550005,0.339307047
3.603793009,1.821986507,0.453285372
3.796353409,1.813093486,0.425540648
3.974262679,1.834456234,0.361427841
4.136658545,1.831430657,0.325809614
4.285542979,1.832285466,0.220079721
4.42402766,1.852332257,0.175463205
4.550605484,1.842543185,0.151467769
4.664837819,1.831726841,0.08473046
4.763661723,1.822305187,0.070483169
4.848505568,1.803885534,0.093728749
4.922747213,1.798179303,0.100852394
4.985250708,1.774739518,0.16833956
5.03522876,1.746845722,0.247824445
5.073045024,1.719664269,0.228328152
5.098298355,1.674644284,0.22907801
5.111378651,1.655909701,0.161965772
5.11327565,1.620333865,0.023242153
5.104622935,1.570312492,-0.083237598
5.085015613,1.544986876,-0.220836431
5.054779847,1.501331587,-0.337064328
5.015194051,1.455576765,-0.464540086
4.967397922,1.414609628,-0.572519551
4.911886331,1.368671097,-0.640381646
4.848408094,1.322008977,-0.684248304
4.776757015,1.268808312,-0.634382787
4.696381989,1.220905218,-0.617136066
4.607571691,1.169215466,-0.599889346
4.510314874,1.110278577,-0.575893909
4.405080163,1.045421754,-0.618635781
4.29247115,0.978712843,-0.622385068
4.17242785,0.928136594,-0.638132074
4.046678556,0.865570512,-0.611137207
3.914702157,0.793436558,-0.548899043
3.774980303,0.734135999,-0.509906458
3.630212282,0.674779203,-0.44016972
3.482242607,0.61113711,-0.434170861
3.328979329,0.5374585,-0.447668294
3.169515188,0.461504146,-0.46903923
3.001660764,0.374088592,-0.52377882
2.825521027,0.297579361,-0.558647189
2.646303353,0.227927355,-0.602138918
2.462301942,0.149487304,-0.608512706
2.275878671,0.080866319,-0.564646048
2.084364244,-0.012101751,-0.486660879
1.888347256,-0.084063243,-0.369683124
1.690260815,-0.179160838,-0.275576021
1.486209698,-0.255902517,-0.205839283
1.284456725,-0.33671954,-0.125604541
1.074482173,-0.442254813,-0.074989166
0.869227625,-0.500100695,-0.047244442
0.657640998,-0.645965748,-0.037121367
0.447482745,-0.683926054,-0.034121938
0.243847769,-0.952032663,0.022117367
0.029674325,-0.968836425,0.040488873
-0.046419331,-0.273167427,0.087354961
-0.020266237,-0.107079373,0.178087706
-0.02824413,-0.157067003,0.179587421
-0.025544843,-0.057286699,0.204332715
-0.025428624,-0.088089847,0.197583999
-0.026879491,-0.043478521,0.173963491
-0.024888766,-0.057144231,0.211456361
-0.027565559,-0.039684365,0.170964061
-0.025199934,-0.033891903,0.119973758
-0.027044447,-0.040441696,0.089229604
-0.026069704,-0.026277347,0.027366369
-0.026365876,-0.037959748,0.025491725
-0.02692073,-0.022989329,0.018743009
-0.026392119,-0.025373798,-0.003752713
-0.027254392,-0.028185673,0.034115085
-0.027134423,-0.026052397,0.028116226
-0.027430595,-0.02073608,-0.000378355
-0.027415599,-0.019727554,-0.035246724
-0.028225385,-0.025148848,-0.102358961
-0.029500049,-0.025167594,-0.15184955
-0.029844957,-0.025103858,-0.16047291
-0.030924672,-0.025842444,-0.173220486
-0.031573251,-0.018066674,-0.19496635
-0.031681972,-0.019832531,-0.157098552
-0.032742942,-0.021560896,-0.14885012
-0.03225932,-0.015929649,-0.142476332
-0.033391521,-0.026674759,-0.12860397
-0.033117843,-0.013162765,-0.179594274
-0.033372776,-0.023345499,-0.234708792
-0.03430253,-0.01264163,-0.297321885
-0.033237811,-0.020818562,-0.334064898
-0.035865867,-0.016503271,-0.326191395
-0.032881656,-0.00689041,-0.266952661
-0.036698148,-0.040869101,-0.155223908
-0.033665199,0.012676488,-0.056242731
-0.035483468,-0.053398814,-0.013125931
-0.03661192,0.024955006,-0.000378355
-0.03142704,-0.053076386,-0.005627357
-0.043896247,0.004409576,-0.041995441
-0.018357991,-0.019963752,-0.043495155
-0.172187369,-1.341387302,-0.10835782
-0.548655455,-1.91150423,-0.086986885
-0.876060248,-1.636874071,0.02136751
-1.187475512,-1.793622952,0.014243864
-1.495246739,-1.76256861,0.187085995
-1.774529239,-1.798740564,0.289066602
-2.051063715,-1.729219779,0.269570309
-2.312024803,-1.665322742,0.383173705
-2.574309291,-1.717053735,0.311187395
-2.820851687,-1.697528078,0.26657088
-3.053646463,-1.736669371,0.332183402
-3.275081739,-1.750608771,0.270320167
-3.486619628,-1.794406528,0.313811896
-3.690333333,-1.815997975,0.357678554
-3.877701355,-1.821869169,0.305188536
-4.051228032,-1.837356974,0.357678554
-4.209203815,-1.836498415,0.361802769
-4.35532148,-1.847475973,0.2838176
-4.490060899,-1.848698201,0.24632473
-4.612289873,-1.849856693,0.211831289
-4.72272446,-1.839883911,0.13947005
-4.817296986,-1.818974813,0.095978321
-4.898867946,-1.810366727,0.091854105
-4.970106634,-1.794706461,0.10197718
-5.028493716,-1.770055695,0.154842127
-5.07433661,-1.74557739,0.146968624
-5.107920242,-1.714954202,0.146593696
-5.12954828,-1.684042328,0.169089418
-5.139468161,-1.649550001,0.068983455
-5.138103521,-1.615961223,0.002621075
-5.125896744,-1.578229616,-0.063741305
-5.102784098,-1.531087603,-0.224960646
-5.069646598,-1.489408125,-0.33069054
-5.02722655,-1.44694882,-0.440919577
-4.97678737,-1.408129955,-0.551523544
-4.918857667,-1.36710658,-0.605513277
-4.853077538,-1.315945461,-0.598014703
-4.778828395,-1.266092801,-0.560896761
-4.696301438,-1.212670935,-0.562771405
-4.60540669,-1.150997154,-0.551898473
-4.505668028,-1.092296462,-0.578143482
-4.398386358,-1.038544669,-0.623134926
-4.282714403,-0.972023217,-0.626509284
-4.159878091,-0.914034866,-0.620135496
-4.031489494,-0.855360418,-0.592015844
-3.895490408,-0.778914923,-0.521904177
-3.753279211,-0.717364865,-0.44879308
-3.607457718,-0.65876915,-0.426297358
-3.458179638,-0.593799852,-0.388804488
-3.302805668,-0.520856078,-0.360684836
-3.139866195,-0.437575854,-0.389554346
-2.968322744,-0.360624222,-0.412050068
-2.790289758,-0.289892456,-0.481411877
-2.608788936,-0.202634367,-0.551523544
-2.423152957,-0.13154643,-0.545524685
-2.235151353,-0.056011983,-0.516280246
-2.040750188,0.036116273,-0.451417581
-1.844976886,0.107256698,-0.35356119
-1.643984962,0.206275921,-0.253455227
-1.440451209,0.265823925,-0.175844986
-1.236437583,0.376821734,-0.102358961
-1.025724476,0.454005814,-0.058117375
-0.821092263,0.545440474,-0.038996011
-0.604163297,0.662140765,-0.004127642
-0.401225637,0.713054439,0.044988018
-0.185773781,1.034916591,0.112475184
-0.003279473,0.723105953,0.102352109
0.013354885,0.091967599,0.146218767
-0.003924302,0.134655603,0.229827867
0.006494197,0.089556886,0.191210211
-8.16e-05,0.047393765,0.201708214
0.004184806,0.065929641,0.205082573
0.001969141,0.024010216,0.157466628
0.002816418,0.040787734,0.156341842
0.00337502,0.008818596,0.109100826
0.002415274,0.021505773,0.05886038
0.004083583,0.011634219,0.034115085
0.002906394,0.011649216,0.004495718
0.004049842,0.012372805,0.024366939
0.003577467,0.00075414,0.01836808
0.004053591,0.00866488,0.02699144
0.004376006,-0.001266661,0.068233597
0.004301026,-0.00680043,0.054736164
0.004732162,-0.000914239,0.038989159
0.004885871,0.005796768,-0.00187807
0.005433227,0.001372752,-0.033747009
0.00553445,0.003333566,-0.079488311
0.005601932,0.002081344,-0.147725334
0.006089303,-7.07e-05,-0.165346983
0.006130543,0.003371057,-0.183718489
0.005815626,-0.002338922,-0.176594844
0.005834371,-0.001030463,-0.169846127
0.005654418,-0.001079203,-0.148475191
0.005624426,-0.001652825,-0.129353828
0.005564442,0.001189043,-0.194591421
0.005279517,-0.006691704,-0.242957224
0.005234529,-0.005960617,-0.289073454
0.005178294,-0.00073053,-0.309694532
0.005073322,-0.003047515,-0.27295152
0.004994593,-0.002140217,-0.20658914
0.004938357,-0.003932318,-0.092985744
0.004765903,-0.005743165,-0.053993159
0.004717166,-0.003144993,-0.059242161
0.004660931,-0.002747581,-0.037871225
0.004529715,-0.002965033,-0.038996011
0.004604695,-0.00050558,-0.064116234
0.004450986,-0.000726781,-0.0911111
0.004364759,-0.003512411,-0.108732749
0.004151065,-0.006204312,-0.133103115
0.003802407,-0.008817481,-0.115481466
0.00413232,-0.003115,-0.06224159
0.004177308,-0.000917988,-0.024373792
0.003809905,-0.003703619,-0.012001145
0.00382865,-0.001634079,-0.050618801
0.003903631,-0.001750303,-0.109857535
0.003821152,-0.002995026,-0.151474621
