0.001358053,-0.00414602,-0.095610245
0.002988872,0.006437875,-0.110232464
0.001241834,-0.021403431,-0.098609674
0.002861406,0.01931626,-0.097859817
0.002212827,-0.034694225,-0.098234746
0.001211841,0.023575313,-0.104983462
0.004492225,-0.016387047,-0.092235886
-0.001974817,-0.013657654,-0.089611386
0.008233737,0.047948641,-0.07686381
-0.009139175,-0.15258675,-0.079488311
0.055212581,1.107545434,-0.091860958
0.283332342,2.490908956,-0.040870654
0.482554733,2.470907155,-0.133103115
0.64604531,2.562488033,-0.182968632
0.805205781,2.59671417,-0.043870084
0.934516634,2.607845444,0.005245576
1.057367943,2.65263673,0.038989159
1.157680203,2.562375558,0.107226182
1.248488723,2.524940136,0.150342983
1.329917221,2.418842487,0.188960639
1.402674258,2.342130802,0.151842697
1.466752337,2.253395541,0.110225612
1.516704146,2.190634502,0.095228464
1.55747463,2.158526644,-0.005627357
1.585277288,2.121563617,-0.051743587
1.60420229,2.071542244,-0.109107678
1.613589811,2.005766876,-0.229459791
1.612892495,1.972298071,-0.191217063
1.603868628,1.909330828,-0.156348694
1.586015843,1.840683598,-0.152974336
1.560207658,1.770896622,-0.101234175
1.525375606,1.680444243,-0.142476332
1.48256941,1.597617668,-0.191217063
1.432707577,1.498714669,-0.221961217
1.375212759,1.395968775,-0.248581154
1.311149677,1.289706163,-0.216337286
1.239925985,1.171359989,-0.185218204
1.163112519,1.048634789,-0.163847268
1.079288404,0.913631071,-0.219336716
0.991542825,0.795194917,-0.286074024
0.902650049,0.665751211,-0.306320174
0.808115013,0.532509601,-0.355435834
0.710700737,0.381309485,-0.342688258
0.603175381,0.212780724,-0.342688258
0.494292884,0.092994871,-0.378681413
0.380540422,-0.087126311,-0.381680843
0.265543289,-0.208546801,-0.323941823
0.15352662,-0.45346482,-0.22683529
0.032403605,-0.610854808,-0.17771963
-0.013083134,-0.218530831,-0.041995441
0.002621469,-0.049076026,0.040488873
-0.001438709,-0.091824016,0.020617652
-0.000190288,-0.026239856,0.023992011
0.000207107,-0.050466966,-0.077613667
-0.001022569,-0.026082391,-0.113606822
0.000495781,-0.027983218,-0.116231323
-0.001015071,-0.02078107,-0.136852402
0.000188362,-0.017972945,-0.064116234
-0.000763887,-0.031769875,0.008994863
-0.000587683,-0.014909876,0.019117938
-0.00056144,-0.023802898,-0.113981751
-0.000823871,-0.015356027,-0.084362384
-0.000658915,-0.009582311,0.021742438
-0.000951337,-0.012083005,-0.025498578
-0.001033816,-0.0132265,0.040863802
-0.001183776,-0.011584366,0.040863802
-0.001033816,-0.008768742,-0.032622223
-0.001483697,-0.01260039,-0.006752143
-0.001884841,-0.009162404,0.011994292
-0.001798614,-0.008570036,0.070483169
-0.002019805,-0.011805566,0.102727038
-0.002188511,-0.011194452,0.094478606
-0.002042299,-0.008401324,0.053611378
-0.001941076,-0.011231944,-0.127854113
-0.002061044,-0.015292291,-0.203964639
-0.00207604,-0.011273185,-0.230209648
-0.001809861,-0.007370303,-0.271451805
-0.001768622,-0.010748302,-0.193091707
-0.001779869,-0.013653905,-0.138352117
-0.001678645,-0.008948702,-0.151099692
-0.001738629,-0.013237748,-0.197590851
-0.001843602,-0.014553705,-0.149225049
-0.001626159,-0.008161377,-0.132353257
-0.001502442,-0.008386327,-0.10273389
-0.00162241,-0.005398242,-0.03074758
-0.001491195,-0.007898936,-0.108732749
-0.001517438,-0.010984499,-0.161222767
-0.001629908,-0.007842698,-0.230584577
-0.001412466,-0.008187621,-0.291323026
-0.00135623,-0.009934733,-0.249331012
-0.001517438,-0.010189676,-0.172845557
-0.001401219,-0.009158655,-0.085112241
-0.001112545,-0.009376107,-0.10573332
-0.00135623,-0.013297735,-0.111732179
-0.001633657,-0.010230917,-0.086611956
-0.001749876,-0.008671264,-0.131978329
-0.002353467,-0.010808288,-0.085112241
-0.002495929,-0.007748969,-0.004877499
-0.00294956,-0.016342057,0.011994292
-0.003223237,-0.013233999,0.029615941
-0.003230735,-0.011393158,0.046112804
-0.003815581,-0.011554372,-0.014625646
-0.003418186,-0.010467114,-0.027373221
-0.004141745,-0.012435426,0.047987447
-0.003688115,-0.006894159,0.005620504
-0.00438918,-0.021875826,-0.003752713
-0.004239219,-0.000599309,-0.028498007
-0.00381933,-0.023248021,-0.1316034
-0.005427655,-0.01237544,-0.144350976
-0.002882078,-0.007291571,-0.166471769
-0.005731325,-0.029587861,-0.118105967
-0.002638392,0.005331871,-0.054368088
-0.005765066,-0.048809835,-0.026998293
-0.003616883,0.039494272,0.000371503
-0.00313701,-0.063963964,-0.05961709
-0.008018221,0.047232551,-0.045369799
0.005718151,-0.112688125,-0.091486029
-0.138000147,-1.374514932,-0.115106537
-0.399827256,-1.802632198,-0.061866662
-0.599859434,-1.695124863,-0.081362954
-0.788798291,-1.869176145,-0.035996581
-0.956274066,-1.858487273,-0.093360672
-1.10299907,-1.967366803,-0.057742446
-1.238199618,-1.985025375,-0.023249006
-1.347959383,-2.004134874,-0.066365806
-1.450584783,-2.003043867,0.051361806
-1.538525311,-1.966035849,-0.000753284
-1.616223543,-1.987151152,-0.054368088
-1.678978221,-1.963703868,-0.026998293
-1.727737845,-1.971903294,-0.071989737
-1.765621591,-1.9574915,-0.041245583
-1.79111111,-1.947091313,-0.002252998
-1.807561766,-1.933624309,0.01836808
-1.812754145,-1.896391341,0.037489444
-1.808386548,-1.866671702,-0.006002285
-1.795021328,-1.816972758,-0.043120227
-1.772388554,-1.761901259,-0.073114523
-1.740885623,-1.703781687,-0.076113952
-1.700081399,-1.624524318,-0.041995441
-1.650710686,-1.544115955,-0.062991448
-1.594775457,-1.465372221,-0.126729327
-1.531222239,-1.366757908,-0.164972054
-1.460317213,-1.26893092,-0.18934242
-1.383443763,-1.15915159,-0.263953231
-1.299184763,-1.040535476,-0.25270537
-1.209099802,-0.923066607,-0.29319767
-1.114819698,-0.804431747,-0.37680677
-1.01915621,-0.685485707,-0.329190825
-0.917299358,-0.536377626,-0.34793726
-0.810759991,-0.409235908,-0.340438686
-0.697408674,-0.250185039,-0.299946386
-0.579682262,-0.122859613,-0.251580584
-0.462814373,0.021929429,-0.168346413
-0.337278773,0.178145929,-0.146225619
-0.21944364,0.33174926,-0.127104255
-0.087590958,0.633234695,-0.144725904
0.005403235,0.413777263,-0.139101974
0.00121559,0.028209282,-0.184093418
-0.004377932,0.07951287,-0.251955513
-0.000134053,0.039059369,-0.221211359
-0.00401053,0.021951924,-0.281949809
-0.001112545,0.028366747,-0.248206226
-0.003118265,0.007442652,-0.204714496
-0.001779869,0.01855518,-0.23545865
-0.002390957,-0.004449703,-0.107982892
-0.002469686,0.011311791,-0.05361823
-0.001708637,-0.003906074,-0.040120797
-0.002383459,-0.001776547,0.018743009
-0.001719884,-0.000951731,0.034115085
-0.001869845,-0.012206727,0.030740727
-0.001389972,0.000195514,0.01274415
-0.001521187,-0.00792518,0.046112804
-0.001311242,-0.002848809,0.070108241
-0.001165031,0.001507722,0.097852965
-0.001352481,-0.004385967,0.141719622
-0.000985078,-0.003309956,0.136470621
-0.000692656,-0.000966728,0.13384612
-0.000471464,0.00052544,0.071607955
-0.000430225,-0.002398909,0.01836808
-0.000463966,-0.000843005,-0.02774815
-0.000553942,-0.004385967,-0.113231894
-0.000512703,-0.008161377,-0.128229042
-0.000535197,-0.003583645,-0.149974906
-0.000733895,-0.003317455,-0.147725334
-0.000613926,-0.003287461,-0.112107107
-0.000670162,-0.002425153,-0.074614237
-0.000842616,-0.002578869,-0.026248435
-0.000760138,-0.005885633,0.000371503
-0.00082762,-0.006999136,0.007120219
-0.000853863,-0.003006274,-0.065615949
-0.000606428,-0.00230518,-0.137977188
0.000173366,0.001312765,-0.191966921
0.000675733,-0.000670543,-0.285699096
0.001058132,-0.001319149,-0.325066609
0.001571746,4.18e-05,-0.32469168
0.001740452,0.004548296,-0.337814185
0.002568983,0.00304488,-0.334814755
0.002302803,-0.007801457,-0.302195958
0.003165076,0.003322318,-0.275950949
0.003210064,-0.007486527,-0.266577732
0.003513734,0.004848229,-0.201715067
0.004297277,-0.000745527,-0.13722733
0.003003868,0.005957982,-0.107607963
0.005523203,0.008095007,-0.033747009
0.002797673,-0.009814759,0.005245576
0.005796881,0.027013298,0.030740727
0.003521232,-0.02707217,0.083980603
0.004308524,0.040476553,0.118474043
0.006332989,-0.033831917,0.114349827
0.000552016,0.030713725,0.067858669
0.012927498,-0.000565567,0.036739586
-0.011707247,-0.056045725,-0.061866662
0.11395207,1.348946735,-0.086986885
0.450526941,2.217898437,-0.068615378
0.742379871,2.046141644,-0.056992589
1.006238944,2.297167054,0.074607385
1.260785476,2.386584663,0.102727038
1.482588155,2.551810409,0.207707074
1.697826317,2.676368951,0.327309329
1.892178744,2.680987923,0.334432974
2.080783939,2.758850603,0.401170283
2.251292663,2.812332456,0.435288795
2.407386444,2.902301192,0.48552924
2.550040023,2.964012464,0.4941526
2.677360152,3.059211287,0.43378908
2.792518492,3.112183254,0.365552056
2.889033005,3.15517869,0.241450657
2.970825156,3.210797567,0.107976039
3.038386066,3.234919701,0.035989729
3.094201327,3.245871015,-0.060741876
3.137929779,3.224200836,-0.153724193
3.168937841,3.213774405,-0.259079158
3.18799031,3.195257274,-0.348687117
3.194269901,3.153079157,-0.336689399
3.190543386,3.108820252,-0.313068891
3.177579309,3.062293102,-0.271451805
3.154680356,3.010502123,-0.253830156
3.122959982,2.944006915,-0.249331012
3.082463176,2.874366156,-0.302570887
3.034742028,2.795776138,-0.359934978
2.980647563,2.72276488,-0.412050068
2.919568692,2.637156423,-0.456666583
2.852153994,2.532599682,-0.413924711
2.777653667,2.446680045,-0.416924141
2.696510095,2.337200648,-0.416924141
2.609589298,2.211644828,-0.452167438
2.51657636,2.095799348,-0.490785095
2.41841978,1.977468171,-0.480287091
2.314688422,1.858158461,-0.535776539
2.206143336,1.731091727,-0.562396476
2.093294386,1.597006554,-0.561646619
1.974930642,1.468023996,-0.595765131
1.852814139,1.333428937,-0.600264275
1.727784656,1.197780362,-0.530527537
1.601821669,1.067073188,-0.401926993
1.470126446,0.909394513,-0.270701948
1.332631504,0.75768826,-0.093360672
1.190885185,0.587836044,0.019867795
1.04575351,0.453166001,0.033365228
0.901709047,0.300529955,0.070108241
0.751729902,0.129103088,0.026616511
0.604611252,-0.00441596,-0.042370369
0.449072325,-0.212378449,-0.090361243
0.299040694,-0.3328504,-0.084362384
0.148742883,-0.645662065,-0.11435668
0.003648698,-0.68821135,-0.147725334
-0.02934259,-0.173420865,-0.060741876
-0.011441067,-0.080302829,-0.043495155
-0.01881537,-0.110179933,0.059235308
-0.014755192,-0.042454999,0.152967483
-0.016322278,-0.065377399,0.124472902
-0.016224804,-0.039609382,0.14246948
-0.015358783,-0.04721269,0.086980032
-0.016678434,-0.029374158,0.03861423
-0.015497496,-0.032317254,0.033365228
-0.016757164,-0.030060256,-0.020249576
-0.015782421,-0.020747327,-0.019874647
-0.016445996,-0.024339028,-0.021374362
-0.016550968,-0.017196867,-0.03637151
-0.016475988,-0.020848555,-0.046869514
-0.01680965,-0.01601588,-0.104233605
-0.016745916,-0.017942951,-0.119230753
-0.016985853,-0.018928982,-0.153349264
-0.017004598,-0.017845473,-0.171345842
-0.017357005,-0.017485553,-0.17771963
-0.017458228,-0.015892157,-0.191591992
-0.017518213,-0.019817534,-0.173970343
-0.0177544,-0.019371383,-0.210338427
-0.018028078,-0.015101083,-0.178094559
-0.017971843,-0.016705726,-0.162722482
-0.017701914,-0.014096307,-0.203964639
-0.017559452,-0.014463725,-0.19796578
-0.017379499,-0.014793652,-0.230959505
-0.017334511,-0.011569369,-0.244456939
-0.017469475,-0.017999189,-0.229834719
-0.017327013,-0.017024406,-0.227210218
-0.017195798,-0.011186954,-0.192716778
-0.017705663,-0.015910903,-0.12298004
-0.018335497,-0.02033117,-0.050243872
-0.0185117,-0.016492024,-0.03937094
-0.019051558,-0.016075867,-0.01050143
-0.019377722,-0.016364552,0.007495148
-0.019842599,-0.019618828,-0.028498007
-0.020487428,-0.0130053,-0.03074758
-0.020198755,-0.017384325,-0.067865521
-0.021304713,-0.020619856,-0.089236457
-0.020592401,-0.012589142,-0.08548717
-0.021664618,-0.030705112,-0.097859817
-0.021480916,-0.010928262,-0.099359532
-0.021567143,-0.027454585,-0.075739024
-0.02298052,-0.010185927,-0.011626216
-0.020727365,-0.022336974,-0.005627357
-0.024510116,-0.023802898,0.042738446
-0.019943822,0.004941958,0.102727038
-0.025121205,-0.05193289,0.074232456
-0.020911067,0.037319756,0.056985736
-0.023265445,-0.097938906,0.031865513
-0.024967495,0.085657753,0.013868936
-0.01620231,-0.250574952,-0.014625646
-0.230518216,-1.727483915,0.002996003
-0.580923184,-2.061358395,-0.026998293
-0.857600122,-1.935735089,-0.057742446
-1.131116645,-2.139468519,-0.012376073
-1.381760457,-2.157888172,-0.050618801
-1.611908432,-2.322911462,0.010119649
-1.831236764,-2.341638546,0.042363517
-2.032802287,-2.358719747,-0.009001715
-2.22857184,-2.411639225,0.008994863
-2.404887781,-2.397174942,0.005245576
-2.574406766,-2.350422842,0.083230745
-2.733994623,-2.265744179,0.180337279
-2.884472387,-2.226445421,0.220079721
-3.024820325,-2.177784995,0.340056905
-3.1495049,-2.135438166,0.297689962
-3.262301364,-2.087715032,0.236201655
-3.363220964,-2.02051498,0.247449516
-3.453864528,-1.977407069,-0.007127072
-3.532038884,-1.966673207,-0.149225049
-3.595843285,-1.959144882,-0.194216493
-3.646627375,-1.928600426,-0.092235886
-3.684338666,-1.88542878,0.247449516
-3.710173094,-1.85625277,0.377174846
-3.725836458,-1.81620043,0.424790791
-3.730841386,-1.761841272,0.355428981
-3.725285354,-1.718857084,0.001871217
-3.710555493,-1.670474097,-0.162722482
-3.687071695,-1.623688254,-0.014625646
-3.65554252,-1.574083039,-0.220836431
-3.61642535,-1.512150566,-0.491909881
-3.568385536,-1.449025858,-0.521529248
-3.511561791,-1.383861603,-0.607012992
-3.445924124,-1.312829904,-0.441294506
-3.371487531,-1.240722195,-0.231709363
-3.289406706,-1.1750668,-0.088486599
-3.199550434,-1.103176542,0.031115656
-3.102484816,-1.02806575,-0.109107678
-2.998539765,-0.95780263,-0.308194818
-2.887576567,-0.879336335,-0.576643767
-2.769197827,-0.793649146,-0.703369667
-2.645338035,-0.71968185,-0.616761138
-2.517976667,-0.642400291,-0.596514988
-2.385040522,-0.559108819,-0.473913303
-2.245359907,-0.467996587,-0.465289943
-2.096887864,-0.36854621,-0.536151467
-1.943845778,-0.283147707,-0.532027252
-1.786106182,-0.188631232,-0.493409595
-1.625299896,-0.109816264,-0.39705292
-1.460815831,0.000769136,-0.385055201
-1.28908493,0.09137898,-0.30182103
-1.117065355,0.190919337,-0.407550923
-0.936786712,0.301572223,-0.535026681
-0.761010629,0.37513086,-0.37680677
-0.578130172,0.533716832,-0.248206226
-0.398931243,0.579396671,-0.009376644
-0.221115699,0.843844095,0.215955505
-0.0378266,0.829469792,0.229827867
0.017077652,0.196648063,0.170589132
-0.005693835,0.080513897,0.022492296
0.002411525,0.114781274,-0.023249006
-0.001251258,0.032610803,-0.009751572
-0.000242774,0.061513124,-0.056992589
0.000398306,0.022416821,0.07310767
-0.001112545,0.032757021,0.137970335
0.001054383,0.0103745,0.047987447
-0.00064017,0.015927014,0.098602822
0.000803199,0.017797848,0.160091129
-8.16e-05,0.003918436,0.175838134
0.000518275,0.010854393,0.300314463
0.000934415,-0.000644299,0.286817029
0.00076196,0.007558876,0.144719052
0.00099065,-0.003085006,0.086605104
0.001095622,-0.00217021,-0.052493444
0.00163548,0.003521024,-0.099359532
0.001567997,0.000109283,-0.036746439
0.002190333,0.00772009,-0.032247294
0.003116338,0.004030911,-0.026248435
0.003937372,0.00263997,-0.082112811
0.004750907,0.006850284,-0.191966921
0.005455721,-0.002882551,-0.287573739
0.005778136,-0.000816761,-0.368558338
0.006700392,0.008732365,-0.402301921
0.006535436,-0.005390743,-0.383180558
0.007322728,0.001747669,-0.346437545
0.007922569,-0.004918349,-0.303320745
0.00735272,0.00246001,-0.311569176
0.009264715,0.000739143,-0.295447242
0.007592656,-0.007501524,-0.178094559
0.01015323,0.016646854,-0.114731608
0.008417439,-0.020946033,-0.086237027
0.00947091,0.023136661,-0.034496867
0.010644351,-0.020278682,-0.110232464
0.007480186,0.015124693,-0.203214782
0.014160922,0.001301518,-0.254580014
0.00454846,-0.02141093,-0.277825593
0.01867473,0.067879208,-0.227210218
-0.002034801,-0.159578944,-0.176219915
0.063156734,0.893408069,-0.069740164
0.400728841,2.065123672,-0.000378355
0.759014229,1.790051111,0.095228464
1.070275784,1.798441745,0.167964631
1.396255953,1.849471643,0.22607858
1.68872747,1.829679796,0.412418144
1.977206291,1.844893912,0.452160586
2.251855015,1.717264803,0.467907591
2.524569249,1.766168924,0.464533233
2.78930559,1.775526842,0.41354293
3.037227622,1.820831764,0.469407306
3.275612171,1.863448534,0.484779383
3.498524557,1.905754123,0.484779383
3.711194647,1.97320162,0.484404454
3.909820946,2.00660294,0.370051201
4.097241454,2.070766167,0.170589132
4.27236146,2.098558734,0.115099685
4.433059025,2.117364551,0.248574302
4.579821519,2.153270314,0.324684828
4.712364019,2.166827298,0.350554908
4.833239599,2.194724842,0.422541219
4.942628213,2.207801933,0.33855719
5.040068732,2.194308685,0.213705933
5.124721378,2.184339652,0.275569168
5.195997556,2.159613902,0.305188536
5.255231914,2.142393983,0.188210781
5.304115255,2.114890101,-0.078363524
5.34219395,2.079411743,-0.362559479
5.368841913,2.047120177,-0.39967742
5.383796714,2.001905235,-0.394803347
5.386852157,1.953713455,-0.429296788
5.379384129,1.907096325,-0.32206718
5.361433869,1.86985211,-0.525653464
5.333301298,1.815946601,-0.651629507
5.295522524,1.768729604,-0.3824307
5.248172528,1.721936264,-0.470913873
5.19279965,1.666467353,-0.398927563
5.129883764,1.616700923,-0.290573169
5.060020963,1.545444274,-0.389929274
4.983095027,1.494084449,-0.260953801
4.898131213,1.440460128,-0.307070032
4.805301977,1.36973586,-0.268827304
4.704438612,1.310499038,-0.305570317
4.596028489,1.235305764,-0.473913303
4.480506495,1.161507181,-0.507656886
4.357707673,1.097651385,-0.638507002
4.229097885,1.027343275,-0.614136637
4.094710872,0.950241677,-0.596140059
3.953515658,0.880762132,-0.566520692
3.806516976,0.81671513,-0.442044364
3.654944501,0.745064818,-0.410175424
3.500316584,0.673586968,-0.328066039
3.340301339,0.591457738,-0.309319604
3.172191982,0.504645799,-0.20958857
2.996727067,0.418534955,-0.188217634
2.816114761,0.339022642,-0.211463213
2.632990618,0.255528715,-0.067490592
2.444914034,0.173047063,-0.19796578
2.253973205,0.094790721,-0.220836431
2.057221412,-0.00855504,-0.140601689
1.857230473,-0.084895558,-0.184093418
1.654851415,-0.183157449,-0.141726475
1.448438423,-0.256974779,-0.166846698
1.243907433,-0.351817431,-0.154099122
1.031972149,-0.451691464,-0.245956653
0.826275217,-0.526652289,-0.314568606
0.611239502,-0.68385107,-0.212962928
0.403274419,-0.734299848,-0.18071906
0.194653259,-1.024684002,-0.14322619
-0.01196218,-0.916663031,-0.078738453
-0.064632021,-0.218969483,0.008619934
-0.039517403,-0.13204132,-0.008251858
-0.049242335,-0.148998798,0.058110522
-0.043982474,-0.071889701,0.141344694
-0.045643286,-0.102404163,-0.01050143
-0.045650784,-0.050751903,-0.03637151
-0.044349877,-0.067585658,-0.121855254
-0.046123159,-0.044723244,-0.2557048
-0.044083697,-0.04528187,-0.24708144
-0.045931959,-0.047321416,-0.273701377
-0.044687288,-0.034784205,-0.199465495
-0.045302126,-0.040400456,-0.162347553
-0.045302126,-0.030322697,-0.181843846
-0.045182157,-0.03898702,-0.141726475
-0.045826987,-0.032358494,-0.129728756
-0.046070673,-0.031353718,-0.084737312
-0.04733034,-0.033112077,-0.087736742
-0.047682747,-0.028410623,-0.071239879
-0.048668737,-0.036160149,-0.03637151
-0.049426037,-0.0296366,-0.074989166
-0.049759699,-0.026453558,-0.041245583
-0.051120589,-0.029032984,-0.02474872
-0.050981876,-0.02640107,0.006370362
-0.05206534,-0.030303952,0.022867225
-0.05176167,-0.015985887,0.019117938
-0.052192806,-0.031203751,0.012369221
-0.053130059,-0.020713585,-0.074239309
-0.051870391,-0.029059228,-0.057742446
-0.054580925,-0.027372104,-0.089236457
-0.051469247,-0.012172985,-0.12298004
-0.055285739,-0.044273344,-0.074614237
-0.052488978,0.00358476,-0.081362954
-0.054041068,-0.06204814,-0.098984603
-0.055480688,0.015837034,-0.134227901
-0.049992137,-0.057114238,-0.097859817
-0.062738771,-0.004176014,-0.104233605
-0.036308251,-0.003444926,-0.163472339
-0.189241616,-1.308559604,-0.192716778
-0.572146752,-1.914661027,-0.180344131
-0.909077779,-1.640705718,-0.187842705
-1.23122271,-1.792389477,-0.200215352
-1.551339427,-1.757968383,-0.031497437
-1.842671245,-1.773047529,0.025866654
-2.133009575,-1.693748919,0.082855817
-2.408415599,-1.619710389,0.199083714
-2.685122529,-1.662469627,0.166089988
-2.946570988,-1.641759234,0.253448375
-3.195643966,-1.690607118,0.266195951
-3.43378483,-1.708869306,0.214080862
-3.657994373,-1.747875629,0.269945238
-3.872175314,-1.777887702,0.21445579
-4.072983537,-1.804919189,0.210331575
-4.264063079,-1.83881165,0.241450657
-4.441766153,-1.846553678,0.207332145
-4.60548167,-1.862112717,0.239201084
-4.755427074,-1.869858494,0.229452938
-4.892505876,-1.881713356,0.255323019
-5.018712549,-1.894651728,0.269570309
-5.132802421,-1.901381481,0.227203366
-5.234561799,-1.902704937,0.28944153
-5.321876242,-1.89419433,0.251573732
-5.394816981,-1.888896759,0.160840986
-5.456105796,-1.883966605,0.201333286
-5.504959146,-1.875890902,0.205082573
-5.542310532,-1.866701696,0.118474043
-5.567980004,-1.844416653,0.07910653
-5.581232754,-1.822529022,0.055111093
-5.583107259,-1.798388142,-0.029997722
-5.573123645,-1.764405701,-0.067490592
-5.55258282,-1.736755602,-0.105358391
-5.521953408,-1.69783551,-0.214087714
-5.480864258,-1.657685691,-0.262828445
-5.430447572,-1.623714498,-0.303320745
-5.372371658,-1.579500584,-0.352811333
-5.306861457,-1.536617623,-0.366308766
-5.233886978,-1.494263295,-0.358060335
-5.154074304,-1.446487672,-0.335939541
-5.065695142,-1.391127487,-0.374932126
-4.968595783,-1.335069957,-0.39405349
-4.863458546,-1.273129986,-0.37680677
-4.750362162,-1.207350868,-0.41130021
-4.629572809,-1.145009736,-0.4660398
-4.501517874,-1.074195488,-0.458166298
-4.367333308,-1.006811728,-0.436420433
-4.226884146,-0.941549995,-0.439044934
-4.08035784,-0.868220058,-0.424797643
-3.927945587,-0.799017951,-0.433421003
-3.771027025,-0.739016299,-0.385055201
-3.611060517,-0.669413032,-0.354685976
-3.444544489,-0.58018663,-0.395553205
-3.269705658,-0.493880829,-0.353936119
-3.088219833,-0.411451665,-0.364809051
-2.902602599,-0.334166357,-0.418798784
-2.714158611,-0.251133578,-0.385055201
-2.521302039,-0.171175115,-0.388054631
-2.325663701,-0.087370007,-0.385055201
-2.123243404,0.009298489,-0.3393139
-1.919615926,0.078133177,-0.313818748
-1.713037977,0.180777843,-0.267327589
-1.502902218,0.252210703,-0.196091136
-1.294183584,0.358229619,-0.125604541
-1.078090647,0.442192192,-0.07386438
-0.868517239,0.528168067,-0.008626786
-0.647794276,0.688808582,0.047987447
-0.437894704,0.733753584,0.11060054
-0.22152809,1.046902674,0.134595977
-0.019362725,0.838197851,0.118474043
0.01742631,0.136263996,0.187085995
-0.005532628,0.122328346,0.161965772
0.005654418,0.112917939,0.151467769
-0.000490209,0.043265933,0.181836993
0.00254274,0.071590882,0.04423816
0.00163548,0.022964199,-0.005627357
0.001463025,0.045222998,-0.031872366
0.002981374,0.013523799,-0.11998061
0.001286822,0.017111751,-0.12860397
0.003176323,0.015087201,-0.125979469
0.001912906,0.008743612,-0.116231323
0.002925139,0.015690817,-0.118105967
0.002790175,-0.001191678,-0.118105967
0.002853908,0.00466452,-0.085112241
0.003168825,0.002992392,-0.078738453
0.003086346,0.001215287,-0.082862669
0.003922376,0.002579983,-0.100859247
0.00405734,0.003074873,-0.127854113
0.005077071,0.007967535,-0.140976617
0.00606306,0.002666214,-0.175844986
0.006816611,0.000559183,-0.197590851
0.00784384,0.006032965,-0.213337856
0.00795631,0.000851618,-0.207338997
0.008919806,0.002842425,-0.21821193
0.008769846,-0.001094199,-0.23245922
0.009339695,-0.002095227,-0.176969773
0.009973278,-0.006789182,-0.160097981
0.009478408,0.004098396,-0.132728186
0.011075487,-0.002098976,-0.058492303
0.00954964,-0.002023992,-0.037496296
0.012005241,0.012327815,-0.011626216
0.01000327,-0.015408515,0.032240442
0.011881524,0.022949202,0.002246146
0.011686575,-0.025969916,-0.044619942
0.009740839,0.025434899,-0.051743587
0.015401844,-0.01327524,-0.100109389
0.00614179,-0.005285767,-0.187842705
0.020774176,0.046059062,-0.260953801
-0.002942062,-0.136251634,-0.272201662
0.08282404,1.008458726,-0.283824452
0.431440731,2.015301005,-0.292447812
0.77798047,1.697307992,-0.155973765
1.084930664,1.728564789,-0.104608533
1.402621771,1.743662681,-0.023623934
1.687479049,1.728729752,0.161965772
1.968999708,1.71183976,0.162340701
2.234823262,1.580866394,0.205082573
2.500553091,1.604921044,0.231327582
2.757056606,1.588147275,0.220079721
2.996749561,1.60795037,0.25194866
3.225386684,1.629684285,0.206957216
3.441614585,1.661334744,0.20583243
3.650906818,1.690795691,0.17996235
3.844235765,1.696340707,0.145468909
4.022418712,1.713984282,0.174338419
4.186527876,1.720886497,0.17133899
4.338242813,1.73696667,0.186711066
4.478793198,1.745690979,0.169464346
4.606878124,1.738387604,0.1597162
4.721117957,1.728234862,0.198333856
4.819833139,1.716263775,0.164215344
4.905520512,1.702241895,0.215580576
4.979795898,1.693071435,0.234327011
5.042565573,1.679282002,0.2002085
5.092918526,1.654023871,0.20583243
5.130438618,1.626936146,0.126347546
5.155920639,1.602367861,0.060735023
5.169394581,1.572550744,-0.060366947
5.171831437,1.541878817,-0.174345272
5.163459898,1.507176537,-0.239957794
5.14402503,1.463832429,-0.322442108
5.113916731,1.426292029,-0.333315041
5.073974778,1.391623491,-0.332565183
5.025732518,1.354532992,-0.314943534
4.969002498,1.315177997,-0.280450094
4.904729471,1.272025096,-0.234708792
4.832718487,1.235886885,-0.150724764
4.751507432,1.189760896,-0.133103115
4.662131034,1.128728222,-0.149974906
4.564383096,1.079093014,-0.167221626
4.458188639,1.019402542,-0.242207366
4.343982547,0.955572991,-0.313818748
4.222360914,0.901873686,-0.334814755
4.094167266,0.839765002,-0.351686547
3.959334121,0.77886355,-0.370432982
3.818157652,0.71430666,-0.363309337
3.671290185,0.651031986,-0.392928704
3.520984876,0.590606677,-0.378681413
3.366323217,0.518135298,-0.371182839
3.203597438,0.441142425,-0.374557198
3.032586347,0.355477732,-0.293947527
2.855265672,0.280449422,-0.340813615
2.674897052,0.210265034,-0.371932697
2.489785934,0.132503582,-0.313443819
2.301413178,0.061051976,-0.337064328
2.107244452,-0.034045619,-0.316818178
1.908513181,-0.10403505,-0.277450664
1.709339527,-0.194434941,-0.284199381
1.504403644,-0.270685479,-0.26995209
1.301953355,-0.341552215,-0.278200522
1.09179885,-0.451822685,-0.293572598
0.884984714,-0.507295345,-0.271076876
0.673443076,-0.665495154,-0.286074024
0.460431825,-0.714230562,-0.241457509
0.256778104,-0.945160442,-0.114731608
0.037086118,-1.019963802,-0.075364095
-0.053947343,-0.325295831,0.049112234
-0.028322859,-0.092742562,0.167214774
-0.034527471,-0.169585468,0.157466628
-0.032956636,-0.059382483,0.230577724
-0.031292075,-0.092401388,0.224578865
-0.033743928,-0.053380068,0.19720907
-0.030872186,-0.05377748,0.179587421
-0.033567724,-0.047655092,0.054361235
-0.031472028,-0.032493464,0.008245005
-0.033102847,-0.042050089,-0.022124219
-0.032428025,-0.024132824,-0.074989166
-0.032454268,-0.03071636,-0.073114523
-0.033072855,-0.030097747,-0.11435668
-0.032521751,-0.029347914,-0.144350976
-0.033046612,-0.02203704,-0.150349835
-0.032735444,-0.025609996,-0.20658914
-0.033335286,-0.026464806,-0.208088855
-0.033365278,-0.022243245,-0.215587429
-0.034111331,-0.025310062,-0.24408201
-0.035498465,-0.022243245,-0.214462643
-0.035899609,-0.028549342,-0.185593133
-0.036964327,-0.030127741,-0.178469487
-0.037642898,-0.016829449,-0.154474051
-0.037732874,-0.020934786,-0.107233034
-0.038591398,-0.022876854,-0.127479184
-0.038201501,-0.018411597,-0.13722733
-0.039314957,-0.022591917,-0.104233605
-0.038921311,-0.013260243,-0.133103115
-0.039494909,-0.028523098,-0.151474621
-0.040079755,-0.015434759,-0.132353257
-0.039262471,-0.025508768,-0.094860387
-0.041601853,-0.014501217,-0.058117375
-0.038707617,-0.010744552,-0.020249576
-0.042741552,-0.032167287,0.013119078
-0.039153749,0.010914379,-0.017250146
-0.042291671,-0.059566192,-0.07386438
-0.041481884,0.030631243,-0.130853542
-0.038445186,-0.067338213,-0.191217063
-0.048413804,0.030912431,-0.221961217
-0.025664811,-0.073336879,-0.208838712
-0.203450363,-1.446360201,-0.249331012
-0.58453723,-1.903331048,-0.19496635
-0.907585673,-1.619714138,-0.090736172
-1.223091107,-1.761091439,-0.092985744
-1.530911071,-1.704632748,0.0761071
-1.813102803,-1.733921233,0.14809341
-2.091699234,-1.641568027,0.121848401
-2.355738259,-1.574101785,0.184461494
-2.621483084,-1.60217554,0.140969765
-2.87101719,-1.574637915,0.157466628
-3.107399768,-1.612519489,0.193084854
-3.331354379,-1.626923784,0.207332145
-3.545880229,-1.670579073,0.251573732
-3.7508611,-1.6857407,0.238076298
-3.938918939,-1.693992615,0.26357145
-4.113131685,-1.70583623,0.261696806
-4.271984737,-1.707452121,0.200958357
-4.420348059,-1.728904849,0.188960639
-4.558300379,-1.731135602,0.13384612
-4.682752515,-1.729755909,0.143969195
-4.79308588,-1.719490693,0.137220478
-4.887358485,-1.705468812,0.114724756
-4.968906951,-1.702274523,0.209206788
-5.039448323,-1.691173242,0.194584569
-5.096849415,-1.677687492,0.181087136
-5.142467369,-1.659654003,0.170589132
-5.175552382,-1.638868627,0.113974899
-5.195759546,-1.614394072,0.053986307
-5.204940871,-1.587838729,-0.018000004
-5.202590242,-1.560256114,-0.059242161
-5.189566181,-1.525580078,-0.145100833
-5.166078634,-1.494038345,-0.160097981
-5.132041372,-1.458076344,-0.19496635
-5.089032729,-1.423880201,-0.251580584
-5.037570069,-1.390291423,-0.236583436
-4.978234488,-1.352552318,-0.265827875
-4.911217185,-1.306250118,-0.198715637
-4.835682131,-1.256382461,-0.18934242
-4.751910503,-1.215194123,-0.257954372
-4.659924794,-1.155184972,-0.242582295
-4.55939509,-1.097432819,-0.285324167
-4.450760028,-1.042215102,-0.333315041
-4.33369719,-0.980020188,-0.367808481
-4.209350027,-0.92471624,-0.356935549
-4.078404605,-0.854179431,-0.343813044
-3.94047103,-0.789806251,-0.346437545
-3.796216623,-0.724615752,-0.322442108
-3.647170981,-0.662600797,-0.33069054
-3.495024908,-0.605456009,-0.290573169
-3.33657675,-0.521054784,-0.306320174
-3.170041976,-0.442536001,-0.297696814
-2.996050422,-0.358652161,-0.257204514
-2.81694147,-0.288688974,-0.330315611
-2.634803317,-0.219674326,-0.295072313
-2.448050133,-0.137451367,-0.275950949
-2.258357725,-0.052735212,-0.294697384
-2.061530951,0.036641157,-0.221211359
-1.863362031,0.096440354,-0.220836431
-1.661230408,0.204131398,-0.239582866
-1.456377004,0.266067621,-0.245581725
-1.251917245,0.36537553,-0.291697955
-1.040713018,0.447126094,-0.328066039
-0.835915849,0.529431536,-0.303320745
-0.618994381,0.681051558,-0.292447812
-0.41458336,0.739845979,-0.221586288
-0.198437937,1.04953084,-0.110607393
-0.008520589,0.769929287,-0.089611386
0.014427102,0.106923022,0.027366369
-0.004932786,0.129429266,0.041238731
0.005853116,0.093932162,0.022492296
-0.000947588,0.04291726,0.095603392
0.003003868,0.060155926,0.026241583
0.001489268,0.018225253,0.083980603
0.001882914,0.041057674,0.123348116
0.002722692,0.005031938,0.062609667
0.00155675,0.022128135,0.130096833
0.003120088,0.013298849,0.117724186
0.001946647,0.00938472,0.089229604
0.003101342,0.010288269,0.118099114
0.002745187,-0.005255773,0.113974899
0.003202566,0.008421184,0.092603963
0.003378769,-0.001161684,0.020992581
0.003521232,-0.000962978,-0.059242161
0.004293528,0.001117809,-0.148475191
0.004241041,3.8e-05,-0.200215352
0.004859628,0.005095674,-0.229459791
0.00576314,0.0043046,-0.250830727
0.0066704,0.002163826,-0.223460931
0.007412704,0.00097534,-0.250080869
0.007971306,-0.000531824,-0.235083721
0.008263729,0.004495807,-0.239957794
0.009021029,0.002984893,-0.255329871
0.008781093,-0.001457868,-0.16047291
0.009740839,0.004308349,-0.12298004
0.009583381,-0.005053319,-0.120355539
0.009902047,0.010277021,-0.11135725
0.010936773,-0.011254439,-0.071614808
0.009853309,-0.002867555,0.011244435
0.012676314,0.004769496,0.043113374
0.009793325,-0.013016547,0.099727608
0.01321992,0.019147548,0.122598259
0.01076057,-0.034795452,0.042363517
0.011814042,0.036937341,-0.061866662
0.014224655,-0.036212637,-0.220836431
0.007870083,0.032483331,-0.331440397
0.02113783,-0.007673986,-0.400427278
-0.005311436,-0.052915172,-0.379056342
0.130920089,1.290767177,-0.311944105
0.499245326,1.986181232,-0.222336145
0.828442145,1.648988741,-0.023623934
1.138009148,1.756574808,-0.012751002
1.448086016,1.720616557,0.109100826
1.728493219,1.739838531,0.23170251
2.00546258,1.683885978,0.147718482
2.267720825,1.578920577,0.206207359
2.532149747,1.603762551,0.166089988
2.780457927,1.582227342,0.143594266
3.014253688,1.613671597,0.145468909
3.238766901,1.631300176,0.130096833
3.45238924,1.671195051,0.213705933
3.656069204,1.690315798,0.206582288
3.842409997,1.6972705,0.224203936
4.014545791,1.707292021,0.238826156
4.172337873,1.714621641,0.191960068
4.319111615,1.726513995,0.178837564
4.45488951,1.724853115,0.152217626
4.576631112,1.73031565,0.206207359
4.683091749,1.707685684,0.247074587
4.775193677,1.69785537,0.236201655
4.8559586,1.704487645,0.317186254
4.924434267,1.681797692,0.281193099
4.980474469,1.65694822,0.209956646
5.024199173,1.642000295,0.201708214
5.054573652,1.619606527,0.148843268
5.073183737,1.593047435,0.05886038
5.08067051,1.566649557,-0.050993729
5.07673405,1.534084301,-0.098984603
5.062075421,1.505384435,-0.22383586
5.036694623,1.473437792,-0.308194818
5.000925319,1.435248787,-0.308569746
4.956229621,1.392834472,-0.349062046
4.903376078,1.35705993,-0.290573169
4.84228596,1.322740065,-0.284199381
4.772963016,1.273734716,-0.259079158
4.695227294,1.228186098,-0.181843846
4.608951327,1.176518841,-0.174345272
4.514573749,1.120405074,-0.130478614
4.412630669,1.066349598,-0.166471769
4.302773429,1.00578932,-0.246706511
4.184975786,0.944662918,-0.346437545
4.060261219,0.877879024,-0.424047786
3.928873415,0.814953022,-0.457791369
3.790339997,0.749852503,-0.502782813
3.645429514,0.682435,-0.439794791
3.496867495,0.630336589,-0.380556057
3.344800151,0.563024063,-0.325066609
3.18605957,0.479946294,-0.321317322
3.01909366,0.396249912,-0.306320174
2.844348555,0.318765898,-0.230959505
2.666135616,0.249267608,-0.273326449
2.483465104,0.166264822,-0.246706511
2.296876876,0.096039194,-0.231709363
2.105501162,0.003596007,-0.29019824
1.908696882,-0.078709434,-0.301446101
1.711120306,-0.163031926,-0.316818178
1.507908968,-0.244988695,-0.331440397
1.306984526,-0.315345544,-0.368558338
1.099514313,-0.426879484,-0.395178276
0.894319749,-0.477710676,-0.401552064
0.686287184,-0.637207696,-0.418048927
0.47419819,-0.700516113,-0.40567628
0.273753621,-0.901261457,-0.304820459
0.053671738,-1.040554222,-0.213337856
-0.050693202,-0.37906637,-0.084362384
-0.027175662,-0.085442936,0.089604533
-0.030879684,-0.174065722,0.142844409
-0.031247087,-0.061275812,0.227953223
-0.028544051,-0.086616425,0.263196521
-0.031498271,-0.052349048,0.233577154
-0.028379095,-0.05026826,0.26057202
-0.031333314,-0.046706553,0.170214204
-0.029061414,-0.031379962,0.077606815
-0.030486038,-0.043043618,0.00112136
-0.030216109,-0.023540456,-0.157848409
-0.029665005,-0.031353718,-0.23545865
-0.03059101,-0.023975359,-0.271451805
-0.030114886,-0.026179869,-0.257579443
-0.03074472,-0.025943671,-0.182218774
-0.030343576,-0.021819589,-0.13722733
-0.030718477,-0.023844139,-0.061491733
-0.031157111,-0.021260963,-0.007127072
-0.031303322,-0.021564646,0.038239301
-0.031970646,-0.020758575,0.078731601
-0.032937891,-0.021362191,0.106101396
-0.033668948,-0.021152237,0.106476325
-0.034512475,-0.022295733,0.029241012
-0.034868631,-0.025381297,-0.021374362
-0.035157305,-0.024294038,-0.11435668
-0.03581713,-0.015187314,-0.223460931
-0.035708409,-0.021227221,-0.262828445
-0.03684061,-0.018625299,-0.332190254
-0.036105804,-0.014227528,-0.408675709
-0.037350475,-0.029287928,-0.437920148
-0.036900594,-0.005150797,-0.423672857
-0.037016814,-0.027244632,-0.369308196
-0.038782597,-0.011393158,-0.260953801
-0.036278259,-0.022456947,-0.112107107
-0.04040217,-0.024743938,0.04723759
-0.035498465,0.004255861,0.179212492
-0.041065744,-0.052641483,0.187460924
-0.036563183,0.034804065,0.172088847
-0.038992542,-0.095813129,0.149968054
-0.041740566,0.088465878,0.048362376
-0.030564767,-0.243875193,-0.043495155
-0.25826089,-1.647045558,-0.192341849
-0.639325262,-1.846887353,-0.248206226
-0.950043211,-1.636956552,-0.283074595
-1.266980767,-1.780538363,-0.327316181
-1.56556692,-1.719089532,-0.153724193
-1.844646973,-1.761061445,-0.106108248
-2.11697506,-1.646127013,-0.044245013
-2.377996132,-1.616801036,0.093728749
-2.639200906,-1.629979355,0.122598259
-2.880247253,-1.613381797,0.262071735
-3.110608921,-1.658754204,0.33555776
-3.32945738,-1.677432549,0.389922422
-3.53913576,-1.719340726,0.490778242
-3.736116243,-1.727787597,0.464533233
-3.91562634,-1.741768237,0.437913295
-4.081355076,-1.753705582,0.379424418
-4.233673604,-1.765091799,0.301439249
-4.375697349,-1.781524393,0.212956075
-4.506177893,-1.781284447,0.107226182
-4.622490929,-1.772980044,0.099352679
-4.722596994,-1.75681739,0.022117367
-4.809319093,-1.752742046,0.011994292
-4.884730429,-1.745626129,0.07910653
-4.947841264,-1.729692174,0.068233597
-4.998520381,-1.713109612,0.128972047
-5.036520346,-1.690063489,0.212956075
-5.061631215,-1.665491455,0.263196521
-5.07490271,-1.640960662,0.224203936
-5.077796946,-1.611878381,0.220829578
-5.069624104,-1.579748028,0.203207929
-5.050736592,-1.546174247,0.057735594
-5.021880462,-1.510568417,-0.040120797
-4.982868264,-1.47522503,-0.19796578
-4.935327068,-1.43602375,-0.312319033
-4.880149139,-1.39722738,-0.350561761
-4.816348487,-1.357396241,-0.471288802
-4.744033833,-1.30758857,-0.478412447
-4.663520094,-1.256187504,-0.454791939
-4.574342393,-1.201209734,-0.459291084
-4.477171803,-1.145947027,-0.399302492
-4.372600667,-1.093211258,-0.358435263
-4.260111622,-1.034079412,-0.337814185
-4.139599696,-0.963865031,-0.329940682
-4.012054626,-0.896766207,-0.310819319
-3.87809875,-0.836325902,-0.315318463
-3.737147221,-0.762137406,-0.304445531
-3.590437213,-0.70237195,-0.265452946
-3.44033435,-0.640135795,-0.241832438
-3.285436504,-0.561778225,-0.24408201
-3.123333061,-0.487263551,-0.281949809
-2.952696871,-0.393369438,-0.275576021
-2.776845808,-0.327020447,-0.336689399
-2.597688118,-0.249307734,-0.427797073
-2.413465515,-0.16323813,-0.389179417
-2.226986009,-0.090586792,-0.373432411
-2.033222176,0.009890857,-0.389929274
-1.837407635,0.073682917,-0.36218455
-1.637840335,0.170595109,-0.350936689
-1.435255081,0.245942098,-0.305195388
-1.233149701,0.33974998,-0.254580014
-1.024715992,0.42003837,-0.226460361
-0.822674345,0.521850722,-0.183343561
-0.609183222,0.663160538,-0.174345272
-0.407767659,0.723184685,-0.162347553
-0.19501884,1.032802061,-0.133103115
-0.008104448,0.754756412,-0.109857535
0.014727022,0.106424383,-0.056992589
-0.004602873,0.130430293,-0.013875788
0.005920598,0.097400141,0.002621075
-0.000531448,0.042373631,0.005995433
0.003285044,0.065224798,0.000746431
0.00163548,0.020759689,0.055111093
0.002092859,0.038613218,0.108350968
0.002898896,0.00569929,0.109850683
0.001684217,0.016751831,0.160840986
0.003599961,0.012867695,0.17133899
0.002377784,0.007570123,0.088479747
0.003176323,0.01428488,0.052111663
0.00315008,0.002302545,0.041238731
0.003476243,0.001706428,0.035239872
0.003659945,-0.001667822,0.033740157
0.004004854,0.006295407,0.010869506
0.004346014,0.001706428,-0.053993159
0.004226045,0.001488976,-0.1316034
0.005024585,0.006351644,-0.152974336
0.005928096,0.00331482,-0.181093988
0.006640408,0.006557849,-0.193091707
0.007453943,0.002088843,-0.160847839
0.008421188,4.93e-05,-0.134227901
0.008241235,0.00443957,-0.12298004
0.00905477,0.003547268,-0.104608533
0.009253468,-0.002470143,-0.076488881
0.009527146,0.007037742,-0.042745298
0.010370673,-0.001172932,-0.023623934
0.009695851,0.00349478,-0.074239309
0.011577854,0.005774273,-0.106483177
0.009969529,-0.006451757,-0.121105396
0.01193401,0.013490057,-0.166471769
0.010824303,-0.017564285,-0.195341279
0.011169212,0.019379996,-0.229834719
0.01326116,-0.022288235,-0.246706511
0.009373436,0.005778022,-0.239582866
0.01659028,0.010247028,-0.248581154
0.00701156,-0.031597414,-0.196091136
0.019746947,0.07236321,-0.142101404
0.003161327,-0.162102133,-0.130103685
0.047883267,0.738275078,-0.086986885
0.364078519,1.960293241,-0.06224159
0.723079968,1.749635102,0.052111663
1.025163947,1.699358786,0.11060054
1.342168985,1.774795755,0.150717911
1.627824802,1.741083254,0.284942386
1.906215038,1.755641266,0.225328723
2.170895144,1.634483217,0.23770137
2.432860967,1.649206192,0.245949801
2.687542463,1.627299815,0.157091699
2.922924056,1.644171062,0.224578865
3.149881623,1.679634424,0.193459783
3.36438123,1.707217038,0.146968624
3.570640513,1.747258131,0.156341842
3.760884026,1.747299372,0.108725897
3.935295469,1.759596636,0.128972047
4.096071763,1.765677783,0.171713918
4.243797753,1.78641442,0.229452938
4.381495141,1.797778143,0.268070594
4.506490884,1.791348323,0.287941815
4.616228155,1.782084134,0.324684828
4.711404272,1.764654261,0.259072306
4.793807512,1.760241493,0.248199373
4.864731283,1.755300092,0.265446093
4.923924402,1.740764575,0.182961779
4.969741053,1.720121667,0.123348116
5.002822318,1.694694823,0.06748374
5.023468116,1.666448607,-0.018374932
5.032304532,1.637966193,-0.11135725
5.030452521,1.611380857,-0.131978329
5.017833354,1.576689824,-0.138727045
4.994690715,1.540251679,-0.168721341
4.961410753,1.498602194,-0.185968061
4.918990705,1.463352535,-0.241832438
4.868334082,1.427742957,-0.243707081
4.809448382,1.376911764,-0.236583436
4.742063676,1.33530352,-0.259829015
4.666104984,1.282290313,-0.232084291
4.581542315,1.228351061,-0.274451235
4.488840545,1.182153838,-0.34493783
4.388584519,1.118215561,-0.389179417
4.280785486,1.061689385,-0.47766259
4.165529671,1.003648546,-0.535776539
4.04321822,0.939710269,-0.540275683
3.914346001,0.875816982,-0.532777109
3.77832442,0.797988045,-0.545899613
3.635558371,0.734252223,-0.520029533
3.488308505,0.674456775,-0.491534952
3.337174665,0.601546744,-0.451417581
3.180601011,0.530053897,-0.37380734
3.016398122,0.443748096,-0.313443819
2.844037387,0.364730673,-0.190842134
2.667848913,0.295779761,-0.135727616
2.487180372,0.206185941,-0.1316034
2.302916531,0.133759553,-0.089236457
2.114903679,0.045916593,-0.118480895
1.920078877,-0.038912037,-0.176969773
1.724316822,-0.127523575,-0.239957794
1.522605088,-0.214376755,-0.328815896
1.322434197,-0.276811616,-0.406051208
1.117310863,-0.397324808,-0.453292225
0.91211255,-0.450570463,-0.460040941
0.707780258,-0.597781466,-0.422548071
0.495998683,-0.680896727,-0.36518398
0.298838247,-0.844251639,-0.269202233
0.079618637,-1.059633728,-0.193466635
-0.046910451,-0.469927408,-0.127854113
-0.029650009,-0.079283056,-0.046119656
-0.028165401,-0.17254731,-0.039745868
-0.031460781,-0.068462963,-0.015750432
-0.027171913,-0.085135504,0.002621075
-0.031115872,-0.057980295,0.022492296
-0.027666783,-0.044955692,0.113974899
-0.030381066,-0.053751236,0.117349257
-0.028592788,-0.031095026,0.086980032
-0.029451311,-0.045720522,0.077981743
-0.029848706,-0.022588168,0.006370362
-0.02907641,-0.032054812,-0.083237598
-0.030017412,-0.027687034,-0.146225619
-0.029473805,-0.024500243,-0.124479755
-0.030069898,-0.02932167,-0.069740164
-0.029852455,-0.01934139,-0.028872936
-0.030208611,-0.023270516,0.035989729
-0.030474791,-0.025040122,0.087354961
-0.030737222,-0.022250743,0.143219337
-0.031247087,-0.020237441,0.161215915
-0.03184318,-0.021684619,0.170589132
-0.032817922,-0.022258241,0.132346405
-0.033710187,-0.021099749,0.038989159
-0.034118829,-0.016934426,-0.002252998
-0.03407759,-0.019292651,-0.088861528
-0.035033587,-0.020897294,-0.160847839
-0.034894874,-0.017076894,-0.183718489
-0.035723405,-0.025036373,-0.245581725
-0.03543848,-0.013653905,-0.331065468
-0.035543453,-0.023487968,-0.351686547
-0.036911841,-0.013159015,-0.285324167
-0.035430982,-0.017373078,-0.250830727
-0.038265234,-0.021598388,-0.237333293
-0.035588441,-0.006358028,-0.190842134
-0.038535163,-0.039136987,-0.149599977
-0.036810618,0.011484253,-0.087361813
-0.03725675,-0.052772703,-0.066740735
-0.040109747,0.017359196,-0.07386438
-0.032967883,-0.03799724,-0.037871225
-0.046827973,-0.019487608,-0.100109389
-0.020532417,0.046733911,-0.148475191
-0.148163713,-1.220229253,-0.190467206
-0.516320244,-1.942393608,-0.167971484
-0.849284818,-1.641575525,-0.092985744
-1.156692391,-1.767168837,-0.101609104
-1.466398107,-1.75137735,0.10497661
-1.74563187,-1.773508677,0.172463776
-2.021746457,-1.726790319,0.142094551
-2.282351389,-1.638152536,0.279318455
-2.544298466,-1.675749173,0.256822733
-2.790597176,-1.648938887,0.336307618
-3.021813619,-1.69154066,0.455160016
-3.243481333,-1.715782768,0.421791361
-3.45419444,-1.755186502,0.437538367
-3.655115133,-1.779601071,0.380549204
-3.837935606,-1.786604513,0.304438678
-4.00711718,-1.806103926,0.311562324
-4.161685114,-1.810779136,0.238076298
-4.305137232,-1.829854892,0.167214774
-4.438107119,-1.834747554,0.118099114
-4.556639568,-1.83022606,0.115474613
-4.660625858,-1.820365753,0.140594836
-4.749604862,-1.80860087,0.15109284
-4.827258106,-1.80536534,0.259822163
-4.893806782,-1.792546941,0.290566316
-4.946993987,-1.772987542,0.277068883
-4.987948173,-1.753383153,0.259072306
-5.015769576,-1.72453707,0.184461494
-5.031174258,-1.698037965,0.105351539
-5.036119202,-1.671801301,0.043863232
-5.029708395,-1.635464384,0.030365798
-5.012691639,-1.602970363,-0.080988025
-4.986148648,-1.568204346,-0.183343561
-4.949738263,-1.527795835,-0.266952661
-4.904547696,-1.490941533,-0.392928704
-4.851427973,-1.45162028,-0.415049497
-4.79051031,-1.407091436,-0.47766259
-4.721063649,-1.357223779,-0.519654604
-4.642326941,-1.304476762,-0.491909881
-4.555417391,-1.249172815,-0.539150897
-4.460166294,-1.193861369,-0.550023829
-4.356764849,-1.134894486,-0.537276253
-4.246067831,-1.069321573,-0.490035237
-4.127824055,-1.008135183,-0.406426137
-4.003191967,-0.946120229,-0.367808481
-3.872104083,-0.883066755,-0.351686547
-3.733540674,-0.812709906,-0.36518398
-3.588956354,-0.738450175,-0.41429964
-3.440458068,-0.675179249,-0.457041512
-3.287434727,-0.606741973,-0.418048927
-3.128011825,-0.527420868,-0.371932697
-2.960056177,-0.441699937,-0.304445531
-2.785798444,-0.36625172,-0.230959505
-2.608672717,-0.282574084,-0.276700807
-2.426384604,-0.20108971,-0.274826163
-2.242038284,-0.123853142,-0.244456939
-2.051221173,-0.027379602,-0.29019824
-1.856448857,0.043835806,-0.31044439
-1.65895101,0.14595184,-0.332190254
-1.457325503,0.21374426,-0.352061476
-1.257375804,0.310446499,-0.352811333
-1.049553183,0.402934675,-0.347187402
-0.847942673,0.480624893,-0.269202233
-0.637233315,0.64534825,-0.182968632
-0.434014478,0.68490945,-0.100859247
-0.227560247,0.98142349,-0.000378355
-0.026414613,0.858128417,0.00674529
0.01977319,0.165672454,-0.009751572
-0.004321697,0.107552882,-0.034871795
0.006078056,0.119032829,-0.072364665
0.000780705,0.039138101,-0.038621082
0.003153829,0.071403424,-0.009751572
0.002853908,0.021273325,0.054361235
0.001984137,0.039561757,0.1192239
0.003914878,0.018052792,0.080981173
0.001954145,0.019428735,0.029241012
0.003967364,0.021419543,-0.041995441
0.002797673,0.004604533,-0.1316034
0.003551224,0.009163519,-0.130853542
0.003607459,0.004983199,-0.112856965
0.003464996,0.009268496,-0.073489451
0.004083583,0.001151551,0.025866654
0.003806156,-0.000393105,0.068983455
0.004428492,0.004255861,0.126347546
0.004563456,0.002497502,0.174713348
0.005028334,0.004866975,0.184836423
0.005961837,0.005226895,0.182961779
0.006831607,0.002519997,0.092603963
0.007641394,0.00569554,-0.010876359
0.008544905,0.003116114,-0.158973195
0.008844826,-0.001559096,-0.32206718
0.009137249,0.006411631,-0.373057483
0.009654612,0.001384,-0.36818341
0.009508401,0.00241502,-0.329190825
0.010644351,0.002445013,-0.283824452
0.009954533,-0.002912545,-0.24408201
0.011547862,0.009313486,-0.185218204
0.01113922,-0.011546874,-0.109857535
0.011240443,0.013651271,-0.041995441
0.012811278,-0.00837133,0.067108811
0.010423159,0.005031938,0.20583243
0.014678285,0.007240197,0.214080862
0.009568385,-0.021965806,0.168714489
0.015176904,0.038751937,0.059235308
0.010434406,-0.059108794,-0.067490592
0.013456108,0.080101489,-0.113606822
0.015345609,-0.108189126,-0.247831297
0.00610055,0.252559376,-0.332565183
0.23717828,1.713264443,-0.377181698
0.615164715,1.893494351,-0.359934978
0.92332209,1.65735313,-0.288698525
1.238340153,1.802929497,-0.269577162
1.534129544,1.745679732,-0.040120797
1.811196379,1.797534447,0.122598259
2.080765194,1.690893169,0.216705362
2.340012985,1.663344297,0.383548634
2.599429481,1.67349329,0.444662012
2.838556335,1.666741042,0.596883064
3.067549614,1.715513942,0.674868234
3.284883473,1.730506857,0.65012294
3.492597372,1.77769386,0.639250007
3.687362191,1.781199331,0.491903028
3.864626631,1.798782919,0.331808473
4.028499607,1.81230991,0.154842127
4.178988617,1.816711431,-0.028872936
4.318916666,1.844845173,-0.088861528
4.446851633,1.835914659,-0.113981751
4.55997426,1.822447655,-0.061866662
4.657808425,1.817056354,0.030740727
4.74269351,1.813719596,0.115849542
4.816489023,1.809861705,0.252323589
4.878508895,1.783625041,0.321685398
4.928217019,1.764414314,0.358053482
4.964818603,1.742605416,0.410918429
4.988654809,1.715832621,0.372675702
5.000554167,1.69493477,0.247824445
5.000584159,1.656344604,0.125972617
4.990308122,1.622808315,-0.007127072
4.969257431,1.585432879,-0.18071906
4.937675771,1.539723047,-0.306320174
4.897733818,1.510565783,-0.412424996
4.849529048,1.469486171,-0.530527537
4.793260157,1.425744651,-0.610012421
4.72924956,1.385853525,-0.698870523
4.656552507,1.328112619,-0.675999872
4.574764105,1.276486604,-0.580018125
4.484510438,1.221557573,-0.547399328
4.386008949,1.160052504,-0.445418722
4.279814492,1.100133333,-0.374932126
4.165968305,1.029461554,-0.386179987
4.04518645,0.970404691,-0.361434693
3.918544892,0.913586081,-0.347187402
3.785342567,0.844282747,-0.405301351
3.645358283,0.777517599,-0.433421003
3.500132882,0.712225873,-0.446543508
3.351162221,0.639896963,-0.529777679
3.19692795,0.565708466,-0.565020977
3.035330623,0.485390083,-0.589016414
2.864829397,0.397333421,-0.592015844
2.689589422,0.323834771,-0.545524685
2.511054068,0.241274386,-0.485911021
2.328117376,0.166605996,-0.386179987
2.142398919,0.08036393,-0.320942393
1.949617327,-0.008277601,-0.251580584
1.755189919,-0.085806605,-0.157098552
1.555468909,-0.184518397,-0.107233034
1.355642927,-0.250391243,-0.051743587
1.153098913,-0.369251053,-0.025873506
0.94706457,-0.427959243,-0.040870654
0.745619016,-0.555108459,-0.030372651
0.533053898,-0.674976794,-0.098984603
0.336245869,-0.779983436,-0.170595985
0.120246658,-1.065906082,-0.194216493
-0.036956829,-0.612676903,-0.226460361
-0.034774906,-0.087152556,-0.226085432
-0.024690069,-0.16858819,-0.219336716
-0.032225579,-0.087332516,-0.14022676
-0.025867258,-0.072557052,-0.095235316
-0.03044105,-0.070671222,-0.07686381
-0.027209403,-0.039155732,0.065234168
-0.029083908,-0.058523924,0.127847261
-0.028682764,-0.032006073,0.1192239
-0.02839784,-0.042604965,0.158966343
-0.029398825,-0.026461056,0.107601111
-0.028304114,-0.026716,0.038989159
-0.02953379,-0.025767461,-0.026998293
-0.029061414,-0.022374465,-0.109857535
-0.029545037,-0.023019322,-0.113981751
-0.029383829,-0.018625299,-0.144725904
-0.029537539,-0.024204058,-0.159348124
-0.029897444,-0.018340363,-0.176594844
-0.02991244,-0.020233692,-0.1747202
-0.030628501,-0.024395266,-0.121105396
-0.031412044,-0.024560229,-0.10573332
-0.032248073,-0.021789596,-0.052118516
-0.032874158,-0.018239135,-0.026248435
-0.033695191,-0.020454892,0.006370362
-0.033567724,-0.021785846,0.049112234
-0.034081339,-0.020796067,0.033740157
-0.034332522,-0.014572451,0.024741868
-0.034564961,-0.021039762,-0.000753284
-0.035322261,-0.016214586,-0.028123079
-0.034561212,-0.021834586,-0.089611386
-0.036548187,-0.019498855,-0.186717919
-0.034977352,-0.009728529,-0.230584577
-0.036814367,-0.034026873,-0.283074595
-0.036199529,-0.002496387,-0.306320174
-0.036012079,-0.039271957,-0.262828445
-0.038223995,-0.001742805,-0.20958857
-0.033863896,-0.020222444,-0.135352687
-0.041245697,-0.027687034,-0.080988025
-0.031940654,0.01972492,0.023242153
-0.043780028,-0.092487619,0.059610237
-0.028960191,0.138907158,0.073482599
-0.067410038,-0.682047721,0.098227893
-0.379057741,-1.890411422,0.045737875
-0.743097859,-1.732211613,0.10497661
-1.045429272,-1.710515189,0.031865513
-1.362329339,-1.795460043,0.032990299
-1.647673988,-1.761387623,0.107226182
-1.92471458,-1.786184607,-0.02774815
-2.18911351,-1.662743316,0.015368651
-2.449201079,-1.688657552,0.037864373
-2.70212054,-1.678516058,0.068233597
-2.935402688,-1.695492281,0.233952083
-3.160309547,-1.737925342,0.30968768
-3.373185832,-1.765219271,0.392921851
-3.577248196,-1.805162885,0.419916718
-3.76547849,-1.80882582,0.414667716
-3.937842973,-1.828985086,0.487403884
-4.096268638,-1.841173625,0.534269971
-4.24236006,-1.852631076,0.530145756
-4.377770552,-1.864943337,0.460409017
-4.500404418,-1.863612383,0.386922992
-4.607772315,-1.850711503,0.340806762
-4.699990463,-1.842602057,0.230202796
-4.780766633,-1.835726086,0.170589132
-4.849527225,-1.82325636,0.140219908
-4.906677134,-1.810730397,0.036739586
-4.951361584,-1.788010451,-0.054368088
-4.982815778,-1.760577803,-0.10273389
-5.002561814,-1.734963501,-0.170595985
-5.010138563,-1.704284076,-0.17771963
-5.006738211,-1.669555551,-0.071614808
-4.993016834,-1.635588107,-0.026623364
-4.968149651,-1.59704668,-0.004127642
-4.933831213,-1.558606481,-0.000378355
-4.891114993,-1.521328524,-0.103108819
-4.839783548,-1.481141214,-0.184468347
-4.781583917,-1.440470261,-0.289823311
-4.715740054,-1.389680309,-0.422923
-4.640441189,-1.335681071,-0.480287091
-4.556624572,-1.280568331,-0.566145763
-4.464147742,-1.221878886,-0.662877368
-4.363745506,-1.167167307,-0.735238607
-4.255395368,-1.102782879,-0.771606691
-4.138966113,-1.034499319,-0.77760555
-4.016084812,-0.973181709,-0.759234044
-3.886432799,-0.909408395,-0.698870523
-3.750429964,-0.838395442,-0.654254008
-3.608173779,-0.768406011,-0.587516699
-3.46116385,-0.708198154,-0.546649471
-3.310536126,-0.639952086,-0.438295077
-3.15378252,-0.558104043,-0.298446671
-2.988961044,-0.467906607,-0.260953801
-2.816240405,-0.3879219,-0.184468347
-2.639988198,-0.311645117,-0.196466065
-2.459060975,-0.226943959,-0.271076876
-2.275374481,-0.155586083,-0.266952661
-2.087155434,-0.059206272,-0.286823882
-1.893830235,0.014371111,-0.294697384
-1.698851723,0.107935297,-0.277825593
-1.498006011,0.197551612,-0.272576591
-1.299480935,0.271563898,-0.296197099
-1.093585306,0.377301627,-0.332940112
-0.891258734,0.445577689,-0.278950379
-0.684032206,0.616505916,-0.208088855
-0.476445774,0.664135321,-0.136102544
-0.27632362,0.901562505,0.023617082
-0.0614941,0.971870615,0.131596548
0.023338498,0.285368327,0.194584569
-0.00245469,0.074800168,0.236201655
0.004327269,0.144662127,0.19720907
0.002816418,0.039869189,0.149593125
0.001807934,0.074414004,0.056985736
0.003997356,0.029311537,-0.029247865
0.001620484,0.033143185,-0.094485459
0.004376006,0.021528268,-0.174345272
0.002359038,0.013231364,-0.161972625
0.003971113,0.021869443,-0.125604541
0.003105091,-0.00208023,-0.11135725
0.003202566,0.012511524,-0.051368658
0.003809905,0.005980477,-0.004127642
0.003599961,0.006681571,0.011244435
0.004413496,0.00592049,0.02136751
0.004072336,-0.001326648,0.010869506
0.004518468,0.000919103,0.003370932
0.004578452,0.002313793,0.003745861
0.0049646,0.005050684,-0.00187807
0.0059131,0.004297101,-0.027373221
0.006827858,0.00466452,-0.067865521
0.007716374,0.005328122,-0.107982892
0.008522411,0.006066708,-0.152224478
0.008739854,-0.000561818,-0.201340138
0.009380934,-0.001075453,-0.255329871
0.009827066,-0.002072732,-0.296572028
0.009834564,0.003434793,-0.259829015
0.011120475,0.002654967,-0.210713356
0.010186971,-0.001975253,-0.2152125
0.011769054,0.008492418,-0.162347553
0.011052993,-0.007763966,-0.058492303
0.011645336,0.014371111,0.008994863
0.012458871,-0.013702644,0.083605674
0.010636853,0.008814847,0.196084284
0.014700779,0.000716648,0.230952653
0.009467161,-0.013751384,0.240325871
0.016162893,0.032449589,0.173963491
0.009778329,-0.054576052,0.048362376
0.015424338,0.088019727,-0.040870654
0.012646322,-0.132322508,-0.226460361
0.014198412,0.374002361,-0.358060335
0.271170554,1.802434607,-0.434920718
0.648313461,1.863538514,-0.336689399
0.954633822,1.690690714,-0.187467776
1.272043753,1.820250644,-0.161597696
1.565666216,1.758576863,0.058485451
1.843670304,1.810810244,0.143594266
2.112579293,1.694544857,0.174338419
2.372430674,1.685108206,0.279318455
2.631427281,1.700449793,0.316061468
2.871431403,1.696186991,0.493777672
3.100525906,1.734803401,0.560140052
3.316348914,1.763405789,0.525271683
3.524613918,1.815440464,0.499776531
3.719963582,1.825919383,0.410168572
3.898618904,1.842693151,0.388422707
4.063305416,1.848744305,0.3674267
4.213963131,1.861341503,0.326559472
4.354247337,1.877440422,0.273694525
4.482512216,1.877241716,0.172838705
4.597269412,1.874917233,0.136845549
4.696250774,1.863572257,0.108725897
4.781210838,1.851784879,0.148843268
4.85516381,1.844237808,0.281568028
4.917322396,1.834182544,0.357678554
4.96831643,1.811541331,0.418417003
5.006586324,1.78713426,0.41354293
5.031577224,1.761621186,0.349055194
5.045497298,1.732910072,0.27519424
5.047694218,1.701806991,0.199083714
5.03825796,1.664521535,0.092603963
5.018230749,1.6253465,-0.046494585
4.987811282,1.58223484,-0.216337286
4.947554412,1.541792586,-0.482536663
4.899113454,1.507468972,-0.65350415
4.843376922,1.464664743,-0.732989035
4.779587517,1.41801762,-0.798976486
4.707917693,1.367985,-0.711993028
4.627883827,1.31255733,-0.634757715
4.539272227,1.2576208,-0.611512136
4.442514028,1.198897613,-0.597264845
4.337429278,1.139229636,-0.620510425
4.224554085,1.072355762,-0.608512706
4.104510784,1.004878273,-0.606263134
3.97823663,0.939878982,-0.580767983
3.845795353,0.875022159,-0.579643196
3.7068308,0.808939359,-0.597264845
3.562085273,0.740730782,-0.624259712
3.413504508,0.678813306,-0.649005006
3.260841072,0.60722673,-0.619385639
3.101181983,0.521112136,-0.653879079
2.93264149,0.430071138,-0.624259712
2.75776142,0.359043188,-0.605888205
2.579570975,0.279740829,-0.638132074
2.396548056,0.200925862,-0.55264833
2.211361958,0.12028505,-0.456666583
2.019690072,0.015983252,-0.357685406
1.824730305,-0.051501736,-0.232834149
1.627048757,-0.158173007,-0.116231323
1.425666936,-0.225628002,-0.020999433
1.225544782,-0.316837712,-0.009751572
1.017943353,-0.414151065,-0.046494585
0.8168727,-0.492602363,0.005620504
0.605713461,-0.655627349,0.051361806
0.402858279,-0.707335846,0.062609667
0.196066636,-1.005653236,0.116974328
-0.003339457,-0.86110789,0.108725897
-0.04664802,-0.181346602,0.086230175
-0.023096739,-0.131246497,0.036739586
-0.033387772,-0.130714115,-0.03937094
-0.027884225,-0.057774091,-0.053243302
-0.030197364,-0.089117119,-0.086611956
-0.029327594,-0.037982243,-0.067490592
-0.028712756,-0.05935249,0.003745861
-0.030381066,-0.037153678,-0.000753284
-0.028420334,-0.034754212,0.022117367
-0.030242352,-0.035309088,0.045362947
-0.029020175,-0.024252798,0.005620504
-0.030088643,-0.030393932,-0.018000004
-0.0298712,-0.024957641,-0.06824045
-0.029739985,-0.025448782,-0.106483177
-0.03024985,-0.018246634,-0.160847839
-0.030096141,-0.022025793,-0.222336145
-0.030778461,-0.022438201,-0.174345272
-0.03070723,-0.01768051,-0.137977188
-0.031224593,-0.022123271,-0.149974906
-0.032139352,-0.025744966,-0.154848979
-0.032949138,-0.021099749,-0.14322619
-0.033788916,-0.02222075,-0.170595985
-0.034489981,-0.021249716,-0.219336716
-0.034497479,-0.017200616,-0.220836431
-0.035168552,-0.018831504,-0.155973765
-0.035108567,-0.014032571,-0.076113952
-0.035580943,-0.026423565,-0.071614808
-0.036188282,-0.016810703,-0.031122508
-0.035670919,-0.019798788,0.001496289
-0.037406711,-0.017114386,-0.025873506
-0.035835875,-0.011220697,-0.011626216
-0.038137768,-0.032474719,0.001496289
-0.036503199,0.002609977,0.022867225
-0.037579165,-0.037179922,0.0356148
-0.038677625,0.004750751,0.045362947
-0.035382245,-0.031278735,0.023617082
-0.041875531,-0.017890463,-0.069365236
-0.032349296,0.005395607,-0.073489451
-0.046321856,-0.078225791,-0.129728756
-0.025848513,0.134955537,-0.200590281
-0.088584446,-0.836502113,-0.212587999
-0.422797441,-1.925432381,-0.226460361
-0.778784685,-1.703384276,-0.128978899
-1.083095576,-1.744962527,-0.143976047
-1.399721964,-1.798470624,0.019867795
-1.683357065,-1.782510424,0.230952653
-1.96148487,-1.789843793,0.220829578
-2.224800336,-1.670582822,0.368926415
-2.485948875,-1.712393522,0.406794213
-2.738425953,-1.698724062,0.452160586
-2.972484146,-1.723183621,0.547017547
-3.196843649,-1.758669478,0.481405025
-3.40882767,-1.792955601,0.490403313
-3.613531114,-1.83584606,0.454035229
-3.80221129,-1.841357334,0.371550916
-3.975479285,-1.863462416,0.3269344
-4.134898437,-1.870803283,0.252323589
-4.280926126,-1.885736212,0.225328723
-4.416977699,-1.899758092,0.14809341
-4.540949961,-1.897553583,0.100102537
-4.650001164,-1.889706578,0.124472902
-4.743775151,-1.875126072,0.134595977
-4.824622552,-1.86744778,0.261321878
-4.894399126,-1.85985197,0.356928696
-4.951998916,-1.841582284,0.35880334
-4.997256964,-1.821175573,0.361052912
-5.030503185,-1.795677495,0.383173705
-5.051059007,-1.767318803,0.30968768
-5.060262826,-1.738855135,0.164215344
-5.058691991,-1.706751027,0.14246948
-5.045904118,-1.669585544,0.047987447
-5.022735236,-1.629563197,-0.117731038
-4.989608984,-1.588753525,-0.245956653
-4.946739055,-1.546980318,-0.420298499
-4.896367356,-1.511696916,-0.54102554
-4.838325183,-1.467977892,-0.621260282
-4.771997699,-1.41840267,-0.641881361
-4.698419628,-1.373300203,-0.613011851
-4.6161626,-1.31392841,-0.648255149
-4.525365327,-1.25463535,-0.643006147
-4.426545172,-1.197558046,-0.62463464
-4.319522184,-1.131021597,-0.6306335
-4.204660015,-1.06870296,-0.610012421
-4.082296078,-1.003767405,-0.577768553
-3.953731278,-0.937714598,-0.598014703
-3.818676942,-0.871523073,-0.649005006
-3.676705682,-0.79736082,-0.672625514
-3.530018168,-0.73262772,-0.743487038
-3.380046521,-0.666863599,-0.753985042
-3.224815013,-0.590519332,-0.720616388
-3.062100481,-0.504479721,-0.687622662
-2.890658253,-0.416126875,-0.595765131
-2.714447285,-0.344435323,-0.559771975
-2.53425112,-0.257630883,-0.490785095
-2.349968533,-0.183596102,-0.376056912
-2.16305789,-0.096892889,-0.319817607
-1.969496504,-0.00877999,-0.218961787
-1.775230304,0.069547587,-0.128978899
-1.575381828,0.170527624,-0.107607963
-1.375720802,0.232396361,-0.066365806
-1.172831879,0.355676437,-0.022874077
-0.966722556,0.416844081,0.017618223
-0.763968598,0.549080915,0.093728749
-0.550949849,0.661139737,0.125972617
-0.35376317,0.77544431,0.12522276
-0.135285864,1.055851934,0.1192239
0.014592058,0.559113683,0.034864943
0.007101536,0.058165119,-0.018000004
-0.000265269,0.150308371,-0.076113952
0.006411718,0.05883247,-0.084737312
0.000563263,0.058959942,-0.027373221
0.005264521,0.05249263,-0.022874077
0.001845424,0.022113138,0.108725897
0.004241041,0.036588668,0.176587992
0.003524981,0.010693179,0.15671677
0.003506236,0.027241997,0.203207929
0.004409747,0.009988335,0.133096262
0.003461247,0.012706481,0.06448431
0.004615942,0.009493446,-0.012376073
0.004012352,0.004135887,-0.146975477
0.004660931,0.008162492,-0.187467776
0.004544711,0.002032605,-0.202839853
0.00462719,0.006321651,-0.200590281
0.005017087,0.003371057,-0.182968632
0.00519329,-0.002050237,-0.157098552
0.006051813,0.001860144,-0.150724764
0.006902839,0.007528883,-0.192341849
0.00780635,0.00614544,-0.214837571
0.008788591,0.002887415,-0.240332723
0.009155994,-0.003501164,-0.206964069
0.009287209,0.003704733,-0.162347553
0.010145732,0.003903439,-0.107607963
0.009924541,-0.001461617,-0.032997152
0.011116726,0.006269163,-0.01912479
0.010843048,-0.004153519,-0.013125931
0.011315423,0.011158075,-0.043120227
0.012177696,-0.005098309,-0.086237027
0.011067989,0.006167935,-0.133103115
0.013684798,0.002422518,-0.137977188
0.010764319,-0.011348168,-0.098984603
0.014614552,0.023755273,-0.119230753
0.011701571,-0.027278375,-0.08248774
0.013579825,0.040056647,-0.03937094
0.014573313,-0.042282537,-0.053993159
0.009673357,0.041200142,0.032615371
0.021718926,-0.024980136,0.072732742
-0.003725605,-0.006676707,0.08173103
0.150744854,1.383461557,0.053986307
0.524761088,1.989739191,0.042738446
0.849759016,1.672473517,0.136845549
1.160184542,1.810139143,0.04161366
1.466988524,1.76825721,0.133096262
1.745742414,1.811593819,0.198708785
2.020289914,1.756147403,0.058485451
2.279807633,1.673388313,0.160091129
2.541732217,1.713474396,0.161215915
2.787198647,1.690896918,0.216705362
3.018741253,1.736280573,0.339307047
3.239153049,1.761729911,0.359553197
3.449348793,1.806648669,0.452160586
3.650115776,1.828907468,0.432289365
3.833014978,1.836173352,0.38467342
4.001727926,1.855339088,0.368551486
4.15610466,1.862008854,0.315686539
4.299046913,1.878711389,0.317936111
4.431416958,1.881568254,0.300689391
4.550376795,1.880570975,0.30968768
4.654250615,1.871213057,0.324684828
4.743780723,1.858627107,0.296565176
4.821313998,1.852298515,0.305188536
4.88757775,1.836750723,0.245199944
4.941563494,1.812651084,0.150342983
4.983057537,1.791299584,0.067108811
5.012618481,1.769494434,0.014993722
5.029953903,1.737082894,-0.055492874
5.036004805,1.706257251,-0.093735601
5.031371029,1.674048166,-0.022124219
5.015501469,1.632919815,-0.03637151
4.988426119,1.592848729,-0.040495726
4.951659578,1.553088824,-0.056242731
4.906127852,1.50972222,-0.174345272
4.852040884,1.459112229,-0.294322456
4.790774563,1.415981823,-0.475787947
4.721654066,1.373248829,-0.587516699
4.644012068,1.319279584,-0.631758286
4.558703346,1.267447364,-0.71986653
4.465397985,1.210077626,-0.709743455
4.363668599,1.149052451,-0.679374231
4.253961319,1.081514975,-0.682748589
4.13698096,1.013636325,-0.683498446
4.012974956,0.956146613,-0.677874516
3.882783086,0.889160264,-0.66512694
3.746322871,0.816370206,-0.710118384
3.603095693,0.752784351,-0.725490461
3.455977043,0.686993986,-0.707868812
3.305604251,0.614875029,-0.690622092
3.149049343,0.543160982,-0.651629507
2.984085405,0.455561718,-0.570644908
2.810922382,0.373844896,-0.481786806
2.634126568,0.299577666,-0.460790799
2.452633245,0.213916722,-0.424422715
2.268065734,0.140249359,-0.392553775
2.078654502,0.043093471,-0.408300781
1.883698484,-0.031683645,-0.389179417
1.687913934,-0.12260092,-0.362559479
1.486269683,-0.208494313,-0.312693962
1.287148514,-0.281033177,-0.238458079
1.081519065,-0.397264821,-0.19796578
0.878630142,-0.453127395,-0.124104826
0.672412098,-0.618690565,-0.028872936
0.46347977,-0.685534446,0.062234738
0.264703511,-0.901010263,0.167214774
0.047774546,-1.013893902,0.237326441
-0.049366052,-0.350478979,0.298439819
-0.02513995,-0.089049634,0.319810755
-0.029642511,-0.166739851,0.282692814
-0.029222622,-0.057691609,0.253823304
-0.027224399,-0.08767369,0.140594836
-0.029852455,-0.048757347,0.059235308
-0.026913232,-0.051096826,0.078731601
-0.029702495,-0.046384124,-0.018749861
-0.027606798,-0.029524125,-0.078363524
-0.029065163,-0.040629155,-0.055867803
-0.028671517,-0.02514135,-0.116231323
-0.028600286,-0.03170239,-0.1316034
-0.029252614,-0.022404459,-0.138352117
-0.02862278,-0.022663151,-0.173595414
-0.029398825,-0.021264712,-0.162722482
-0.029297602,-0.026359829,-0.162722482
-0.029650009,-0.02478143,-0.14885012
-0.029792471,-0.015783432,-0.128978899
-0.029938683,-0.02024119,-0.130853542
-0.030913425,-0.023390489,-0.13722733
-0.031963148,-0.024312784,-0.144725904
-0.032645468,-0.022614412,-0.184468347
-0.033552728,-0.021980803,-0.243707081
-0.033623959,-0.016911931,-0.24970594
-0.034231299,-0.021808341,-0.262078588
-0.034561212,-0.014894879,-0.292822741
-0.034178813,-0.017605526,-0.286448953
-0.035577194,-0.016874439,-0.26432816
-0.03453122,-0.011085727,-0.205089425
-0.036087059,-0.029801563,-0.119605682
-0.035543453,-0.008446314,-0.029622793
-0.03615829,-0.029062978,0.068233597
-0.037335479,-0.005863138,0.142844409
-0.035067328,-0.022291984,0.239201084
-0.039146251,-0.01767676,0.282692814
-0.033987613,-0.002147715,0.278943527
-0.040330938,-0.052637733,0.236951512
-0.034280036,0.038388268,0.150717911
-0.0393412,-0.101013222,0.046487733
-0.038104026,0.105573323,-0.116606252
-0.035862118,-0.339358952,-0.236208507
-0.286007313,-1.725159432,-0.331815326
-0.665482105,-1.823451317,-0.272201662
-0.97352701,-1.672427412,-0.280450094
-1.290547044,-1.818502418,-0.236208507
-1.584743106,-1.764360712,0.080606244
-1.862923397,-1.816177935,0.13084669
-2.132514706,-1.699631361,0.244075158
-2.391972441,-1.693310267,0.412793073
-2.650552908,-1.709739112,0.449536085
-2.889222382,-1.7039504,0.617129214
-3.117207179,-1.751219885,0.617504143
-3.332704022,-1.774408476,0.577761701
-3.5403092,-1.824306127,0.575512128
-3.735062772,-1.834627581,0.458909303
-3.912904559,-1.851461336,0.417667146
-4.07709995,-1.863522403,0.322060327
-4.226524242,-1.871046979,0.217080291
-4.3660399,-1.891427446,0.174713348
-4.494237297,-1.891599907,0.031115656
-4.608330918,-1.884660201,-0.015000574
-4.707514727,-1.872265458,-0.038996011
-4.792324831,-1.860103164,0.002996003
-4.866214069,-1.854393184,0.174713348
-4.928398898,-1.83777688,0.257947519
-4.977987053,-1.816260416,0.321685398
-5.015345938,-1.790781084,0.413917859
-5.039999427,-1.762013734,0.454785087
-5.053353401,-1.734521099,0.346055764
-5.055415356,-1.701059793,0.271444953
-5.046856367,-1.667452269,0.181462065
-5.028257528,-1.627966052,-0.0479943
-4.998895282,-1.588888495,-0.210338427
-4.959976809,-1.551569297,-0.43717029
-4.912780522,-1.504963414,-0.640756575
-4.857298923,-1.460269606,-0.708618669
-4.794038128,-1.416044444,-0.749110969
-4.722675723,-1.364729609,-0.67674973
-4.642641857,-1.309819324,-0.626134355
-4.554746318,-1.257263515,-0.579643196
-4.458857889,-1.200516138,-0.494159453
-4.355160273,-1.135663065,-0.445793651
-4.243642221,-1.0718935,-0.446168579
-4.124269994,-1.008288899,-0.457791369
-3.997890867,-0.941456266,-0.422548071
-3.864887239,-0.872400378,-0.502032956
-3.725382828,-0.80356569,-0.560896761
-3.579906244,-0.740429734,-0.631008428
-3.430924335,-0.677125067,-0.726615247
-3.278043457,-0.601185709,-0.708993598
-3.118238156,-0.521759627,-0.74311211
-2.949738902,-0.436777282,-0.698495594
-2.77509502,-0.356185209,-0.671125799
-2.596668387,-0.274370909,-0.678624373
-2.4133343,-0.198270337,-0.575893909
-2.227829536,-0.117074649,-0.495284239
-2.035141669,-0.019622578,-0.370432982
-1.840140663,0.049710749,-0.250830727
-1.641975493,0.151553094,-0.159723052
-1.440511193,0.218262005,-0.067115663
-1.240194091,0.318844631,-0.050618801
-1.032723877,0.402649738,0.004495718
-0.832024376,0.49129127,0.135345835
-0.62020906,0.652122993,0.166464917
-0.418508573,0.702897948,0.136095692
-0.208938914,1.01176924,0.150342983
-0.014728949,0.804867765,0.037489444
0.018284833,0.132492335,-0.026998293
-0.003376947,0.118241755,0.013494007
0.007532672,0.102409027,-0.009001715
0.001151857,0.040619022,0.069358383
0.004413496,0.066312056,0.108350968
0.003479992,0.018483946,0.154842127
0.003292542,0.040416567,0.235826726
0.004645935,0.015428375,0.187460924
0.002970127,0.02035103,0.247449516
0.004960851,0.015570844,0.274444382
0.003629953,0.008454927,0.161590844
0.004499723,0.013591284,0.076856957
0.004615942,0.005421851,-0.074614237
0.004762154,0.009216007,-0.176594844
0.005069573,0.004282105,-0.218961787
0.004822138,0.006527855,-0.259079158
0.005406984,0.005035687,-0.230584577
0.005478215,0.001717675,-0.259829015
0.006171782,0.001106561,-0.285699096
0.007112783,0.000506695,-0.314568606
0.007776358,0.002103839,-0.369308196
0.009006033,0.007528883,-0.3393139
0.009725843,0.004270857,-0.291323026
0.009643365,0.003637248,-0.277075736
0.010535629,0.005058182,-0.229834719
0.010404414,-0.000674293,-0.103483747
0.011386655,0.008589897,-0.055117945
0.011484129,-0.003272465,-0.03074758
0.011315423,0.007828816,0.073482599
0.012732549,0.000158022,0.140969765
0.01113922,0.001361505,0.170964061
0.01386475,0.008252472,0.190085425
0.01132667,-0.019491357,0.203582858
0.014033456,0.02417518,0.13084669
0.013126195,-0.027000936,0.051361806
0.012376393,0.029956394,-0.022874077
0.016582782,-0.021017267,-0.149974906
0.008323713,0.01032576,-0.148100263
0.02295235,0.027856861,-0.188592562
-0.002867081,-0.102164216,-0.278950379
0.103983453,1.127730944,-0.322442108
0.462336322,2.005290732,-0.281949809
0.800973149,1.690953156,-0.073489451
1.108043311,1.785544614,-0.007127072
1.420751984,1.787265481,0.157091699
1.701515343,1.80115989,0.356553768
1.978732138,1.780588216,0.322810185
2.239959406,1.675206659,0.395546352
2.502232648,1.715277745,0.415792502
2.752040431,1.689063576,0.446911584
2.985933667,1.726547738,0.519272823
3.20919471,1.756870992,0.469032378
3.420830074,1.7957236,0.472781665
3.624896186,1.827527775,0.417667146
3.812354184,1.833234005,0.359553197
3.985093569,1.854263078,0.34418112
4.142713196,1.854086867,0.218205077
4.287916103,1.868757353,0.130471761
4.422865467,1.882708,0.041988588
4.545334376,1.883431589,-0.040120797
4.654134395,1.869207253,-0.00187807
4.747638454,1.856516326,0.069733312
4.828665807,1.850536407,0.201333286
4.898884764,1.829229896,0.37605006
4.956582028,1.815043052,0.470907021
5.00179134,1.794032726,0.43378908
5.034486456,1.762344775,0.40192014
5.054851078,1.737484055,0.287941815
5.063724985,1.705526164,0.072357813
5.061606794,1.67182866,-0.055867803
5.049111344,1.63532678,-0.195716208
5.025672534,1.592106394,-0.334064898
4.992032667,1.550974294,-0.425547501
4.949357686,1.512384128,-0.450667724
4.898037488,1.468470147,-0.444668864
4.838968087,1.422115459,-0.479537234
4.771872055,1.374954699,-0.418798784
4.696486961,1.319632006,-0.341938401
4.612516635,1.264440533,-0.386554916
4.52040346,1.210362563,-0.448043223
4.420874742,1.151924312,-0.490410166
4.31356308,1.089530692,-0.543275113
4.198749649,1.024347692,-0.611137207
4.076798103,0.963869895,-0.602513847
3.948465741,0.90059897,-0.619385639
3.813523875,0.830047164,-0.709743455
3.67153762,0.761722363,-0.74011268
3.525033807,0.697581631,-0.791477912
3.375069658,0.633043487,-0.761483616
3.219680691,0.558307612,-0.738612965
3.057142363,0.473239036,-0.694746307
2.885977562,0.389377691,-0.579643196
2.709954045,0.315680334,-0.592015844
2.530031557,0.233149943,-0.509156601
2.345703982,0.161664595,-0.424422715
2.158275976,0.073851629,-0.376431841
1.963514907,-0.017669262,-0.293947527
1.767501668,-0.092150194,-0.274451235
1.566367281,-0.191937996,-0.187467776
1.365187907,-0.256172457,-0.093735601
1.161545432,-0.370087117,-0.092610815
0.954461367,-0.432848156,-0.129728756
0.752325995,-0.556019506,-0.142101404
0.539052314,-0.675449189,-0.2152125
0.34158071,-0.778862435,-0.247831297
0.124239354,-1.069666496,-0.179594274
-0.03615829,-0.625472807,-0.104608533
-0.035112316,-0.087021335,0.056610808
-0.024386399,-0.165416396,0.200583428
-0.032244324,-0.087924884,0.322060327
-0.02582227,-0.072335852,0.345305907
-0.030197364,-0.070753703,0.320185684
-0.027213152,-0.042391263,0.399670568
-0.029286355,-0.061575745,0.359928126
-0.028457824,-0.026483551,0.268820452
-0.028049182,-0.042053838,0.210706503
-0.029173885,-0.028841777,0.053236449
-0.02805668,-0.02577121,-0.079113382
-0.029473805,-0.02662602,-0.110607393
-0.028724003,-0.019960003,-0.106858106
-0.029331343,-0.022719389,-0.100484318
-0.02941757,-0.018509075,-0.119605682
-0.029395076,-0.02239696,-0.196466065
-0.029859953,-0.023356747,-0.338189114
-0.029811216,-0.022359469,-0.415799355
-0.030759716,-0.021215973,-0.441294506
-0.031532012,-0.020136213,-0.378306485
-0.032188089,-0.020481137,-0.222336145
-0.033421513,-0.02226574,-0.131978329
-0.033575222,-0.015892157,-0.061491733
-0.033676446,-0.019626327,-0.103108819
-0.034433746,-0.018419095,-0.146225619
-0.034051347,-0.017118135,-0.098984603
-0.035370998,-0.02001624,-0.097484888
-0.034928615,-0.011104472,-0.07086495
-0.036027075,-0.027795759,-0.054368088
-0.036165788,-0.006837922,-0.06524102
-0.035445978,-0.023075559,-0.088486599
-0.037699133,-0.01358642,-0.08548717
-0.034737415,-0.015502244,-0.006752143
-0.038883821,-0.031248741,0.072357813
-0.034699925,0.0110456,0.155217056
-0.038745107,-0.055288394,0.129721904
-0.036731889,0.037304759,0.021742438
-0.035693413,-0.077370981,-0.034121938
-0.043273911,0.054625906,-0.095985173
-0.0238128,-0.133203562,-0.127104255
-0.220294665,-1.53204364,-0.202839853
-0.601928887,-1.888116932,-0.09973446
-0.91857777,-1.647379234,0.023992011
-1.23281229,-1.814389583,-0.028498007
-1.535057476,-1.766171559,0.130471761
-1.813803868,-1.813845954,0.143969195
-2.087421614,-1.721024102,0.154467198
-2.347078046,-1.680293162,0.31268711
-2.608237832,-1.712322287,0.317561183
-2.851349883,-1.69567974,0.430039793
-3.081921496,-1.743155429,0.460034089
-3.30018511,-1.762583607,0.418042074
-3.509346127,-1.813752224,0.485154312
-3.708482291,-1.832846727,0.444662012
-3.890541714,-1.84523772,0.464158304
-4.05880853,-1.862063977,0.516273394
-4.21248045,-1.866353023,0.4510358
-4.354545435,-1.883884124,0.325809614
-4.485951985,-1.889226685,0.105726467
-4.604218254,-1.879932503,0.004870647
-4.706618713,-1.866780428,-0.023623934
-4.79524531,-1.856069061,-0.017250146
-4.872238728,-1.847592197,0.072357813
-4.937775172,-1.836018521,0.132346405
-4.991509732,-1.814217121,0.180712207
-5.032531399,-1.788812772,0.137970335
-5.061151342,-1.758538257,0.133096262
-5.077148367,-1.72692154,0.126347546
-5.082055822,-1.697209399,0.080981173
-5.076518534,-1.66200848,0.087354961
-5.060277822,-1.624513071,-0.030372651
-5.033922282,-1.585907908,-0.178094559
-4.998276695,-1.545930551,-0.311194247
-4.954008385,-1.50426232,-0.395928133
-4.901252316,-1.463587618,-0.365933837
-4.840795781,-1.418365178,-0.407175994
-4.77157406,-1.363751077,-0.400427278
-4.693722119,-1.313782192,-0.374182269
-4.607877288,-1.261053922,-0.48066202
-4.5135372,-1.200234951,-0.56427112
-4.411590371,-1.143817501,-0.601389061
-4.302089287,-1.081708817,-0.617510995
-4.184932725,-1.01507489,-0.606263134
-4.060769262,-0.95083293,-0.561646619
-3.930251228,-0.884270237,-0.600264275
-3.792718796,-0.813568465,-0.689872234
-3.648183214,-0.744711282,-0.693621521
-3.499722418,-0.683307441,-0.650879649
-3.347523859,-0.614993888,-0.573644337
-3.189371872,-0.541697692,-0.547399328
-3.023575654,-0.45269999,-0.500533241
-2.849973997,-0.368879885,-0.482536663
-2.672859517,-0.297507012,-0.573269409
-2.490751357,-0.212359703,-0.539525826
-2.305569008,-0.143052621,-0.465289943
-2.115494201,-0.043452277,-0.415049497
-1.91956344,0.029948895,-0.2988216
-1.722695427,0.115512362,-0.236208507
-1.519873986,0.209972599,-0.172095699
-1.319736836,0.272808621,-0.091486029
-1.112697759,0.387420626,-0.084737312
-0.908410455,0.451456381,-0.034496867
-0.700865261,0.611763221,0.014243864
-0.490823227,0.676102659,-0.038621082
-0.291222186,0.88958392,-0.031122508
-0.072688644,0.999393243,-0.03074758
0.024459452,0.328187552,-0.055117945
-0.000366492,0.067324331,0.041988588
0.004833385,0.149442314,0.141344694
0.004342265,0.040229108,0.260946949
0.002482756,0.072621903,0.298439819
0.005373243,0.030694979,0.276319026
0.002321548,0.028550456,0.301814177
0.005414482,0.027575673,0.165340131
0.003266299,0.013808736,0.073482599
0.004683425,0.022934206,0.059985166
0.004469731,0.007296434,-0.039745868
0.004308524,0.015859529,-0.056242731
0.00500584,0.007390163,-0.059242161
0.004675927,0.004563292,-0.064491163
0.005358246,0.000416715,-0.031497437
0.005159549,0.004222118,-0.046494585
0.00560943,0.00547434,-0.084362384
0.005643171,0.000596675,-0.18934242
0.006153037,0.005823012,-0.273701377
0.007375214,0.005718035,-0.320942393
0.008080028,0.003026134,-0.351686547
0.008874818,0.005279383,-0.325816467
0.00977458,0.004960704,-0.272576591
0.009778329,7.55e-05,-0.146600548
0.010876789,0.003374807,-0.081737883
0.011000507,5.3e-05,-0.0479943
0.01136416,0.007056488,-0.006377214
0.011937759,-0.002526381,-0.065615949
0.011270435,0.000315487,-0.119605682
0.013111199,0.000195514,-0.135352687
0.011525368,-0.007932678,-0.16609684
0.013932232,0.008267468,-0.205089425
0.012402636,-0.016529516,-0.141726475
0.013606068,0.024677568,-0.047244442
0.014573313,-0.022003298,-0.004502571
0.011536615,0.018011551,0.072732742
0.018078637,-0.001266661,0.082855817
0.008312466,-0.017294345,0.117724186
0.022479975,0.063818861,0.100852394
0.00151926,-0.149902347,-0.004877499
0.066568333,0.875978196,-0.027373221
0.401699835,1.97908781,-0.069740164
0.755231478,1.728358585,0.028116226
1.059317428,1.756526069,0.06748374
1.37600755,1.801261118,0.108725897
1.660103778,1.790793446,0.238076298
1.939210075,1.802067188,0.152592555
2.203545272,1.674891729,0.169089418
2.465852255,1.704408913,0.199833571
2.719915164,1.694803549,0.253073446
2.956968816,1.722483642,0.373800488
3.18283917,1.742504188,0.355428981
3.395831675,1.774428337,0.359928126
3.602600824,1.823204986,0.325059757
3.79374035,1.831348175,0.283442671
3.970108776,1.85115127,0.323185113
4.131649868,1.853674458,0.377549775
4.27970952,1.866489108,0.467157734
4.417440649,1.874834751,0.471656878
4.542792547,1.87533714,0.390297351
4.654651759,1.867366413,0.298439819
4.751132531,1.847394605,0.16271563
4.835095359,1.839952511,0.105726467
4.908047345,1.832922825,0.079856387
4.968938765,1.815912859,0.048737305
5.018133274,1.789571218,0.041238731
5.054431189,1.763833194,0.002996003
5.077903741,1.735549485,-0.033747009
5.089540668,1.701503309,-0.052118516
5.089945561,1.666324884,-0.03074758
5.079856975,1.626081336,-0.038621082
5.059173687,1.589939376,-0.052493444
5.028296841,1.55040817,-0.151474621
4.988028724,1.506569172,-0.350186832
4.939681491,1.466494336,-0.394803347
4.883476333,1.4228278,-0.439419863
4.818974616,1.377365413,-0.494159453
4.746303806,1.325911859,-0.41130021
4.664811576,1.270203001,-0.412799925
4.574891571,1.215641389,-0.479537234
4.477049908,1.157008182,-0.548899043
4.371530273,1.095544354,-0.632508143
4.258711315,1.028865437,-0.694746307
4.138611779,0.966160635,-0.716117243
4.012195162,0.908494713,-0.704869382
3.87939773,0.839918718,-0.723240889
3.73943594,0.769494384,-0.702994739
3.593768156,0.705751063,-0.70261981
3.444396351,0.64336869,-0.646380505
3.290469498,0.573139313,-0.557522403
3.129723196,0.490106533,-0.502782813
2.960350423,0.403512046,-0.377931556
2.784922998,0.333042722,-0.388429559
2.606410137,0.253421684,-0.430796503
2.422686153,0.173474468,-0.408300781
2.236656528,0.098633616,-0.413174854
2.043886183,0.001458983,-0.359934978
1.847486796,-0.068050555,-0.320567465
1.64877427,-0.1689931,-0.319442679
1.445367984,-0.238840063,-0.315318463
1.243884939,-0.328433883,-0.350186832
1.034926369,-0.424667476,-0.362559479
0.832243641,-0.496696453,-0.238833008
0.620623274,-0.660909924,-0.126354398
0.415586168,-0.710623865,-0.040495726
0.209529331,-0.998016184,0.070483169
0.005204537,-0.894580444,0.067108811
-0.046805479,-0.202525641,0.116224471
-0.022234467,-0.123575703,0.181087136
-0.032274316,-0.138632354,0.228703081
-0.027149419,-0.057087993,0.363677413
-0.028858968,-0.093567379,0.319810755
-0.028619031,-0.040707887,0.274444382
-0.027430595,-0.058943831,0.256822733
-0.029560033,-0.039556893,0.076482029
-0.02744934,-0.033689448,0.041238731
-0.02934259,-0.036460082,0.022117367
-0.028157903,-0.023101804,-0.07686381
-0.028798984,-0.029797814,-0.084737312
-0.028986434,-0.022074532,-0.11998061
-0.028866466,-0.023315506,-0.148475191
-0.029398825,-0.018681537,-0.145850691
-0.029275108,-0.019828782,-0.1316034
-0.029665005,-0.019952504,-0.106858106
-0.029556284,-0.017354332,-0.113606822
-0.030512281,-0.023517961,-0.172095699
-0.031438287,-0.022149515,-0.256829586
-0.031963148,-0.01862155,-0.284949238
-0.033219066,-0.022329475,-0.354311048
-0.033586469,-0.015989636,-0.340813615
-0.033537732,-0.02087105,-0.23545865
-0.034433746,-0.020822311,-0.248581154
-0.034163817,-0.013485193,-0.224585718
-0.035194795,-0.022693145,-0.1747202
-0.034868631,-0.008802485,-0.154848979
-0.035404739,-0.023514212,-0.126729327
-0.036353239,-0.009068675,-0.103108819
-0.035134811,-0.018655293,-0.000753284
-0.037845345,-0.024743938,0.079856387
-0.034771157,-0.005120803,0.13947005
-0.0383927,-0.03575149,0.218580006
-0.035648425,0.013268856,0.242575443
-0.037282993,-0.051857907,0.203207929
-0.038801342,0.01905007,0.10497661
-0.03316658,-0.054197386,0.016118508
-0.046025685,0.004113392,-0.101234175
-0.019947571,0.002557488,-0.182968632
-0.168981966,-1.322813933,-0.300696244
-0.544966429,-1.932578292,-0.334439827
-0.873698371,-1.64496852,-0.224210789
-1.184543786,-1.797158416,-0.16909627
-1.493091058,-1.769159644,0.070858098
-1.772605997,-1.80370446,0.180337279
-2.049275437,-1.743391626,0.211081432
-2.310510203,-1.668644504,0.415042645
-2.5731396,-1.711197538,0.439787939
-2.820735468,-1.692110534,0.50577539
-3.05403636,-1.732796483,0.569888198
-3.274841802,-1.751887236,0.502026103
-3.485120024,-1.798365647,0.502026103
-3.687195412,-1.825059709,0.415792502
-3.873097571,-1.839527741,0.324684828
-4.044663515,-1.854828087,0.315311611
-4.200963491,-1.857696199,0.285317315
-4.34608017,-1.874469968,0.239950942
-4.480238493,-1.879310141,0.114349827
-4.602058824,-1.878331609,0.068608526
-4.709025578,-1.862195198,0.029241012
-4.800310222,-1.849298067,0.057360665
-4.880190378,-1.841589782,0.219329863
-4.948711034,-1.827882831,0.244825015
-5.005834699,-1.810692905,0.289816459
-5.050845313,-1.78625959,0.333683117
-5.0828956,-1.759171866,0.28081817
-5.102855329,-1.726902794,0.181087136
-5.110825724,-1.693715177,0.130471761
-5.107669058,-1.660636285,0.057735594
-5.093955179,-1.622436033,-0.141726475
-5.06986779,-1.582447428,-0.274826163
-5.036156692,-1.544513366,-0.461165727
-4.994325239,-1.50669178,-0.628383927
-4.94418223,-1.462485364,-0.59314063
-4.885877626,-1.417521616,-0.580393054
-4.820408665,-1.371545593,-0.543650041
-4.745893342,-1.316384114,-0.464165157
-4.662432881,-1.260982688,-0.445418722
-4.570660865,-1.203061822,-0.404551494
-4.470446079,-1.143899983,-0.411675139
-4.362883233,-1.085019331,-0.452542367
-4.247589929,-1.018362908,-0.47766259
-4.125124768,-0.958181296,-0.486660879
-3.996406259,-0.897463552,-0.539900754
-3.860947029,-0.825168384,-0.636632359
-3.718567128,-0.754147933,-0.691371949
-3.57083364,-0.691304412,-0.749110969
-3.419411126,-0.626683787,-0.717991887
-3.262676265,-0.552705244,-0.692121806
-3.098492121,-0.469991143,-0.660252867
-2.925943935,-0.385072533,-0.558647189
-2.749129377,-0.315574243,-0.543275113
-2.568592051,-0.232770163,-0.462290513
-2.383724619,-0.160741186,-0.363684265
-2.195962951,-0.078158306,-0.286074024
-2.000598291,0.0132951,-0.167971484
-1.804281383,0.090554164,-0.133852972
-1.60267837,0.189929558,-0.130103685
-1.400569241,0.246714426,-0.132353257
-1.19645814,0.364074569,-0.107982892
-0.988279364,0.429913673,-0.076488881
-0.784741862,0.550531842,-0.06524102
-0.569709895,0.671161258,-0.067865521
-0.370420022,0.767447339,-0.058867232
-0.151744018,1.063132814,-0.085112241
0.010783064,0.61698206,-0.141726475
0.010415661,0.066045866,-0.02774815
-0.000613926,0.148681233,0.010119649
0.007641394,0.073278007,0.070483169
0.001335559,0.057310309,0.225703651
0.006111797,0.055117047,0.219704792
0.002973876,0.021172098,0.304438678
0.004799644,0.03864696,0.34155662
0.004488476,0.010993112,0.274819311
0.004001105,0.025247441,0.26657088
0.005170796,0.008308709,0.182586851
0.004334767,0.012155353,0.065609096
0.005519454,0.011739196,-0.040495726
0.004848381,0.005148162,-0.121105396
0.005346999,0.00974464,-0.157098552
0.005346999,0.003341064,-0.198715637
0.005673163,0.005838009,-0.218961787
0.006119296,0.003149857,-0.219336716
0.006250511,0.004514553,-0.254580014
0.007330226,0.006374139,-0.300321315
0.007975055,0.002853673,-0.279325308
0.008927304,0.006077955,-0.233209078
0.010096995,0.007333926,-0.187467776
0.010052007,0.001174046,-0.087736742
0.010861793,0.005084426,-0.064866091
0.011330419,-0.001041711,-0.086986885
0.011274184,0.006869029,-0.069740164
0.01231266,0.00075414,-0.08248774
0.011615344,8.3e-05,-0.085862099
0.013369881,0.008424933,-0.098609674
0.012158951,-0.0134552,-0.100109389
0.013456108,0.016005747,-0.075739024
0.013354885,-0.015989636,-0.075364095
0.012563844,0.012564013,-0.026998293
0.015716761,-0.006403018,0.026616511
0.011090483,-0.001236668,0.052861521
0.018329821,0.023624052,0.04723759
0.009744588,-0.04568303,0.005995433
0.01946952,0.08674876,-0.01612536
0.009174739,-0.156549618,-0.079488311
0.031072706,0.559466104,-0.100859247
0.321973388,1.899605491,-0.106483177
0.692281851,1.800717489,-0.029997722
0.997402528,1.711671047,0.043863232
1.316791937,1.816002839,0.064109382
1.606807852,1.770180532,0.191210211
1.886412767,1.815346734,0.109850683
2.154392002,1.684519587,0.140594836
2.416177872,1.69327389,0.270320167
2.674574637,1.692359093,0.251573732
2.914979904,1.706868365,0.399670568
3.144606766,1.739456116,0.443912155
3.359702466,1.75755709,0.451410729
3.568308629,1.815530444,0.498276816
3.763763266,1.820066934,0.426665434
3.9438882,1.833331484,0.437538367
4.109650677,1.840514886,0.428915007
4.261016956,1.853903158,0.385423277
4.401915999,1.869068534,0.303313892
4.531193111,1.867058981,0.139095122
4.647667353,1.862050095,0.100477465
4.748706922,1.844230309,0.035989729
4.835668958,1.835033605,0.051736734
4.911488936,1.824970844,0.144344123
4.975870685,1.808452018,0.104601681
5.028611757,1.789008843,0.15109284
5.069213536,1.759214221,0.177712778
5.096618799,1.730154435,0.122973187
5.112180939,1.698061574,0.063359524
5.116466058,1.662238293,0.026241583
5.109305449,1.6271461,-0.022874077
5.091516396,1.587982312,-0.130103685
5.063192626,1.548241152,-0.220461502
5.02515517,1.505530653,-0.368933267
4.978618709,1.464623503,-0.449168009
4.924434267,1.424477433,-0.448043223
4.862718065,1.376146934,-0.48066202
4.792975232,1.330208403,-0.457041512
4.714830867,1.271713915,-0.483286521
4.628105019,1.210808714,-0.503907599
4.533018878,1.160060003,-0.514780531
4.430052319,1.099379751,-0.612261993
4.318957905,1.039959219,-0.644505862
4.200339229,0.977359394,-0.624259712
4.075508443,0.911921451,-0.627259141
3.944026913,0.849670299,-0.6737503
3.806213306,0.78106431,-0.677499587
3.662330051,0.710347541,-0.685748019
3.513640565,0.648797483,-0.689497306
3.361363277,0.585860233,-0.61038735
3.202701425,0.508128774,-0.58714177
3.035623045,0.423900011,-0.520029533
2.860870442,0.344125257,-0.502407884
2.682507542,0.271380189,-0.523403891
2.499908261,0.192576469,-0.440919577
2.31405484,0.121927185,-0.430796503
2.123627626,0.028377995,-0.376431841
1.927007047,-0.049848354,-0.279325308
1.729805372,-0.13388591,-0.258329301
1.526204137,-0.224053352,-0.212962928
1.324421172,-0.291669561,-0.161222767
1.116827241,-0.406671479,-0.128229042
0.910230547,-0.462226621,-0.092610815
0.703019015,-0.618236916,-0.066365806
0.489696597,-0.691926774,-0.02474872
0.290627915,-0.873825061,0.008619934
0.069964936,-1.053672554,-0.061116804
-0.047664002,-0.429803833,-0.049868943
-0.027036949,-0.083290915,0.061109952
-0.028116664,-0.173105935,0.060360095
-0.030144878,-0.063232876,0.150342983
-0.026328386,-0.087032582,0.223454079
-0.030122384,-0.060368514,0.189710496
-0.026703287,-0.045975465,0.245199944
-0.029503798,-0.052431529,0.191960068
-0.027550563,-0.031327474,0.118099114
-0.02858529,-0.039770596,0.118848972
-0.028656521,-0.027653291,0.039364087
-0.028150405,-0.030911316,-0.003752713
-0.029091406,-0.022003298,-0.0479943
-0.028532804,-0.024069088,-0.087361813
-0.029207626,-0.022918094,-0.073489451
-0.028967689,-0.020496133,-0.125604541
-0.029451311,-0.024552731,-0.142101404
-0.029522543,-0.020211197,-0.17771963
-0.029953679,-0.022790623,-0.244456939
-0.031127119,-0.022835613,-0.260953801
-0.03153951,-0.018835253,-0.279325308
-0.032619225,-0.021740856,-0.230959505
-0.033597716,-0.017388075,-0.190467206
-0.033473999,-0.016353305,-0.135352687
-0.034205056,-0.020203698,-0.072364665
-0.034118829,-0.012210476,-0.042745298
-0.034857384,-0.021857081,-0.022499148
-0.035044834,-0.013792624,-0.087736742
-0.034966105,-0.020477387,-0.112107107
-0.036390729,-0.013556427,-0.136102544
-0.034654937,-0.012874079,-0.175844986
-0.037526679,-0.025010129,-0.149225049
-0.035074826,-0.002826314,-0.118480895
-0.037189268,-0.042698694,-0.083987455
-0.036724391,0.012605253,-0.051743587
-0.035086073,-0.041540202,-0.013875788
-0.04036093,0.002362532,-3.43e-06
-0.031659478,-0.01462119,0.031115656
-0.046336852,-0.050436973,0.038239301
-0.021525904,0.102828933,0.023617082
-0.116844483,-1.045979265,-0.059242161
-0.472929202,-1.949978171,-0.079863239
-0.818846606,-1.668828213,0.044613089
-1.126284171,-1.769189637,0.020242724
-1.441617151,-1.785708463,0.152217626
-1.723801385,-1.789525114,0.217830149
-2.002783964,-1.765425475,0.11359997
-2.266069438,-1.658919167,0.197583999
-2.528856294,-1.704269079,0.164590273
-2.78092848,-1.687210374,0.242950371
-3.017067372,-1.721069092,0.40491957
-3.241576836,-1.742225635,0.409418714
-3.453635838,-1.780992012,0.454410158
-3.659036598,-1.818326207,0.433414151
-3.848530308,-1.82645065,0.399670568
-4.023938988,-1.845830089,0.383548634
-4.184501588,-1.847907127,0.34155662
-4.332430025,-1.863259961,0.377549775
-4.469969955,-1.870420868,0.312312181
-4.595355594,-1.872456666,0.282692814
-4.707705926,-1.861089194,0.278568598
-4.803549367,-1.840933678,0.168714489
-4.886263774,-1.833724032,0.180337279
-4.958319746,-1.821501751,0.131596548
-5.017947751,-1.804877948,0.058110522
-5.066227501,-1.782499177,0.028116226
-5.102307974,-1.755441446,-0.022874077
-5.125821764,-1.726775322,-0.081737883
-5.138077278,-1.691986811,-0.130103685
-5.138407191,-1.657059581,-0.050993729
-5.127752504,-1.62038149,-0.074239309
-5.107084212,-1.579399356,-0.115856395
-5.075667509,-1.537277476,-0.127104255
-5.034754562,-1.497495076,-0.295822171
-4.986137401,-1.459144857,-0.384680272
-4.929920996,-1.417735318,-0.461165727
-4.866071606,-1.37439121,-0.499033526
-4.794656715,-1.322555241,-0.448043223
-4.714480387,-1.265252988,-0.493034667
-4.625460145,-1.211036298,-0.498283669
-4.528270809,-1.150940916,-0.534651752
-4.422758672,-1.087576262,-0.59876456
-4.309557315,-1.026757291,-0.622385068
-4.188779209,-0.964104978,-0.619385639
-4.061177904,-0.898524566,-0.617885924
-3.927484459,-0.834316349,-0.65350415
-3.786776616,-0.765185478,-0.657628366
-3.640201572,-0.70129594,-0.687247733
-3.490218678,-0.644124907,-0.63925686
-3.33540331,-0.565917305,-0.577393624
-3.173352352,-0.483308181,-0.512905888
-3.002719911,-0.399191893,-0.401177135
-2.825789133,-0.325741981,-0.41992357
-2.646376511,-0.251943398,-0.427422144
-2.461816497,-0.172659785,-0.411675139
-2.274680914,-0.099723509,-0.403426707
-2.081468186,-0.002462645,-0.298446671
-1.884592675,0.065022343,-0.239207937
-1.685452762,0.162103248,-0.204714496
-1.481697817,0.233862285,-0.173220486
-1.279956091,0.321161615,-0.221211359
-1.070292707,0.421016902,-0.222336145
-0.866380304,0.492116086,-0.147725334
-0.653342811,0.657075641,-0.054368088
-0.446487435,0.700254786,0.078356672
-0.23887101,0.985322623,0.203957787
-0.031479526,0.893678009,0.178837564
0.022506218,0.183346022,0.196459213
-0.002754611,0.101606705,0.236201655
0.007626398,0.12684984,0.152967483
0.002726441,0.038684452,0.182961779
0.004462233,0.075789948,0.167214774
0.004694672,0.021187094,0.111725326
0.00360371,0.038268295,0.078356672
0.005654418,0.018622665,-0.012376073
0.003547475,0.014393606,-0.013875788
0.005523203,0.020043599,-0.013125931
0.004334767,0.006794046,-0.015375503
0.005073322,0.011544239,0.028866084
0.005189541,0.003592258,0.013119078
0.005013338,0.008987308,-0.04499487
0.005616928,0.003742225,-0.093735601
0.005586936,0.002842425,-0.115106537
0.006224268,0.003832205,-0.126729327
0.006190527,0.003363559,-0.112856965
0.006921584,0.006824039,-0.072739594
0.00807253,0.006801544,-0.124104826
0.008773595,0.00538436,-0.183718489
0.009763333,0.004814486,-0.237708222
0.010423159,0.002568736,-0.266202803
0.010693088,0.004776995,-0.235833578
0.011386655,0.001556461,-0.237708222
0.011311674,0.00133526,-0.181468917
0.012353899,0.005909243,-0.179219345
0.011750309,-0.005638188,-0.223086003
0.012683812,0.008691124,-0.1747202
0.012893757,-0.007546514,-0.117356109
0.012286417,0.009534686,-0.058117375
0.014798254,0.000645414,0.020242724
0.011772803,-0.004093532,0.13384612
0.015997937,0.01806029,0.17996235
0.011919014,-0.027608301,0.13947005
0.015589295,0.042017461,0.122973187
0.01473452,-0.048581136,0.077606815
0.011855281,0.058315085,0.025491725
0.021347774,-0.056484378,-0.061116804
-0.000775134,0.075550001,-0.146225619
0.180939381,1.508327531,-0.24108258
0.560357938,1.953570987,-0.229834719
0.880358435,1.665346352,-0.08548717
1.194450493,1.814675634,-0.098984603
1.499110042,1.764046896,0.044988018
1.778576243,1.813404666,0.165340131
2.053663601,1.727916183,0.130471761
2.314752155,1.662283283,0.222329293
2.577314071,1.69763042,0.260197092
2.823331605,1.677501148,0.400420425
3.056662489,1.717144829,0.49715203
3.277265485,1.737165376,0.474656308
3.488390983,1.782792726,0.496027244
3.689844035,1.802955741,0.438288224
3.875048878,1.81703011,0.413917859
4.046026228,1.828525053,0.37904949
4.201943805,1.833507695,0.295815318
4.346625599,1.847207147,0.277068883
4.480371531,1.844556487,0.195709355
4.601760726,1.84431654,0.139844979
4.708123888,1.829987228,0.116599399
4.799877159,1.816516474,0.089979462
4.879948515,1.808459517,0.174338419
4.948427931,1.788007816,0.213705933
5.005139206,1.771462746,0.228328152
5.049643703,1.745244829,0.235826726
5.081525285,1.711854756,0.192709926
5.101728699,1.68346982,0.140219908
5.110651343,1.647890235,0.05886038
5.108150754,1.616393492,-0.007127072
5.095002975,1.580926381,-0.09411053
5.071170519,1.536255068,-0.223086003
5.036660882,1.494718058,-0.396677991
4.993074892,1.452566185,-0.542525255
4.941664717,1.410815472,-0.599139489
4.882434108,1.36852488,-0.65350415
4.815454296,1.32204272,-0.600639204
4.740297892,1.27075038,-0.524903606
4.657017384,1.21851325,-0.557522403
4.565710246,1.157761764,-0.52377882
4.466035317,1.09632793,-0.501283098
4.358419985,1.040172921,-0.520404462
4.242646807,0.977385638,-0.509156601
4.119874227,0.914148456,-0.517405032
3.990822056,0.849220399,-0.547399328
3.854834216,0.781679173,-0.590516129
3.712604275,0.713373118,-0.638507002
3.565699318,0.656374547,-0.652004436
3.41535277,0.59491072,-0.637757145
3.259337719,0.518367747,-0.671125799
3.09536352,0.438761705,-0.625759427
2.922774095,0.350161414,-0.589391343
2.745400934,0.282016573,-0.626134355
2.564301257,0.206613346,-0.521154319
2.378372855,0.129886664,-0.419548642
2.189902624,0.045770376,-0.341563472
1.994088083,-0.040869101,-0.193841564
1.797268807,-0.108504056,-0.128978899
1.596003205,-0.209641558,-0.115106537
1.393721622,-0.26798233,-0.079863239
1.189929187,-0.376940592,-0.104608533
0.980134588,-0.446772558,-0.124104826
0.776349651,-0.558302748,-0.080988025
0.560777827,-0.689980957,-0.098984603
0.360183298,-0.770775484,-0.068990307
0.143561751,-1.074030525,-0.019874647
-0.029158889,-0.689628535,-0.042745298
-0.037028061,-0.100986978,0.043863232
-0.022733085,-0.163496823,0.087354961
-0.031891917,-0.098520027,0.124097974
-0.025001237,-0.072905725,0.207707074
-0.029410072,-0.077273503,0.188960639
-0.026658299,-0.036820002,0.224578865
-0.027876727,-0.063581549,0.198708785
-0.027779253,-0.027150903,0.110975469
-0.0270332,-0.038859548,0.127097403
-0.028401589,-0.028950503,0.080606244
-0.027126925,-0.026153625,0.019867795
-0.028292867,-0.028103191,-0.014250717
-0.027805496,-0.019453865,-0.092985744
-0.028375346,-0.024680203,-0.138352117
-0.028394091,-0.018820256,-0.179969202
-0.028394091,-0.023776654,-0.20658914
-0.029110151,-0.019825033,-0.198715637
-0.029087657,-0.01822039,-0.182218774
-0.029934934,-0.021924566,-0.231334434
-0.030962162,-0.019146434,-0.268452375
-0.031700717,-0.02145592,-0.24108258
-0.032757938,-0.019517601,-0.277450664
-0.032889154,-0.017403071,-0.206964069
-0.033316541,-0.02253193,-0.175470058
-0.033631458,-0.013728889,-0.194216493
-0.033563975,-0.020387407,-0.075739024
-0.034666184,-0.01619584,-0.072364665
-0.03373643,-0.014175039,-0.099359532
-0.035543453,-0.027687034,-0.082862669
-0.034602451,-0.007059122,-0.046869514
-0.035494715,-0.030592637,0.005620504
-0.036124549,-0.001626581,0.025116797
-0.034628694,-0.026322337,0.129721904
-0.038306473,-0.012611637,0.181087136
-0.033099098,-0.004206007,0.166089988
-0.040139739,-0.043770956,0.087354961
-0.032592982,0.037923371,-0.03937094
-0.039888555,-0.099007418,-0.0911111
-0.034726168,0.127595924,-0.14885012
-0.04255785,-0.436319883,-0.227585147
-0.312962695,-1.7880142,-0.349436975
-0.689689462,-1.788749036,-0.273326449
-0.996782119,-1.68124545,-0.18634299
-1.316448954,-1.811513972,-0.104983462
-1.609655277,-1.756468717,0.173963491
-1.889451392,-1.800956321,0.227578295
-2.159192661,-1.673634643,0.337807333
-2.420299961,-1.676832682,0.450660871
-2.679652723,-1.685658219,0.384298491
-2.920200452,-1.686471788,0.455909873
-3.149763581,-1.724597057,0.468657449
-3.366055215,-1.746263487,0.458909303
-3.575107511,-1.795576268,0.479155452
-3.771240718,-1.804184353,0.436038652
-3.951568099,-1.81948095,0.43941301
-4.117304333,-1.826443151,0.376799917
-4.269581621,-1.837349475,0.281193099
-4.411136741,-1.848885659,0.157466628
-4.541249882,-1.850066646,0.00412079
-4.659313705,-1.842313371,0.010119649
-4.760634449,-1.823181377,-0.032997152
-4.84818508,-1.813021137,0.01836808
-4.924391206,-1.800423939,0.159341271
-4.98852552,-1.78472993,0.208456931
-5.040891692,-1.761890011,0.325809614
-5.080668688,-1.734839778,0.372300773
-5.108711283,-1.707797044,0.352804481
-5.124850771,-1.675209293,0.252323589
-5.130061895,-1.643832523,0.097478036
-5.124655822,-1.608005493,-0.068615378
-5.108055206,-1.568136861,-0.25270537
-5.08122729,-1.527372179,-0.370807911
-5.044408263,-1.485261547,-0.51215603
-4.998692835,-1.445036745,-0.544399899
-4.94528069,-1.401778868,-0.519279676
-4.883995623,-1.359214586,-0.555272831
-4.814743911,-1.312177549,-0.495284239
-4.737473065,-1.25692609,-0.468664301
-4.651980641,-1.205412549,-0.449917866
-4.558300379,-1.149415006,-0.424797643
-4.456758444,-1.087441292,-0.439044934
-4.346931196,-1.02510016,-0.455916725
-4.228657428,-0.959999641,-0.530527537
-4.103414251,-0.89796969,-0.559771975
-3.971707781,-0.835017443,-0.584142341
-3.833298081,-0.767813643,-0.595390202
-3.688571299,-0.702750616,-0.636632359
-3.539540653,-0.642235328,-0.626509284
-3.386862221,-0.573610593,-0.578893339
-3.227525547,-0.495013077,-0.644130933
-3.059929804,-0.41115923,-0.566520692
-2.885015993,-0.334897445,-0.541400469
-2.706660591,-0.264079448,-0.540650612
-2.523558943,-0.182688804,-0.386179987
-2.337026951,-0.11424028,-0.342313329
-2.145954907,-0.017691757,-0.277075736
-1.948876949,0.053898568,-0.197215922
-1.751191652,0.133257164,-0.168721341
-1.547219265,0.225805327,-0.115856395
-1.345938667,0.292263044,-0.045744728
-1.138652155,0.407433674,0.053986307
-0.932164182,0.458677275,0.055111093
-0.724319068,0.617068291,0.00974472
-0.511105371,0.682318776,-0.047244442
-0.310507093,0.870395688,-0.095985173
-0.088513215,1.039273122,-0.1316034
0.024144536,0.385594782,-0.10573332
0.001706711,0.060114685,0.016868365
0.003974862,0.153802594,0.061484881
0.005553195,0.043352164,0.161590844
0.002355289,0.07236321,0.187460924
0.006149288,0.03815207,0.142094551
0.002966378,0.033038208,0.278943527
0.005830622,0.033844279,0.296940104
0.003873639,0.013175127,0.228703081
0.005032083,0.026293458,0.213705933
0.005065824,0.007592618,0.060360095
0.004717166,0.015769549,-0.07086495
0.005669414,0.007937542,-0.113231894
0.005047079,0.008331204,-0.153349264
0.005605681,0.007348923,-0.132728186
0.005575689,0.002947402,-0.142101404
0.006051813,0.006246668,-0.168721341
0.006205523,-0.000663045,-0.243332153
0.006392973,0.00025925,-0.343438115
0.006779121,0.00169518,-0.353936119
0.006794117,0.001264026,-0.292822741
0.007266493,0.003078623,-0.199090566
0.007476437,0.002103839,-0.100109389
0.007139026,0.000139276,-0.007876929
0.007251497,-4.82e-05,-0.028498007
0.007094038,0.001170297,-0.06824045
0.00689909,-0.002488889,-0.048369229
0.00693658,-0.003238722,-0.03937094
0.006606667,-0.000400604,-0.038246154
0.006516691,-0.003804846,-0.021374362
0.006381726,-0.002706341,-0.027373221
0.006317993,-0.001671571,-0.111732179
0.006385475,-0.001877775,-0.124479755
0.006186778,-0.000633052,-0.049494015
0.006021821,-0.002886301,-0.01612536
0.005995578,-0.000599309,0.02699144
0.006010574,-0.001259163,0.043863232
0.005894355,-0.005222031,-0.021749291
0.005774387,-0.004892104,-0.086237027
0.005613179,-0.00369987,-0.123729897
0.005399486,-0.002158962,-0.139101974
0.005335752,-0.00140538,-0.160847839
0.005264521,-0.001682818,-0.14322619
0.00530576,-0.004161017,-0.124479755
0.00538449,-0.00405979,-0.149974906
0.005253274,-0.002417655,-0.187092848
0.005152051,-0.002683846,-0.2557048
0.004998342,-0.001667822,-0.214087714
0.005054577,-0.001889022,-0.150349835
