0.000102134,-0.022093278,-0.104608533
0.001657974,0.020212311,-0.098234746
0.000462039,-0.042301283,-0.086237027
0.000986901,0.013366334,-0.096735031
0.001316814,-0.035935199,-0.090361243
-0.000355245,-0.008097641,-0.104608533
0.00318757,0.012601504,-0.102358961
-0.002409702,-0.081183883,-0.110982321
0.005346999,0.122722008,-0.124854683
-0.006526115,-0.295478714,-0.101984033
0.029992991,1.250681094,-0.116981181
0.194484554,3.920822123,-0.078738453
0.344077551,3.86563065,-0.032622223
0.469819346,3.46846275,0.019492866
0.603295349,3.370388316,0.156341842
0.716969082,3.043386058,0.197958927
0.832727263,2.880349825,0.13947005
0.9363499,2.60520978,0.107601111
1.030656246,2.528640563,-0.009376644
1.116283635,2.3798999,-0.085862099
1.193089603,2.262509763,-0.058492303
1.262127622,2.171892421,-0.129728756
1.319404997,2.058004005,-0.146600548
1.367632261,2.02534502,-0.130103685
1.404057642,1.949000753,-0.09973446
1.431736583,1.893996739,-0.050243872
1.449161982,1.84090105,-0.033747009
1.458110869,1.751288484,0.010869506
1.459441767,1.670448967,-0.077238738
1.450672833,1.619449062,-0.122605111
1.433509865,1.531606102,-0.115106537
1.407772911,1.424244985,-0.198340709
1.374466706,1.33453869,-0.158598266
1.333752458,1.236527992,-0.130853542
1.285337743,1.142123993,-0.136852402
1.230302276,1.027448252,-0.093360672
1.167633825,0.923472631,-0.156723623
1.098644543,0.826841627,-0.215587429
1.021422435,0.701803192,-0.289073454
0.940507552,0.604861006,-0.398552634
0.856657194,0.487680823,-0.425547501
0.766909644,0.373050073,-0.457791369
0.67331186,0.241409356,-0.457041512
0.568834449,0.0921888,-0.38543013
0.464135847,-0.023315506,-0.341938401
0.351718033,-0.178324774,-0.281949809
0.241066003,-0.288272816,-0.13722733
0.128486982,-0.554583576,-0.062616519
0.01522939,-0.562351848,-0.040870654
-0.01192469,-0.137863775,-0.001128212
0.002673955,-0.070873677,-0.077988596
-0.003092022,-0.08632399,-0.149974906
9.46e-05,-0.03175113,-0.165721912
-0.000951337,-0.054276119,-0.222711074
-0.000992576,-0.024024098,-0.213712785
-0.000430225,-0.032973358,-0.163097411
-0.001378724,-0.019000216,-0.120730468
-0.000239025,-0.02226574,-0.074989166
-0.001326238,-0.023652931,-0.056992589
-0.000891353,-0.012814092,-0.028872936
-0.001326238,-0.022704392,-0.029997722
-0.001165031,-0.014118802,-0.006002285
-0.001284999,-0.016117107,0.009369791
-0.001464952,-0.010654573,-0.026623364
-0.001344983,-0.010073452,0.001496289
-0.001719884,-0.015453505,0.011619364
-0.00173488,-0.008948702,0.018743009
-0.002046048,-0.013159015,0.040863802
-0.002124777,-0.014313759,0.063359524
-0.002177264,-0.009338615,0.062984595
-0.002473435,-0.012574146,0.008619934
-0.002664635,-0.015603472,-0.015375503
-0.002522173,-0.011490637,-0.079488311
-0.002293483,-0.009597308,-0.132353257
-0.002360965,-0.011876801,-0.135727616
-0.002480933,-0.009623552,-0.139101974
-0.002402204,-0.01152063,-0.11998061
-0.002184762,-0.007977668,-0.097859817
-0.002218503,-0.006459256,-0.074989166
-0.002360965,-0.012307955,-0.102358961
-0.002207256,-0.008243859,-0.09710996
-0.002162268,-0.008648769,-0.069740164
-0.002259742,-0.007883939,-0.098984603
-0.002218503,-0.006897908,-0.136852402
-0.002079789,-0.00833009,-0.188967491
-0.002012307,-0.005893132,-0.221586288
-0.002109781,-0.010110943,-0.285699096
-0.001914833,-0.009593559,-0.293572598
-0.001806112,-0.00842007,-0.200590281
-0.002023554,-0.009953478,-0.188967491
-0.00188859,-0.007876441,-0.166846698
-0.001727382,-0.010377134,-0.143976047
-0.001899837,-0.012116747,-0.185218204
-0.002091036,-0.009162404,-0.146225619
-0.002027303,-0.008435066,-0.158223338
-0.002285985,-0.014497468,-0.188967491
-0.002863332,-0.012746607,-0.113606822
-0.002998297,-0.008794986,-0.125979469
-0.00332821,-0.015014853,-0.134977758
-0.003568146,-0.011164459,-0.090736172
-0.003834326,-0.013267741,-0.075739024
-0.004497901,-0.01606087,-0.02474872
-0.004137996,-0.014411237,-0.005252428
-0.004899045,-0.01799544,-0.006752143
-0.004479156,-0.009391104,-0.022124219
-0.004816567,-0.020121217,-0.073114523
-0.005123985,-0.005210783,-0.086611956
-0.004242968,-0.015288542,-0.098234746
-0.006181206,-0.011329422,-0.096735031
-0.003620632,-0.000543072,-0.041620512
-0.006387402,-0.023630436,-0.005252428
-0.004130498,0.013580037,-0.022124219
-0.005798807,-0.04137149,-0.014250717
-0.005633851,0.022911711,-0.014625646
-0.002349718,-0.049589661,-0.032622223
-0.01056005,0.011521744,0.005620504
0.007701378,-0.02145592,-0.05361823
-0.110081269,-1.143854993,-0.098234746
-0.371267298,-1.676011615,-0.104233605
-0.581343073,-1.493172287,-0.126354398
-0.776085398,-1.611945866,-0.059992018
-0.953863452,-1.62950696,-0.013125931
-1.105327205,-1.73793659,0.096728178
-1.247305963,-1.781618123,0.123723045
-1.362284351,-1.776204327,0.093728749
-1.470038396,-1.770378123,0.102727038
-1.564378484,-1.728098778,0.011244435
-1.647883932,-1.743511599,0.005245576
-1.718080396,-1.718204729,0.040113945
-1.77331456,-1.710983835,0.001871217
-1.817477898,-1.694986144,0.017243294
-1.849078303,-1.678482315,0.017243294
-1.87203724,-1.650284838,-0.044619942
-1.884146543,-1.602640436,-0.061491733
-1.886980794,-1.569321598,-0.09973446
-1.881214817,-1.516724548,-0.108732749
-1.866784877,-1.462099199,-0.136477473
-1.843252341,-1.398355879,-0.205464354
-1.809425024,-1.321899137,-0.227210218
-1.766555095,-1.253053202,-0.261703659
-1.715392355,-1.175932857,-0.277075736
-1.656964035,-1.089979477,-0.232084291
-1.590460346,-1.003729913,-0.195716208
-1.517418384,-0.915343325,-0.214087714
-1.436124851,-0.813058578,-0.164597126
-1.347760686,-0.721897607,-0.214837571
-1.256322332,-0.62860336,-0.31606832
-1.159882799,-0.527904511,-0.311944105
-1.058846979,-0.410064474,-0.354685976
-0.948333662,-0.28133311,-0.395553205
-0.833643948,-0.167920839,-0.405301351
-0.712374722,-0.030873825,-0.410550353
-0.590235725,0.05973227,-0.404926422
-0.465701111,0.208562913,-0.370807911
-0.333750955,0.312171115,-0.321692251
-0.208519025,0.503862223,-0.254580014
-0.067020141,0.709886394,-0.200590281
0.010059505,0.307031008,-0.181468917
-0.003774342,0.0377959,-0.159723052
-0.003684366,0.105014697,-0.164597126
-0.001997311,0.030687481,-0.154848979
-0.00457663,0.044548148,-0.118480895
-0.001959821,0.027238248,-0.101984033
-0.004100506,0.016219449,-0.042745298
-0.002143523,0.025367414,0.013119078
-0.003219488,0.005170657,0.007870077
-0.002863332,0.01450983,0.017243294
-0.002769607,0.004773246,0.000371503
-0.002788352,0.006872779,-0.009001715
-0.002188511,0.005073179,0.000371503
-0.002672133,0.003052378,-0.022124219
-0.002177264,0.00551933,-0.037871225
-0.002203507,0.001267775,-0.022124219
-0.002053546,0.001027829,-0.003377784
-0.002072291,-0.000606808,-0.003377784
-0.001896088,-0.001671571,0.049487162
-0.001453705,0.001174046,0.090354391
-0.001329987,0.000379223,0.10197718
-0.00097758,0.000577929,0.109475754
-0.000797628,-0.000156908,0.066733882
-0.001045063,-0.002271437,0.019492866
-0.001060059,0.002141331,-0.028872936
-0.001191274,-0.000614306,-0.066740735
-0.00124376,-0.001262912,-0.079863239
-0.000951337,-0.000344366,-0.090361243
-0.00116878,-0.004310984,-0.125979469
-0.001352481,0.000158022,-0.165346983
-0.001322489,-0.001877775,-0.182593703
-0.001371226,-0.003414933,-0.199840423
-0.001326238,0.00129402,-0.209963498
-0.001108796,-0.001154186,-0.230209648
-0.000392735,-0.000318122,-0.260953801
6.09e-05,0.002047602,-0.257204514
0.000552016,0.002849923,-0.254580014
0.001148108,-0.001739056,-0.256829586
0.001223088,-0.000441844,-0.247456368
0.002025377,0.002002612,-0.224210789
0.001905408,-0.000513078,-0.194591421
0.002805171,0.006520357,-0.179969202
0.002857657,-0.004131024,-0.156348694
0.00307135,0.010783159,-0.158598266
0.003997356,-0.004164766,-0.141726475
0.002696449,0.000611671,-0.124479755
0.005429478,0.010858142,-0.135352687
0.002703947,-0.01125069,-0.10273389
0.005519454,0.025798569,-0.071614808
0.003768666,-0.025002631,-0.041620512
0.003937372,0.032483331,-0.024373792
0.006572926,-0.031409955,-0.015750432
0.00012088,0.022210617,0.008245005
0.013047466,0.006400384,0.010494577
-0.011523546,-0.068957853,-0.002252998
0.106532779,1.223435905,0.011994292
0.445015896,2.039528115,0.055486021
0.747759701,1.790988403,0.095228464
1.021362451,1.950234229,0.062609667
1.28852815,1.98371803,0.132721334
1.524970713,2.080521496,0.249699088
1.758564028,2.146113156,0.22307915
1.972257598,2.098716199,0.354304195
2.179439138,2.160596184,0.405294499
2.36911655,2.190439545,0.380174276
2.544165324,2.260001571,0.518148037
2.706381238,2.299337821,0.494527529
2.854774552,2.325375779,0.431539508
2.992993053,2.324779661,0.470157164
3.114854623,2.309835486,0.32993383
3.224805588,2.287123038,0.200583428
3.321923692,2.237157903,0.208082002
3.407194924,2.201559572,0.075357242
3.481009182,2.146645537,0.109850683
3.543283987,2.067478148,0.015743579
3.593884375,2.017685474,-0.200590281
3.632382959,1.959404689,-0.149599977
3.66036557,1.892755765,-0.116231323
3.677472302,1.864378327,0.061109952
3.684040568,1.801887229,0.038239301
3.680182837,1.734690926,-0.24708144
3.666630165,1.681756452,-0.100109389
3.644672214,1.61415149,-0.400052349
3.614338974,1.569562659,-1.088046514
3.57587788,1.501605276,-0.837219213
3.530068727,1.430164918,-0.608512706
3.476311673,1.368907295,-0.4660398
3.413159599,1.296435916,-0.229834719
3.341763453,1.236955397,-0.417673998
3.262689334,1.157263125,-0.626134355
3.175806027,1.078699351,-0.787353696
3.08188208,1.007502689,-0.560521833
2.98088375,0.933587881,-0.34793726
2.873620825,0.863845895,-0.516280246
2.758619943,0.77953465,-0.743487038
2.637125776,0.706812077,-0.922328028
2.51271488,0.626981086,-0.859340007
2.383209078,0.548289841,-0.539525826
2.247779841,0.462827602,-0.208838712
2.103356729,0.354874116,-0.035621653
1.952590291,0.278653571,-0.084362384
1.797118847,0.175637737,-0.368933267
1.637017375,0.094322075,-0.704494454
1.475633741,0.001241531,-0.761108687
1.306272214,-0.103795103,-0.608137778
1.136839457,-0.180428056,-0.468664301
0.960264835,-0.304686665,-0.164597126
0.784248815,-0.366015523,0.014243864
0.605668473,-0.512195505,0.010119649
0.422683044,-0.575987564,0.053236449
0.250258576,-0.771442836,0.184461494
0.059164038,-0.925604792,0.253073446
-0.033522736,-0.347157218,0.256822733
-0.013049393,-0.0781883,0.36442727
-0.015996114,-0.153704001,0.166089988
-0.01654347,-0.055715799,-0.096735031
-0.014256574,-0.080025391,-0.122230182
-0.01703459,-0.050148287,-0.06524102
-0.014290315,-0.052960162,0.132346405
-0.016918371,-0.04366223,0.392171994
-0.015051364,-0.026048648,0.521897324
-0.016307282,-0.039864325,0.376424989
-0.01612733,-0.019630076,0.127472332
-0.015771174,-0.029880296,-0.032622223
-0.016640944,-0.020979776,-0.233584006
-0.016288537,-0.020237441,-0.268827304
-0.01665594,-0.022663151,-0.155223908
-0.016637195,-0.01871153,-0.202839853
-0.017158308,-0.02419656,-0.190842134
-0.017068331,-0.018928982,-0.198340709
-0.017342009,-0.015352278,-0.275576021
-0.017596942,-0.018426594,-0.259829015
-0.017694416,-0.019453865,-0.173220486
-0.018043074,-0.016390796,-0.18634299
-0.01805807,-0.015820923,-0.2988216
-0.018031827,-0.015637214,-0.358810192
-0.017784392,-0.013950089,-0.523028963
-0.017799388,-0.014861137,-0.621635211
-0.017848125,-0.014272518,-0.449542938
-0.01764193,-0.012217975,-0.251205655
-0.018043074,-0.01444123,-0.129353828
-0.018834115,-0.015974639,-0.002627927
-0.019077801,-0.015738442,-0.000378355
-0.01972263,-0.019472611,-0.147725334
-0.020157516,-0.013983832,-0.214462643
-0.020337468,-0.014579949,-0.191591992
-0.020959804,-0.015453505,-0.213712785
-0.020836086,-0.015967141,-0.154474051
-0.021964538,-0.017459309,-0.050993729
-0.02146592,-0.01336147,-0.063741305
-0.022575627,-0.021909569,-0.077613667
-0.022361933,-0.002725086,-0.014250717
-0.022361933,-0.025171343,0.092978891
-0.023985255,-0.00585564,0.164965202
-0.021435928,-0.013695146,0.257947519
-0.02544362,-0.022723138,0.221954364
-0.021019788,0.009111031,0.051736734
-0.025676058,-0.047295172,-0.023998863
-0.022208224,0.039483024,-0.096735031
-0.023347923,-0.083950768,-0.088111671
-0.027104431,0.074054084,0.005245576
-0.014601483,-0.198881452,0.063359524
-0.218585117,-1.561789523,0.027741298
-0.575652076,-1.817587621,-0.011251287
-0.86635781,-1.566787162,-0.022874077
-1.153730673,-1.674339487,-0.157848409
-1.422324746,-1.607491857,-0.050243872
-1.67231998,-1.671861288,0.073857528
-1.917419006,-1.596086894,-0.001128212
-2.146610984,-1.529786642,0.092229034
-2.37077179,-1.530588964,0.011994292
-2.57636,-1.51316659,0.007120219
-2.771132316,-1.544412139,0.184461494
-2.952344464,-1.551764253,0.189335567
-3.120682511,-1.581363919,0.289066602
-3.275171715,-1.588502331,0.29806489
-3.413045307,-1.59525083,0.203582858
-3.537220016,-1.604991163,0.083980603
-3.645945055,-1.604398795,-0.067490592
-3.741233642,-1.609943811,-0.077988596
-3.823231989,-1.599948535,-0.082862669
-3.891130309,-1.583493445,0.01836808
-3.945577181,-1.567585734,0.015368651
-3.987131208,-1.546301719,0.01836808
-4.016171039,-1.522367043,-0.021749291
-4.034181283,-1.493056063,-0.181843846
-4.040753298,-1.46101569,-0.043495155
-4.035680887,-1.427951795,-0.270701948
-4.020883545,-1.394224298,-0.320567465
-3.996964861,-1.361006687,-0.066740735
-3.964104789,-1.323961178,-0.191591992
-3.922805694,-1.283215242,-0.01612536
-3.872805148,-1.23606573,0.056985736
-3.813390838,-1.183753617,-0.178094559
-3.744776457,-1.130159289,-0.253830156
-3.667479368,-1.070630032,-0.216337286
-3.581597047,-1.008183923,-0.313068891
-3.487703092,-0.946146473,-0.497158882
-3.386472324,-0.886924647,-0.481411877
-3.278455848,-0.824523528,-0.663252297
-3.163057571,-0.74917279,-0.723240889
-3.040307485,-0.677799916,-0.47766259
-2.912529978,-0.615852447,-0.463790228
-2.781438345,-0.551887925,-0.330315611
-2.644554492,-0.470339816,-0.317193106
-2.499321593,-0.386654681,-0.492659738
-2.346279507,-0.304330494,-0.552273401
-2.186151792,-0.219059463,-0.644130933
-2.023759675,-0.139839585,-0.515530389
-1.856538833,-0.057522897,-0.433795932
-1.686393763,0.016155714,-0.292447812
-1.511202526,0.125136471,-0.104608533
-1.330605216,0.193195081,-0.161597696
-1.14995542,0.292487994,-0.072364665
-0.961383966,0.385343588,-0.03337208
-0.777809943,0.453019783,-0.052118516
-0.584293544,0.594622034,-0.046869514
-0.399047462,0.634970559,-0.081737883
-0.207754227,0.922467855,-0.138352117
-0.024446383,0.781079307,-0.259829015
0.012128959,0.138071094,-0.142101404
-0.009187912,0.110900888,-0.047244442
0.000930666,0.110402248,0.051736734
-0.004460411,0.039291817,0.327684258
-0.001746127,0.074245292,0.37605006
-0.002364714,0.025146214,0.307438108
-0.002818344,0.042032457,0.180337279
-0.001329987,0.018097782,0.098977751
-0.002799599,0.024092698,0.024741868
-0.001003823,0.021636994,-0.046869514
-0.002233499,0.009264746,0.055111093
-0.001303744,0.016976781,-0.008626786
-0.001449956,0.006306654,-0.050993729
-0.001225015,0.012451538,0.01274415
-0.000651417,0.006317902,-0.045369799
-0.000820122,0.007067735,-0.049868943
-0.000302759,0.004945707,-0.059242161
-0.000475213,-0.000310624,-0.130103685
9.09e-05,0.00691027,-0.216337286
0.00045829,0.00210009,-0.281949809
0.000578259,-0.00046059,-0.313068891
0.001534256,0.005984226,-0.334439827
0.00227656,0.004657021,-0.207713926
0.002670206,0.005016941,-0.077988596
0.003393765,0.006419129,-0.052493444
0.003494989,0.002025107,-0.020624505
0.00424854,0.00704524,-0.065990877
0.004735911,0.002216314,-0.167971484
0.004645935,0.000937849,-0.242957224
0.005770638,-0.00360614,-0.266952661
0.005095816,-0.000929236,-0.315693392
0.006737882,0.006944013,-0.307819889
0.005781885,-0.011535627,-0.2152125
0.006970321,0.016455647,-0.218586858
0.007225253,-0.013593919,-0.183343561
0.006010574,0.009913352,-0.102358961
0.009583381,-0.004232251,-0.096735031
0.004582201,-0.006766687,-0.085862099
0.011716567,0.028617941,-0.052868373
0.003989858,-0.047411396,-0.077988596
0.012065225,0.088154697,-0.138727045
0.005260772,-0.150554702,-0.120730468
0.016845213,0.460806801,-0.099359532
0.290579178,1.840537381,-0.055492874
0.661292534,1.811282639,0.113974899
0.9647524,1.672132342,0.1597162
1.28201612,1.778147509,0.150342983
1.572054529,1.71862575,0.260197092
1.84963123,1.765524067,0.187460924
2.117906636,1.64526207,0.116599399
2.379325104,1.647470328,0.176587992
2.635911097,1.638299868,0.098977751
2.872019998,1.638959722,0.118474043
3.100642126,1.685753063,0.221204507
3.31655511,1.700918439,0.158591414
3.522581954,1.749672594,0.215580576
3.713474045,1.752735662,0.306313322
3.887739277,1.773236102,0.26657088
4.048665531,1.802235901,0.29244096
4.195855413,1.816044079,0.209206788
4.332356867,1.834962371,0.171713918
4.455808017,1.831115727,0.125972617
4.564754248,1.823692378,0.040488873
4.659375511,1.830384639,0.127847261
4.740582817,1.821439129,0.083980603
4.809632083,1.808733206,0.079481458
4.866677019,1.798557969,0.186711066
4.911215258,1.77683905,0.160091129
4.942886895,1.751033541,0.045362947
4.962666671,1.710913716,0.067108811
4.971113191,1.672983403,-0.03637151
4.968218955,1.646952944,-0.286823882
4.954797499,1.602566567,-0.197215922
4.930968792,1.550445662,-0.259454087
4.897283937,1.499472001,-0.473538374
4.854953865,1.456941462,-0.449542938
4.804443453,1.424117513,-0.476912733
4.746311304,1.374017408,-0.479912162
4.68054992,1.327419024,-0.375307055
4.606357012,1.276171674,-0.306695103
4.523458903,1.217152302,-0.311194247
4.432020549,1.164409035,-0.35356119
4.332236899,1.101126862,-0.350561761
4.224475355,1.044806891,-0.395928133
4.109272027,0.986346145,-0.496783954
3.987676637,0.92222041,-0.502782813
3.860202799,0.863887136,-0.535026681
3.725770798,0.795239907,-0.598014703
3.58428691,0.722809769,-0.528277965
3.438690357,0.662418203,-0.489660308
3.290042111,0.598033775,-0.527903036
3.135639134,0.517078034,-0.461540656
2.973288256,0.430221105,-0.46903923
2.802753289,0.348635504,-0.560146904
2.62783573,0.269745553,-0.521154319
2.447961979,0.186307863,-0.498283669
2.265156502,0.114068933,-0.521154319
2.078695741,0.016001998,-0.414674568
1.886446508,-0.060675945,-0.266952661
1.693578689,-0.146325643,-0.175844986
1.494851167,-0.238963785,-0.052493444
1.297417053,-0.307794724,0.083605674
1.093350941,-0.427145674,0.098602822
0.890709452,-0.480338841,0.037489444
0.685893538,-0.624914181,0.047987447
0.475412869,-0.684106014,-0.02474872
0.277873783,-0.872190424,-0.101984033
0.059254014,-1.042814969,-0.037871225
-0.052264037,-0.408051172,-0.005627357
-0.030639748,-0.086196518,0.015368651
-0.032742942,-0.179190832,0.131596548
-0.034250044,-0.070390034,0.227578295
-0.031037143,-0.095336985,0.140594836
-0.034452491,-0.063097907,0.140219908
-0.031179605,-0.057342937,0.169464346
-0.033965119,-0.054965965,0.00674529
-0.031959399,-0.033786927,-0.0479943
-0.033174078,-0.047340162,-0.044245013
-0.033005373,-0.029891543,-0.115481466
-0.032619225,-0.038098468,-0.082112811
-0.033526485,-0.028253158,-0.046494585
-0.032926644,-0.028643071,-0.074239309
-0.033743928,-0.027214639,-0.054368088
-0.033354031,-0.023435479,-0.07686381
-0.033755175,-0.029107968,-0.15747348
-0.033995111,-0.023375493,-0.261703659
-0.033987613,-0.024935146,-0.326566324
-0.034609949,-0.027739522,-0.371182839
-0.035472221,-0.025073865,-0.377181698
-0.036668156,-0.022700643,-0.310069461
-0.037406711,-0.024429008,-0.289073454
-0.037736623,-0.020938535,-0.23545865
-0.037777863,-0.023349249,-0.156723623
-0.038538912,-0.026423565,-0.131228471
-0.038400198,-0.015509742,-0.120355539
-0.039296212,-0.025478775,-0.106483177
-0.039806077,-0.018704032,-0.127104255
-0.039277467,-0.025115106,-0.184843275
-0.040964521,-0.021358441,-0.189717348
-0.03922498,-0.015097334,-0.157098552
-0.041804299,-0.030019015,-0.139476903
-0.039993527,-4.44e-05,-0.093360672
-0.041328175,-0.040734131,-0.037496296
-0.041883029,0.003933432,-0.038996011
-0.03945367,-0.039062003,-0.078363524
-0.045245891,-0.010077201,-0.104608533
-0.035625931,-0.003733612,-0.139476903
-0.050183337,-0.072943216,-0.199090566
-0.027906719,0.119171548,-0.18934242
-0.10227958,-0.912021564,-0.193091707
-0.444163049,-1.913802468,-0.183343561
-0.794826699,-1.657895645,-0.053993159
-1.099160084,-1.712239806,-0.064866091
-1.414485566,-1.73681184,0.026616511
-1.696163683,-1.722553761,0.222704222
-1.974145277,-1.715306624,0.155591984
-2.238472976,-1.603828922,0.214080862
-2.500959911,-1.637263984,0.194584569
-2.751562484,-1.601519435,0.051736734
-2.984975847,-1.629716913,0.157466628
-3.211284836,-1.660317606,0.103851824
-3.425102123,-1.686074376,0.080981173
-3.628437178,-1.713855696,0.203582858
-3.814549282,-1.716435123,0.1597162
-3.986452637,-1.73932753,0.160091129
-4.144439668,-1.743342887,0.196459213
-4.290429866,-1.760127903,0.175463205
-4.425274258,-1.766520231,0.100102537
-4.545891156,-1.761702553,0.059235308
-4.652486758,-1.756719911,0.053611378
-4.744577439,-1.74674338,0.025116797
-4.823940232,-1.742101913,0.095603392
-4.891077503,-1.735165956,0.13384612
-4.946214193,-1.722328811,0.185211352
-4.988416799,-1.700643635,0.217830149
-5.017430387,-1.676993896,0.160091129
-5.03514071,-1.653797806,0.160466057
-5.040561779,-1.626301423,0.046487733
-5.034855786,-1.596293098,-0.067490592
-5.019034963,-1.557601705,-0.141351546
-4.992132068,-1.518482907,-0.300696244
-4.955747926,-1.48444048,-0.357310477
-4.910771053,-1.440556492,-0.364434123
-4.857497621,-1.399015732,-0.371932697
-4.796707423,-1.358862164,-0.36518398
-4.728123034,-1.308068463,-0.333315041
-4.651043389,-1.254695336,-0.280075165
-4.565685929,-1.197771749,-0.323941823
-4.47188195,-1.13968592,-0.351311618
-4.369488989,-1.077768444,-0.367808481
-4.259181868,-1.01619589,-0.441294506
-4.141163033,-0.95690283,-0.458541226
-4.016410976,-0.89441548,-0.451042652
-3.885742982,-0.829791106,-0.481411877
-3.748188056,-0.758714417,-0.490785095
-3.604222323,-0.693756367,-0.439044934
-3.457253633,-0.632026349,-0.44879308
-3.306453454,-0.562689273,-0.46041587
-3.148473922,-0.486986113,-0.406426137
-2.982152842,-0.395405235,-0.444668864
-2.808719891,-0.31765878,-0.472413588
-2.631612909,-0.241108308,-0.457791369
-2.449774677,-0.159443974,-0.482161734
-2.26572078,-0.086762642,-0.427422144
-2.076084608,0.013152632,-0.323191966
-1.882429496,0.084394284,-0.256079728
-1.686303787,0.180005515,-0.165721912
-1.485311863,0.255959869,-0.08248774
-1.286160702,0.341339627,-0.046494585
-1.078814206,0.435844854,-0.037121367
-0.877012496,0.492341036,-0.012376073
-0.666501836,0.650057203,0.027366369
-0.459931385,0.683046114,0.019492866
-0.254999251,0.958377367,0.074232456
-0.045080934,0.920683252,0.129721904
0.017411314,0.209736402,0.150342983
-0.008355632,0.096856512,0.20583243
0.001324312,0.139784462,0.251573732
-0.0026084,0.042576086,0.285317315
-0.001487446,0.07987279,0.239201084
-0.000613926,0.033109442,0.225703651
-0.002053546,0.043622104,0.178837564
0.000237099,0.023339116,0.073857528
-0.001738629,0.02449011,0.031115656
0.000252095,0.025202451,-0.012751002
-0.000808875,0.006745307,-0.015750432
-0.000167794,0.018243999,-0.028123079
0.000177115,0.005628055,-0.04499487
3.09e-05,0.010250777,-0.048369229
0.000559514,0.006722812,-0.077613667
0.000503279,0.002658716,-0.112482036
0.001058132,0.005725534,-0.169846127
0.001035638,0.003644747,-0.219336716
0.001669221,0.007892552,-0.259454087
0.002538991,0.004072152,-0.291697955
0.003453749,0.002546241,-0.296946957
0.004244791,0.009418462,-0.313443819
0.005088318,0.000371725,-0.291697955
0.005391988,0.000435461,-0.256079728
0.006006825,0.009857115,-0.253080299
0.006014323,-0.003167488,-0.242957224
0.006359232,0.004851978,-0.273701377
0.007341473,-0.000160657,-0.285699096
0.006644157,0.001983866,-0.276700807
0.008466176,0.004600784,-0.308944675
0.007015309,-0.009338615,-0.263953231
0.008968543,0.016605613,-0.179219345
0.008286223,-0.016810703,-0.171720771
0.008214992,0.019582451,-0.118480895
0.010445653,-0.011599362,-0.047619371
0.006332989,0.008207482,-0.06524102
0.013501096,0.014404853,-0.117731038
0.00416981,-0.037296146,-0.130103685
0.01617414,0.077394591,-0.124854683
0.001024391,-0.159653928,-0.16909627
0.040212792,0.677651064,-0.152224478
0.350968231,1.916446745,-0.125604541
0.713733686,1.745720973,-0.054743016
1.017785895,1.69273401,-0.023998863
1.336534223,1.757459611,-0.015000574
1.62397082,1.717414769,0.146968624
1.904186823,1.739613581,0.094853535
2.171693683,1.613052985,0.1192239
2.435282827,1.633673398,0.205457501
2.693210966,1.611553318,0.041238731
2.932169114,1.620502577,0.15109284
3.161829718,1.646975439,0.247449516
3.379137334,1.660652396,0.167964631
3.588572028,1.704450153,0.295440389
3.782392096,1.707483229,0.293940675
3.960462573,1.719701761,0.200958357
4.124691705,1.729562067,0.241075728
4.274985767,1.742590419,0.193084854
4.414467684,1.74703693,0.114724756
4.542136471,1.747273127,0.120723615
4.655843944,1.744393768,0.109100826
4.754750326,1.730968004,0.05886038
4.840283989,1.721148939,0.095603392
4.913524648,1.713196958,0.14246948
4.974554782,1.697915357,0.186336138
5.023126956,1.673662002,0.215955505
5.059556086,1.649584858,0.15109284
5.083351052,1.624049288,0.143219337
5.095587821,1.59473456,0.046112804
5.097214891,1.555042139,-0.103858676
5.087205035,1.514018765,-0.163472339
5.066300555,1.478607892,-0.285699096
5.035408712,1.442848347,-0.35956005
4.994881914,1.406222744,-0.369683124
4.945698652,1.36740013,-0.407925852
4.888657465,1.329469818,-0.431171431
4.823473428,1.286395649,-0.421798214
4.750004079,1.232778826,-0.373057483
4.668541841,1.182783698,-0.390679132
4.578486872,1.135071811,-0.403801636
4.480270308,1.079411693,-0.374932126
4.374173325,1.018483996,-0.424797643
4.259884755,0.953668414,-0.433046075
4.138585536,0.899275514,-0.403426707
4.010740546,0.838231593,-0.380181128
3.876612216,0.767252382,-0.364809051
3.73587438,0.704615066,-0.346062616
3.589445548,0.641317897,-0.342688258
3.440557364,0.585931467,-0.386179987
3.286945429,0.518116553,-0.389179417
3.125625528,0.432290645,-0.431921289
2.956095296,0.345257505,-0.437545219
2.780236735,0.277112664,-0.39105406
2.600812866,0.200262259,-0.409050638
2.416226609,0.113787745,-0.375681984
2.229319716,0.042073698,-0.299946386
2.03602076,-0.050062056,-0.244831867
1.840311191,-0.116291074,-0.210338427
1.642172263,-0.214388002,-0.158973195
1.439407058,-0.287275538,-0.119230753
1.237905268,-0.374154962,-0.152224478
1.028714259,-0.466646887,-0.156723623
0.825769101,-0.53972938,-0.129353828
0.612247985,-0.679059636,-0.133478043
0.40660354,-0.72049167,-0.085862099
0.197569989,-1.020503682,0.019867795
-0.005101491,-0.873900044,0.069358383
-0.050468261,-0.185159504,0.140219908
-0.02661706,-0.138868551,0.224953794
-0.036960578,-0.143644989,0.221579436
-0.031400797,-0.064863764,0.233952083
-0.033818908,-0.096952876,0.236951512
-0.033192823,-0.045806753,0.245199944
-0.0325255,-0.065684831,0.223829008
-0.03419006,-0.045630542,0.107226182
-0.032308057,-0.043388541,0.043863232
-0.034313777,-0.039624378,-0.018000004
-0.032874158,-0.028335639,-0.083987455
-0.033642705,-0.036580055,-0.100859247
-0.033537732,-0.029621603,-0.1316034
-0.033691442,-0.03219728,-0.149225049
-0.034032602,-0.027364605,-0.169846127
-0.033710187,-0.028185673,-0.219711644
-0.034684929,-0.026783485,-0.242582295
-0.03464369,-0.023319255,-0.238458079
-0.035116065,-0.02622111,-0.224210789
-0.036079561,-0.029137961,-0.161222767
-0.036795622,-0.026607274,-0.127479184
-0.0378266,-0.023877881,-0.140976617
-0.038538912,-0.023045566,-0.140976617
-0.038568904,-0.027319615,-0.166846698
-0.039389937,-0.024631463,-0.191591992
-0.039176243,-0.017253105,-0.20658914
-0.039952288,-0.027758268,-0.248581154
-0.040019771,-0.017043151,-0.30182103
-0.040057261,-0.027188395,-0.348687117
-0.041410653,-0.01781548,-0.377556627
-0.039817324,-0.019802538,-0.351686547
-0.042576595,-0.026029902,-0.293572598
-0.040165982,-0.006065593,-0.208088855
-0.042854022,-0.044243351,-0.112107107
-0.041403155,0.008698622,-0.064491163
-0.041204458,-0.053076386,-0.061866662
-0.044859742,0.004784493,-0.098234746
-0.036788124,-0.029989022,-0.086237027
-0.05130804,-0.035691503,-0.089986314
-0.025353643,0.064954858,-0.102358961
-0.139908393,-1.132682478,-0.109857535
-0.503262442,-1.917135477,-0.095985173
-0.841644336,-1.630845412,-0.031122508
-1.150019153,-1.737475442,-0.092610815
-1.462435404,-1.7266516,0.028866084
-1.74385109,-1.738753908,0.146968624
-2.023126092,-1.697198152,0.045737875
-2.286673997,-1.606899489,0.161965772
-2.551106669,-1.645182223,0.138720193
-2.801668003,-1.607173178,0.046487733
-3.036393519,-1.640117099,0.210706503
-3.261626542,-1.660561302,0.194584569
-3.47559004,-1.694813682,0.196834141
-3.681185749,-1.718328451,0.310437537
-3.869344812,-1.718268465,0.257197662
-4.0430177,-1.735338418,0.2433253
-4.201983222,-1.735784568,0.235076869
-4.348783207,-1.752667063,0.157841557
-4.485509601,-1.756266262,0.068608526
-4.608158463,-1.752389624,0.065609096
-4.716992224,-1.74692709,0.097103107
-4.811718459,-1.732893961,0.06748374
-4.893428132,-1.727566396,0.131596548
-4.96349338,-1.714946704,0.17133899
-5.02067703,-1.696613282,0.181087136
-5.065376476,-1.674973096,0.180712207
-5.097085603,-1.651102156,0.146218767
-5.116632941,-1.625986493,0.14809341
-5.12530815,-1.597350363,0.046862661
-5.122413914,-1.569913966,-0.022874077
-5.108864992,-1.53424815,-0.066740735
-5.08490132,-1.498567337,-0.21221307
-5.050650365,-1.463028993,-0.259454087
-5.007821675,-1.426032223,-0.2988216
-4.956392755,-1.387554532,-0.347562331
-4.89627738,-1.343621805,-0.359185121
-4.828386558,-1.302264755,-0.364434123
-4.752120447,-1.254834055,-0.375681984
-4.667595268,-1.20333926,-0.444668864
-4.574754784,-1.150112351,-0.404926422
-4.473647734,-1.094264774,-0.409050638
-4.36486646,-1.03224607,-0.461540656
-4.247976077,-0.970538547,-0.410550353
-4.123827611,-0.915302084,-0.396303062
-3.993429545,-0.847595895,-0.380930985
-3.856309504,-0.780294616,-0.355435834
-3.712122579,-0.715838955,-0.325441538
-3.563957955,-0.655158703,-0.333315041
-3.413011566,-0.590009445,-0.350936689
-3.255654369,-0.510313424,-0.357310477
-3.090832893,-0.429935054,-0.398177706
-2.917894811,-0.344847731,-0.400802207
-2.740116757,-0.272203891,-0.418048927
-2.558420987,-0.195732152,-0.415424426
-2.372710028,-0.120235196,-0.37380734
-2.183872394,-0.029464138,-0.342313329
-1.988650196,0.051131683,-0.292822741
-1.79243826,0.132908492,-0.239207937
-1.590344127,0.227207515,-0.164597126
-1.389082274,0.286549315,-0.149225049
-1.183786486,0.40808228,-0.167596555
-0.976278783,0.45937462,-0.118855824
-0.77141788,0.585001674,-0.077238738
-0.555819813,0.663850384,-0.045369799
-0.356278756,0.788952555,0.047987447
-0.13484723,1.066439578,0.139844979
0.011776552,0.533821809,0.154467198
0.001567997,0.060148427,0.203582858
-0.004340442,0.164975109,0.215205648
0.00186042,0.06449746,0.151467769
-0.003770593,0.064426226,0.151467769
0.001170602,0.056616713,0.148843268
-0.002285985,0.023031684,0.133096262
0.00019586,0.042414872,0.097852965
-0.00082762,0.015469616,0.036364658
-0.000628922,0.022941704,0.015368651
0.000368314,0.01343007,-0.015375503
-0.000505205,0.017647882,-0.014250717
0.000698227,0.01437486,0.016118508
0.000128378,0.008102505,-0.012751002
0.000908172,0.01235031,-0.025873506
0.000765709,0.004848229,-0.055492874
0.00106563,0.005912992,-0.096735031
0.001560499,0.00866488,-0.124854683
0.001777942,0.008184987,-0.16909627
0.003086346,0.007888803,-0.149974906
0.003776164,0.004675767,-0.134977758
0.004563456,0.009156021,-0.16909627
0.005519454,0.007258943,-0.187467776
0.005688159,0.002310044,-0.191217063
0.006497946,0.00308987,-0.210713356
0.006396722,-0.002098976,-0.230959505
0.007026556,0.01001083,-0.242582295
0.007420202,-0.000490583,-0.272201662
0.006989066,0.005841758,-0.299196529
0.008878567,0.004923212,-0.308569746
0.007303983,-0.001202925,-0.287573739
0.009830815,0.013898716,-0.228709933
0.008128765,-0.018332864,-0.176969773
0.009403428,0.024722558,-0.111732179
0.010108242,-0.020443645,-0.061116804
0.007243999,0.021400797,-0.07386438
0.013527339,-0.001615333,-0.107982892
0.004079834,-0.016143352,-0.135727616
0.018284833,0.056211803,-0.189717348
-0.003226986,-0.148024015,-0.241457509
0.066152193,0.894993966,-0.202839853
0.403499359,1.959370946,-0.167221626
0.755580136,1.697607925,-0.06824045
1.06176928,1.734151046,-0.052493444
1.380048982,1.755367577,-0.02474872
1.664857523,1.734548458,0.160091129
1.945962042,1.750043761,0.073857528
2.212437924,1.63231245,0.120723615
2.476896838,1.657653063,0.183711637
2.733629043,1.636998908,0.028116226
2.973685651,1.658755318,0.174713348
3.202244046,1.672124844,0.222704222
3.418033312,1.701960707,0.17996235
3.627527991,1.736662988,0.299564605
3.821775446,1.736614248,0.262821593
4.001690436,1.762794675,0.205457501
4.166024541,1.761115048,0.197958927
4.316206132,1.772902426,0.130471761
4.456231656,1.789529977,0.065609096
4.583772976,1.787527923,0.050986877
4.698406455,1.783595048,0.07310767
4.798441288,1.777064,0.073482599
4.884537303,1.760875102,0.140219908
4.958775199,1.751693394,0.214080862
5.020607621,1.748937757,0.238076298
5.069847118,1.725407991,0.246699658
5.106407464,1.704333929,0.219329863
5.130446116,1.685239427,0.207332145
5.142945315,1.657563083,0.111350398
5.144336198,1.62970678,0.020242724
5.134764976,1.592151384,-0.032997152
5.114059193,1.556826742,-0.169846127
5.083032387,1.521427117,-0.242207366
5.042595565,1.479256498,-0.290573169
4.993348569,1.440805051,-0.35956005
4.936236151,1.401858715,-0.3824307
4.870932146,1.356816234,-0.394803347
4.797132884,1.308410752,-0.365558909
4.715130788,1.260155237,-0.387304773
4.624952102,1.201825712,-0.415049497
4.526664306,1.143301231,-0.395178276
4.42099846,1.091431519,-0.449542938
4.307819597,1.025273736,-0.470538945
4.18677906,0.954534472,-0.42854693
4.059710115,0.899680424,-0.410550353
3.926747726,0.843412941,-0.393303633
3.786628478,0.769614357,-0.336689399
3.640019692,0.702676747,-0.347562331
3.489946822,0.645869384,-0.400052349
3.336499843,0.576217378,-0.382055772
3.176315893,0.49785231,-0.439794791
3.008292762,0.410609218,-0.48066202
2.833004051,0.331404337,-0.483286521
2.65396258,0.255030076,-0.543650041
2.47007364,0.171457417,-0.521154319
2.283369193,0.101700434,-0.459666012
2.091959738,0.002025107,-0.410925281
1.895474124,-0.070277559,-0.346437545
1.698167477,-0.158139265,-0.254205085
1.494584987,-0.250556207,-0.199090566
1.292993221,-0.325681995,-0.229459791
1.084570759,-0.435873733,-0.208838712
0.879919801,-0.485542684,-0.164597126
0.67115243,-0.637455141,-0.142101404
0.459951952,-0.690434606,-0.058117375
0.25902751,-0.916070663,0.046862661
0.040081577,-1.017129433,0.071233027
-0.055222006,-0.340333736,0.087354961
-0.030343576,-0.096495477,0.143219337
-0.035689664,-0.172701025,0.122598259
-0.034876129,-0.064803777,0.125972617
-0.0330916,-0.097376531,0.161215915
-0.035607186,-0.054909728,0.159341271
-0.032776683,-0.061407033,0.191210211
-0.035577194,-0.054995959,0.167964631
-0.033309043,-0.039088247,0.152592555
-0.034887376,-0.049533424,0.180712207
-0.034422499,-0.029149208,0.169464346
-0.034411252,-0.035594025,0.178837564
-0.034966105,-0.028680563,0.130096833
-0.034504977,-0.03350199,0.062234738
-0.035123563,-0.03112127,0.008994863
-0.034808647,-0.029235439,-0.095610245
-0.035580943,-0.028054452,-0.134227901
-0.035584692,-0.022239495,-0.185968061
-0.036098306,-0.026787234,-0.242957224
-0.03733173,-0.026551036,-0.238833008
-0.037732874,-0.024721443,-0.257204514
-0.038805091,-0.028043204,-0.264703088
-0.039498658,-0.027941977,-0.226460361
-0.03956614,-0.023334252,-0.190467206
-0.040499644,-0.023293011,-0.213712785
-0.040218468,-0.02397161,-0.193091707
-0.041320677,-0.023300509,-0.18634299
-0.041024505,-0.017013158,-0.232084291
-0.041508128,-0.031244992,-0.205089425
-0.04225793,-0.011393158,-0.22383586
-0.040990764,-0.025583752,-0.221211359
-0.043716294,-0.026052397,-0.1747202
-0.040683345,-0.011929289,-0.18634299
-0.044436104,-0.038147207,-0.164972054
-0.04157561,0.00709023,-0.168721341
-0.043558836,-0.056083217,-0.217087144
-0.044282395,0.024767548,-0.271076876
-0.039652368,-0.060863404,-0.30182103
-0.051480494,0.010989363,-0.282699666
-0.026050959,-0.026243605,-0.260953801
-0.184664074,-1.347794626,-0.250080869
-0.562219373,-1.89743361,-0.134977758
-0.888983085,-1.630009348,-0.025123649
-1.20187546,-1.778397589,-0.025123649
-1.509755408,-1.745048757,0.15671677
-1.790207599,-1.784043833,0.210331575
-2.068267922,-1.713728225,0.116974328
-2.330912315,-1.652946745,0.215580576
-2.595015074,-1.694656217,0.134970906
-2.84378813,-1.670200407,0.092603963
-3.079001018,-1.705982448,0.245199944
-3.301448526,-1.718789599,0.199083714
-3.513417551,-1.763865822,0.220454649
-3.717179994,-1.786938189,0.329183972
-3.905144108,-1.795842458,0.285317315
-4.079109419,-1.810827875,0.307438108
-4.237508841,-1.813932184,0.287191958
-4.383127887,-1.827537908,0.177712778
-4.517642366,-1.835062484,0.127847261
-4.640602396,-1.837000803,0.116599399
-4.748952534,-1.8271255,0.138720193
-4.843161406,-1.821299296,0.15409227
-4.924844836,-1.813677241,0.206957216
-4.993905349,-1.800761364,0.244450086
-5.051778817,-1.786375814,0.226453509
-5.096178342,-1.762538617,0.188210781
-5.127463831,-1.737479191,0.161965772
-5.147322337,-1.712164822,0.13084669
-5.155169015,-1.682373949,0.033740157
-5.152076081,-1.650817219,0.018743009
-5.138958295,-1.61930173,-0.054743016
-5.115118341,-1.583677154,-0.214462643
-5.080874883,-1.545949297,-0.246331582
-5.038151165,-1.506706776,-0.286448953
-4.986819721,-1.464967311,-0.310819319
-4.927124234,-1.425447353,-0.308194818
-4.859866995,-1.381750823,-0.294697384
-4.783833323,-1.329333733,-0.329565754
-4.69913194,-1.273714855,-0.439044934
-4.606493903,-1.218350921,-0.446543508
-4.505728012,-1.160819969,-0.487035808
-4.397077953,-1.101080758,-0.54102554
-4.281053592,-1.039744402,-0.520404462
-4.157733657,-0.975449954,-0.511406173
-4.028160373,-0.913198802,-0.515530389
-3.892457458,-0.84667735,-0.484411307
-3.749159049,-0.771195391,-0.413924711
-3.600660763,-0.707965706,-0.419548642
-3.449541919,-0.648830111,-0.408675709
-3.293403151,-0.572512088,-0.383555486
-3.130085028,-0.488020883,-0.438670005
-2.958552824,-0.400444114,-0.458541226
-2.781584556,-0.327751534,-0.493034667
-2.60116345,-0.247740583,-0.511781102
-2.41621354,-0.170593994,-0.446543508
-2.228778036,-0.086174023,-0.383555486
-2.034541828,0.010355754,-0.32469168
-1.838566079,0.081233737,-0.267327589
-1.637855331,0.186225382,-0.213712785
-1.435206344,0.248469036,-0.215587429
-1.232411146,0.35355066,-0.217462072
-1.023190145,0.439612766,-0.162722482
-0.820147512,0.529922676,-0.139476903
-0.605145538,0.652265461,-0.11998061
-0.403662494,0.722277387,-0.013875788
-0.18922662,1.034481687,0.094853535
-0.006822287,0.72397201,0.108725897
0.010434406,0.101209293,0.207332145
-0.006916012,0.141464089,0.273319596
0.003457498,0.099263476,0.217830149
-0.003268226,0.052890042,0.228328152
0.000930666,0.069780035,0.201708214
-0.001045063,0.028902878,0.182586851
-8.91e-05,0.047764932,0.173213633
0.000443294,0.013793739,0.117349257
-0.000767636,0.023792765,0.13947005
0.000893176,0.015874526,0.12222333
-0.000197786,0.013538796,0.089604533
0.001166853,0.017936567,0.092603963
0.000776956,0.009257248,0.02136751
0.001106869,0.014997221,0.016118508
0.001279324,0.006389136,-0.013875788
0.001260579,0.006565347,-0.06824045
0.001950396,0.009272245,-0.075364095
0.001725456,0.005845507,-0.125604541
0.00239278,0.004270857,-0.132728186
0.003607459,0.009935847,-0.146975477
0.00436101,0.009197261,-0.150724764
0.005069573,0.008871084,-0.162347553
0.005785634,0.006970257,-0.172470628
0.005969335,0.005275634,-0.193091707
0.006752878,0.006846534,-0.248956083
0.006786619,0.000731645,-0.263578302
0.007581409,0.010262025,-0.295072313
0.007761362,-0.002203952,-0.294322456
0.007645143,0.006632832,-0.297696814
0.009118504,0.001586454,-0.294322456
0.007420202,-0.001015467,-0.238458079
0.010119489,0.01414991,-0.215587429
0.007888828,-0.015194813,-0.140601689
0.010126987,0.025416154,-0.037871225
0.009920792,-0.02320678,-0.022874077
0.008095024,0.025273685,-0.052118516
0.013358634,-0.012416681,-0.122230182
0.004443488,0.000176768,-0.182968632
0.019143356,0.037897127,-0.232084291
-0.00495528,-0.121101254,-0.28457431
0.084893494,1.019065117,-0.291323026
0.434334967,1.960480699,-0.235833578
0.778092941,1.672042362,-0.090361243
1.082677509,1.743992607,-0.095610245
1.395543641,1.760365215,-0.03637151
1.676067063,1.762798424,0.117724186
1.952987687,1.753984135,0.016118508
2.214766059,1.652977853,0.091479177
2.476746878,1.68463956,0.151842697
2.726798347,1.653903897,0.094853535
2.960069247,1.683773503,0.281942956
3.184436248,1.703794049,0.305188536
3.397297538,1.74321653,0.278193669
3.601318662,1.771024094,0.389172564
3.78809434,1.763945669,0.380174276
3.960443828,1.790932165,0.340431833
4.118010969,1.793612819,0.295065461
4.26244158,1.803458129,0.214080862
4.396581157,1.813232205,0.096728178
4.518349002,1.815991591,0.024741868
4.625908099,1.807893392,0.034864943
4.718729838,1.791213353,0.051736734
4.799026134,1.789016342,0.134221048
4.867288108,1.774094661,0.19720907
4.923017142,1.756436089,0.244825015
4.966010788,1.735373275,0.242200514
4.99626155,1.699819933,0.213705933
5.014609205,1.680260534,0.240700799
5.021679838,1.657199414,0.124472902
5.017477198,1.621263658,0.037114515
5.0021325,1.585845287,0.005245576
4.976241837,1.548413614,-0.169846127
4.940701222,1.513696336,-0.290573169
4.896080505,1.468890054,-0.33069054
4.843215715,1.429002676,-0.392178846
4.782672952,1.390303785,-0.462290513
4.713732407,1.332412913,-0.450292795
4.63601543,1.285113435,-0.419548642
4.549919416,1.23874,-0.506907029
4.455714292,1.180238014,-0.508031815
4.353381315,1.122500858,-0.494534382
4.243205409,1.061505676,-0.559022118
4.12600011,1.000218059,-0.530527537
4.002417744,0.937112097,-0.493784524
3.87292319,0.871138023,-0.501658027
3.736984087,0.804736544,-0.487785665
3.593880626,0.736794158,-0.429296788
3.446507043,0.67159991,-0.43154636
3.296239224,0.603170133,-0.470164016
3.13997299,0.525956059,-0.455916725
2.975552658,0.440456328,-0.503907599
2.803499342,0.362424936,-0.554522974
2.627599542,0.287988994,-0.560521833
2.446503614,0.19958366,-0.588266557
2.262959582,0.127464703,-0.54102554
2.07529164,0.03442165,-0.446168579
1.881636528,-0.044644511,-0.377556627
1.687014172,-0.132802401,-0.287573739
1.485898531,-0.225598008,-0.184843275
1.286537426,-0.300705051,-0.131978329
1.080619303,-0.412610158,-0.138727045
0.877325486,-0.469260056,-0.087361813
0.671167426,-0.616411072,-0.055867803
0.462122629,-0.673518369,-0.072364665
0.264238634,-0.891442392,0.014618793
0.047669573,-1.012540454,0.060735023
-0.051506737,-0.358382221,0.08772989
-0.027468085,-0.091910247,0.161215915
-0.031940654,-0.170582747,0.177337849
-0.032120606,-0.064766285,0.161590844
-0.029694997,-0.095168272,0.139095122
-0.032536747,-0.055292143,0.176587992
-0.029620017,-0.055460855,0.196084284
-0.032428025,-0.05081189,0.161965772
-0.030298588,-0.034386793,0.190085425
-0.031490773,-0.04667281,0.226453509
-0.031415793,-0.028999242,0.219329863
-0.031307071,-0.03620139,0.203207929
-0.031899415,-0.027105913,0.13947005
-0.031487024,-0.029227941,0.064859239
-0.032049375,-0.025103858,0.050986877
-0.031948152,-0.023030569,-0.018000004
-0.032278065,-0.027908234,-0.121105396
-0.032495507,-0.02136594,-0.185218204
-0.03294164,-0.023409235,-0.260203944
-0.033444007,-0.023491717,-0.316818178
-0.03438126,-0.024530236,-0.311569176
-0.035052332,-0.024215306,-0.294322456
-0.035989585,-0.022651904,-0.294322456
-0.036544438,-0.018853999,-0.257579443
-0.036570681,-0.021767101,-0.257579443
-0.037402962,-0.020083725,-0.289823311
-0.036904343,-0.019408875,-0.265078017
-0.03801405,-0.025377547,-0.259454087
-0.037774114,-0.014028822,-0.237333293
-0.038561406,-0.028965499,-0.214837571
-0.038850079,-0.011018242,-0.227960076
-0.03820525,-0.024931397,-0.194216493
-0.040544632,-0.017238108,-0.203964639
-0.03741046,-0.010920763,-0.165346983
-0.041699327,-0.035627767,-0.092610815
-0.037980309,0.005759276,-0.112482036
-0.041335673,-0.055089688,-0.124479755
-0.040195974,0.031579782,-0.135727616
-0.037762867,-0.072043417,-0.172095699
-0.046880459,0.040109135,-0.229834719
-0.025046225,-0.093005004,-0.227585147
-0.208230351,-1.456036798,-0.20358971
-0.588383714,-1.879996238,-0.084737312
-0.907653155,-1.632963691,0.017618223
-1.219195886,-1.790005007,-0.017250146
-1.520784995,-1.747568197,0.14246948
-1.797833085,-1.797368369,0.17133899
-2.070937217,-1.719363221,0.095228464
-2.330263736,-1.677233843,0.209581717
-2.590801186,-1.71046645,0.13084669
-2.832631076,-1.684184797,0.160466057
-3.061871791,-1.730370773,0.322060327
-3.280457819,-1.74953276,0.230202796
-3.489116469,-1.792067048,0.299564605
-3.687101687,-1.805380337,0.414292787
-3.867339091,-1.813692238,0.372300773
-4.034110052,-1.831553265,0.399295639
-4.186308611,-1.835358668,0.370426129
-4.326709036,-1.854340696,0.286817029
-4.456331057,-1.856548954,0.152592555
-4.571583122,-1.850336586,0.089979462
-4.67247273,-1.843779295,0.082855817
-4.759869651,-1.831748221,0.081356102
-4.835179764,-1.824834759,0.184086566
-4.899062894,-1.813167354,0.201333286
-4.95004943,-1.79192458,0.17996235
-4.988626743,-1.769002179,0.137970335
-5.014498661,-1.741363327,0.122973187
-5.027897623,-1.712775937,0.140219908
-5.03044695,-1.683161274,0.04423816
-5.021992932,-1.645939554,0.037114515
-5.002708025,-1.613340556,0.005620504
-4.973694437,-1.580340397,-0.161597696
-4.935143367,-1.536681359,-0.261703659
-4.887774625,-1.496479052,-0.312693962
-4.83318904,-1.455485671,-0.358810192
-4.770201923,-1.407038948,-0.409425567
-4.698655816,-1.359731971,-0.391803918
-4.618985604,-1.308473373,-0.44316915
-4.530254036,-1.248670427,-0.546649471
-4.433454597,-1.190175939,-0.538026111
-4.328932199,-1.130582945,-0.604388491
-4.216761819,-1.066550939,-0.643006147
-4.097460823,-1.005387045,-0.586391913
-3.971550322,-0.943638281,-0.544774827
-3.839877593,-0.876127049,-0.540650612
-3.701284192,-0.801792334,-0.516280246
-3.555957568,-0.733894938,-0.458541226
-3.407425541,-0.673852045,-0.469414159
-3.254998292,-0.600225923,-0.416924141
-3.095755343,-0.518092943,-0.381680843
-2.928020887,-0.43359424,-0.449168009
-2.754036831,-0.355727811,-0.454791939
-2.576461223,-0.270692977,-0.478037519
-2.394484278,-0.193842572,-0.524153749
-2.210505361,-0.112009526,-0.482911592
-2.019789473,-0.014190036,-0.413549782
-1.82659549,0.058045145,-0.370058053
-1.629045157,0.163048037,-0.299196529
-1.428900509,0.230847955,-0.215587429
-1.2287971,0.335599653,-0.220461502
-1.021683043,0.417631405,-0.213712785
-0.820938554,0.509928374,-0.124854683
-0.608542141,0.646675455,-0.088111671
-0.408251282,0.699073799,-0.04499487
-0.197598159,1.016256992,0.059610237
-0.011482306,0.756496025,0.117724186
0.012248927,0.109206265,0.168714489
-0.007020985,0.131783742,0.238451227
0.003573718,0.103803716,0.275569168
-0.002878328,0.050400596,0.244825015
0.000968156,0.073405478,0.216705362
-0.000610177,0.026852084,0.256447805
-0.000239025,0.049047147,0.219329863
0.000795701,0.020699703,0.13947005
-0.000396484,0.025581117,0.135345835
0.001320563,0.020073592,0.109100826
-0.000100312,0.01500097,0.062609667
0.001114367,0.018075287,0.057360665
0.000889427,0.008983559,0.024366939
0.001163104,0.013062652,0.014618793
0.001676719,0.005729283,0.011619364
0.00144428,0.007075234,-0.037496296
0.002006632,0.003059877,-0.038996011
0.00208911,-0.001247915,-0.047619371
0.002940135,0.006655327,-0.069740164
0.004001105,0.009013552,-0.073489451
0.004488476,0.006917769,-0.089611386
0.005466968,0.008698622,-0.109107678
0.006213021,0.00466452,-0.146600548
0.006467953,0.006925267,-0.193466635
0.007206508,0.00466452,-0.228709933
0.006959074,0.0011553,-0.248206226
0.008005048,0.009088536,-0.278950379
0.007682633,-0.003062511,-0.335939541
0.008353705,0.011443012,-0.373432411
0.009238472,-0.002777575,-0.39967742
0.007933816,0.00587925,-0.374557198
0.010591864,0.003011138,-0.313068891
0.007675135,-0.010223418,-0.248581154
0.0114054,0.022623025,-0.134977758
0.008649877,-0.027109662,-0.063741305
0.010400665,0.042437367,-0.035996581
0.01174656,-0.040820362,-0.037496296
0.006138041,0.037379742,-0.047244442
0.018937161,-0.015873412,-0.080988025
-0.006938506,-0.014662431,-0.115856395
0.141638509,1.339408857,-0.139476903
0.515302336,1.966648078,-0.124104826
0.84292832,1.666302389,-0.038246154
1.153698755,1.800458796,-0.09710996
1.461717416,1.770409231,0.017243294
1.740823713,1.813093486,0.126347546
2.016717108,1.757658317,0.028116226
2.277175828,1.688227512,0.177712778
2.539377839,1.728148632,0.152967483
2.787056184,1.703182935,0.114349827
3.020758221,1.746628271,0.320185684
3.242013544,1.763720719,0.301814177
3.452940344,1.807525974,0.356553768
3.655761785,1.833155273,0.485904169
3.842181308,1.839116447,0.418791932
4.014238373,1.856265132,0.418042074
4.170508356,1.863463531,0.389547493
4.314200412,1.874411096,0.280068313
4.4471628,1.882130628,0.208082002
4.568402035,1.886029761,0.150342983
4.675443768,1.872551509,0.113225041
4.767680661,1.866594085,0.11060054
4.847830746,1.858454645,0.174338419
4.915710321,1.840473645,0.227953223
4.971334383,1.827733979,0.267320737
5.014762914,1.809314326,0.23170251
5.045354836,1.782646509,0.243700229
5.063916185,1.756417343,0.274069454
5.071170519,1.722408658,0.135345835
5.067309039,1.685156945,0.091104248
5.052462959,1.649693584,0.020992581
5.026624782,1.609435039,-0.155598837
4.99061929,1.572618229,-0.245206796
4.945657413,1.533263234,-0.347187402
4.892818866,1.495239192,-0.432671146
4.832148637,1.448951989,-0.492284809
4.763526758,1.399702944,-0.521154319
4.687155676,1.349749056,-0.542525255
4.602499281,1.286781813,-0.620885353
4.509373872,1.237247832,-0.628383927
4.407786948,1.1769275,-0.627259141
4.298514554,1.105213453,-0.664002154
4.181927841,1.049500846,-0.650129792
4.058435452,0.988846839,-0.609262564
3.929300802,0.924676114,-0.593890487
3.793654122,0.851634862,-0.563146334
3.651184244,0.778293676,-0.509906458
3.504219303,0.722371116,-0.527153178
3.354165178,0.654192533,-0.519654604
3.199053638,0.578965517,-0.509156601
3.036511561,0.494264359,-0.545899613
2.865477975,0.401686203,-0.528652893
2.689510693,0.330680748,-0.553398187
2.509426998,0.241611811,-0.604013562
2.325534308,0.168540566,-0.563896191
2.139377217,0.083340768,-0.482161734
1.946381931,-0.010448368,-0.417299069
1.752400655,-0.084576879,-0.334814755
1.553125778,-0.190307109,-0.216712215
1.353101098,-0.256389909,-0.184468347
1.149781039,-0.372479085,-0.20358971
0.943206839,-0.439697882,-0.160097981
0.740655327,-0.559056331,-0.115106537
0.527239184,-0.665243959,-0.094860387
0.330198716,-0.78144936,-0.003752713
0.113678392,-1.065617397,0.106476325
-0.041583108,-0.601328177,0.124097974
-0.038182756,-0.094722122,0.210706503
-0.028757745,-0.178096075,0.280068313
-0.036064565,-0.094084764,0.229452938
-0.029867451,-0.083189687,0.221579436
-0.034295032,-0.075863817,0.203957787
-0.031254585,-0.048982297,0.185961209
-0.033222815,-0.066573383,0.140594836
-0.03244677,-0.036073918,0.060360095
-0.032206834,-0.048453664,0.074982314
-0.033144086,-0.033989382,0.067858669
-0.032083116,-0.035069142,0.059985166
-0.033342784,-0.032358494,0.078356672
-0.032791679,-0.027139655,0.025491725
-0.033279051,-0.028136934,0.013494007
-0.033350282,-0.026183618,-0.049119086
-0.033391521,-0.031274986,-0.116606252
-0.033837653,-0.024260296,-0.103108819
-0.034092586,-0.024732691,-0.136852402
-0.034999846,-0.026599776,-0.164597126
-0.03581713,-0.024526487,-0.150724764
-0.036360737,-0.024121577,-0.150349835
-0.037549173,-0.024785179,-0.205089425
-0.037687886,-0.020406153,-0.19496635
-0.038096528,-0.0235667,-0.185968061
-0.038827585,-0.0235667,-0.223086003
-0.038407696,-0.025137601,-0.221211359
-0.039667364,-0.020683592,-0.285324167
-0.038936307,-0.014606193,-0.319817607
-0.040484648,-0.0273871,-0.313443819
-0.039817324,-0.009694786,-0.295072313
-0.040064759,-0.031496186,-0.233958935
-0.041395657,-0.008026407,-0.193841564
-0.039127506,-0.025253825,-0.126729327
-0.043285158,-0.023877881,-0.080613097
-0.038141517,-0.002158962,-0.075364095
-0.044548575,-0.052975158,-0.095610245
-0.038917562,0.036341223,-0.110232464
-0.043086461,-0.098253836,-0.10573332
-0.043026477,0.096717793,-0.137977188
-0.037845345,-0.31342972,-0.164597126
-0.28291063,-1.685512001,-0.193841564
-0.66459359,-1.81862614,-0.083237598
-0.974393031,-1.670485344,-0.013500859
-1.292391557,-1.82146051,0.012369221
-1.58760735,-1.7729538,0.247074587
-1.866005083,-1.828782631,0.2433253
-2.136773581,-1.723123635,0.241075728
-2.396265058,-1.723142381,0.355428981
-2.655606573,-1.744223941,0.211081432
-2.896562944,-1.738735162,0.263196521
-3.125968615,-1.778671278,0.375675131
-3.341431718,-1.796839737,0.303688821
-3.549269334,-1.84856698,0.375675131
-3.745676219,-1.862618854,0.40192014
-3.926179803,-1.878657786,0.334058046
-4.092452146,-1.88983405,0.326184543
-4.243882158,-1.898933276,0.30406375
-4.384151367,-1.911849153,0.241825585
-4.512412497,-1.918732622,0.173588562
-4.628474349,-1.915662055,0.165340131
-4.729285228,-1.903016118,0.15409227
-4.816123546,-1.900395451,0.201333286
-4.891456153,-1.887280868,0.301439249
-4.954300808,-1.872280455,0.357303625
-5.005714731,-1.854329448,0.357303625
-5.044397016,-1.830777187,0.285692243
-5.070448887,-1.806872505,0.286817029
-5.085066277,-1.772713853,0.221954364
-5.087919273,-1.741337083,0.070108241
-5.080035105,-1.707714562,0.014993722
-5.06138378,-1.668858206,-0.097859817
-5.032175243,-1.630594218,-0.23245922
-4.993721648,-1.589282158,-0.322442108
-4.946634082,-1.548611205,-0.396677991
-4.891384922,-1.506624295,-0.463040371
-4.828495279,-1.461683042,-0.515905317
-4.757886425,-1.411897867,-0.464915014
-4.679089733,-1.359233332,-0.535026681
-4.592390127,-1.30583771,-0.611137207
-4.497169022,-1.246717111,-0.580018125
-4.393433916,-1.180675552,-0.666626655
-4.282062076,-1.116234887,-0.695871093
-4.163034757,-1.056480679,-0.669626084
-4.037521651,-0.990401628,-0.663252297
-3.906175086,-0.922751677,-0.670375942
-3.768211518,-0.852177376,-0.635507573
-3.623361019,-0.779548532,-0.590516129
-3.474652788,-0.715715232,-0.614886494
-3.32302033,-0.648185254,-0.560896761
-3.165097032,-0.569336544,-0.547399328
-2.998997144,-0.47526622,-0.538775968
-2.825429228,-0.394580418,-0.492284809
-2.648127298,-0.314809413,-0.52377882
-2.466067875,-0.230588148,-0.503157742
-2.281680316,-0.161869685,-0.442044364
-2.092449036,-0.058490182,-0.377556627
-1.898460263,0.013370083,-0.30182103
-1.702833172,0.111125837,-0.212587999
-1.501635052,0.197244181,-0.14322619
-1.303121224,0.272358721,-0.145850691
-1.096760717,0.393689231,-0.12860397
-0.894269189,0.451673833,-0.093735601
-0.686247871,0.607916577,-0.068990307
-0.478042852,0.656584501,-0.019874647
-0.277039681,0.904498102,0.08173103
-0.062412607,0.966966706,0.160840986
0.019986884,0.275163097,0.195334427
-0.005615106,0.080112736,0.281942956
0.001811683,0.148388798,0.31268711
-0.000197786,0.041200142,0.28944153
-0.000778883,0.079561609,0.263946379
0.001474272,0.034507881,0.217830149
-0.001120043,0.040105386,0.185211352
0.001654225,0.032933231,0.108725897
-0.000314006,0.019155046,0.054736164
0.001403041,0.02556612,0.013868936
0.00068698,0.006452872,-0.051368658
0.000923168,0.01014955,-0.022499148
0.001586742,0.006254166,-0.031497437
0.001181849,0.01163047,-0.058867232
0.001957894,0.005016941,-0.034496867
0.001777942,0.003228589,-0.06224159
0.002370286,0.008076261,-0.070115093
0.002490254,0.005628055,-0.113981751
0.002778928,0.006966508,-0.154848979
0.003746172,0.010142051,-0.125604541
0.004638437,0.005463092,-0.110982321
0.005380741,0.003299823,-0.131228471
0.006235515,0.008492418,-0.153724193
0.006460455,1.56e-05,-0.155223908
0.006992815,0.002538743,-0.180344131
0.00754017,-0.002777575,-0.181843846
0.007405206,-0.001731557,-0.18071906
0.008589893,0.000806628,-0.217087144
0.007753864,-0.005825647,-0.239582866
0.009264715,0.006677822,-0.282699666
0.00871361,-0.009061177,-0.275950949
0.009362189,0.017591644,-0.209963498
0.010438155,-0.011130717,-0.164972054
0.008353705,0.003408549,-0.077988596
0.012410134,0.005526828,-0.034871795
0.007363967,-0.012521657,-0.032997152
0.013606068,0.033169429,-0.050993729
0.007517676,-0.053826219,-0.103108819
0.012623828,0.085436552,-0.120355539
0.011090483,-0.124685456,-0.178844416
0.009343444,0.338216571,-0.165346983
0.258427669,1.749856303,-0.163847268
0.635379377,1.848871777,-0.10273389
0.942547013,1.682502536,0.011619364
1.259064681,1.816546468,0.007120219
1.552462203,1.770739157,0.186336138
1.829847704,1.830722064,0.211456361
2.098449275,1.719296851,0.179587421
2.35680855,1.723904576,0.336307618
2.61439178,1.735515743,0.246699658
2.852551389,1.726858919,0.276319026
3.080303747,1.771162813,0.394421566
3.295744355,1.789668697,0.316061468
3.502993377,1.836210843,0.38167399
3.697428283,1.839408882,0.377549775
3.874880173,1.857498608,0.274069454
4.038194547,1.863669735,0.268445523
4.187015248,1.866804038,0.204332715
4.325177513,1.890502516,0.153342412
4.452014019,1.888864131,0.087354961
4.565556536,1.88661838,0.083605674
4.664335452,1.877095498,0.140594836
4.74928052,1.85564652,0.166839845
4.822341227,1.85223103,0.253448375
4.883277636,1.843990363,0.313062038
4.931872303,1.818211097,0.352054623
4.968072744,1.79360907,0.3269344
4.992040165,1.766247657,0.30668825
5.00462934,1.73355118,0.242200514
5.005821526,1.700997171,0.074232456
4.99584541,1.664750235,0.043488303
4.975030906,1.62314199,-0.044245013
4.94358796,1.586580123,-0.242957224
4.902734998,1.535051586,-0.346062616
4.853360536,1.491118859,-0.413924711
4.795993185,1.459153469,-0.492284809
4.731082826,1.402998461,-0.549273972
4.65843451,1.359275687,-0.52677825
4.577489635,1.309235569,-0.547399328
4.488439401,1.246680734,-0.599514418
4.391516245,1.189779642,-0.580393054
4.286277785,1.119771465,-0.611887065
4.173293871,1.062056803,-0.63925686
4.053164343,0.999025825,-0.629508714
3.926425311,0.930029923,-0.629133785
3.794152741,0.871351726,-0.650504721
3.655244422,0.798475437,-0.64788022
3.510116496,0.732103951,-0.623509854
3.362334271,0.669222939,-0.680873945
3.210593091,0.59589675,-0.681998732
3.052062454,0.517737887,-0.660252867
2.884980326,0.426336969,-0.668876227
2.71110874,0.346074823,-0.594640344
2.533120741,0.260698815,-0.56427112
2.350678918,0.185336829,-0.551898473
2.166523798,0.107320434,-0.445043793
1.976145321,0.009051044,-0.341188543
1.783727383,-0.066727099,-0.268827304
1.58704682,-0.168284508,-0.191966921
1.387756947,-0.23543582,-0.110982321
1.187957208,-0.347847064,-0.10573332
0.981742913,-0.427314387,-0.137977188
0.781493293,-0.518096692,-0.077238738
0.569670479,-0.653385347,-0.050993729
0.370991694,-0.72255746,-0.01050143
0.160368563,-1.038818358,0.104601681
-0.022309447,-0.753716779,0.144719052
-0.04263658,-0.126443815,0.206957216
-0.024363905,-0.155316143,0.284942386
-0.03456871,-0.119159186,0.304438678
-0.027899221,-0.071252343,0.29806489
-0.031562004,-0.08726878,0.269945238
-0.029769977,-0.043369795,0.260197092
-0.03036607,-0.068230515,0.202083143
-0.031014649,-0.037041203,0.127097403
-0.029661256,-0.044738241,0.108725897
-0.031213346,-0.039695612,0.026241583
-0.03002491,-0.030011517,-0.054368088
-0.030954664,-0.035912704,-0.067490592
-0.030767214,-0.031548675,-0.145850691
-0.031067135,-0.033700696,-0.167596555
-0.031168358,-0.025846193,-0.161972625
-0.031423291,-0.024582724,-0.234333864
-0.031753204,-0.024339028,-0.221961217
-0.031756953,-0.024024098,-0.175844986
-0.032488009,-0.024807674,-0.156723623
-0.03301662,-0.026925953,-0.114731608
-0.034047598,-0.02563624,-0.090736172
-0.034902372,-0.026832224,-0.09411053
-0.035528457,-0.026138628,-0.075739024
-0.035644676,-0.021174732,-0.087736742
-0.036368235,-0.023064312,-0.117356109
-0.036229521,-0.017170623,-0.121855254
-0.036604422,-0.02473644,-0.180344131
-0.037459197,-0.015374773,-0.26432816
-0.036799371,-0.020713585,-0.316443249
-0.038531414,-0.025988661,-0.341563472
-0.036983072,-0.016083365,-0.319817607
-0.03922498,-0.032264765,-0.274826163
-0.037909078,-0.001476614,-0.225710504
-0.038505171,-0.040051783,-0.136477473
-0.040034767,-0.003144993,-0.05361823
-0.036656909,-0.033318281,-0.012751002
-0.043266413,-0.01997125,0.007120219
-0.033781418,0.006164186,0.043113374
-0.04714289,-0.082511088,0.014618793
-0.028139158,0.130681487,-0.026248435
-0.084659233,-0.796397284,-0.07686381
-0.41318123,-1.898633343,-0.132728186
-0.771736546,-1.70489144,-0.012751002
-1.075320129,-1.739706196,-0.023249006
-1.39072434,-1.805046661,0.026241583
-1.673609639,-1.795257589,0.2002085
-1.950672725,-1.812968649,0.14809341
-2.213215895,-1.705892468,0.238076298
-2.473348452,-1.749555255,0.296190247
-2.72522194,-1.73285272,0.225328723
-2.957851759,-1.754215468,0.385423277
-3.18112405,-1.788617816,0.428540078
-3.392451995,-1.821078095,0.362927555
-3.596300664,-1.861542843,0.454410158
-3.783687431,-1.862543871,0.416167431
-3.956288103,-1.883295505,0.331433545
-4.114481329,-1.888386872,0.327309329
-4.259076895,-1.903226071,0.25194866
-4.393951279,-1.913933689,0.124097974
-4.515437948,-1.909824603,0.055486021
-4.623184496,-1.906810274,0.042363517
-4.716501103,-1.892975851,0.02999087
-4.796883627,-1.883876625,0.120348687
-4.865726698,-1.872516652,0.210706503
-4.921935604,-1.854149488,0.278943527
-4.966233907,-1.830301043,0.319435826
-4.997830563,-1.800798856,0.29244096
-5.017239188,-1.775210798,0.297315033
-5.025790679,-1.742937977,0.218205077
-5.023012663,-1.708359419,0.17133899
-5.009538721,-1.67274984,0.142094551
-4.986047424,-1.632135125,-0.040495726
-4.952426303,-1.591801597,-0.195716208
-4.909177723,-1.547973847,-0.340063757
-4.857820035,-1.507344135,-0.451417581
-4.798709395,-1.462849033,-0.530527537
-4.731508391,-1.411590435,-0.595765131
-4.656306999,-1.361066674,-0.587516699
-4.572989001,-1.306932466,-0.659877938
-4.481591886,-1.251725997,-0.679374231
-4.382194384,-1.192560408,-0.65650358
-4.274976447,-1.128337195,-0.680499017
-4.159814358,-1.061931966,-0.6306335
-4.03714675,-0.994293263,-0.562771405
-3.90873566,-0.929680136,-0.558647189
-3.774063723,-0.86173775,-0.587891628
-3.631556355,-0.786908145,-0.570644908
-3.484778864,-0.723644718,-0.613386779
-3.335530776,-0.660010124,-0.640756575
-3.180700412,-0.580509059,-0.593890487
-3.018503243,-0.494499441,-0.603638633
-2.848013265,-0.408647289,-0.605138348
-2.672956992,-0.332854149,-0.591640915
-2.493461891,-0.249525186,-0.576268838
-2.310603928,-0.173837023,-0.5496489
-2.123929473,-0.07643369,-0.479912162
-1.931125387,0.005433099,-0.387304773
-1.73748902,0.086598794,-0.308569746
-1.537730521,0.185276843,-0.205464354
-1.340015231,0.253073011,-0.144725904
-1.136830136,0.372435209,-0.112482036
-0.933768759,0.430907202,-0.041620512
-0.730448699,0.571380954,0.047987447
-0.519701851,0.647646489,0.078731601
-0.323178747,0.82350112,0.147343553
-0.104082853,1.032168452,0.242950371
0.018243594,0.430577276,0.225328723
-0.00079013,0.062142984,0.272569739
-0.000921345,0.160191173,0.336682546
0.002265313,0.053756099,0.319435826
-0.001678645,0.074736432,0.281568028
0.002389031,0.046422731,0.280443241
-0.000823871,0.035400183,0.279693384
0.002032875,0.03954676,0.183711637
0.000417051,0.014716034,0.143969195
0.001410539,0.031531043,0.109475754
0.001601738,0.012863946,0.013119078
0.001151857,0.018378969,-0.021749291
0.002194082,0.011244306,-0.074614237
0.001702962,0.011068095,-0.134602829
0.002479007,0.012492778,-0.121480325
0.002227823,0.006321651,-0.121105396
0.002658959,0.008469923,-0.137977188
0.002876402,0.003442292,-0.142476332
0.00295888,0.006085454,-0.134227901
0.003877388,0.008008776,-0.162347553
0.004844632,0.004207122,-0.189717348
0.005744395,0.005710537,-0.16047291
0.006629161,0.008113752,-0.165721912
0.006887843,0.002332539,-0.175844986
0.007281489,0.007521384,-0.190467206
0.008050036,0.004450817,-0.202839853
0.00769388,0.003554767,-0.202089996
0.008897312,0.007551378,-0.208463783
0.008469925,-0.001859029,-0.187092848
0.009534644,0.012882692,-0.195716208
0.009530895,-0.005788155,-0.211088284
0.009200982,0.01217035,-0.175470058
0.011244192,-0.002998776,-0.163097411
0.008361203,0.001260277,-0.110982321
0.012875012,0.015953259,-0.046494585
0.008518662,-0.026708501,-0.01912479
0.012815027,0.044518154,-0.002627927
0.010325685,-0.050429475,-0.040120797
0.00962462,0.065149815,-0.048744157
0.016822719,-0.072549554,-0.125979469
-0.002278487,0.128529466,-0.1747202
0.19601415,1.555064634,-0.182968632
0.574986575,1.915509453,-0.110607393
0.890042128,1.667295918,0.023617082
1.20415668,1.822743839,-0.019499719
1.504497369,1.77733769,0.141344694
1.782370241,1.839870029,0.188210781
2.05472832,1.751850859,0.136845549
2.313083846,1.716278772,0.344930978
2.573373861,1.755453808,0.286817029
2.815458684,1.729483335,0.331808473
3.044849359,1.771803921,0.524521825
3.262273194,1.795382426,0.423666005
3.470920596,1.839716313,0.419916718
3.669063273,1.856265132,0.41654236
3.850144205,1.870069561,0.272944667
4.016911417,1.881819448,0.224953794
4.168363923,1.882689254,0.151842697
4.308535658,1.901540061,0.077981743
4.437876503,1.904291949,0.028491155
4.55463567,1.89448413,-0.002627927
4.656908663,1.888954111,0.045362947
4.745107872,1.881317059,0.098977751
4.821343991,1.864408321,0.180712207
4.885317097,1.849749082,0.289066602
4.937045937,1.83249542,0.347930407
4.976388048,1.805291471,0.325809614
5.003189721,1.777420171,0.31831104
5.018234498,1.745511019,0.279318455
5.022335915,1.712488365,0.164590273
5.015557705,1.677332436,0.123723045
4.997963601,1.637984938,0.047987447
4.970149695,1.598614946,-0.113981751
4.932397165,1.55526334,-0.23545865
4.885703245,1.514371186,-0.359185121
4.831005189,1.469744863,-0.482161734
4.768243013,1.422572857,-0.577768553
4.697495445,1.374894713,-0.589016414
4.618530048,1.315744121,-0.585642056
4.531545518,1.260188979,-0.629883642
4.436886764,1.201469541,-0.59314063
4.334265113,1.140931758,-0.593515558
4.224070462,1.07973787,-0.629508714
4.106527752,1.007945091,-0.574769123
3.982038126,0.948869482,-0.529027822
3.851501347,0.886374634,-0.58451727
3.714287581,0.814476877,-0.608512706
3.570291855,0.749042683,-0.615261423
3.422577112,0.684418309,-0.717991887
3.272039365,0.617911853,-0.705994168
3.115870604,0.541481355,-0.695121236
2.951409034,0.45051534,-0.744236896
2.779220753,0.366942681,-0.680499017
2.602597394,0.285304592,-0.641881361
2.420916621,0.202451772,-0.631383357
2.237312605,0.132619806,-0.53540161
2.048369999,0.034054232,-0.404926422
1.854849852,-0.041423978,-0.331815326
1.659886336,-0.134009632,-0.246706511
1.45943052,-0.219321905,-0.147725334
1.261014166,-0.303396952,-0.125229612
1.054976074,-0.409490852,-0.135352687
0.853800449,-0.468967621,-0.080238168
0.646506439,-0.625394074,0.008245005
0.440202167,-0.675224239,0.029241012
0.240091261,-0.932799442,0.13084669
0.027683601,-0.966137026,0.221579436
-0.050427022,-0.2822779,0.196834141
-0.024735057,-0.105410994,0.270695095
-0.03214685,-0.162319585,0.316061468
-0.029773726,-0.064155171,0.304438678
-0.02926761,-0.097511501,0.334432974
-0.030984656,-0.050515705,0.338932119
-0.028821478,-0.060687193,0.314936682
-0.031202099,-0.047786313,0.244450086
-0.029091406,-0.039530649,0.203582858
-0.030815951,-0.046953998,0.154842127
-0.030096141,-0.029734078,0.057360665
-0.03032858,-0.038154705,0.020242724
-0.030486038,-0.027398348,-0.088111671
-0.030309835,-0.029947781,-0.193466635
-0.031112123,-0.026431063,-0.211838142
-0.030789708,-0.024766433,-0.271451805
-0.031194601,-0.025227581,-0.266202803
-0.031130868,-0.021560896,-0.214462643
-0.031696968,-0.02419656,-0.191217063
-0.032724197,-0.025077614,-0.170595985
-0.033578971,-0.026884712,-0.107982892
-0.034276287,-0.025208835,-0.106108248
-0.035082324,-0.024811423,-0.154474051
-0.035281022,-0.021163485,-0.14322619
-0.035865867,-0.023495466,-0.193466635
-0.036222023,-0.019780043,-0.207338997
-0.036117051,-0.022629409,-0.217087144
-0.037166774,-0.020548622,-0.271826734
-0.036454462,-0.020402404,-0.301071172
-0.038100277,-0.025505019,-0.336689399
-0.037054304,-0.01003596,-0.270701948
-0.038276481,-0.033082084,-0.220086573
-0.038227744,-0.0026651,-0.183343561
-0.037406711,-0.032362244,-0.073114523
-0.040458405,-0.011483138,-0.019874647
-0.035753397,-0.013233999,0.023242153
-0.042887763,-0.042035092,0.023617082
-0.034377511,0.028243025,0.043488303
-0.044046207,-0.099078653,0.057360665
-0.034328773,0.126343702,0.014243864
-0.054281005,-0.528118213,-0.040120797
-0.343344672,-1.812938655,-0.14322619
-0.715104001,-1.76099771,-0.062616519
-1.019306171,-1.701798378,-0.083612526
-1.336716102,-1.821021857,-0.081362954
-1.624865011,-1.786207102,0.146968624
-1.902805365,-1.83098714,0.117724186
-2.169322486,-1.713387051,0.210331575
-2.428544034,-1.739908651,0.328059186
-2.68455268,-1.744340165,0.236201655
-2.920770302,-1.749045368,0.404544641
-3.146640656,-1.788452852,0.506525248
-3.359873098,-1.812653719,0.469032378
-3.565881197,-1.85912838,0.577011843
-3.757969223,-1.865329501,0.532020399
-3.934307657,-1.884007846,0.42216629
-4.096741013,-1.890059,0.365926985
-4.244204573,-1.899349433,0.253823304
-4.381050936,-1.915065937,0.120348687
-4.506590285,-1.913671247,0.007120219
-4.618172069,-1.907286418,-0.022874077
-4.715526361,-1.898873289,-0.061491733
-4.800070285,-1.8887093,-0.006377214
-4.871961301,-1.871470635,0.100477465
-4.931810497,-1.855319228,0.181462065
-4.979677856,-1.83409145,0.257947519
-5.014419932,-1.803453265,0.265446093
-5.036988972,-1.775870651,0.320185684
-5.048487186,-1.744917537,0.266195951
-5.048427202,-1.711010079,0.164590273
-5.037986209,-1.678478566,0.141719622
-5.017644081,-1.637905091,-0.010876359
-4.986710999,-1.595359556,-0.155973765
-4.946427887,-1.557016835,-0.253455227
-4.897878207,-1.515146149,-0.379056342
-4.841193176,-1.467606724,-0.508406743
-4.776698957,-1.42366275,-0.608512706
-4.704916663,-1.379235132,-0.62201014
-4.625141479,-1.321790411,-0.689497306
-4.536518631,-1.260457804,-0.689122377
-4.439453013,-1.201348453,-0.63625743
-4.334829391,-1.140555727,-0.659128081
-4.222557789,-1.077659718,-0.605513277
-4.102521987,-1.011291981,-0.5470244
-3.976202844,-0.946172717,-0.515905317
-3.843559121,-0.876970611,-0.503157742
-3.703211183,-0.800836297,-0.470913873
-3.55693231,-0.737325425,-0.490410166
-3.407717963,-0.674766841,-0.587891628
-3.253884836,-0.601234448,-0.584892198
-3.093449702,-0.520312449,-0.620510425
-2.925014181,-0.428394147,-0.683498446
-2.750539005,-0.353512054,-0.670750871
-2.57226983,-0.272151403,-0.666626655
-2.389318142,-0.195750898,-0.622759997
-2.204240765,-0.110929766,-0.54102554
-2.012283955,-0.011554372,-0.452167438
-1.818298931,0.05685291,-0.363309337
-1.619777604,0.159028931,-0.238083151
-1.419115593,0.223405861,-0.107233034
-1.218491072,0.334433663,-0.059992018
-1.011616951,0.416427923,0.002621075
-0.811134892,0.50963219,0.106101396
-0.598794715,0.641674067,0.134595977
-0.399557328,0.706320937,0.182211922
-0.187419597,1.028951668,0.292066031
-0.005742572,0.727462484,0.288691673
0.012181445,0.099132255,0.291691102
-0.005435153,0.140792988,0.329183972
0.004882122,0.098524891,0.30406375
-0.00158492,0.053219969,0.296940104
0.002400278,0.067826719,0.297315033
0.000342071,0.025101224,0.292815889
0.001339308,0.04611155,0.241075728
0.001807934,0.017816594,0.197583999
0.000851936,0.029941397,0.182211922
0.002640214,0.016121971,0.10197718
0.001260579,0.014498582,0.038239301
0.002670206,0.017242972,0.020617652
0.002175337,0.008522412,-0.054368088
0.002445266,0.012050377,-0.11135725
0.002763932,0.001552712,-0.148100263
0.00280892,0.009909603,-0.217462072
0.00356622,0.006580344,-0.242957224
0.00345,0.005414353,-0.266577732
0.004372257,0.011139329,-0.271076876
0.005324505,0.00574053,-0.240332723
0.005909351,0.005106921,-0.235833578
0.007131528,0.008132498,-0.240707652
0.00769388,0.004019663,-0.192716778
0.007798852,0.006726561,-0.152224478
0.00852616,0.005313125,-0.137977188
0.008263729,0.001541464,-0.108732749
0.009410926,0.007352672,-0.120730468
0.008994786,-0.003636134,-0.127479184
0.009725843,0.008552405,-0.134602829
0.010246956,-0.00563069,-0.168346413
0.009328448,0.008863586,-0.14022676
0.011720316,0.000855367,-0.103483747
0.008773595,-0.003088756,-0.074989166
0.01299498,0.020287294,-0.042745298
0.009482157,-0.029460389,-0.053243302
0.01235015,0.03927682,-0.055867803
0.011956504,-0.045364351,-0.081737883
0.00879234,0.054970829,-0.100859247
0.018862181,-0.048408674,-0.119230753
-0.00446416,0.053669869,-0.11998061
0.169531143,1.456667772,-0.127479184
0.547078944,1.94141994,-0.084737312
0.867791754,1.666647313,0.054736164
1.180605399,1.821776554,0.04423816
1.484890047,1.779905868,0.196084284
1.763205302,1.837478061,0.288316744
2.038138951,1.770919117,0.187085995
2.297975336,1.711239893,0.327309329
2.559453787,1.753492994,0.250448945
2.805205142,1.735815676,0.210706503
3.037681252,1.775654314,0.396671138
3.256893365,1.793669057,0.34155662
3.466373047,1.836533272,0.398545782
3.667226258,1.858030989,0.475406165
3.851853754,1.87425738,0.350929837
4.022474948,1.885321169,0.325809614
4.177541499,1.881778207,0.281942956
4.319996381,1.897325998,0.186336138
4.451515401,1.906301502,0.129721904
4.571191298,1.907906145,0.10497661
4.676767169,1.895185224,0.104601681
4.76832924,1.88207814,0.111350398
4.847647045,1.871411763,0.163465487
4.915132974,1.855890216,0.222329293
4.970438369,1.830122198,0.287191958
5.012918401,1.804657862,0.278193669
5.043169163,1.785807056,0.256072876
5.060995706,1.749897544,0.207332145
5.067466497,1.716548712,0.05586095
5.063406319,1.687500174,0.002246146
5.048432773,1.64570822,-0.054743016
5.023130705,1.605348448,-0.192341849
4.988137445,1.564774974,-0.268077447
4.944112821,1.521858271,-0.310819319
4.891274274,1.479518939,-0.387304773
4.830577802,1.428545278,-0.482161734
4.762188362,1.376450617,-0.499408455
4.685749797,1.329758503,-0.52677825
4.601078406,1.276786537,-0.590516129
4.50813295,1.216747393,-0.591640915
4.407659482,1.153229022,-0.634382787
4.299223117,1.095420632,-0.668876227
4.183374959,1.033105744,-0.656878509
4.061048512,0.963105065,-0.63925686
3.932644919,0.903324613,-0.624259712
3.798036715,0.837114342,-0.619385639
3.655863009,0.7626784,-0.578893339
3.508455685,0.700588462,-0.629883642
3.358637747,0.637684955,-0.652754293
3.203871116,0.561828079,-0.622759997
3.041546481,0.477936741,-0.650504721
2.871022761,0.392958144,-0.613011851
2.695569093,0.318016065,-0.61901071
2.515639107,0.232767528,-0.626509284
2.331757665,0.159313868,-0.554148045
2.145139445,0.070271176,-0.463790228
1.951604302,-0.021733358,-0.387679702
1.757349349,-0.097166578,-0.310069461
1.557230944,-0.198191605,-0.20358971
1.356898846,-0.262478554,-0.170970913
1.153934942,-0.378192814,-0.141351546
0.947450718,-0.443522031,-0.103483747
0.745574028,-0.56045477,-0.072364665
0.532559029,-0.665120237,-0.01912479
0.335702263,-0.77749024,0.079481458
0.118694568,-1.067566963,0.198333856
-0.038666378,-0.611349698,0.223829008
-0.035978338,-0.09153908,0.314186824
-0.026227163,-0.176165255,0.369676272
-0.033635207,-0.096476731,0.346055764
-0.027576806,-0.08056902,0.408668857
-0.03214685,-0.075890061,0.389172564
-0.028840223,-0.047775065,0.330683687
-0.03078221,-0.062438053,0.285317315
-0.0300624,-0.033224552,0.180337279
-0.029792471,-0.049882096,0.108350968
-0.0308197,-0.032171036,0.04161366
-0.02991244,-0.032725913,0.010869506
-0.030958413,-0.033314532,-0.005252428
-0.030276094,-0.028972998,-0.10835782
-0.030962162,-0.030768848,-0.164597126
-0.0308197,-0.02204079,-0.23545865
-0.031153362,-0.026153625,-0.310069461
-0.031550757,-0.02271189,-0.28457431
-0.031487024,-0.023315506,-0.267327589
-0.032765436,-0.025587501,-0.2557048
-0.033511489,-0.0244665,-0.19796578
-0.034062594,-0.028178174,-0.172845557
-0.035232285,-0.025107607,-0.18934242
-0.035408488,-0.018940229,-0.130103685
-0.03615829,-0.024275293,-0.149974906
-0.03649945,-0.019183925,-0.20358971
-0.036177035,-0.022790623,-0.181093988
-0.037327981,-0.019003965,-0.232834149
-0.036368235,-0.018546567,-0.262828445
-0.038134019,-0.028635573,-0.26432816
-0.03737297,-0.007535266,-0.260578873
-0.038235242,-0.033397013,-0.201340138
-0.038861326,-0.006717948,-0.136102544
-0.037163025,-0.032624685,-0.069365236
-0.040840804,-0.019900016,0.001496289
-0.035794636,-0.00617057,0.075357242
-0.042741552,-0.049042283,0.064109382
-0.035509712,0.033731804,0.036739586
-0.042524109,-0.102794076,0.02699144
-0.037639149,0.116764583,-0.002627927
-0.044274897,-0.407005155,-0.027373221
-0.312700264,-1.753229438,-0.089236457
-0.690278057,-1.792516948,-0.025498578
-0.996920832,-1.688222648,-0.049119086
-1.315286761,-1.826394412,-0.05361823
-1.606989731,-1.781711852,0.144719052
-1.885297489,-1.836453425,0.114349827
-2.15457763,-1.722520019,0.169464346
-2.414369027,-1.73442737,0.305938393
-2.672668318,-1.749746462,0.22907801
-2.912616205,-1.750203861,0.335932689
-3.141140858,-1.78702442,0.445786798
-3.355078114,-1.807731064,0.379424418
-3.562248407,-1.858813451,0.464908162
-3.757736784,-1.867612743,0.510649463
-3.937543053,-1.885447526,0.436038652
-4.10277317,-1.891404951,0.403419855
-4.253142213,-1.90021924,0.330308759
-4.392942795,-1.91505469,0.204332715
-4.520660319,-1.915853262,0.09335382
-4.636092337,-1.913956184,0.048362376
-4.737004439,-1.897099934,-0.006752143
-4.823779025,-1.887299614,0.016493437
-4.899220353,-1.877821722,0.078731601
-4.962095,-1.857531236,0.11060054
-5.012699137,-1.837818121,0.194584569
-5.051542629,-1.813021137,0.209956646
-5.077572006,-1.78185432,0.241825585
-5.091379609,-1.749247823,0.247074587
-5.094082646,-1.716307651,0.144719052
-5.086187231,-1.679370867,0.099727608
-5.067584643,-1.640986906,-0.000378355
-5.038773501,-1.602063065,-0.158223338
-5.00083352,-1.559570017,-0.267702518
-4.954315804,-1.517766816,-0.364059194
-4.899853936,-1.47625605,-0.460790799
-4.837721593,-1.428821602,-0.544399899
-4.767206464,-1.377214332,-0.565395906
-4.688282305,-1.326135694,-0.62763407
-4.601215297,-1.266947611,-0.663627225
-4.504959465,-1.20554377,-0.633632929
-4.400819465,-1.145714579,-0.653879079
-4.289616331,-1.08187378,-0.637007288
-4.170742722,-1.020409953,-0.586016984
-4.045608266,-0.956104258,-0.557897332
-3.914647849,-0.890707555,-0.540275683
-3.777044186,-0.819413415,-0.48628595
-3.632223678,-0.748561675,-0.480287091
-3.483477958,-0.689999703,-0.533152038
-3.331703037,-0.620988804,-0.539525826
-3.173314862,-0.539017039,-0.587891628
-3.006918802,-0.450694186,-0.646380505
-2.833313396,-0.373333895,-0.650504721
-2.656273897,-0.295152536,-0.65950301
-2.474761829,-0.216206348,-0.646005576
-2.290857892,-0.147127964,-0.579643196
-2.10148415,-0.040884098,-0.490035237
-1.906749324,0.035790096,-0.422173142
-1.710574878,0.125875057,-0.312693962
-1.508139585,0.211682219,-0.1747202
-1.308546041,0.292754184,-0.11998061
-1.101600689,0.397907043,-0.051743587
-0.898235642,0.451047722,0.049112234
-0.690360535,0.612115643,0.096728178
-0.481473196,0.659655067,0.15109284
-0.281339795,0.902885961,0.238076298
-0.065756724,0.978859061,0.241450657
0.021688934,0.292536733,0.2433253
-0.00389431,0.079426639,0.303313892
0.002666457,0.151628078,0.284192528
0.001335559,0.045444198,0.295815318
0.00038331,0.078455605,0.28944153
0.002981374,0.036195006,0.249324159
0.000192111,0.041065172,0.266195951
0.002876402,0.028932871,0.222704222
0.000908172,0.017899076,0.210331575
0.002651461,0.028662931,0.197958927
0.002186584,0.009793379,0.110975469
0.002325297,0.020054846,0.088479747
0.002910143,0.01019079,0.028116226
0.002482756,0.011937902,-0.049119086
0.003461247,0.009902105,-0.070115093
0.003360024,0.008447428,-0.156348694
0.003674941,0.009692151,-0.202089996
0.003929874,0.002711204,-0.232834149
0.004469731,0.010584453,-0.297696814
0.005388239,0.007697595,-0.312693962
0.006205523,0.003828456,-0.317942964
0.007064046,0.008057515,-0.290948097
0.007847589,0.000855367,-0.234333864
0.008057534,0.005729283,-0.208088855
0.00879234,0.008983559,-0.18634299
0.008721108,0.000622919,-0.155598837
0.00939593,0.009774633,-0.163847268
0.009782078,-0.004712144,-0.179219345
0.009504652,0.003993419,-0.178094559
0.011082985,0.002088843,-0.183343561
0.009365938,-0.00217021,-0.171345842
0.012121461,0.011622972,-0.147725334
0.010216963,-0.016750716,-0.116981181
0.011757807,0.024790043,-0.065990877
0.012215186,-0.024935146,-0.028872936
0.009947035,0.024538849,-0.012751002
0.015585546,-0.009466087,-0.030372651
0.006261758,-0.010864526,-0.02774815
0.020826662,0.050989215,-0.06224159
-0.002079789,-0.137788792,-0.101984033
0.076769389,0.955722957,-0.071614808
0.421040977,1.973239111,-0.067865521
0.770302498,1.708218065,0.074232456
1.075359442,1.772448777,0.103851824
1.390235042,1.804207962,0.113974899
1.671976893,1.807158556,0.261696806
1.949759789,1.812122452,0.163465487
2.2123367,1.702605564,0.229827867
2.47393512,1.748379131,0.296190247
2.726659633,1.733689899,0.207332145
2.962438621,1.75364296,0.35880334
3.186693152,1.777150231,0.349055194
3.398583448,1.816336514,0.308937823
3.603804256,1.85290213,0.407169142
3.793646624,1.854626747,0.347555479
3.969021563,1.873365078,0.334807903
4.129310486,1.874718527,0.333683117
4.275908024,1.884815031,0.279318455
4.411460978,1.894581609,0.214830719
4.53536201,1.895380181,0.132721334
4.646358949,1.885054978,0.116224471
4.742213636,1.868344945,0.085480317
4.825287949,1.86176141,0.133471191
4.896279202,1.845969922,0.179212492
4.955404839,1.82377111,0.178837564
5.00300227,1.806217515,0.179587421
5.037564393,1.776449137,0.137970335
5.059762281,1.742305482,0.146593696
5.070113298,1.711652301,0.060360095
5.069243528,1.671858653,-0.011626216
5.05772282,1.634366993,-0.029622793
5.035397465,1.595615614,-0.16609684
5.003313438,1.548552333,-0.284199381
4.961909371,1.511686783,-0.360684836
4.91223124,1.467754056,-0.406051208
4.854923873,1.421361876,-0.454417011
4.789807318,1.380979609,-0.457791369
4.716682878,1.325409471,-0.430046645
4.63469203,1.274139626,-0.528652893
4.544344638,1.211952209,-0.559397047
4.446075588,1.144088555,-0.566895621
4.339813648,1.094164661,-0.657628366
4.225802505,1.03154984,-0.677499587
4.104990658,0.967120422,-0.646380505
3.978510307,0.904119436,-0.625384498
3.845664138,0.836218291,-0.640006717
3.706006017,0.771046538,-0.610012421
3.560544429,0.706152224,-0.596140059
3.411693736,0.639799484,-0.620510425
3.258546678,0.565944663,-0.592390772
3.098283998,0.488063238,-0.59876456
2.929661027,0.401656209,-0.599889346
2.754773459,0.323737292,-0.59314063
2.57652303,0.243568876,-0.610762279
2.393455122,0.169436616,-0.56127169
2.208448977,0.09155894,-0.493784524
2.016998283,-0.005739416,-0.437545219
1.822495895,-0.074405391,-0.352436404
1.624750614,-0.176941332,-0.273326449
1.422866425,-0.245607307,-0.233209078
1.221990721,-0.347142221,-0.207338997
1.013703223,-0.436754787,-0.155223908
0.811507867,-0.51491365,-0.082862669
0.599028976,-0.665918809,-0.036746439
0.396346248,-0.712348481,0.037864373
0.188234954,-1.015948445,0.150717911
-0.007635822,-0.836637083,0.178462635
-0.045260887,-0.164932753,0.257197662
-0.022748081,-0.140829365,0.33855719
-0.033144086,-0.133735943,0.322060327
-0.027378109,-0.065636092,0.348305336
-0.030129882,-0.09257385,0.341931548
-0.029143893,-0.043216079,0.338182261
-0.028817729,-0.064140175,0.312312181
-0.030126133,-0.037783538,0.230202796
-0.028405338,-0.042080082,0.219704792
-0.030257349,-0.038747073,0.170214204
-0.028930199,-0.029362911,0.095603392
-0.029799969,-0.034637987,0.070108241
-0.029694997,-0.025658735,-0.029997722
-0.029859953,-0.029700336,-0.07086495
-0.030159874,-0.023559202,-0.083612526
-0.030141129,-0.031533678,-0.170221056
-0.030748469,-0.026307341,-0.179594274
-0.030576014,-0.02217576,-0.223460931
-0.031487024,-0.031901096,-0.280450094
-0.032521751,-0.025422537,-0.289073454
-0.033046612,-0.024938895,-0.314193677
-0.034047598,-0.028256907,-0.317568035
-0.034594953,-0.019618828,-0.280450094
-0.03471867,-0.02248694,-0.239207937
-0.035580943,-0.022471944,-0.233958935
-0.035356002,-0.019348888,-0.205839283
-0.036368235,-0.022648155,-0.220086573
-0.035925852,-0.013706394,-0.268077447
-0.036630666,-0.030105246,-0.263203374
-0.037166774,-0.010429623,-0.2557048
-0.036135796,-0.021605886,-0.209213641
-0.038703868,-0.020353665,-0.163097411
-0.035749648,-0.014399989,-0.113231894
-0.039746093,-0.03642259,-0.041620512
-0.036165788,0.010160797,-0.005627357
-0.039063773,-0.057402923,0.022867225
-0.039116259,0.028407988,0.026616511
-0.035292269,-0.065936025,0.017993151
-0.04619439,0.025067481,-0.015000574
-0.021840821,-0.053818721,-0.074239309
-0.191940903,-1.408677333,-0.140976617
-0.571914313,-1.90224004,-0.073114523
-0.895277673,-1.646775618,0.006370362
-1.207963852,-1.812724953,-0.011251287
-1.51296456,-1.777186608,0.178837564
-1.791268569,-1.827192985,0.220079721
-2.066445903,-1.758152093,0.166089988
-2.326117331,-1.705974949,0.313062038
-2.587622026,-1.749150345,0.264696236
-2.833032221,-1.729028571,0.307813037
-3.065159673,-1.768788477,0.463783376
-3.284413025,-1.784801165,0.379799347
-3.493562794,-1.832104392,0.385048349
-3.694460993,-1.85297225,0.428540078
-3.878901038,-1.863368687,0.38467342
-4.049278547,-1.876445778,0.375300203
-4.204326353,-1.879373877,0.339307047
-4.347542284,-1.894647979,0.280443241
-4.479544926,-1.897872262,0.166464917
-4.599554486,-1.897965991,0.099352679
-4.705407783,-1.883884124,0.059235308
-4.796366264,-1.871399401,0.056235879
-4.875699064,-1.860178147,0.127472332
-4.942682626,-1.843910516,0.152592555
-4.997939284,-1.827676627,0.181462065
-5.04093668,-1.798181938,0.141344694
-5.071052477,-1.769534561,0.12222333
-5.089943739,-1.741228357,0.123723045
-5.096815674,-1.705956204,0.014993722
-5.09281548,-1.670005451,-0.018749861
-5.078445525,-1.631085359,-0.063741305
-5.0529785,-1.589477114,-0.217462072
-5.017884017,-1.547261505,-0.331440397
-4.974106828,-1.506455582,-0.403051779
-4.922194286,-1.464093756,-0.47466316
-4.862630015,-1.420258507,-0.541775398
-4.795391521,-1.372475386,-0.507656886
-4.71984522,-1.318929797,-0.49490931
-4.635964871,-1.263798311,-0.554148045
-4.543581766,-1.204865171,-0.536151467
-4.44257219,-1.145069722,-0.575518981
-4.333817159,-1.080861506,-0.610762279
-4.217372908,-1.01718567,-0.576643767
-4.094037977,-0.958346259,-0.570644908
-3.96489583,-0.89243967,-0.582642626
-3.829556569,-0.822562714,-0.566145763
-3.687281639,-0.752970695,-0.545524685
-3.539979287,-0.692028001,-0.574769123
-3.389696472,-0.627306149,-0.565020977
-3.233816386,-0.549525951,-0.557147474
-3.069954657,-0.465728342,-0.557897332
-2.897796368,-0.379606249,-0.57289448
-2.721203001,-0.307749734,-0.613011851
-2.540635684,-0.227138916,-0.595015273
-2.356596783,-0.153014155,-0.567645478
-2.169656148,-0.063611542,-0.485536093
-1.975978542,0.01963494,-0.386554916
-1.781491151,0.099638393,-0.305945245
-1.580615446,0.200865875,-0.21221307
-1.380129638,0.262959562,-0.182968632
-1.175801095,0.383836423,-0.124479755
-0.968773265,0.442462132,-0.059992018
-0.764538447,0.569183943,-0.006002285
-0.550057585,0.662583166,0.057735594
-0.351854924,0.789035037,0.128222189
-0.132039221,1.058581327,0.208456931
0.014157173,0.537720942,0.186711066
0.004514719,0.063657647,0.235076869
-0.001592418,0.160956003,0.278568598
0.004570954,0.067005652,0.268445523
-0.000812624,0.067575525,0.307063179
0.003798658,0.054071029,0.267695666
0.000477035,0.031002411,0.263196521
0.003116338,0.045984078,0.237326441
0.002002883,0.016823065,0.193834712
0.002197831,0.031253605,0.204332715
0.002951382,0.015338395,0.153717341
0.002074114,0.017805347,0.149968054
0.00330004,0.014880997,0.116224471
0.002726441,0.009909603,0.002996003
0.003506236,0.00790005,-0.030372651
0.003431255,0.003865947,-0.09411053
0.003731176,0.010198289,-0.147350405
0.004229794,0.007176461,-0.15747348
0.004259787,0.00614544,-0.222711074
0.005047079,0.008027522,-0.262828445
0.006171782,0.008518662,-0.308944675
0.006996564,0.009583426,-0.35956005
0.007742617,0.007761331,-0.353186262
0.008214992,-0.001112945,-0.307070032
0.008484921,0.007292685,-0.253830156
0.009200982,0.005508082,-0.213337856
0.008852324,0.002996141,-0.188967491
0.01004076,0.008323706,-0.200965209
0.009714596,-0.005499469,-0.206214211
0.010486892,0.011634219,-0.193841564
0.010974263,-0.004385967,-0.175844986
0.01026945,0.006925267,-0.120730468
0.012395138,-0.004131024,-0.077238738
0.009579632,-0.002323926,-0.040120797
0.013797268,0.016718088,-0.014625646
0.009853309,-0.028864272,-0.006752143
0.013306148,0.045103024,-0.017625075
0.012402636,-0.04869736,-0.05661766
0.009800823,0.059271123,-0.082112811
0.019162101,-0.053342577,-0.143601118
-0.003092022,0.073337993,-0.175470058
0.177411562,1.483894216,-0.212587999
0.556061572,1.929745037,-0.14322619
0.875361005,1.661525952,0.005995433
1.187409852,1.813340931,0.008994863
1.489819995,1.766989991,0.194959498
1.766800603,1.825701931,0.274819311
2.039259905,1.753136823,0.187460924
2.298132794,1.696389446,0.337807333
2.558895185,1.732366443,0.309312751
2.80187977,1.708263055,0.291691102
3.032027745,1.742822867,0.444287083
3.250666259,1.7660527,0.35017998
3.460033471,1.812032472,0.320185684
3.659023424,1.823587401,0.37305063
3.840610473,1.832367948,0.299189676
4.008641101,1.846404826,0.296940104
4.161698183,1.845452537,0.286442101
4.303365773,1.862173818,0.226453509
4.4344799,1.8667478,0.124097974
4.552228806,1.848028214,0.064109382
4.655454047,1.831096981,0.06748374
4.744579262,1.822923799,0.04723759
4.821370234,1.813292191,0.13084669
4.886647996,1.802573326,0.199083714
4.939692738,1.77738268,0.192334997
4.980234532,1.748495356,0.169839275
5.008667024,1.722513635,0.149218196
5.025365115,1.689239787,0.123723045
5.030362545,1.653386512,-0.006377214
5.023992977,1.612640576,-0.082862669
5.007189914,1.572063353,-0.14022676
4.979424746,1.533274481,-0.320567465
4.94199463,1.491906184,-0.442044364
4.896657852,1.445870174,-0.493034667
4.842859559,1.404813057,-0.522279105
4.781252078,1.365034406,-0.531652323
4.712154074,1.314945548,-0.47766259
4.634725771,1.262033569,-0.425922429
4.548869693,1.199010088,-0.470538945
4.454743299,1.138937201,-0.447668294
4.352406573,1.085938991,-0.485161164
4.241971985,1.021397098,-0.58714177
4.124095613,0.95953211,-0.586391913
3.99993215,0.90059522,-0.58714177
3.870017707,0.831824269,-0.629508714
3.733362543,0.763293263,-0.639631788
3.59015411,0.700899643,-0.600264275
3.443627804,0.640916736,-0.609637492
3.293408722,0.570308693,-0.594640344
3.136655116,0.494080649,-0.557522403
2.971514974,0.409274514,-0.59314063
2.798374445,0.322425084,-0.598014703
2.62181482,0.248933932,-0.576643767
2.440321496,0.17517284,-0.604013562
2.256241356,0.102911415,-0.566145763
2.067242515,0.006606588,-0.451042652
1.873238746,-0.065909781,-0.382055772
1.677870337,-0.158679145,-0.303695673
1.476702209,-0.240287241,-0.215962357
1.277802233,-0.316631508,-0.164972054
1.071074323,-0.427565581,-0.138352117
0.86841409,-0.484215479,-0.083612526
0.660182827,-0.637961278,-0.018749861
0.451479189,-0.686434246,-0.009751572
0.250704708,-0.928817828,0.067108811
0.035668992,-0.984455451,0.105726467
-0.048005162,-0.30345319,0.090354391
-0.022350686,-0.10443996,0.185961209
-0.029466307,-0.16746719,0.242200514
-0.027618045,-0.063105405,0.268820452
-0.026714534,-0.096255531,0.312312181
-0.028532804,-0.050103297,0.313436967
-0.026095947,-0.058313971,0.30106432
-0.028941446,-0.0489673,0.254198232
-0.026714534,-0.034585499,0.235826726
-0.02816915,-0.043883431,0.223454079
-0.027460587,-0.026978441,0.157841557
-0.027719269,-0.034656733,0.146593696
-0.028154154,-0.025684979,0.089604533
-0.027835488,-0.026918455,0.004870647
-0.028536553,-0.026734745,-0.012001145
-0.028225385,-0.023165539,-0.07686381
-0.028918952,-0.023664179,-0.142476332
-0.028956442,-0.022408208,-0.193466635
-0.029110151,-0.022044539,-0.252330441
-0.030126133,-0.023574199,-0.334814755
-0.030827198,-0.023896627,-0.367808481
-0.031588247,-0.022543178,-0.357310477
-0.032694205,-0.022839362,-0.345312759
-0.032611727,-0.018291624,-0.251205655
-0.033331537,-0.022235746,-0.193841564
-0.033788916,-0.016000883,-0.157848409
-0.033732681,-0.021155986,-0.168721341
-0.035037336,-0.021249716,-0.214837571
-0.033935127,-0.018527821,-0.218961787
-0.035532206,-0.026730996,-0.263578302
-0.034478734,-0.007467781,-0.214837571
-0.035580943,-0.031634905,-0.169846127
-0.036068314,-0.002252692,-0.173970343
-0.034572459,-0.028463111,-0.090361243
-0.038370206,-0.013957588,-0.059242161
-0.03312909,-0.007857695,-0.028123079
-0.040195974,-0.046800282,-0.008626786
-0.032784181,0.031122384,-0.003002856
-0.040289699,-0.10070954,-0.031497437
-0.03411508,0.123843009,-0.098609674
-0.044394865,-0.459182298,-0.121855254
-0.318076344,-1.783219016,-0.195341279
-0.693104811,-1.775135815,-0.077988596
-0.99844293,-1.68659551,-0.008251858
-1.31604781,-1.81323109,0.036364658
-1.606318658,-1.768803473,0.267695666
-1.883985335,-1.819008555,0.220829578
-2.151297246,-1.70017499,0.241075728
-2.410477554,-1.715692788,0.314561753
-2.667078544,-1.719025796,0.217080291
-2.903513609,-1.716000219,0.324684828
-3.130336212,-1.757409758,0.363677413
-3.344790831,-1.77987851,0.276319026
-3.551874896,-1.823267608,0.342306477
-3.745061381,-1.825850783,0.368926415
-3.922007155,-1.840764965,0.330308759
-4.084879146,-1.845987554,0.323934971
-4.233452412,-1.855180509,0.327309329
-4.372143288,-1.867001629,0.282692814
-4.498436188,-1.865505712,0.185961209
-4.611663788,-1.859008407,0.139844979
-4.710348978,-1.841274852,0.070858098
-4.795500242,-1.83148578,0.05023702
-4.869123301,-1.817332678,0.091104248
-4.930044713,-1.796708516,0.118474043
-4.978920556,-1.773906088,0.129721904
-5.015349687,-1.743897763,0.095978321
-5.039467068,-1.714095643,0.104601681
-5.052063742,-1.682025277,0.017243294
-5.053649573,-1.64905886,-0.083612526
-5.044771917,-1.612976887,-0.088111671
-5.025093364,-1.570551324,-0.20358971
-4.995127527,-1.529370485,-0.321692251
-4.955684192,-1.487466057,-0.396677991
-4.90786557,-1.445647859,-0.459291084
-4.852057807,-1.401913838,-0.509156601
-4.788392119,-1.354588115,-0.514030674
-4.716980977,-1.307434854,-0.418798784
-4.637190797,-1.251815977,-0.446168579
-4.549366489,-1.194701182,-0.47203866
-4.453376837,-1.138145013,-0.454042082
-4.348963159,-1.073798077,-0.5470244
-4.236481612,-1.012019319,-0.598389631
-4.116220869,-0.947931076,-0.599514418
-3.989688033,-0.885218776,-0.606263134
-3.857138035,-0.822528971,-0.604013562
-3.717239978,-0.748831615,-0.538775968
-3.572018327,-0.690513338,-0.539150897
-3.424217356,-0.630354221,-0.576643767
-3.27178261,-0.554287392,-0.517405032
-3.11197731,-0.47854674,-0.503157742
-2.943204377,-0.387295789,-0.510281387
-2.768245579,-0.312050027,-0.521904177
-2.589331575,-0.234524773,-0.557147474
-2.40572381,-0.156005989,-0.556772546
-2.220305273,-0.078885645,-0.517030104
-2.028325969,0.015030964,-0.458916155
-1.834190984,0.0827484,-0.39405349
-1.635778379,0.181861352,-0.273326449
-1.434985152,0.249327595,-0.189717348
-1.234150687,0.352898305,-0.179594274
-1.026249337,0.432905508,-0.124854683
-0.824496364,0.52473758,-0.02774815
-0.6105891,0.660547369,0.01274415
-0.409312252,0.714992758,0.049487162
-0.196983321,1.028115604,0.17133899
-0.009116681,0.75908295,0.173588562
0.014453345,0.11363028,0.173213633
-0.004962778,0.134565623,0.253823304
0.005999327,0.102757699,0.25194866
-0.000452719,0.051349135,0.273694525
0.003240056,0.073248013,0.279693384
0.001826679,0.028156794,0.282692814
0.002216576,0.048128601,0.277818741
0.003000119,0.019998609,0.205457501
0.001879165,0.028591697,0.176587992
0.003573718,0.018978836,0.150717911
0.002411525,0.012050377,0.133471191
0.003581216,0.016433152,0.129346975
0.003198817,0.009279743,0.046487733
0.003599961,0.013666267,0.028491155
0.003821152,0.005987975,0.00112136
0.003704933,0.008184987,-0.079113382
0.004353512,0.007877555,-0.100859247
0.004376006,0.002996141,-0.164222197
0.005245776,0.005260637,-0.227210218
0.006302997,0.008848589,-0.291697955
0.00708654,0.007573873,-0.333315041
0.008061283,0.010082065,-0.358810192
0.008608638,0.005433099,-0.332190254
0.008687367,0.005436848,-0.247831297
0.009605875,0.001301518,-0.232834149
0.009347193,-0.002162712,-0.164597126
0.01034443,0.008758609,-0.137977188
0.010385669,-0.00549572,-0.170595985
0.010550625,0.008724867,-0.173595414
0.011525368,-0.006770437,-0.214837571
0.010295693,0.001758916,-0.187842705
0.013009976,0.003798462,-0.14885012
0.01019072,-0.012405433,-0.118105967
0.013504845,0.026229723,-0.072739594
0.011296678,-0.027709529,-0.053993159
0.012346401,0.038058341,-0.034496867
0.014385863,-0.035042897,-0.06824045
0.008331211,0.032550816,-0.063741305
0.021505233,-0.007261577,-0.081737883
-0.004696598,-0.035998935,-0.126354398
0.134054262,1.286140706,-0.161972625
0.504280246,1.961935376,-0.139101974
0.834013174,1.665237626,0.017618223
1.143553933,1.79657466,0.016868365
1.45208246,1.774432086,0.143594266
1.731091283,1.817116341,0.276693954
2.006992176,1.767481132,0.181087136
2.266791071,1.685576852,0.290566316
2.528565694,1.729457091,0.252698518
2.77601535,1.702103175,0.200958357
3.008476464,1.739651073,0.364802199
3.229814265,1.757253407,0.307438108
3.441074728,1.79504875,0.30406375
3.643914914,1.819920717,0.385423277
3.829685857,1.823677381,0.314186824
4.001135583,1.837616781,0.289816459
4.157323088,1.837421824,0.277068883
4.301187598,1.85002652,0.245199944
4.434978518,1.855665266,0.203207929
4.55607529,1.845853698,0.17133899
4.66297831,1.830579596,0.153342412
4.755998746,1.821742812,0.094103678
4.836133835,1.810589043,0.112850112
4.904200861,1.790471018,0.137595407
4.960387273,1.769475688,0.138345264
5.004216949,1.745541013,0.112100255
5.035794861,1.713808072,0.059235308
5.055364693,1.682986178,0.037489444
5.063616264,1.651815612,-0.079113382
5.061010702,1.61289552,-0.167221626
5.047435537,1.573791718,-0.188592562
5.023059474,1.531962273,-0.314943534
4.988947232,1.489716671,-0.398177706
4.945957334,1.446721235,-0.43717029
4.894502172,1.405907814,-0.507281957
4.8353203,1.363189817,-0.532027252
4.768074307,1.307199771,-0.487785665
4.692535505,1.259746577,-0.430796503
4.60897757,1.210370061,-0.464540086
4.517325523,1.149926007,-0.441294506
4.417796805,1.093707263,-0.458541226
4.310166477,1.030616297,-0.553773116
4.194550758,0.966303104,-0.573269409
4.072179322,0.903752018,-0.617510995
3.943674506,0.840706043,-0.628008999
3.808680154,0.77742387,-0.618635781
3.666821365,0.709087821,-0.592015844
3.520291309,0.647061619,-0.590516129
3.371129448,0.583142088,-0.604763419
3.216437798,0.512264105,-0.555272831
3.054113163,0.43307422,-0.555272831
2.883585694,0.347675717,-0.526403321
2.708098285,0.276820229,-0.488910451
2.528100817,0.194930945,-0.513280817
2.343473321,0.121810961,-0.491534952
2.156146538,0.03559139,-0.428172002
1.961876589,-0.049683391,-0.404176565
1.766733121,-0.121641134,-0.368933267
1.566262309,-0.22154516,-0.269577162
1.365480329,-0.282934004,-0.21821193
1.161826608,-0.396871159,-0.212587999
0.954974981,-0.457787608,-0.204339568
0.75207856,-0.575725123,-0.160847839
0.537710168,-0.680218128,-0.08248774
0.339496261,-0.789693776,-0.003377784
0.120700288,-1.074319211,0.089229604
-0.036409474,-0.605088591,0.138720193
-0.032855412,-0.088719707,0.211831289
-0.023426652,-0.175385428,0.250823874
-0.030804704,-0.090335598,0.236576584
-0.024678822,-0.083504617,0.276319026
-0.029233869,-0.081386338,0.280068313
-0.026095947,-0.046192917,0.2838176
-0.028135409,-0.060780922,0.240325871
-0.027355615,-0.03201732,0.160466057
-0.027216901,-0.045761763,0.168714489
-0.02816915,-0.029325419,0.130096833
-0.02707069,-0.033164565,0.110975469
-0.028172899,-0.030997547,0.123348116
-0.027659285,-0.023930369,0.052486592
-0.028341604,-0.029212944,0.024366939
-0.02809417,-0.020019989,-0.023998863
-0.028191644,-0.025684979,-0.083237598
-0.028858968,-0.023900376,-0.098609674
-0.028840223,-0.021609636,-0.153724193
-0.029623766,-0.024076587,-0.210338427
-0.030755967,-0.022145766,-0.239207937
-0.031490773,-0.02752207,-0.282699666
-0.032529249,-0.027874492,-0.335564613
-0.03271295,-0.019678815,-0.31606832
-0.033012871,-0.02280187,-0.304070602
-0.033657701,-0.017256854,-0.275201092
-0.03343276,-0.020998522,-0.204714496
-0.034786153,-0.020897294,-0.216337286
-0.033747677,-0.013072785,-0.220461502
-0.035037336,-0.028789288,-0.190842134
-0.034636192,-0.007756467,-0.162347553
-0.034778655,-0.028643071,-0.122230182
-0.036454462,-0.008536294,-0.083987455
-0.033946374,-0.020983525,-0.028123079
-0.038231493,-0.022914345,-0.001503141
-0.033384023,0.001743919,0.01836808
-0.039288714,-0.054516066,-0.005627357
-0.034220052,0.037477221,-0.063741305
-0.037275495,-0.094467178,-0.115856395
-0.039022534,0.094828213,-0.201715067
-0.03013738,-0.27351235,-0.233958935
-0.264472999,-1.660336352,-0.297321885
-0.645421152,-1.826713091,-0.194216493
-0.955659228,-1.659912696,-0.103858676
-1.272405585,-1.814603285,-0.091486029
-1.568573626,-1.763352186,0.200958357
-1.846993853,-1.820631944,0.227578295
-2.118440922,-1.713023381,0.248574302
-2.378022375,-1.701558432,0.432289365
-2.638166179,-1.721998885,0.32131047
-2.87927251,-1.708749332,0.377174846
-3.108130825,-1.746184755,0.461908732
-3.324501188,-1.768061138,0.338932119
-3.533354787,-1.816260416,0.368176557
-3.73071392,-1.821295546,0.378299632
-3.911967306,-1.833262884,0.303688821
-4.078610801,-1.838331757,0.31268711
-4.230475698,-1.843516853,0.282317885
-4.37156594,-1.855765379,0.174713348
-4.500681845,-1.854554398,0.112850112
-4.617508494,-1.84964674,0.094853535
-4.719665268,-1.833319122,0.041238731
-4.808055677,-1.822888942,0.076856957
-4.884812907,-1.808405914,0.14246948
-4.949157166,-1.789150197,0.167589703
-5.001785768,-1.769257122,0.205457501
-5.041439047,-1.738274014,0.182961779
-5.068150743,-1.70889555,0.165715059
-5.08410653,-1.680188186,0.101602252
-5.089088964,-1.643457606,-0.008251858
-5.082771882,-1.60747686,-0.095985173
-5.066373713,-1.570738783,-0.226460361
-5.039748244,-1.528163254,-0.367808481
-5.0031804,-1.487109886,-0.481036948
-4.958450962,-1.44681385,-0.522279105
-4.905076306,-1.400410422,-0.557147474
-4.843236387,-1.35461061,-0.561646619
-4.773868454,-1.305391559,-0.459666012
-4.696076497,-1.251377324,-0.451042652
-4.609864263,-1.200174964,-0.454417011
-4.515726622,-1.143251377,-0.426297358
-4.413779793,-1.081911272,-0.482161734
-4.303888812,-1.020949833,-0.506907029
-4.186316109,-0.958949875,-0.508781672
-4.061721511,-0.89378562,-0.522654034
-3.930686113,-0.830503448,-0.562021548
-3.792748788,-0.762988466,-0.548524114
-3.647643356,-0.693104012,-0.532027252
-3.499418748,-0.63669781,-0.584142341
-3.348232422,-0.56881541,-0.557522403
-3.190027949,-0.491503858,-0.540275683
-3.023838085,-0.408437336,-0.569520122
-2.850168945,-0.327672802,-0.553398187
-2.672379644,-0.255591336,-0.535776539
-2.490076535,-0.173784534,-0.542150326
-2.305231597,-0.103491421,-0.496409025
-2.114631928,-0.008311344,-0.396677991
-1.91899359,0.066630735,-0.334064898
-1.722414251,0.154409959,-0.240332723
-1.519427854,0.240048409,-0.156348694
-1.319271959,0.309816639,-0.149599977
-1.11201169,0.418771152,-0.101609104
-0.908039303,0.475567268,-0.047244442
-0.699613092,0.625638884,-0.032622223
-0.489203655,0.674381792,-0.031872366
-0.288073017,0.903403346,0.040488873
-0.069648197,0.994474337,0.080606244
0.022832382,0.313839494,0.052486592
-0.002428447,0.077694524,0.141719622
0.003633702,0.154634909,0.196459213
0.002835163,0.047067587,0.219329863
0.001298069,0.081559914,0.260197092
0.004031097,0.037503465,0.262821593
0.001373049,0.039318061,0.27519424
0.004109826,0.035287708,0.241075728
0.002122851,0.020073592,0.218205077
0.003798658,0.027684399,0.199833571
0.003240056,0.012252832,0.155966913
0.003367522,0.020632218,0.153342412
0.004049842,0.009864613,0.09635325
0.003667443,0.01266524,0.040863802
0.004420994,0.009800877,0.030365798
0.004184806,0.008522412,-0.034496867
0.004878373,0.010074566,-0.084737312
0.004874624,0.00596923,-0.135727616
0.005178294,0.008117502,-0.19796578
0.005624426,0.002902412,-0.262453516
0.005504458,0.002310044,-0.296197099
0.005980582,0.003438542,-0.312319033
0.006104299,0.003401051,-0.297321885
0.006036817,0.001710177,-0.202464924
0.006018072,0.001331511,-0.149974906
0.005796881,0.002115087,-0.116231323
0.00557194,-0.001056708,-0.101609104
0.005346999,0.000952845,-0.132728186
0.00534325,0.000911605,-0.155598837
0.005257023,-0.000216894,-0.171345842
0.00519329,-0.00010067,-0.167221626
0.005204537,0.000716648,-0.142101404
0.005024585,0.000791631,-0.128978899
0.00492711,-0.004914599,-0.107233034
0.004773401,-0.003546154,-0.08248774
0.004758405,-0.000168155,-0.065615949
0.004600946,-0.001187928,-0.065615949
0.00447348,-0.001172932,-0.10273389
0.00462719,-0.000621804,-0.129353828
0.004428492,-0.000606808,-0.164972054
0.004342265,-0.002747581,-0.191591992
0.004334767,-0.001660323,-0.214837571
0.004349763,-9.69e-05,-0.211838142
0.004282281,-0.001517855,-0.164222197
0.003971113,-0.002668849,-0.1316034
0.003764917,-0.003437428,-0.09411053
0.003806156,-0.001574092,-0.089236457
0.00390738,-0.00324997,-0.108732749
0.003734925,-0.00374111,-0.129728756
