0.001807934,0.01077941,-0.086237027
0.002006632,-0.02559125,-0.077613667
0.000754462,0.015372138,-0.093360672
0.003348777,-0.026044899,-0.085112241
-0.000343998,0.010801905,-0.073489451
0.00428603,-0.000479336,-0.107607963
-0.00131874,-0.048442417,-0.09411053
0.004301026,0.076783477,-0.093735601
-0.00094009,-0.18355861,-0.10273389
0.010666845,0.589898085,-0.08548717
0.200025591,2.173092154,-0.11135725
0.409344066,3.09237641,-0.072364665
0.541024293,3.162737008,-0.064116234
0.698299012,2.634730713,0.086605104
0.832768502,2.702474393,0.235076869
0.951038521,2.738950029,0.067858669
1.058046513,2.589137105,0.183336708
1.146122005,2.609303869,0.222704222
1.229346278,2.491748769,0.019867795
1.299347793,2.446912493,0.097478036
1.362612337,2.336844478,0.029615941
1.412579142,2.270765427,-0.041620512
1.452089958,2.23865382,-0.032247294
1.48147095,2.177257478,-0.125979469
1.500560909,2.128368353,-0.046494585
1.51172921,2.059616147,-0.113231894
1.51282392,1.999224581,-0.145100833
1.506626807,1.920717045,-0.029247865
1.492140632,1.832536661,-0.193091707
1.469384142,1.746493301,-0.196091136
1.43788496,1.663696719,-0.173220486
1.397785549,1.57656985,-0.262828445
1.350499285,1.479069039,-0.155973765
1.296311095,1.380518462,-0.163472339
1.235423424,1.275080666,-0.199465495
1.16757759,1.156869462,-0.128229042
1.094816803,1.039389346,-0.12860397
1.014085622,0.907283733,-0.209213641
0.929804128,0.786350634,-0.289823311
0.843010798,0.653240244,-0.309694532
0.751602436,0.526870855,-0.387679702
0.657221109,0.375258331,-0.466789658
0.553677202,0.216702352,-0.386179987
0.449424732,0.077638287,-0.363309337
0.336819468,-0.100537078,-0.389929274
0.227730775,-0.214762919,-0.269577162
0.114413198,-0.503066286,-0.182593703
0.008065032,-0.518970248,-0.179219345
-0.01044758,-0.11464519,-0.08248774
0.002340293,-0.070761202,-0.018374932
-0.003283222,-0.079541749,-0.0479943
0.00034582,-0.032144792,-0.034496867
-0.001446207,-0.052963911,-0.076113952
-0.000842616,-0.021208475,-0.11135725
-0.000756389,-0.035627767,-0.089611386
-0.001524936,-0.020413652,-0.06224159
-0.00044897,-0.02212702,-0.029622793
-0.001506191,-0.022809369,-0.03637151
-0.000782632,-0.012255466,0.007870077
-0.001378724,-0.018554065,0.026241583
-0.001180027,-0.014429983,-0.01612536
-0.001352481,-0.016518268,0.010119649
-0.001704888,-0.013481444,0.023617082
-0.001401219,-0.012435426,-0.004877499
-0.00192608,-0.010538348,0.013494007
-0.001986064,-0.011175707,0.024366939
-0.002094785,-0.013458949,-0.009376644
-0.002297232,-0.014474973,0.032615371
-0.00230473,-0.011753078,0.062234738
-0.002548416,-0.010047208,0.017618223
-0.002525922,-0.011723085,0.023617082
-0.002413451,-0.008896214,-0.02474872
-0.002604651,-0.010797041,-0.1316034
-0.002480933,-0.011329422,-0.160847839
-0.002334722,-0.009664793,-0.148475191
-0.002484682,-0.009878495,-0.204339568
-0.002338471,-0.009661044,-0.217837001
-0.002270989,-0.01012594,-0.145850691
-0.002364714,-0.007227835,-0.198340709
-0.002196009,-0.007681484,-0.188967491
-0.002196009,-0.012514159,-0.104983462
-0.002181013,-0.009634799,-0.147350405
-0.001993562,-0.006200563,-0.141726475
-0.001929829,-0.00846131,-0.11435668
-0.00192608,-0.009548569,-0.154848979
-0.001922331,-0.010227168,-0.211088284
-0.001884841,-0.009192398,-0.219711644
-0.001989813,-0.008517548,-0.179594274
-0.001918582,-0.009642298,-0.174345272
-0.001843602,-0.008903712,-0.119605682
-0.001929829,-0.008697508,-0.075739024
-0.001791116,-0.008806234,-0.098984603
-0.001839853,-0.010939509,-0.055117945
-0.001952323,-0.011224446,-0.028872936
-0.002046048,-0.010695813,-0.048369229
-0.002638392,-0.012634132,-0.042370369
-0.003005795,-0.009477334,-0.040870654
-0.003125763,-0.012724112,-0.064491163
-0.003500664,-0.011355667,-0.073114523
-0.003620632,-0.00909117,-0.037496296
-0.004126749,-0.012083005,-0.016500289
-0.003886812,-0.009049929,-0.022124219
-0.004437917,-0.017710503,0.009369791
-0.00442667,-0.00639552,0.001871217
-0.004287956,-0.016769462,-0.002627927
-0.005217711,-0.012757855,0.146218767
-0.003954294,-0.009975973,-0.042745298
-0.005997505,-0.020856053,-0.217462072
-0.003755597,-0.000276881,-0.038246154
-0.005453898,-0.030918815,-0.172845557
-0.004734088,0.010483225,-0.064116234
-0.003954294,-0.031552424,0.026241583
-0.006852279,0.009838369,-0.142851261
-0.000535197,-0.01763177,-0.034496867
-0.011099907,-0.036163898,-0.178469487
0.007915071,0.082054804,-0.196840994
-0.069640699,-0.899863019,-0.10273389
-0.319954598,-1.732204115,-0.158973195
-0.539099229,-1.657213296,-0.047619371
-0.725582484,-1.793525474,-0.203964639
-0.903664208,-1.832108141,-0.116606252
-1.050235503,-1.919523696,0.037864373
-1.188862646,-2.005267122,-0.146975477
-1.300170753,-2.01300915,0.182961779
-1.400617978,-2.043883532,0.127097403
-1.489098363,-2.004524787,-0.080613097
-1.565304489,-2.027870844,0.128597118
-1.62952503,-2.013620264,-0.042745298
-1.677366147,-2.010335994,-0.025498578
-1.715328622,-2.006114434,0.016868365
-1.740345766,-1.981737356,0.039364087
-1.756125349,-1.966279545,0.100477465
-1.762337459,-1.922545523,-0.083987455
-1.758865875,-1.881537146,-0.018000004
-1.746932777,-1.832269355,-0.042745298
-1.725574667,-1.771701579,-0.175095129
-1.695691308,-1.705944956,-0.046494585
-1.656274217,-1.628648401,-0.045744728
-1.608114434,-1.547021558,-0.123354969
-1.553213932,-1.461521828,-0.067490592
-1.490579222,-1.361186647,-0.11135725
-1.421751147,-1.261676283,-0.200590281
-1.347044625,-1.152860489,-0.150724764
-1.265364944,-1.0359315,-0.129353828
-1.177578126,-0.91433105,-0.245206796
-1.085483695,-0.798646784,-0.254580014
-0.992489502,-0.682418889,-0.222336145
-0.89278833,-0.539421948,-0.326191395
-0.789184439,-0.410105715,-0.335189684
-0.678232488,-0.247369415,-0.259079158
-0.562590525,-0.122803375,-0.297321885
-0.447360954,0.035793845,-0.341938401
-0.324250964,0.177201139,-0.224210789
-0.208042901,0.334594877,-0.256454657
-0.077997242,0.622605809,-0.368933267
0.007326477,0.377582814,-0.224960646
0.000278338,0.040517794,-0.232084291
-0.003789338,0.09394341,-0.262828445
-0.000493958,0.04377207,-0.126354398
-0.00389431,0.034841557,-0.118105967
-0.000898851,0.033593085,-0.158223338
-0.003054532,0.016253192,-0.139476903
-0.001779869,0.026975807,-0.049868943
-0.002420949,0.005890497,-0.103483747
-0.00234222,0.015829536,-0.138727045
-0.001693641,0.006970257,0.01836808
-0.002308479,0.007108976,-0.018749861
-0.001596167,0.008473672,-0.0911111
-0.001779869,0.00452955,0.006370362
-0.00150994,0.00461953,0.008994863
-0.001569924,0.002868669,-0.007502
-0.001284999,0.001226535,0.076856957
-0.001026318,0.000352979,0.100477465
-0.001086302,0.002662465,0.071982884
-0.000700154,0.000817875,0.071982884
-0.00064017,0.003858449,0.062984595
-0.000501456,-0.005686928,0.028116226
-3.28e-05,-0.002908796,0.028866084
-0.000167794,0.002636221,0.020617652
-0.000606428,-0.007047875,-0.007876929
-0.000501456,-0.000715533,-0.026623364
-0.000407731,-0.001547848,-0.052493444
-0.000595181,-0.001907768,-0.089236457
-0.000508954,-0.001364139,-0.100484318
-0.000520201,-0.00608059,-0.074614237
-0.000733895,-0.001457868,-0.128229042
-0.000718899,7.18e-05,-0.142476332
-0.000733895,-0.005147048,-0.11998061
-0.000756389,-0.007527768,-0.161222767
-0.00026152,-1.44e-05,-0.192716778
0.00030833,0.000379223,-0.20958857
0.000634494,0.000499196,-0.206214211
0.001500515,0.004705761,-0.229084862
0.001650476,-0.001056708,-0.207713926
0.001864169,0.004008416,-0.187092848
0.00265521,-0.001382885,-0.257204514
0.002284058,-0.001161684,-0.262453516
0.003378769,0.007296434,-0.213712785
0.002850159,-0.002995026,-0.193841564
0.003918627,0.010899383,-0.172095699
0.003963615,-0.008078895,-0.13722733
0.003588714,0.011735447,-0.103858676
0.005526952,0.000847869,-0.095235316
0.002561485,0.000397969,-0.096735031
0.006482949,0.018948842,-0.052868373
0.002374035,-0.024200309,-0.014625646
0.006516691,0.04179626,-0.01612536
0.003892384,-0.047190195,-0.003752713
0.003277546,0.062289201,-0.020999433
0.0096996,-0.070063857,-0.067865521
-0.007557093,0.126144996,-0.060741876
0.179139856,1.613641604,-0.056242731
0.525165981,2.181194102,0.017618223
0.801490512,2.108569007,0.038239301
1.06976217,2.364951975,-0.019874647
1.315581006,2.413743621,0.267695666
1.536221492,2.610578586,0.15109284
1.748876586,2.679540745,0.040113945
1.942719148,2.705061318,0.445411869
2.131035669,2.804080541,0.2002085
2.297821626,2.871205609,0.298439819
2.451875945,2.981333611,0.547392476
2.589974478,3.057385444,0.314936682
2.713661816,3.129935555,0.457784516
2.824943679,3.193090256,0.380174276
2.920262259,3.223334778,0.29244096
3.002601765,3.222056313,0.299564605
3.07071003,3.211157487,0.07310767
3.127518778,3.198942704,0.006370362
3.172521894,3.184448429,-0.127854113
3.205614406,3.160457515,-0.285699096
3.226916281,3.133456022,-0.18071906
3.236093857,3.080244109,-0.23245922
3.234639241,3.021959574,-0.314193677
3.223328478,2.971735746,-0.140976617
3.202877628,2.899013173,-0.18071906
3.173481641,2.834197592,-0.24408201
3.136036529,2.751843411,-0.116231323
3.092019403,2.660191299,-0.239957794
3.041497744,2.585714117,-0.414674568
2.984572776,2.501144179,-0.315318463
2.920914586,2.409173388,-0.380930985
2.850020807,2.31413203,-0.499408455
2.772007658,2.214486696,-0.461165727
2.687272534,2.107504244,-0.454042082
2.596182838,2.002388877,-0.470164016
2.498937268,1.897494711,-0.533526966
2.396090676,1.779782146,-0.439044934
2.288494089,1.668266952,-0.486660879
2.176953544,1.552443967,-0.550023829
2.059373343,1.417848908,-0.403051779
1.937234347,1.295044975,-0.463040371
1.812782211,1.167704552,-0.471288802
1.685986943,1.037739713,-0.360684836
1.555303953,0.891927149,-0.26995209
1.417895238,0.748592783,-0.257579443
1.276984948,0.599919606,-0.215962357
1.130376163,0.43995394,-0.104983462
0.984457196,0.31799357,-0.191591992
0.8344818,0.141269132,-0.209963498
0.683014298,0.016770577,-0.182968632
0.531411832,-0.162053394,-0.266577732
0.372749979,-0.307622262,-0.206964069
0.225541353,-0.480102644,-0.182968632
0.063632858,-0.795220046,-0.176594844
-0.033938876,-0.450101818,-0.058867232
-0.022556882,-0.07481405,-0.046119656
-0.019790113,-0.143363801,0.019867795
-0.022804317,-0.073801775,0.158591414
-0.019089048,-0.073666805,0.1597162
-0.022118248,-0.066682109,0.1192239
-0.019707634,-0.054576052,0.110975469
-0.021375944,-0.05597824,0.034864943
-0.020382456,-0.035916453,-0.018000004
-0.020911067,-0.050661923,-0.015000574
-0.020944808,-0.031548675,-0.044619942
-0.020363711,-0.038117213,0.020992581
-0.021180995,-0.032669675,0.005620504
-0.020727365,-0.026708501,-0.026998293
-0.021259725,-0.031110022,-0.004502571
-0.021229732,-0.027357107,-0.084737312
-0.021345952,-0.026393571,-0.06824045
-0.021282219,-0.025576253,-0.087361813
-0.021417183,-0.024492744,-0.163847268
-0.021867064,-0.02343173,-0.14022676
-0.021908303,-0.024275293,-0.139101974
-0.022069511,-0.020893545,-0.167971484
-0.022178232,-0.026206113,-0.134227901
-0.022170734,-0.0231168,-0.107233034
-0.022103252,-0.020829809,-0.130478614
-0.022002029,-0.024301537,-0.103108819
-0.021818327,-0.018771517,-0.125229612
-0.021675865,-0.018820256,-0.191966921
-0.02157839,-0.019495106,-0.199090566
-0.021462171,-0.018014185,-0.227960076
-0.021559645,-0.019491357,-0.216712215
-0.022043268,-0.022321977,-0.14885012
-0.022504396,-0.020657347,-0.098609674
-0.022909289,-0.020841057,-0.073489451
-0.023546621,-0.021452171,-0.062991448
-0.023561617,-0.019768795,-0.019499719
-0.02415396,-0.024462751,-0.043120227
-0.024450132,-0.020327421,-0.082112811
-0.024547606,-0.026461056,-0.064491163
-0.025451118,-0.018824005,-0.10573332
-0.024832531,-0.021695866,-0.146600548
-0.026365876,-0.031158761,-0.130103685
-0.025162444,-0.013657654,-0.093735601
-0.026624558,-0.033966887,-0.088111671
-0.026380872,-0.004543432,-0.040870654
-0.025571086,-0.037363631,0.010869506
-0.02843533,-0.012236721,-0.003377784
-0.023647844,-0.015014853,0.016118508
-0.030493536,-0.042196306,-0.025873506
-0.022665603,0.02552113,-0.050993729
-0.031442036,-0.100375864,-0.064866091
-0.022189479,0.129440513,-0.091486029
-0.041541869,-0.533280815,-0.107982892
-0.31123815,-1.896076411,-0.174345272
-0.652960412,-1.974261519,-0.049494015
-0.924025082,-1.989336916,-0.199465495
-1.199708532,-2.157269559,-0.142101404
-1.442678121,-2.162409666,0.197583999
-1.674078265,-2.283792664,-0.136477473
-1.894313858,-2.222253853,0.02999087
-2.103939752,-2.222681258,0.163840416
-2.30533282,-2.235975801,-0.092235886
-2.487658423,-2.247860657,0.216705362
-2.660641494,-2.280039749,0.209206788
-2.817814989,-2.280602124,0.284567457
-2.964142598,-2.312563764,0.331433545
-3.09686505,-2.324482363,0.23170251
-3.21619229,-2.282071797,0.404169712
-3.323361489,-2.271082991,0.061484881
-3.41462364,-2.29334179,0.227953223
-3.493802731,-2.260634066,0.465658019
-3.561367389,-2.216798817,-0.317568035
-3.616560315,-2.184589732,-0.259829015
-3.659134072,-2.15807563,0.29806489
-3.689129901,-2.113573029,0.212206218
-3.709037144,-2.054534912,0.188210781
-3.718807064,-2.004359824,0.276319026
-3.718417167,-1.93604627,0.278568598
-3.709138367,-1.853275932,0.097478036
-3.691735463,-1.742937977,0.099727608
-3.668547836,-1.629443224,-0.068615378
-3.63945177,-1.552694047,-0.836844285
-3.602617746,-1.476136077,-0.93620039
-3.55788081,-1.402978601,-0.562021548
-3.50467486,-1.333300351,-0.421423285
-3.442156369,-1.246469666,-0.152599407
-3.371656236,-1.164565386,-0.024373792
-3.293658083,-1.081671325,-0.115106537
-3.20793697,-1.001360441,-0.160097981
-3.115370164,-0.92453628,-0.089611386
-3.015961414,-0.841421019,-0.164597126
-2.90990942,-0.765852829,-0.367808481
-2.796006998,-0.681327882,-0.435670576
-2.676289861,-0.60720687,-0.641506432
-2.554109626,-0.540332996,-0.888584445
-2.425807256,-0.457172745,-0.548899043
-2.290696685,-0.375212227,-0.103483747
-2.146715956,-0.277032817,-0.199840423
-1.995844546,-0.198821465,-0.113231894
-1.840781744,-0.116635997,-0.197215922
-1.680331614,-0.036591303,-0.752485327
-1.517789536,0.052908788,-0.872462511
-1.347475761,0.147950146,-0.792602698
-1.176873312,0.216972292,-0.724365675
-0.999383932,0.335554663,-0.479912162
-0.821395933,0.392200813,-0.159348124
-0.642560658,0.536438727,0.188210781
-0.457535767,0.600272027,0.254573161
-0.283345516,0.754025325,0.311937252
-0.087875883,0.952183745,0.558265408
0.017141385,0.392343281,0.350929837
-0.001569924,0.06198177,0.106851253
-0.001000074,0.154908598,0.022492296
0.00125683,0.053201223,-0.425547501
-0.002008558,0.072734378,-0.631008428
0.001380547,0.042744799,-0.469789087
-0.001513689,0.034402904,-0.34493783
0.001095622,0.039374299,0.064109382
-0.000531448,0.015728309,0.375300203
0.000413302,0.030260076,0.379424418
0.00045829,0.013332592,0.497526959
0.000143374,0.02008484,0.311937252
0.001166853,0.015293405,0.008245005
0.000413302,0.008758609,-0.030372651
0.001095622,0.010205787,-0.110982321
0.001148108,0.006092952,-0.14322619
0.001455527,0.005448095,-0.121480325
0.001657974,0.00915977,-0.098984603
0.002456513,0.011439263,-0.055492874
0.003746172,0.008218729,-0.06824045
0.004211049,0.008027522,0.063734453
0.005369494,0.00808001,0.12522276
0.005778136,0.003798462,-0.120730468
0.006392973,0.004986948,-0.281199951
0.006835356,0.001702679,-0.386554916
0.006880345,0.008762358,-0.54402497
0.008196247,0.004409576,-0.474288232
0.007382712,0.001878889,-0.230209648
0.009152245,0.008702372,-0.031497437
0.00811002,-0.008738749,0.137970335
0.009238472,0.016264439,0.236951512
0.009680855,-0.014808648,0.180337279
0.008454929,0.01639566,0.028116226
0.012132708,-0.004989583,-0.129353828
0.007060297,-0.007572758,-0.206214211
0.014119683,0.030185093,-0.312693962
0.006288001,-0.052911422,-0.422923
0.014727022,0.091731402,-0.440544649
0.007633896,-0.155994742,-0.385055201
0.020373032,0.489514165,-0.235833578
0.300094166,1.910980461,-0.108732749
0.67812184,1.864382077,0.229827867
0.990478106,1.739613581,0.295065461
1.319404997,1.861255272,0.185961209
1.621728912,1.809445547,0.485904169
1.9133644,1.863538514,0.144719052
2.197168206,1.734462227,-0.004877499
2.472915389,1.74883653,0.262446664
2.745146002,1.76888332,0.063359524
2.999921223,1.793009203,0.301439249
3.245695072,1.84436153,0.436413581
3.477537599,1.865315619,0.481030096
3.699958864,1.912652589,0.52302211
3.908452557,1.922797832,0.323934971
4.104537028,1.956135416,0.487403884
4.291076518,1.978225502,0.202833001
4.465574189,1.990279071,0.179212492
4.627842588,1.99185747,0.213331004
4.775801017,1.979279018,-0.361809622
4.911477689,1.976722087,-0.274451235
5.035225011,1.977108251,-0.134602829
5.147747797,1.975304902,0.26057202
5.248948573,1.962587731,0.688365667
5.337578918,1.946350093,0.711236318
5.413736308,1.92244916,0.734856826
5.477057087,1.892459581,0.391797065
5.528605974,1.862676206,0.237326441
5.569380207,1.827017888,-0.144725904
5.598629983,1.780614461,-0.436420433
5.616359051,1.742905349,-0.394803347
5.623156006,1.705507418,-0.623509854
5.618829649,1.645370796,-0.686872805
5.603387476,1.602274132,-0.739737751
5.577867965,1.556714267,-0.409800495
5.542211131,1.498197284,-0.112482036
5.496870604,1.458891028,-0.134977758
5.443237267,1.405127987,0.052111663
5.381667276,1.358754553,-0.364059194
5.313165365,1.317937383,-0.640381646
5.237877747,1.259847805,-0.456666583
5.15462723,1.214479147,-0.557897332
5.062877709,1.159032731,-0.390679132
4.962726656,1.094232146,-0.137602259
4.854339028,1.038084636,0.033365228
4.738445881,0.984092896,-0.088861528
4.615392126,0.927113072,-0.190842134
4.485567659,0.867160158,-0.213712785
4.350127175,0.809974129,-0.570644908
4.208617043,0.746789434,-0.57289448
4.060921045,0.68391967,-0.764483046
3.908347585,0.621968451,-1.035556496
3.751796426,0.564568719,-0.923827743
3.590888916,0.496232671,-0.843218073
3.42198102,0.410620465,-0.507281957
3.245455135,0.339746231,-0.192341849
3.063635648,0.263953091,0.068233597
2.876792488,0.191819137,0.336682546
2.687073837,0.109851121,0.260946949
2.492354006,0.034042985,0.134221048
2.294488756,-0.035035399,-0.050243872
2.091221183,-0.127234889,-0.235083721
1.886232814,-0.18985346,-0.287948668
1.678485174,-0.291875765,-0.385805059
1.467033512,-0.354783021,-0.361434693
1.256702804,-0.450101818,-0.282699666
1.0387841,-0.54359477,-0.236958365
0.827343685,-0.629983053,-0.167596555
0.605428536,-0.783950053,-0.023249006
0.393328295,-0.797207104,0.033740157
0.175087176,-1.092547656,-0.05361823
-0.031711964,-0.908381124,-0.058867232
-0.072827357,-0.195038556,-0.061491733
-0.048822446,-0.169233047,-0.101234175
-0.059510874,-0.166818584,-0.10573332
-0.053115062,-0.091805271,0.030365798
-0.055521927,-0.119984002,0.083605674
-0.054498447,-0.067349461,0.059985166
-0.053786135,-0.087609954,0.164590273
-0.055135779,-0.060064831,0.016493437
-0.053246278,-0.062370568,-0.155223908
-0.055143277,-0.058835105,-0.206964069
-0.053793633,-0.049945832,-0.39405349
-0.054528439,-0.052813944,-0.436795362
-0.054333491,-0.043099855,-0.477287661
-0.054648408,-0.050894371,-0.438295077
-0.055713126,-0.043324805,-0.297321885
-0.056099274,-0.041015319,-0.250080869
-0.057201483,-0.043193584,-0.091860958
-0.057797576,-0.039039508,-0.016875218
-0.058408665,-0.038113464,0.033365228
-0.059615846,-0.038218441,0.045362947
-0.059664583,-0.029647847,-0.025123649
-0.060714306,-0.039804338,-0.064116234
-0.061291653,-0.028391877,-0.149974906
-0.060834274,-0.033127074,-0.158598266
-0.062513831,-0.030926313,-0.14885012
-0.06062433,-0.023356747,-0.095610245
-0.063184903,-0.038912037,-0.016875218
-0.061272908,-0.010373385,0.024366939
-0.062806253,-0.05130303,0.050986877
-0.063229891,-0.004524686,0.025116797
-0.060560596,-0.044100882,-0.006752143
-0.066626495,-0.015427261,-0.099359532
-0.057126503,-0.015404766,-0.107607963
-0.071893854,-0.072826992,-0.142851261
-0.048638745,0.10747415,-0.179969202
-0.128031529,-0.926140923,-0.149974906
-0.48092959,-1.87198802,-0.169471199
-0.841231945,-1.628086026,0.025866654
-1.158810582,-1.716956257,-0.07086495
-1.48929706,-1.738656429,0.053236449
-1.787047184,-1.71685128,0.371175987
-2.085142216,-1.685440767,-0.032997152
-2.369512122,-1.576759943,0.12222333
-2.650901566,-1.627324945,0.212581147
-2.922682297,-1.606704532,-0.140976617
-3.179388258,-1.638186279,0.217830149
-3.427164078,-1.658521755,0.238451227
-3.661390976,-1.679453349,0.166839845
-3.88601291,-1.703856671,0.3674267
-4.095136437,-1.711988612,0.174713348
-4.294253856,-1.744546369,0.232452368
-4.483365168,-1.756581192,0.176587992
-4.660520886,-1.767566248,-0.009751572
-4.824157675,-1.764923086,0.080981173
-4.973476994,-1.765440471,-0.146975477
-5.110990681,-1.768132373,-0.124104826
-5.235978925,-1.767165088,0.037489444
-5.349686398,-1.769470825,-0.064866091
-5.45135955,-1.760956469,0.101227323
-5.540166098,-1.752123434,0.222329293
-5.615986077,-1.738993854,0.155591984
-5.678437085,-1.719130773,0.221204507
-5.729371135,-1.705502554,0.260946949
-5.768638266,-1.68650928,0.083605674
-5.795657381,-1.660819994,-0.035996581
-5.811084557,-1.636769094,-0.049119086
-5.814856061,-1.605726,-0.197215922
-5.807065618,-1.570393859,-0.302570887
-5.788328066,-1.539796916,-0.193091707
-5.75961065,-1.502560199,-0.206214211
-5.72086838,-1.458110087,-0.360684836
-5.672352442,-1.418068994,-0.25270537
-5.615678658,-1.378811477,-0.153724193
-5.551128204,-1.338346728,-0.274451235
-5.478821048,-1.298916749,-0.231334434
-5.399458255,-1.257653428,-0.09411053
-5.311843891,-1.206124891,-0.161972625
-5.21570053,-1.154348908,-0.203214782
-5.111740483,-1.102655408,-0.059242161
-4.999461382,-1.042998678,-0.11135725
-4.879024436,-0.98598886,-0.263953231
-4.751246928,-0.927396894,-0.147725334
-4.616455023,-0.868111332,-0.149599977
-4.475094852,-0.810696604,-0.280075165
-4.327998695,-0.748130521,-0.245956653
-4.174521724,-0.682696327,-0.310069461
-4.015799887,-0.626451339,-0.432671146
-3.854442497,-0.571589793,-0.436045504
-3.687664038,-0.494574425,-0.418798784
-3.512056661,-0.412636402,-0.413174854
-3.330049723,-0.336869506,-0.374557198
-3.141898158,-0.257709615,-0.343813044
-2.94982138,-0.193407669,-0.344562902
-2.754887856,-0.111983282,-0.357685406
-2.554398299,-0.038874545,-0.377556627
-2.351726819,0.036753632,-0.378681413
-2.143308106,0.122553295,-0.388054631
-1.934319543,0.185025649,-0.372682554
-1.721593218,0.290388461,-0.353936119
-1.507191085,0.345861121,-0.346437545
-1.291593018,0.453810857,-0.245581725
-1.070037774,0.526447199,-0.191217063
-0.854121041,0.639750745,-0.128978899
-0.626604871,0.772167539,0.055111093
-0.415145711,0.802258345,0.1192239
-0.186782265,1.122170931,0.147718482
3.09e-05,0.750666072,0.173588562
0.012080221,0.094970681,0.208456931
-0.004126749,0.164202781,0.22607858
0.006299248,0.104486065,0.107601111
-0.000868859,0.06620708,0.171713918
0.003712431,0.081987319,0.138345264
0.001170602,0.038598221,-0.074614237
0.002336544,0.060725799,0.012369221
0.002662708,0.025404906,-0.03937094
0.001729205,0.038478248,-0.158973195
0.00345,0.0265559,-0.007502
0.002242819,0.021055874,-0.020624505
0.003243805,0.020249803,-0.051368658
0.002973876,0.012717728,-0.04499487
0.00348749,0.017584146,-0.068990307
0.003588714,0.010423239,0.02136751
0.003776164,0.012297822,-0.001503141
0.004083583,0.007273939,-0.009376644
0.004143567,0.009009803,0.015368651
0.005365745,0.013006414,-0.098234746
0.006243013,0.008406187,-0.155598837
0.006981568,0.008721117,-0.154099122
0.007952561,0.006974006,-0.190842134
0.008151259,0.002118836,-0.183343561
0.008931053,0.008837342,-0.18634299
0.009174739,0.003783466,-0.253080299
0.009234723,0.008893579,-0.269577162
0.010243207,0.004930711,-0.268077447
0.009373436,0.000784133,-0.2557048
0.01106424,0.009054793,-0.199465495
0.009860807,-0.009083672,-0.128978899
0.011277933,0.014967228,-0.083237598
0.01132667,-0.010549596,-0.0911111
0.010501888,0.012095367,-0.071614808
0.013369881,-0.007040376,-0.097859817
0.008863571,0.001496474,-0.149974906
0.015799239,0.01837522,-0.158973195
0.007176516,-0.041004071,-0.16909627
0.016998923,0.083303277,-0.229459791
0.006929082,-0.15892284,-0.266952661
0.028958264,0.553763623,-0.215962357
0.316676037,1.864693257,-0.24108258
0.683854076,1.755517543,-0.069740164
0.986852813,1.631127714,-0.049494015
1.303895342,1.705919826,-0.086237027
1.592640343,1.648490102,0.298814748
1.871259269,1.668184471,0.122973187
2.140554406,1.534054308,0.053986307
2.404589682,1.534061806,0.349430122
2.661610561,1.509463528,0.035989729
2.899275301,1.510700753,0.037864373
3.130772919,1.544240792,0.249324159
3.34931021,1.546100378,0.076856957
3.557035356,1.565209877,0.054361235
3.749063397,1.5531938,0.043113374
3.925844215,1.562622953,-0.026623364
4.089837159,1.566255895,-0.058867232
4.241173446,1.568865314,-0.075739024
4.381270201,1.571467235,0.030740727
4.507443132,1.559968543,-0.014625646
4.620273337,1.541702606,-0.063366376
4.718486152,1.522769318,0.038239301
4.803135049,1.512474108,0.015743579
4.875895835,1.497717391,0.007120219
4.93597372,1.472425517,0.143219337
4.984051024,1.449375645,0.125972617
5.019794086,1.429924971,-0.014625646
5.043172912,1.403384625,0.057360665
5.054554907,1.373507521,-0.069365236
5.054269982,1.341755835,-0.296946957
5.043109179,1.309509258,-0.213712785
5.020783824,1.274105883,-0.302945816
4.988324896,1.232298933,-0.442794221
4.946722132,1.197821603,-0.348687117
4.896597868,1.16358047,-0.281949809
4.838698158,1.124892826,-0.296197099
4.772186971,1.088094761,-0.206964069
4.697240512,1.041057725,-0.015000574
4.613798797,0.992202342,-0.029997722
4.521498171,0.947197354,-0.057367517
4.421167165,0.892661985,0.060735023
4.312385891,0.834632394,-0.006377214
4.195915397,0.779095998,-0.152974336
4.072809156,0.724785579,-0.110982321
3.943123402,0.670231465,-0.079113382
3.806899375,0.609097564,-0.233958935
3.663870894,0.548237352,-0.241457509
3.517385826,0.499543184,-0.191966921
3.366975545,0.438401785,-0.332565183
3.208538634,0.361847565,-0.328066039
3.042922368,0.287055452,-0.242957224
2.869643126,0.214539083,-0.314193677
2.691493919,0.14761647,-0.314193677
2.508898387,0.06957758,-0.252330441
2.322302662,0.00165019,-0.321692251
2.131384327,-0.08456938,-0.297321885
1.934823733,-0.153201613,-0.202839853
1.737674544,-0.22509562,-0.24108258
1.534257011,-0.310880287,-0.217087144
1.332440304,-0.375935816,-0.215587429
1.124827629,-0.484357947,-0.306320174
0.917601101,-0.531803643,-0.335564613
0.710010919,-0.693602651,-0.335564613
0.496051169,-0.746495885,-0.313443819
0.295235449,-0.892019763,-0.297696814
0.071224603,-1.091940291,-0.24108258
-0.050951884,-0.464101204,-0.112107107
-0.031074633,-0.096566711,0.016868365
-0.031179605,-0.196796915,0.107976039
-0.033541481,-0.084573129,0.176213063
-0.029612519,-0.107589259,0.232077439
-0.033421513,-0.07809832,0.208082002
-0.030051153,-0.062678,0.209206788
-0.032705452,-0.064451355,0.16271563
-0.030804704,-0.043748461,0.056610808
-0.031914411,-0.057942803,0.087354961
-0.031809439,-0.035507794,0.026241583
-0.031318318,-0.045713024,-0.043870084
-0.032510504,-0.038098468,-0.016500289
-0.031884419,-0.031574919,-0.074614237
-0.032420527,-0.035575279,-0.057367517
-0.032210583,-0.031597414,-0.042745298
-0.032667962,-0.02990654,-0.095985173
-0.032641719,-0.024548982,-0.074239309
-0.032772934,-0.029317921,-0.074614237
-0.033695191,-0.031619909,-0.107233034
-0.034478734,-0.028928008,-0.083987455
-0.035254779,-0.027694532,-0.06524102
-0.036135796,-0.031226246,-0.063366376
-0.036806869,-0.02622111,-0.041245583
-0.036645662,-0.021092251,-0.08548717
-0.037425456,-0.024995132,-0.147725334
-0.03718177,-0.019862524,-0.174345272
-0.037834098,-0.02622111,-0.227210218
-0.038238991,-0.015191063,-0.248956083
-0.037890333,-0.026723498,-0.263953231
-0.039348698,-0.020004993,-0.276700807
-0.037890333,-0.016731971,-0.259079158
-0.040578373,-0.033022097,-0.27295152
-0.038403947,-0.003358695,-0.20958857
-0.040533385,-0.041476466,-0.141726475
-0.039933543,0.005639303,-0.142476332
-0.038520167,-0.043448528,-0.098609674
-0.043412625,-0.003403685,-0.121105396
-0.034639941,-0.01893648,-0.149225049
-0.049339809,-0.05359752,-0.192341849
-0.024705065,0.093542249,-0.221211359
-0.1194313,-1.020927338,-0.265827875
-0.472625532,-1.896406338,-0.267702518
-0.815671195,-1.608800316,-0.120355539
-1.120270759,-1.684983369,-0.280075165
-1.433193126,-1.683903609,-0.107233034
-1.714072704,-1.672412415,0.2002085
-1.992211756,-1.633578554,-0.082112811
-2.256610686,-1.525253901,0.12222333
-2.519738702,-1.55649945,0.298814748
-2.768339304,-1.520248764,-0.021749291
-3.001801404,-1.552904,0.137970335
-3.228241608,-1.570262639,0.235076869
-3.442043899,-1.586552765,0.072732742
-3.644674141,-1.598595086,0.138345264
-3.829935219,-1.593773659,0.128222189
-4.002247216,-1.607199422,0.100852394
-4.161636376,-1.604503772,0.031865513
-4.308796266,-1.610397461,-0.029247865
-4.443119545,-1.602464225,0.011244435
-4.563777683,-1.594872164,-0.109482607
-4.670991871,-1.582237475,-0.07386438
-4.763592418,-1.564132752,0.092603963
-4.843914957,-1.552971485,0.04423816
-4.911910752,-1.534761786,0.103851824
-4.967133669,-1.514201359,0.27219481
-5.009789905,-1.491657624,0.145468909
-5.040044415,-1.465750887,0.116599399
-5.058002173,-1.43750842,0.194584569
-5.064656666,-1.409944551,-0.051743587
-5.060506512,-1.37605584,-0.168346413
-5.044981862,-1.340480004,-0.134227901
-5.019702287,-1.309354427,-0.313068891
-4.98504269,-1.27342617,-0.433795932
-4.941021814,-1.239008826,-0.346437545
-4.88900805,-1.202023303,-0.315318463
-4.828562761,-1.159908921,-0.390679132
-4.759074861,-1.116823506,-0.268827304
-4.68103172,-1.068170579,-0.10835782
-4.594362107,-1.017976744,-0.200215352
-4.499583385,-0.967726672,-0.130478614
-4.396984228,-0.913802418,0.04423816
-4.286204732,-0.856616389,-0.025873506
-4.167855984,-0.801334936,-0.056242731
-4.042507835,-0.743916459,0.053986307
-3.910422714,-0.680915473,-0.001128212
-3.770828327,-0.621063787,-0.174345272
-3.62570415,-0.564878786,-0.142851261
-3.47809063,-0.507940202,-0.163097411
-3.324793611,-0.439727875,-0.319817607
-3.163788628,-0.363990973,-0.309694532
-2.994993202,-0.288351549,-0.300321315
-2.819768223,-0.218774526,-0.383180558
-2.640723004,-0.142359025,-0.346437545
-2.456192982,-0.071136118,-0.265827875
-2.268847455,0.002984893,-0.28157488
-2.074993646,0.093553496,-0.22683529
-1.878264346,0.151485609,-0.175095129
-1.678667053,0.246928128,-0.191966921
-1.475185787,0.309434224,-0.175844986
-1.272896705,0.400610192,-0.183718489
-1.062903408,0.485450069,-0.175470058
-0.859077232,0.566537032,-0.201715067
-0.645031255,0.728519749,-0.212962928
-0.439555515,0.735002057,-0.199090566
-0.228021375,1.019083863,-0.217087144
-0.02460759,0.874354808,-0.167596555
0.018397303,0.165874909,-0.103483747
-0.005292691,0.120138833,-0.037496296
0.005538199,0.130651494,-0.007127072
-0.000126555,0.053606133,0.014243864
0.002449015,0.083576966,0.028491155
0.001999134,0.036873605,0.00412079
0.001440531,0.057160342,0.067108811
0.00310884,0.029142825,0.051361806
0.001346806,0.029513992,0.00412079
0.003243805,0.025258689,0.046112804
0.002017879,0.016429403,-0.003752713
0.003003868,0.023759022,-0.012001145
0.003003868,0.009692151,-0.016875218
0.003063852,0.017291711,-0.048744157
0.003390016,0.011701704,-0.00187807
0.003168825,0.00861989,-0.01912479
0.003851144,0.007746334,-0.02474872
0.00382865,0.004765747,-0.035621653
0.004233543,0.009523439,-0.079863239
0.0049646,0.009977088,-0.058492303
0.005946841,0.008751111,-0.015750432
0.006610416,0.0072252,-0.01612536
0.007311481,0.008499917,-0.047619371
0.007817597,0.002456261,-0.01612536
0.008042538,0.004379583,-0.060366947
0.009021029,0.006542852,-0.146975477
0.008552403,0.001275274,-0.128229042
0.009500903,0.009036047,-0.16909627
0.009467161,-0.003369943,-0.212587999
0.009748337,0.008814847,-0.191966921
0.01087304,-0.006871664,-0.179594274
0.009324699,0.000431711,-0.164597126
0.012297664,0.010003332,-0.1316034
0.009804572,-0.009874746,-0.053993159
0.012860015,0.022683012,-0.072364665
0.010974263,-0.028789288,-0.088861528
0.01136791,0.038024599,-0.049868943
0.014048452,-0.033295786,-0.155973765
0.007498931,0.026177234,-0.200965209
0.020777925,0.002924907,-0.218586858
-0.004966527,-0.059030061,-0.237708222
0.123110902,1.240952008,-0.275201092
0.486866095,1.959011026,-0.217462072
0.817003915,1.6192766,-0.038996011
1.122312043,1.708731701,-0.220836431
1.42974211,1.675881508,-0.026998293
1.707952393,1.691391808,0.185211352
1.983335922,1.635128074,-0.136102544
2.245672897,1.533945582,0.103851824
2.506772699,1.558060218,0.19720907
2.751001955,1.527781953,-0.053243302
2.984002927,1.563762699,0.157466628
3.208583622,1.575688796,0.229452938
3.419716618,1.593504833,0.114349827
3.618954005,1.599627221,0.123723045
3.800893461,1.593414853,0.10497661
3.969505185,1.602390356,0.040488873
4.124819172,1.606000803,-0.124479755
4.268634944,1.604369916,-0.140976617
4.399764067,1.596871584,-0.09710996
4.516770669,1.58605524,-0.19796578
4.62003715,1.566240898,-0.106108248
4.709361062,1.558412639,0.038989159
4.785739643,1.543344741,0.022492296
4.850046411,1.527826943,0.123723045
4.901932709,1.507446477,0.30968768
4.940644987,1.476013469,0.218580006
4.967457906,1.449938019,0.218580006
4.98263015,1.422662837,0.294315603
4.986120478,1.393558061,0.032240442
4.978416262,1.35750983,-0.09411053
4.959978631,1.324101012,-0.075739024
4.931347442,1.292195609,-0.256079728
4.893017564,1.258929259,-0.404926422
4.846267409,1.222933516,-0.32769111
4.791179456,1.178775839,-0.31044439
4.727498772,1.137302565,-0.435670576
4.655206612,1.094059684,-0.295822171
4.574040546,1.045106824,-0.149599977
4.484532932,0.994354364,-0.238833008
4.387092413,0.939110403,-0.123729897
4.281610268,0.883663987,0.016118508
4.168648848,0.832277918,-0.056992589
4.048590551,0.773862162,-0.072739594
3.921694061,0.715900056,0.029615941
3.788349273,0.657476802,-0.020999433
3.647660175,0.590974096,-0.171720771
3.502108611,0.539790481,-0.124104826
3.353524097,0.480152498,-0.169846127
3.198622502,0.403388324,-0.354311048
3.03598295,0.329739707,-0.352436404
2.865238039,0.256570983,-0.354311048
2.689934331,0.185543033,-0.464915014
2.509779405,0.104321101,-0.437545219
2.325121917,0.043554619,-0.364434123
2.137079074,-0.043234825,-0.390679132
1.942175542,-0.121236224,-0.335189684
1.746660921,-0.189347322,-0.24108258
1.545125391,-0.283372657,-0.2152125
1.344013498,-0.339602648,-0.20358971
1.138807687,-0.455624339,-0.182218774
0.932079777,-0.508933731,-0.196840994
0.728156127,-0.651522012,-0.258329301
0.51528734,-0.734982196,-0.259829015
0.317035942,-0.843464314,-0.281199951
0.095353232,-1.097376582,-0.3393139
-0.045733262,-0.549878372,-0.290948097
-0.033125341,-0.091958986,-0.214087714
-0.02847282,-0.192886535,-0.201340138
-0.033676446,-0.093151221,-0.149599977
-0.02805668,-0.09769896,-0.047244442
-0.032304308,-0.081086405,-0.014250717
-0.028937697,-0.058580161,0.064109382
-0.031337063,-0.068954104,0.186711066
-0.029856204,-0.039650622,0.199458642
-0.030171121,-0.05422738,0.227953223
-0.030812202,-0.039688114,0.257572591
-0.030069898,-0.042777427,0.2433253
-0.031007151,-0.038507127,0.195709355
-0.030433552,-0.034251823,0.102352109
-0.031145864,-0.033835666,0.094103678
-0.030849692,-0.030656373,0.013119078
-0.031202099,-0.032212277,-0.087361813
-0.031554506,-0.02572622,-0.102358961
-0.031621988,-0.026251103,-0.222711074
-0.032015634,-0.02748083,-0.270327019
-0.032622974,-0.028519349,-0.223086003
-0.033728932,-0.026614772,-0.214087714
-0.034178813,-0.02460147,-0.18634299
-0.035101069,-0.025969916,-0.104983462
-0.035397241,-0.02033117,-0.045744728
-0.035532206,-0.023697921,-0.079488311
-0.036143294,-0.021485913,-0.056992589
-0.035899609,-0.023686674,-0.018000004
-0.037099292,-0.023221777,-0.068615378
-0.036203278,-0.014703672,-0.076488881
-0.037511683,-0.029944032,-0.056242731
-0.037384217,-0.009274879,-0.107233034
-0.037290491,-0.028444365,-0.180344131
-0.039127506,-0.011168208,-0.163847268
-0.036364486,-0.021347194,-0.143976047
-0.040492146,-0.028121937,-0.21821193
-0.035922103,0.002111338,-0.217837001
-0.041024505,-0.056960522,-0.275201092
-0.03718177,0.037222277,-0.367058624
-0.03880884,-0.088854677,-0.321692251
-0.042460376,0.078313137,-0.289073454
-0.029694997,-0.218834513,-0.227960076
-0.248588444,-1.591962811,-0.216712215
-0.627763315,-1.811236534,-0.050618801
-0.937952654,-1.595618248,-0.035621653
-1.250140214,-1.734937257,-0.197215922
-1.546109558,-1.670826518,0.194584569
-1.822689022,-1.704257831,0.167589703
-2.094391023,-1.594107334,-0.075739024
-2.354557321,-1.562918022,0.265446093
-2.611660678,-1.570292632,0.127097403
-2.848793059,-1.557672939,-0.040495726
-3.078352439,-1.60491618,0.233202225
-3.296293637,-1.608639102,0.16833956
-3.502144278,-1.635756819,0.147718482
-3.694288539,-1.631670228,0.236201655
-3.869974645,-1.639592216,0.177337849
-4.034286256,-1.64964373,0.124472902
-4.184542828,-1.646464437,-0.018374932
-4.322858802,-1.650333577,0.063359524
-4.447914529,-1.639026092,0.077981743
-4.558540316,-1.630714191,-0.055867803
-4.656142042,-1.617063478,0.113974899
-4.739797452,-1.600840836,0.129346975
-4.811493519,-1.588626054,0.016493437
-4.871316471,-1.568912939,0.140969765
-4.917564259,-1.545863066,0.161215915
-4.951620266,-1.520466216,0.04723759
-4.9734545,-1.493074809,0.149218196
-4.983051965,-1.462522855,0.118848972
-4.981878525,-1.432199601,-0.136102544
-4.970391559,-1.40347724,-0.119605682
-4.948392368,-1.366405486,-0.10573332
-4.916739477,-1.331215814,-0.294322456
-4.876366388,-1.298136923,-0.283074595
-4.827228114,-1.258110827,-0.155223908
-4.769767038,-1.218092229,-0.220836431
-4.704185606,-1.173743344,-0.292822741
-4.62926539,-1.122799676,-0.150724764
-4.545036382,-1.071589818,-0.153724193
-4.452761999,-1.021733409,-0.276700807
-4.352445989,-0.968618974,-0.13722733
-4.244530737,-0.909074719,-0.078363524
-4.129136209,-0.852233614,-0.239207937
-4.00689224,-0.796517258,-0.227585147
-3.878241213,-0.733328814,-0.110982321
-3.741889719,-0.668093326,-0.211838142
-3.599221143,-0.607458064,-0.23245922
-3.452687338,-0.549829633,-0.095610245
-3.301422283,-0.48529149,-0.201340138
-3.14355897,-0.410720578,-0.302195958
-2.977594046,-0.329449907,-0.251580584
-2.805030865,-0.264709308,-0.3393139
-2.628797403,-0.189909697,-0.434920718
-2.447071641,-0.109100173,-0.370058053
-2.262699078,-0.044846966,-0.318317893
-2.071750752,0.052207694,-0.308194818
-1.876877212,0.120206318,-0.274076306
-1.67958931,0.208251732,-0.257954372
-1.477281483,0.279943284,-0.289823311
-1.277238059,0.364445737,-0.321692251
-1.068973055,0.460458129,-0.310819319
-0.86647028,0.535550175,-0.339688828
-0.656173313,0.702369316,-0.346437545
-0.451019988,0.721662524,-0.272576591
-0.244696972,0.986934764,-0.24408201
-0.036379482,0.918317528,-0.21821193
0.020616717,0.210542472,-0.092235886
-0.004962778,0.113615284,0.026616511
0.005103314,0.139540767,0.068233597
0.000630745,0.052057727,0.142844409
0.002220325,0.088799554,0.173588562
0.002688951,0.035887574,0.11060054
0.001159355,0.055349495,0.143594266
0.003232558,0.034579115,0.160091129
0.001508013,0.029041597,0.105351539
0.003502487,0.028872885,0.130471761
0.002220325,0.016358169,0.118848972
0.003003868,0.022090643,0.062609667
0.003138833,0.010205787,0.010119649
0.002913892,0.016541878,-0.009751572
0.003644949,0.0114955,0.002246146
0.003509985,0.006535354,-0.073114523
0.004004854,0.001710177,-0.09973446
0.004016101,0.005211898,-0.098984603
0.004578452,0.011098089,-0.147725334
0.005470717,0.010115807,-0.122230182
0.006314244,0.011296794,-0.077238738
0.007064046,0.010925627,-0.034871795
0.007986302,0.007967535,0.007120219
0.008211243,0.005121918,0.068233597
0.008893563,0.009163519,0.08173103
0.009118504,0.00111031,-0.012751002
0.009163492,0.006539103,-3.43e-06
0.010393167,0.000424213,-0.002627927
0.009444667,0.002366281,-0.136477473
0.011184208,0.010839396,-0.160097981
0.010022015,-0.007726474,-0.115106537
0.011277933,0.018442705,-0.168721341
0.011465384,-0.011640603,-0.197590851
0.010573119,0.01653063,-0.118855824
0.013838507,-0.006275547,-0.133103115
0.009084762,-0.000801764,-0.159723052
0.015952949,0.021093365,-0.165721912
0.007735119,-0.044217107,-0.204339568
0.0172726,0.089823076,-0.24108258
0.007603903,-0.15433761,-0.243332153
0.027616119,0.53786341,-0.212962928
0.313699323,1.864284598,-0.284949238
0.682444449,1.767901039,-0.096360102
0.985960549,1.652119294,-0.09710996
1.303621664,1.747655542,-0.181843846
1.593573847,1.702793022,0.200583428
1.873058793,1.731755329,0.031865513
2.142050261,1.588679656,-0.041620512
2.40569564,1.603151437,0.257197662
2.664681,1.602963979,0.025116797
2.903455447,1.600114613,0.033740157
3.133472206,1.63766251,0.268070594
3.351027257,1.651290729,0.220079721
3.560274501,1.683297359,0.222704222
3.754518207,1.683038666,0.260197092
3.932821122,1.695268446,0.270695095
4.097743821,1.692392835,0.185961209
4.248858916,1.695099733,0.068608526
4.389274337,1.703190434,0.124097974
4.51669194,1.697694156,0.040488873
4.630834298,1.695272195,-0.058492303
4.73110532,1.677759841,0.02999087
4.817377538,1.660693637,0.016118508
4.891427983,1.646964191,-0.02474872
4.953372876,1.626636213,0.133096262
5.00277358,1.613270436,0.183711637
5.039682584,1.58857468,0.09635325
5.064099886,1.559319937,0.232452368
5.07631791,1.534080552,0.146218767
5.077198927,1.49376577,-0.090361243
5.066915393,1.463517499,-0.022499148
5.045980921,1.430637313,-0.071239879
5.015336513,1.391203585,-0.269577162
4.975075895,1.363523492,-0.295072313
4.926462482,1.317161306,-0.252330441
4.870051128,1.273708472,-0.374932126
4.805163263,1.237547766,-0.443544078
4.731600189,1.185306886,-0.280825023
4.64915571,1.138127382,-0.303320745
4.558182234,1.084630532,-0.353936119
4.459077154,1.026312255,-0.194591421
4.352372832,0.974405051,-0.229834719
4.237919305,0.917935113,-0.353936119
4.116800039,0.863673434,-0.22383586
3.989866059,0.803195637,-0.125604541
3.856075139,0.738803711,-0.245206796
3.715667216,0.67236474,-0.17771963
3.569407089,0.610698458,-0.09710996
3.419656634,0.555229547,-0.253830156
3.264698803,0.478547855,-0.318317893
3.101740586,0.399657904,-0.323191966
2.931355579,0.323081188,-0.412799925
2.755200846,0.250399856,-0.465664872
2.575192131,0.174711693,-0.425922429
2.390725843,0.101295524,-0.459666012
2.203481539,0.019691177,-0.453292225
2.009459024,-0.067368207,-0.340438686
1.813490773,-0.132498718,-0.324316752
1.613421106,-0.232402745,-0.313068891
1.410266003,-0.291976992,-0.263953231
1.207125896,-0.398966943,-0.239582866
0.997567484,-0.478021857,-0.260953801
0.794929745,-0.578593235,-0.265452946
0.581476111,-0.726449094,-0.215587429
0.380116784,-0.756056258,-0.19796578
0.167469188,-1.062610565,-0.146225619
-0.021713355,-0.807708518,-0.107982892
-0.047060411,-0.149486189,-0.050243872
-0.027216901,-0.165630098,0.023992011
-0.037462946,-0.136945229,-0.043120227
-0.030845943,-0.08281852,-0.016500289
-0.034317526,-0.104623669,0.007870077
-0.032581735,-0.05395744,-0.028123079
-0.032907899,-0.074199187,0.067858669
-0.033657701,-0.0455968,0.076482029
-0.032206834,-0.054804751,0.10497661
-0.033927629,-0.047133958,0.154467198
-0.032574237,-0.037213664,0.128597118
-0.033601465,-0.04330231,0.125597688
-0.03320407,-0.032096053,0.062609667
-0.033500242,-0.037022457,0.06748374
-0.033777669,-0.030971303,0.047987447
-0.033522736,-0.030502657,-0.038621082
-0.033980115,-0.031946086,-0.051368658
-0.033968868,-0.029269182,-0.089986314
-0.034729917,-0.028853024,-0.122605111
-0.035685915,-0.030232717,-0.127104255
-0.036439466,-0.02959161,-0.102358961
-0.037226758,-0.027439589,-0.088486599
-0.037961564,-0.027829502,-0.061866662
-0.037950317,-0.027312117,-0.02774815
-0.038853828,-0.0244665,-0.107607963
-0.038820087,-0.019663818,-0.130478614
-0.039356196,-0.030817587,-0.114731608
-0.039663615,-0.021212224,-0.152599407
-0.03941618,-0.028406874,-0.157098552
-0.040897039,-0.021395933,-0.133478043
-0.039138753,-0.016859442,-0.106108248
-0.041785554,-0.031151263,-0.163847268
-0.039611128,-0.005604446,-0.116981181
-0.041665586,-0.040302977,-0.021374362
-0.041444394,0.007802572,-0.055492874
-0.039663615,-0.043965912,-0.024373792
-0.044743523,-0.004423459,-0.071614808
-0.036042071,-0.020503632,-0.167971484
-0.050535744,-0.052270315,-0.236958365
-0.026118441,0.099735871,-0.267702518
-0.11859902,-1.015183616,-0.313818748
-0.47195446,-1.903177332,-0.285324167
-0.81780813,-1.629330749,-0.069365236
-1.123251222,-1.71932198,-0.214087714
-1.43669845,-1.728642407,-0.061866662
-1.717731738,-1.724747024,0.257947519
-1.996440639,-1.698165437,-0.065615949
-2.26079833,-1.598643825,0.097852965
-2.524353733,-1.646314471,0.290566316
-2.775424933,-1.62172744,-0.020249576
-3.009119471,-1.652024451,0.184086566
-3.233805139,-1.676319046,0.356553768
-3.446700169,-1.705292601,0.25494809
-3.65039513,-1.727798845,0.356553768
-3.837324517,-1.725009465,0.370801058
-4.010120137,-1.740279818,0.317936111
-4.169074412,-1.74283675,0.168714489
-4.315840656,-1.752854521,0.065984025
-4.450894992,-1.750552533,0.065609096
-4.571905537,-1.743972747,-0.142101404
-4.680371894,-1.738255269,-0.155598837
-4.774835699,-1.722328811,0.014243864
-4.855431916,-1.710305236,-0.00187807
-4.924882326,-1.698761554,0.094103678
-4.982107215,-1.678606038,0.273319596
-5.026184326,-1.655451188,0.186711066
-5.058294596,-1.630039341,0.179212492
-5.077943158,-1.603847668,0.266945808
-5.085437429,-1.571893526,0.073857528
-5.081838379,-1.537479931,-0.042370369
-5.067509663,-1.506946723,-0.009751572
-5.042698715,-1.470006191,-0.178094559
-5.008384026,-1.43404419,-0.344562902
-4.965495352,-1.397332357,-0.286823882
-4.914276377,-1.356646407,-0.296572028
-4.855420669,-1.317441378,-0.447668294
-4.788287147,-1.272106463,-0.377556627
-4.712129758,-1.220607919,-0.290948097
-4.626948502,-1.166503704,-0.448418151
-4.532784617,-1.113175567,-0.414674568
-4.430841538,-1.057181773,-0.246706511
-4.321205489,-0.996047872,-0.338189114
-4.203767751,-0.936158695,-0.35956005
-4.080230373,-0.880247382,-0.146975477
-3.950664588,-0.821119285,-0.174345272
-3.814373078,-0.751830948,-0.263203374
-3.671367092,-0.685980597,-0.115856395
-3.52361111,-0.628400905,-0.141351546
-3.372267325,-0.55856519,-0.281949809
-3.214340279,-0.483720589,-0.276325878
-3.048607794,-0.403244741,-0.299196529
-2.875583484,-0.324249813,-0.431171431
-2.698532738,-0.255823785,-0.494534382
-2.517031917,-0.171996182,-0.45741644
-2.332025771,-0.104597425,-0.465664872
-2.142734507,-0.013571424,-0.395178276
-1.947407337,0.066806946,-0.272201662
-1.750977958,0.14645048,-0.241457509
-1.548235247,0.236869116,-0.226460361
-1.347348295,0.306498627,-0.223086003
-1.140346708,0.424514874,-0.212962928
-0.934169903,0.482443238,-0.235833578
-0.727666934,0.645681926,-0.228335005
-0.515739147,0.703647781,-0.196091136
-0.316306812,0.865176849,-0.201715067
-0.094687834,1.051120486,-0.117731038
0.021655193,0.419056089,-0.07686381
0.000413302,0.074710188,-0.004502571
0.001804185,0.172855856,0.0761071
0.004068587,0.061254431,0.034115085
0.000533271,0.085144117,0.084355531
0.004147316,0.052023985,0.084355531
0.000904423,0.04309722,0.029615941
0.004016101,0.048477274,0.037489444
0.002190333,0.021483278,0.025491725
0.003093844,0.032089669,0.061859809
0.003161327,0.019046321,0.079481458
0.002951382,0.02466632,0.101602252
0.003952368,0.01450983,0.119598829
0.003247554,0.015064706,0.063359524
0.003952368,0.014341117,0.093728749
0.00382865,0.009320984,0.105726467
0.004211049,0.011300544,0.091104248
0.004338516,0.005511831,0.122973187
0.004724664,0.008143746,0.056610808
0.005605681,0.011113085,0.002996003
0.006310495,0.008582398,0.000746431
0.007255246,0.00843993,-0.048369229
0.00811002,0.00794504,-0.080238168
0.008391196,-0.000303125,-0.042370369
0.008822332,0.006291658,-0.077613667
0.009534644,0.004810737,-0.178469487
0.009163492,0.003543519,-0.182218774
0.010441904,0.006520357,-0.241457509
0.009887051,-0.006106834,-0.320567465
0.010846797,0.012721477,-0.266577732
0.011142969,-0.007415293,-0.20358971
0.010614358,0.011124333,-0.187842705
0.012777537,0.001099063,-0.174345272
0.009827066,-0.001949009,-0.079488311
0.014123432,0.018356474,-0.049868943
0.009950784,-0.025448782,-0.044245013
0.013947228,0.043427147,0.008619934
0.01231266,-0.049709635,-0.043870084
0.01091053,0.062529148,-0.072739594
0.018581005,-0.068234264,-0.142476332
-0.001255007,0.114042689,-0.173220486
0.190649317,1.543678417,-0.265827875
0.568864442,1.915269507,-0.253455227
0.885104682,1.636350302,-0.118105967
1.197873339,1.775035702,-0.266577732
1.498630169,1.715896357,0.02999087
1.776443057,1.7622323,0.117724186
2.04991834,1.668131982,-0.1747202
2.310965655,1.621173678,0.149593125
2.572983964,1.647669034,0.133096262
2.815383704,1.629980469,-0.014250717
3.046176508,1.680541722,0.305938393
3.266269639,1.693210154,0.345305907
3.47662659,1.732553902,0.256447805
3.675151665,1.739632327,0.289066602
3.856060143,1.738436343,0.248574302
4.024000795,1.74658703,0.124097974
4.177976384,1.755360078,-0.002627927
4.32019133,1.767661092,0.062984595
4.450030793,1.755071393,0.038239301
4.566846196,1.750437424,-0.114731608
4.67009768,1.742774128,-0.036746439
4.759001703,1.73067557,0.045362947
4.835571483,1.716211287,0.008245005
4.900275647,1.697739146,0.161590844
4.952251922,1.681643977,0.319060898
4.991800228,1.654357546,0.202833001
5.019351703,1.630704058,0.266195951
5.034512699,1.598434986,0.265446093
5.037699358,1.563297803,-0.022874077
5.03000264,1.534039311,-0.037121367
5.011152618,1.490563982,-0.004502571
4.981932834,1.456911468,-0.195341279
4.943411756,1.42152309,-0.293947527
4.896020521,1.37909003,-0.24708144
4.841374951,1.33916891,-0.358060335
4.779040162,1.295806056,-0.513655745
4.708251355,1.253811648,-0.394428419
4.629046021,1.198650168,-0.357310477
4.541011768,1.14406606,-0.458916155
4.444568486,1.091588984,-0.298071743
4.340106071,1.03289579,-0.196840994
4.227399583,0.974461289,-0.31906775
4.107498745,0.908318502,-0.283074595
3.981839428,0.84939286,-0.14885012
3.849968001,0.790425978,-0.205089425
3.711760748,0.724155719,-0.239957794
3.567678796,0.662684394,-0.131228471
3.419724116,0.599758391,-0.242957224
3.267199393,0.531534818,-0.41130021
3.107397842,0.453447188,-0.407175994
2.939730868,0.365817931,-0.46041587
2.765345667,0.293980162,-0.528652893
2.587151473,0.217002285,-0.475787947
2.403862374,0.138738445,-0.430046645
2.218331367,0.07016245,-0.45179251
2.027319308,-0.023675426,-0.403051779
1.832985625,-0.094227232,-0.350936689
1.635866429,-0.193467656,-0.331815326
1.433967244,-0.268867133,-0.260953801
1.233170269,-0.361662741,-0.219711644
1.024894018,-0.455901778,-0.226460361
0.822848622,-0.543257345,-0.256079728
0.611914323,-0.706402304,-0.274826163
0.408140634,-0.728608614,-0.292072884
0.201097808,-1.014253822,-0.259829015
-0.001809861,-0.904718189,-0.20358971
-0.050273313,-0.210650084,-0.152224478
-0.02616343,-0.143869939,-0.055117945
-0.036240768,-0.156954528,-0.071989737
-0.030759716,-0.077880868,-0.067865521
-0.032810424,-0.105808406,-0.002627927
-0.032532998,-0.055453357,0.047612519
-0.031408295,-0.074975264,0.169089418
-0.033215317,-0.05044822,0.233952083
-0.031288326,-0.052828941,0.281568028
-0.032960385,-0.048224965,0.297689962
-0.031978144,-0.035620269,0.275944097
-0.032829169,-0.042601216,0.293190817
-0.032592982,-0.032695919,0.238826156
-0.032656715,-0.038128461,0.201708214
-0.033114094,-0.028481857,0.173213633
-0.033009122,-0.028815533,0.039739016
-0.033369027,-0.02945664,-0.077238738
-0.033234062,-0.026431063,-0.159348124
-0.033946374,-0.027503325,-0.223460931
-0.034688678,-0.028088194,-0.218961787
-0.03559219,-0.026517294,-0.189717348
-0.036282008,-0.027405846,-0.196091136
-0.037118037,-0.030881323,-0.178844416
-0.037211762,-0.023263018,-0.132728186
-0.037770365,-0.024372771,-0.145475762
-0.038134019,-0.019813785,-0.11135725
-0.037950317,-0.024054092,-0.018749861
-0.039015036,-0.02100602,-0.013125931
-0.038111524,-0.020829809,-0.058117375
-0.039817324,-0.025939922,-0.079488311
-0.038722613,-0.009027434,-0.104608533
-0.0399073,-0.033835666,-0.160097981
-0.040079755,-0.00387983,-0.14022676
-0.038932558,-0.032253518,-0.10573332
-0.042456627,-0.010635827,-0.193466635
-0.037657894,-0.013860109,-0.224960646
-0.04456732,-0.040093024,-0.253080299
-0.036510697,0.02943526,-0.305570317
-0.045365859,-0.103615143,-0.305945245
-0.036686901,0.129924156,-0.233958935
-0.053666167,-0.510654598,-0.163472339
-0.337968591,-1.792501952,-0.188592562
-0.711265015,-1.734716056,0.010119649
-1.015819591,-1.665866372,-0.043120227
-1.333094559,-1.776837936,-0.081362954
-1.621933285,-1.726617857,0.329183972
-1.899697436,-1.757462246,0.094103678
-2.167500467,-1.635318167,-0.029622793
-2.428315344,-1.660062663,0.295815318
-2.684264006,-1.662300915,0.013868936
-2.919735575,-1.669416832,-0.035996581
-3.147030553,-1.71082637,0.240325871
-3.362096261,-1.729568451,0.136470621
-3.568269317,-1.765736655,0.146218767
-3.759562552,-1.764132012,0.211081432
-3.935214917,-1.778742512,0.173213633
-4.097520807,-1.784437495,0.131221619
-4.246472724,-1.793289276,0.072732742
-4.384627491,-1.79772454,0.191960068
-4.50903089,-1.792213266,0.148468339
-4.620533945,-1.787984206,0.050611948
-4.717925727,-1.771735321,0.210331575
-4.801532399,-1.759528037,0.21445579
-4.873235965,-1.747047063,0.142094551
-4.932878965,-1.731263074,0.276693954
-4.980371423,-1.709409185,0.235451797
-5.015042268,-1.683678659,0.088854676
-5.037948719,-1.655649894,0.150342983
-5.049027043,-1.622533511,0.022867225
-5.048423453,-1.590320677,-0.167596555
-5.03711269,-1.554227456,-0.098984603
-5.014757343,-1.517988017,-0.088111671
-4.982129709,-1.480038959,-0.224210789
-4.940804372,-1.440286552,-0.22383586
-4.891456153,-1.403346019,-0.138727045
-4.834130041,-1.361636547,-0.288698525
-4.769320905,-1.31891855,-0.337814185
-4.696496386,-1.270550559,-0.168721341
-4.61483545,-1.213533243,-0.277450664
-4.52440558,-1.158705439,-0.34793726
-4.42534174,-1.10035342,-0.220461502
-4.318161293,-1.040917891,-0.313443819
-4.203272882,-0.983356945,-0.442419292
-4.081250104,-0.918260176,-0.336689399
-3.953206416,-0.857883607,-0.254205085
-3.819344265,-0.794342741,-0.386179987
-3.678284015,-0.721676406,-0.36218455
-3.532023888,-0.664846548,-0.267327589
-3.382873274,-0.603225255,-0.415049497
-3.22785546,-0.525321335,-0.438295077
-3.065272143,-0.443990677,-0.348312189
-2.894564722,-0.362180126,-0.429296788
-2.718889862,-0.288778954,-0.447293365
-2.538637461,-0.206402279,-0.342313329
-2.354366122,-0.137155183,-0.358810192
-2.16752671,-0.047272677,-0.352061476
-1.973661654,0.036689896,-0.263203374
-1.779237996,0.112265584,-0.259454087
-1.579130838,0.211877175,-0.258329301
-1.378675022,0.272429955,-0.295072313
-1.175073787,0.393599251,-0.343813044
-0.968484591,0.454613179,-0.350561761
-0.765239512,0.601771694,-0.339688828
-0.552378222,0.702729236,-0.287573739
-0.354689176,0.793462802,-0.24108258
-0.13484348,1.071658418,-0.150349835
0.01458456,0.56942014,-0.098609674
0.006250511,0.074054084,-0.011626216
-0.000898851,0.170565115,0.106476325
0.006044315,0.075801195,0.088104818
0.000192111,0.077552056,0.109850683
0.004758405,0.06602712,0.112850112
0.001579244,0.037672177,0.085105389
0.003967364,0.053234965,0.104601681
0.002977625,0.022233112,0.100102537
0.003037609,0.037094806,0.14246948
0.004001105,0.01958995,0.149593125
0.002981374,0.02377027,0.097103107
0.004128571,0.018273992,0.058110522
0.003479992,0.010914379,-0.003377784
0.004196053,0.013126387,-0.015375503
0.004252289,0.008117502,-0.020999433
0.00432352,0.012515273,-0.025123649
0.004750907,0.007022745,0.017993151
0.004747158,0.008927322,-0.001128212
0.005433227,0.010621945,0.021742438
0.006445459,0.009613419,0.083605674
0.007326477,0.008668629,0.075732171
0.008008797,0.009212258,0.05586095
0.008687367,0.007131471,0.047612519
0.008653626,0.002096341,0.00412079
0.009448416,0.005871751,-0.127104255
0.00958713,0.001687682,-0.180344131
0.010007019,0.008964813,-0.200965209
0.01076057,-0.000183152,-0.323566894
0.010093246,0.006419129,-0.352811333
0.011892771,0.004424573,-0.2988216
0.010389418,-0.006196814,-0.259079158
0.012481365,0.017707868,-0.214087714
0.01136791,-0.013650156,-0.103483747
0.012155202,0.025408655,-0.007127072
0.013508594,-0.019956253,-0.041245583
0.009969529,0.012054126,-0.020999433
0.016616524,0.00605921,-0.055492874
0.007165269,-0.022693145,-0.130853542
0.020448012,0.068359101,-0.133852972
0.001792938,-0.15389146,-0.16047291
0.056963369,0.8089806,-0.192341849
0.381462679,1.949458151,-0.221961217
0.736700121,1.712792048,-0.045369799
1.038990296,1.712458372,-0.170595985
1.353895889,1.766517596,-0.18934242
1.636556246,1.744738691,0.179212492
1.913379396,1.760222747,-0.12298004
2.176469922,1.638809755,-0.121855254
2.437625958,1.672608487,0.158591414
2.689222019,1.656232129,-0.088861528
2.922001799,1.680343016,0.063734453
3.147171089,1.714317958,0.356553768
3.359833681,1.73049561,0.369676272
3.563547386,1.762183561,0.435288795
3.750630484,1.76029773,0.448786228
3.922852505,1.781004374,0.375675131
4.081368146,1.780513233,0.166464917
4.226751005,1.778102519,0.028116226
4.361093029,1.788862626,0.059235308
4.482051087,1.782436555,-0.084737312
4.590011328,1.777240211,-0.11135725
4.683447905,1.764815475,0.044988018
4.763335559,1.74915146,0.026616511
4.832114896,1.737289098,0.075357242
4.888518752,1.715067791,0.322060327
4.932179722,1.689633449,0.336682546
4.963690151,1.666216158,0.296940104
4.98255142,1.634505712,0.379799347
4.989914476,1.591986421,0.170589132
4.98641665,1.56290414,-0.029247865
4.971589315,1.532363434,-0.012751002
4.946305992,1.492491054,-0.104983462
4.910952828,1.453361008,-0.267702518
4.866452079,1.412300142,-0.253455227
4.814018425,1.375644546,-0.251205655
4.753595631,1.328622506,-0.476162875
4.685468621,1.280168285,-0.504657456
4.609101287,1.232887552,-0.337064328
4.524467387,1.172004846,-0.426672287
4.431615656,1.121091171,-0.424797643
4.330474864,1.069791333,-0.238833008
4.221622359,1.002392576,-0.308194818
4.104634502,0.945079075,-0.388054631
3.980939666,0.883484027,-0.244456939
3.851430115,0.816940079,-0.185593133
3.71553975,0.752379441,-0.287573739
3.573396036,0.685423085,-0.208838712
3.426959705,0.6309627,-0.176219915
3.277329218,0.566143369,-0.409800495
3.121479123,0.489637888,-0.514405603
2.957347466,0.399665402,-0.53540161
2.785669051,0.320179334,-0.66212751
2.60943184,0.249398829,-0.721366245
2.427601106,0.164648931,-0.661752582
2.2432023,0.096046692,-0.643756004
2.053959773,0.002482505,-0.575518981
1.860447124,-0.067555665,-0.406801066
1.665806023,-0.159219024,-0.267702518
1.464949063,-0.241385746,-0.170970913
1.26645023,-0.321760367,-0.132353257
1.060284672,-0.433777949,-0.121480325
0.858160547,-0.499110916,-0.153349264
0.651282677,-0.675820357,-0.165721912
0.444558517,-0.709461623,-0.121480325
0.24384402,-0.939889115,-0.11435668
0.029404397,-0.997153876,-0.088486599
-0.051900383,-0.308270868,-0.009001715
-0.026193422,-0.116954676,0.055486021
-0.033372776,-0.179314554,0.041238731
-0.030804704,-0.07306319,0.049487162
-0.030178619,-0.108736504,0.069733312
-0.032094363,-0.062674251,-0.007502
-0.029440064,-0.06928778,-0.023249006
-0.032019383,-0.056053224,-0.014625646
-0.029762479,-0.044389568,-0.015750432
-0.031243338,-0.054103657,0.071607955
-0.03055352,-0.035901456,0.085855246
-0.030973409,-0.043336053,0.068608526
-0.031337063,-0.032291009,0.075357242
-0.030935919,-0.035147874,0.08772989
-0.031801941,-0.03584147,0.1192239
-0.03131082,-0.028624325,0.055486021
-0.031734458,-0.027503325,0.046112804
-0.031820686,-0.027848248,0.065609096
-0.032038128,-0.029471637,0.022492296
-0.03286291,-0.026307341,0.029241012
-0.033740179,-0.027574559,0.061484881
-0.034534969,-0.029460389,0.074982314
-0.035236034,-0.028125686,0.0356148
-0.035820879,-0.022723138,0.007870077
-0.035907107,-0.027154652,-0.066740735
-0.036660658,-0.02702718,-0.161597696
-0.036364486,-0.019603832,-0.160847839
-0.037238005,-0.026239856,-0.22683529
-0.037178021,-0.013953839,-0.349811903
-0.037361722,-0.030543898,-0.374557198
-0.0383927,-0.018137908,-0.332940112
-0.037095543,-0.019892518,-0.329940682
-0.039671113,-0.023945366,-0.24408201
-0.03676563,-0.009278629,-0.049494015
-0.040199723,-0.043354798,-0.038996011
-0.037950317,0.008586147,-0.075364095
-0.038831334,-0.053185112,-0.049494015
-0.04123445,0.015957008,-0.109857535
-0.034707423,-0.049199748,-0.151099692
-0.048166369,-0.013466447,-0.172845557
-0.021953291,0.0236353,-0.153724193
-0.158072346,-1.245667345,-0.226460361
-0.528823192,-1.901160281,-0.161972625
-0.859785795,-1.621356273,-0.01612536
-1.167590763,-1.764308223,-0.191591992
-1.474822133,-1.743695309,0.105351539
-1.752391335,-1.770246902,0.29806489
-2.027212513,-1.713375803,-0.076113952
-2.287273839,-1.643986239,0.119973758
-2.547338914,-1.690052241,0.156341842
-2.7899411,-1.666316271,-0.113981751
-3.019166818,-1.715797764,0.210331575
-3.239563618,-1.737149265,0.378299632
-3.448717137,-1.77043811,0.330308759
-3.646623626,-1.78455372,0.452535515
-3.826876027,-1.787631785,0.3674267
-3.994329307,-1.802815907,0.239576013
-4.147168947,-1.806988729,0.077981743
-4.288986497,-1.818453679,0.04423816
-4.41840982,-1.812368782,0.080606244
-4.533856834,-1.810902858,-0.09973446
-4.637097072,-1.799018002,-0.010126501
-4.724966368,-1.783905114,0.12522276
-4.800617641,-1.773662392,0.049862091
-4.864714465,-1.756907369,0.239201084
-4.915775981,-1.737415455,0.460409017
-4.955211817,-1.709090506,0.390297351
-4.982073474,-1.682328959,0.416917288
-4.997455662,-1.654352683,0.388797636
-5.001455856,-1.619429201,0.067858669
-4.993834118,-1.583182265,-0.047244442
-4.976251261,-1.548502479,-0.007876929
-4.94811869,-1.509372434,-0.178469487
-4.910096231,-1.466620694,-0.299946386
-4.863848444,-1.42707824,-0.230959505
-4.809326591,-1.386422284,-0.296572028
-4.746778108,-1.341634747,-0.498658597
-4.676589143,-1.293041806,-0.406801066
-4.598028638,-1.241948172,-0.263203374
-4.510759184,-1.185242036,-0.395178276
-4.415706784,-1.132236327,-0.343813044
-4.312713981,-1.075912606,-0.258329301
-4.201207177,-1.006065644,-0.441294506
-4.082329819,-0.94476678,-0.469414159
-3.956842956,-0.885001325,-0.303695673
-3.824997772,-0.817846263,-0.313443819
-3.686269406,-0.748456699,-0.342688258
-3.541246453,-0.683056247,-0.211463213
-3.393621686,-0.626833754,-0.259829015
-3.241741793,-0.557995317,-0.443919007
-3.082330139,-0.477032077,-0.452542367
-2.914786882,-0.390280125,-0.473538374
-2.74101277,-0.315356792,-0.605888205
-2.562968536,-0.238292685,-0.605513277
-2.380373004,-0.160201306,-0.572144622
-2.19509693,-0.076006285,-0.554897902
-2.003222598,0.013220117,-0.43454579
-1.809646216,0.085335325,-0.294322456
-1.611259854,0.185003154,-0.155973765
-1.411317652,0.244281217,-0.098234746
-1.210903076,0.358420827,-0.085112241
-1.00446384,0.433321665,-0.116981181
-0.804210471,0.547510014,-0.211838142
-0.592781303,0.6941249,-0.193091707
-0.394481168,0.737776439,-0.176219915
-0.180225247,1.045639205,-0.154474051
-0.000880106,0.724436907,-0.077238738
0.013621065,0.101617953,-0.005627357
-0.002852085,0.155658431,0.076482029
0.007142775,0.102855177,0.064109382
0.000432047,0.060485852,0.069358383
0.004679676,0.079190442,0.052111663
0.002411525,0.031651017,0.015368651
0.003371271,0.054918341,0.046487733
0.003832399,0.022934206,-0.003002856
0.002925139,0.032018435,0.031115656
0.004465982,0.023774019,0.121848401
0.003086346,0.015525854,0.157466628
0.004383504,0.020467254,0.207332145
0.003997356,0.013317595,0.195709355
0.004203551,0.014119916,0.208082002
0.004570954,0.007963786,0.193834712
0.004687174,0.007813819,0.107601111
0.005028334,0.004282105,0.0761071
0.00508082,0.007772578,0.008994863
0.006066809,0.012256581,-0.084362384
0.006977819,0.009006054,-0.127479184
0.007498931,0.006164186,-0.142851261
0.008447431,0.009605921,-0.153349264
0.009103507,0.006407882,-0.127104255
0.009339695,0.001845147,-0.064866091
0.010096995,-3.19e-06,-0.090361243
0.009860807,0.003209843,-0.113606822
0.010974263,0.008488669,-0.073114523
0.010565621,-0.005548208,-0.109107678
0.011397902,0.011079343,-0.135352687
0.012203939,-0.004655907,-0.101984033
0.011082985,0.007041491,-0.076488881
0.0136773,0.002962398,-0.100484318
0.010711833,-0.011194452,-0.076113952
0.014667038,0.018723892,-0.010876359
0.011382906,-0.027274625,-0.061116804
0.013666053,0.040394072,-0.10573332
0.014209659,-0.042979882,-0.161972625
0.009950784,0.049403318,-0.259454087
0.021527727,-0.034045619,-0.355060905
-0.003230735,0.018990083,-0.355435834
0.15746308,1.404625599,-0.38543013
0.531977932,1.945187851,-0.303695673
0.855798671,1.650417173,-0.060741876
1.167633825,1.79522871,-0.10835782
1.473845463,1.754985162,0.251198803
1.753465374,1.800335074,0.4915281
2.029981105,1.72604535,0.205457501
2.291260859,1.661657173,0.460409017
2.554081456,1.710962455,0.425915577
2.801107474,1.692992702,0.146218767
3.03431839,1.733082534,0.32993383
3.254846405,1.744858664,0.285692243
3.465495779,1.787985321,0.172088847
3.667338728,1.811728789,0.17996235
3.852671038,1.816666441,0.109475754
4.024619381,1.827737728,0.067858669
4.181084314,1.826211818,-0.064491163
4.325473685,1.842299489,-0.043495155
4.458353595,1.844016607,0.041238731
4.578194449,1.836143358,-0.077613667
4.685101218,1.834182544,-0.004127642
4.777634283,1.811443853,0.160466057
4.857416965,1.798205548,0.172838705
4.925229058,1.793740291,0.327684258
4.98062068,1.766405121,0.530520684
5.023779283,1.74465246,0.429289935
5.054517416,1.71790591,0.424040934
5.073266215,1.687492676,0.398920711
5.080460566,1.65501365,0.069733312
5.076437878,1.615133772,-0.048744157
5.061576802,1.58187492,-0.10835782
5.036495925,1.5460029,-0.31044439
5.001746352,1.502085169,-0.409425567
4.957541775,1.458347399,-0.389179417
4.904721973,1.420263371,-0.415049497
4.844156716,1.377609109,-0.49490931
4.775557331,1.3297735,-0.338938971
4.69846269,1.274462054,-0.18071906
4.613198955,1.220972703,-0.239207937
4.519627415,1.170696387,-0.182218774
4.41868532,1.111110891,-0.135352687
4.310331433,1.049887011,-0.298446671
4.193924673,0.988243223,-0.388804488
4.071185835,0.925947081,-0.294697384
3.941938715,0.862454955,-0.377556627
3.806464489,0.798880347,-0.520779391
3.664324524,0.729100869,-0.426297358
3.516493562,0.664735187,-0.500158312
3.366251986,0.603837484,-0.640381646
3.210544354,0.530957446,-0.571394765
3.047691109,0.449922972,-0.553398187
2.877234871,0.363587178,-0.573644337
2.700896436,0.291254518,-0.518904747
2.520077935,0.208240484,-0.463790228
2.335026802,0.135322955,-0.423297929
2.146920225,0.050198141,-0.308569746
1.95206543,-0.03880706,-0.18934242
1.756652033,-0.112444429,-0.128229042
1.555780077,-0.213821878,-0.080988025
1.354810647,-0.276605412,-0.09710996
1.151434352,-0.390951226,-0.191217063
0.944646459,-0.46380127,-0.291323026
0.742668545,-0.6039226,-0.32469168
0.53012967,-0.709997754,-0.377181698
0.332695557,-0.798339352,-0.353936119
0.114285732,-1.086297796,-0.254954942
-0.042486619,-0.629848083,-0.2557048
-0.038797593,-0.104207512,-0.090736172
-0.029331343,-0.188668723,0.051361806
-0.036623168,-0.107060627,0.053611378
-0.03009989,-0.094392195,0.193084854
-0.034711172,-0.089503283,0.191210211
-0.031520765,-0.056964271,0.150342983
-0.033290298,-0.073449354,0.165715059
-0.032510504,-0.044052143,0.107226182
-0.032326802,-0.055674558,0.120723615
-0.0332828,-0.039688114,0.090354391
-0.032304308,-0.041746406,0.080606244
-0.033533983,-0.039905566,0.075732171
-0.032859161,-0.03539157,-0.036746439
-0.033335286,-0.035624018,-0.054743016
-0.033185325,-0.029572864,-0.083612526
-0.033417764,-0.032433478,-0.12860397
-0.033965119,-0.026727247,-0.064866091
-0.033953872,-0.030513905,-0.055492874
-0.034842388,-0.030247714,-0.071239879
-0.03581713,-0.033921897,-0.029997722
-0.036626917,-0.035297841,-0.02474872
-0.03759791,-0.027630796,-0.02474872
-0.037605408,-0.02788199,0.013494007
-0.038152764,-0.027424592,-0.008251858
-0.038715115,-0.022734385,-0.070115093
-0.038366457,-0.029347914,-0.121105396
-0.039569889,-0.021939562,-0.179219345
-0.038838832,-0.018644045,-0.231709363
-0.040364679,-0.031200002,-0.259829015
-0.039607379,-0.011929289,-0.199840423
-0.040094751,-0.033344525,-0.154848979
-0.040900788,-0.011479389,-0.118855824
-0.03911251,-0.032515959,0.003745861
-0.043187684,-0.019787541,0.038239301
-0.037897831,-0.007752718,0.068608526
-0.044297391,-0.050279508,0.086230175
-0.038025297,0.035122744,0.055111093
-0.043678804,-0.102899053,0.020617652
-0.040994513,0.110867145,-0.067115663
-0.041751813,-0.368538711,-0.128229042
-0.298094121,-1.713518271,-0.294697384
-0.677298984,-1.777137869,-0.20658914
-0.985448861,-1.660178887,-0.166846698
-1.303732312,-1.805016668,-0.267702518
-1.597684688,-1.751399845,0.17996235
-1.877364583,-1.796438576,0.127847261
-2.148954115,-1.678613536,-0.037121367
-2.409517808,-1.690877058,0.375675131
-2.669185488,-1.715910239,0.222329293
-2.909512025,-1.715430346,0.167589703
-3.138167893,-1.755842606,0.481405025
-3.353447295,-1.774172279,0.413168001
-3.561183688,-1.821344286,0.414292787
-3.757076958,-1.830064846,0.42216629
-3.937336857,-1.843134438,0.367801629
-4.103391757,-1.846842364,0.295440389
-4.254990474,-1.854531903,0.080231316
-4.395897015,-1.865726913,0.083230745
-4.523423339,-1.861786539,-0.061866662
-4.638754134,-1.862622603,-0.278950379
-4.740877166,-1.847258521,-0.149599977
-4.828551514,-1.833630303,-0.130478614
-4.904322755,-1.825273412,-0.116981181
-4.967688522,-1.804356814,0.170589132
-5.018806274,-1.78508985,0.278943527
-5.05759728,-1.75942306,0.255697947
-5.083799111,-1.72714649,0.416917288
-5.098401505,-1.698124196,0.335182832
-5.101595662,-1.665139033,0.124097974
-5.093760231,-1.629435725,0.13384612
-5.075607524,-1.592701397,0.045362947
-5.047771125,-1.554718596,-0.181843846
-5.010078579,-1.511430726,-0.266202803
-4.963407153,-1.470722281,-0.254580014
-4.909233959,-1.432165858,-0.429296788
-4.846715468,-1.384165286,-0.54402497
-4.775735461,-1.3357748,-0.381680843
-4.696661343,-1.283755122,-0.401177135
-4.60885203,-1.225710534,-0.492284809
-4.512948606,-1.169638007,-0.332940112
-4.40951342,-1.112163292,-0.2988216
-4.298389014,-1.052000426,-0.413174854
-4.17998778,-0.989775518,-0.286074024
-4.05460589,-0.922586714,-0.133852972
-3.923034384,-0.857793627,-0.245581725
-3.785010832,-0.79219072,-0.227585147
-3.639665463,-0.721848868,-0.143601118
-3.490676057,-0.662293366,-0.340438686
-3.338683693,-0.592401413,-0.479537234
-3.180123064,-0.51554351,-0.488910451
-3.013899459,-0.436057442,-0.588641485
-2.840399025,-0.352503528,-0.678249445
-2.663014617,-0.282799034,-0.651629507
-2.480572794,-0.204164026,-0.62463464
-2.295158007,-0.123624442,-0.647505291
-2.104468362,-0.026033651,-0.545899613
-1.908586339,0.048698474,-0.402301921
-1.711317182,0.14285128,-0.308194818
-1.508263302,0.223368369,-0.171345842
-1.307964945,0.297916786,-0.086986885
-1.100378512,0.411655235,-0.067490592
-0.896657309,0.477550577,-0.055117945
-0.68916835,0.653588917,-0.064116234
-0.481353228,0.690844379,-0.088861528
-0.280335061,0.912517568,-0.028123079
-0.063169907,0.996003997,-0.018374932
0.024047061,0.301073584,-0.093735601
-0.001671147,0.08486293,-0.002627927
0.005065824,0.163242994,-0.014250717
0.0036412,0.045957834,-0.063366376
0.002610222,0.084465518,0.075732171
0.004923361,0.04624652,0.094103678
0.002224074,0.043472137,0.106851253
0.005088318,0.036419956,0.19420964
0.002977625,0.027073285,0.178087706
0.004503472,0.034579115,0.167964631
0.004023599,0.016676848,0.147343553
0.004211049,0.023305373,0.132721334
0.004762154,0.013137635,0.158966343
0.004522217,0.015570844,0.094478606
0.005290764,0.013538796,0.0356148
0.004987094,0.010528215,-0.052493444
0.00545947,0.008676127,-0.165346983
0.005463219,0.003978422,-0.213712785
0.006059311,0.010265774,-0.338564042
0.007154022,0.009684653,-0.354685976
0.007911322,0.006835287,-0.246331582
0.008728606,0.005912992,-0.212587999
0.009414675,0.004941958,-0.077238738
0.009542142,0.004012165,0.035239872
0.010280697,-0.001799042,0.064109382
0.010513135,-0.004078535,0.181087136
0.010828052,0.005755527,0.241075728
0.011409149,-0.002882551,0.215955505
0.011030499,0.005166908,0.135720763
0.012586338,-0.000426848,0.056985736
0.011105479,-0.004119776,-0.020249576
0.013403622,0.01940999,-0.150724764
0.01212521,-0.018010436,-0.158598266
0.012934996,0.020193565,-0.133852972
0.014494584,-0.020889796,-0.265827875
0.010891785,0.013190123,-0.371182839
0.017707485,0.005763025,-0.388054631
0.008001299,-0.027087167,-0.376056912
0.021194065,0.070503624,-0.380930985
0.003082597,-0.155975996,-0.275576021
0.055291311,0.784438559,-0.148100263
0.37842973,1.937329599,-0.147725334
0.736055292,1.722104976,0.104601681
1.039387691,1.732231473,0.106101396
1.35586037,1.785885788,0.1597162
1.639919108,1.765831499,0.560140052
1.918856699,1.790043613,0.32993383
2.184215376,1.662913143,0.274069454
2.446049984,1.704521388,0.415417573
2.700941425,1.700596011,0.098977751
2.937376489,1.71894068,0.109475754
3.162909433,1.749968778,0.277818741
3.375350834,1.775706802,0.179212492
3.581104,1.81298476,0.14246948
3.772157299,1.816134059,0.118474043
3.948259546,1.831936794,0.067858669
4.110269264,1.83366141,0.01274415
4.258448884,1.844346533,0.011619364
4.395366478,1.847278381,0.214830719
4.519766128,1.842625666,0.21445579
4.631437889,1.836784466,0.152217626
4.728953388,1.818563519,0.30668825
4.812792499,1.808290804,0.239201084
4.88431986,1.794857542,0.167214774
4.944157809,1.77297366,0.317936111
4.99198393,1.749826309,0.224203936
5.026733503,1.723330953,0.112100255
5.049774919,1.695009753,0.146593696
5.060999455,1.658991516,-0.045369799
5.060305888,1.626628715,-0.189717348
5.049178826,1.592005167,-0.152974336
5.027187134,1.546561526,-0.165346983
4.995309302,1.506059285,-0.19496635
4.9544151,1.4704797,-0.128229042
4.905190599,1.4293476,-0.116606252
4.848164408,1.380593445,-0.30182103
4.78287165,1.340364894,-0.332190254
4.70936856,1.280689419,-0.205089425
4.627111531,1.223372169,-0.292447812
4.536228031,1.180181777,-0.34793726
4.437572833,1.111598283,-0.248206226
4.331490846,1.058551333,-0.347562331
4.217899592,1.000278046,-0.533901895
4.097717578,0.932725573,-0.487410736
3.971462169,0.877050458,-0.448418151
3.838908422,0.809572968,-0.581142911
3.699276545,0.741563097,-0.547399328
3.553143884,0.678134707,-0.487785665
3.404045756,0.614875029,-0.638507002
3.25024637,0.541440114,-0.685748019
3.089522562,0.464203546,-0.565770835
2.921521926,0.383322787,-0.538401039
2.747294184,0.308294477,-0.487410736
2.569066249,0.224868036,-0.337814185
2.385675927,0.149221113,-0.310819319
2.199934975,0.07506261,-0.295072313
2.007325837,-0.019982498,-0.260203944
1.812111138,-0.086867619,-0.260578873
1.613601058,-0.189542279,-0.28157488
1.411207004,-0.257289709,-0.372682554
1.210038877,-0.358952094,-0.410925281
1.001916336,-0.45049548,-0.468664301
0.800358311,-0.548479934,-0.479162305
0.589454004,-0.704940129,-0.355810763
0.388600794,-0.731281769,-0.254954942
0.179038633,-1.035474102,-0.07386438
-0.014324056,-0.837030746,0.008245005
-0.047150388,-0.165168951,0.058110522
-0.025428624,-0.163590552,0.210706503
-0.036004581,-0.145868244,0.187835853
-0.029777475,-0.079571742,0.239950942
-0.032547994,-0.107034383,0.287566887
-0.031344561,-0.054737266,0.22307915
-0.031250836,-0.076699881,0.248574302
-0.03222183,-0.049690889,0.216705362
-0.030561018,-0.054774758,0.202083143
-0.032443021,-0.04586674,0.158966343
-0.031078382,-0.043441029,0.050986877
-0.031903164,-0.046391623,-0.013125931
-0.031760702,-0.032568448,-0.148100263
-0.031978144,-0.045454331,-0.225335575
-0.032098112,-0.032883378,-0.217087144
-0.032083116,-0.031631156,-0.215962357
-0.032746691,-0.033292037,-0.118855824
-0.0325255,-0.031293731,-0.03074758
-0.033387772,-0.034544258,0.022492296
-0.034474985,-0.030165232,0.083605674
-0.035044834,-0.02703093,0.035989729
-0.03593335,-0.029670342,-0.038621082
-0.036491952,-0.025936173,-0.014250717
-0.036596924,-0.025898681,-0.020249576
-0.037429205,-0.027555813,-0.109107678
-0.037046806,-0.022989329,-0.143601118
-0.038100277,-0.029299175,-0.151474621
-0.038059038,-0.018370356,-0.204714496
-0.038164011,-0.028253158,-0.232834149
-0.039262471,-0.016503271,-0.185218204
-0.037991556,-0.025849942,-0.136852402
-0.0406646,-0.025167594,-0.125604541
-0.037702882,-0.008558789,-0.064866091
-0.040897039,-0.044798227,-0.041245583
-0.038831334,0.005043186,-0.071239879
-0.039712352,-0.056683083,-0.032622223
-0.041796801,0.017396688,-0.010126501
-0.035719656,-0.047208941,-0.020249576
-0.049069881,-0.011449396,-0.031872366
-0.022628113,0.025003745,-0.028872936
-0.160149298,-1.244636324,-0.178094559
-0.532276031,-1.902183803,-0.224210789
-0.864284607,-1.629401983,-0.110232464
-1.17381412,-1.778839991,-0.278950379
-1.482425125,-1.762954774,0.020992581
-1.761486433,-1.792618176,0.274444382
-2.038976907,-1.737141766,-0.036746439
-2.30037288,-1.663973043,0.262071735
-2.562642372,-1.721777684,0.390672279
-2.810159511,-1.704520273,0.147718482
-3.042058273,-1.73941751,0.474656308
-3.262488814,-1.761702553,0.652747441
-3.472189688,-1.804885447,0.584510417
-3.673886426,-1.826330676,0.590509276
-3.858562659,-1.83152702,0.42516572
-4.029592495,-1.849200589,0.22907801
-4.186507309,-1.848180816,-0.033747009
-4.330330579,-1.85899716,-0.142851261
-4.463330458,-1.862993771,-0.121480325
-4.582830152,-1.856282763,-0.301446101
-4.688765927,-1.849984165,-0.245206796
-4.781883838,-1.836914572,-0.070115093
-4.861246631,-1.820976867,-0.123354969
-4.929036229,-1.810059296,0.061859809
-4.984986455,-1.788179163,0.319060898
-5.027590204,-1.758714468,0.305938393
-5.05843331,-1.731877937,0.416167431
-5.076983411,-1.699432655,0.439787939
-5.083487943,-1.666061328,0.190085425
-5.079412769,-1.632498794,0.112100255
-5.064821623,-1.59318129,0.129346975
-5.039841969,-1.554257449,-0.023623934
-5.00541481,-1.515056169,-0.14885012
-4.962271203,-1.475138799,-0.149974906
-4.910879774,-1.435671328,-0.278950379
-4.851915345,-1.39066634,-0.538401039
-4.785014261,-1.342388329,-0.575518981
-4.709362988,-1.291545889,-0.538401039
-4.625167722,-1.235402128,-0.667751441
-4.532342234,-1.175490455,-0.544774827
-4.43120894,-1.11837941,-0.325816467
-4.322750081,-1.057856623,-0.423297929
-4.206598253,-0.99250866,-0.403051779
-4.083641972,-0.935603818,-0.176219915
-3.954964702,-0.875692145,-0.188592562
-3.81947923,-0.804450493,-0.21821193
-3.676953117,-0.732290295,-0.130853542
-3.529463314,-0.671092658,-0.268827304
-3.378614399,-0.610644855,-0.511031244
-3.222258188,-0.537194944,-0.624259712
-3.058066546,-0.455556854,-0.700745167
-2.886275661,-0.373247664,-0.80347563
-2.710180912,-0.296472243,-0.749485898
-2.529298677,-0.213162025,-0.620135496
-2.344896123,-0.142793928,-0.580767983
-2.157063224,-0.050039561,-0.456666583
-1.962707047,0.030038875,-0.27857545
-1.767308646,0.106188186,-0.166846698
-1.565563171,0.209279003,-0.082862669
-1.365032375,0.27295109,-0.016875218
-1.159485404,0.386337117,-0.022124219
-0.952555048,0.45191003,-0.125229612
-0.748455194,0.61383651,-0.170970913
-0.535923817,0.697394172,-0.19796578
-0.338485955,0.813490847,-0.173970343
-0.1181079,1.062945356,-0.051368658
0.018925914,0.506651603,-0.067865521
0.005065824,0.070867293,0.014618793
0.001451778,0.170392654,0.065984025
0.006355483,0.062735352,-0.066740735
0.001403041,0.078481849,0.020242724
0.005894355,0.055840636,0.08473046
0.002407776,0.033158181,0.101227323
0.005077071,0.050539315,0.217830149
0.003877388,0.023084172,0.257197662
0.004465982,0.030507521,0.337057475
0.004975847,0.009380971,0.36442727
0.004192304,0.020186067,0.30668825
0.005361995,0.017820343,0.271819881
0.004657182,0.01437486,0.128597118
0.005328254,0.013715006,-0.031872366
0.005395737,0.006239169,-0.171345842
0.005624426,0.008125,-0.305570317
0.005748144,0.003873446,-0.340063757
0.005909351,0.010040824,-0.329940682
0.006966572,0.011581731,-0.254205085
0.007945063,0.007903799,-0.130103685
0.008631132,0.01028077,-0.068990307
0.009654612,0.009002305,0.002621075
0.009943286,0.004657021,0.105726467
0.010273199,0.003071124,0.087354961
0.010678092,-0.005578202,0.017993151
0.010681841,0.003985921,0.023992011
0.01200899,0.001665187,-0.023623934
0.011097981,-0.002466394,-0.135727616
0.012661318,0.009718396,-0.203964639
0.011915265,-0.007831451,-0.234708792
0.012511358,0.018004052,-0.258704229
0.013583574,-0.013893852,-0.24970594
0.011641587,0.010355754,-0.164597126
0.015653028,0.005358115,-0.155973765
0.010655598,-0.010605833,-0.15747348
0.017081401,0.032633298,-0.095235316
0.010704335,-0.058928834,-0.081737883
0.016297858,0.086092656,-0.053993159
0.013823511,-0.131917598,-0.008251858
0.014430851,0.366009139,0.067858669
0.268081369,1.766798784,0.00112136
0.644624436,1.82404105,0.112100255
0.951863303,1.669954077,0.1597162
1.268733377,1.802873259,-0.031497437
1.562033426,1.753065589,0.29244096
1.84031494,1.802498343,0.170214204
2.110341134,1.682247592,-0.113231894
2.371245987,1.684815771,0.165340131
2.630782451,1.701612035,-0.047619371
2.871326431,1.706572181,-0.110607393
3.100495914,1.746005909,0.244450086
3.316165213,1.763990659,0.310437537
3.524565181,1.805827602,0.422916147
3.720345981,1.802415861,0.547767405
3.899799842,1.81972576,0.570638055
4.065783511,1.834951123,0.480280239
4.217494699,1.836312071,0.255697947
4.358153805,1.840511137,0.256447805
4.486632378,1.847529575,0.152967483
4.601903188,1.831895553,-0.093360672
4.703602582,1.814968069,-0.078363524
4.791603094,1.815170524,-0.115106537
4.866796988,1.792724267,-0.233958935
4.930252731,1.774915728,-0.051368658
4.98153169,1.758036983,0.080231316
5.020716342,1.72990699,-0.008251858
5.047694218,1.693030194,0.146593696
5.062521553,1.654874931,0.134221048
5.065719458,1.624802871,-0.068990307
5.057415401,1.592113892,-0.010126501
5.038794069,1.55476845,0.013119078
5.009825468,1.51327643,-0.070490022
4.971630554,1.4751999,-0.071989737
4.925397763,1.427649228,-0.025498578
4.870935895,1.382441784,-0.187092848
4.808994752,1.348684293,-0.364059194
4.739090711,1.299334021,-0.304445531
4.66036525,1.245331034,-0.425547501
4.57300207,1.185704298,-0.571394765
4.477319837,1.123179457,-0.476162875
4.373573483,1.067204408,-0.499408455
4.26210042,1.003356111,-0.616386209
4.143462998,0.947643505,-0.563146334
4.018658455,0.888766602,-0.412799925
3.888166664,0.816628899,-0.409425567
3.751241572,0.756297319,-0.323941823
3.607410803,0.693851211,-0.137602259
3.459388642,0.631630052,-0.233584006
3.307669956,0.559878513,-0.349062046
3.149049343,0.478979009,-0.372682554
2.982758255,0.405641573,-0.481411877
2.809516503,0.323122429,-0.585267127
2.632312048,0.245529689,-0.578143482
2.450245126,0.173609438,-0.563896191
2.265422682,0.099953323,-0.638132074
2.075850242,0.007858809,-0.589016414
1.881321611,-0.063187887,-0.511781102
1.685147165,-0.158352967,-0.461915585
1.48283184,-0.243024132,-0.331440397
1.282623459,-0.321089266,-0.227960076
1.074849576,-0.430122512,-0.206214211
0.871023401,-0.498177373,-0.22383586
0.663635665,-0.677837408,-0.164597126
0.455115729,-0.712648414,-0.149599977
0.254644917,-0.928952798,-0.058117375
0.037595983,-1.019892568,0.045737875
-0.0524065,-0.339373949,0.049487162
-0.026991961,-0.112024523,0.200583428
-0.033012871,-0.183479878,0.131971476
-0.031753204,-0.075871315,0.029241012
-0.030069898,-0.107248085,0.077981743
-0.032375539,-0.06420391,0.000746431
-0.029638762,-0.070258814,0.046862661
-0.032229328,-0.058223991,0.072732742
-0.030163623,-0.043988407,0.083980603
-0.031618239,-0.051865405,0.155591984
-0.03096966,-0.035294091,0.10497661
-0.031134617,-0.046695305,0.158216485
-0.031633235,-0.034645486,0.187085995
-0.031059637,-0.035001657,0.122973187
-0.031543259,-0.030360189,0.126347546
-0.031344561,-0.02842187,0.018743009
-0.031899415,-0.032088555,-0.091486029
-0.031929407,-0.028620576,-0.177344701
-0.032480511,-0.029554118,-0.285324167
-0.033481497,-0.029497881,-0.31044439
-0.034235048,-0.030948808,-0.313818748
-0.034973603,-0.029145459,-0.300696244
-0.035858369,-0.027195893,-0.258329301
-0.036177035,-0.028744298,-0.206214211
-0.036810618,-0.030198975,-0.222711074
-0.036788124,-0.020728582,-0.20358971
-0.037189268,-0.027986967,-0.097484888
-0.037702882,-0.021264712,-0.046869514
-0.037163025,-0.025340056,-0.012001145
-0.038906315,-0.023649182,0.017618223
-0.037275495,-0.014512464,0.071233027
-0.03956614,-0.032302257,0.061859809
-0.038036544,-0.004828369,0.060360095
-0.038816338,-0.045109408,0.141719622
-0.040132241,0.002853673,0.101602252
-0.036908092,-0.033798174,0.050611948
-0.043502601,-0.025673732,-0.043120227
-0.033852649,-0.000932985,-0.154474051
-0.047585273,-0.081922469,-0.26132873
-0.027764257,0.129819179,-0.315693392
-0.087665939,-0.824099872,-0.343063187
-0.419933197,-1.890523897,-0.39967742
-0.777802444,-1.673747118,-0.148475191
-1.082218307,-1.726767824,-0.157098552
-1.398863441,-1.781914307,-0.023249006
-1.682719733,-1.767195081,0.450285943
-1.961706061,-1.772605128,0.23470194
-2.226577367,-1.659335324,0.356928696
-2.488070814,-1.711310013,0.648248296
-2.741743827,-1.704374056,0.283442671
-2.977279129,-1.728417457,0.356928696
-3.201736107,-1.755565168,0.47128195
-3.413877587,-1.787594293,0.274444382
-3.619012167,-1.821632971,0.335932689
-3.808678332,-1.827395439,0.305938393
-3.984015781,-1.84213716,0.294690532
-4.144709596,-1.834563845,0.203582858
-4.292428088,-1.858284818,0.022117367
-4.42916573,-1.859514545,0.047612519
-4.552249477,-1.852627327,-0.129353828
-4.663411373,-1.851787513,-0.202839853
-4.760450748,-1.829787407,-0.00187807
-4.843978691,-1.823769996,-0.00187807
-4.915835965,-1.806696294,0.06748374
-4.97527277,-1.782825354,0.33555776
-5.022679001,-1.760750265,0.280443241
-5.057199885,-1.730344528,0.24632473
-5.079918886,-1.702315763,0.386548064
-5.091405852,-1.668599514,0.157841557
-5.090970967,-1.6347183,-0.049119086
-5.08009134,-1.597878995,-0.104608533
-5.058714485,-1.555400944,-0.312319033
-5.026874143,-1.514733741,-0.49790874
-4.986463565,-1.476342281,-0.5065321
-4.937865148,-1.436781081,-0.440919577
-4.881352571,-1.392585913,-0.513655745
-4.817353221,-1.346943566,-0.449168009
-4.744967336,-1.296745982,-0.242207366
-4.664022461,-1.240309786,-0.310819319
-4.574113704,-1.183026279,-0.310819319
-4.475904638,-1.127219943,-0.157848409
-4.369916376,-1.065189992,-0.231709363
-4.255826504,-1.001379186,-0.341563472
-4.135010907,-0.941137587,-0.227960076
-4.007792002,-0.880772265,-0.242582295
-3.874642163,-0.81925595,-0.46041587
-3.734665377,-0.74593351,-0.418798784
-3.588394002,-0.681410363,-0.406051208
-3.43927713,-0.623579478,-0.56127169
-3.285121587,-0.547122735,-0.580393054
-3.12348677,-0.467183018,-0.58151784
-2.95387406,-0.384153988,-0.633632929
-2.778131718,-0.310974017,-0.678999302
-2.598340446,-0.230209483,-0.58151784
-2.413870409,-0.155293648,-0.492284809
-2.227514619,-0.079249314,-0.436045504
-2.034676792,0.013088896,-0.2557048
-1.839994452,0.082710908,-0.194216493
-1.641371902,0.18196258,-0.152974336
-1.439506459,0.245953345,-0.06824045
-1.237536043,0.354128032,-0.042745298
-1.028157583,0.439451552,-0.052118516
-0.825392377,0.548019901,-0.128978899
-0.612047465,0.691384259,-0.198715637
-0.410279496,0.728654719,-0.27295152
-0.197242003,1.037942168,-0.251580584
-0.007860763,0.776070421,-0.266202803
0.017100146,0.124442875,-0.205464354
-0.00264589,0.136016551,0.029241012
0.008229988,0.110852148,0.037489444
0.00144428,0.060774538,0.125972617
0.005275768,0.075175085,0.265821022
0.003761168,0.032828255,0.248199373
0.003881137,0.050842997,0.331808473
0.005024585,0.018356474,0.345305907
0.003682439,0.032498328,0.322060327
0.00542198,0.025318675,0.300689391
0.004184806,0.015192178,0.185961209
0.005257023,0.020950897,0.124472902
0.005002091,0.012095367,0.033740157
0.005354497,0.015567094,-0.015750432
0.005845618,0.010843145,-0.016500289
0.005590685,0.012402798,-0.121855254
0.006059311,0.007911298,-0.211463213
0.006171782,0.006377889,-0.326191395
0.006996564,0.011619223,-0.421048356
0.008016295,0.008353699,-0.40267685
0.008552403,0.009962091,-0.323941823
0.009733341,0.009002305,-0.230209648
0.010318187,0.000184266,-0.097859817
0.010333183,0.007022745,0.043863232
0.011202953,0.004855727,0.064109382
0.010741825,0.002527495,0.103851824
0.011870277,0.010959369,0.135720763
0.011536615,-0.001825287,0.073857528
0.012170198,0.009868362,0.049112234
0.01280378,-0.007010383,0.03861423
0.011840285,0.006835287,-0.021374362
0.014520827,0.001331511,-0.128978899
0.01144289,-0.006770437,-0.095985173
0.015240637,0.017096754,-0.090361243
0.012061476,-0.031728635,-0.170221056
0.014906975,0.039018128,-0.112482036
0.014846991,-0.043321056,-0.136102544
0.01128918,0.054232243,-0.197215922
0.021673938,-0.042061336,-0.286823882
-0.001944825,0.045500436,-0.265452946
0.167529172,1.443009561,-0.228709933
0.544240944,1.93782074,-0.154099122
0.866524589,1.647451583,0.109100826
1.178749639,1.796537169,0.0356148
1.483727854,1.754156596,0.27219481
1.762489241,1.80084496,0.412043215
2.03776405,1.722397411,0.097478036
2.29860142,1.667352156,0.359553197
2.561013375,1.717261054,0.314936682
2.806925937,1.694488619,0.058110522
3.039158362,1.734004829,0.280443241
3.259161516,1.751359718,0.25494809
3.46931602,1.798764173,0.245574872
3.670053012,1.811106428,0.358053482
3.85402443,1.809554273,0.320935541
4.02398205,1.824322238,0.339307047
4.17931853,1.82449095,0.17996235
4.32344547,1.837957955,0.083980603
4.456107938,1.837864225,0.047987447
4.575825075,1.835888415,-0.15747348
4.682413178,1.822316434,-0.117356109
4.774856267,1.804474153,0.023617082
4.854305286,1.791303333,0.000746431
4.921757474,1.769276983,0.071607955
4.977362791,1.749991273,0.248199373
5.020502649,1.723608392,0.125972617
5.051180798,1.704251448,0.102352109
5.070162035,1.666219908,0.175838134
5.077333891,1.619853972,-0.078363524
5.073236223,1.596605393,-0.110607393
5.058243932,1.555728236,-0.106858106
5.032660688,1.515795869,-0.295447242
4.997401249,1.475900994,-0.317942964
4.953005473,1.427514258,-0.242582295
4.900695536,1.387960556,-0.240707652
4.84092507,1.346596008,-0.326941253
4.773394153,1.299641453,-0.237333293
4.697829107,1.249901268,-0.222336145
4.613723817,1.196453157,-0.421423285
4.521303222,1.136672705,-0.3824307
4.420376124,1.07888681,-0.353186262
4.311362411,1.018337779,-0.494159453
4.195056874,0.95508185,-0.508406743
4.071920641,0.894645294,-0.406801066
3.942977191,0.836964375,-0.463790228
3.807877866,0.768849527,-0.518529818
3.665899109,0.695069689,-0.352811333
3.519192849,0.640253133,-0.395553205
3.36900376,0.575366317,-0.49790874
3.212752521,0.502636246,-0.439044934
3.049018258,0.424413647,-0.473163446
2.876916205,0.338164083,-0.55564776
2.699812973,0.270465393,-0.607012992
2.518495853,0.187196416,-0.558647189
2.333343496,0.114961234,-0.520779391
2.145716793,0.031793485,-0.473538374
1.951101934,-0.051441749,-0.327316181
1.755947219,-0.1283109,-0.224960646
1.555341443,-0.228496114,-0.159348124
1.354413252,-0.290304864,-0.152224478
1.150215924,-0.404092053,-0.184843275
0.942993146,-0.466841844,-0.253080299
0.739785556,-0.616778491,-0.333689969
0.526703075,-0.71491666,-0.378306485
0.328537905,-0.809973015,-0.359934978
0.108748444,-1.088299851,-0.250080869
-0.042119216,-0.593503668,-0.178469487
-0.034973603,-0.098996171,0.009369791
-0.027378109,-0.191476849,0.152967483
-0.033800163,-0.098493783,0.11359997
-0.027633042,-0.096011835,0.206957216
-0.032405531,-0.085592903,0.21745522
-0.02896394,-0.054399841,0.19420964
-0.030954664,-0.070135091,0.25194866
-0.030133631,-0.043002377,0.179587421
-0.03009989,-0.055295892,0.15671677
-0.030924672,-0.03781728,0.126347546
-0.030017412,-0.044629515,0.109100826
-0.031029645,-0.04073788,0.175838134
-0.030309835,-0.030772597,0.116599399
-0.030962162,-0.033846913,0.090729319
-0.030752218,-0.029797814,-0.022499148
-0.031003402,-0.032384739,-0.222711074
-0.031318318,-0.026033651,-0.286448953
-0.031355808,-0.02667101,-0.375307055
-0.032529249,-0.028478108,-0.343813044
-0.033290298,-0.026745993,-0.204339568
-0.033845151,-0.029749075,-0.166471769
-0.034786153,-0.026513545,-0.112482036
-0.035254779,-0.021099749,-0.006752143
-0.035877115,-0.026382324,0.00674529
-0.036090808,-0.020443645,-0.037496296
-0.036064565,-0.022231997,0.019867795
-0.037297989,-0.021662124,0.025866654
-0.036488203,-0.021193478,-0.086986885
-0.037972811,-0.027019682,-0.154474051
-0.037226758,-0.010208422,-0.159348124
-0.038062787,-0.034859188,-0.181093988
-0.038587649,-0.004232251,-0.161222767
-0.037046806,-0.031454945,-0.012751002
-0.040825808,-0.020289929,0.031865513
-0.035700911,-0.00819512,0.017618223
-0.042490368,-0.048307447,0.010119649
-0.035356002,0.034957781,-0.087736742
-0.04191677,-0.1008895,-0.15747348
-0.03771038,0.119329013,-0.145475762
-0.042497866,-0.409232159,-0.0911111
-0.306915541,-1.742236883,-0.175470058
-0.684946965,-1.762358657,-0.063741305
-0.99230955,-1.660778753,-0.052118516
-1.310641738,-1.80343452,-0.167971484
-1.603446917,-1.752404621,0.22907801
-1.882778154,-1.794106595,0.140969765
-2.153359202,-1.674193269,0.005995433
-2.413967883,-1.690899553,0.390672279
-2.672754545,-1.708700593,0.168714489
-2.912278794,-1.711583702,0.101227323
-3.140709722,-1.750706249,0.39329678
-3.355996621,-1.768481045,0.296565176
-3.563766756,-1.814846981,0.368926415
-3.75915391,-1.819690903,0.44241244
-3.938360337,-1.832235613,0.428540078
-4.103747913,-1.838110556,0.443912155
-4.255241658,-1.843059455,0.233577154
-4.395270931,-1.850745245,0.212206218
-4.522823498,-1.8493768,0.09635325
-4.637816882,-1.843685566,-0.164597126
-4.739276339,-1.829071317,-0.107607963
-4.827021918,-1.814921964,-0.148100263
-4.902227059,-1.800300217,-0.26132873
-4.965484105,-1.782510424,-0.059242161
-5.016553119,-1.757027343,0.03861423
-5.055396611,-1.730989385,-0.014250717
-5.082093312,-1.703294296,0.148843268
-5.096808176,-1.667943409,0.154467198
-5.100129799,-1.632326332,-0.00187807
-5.092800484,-1.596994192,0.026241583
-5.075003934,-1.559345067,-0.026998293
-5.046702657,-1.518749098,-0.230209648
-5.009055099,-1.474902601,-0.28719881
-4.962664849,-1.433245618,-0.252330441
-4.908202981,-1.390088968,-0.362934408
-4.84610063,-1.346767355,-0.446543508
-4.775994143,-1.301991065,-0.320567465
-4.69777105,-1.247065783,-0.354685976
-4.611112683,-1.193801382,-0.475413018
-4.516139013,-1.136844052,-0.356935549
-4.413078728,-1.074068017,-0.377931556
-4.302111781,-1.012712915,-0.528652893
-4.183534344,-0.947713624,-0.429296788
-4.058114963,-0.889642792,-0.321692251
-3.926858374,-0.828715095,-0.384305344
-3.788999778,-0.756116245,-0.329565754
-3.644141781,-0.692669109,-0.215962357
-3.495759714,-0.634973193,-0.285324167
-3.343969797,-0.563180413,-0.356935549
-3.185405419,-0.488823204,-0.341938401
-3.018675698,-0.409089691,-0.464915014
-2.844579171,-0.328943769,-0.62201014
-2.666474953,-0.251519742,-0.610762279
-2.48274722,-0.17299346,-0.606263134
-2.296668858,-0.105144803,-0.619760567
-2.105709285,-0.008198869,-0.509156601
-1.910078445,0.058052644,-0.40267685
-1.713521599,0.146952868,-0.333689969
-1.510670166,0.235478175,-0.225335575
-1.310626742,0.313775758,-0.146975477
-1.102676655,0.423892513,-0.092610815
-0.898055689,0.489330456,-0.052868373
-0.689382044,0.668083193,-0.05961709
-0.480239772,0.700903392,-0.092610815
-0.277602032,0.92145558,-0.062991448
-0.059945759,0.996161462,-0.081737883
0.025059294,0.301500989,-0.133103115
-0.001150035,0.093426025,-0.01050143
0.006081805,0.162545649,-0.02474872
0.00409483,0.050096913,-0.048369229
0.003360024,0.087993483,0.073482599
0.005740645,0.045144265,0.028491155
0.003045107,0.050464332,0.038239301
0.005954339,0.034759075,0.110225612
0.003776164,0.022323092,0.128222189
0.005455721,0.029735193,0.194959498
0.004908365,0.010052071,0.196459213
0.00519329,0.023785266,0.191960068
0.005789383,0.011525494,0.198333856
0.005376992,0.010760664,0.131971476
0.006033068,0.007187708,0.13084669
0.005691908,0.004761998,0.082855817
0.006422965,0.008466174,-0.050618801
0.006516691,0.006400384,-0.12860397
0.006989066,0.007232698,-0.26432816
0.008274976,0.005376861,-0.358060335
0.008799838,0.009530937,-0.356935549
0.009808321,0.010764413,-0.367433552
0.010681841,0.007157715,-0.268827304
0.01056937,0.006764053,-0.125604541
0.011487878,0.004604533,-0.088486599
0.011307925,0.004424573,-0.02474872
0.012113962,0.006239169,0.066358954
0.01220019,-0.003508662,0.071607955
0.012196441,0.010588202,0.062609667
0.013399873,-0.008337588,0.05023702
0.011941508,0.003745974,0.016118508
0.014745768,0.01059945,-0.061116804
0.012177696,-0.012053011,-0.084362384
0.014996951,0.025108722,-0.023623934
0.013467355,-0.027327114,-0.050243872
0.013778523,0.039764212,-0.084737312
0.016650265,-0.034521763,-0.130103685
0.009497154,0.015799543,-0.197590851
0.023773384,0.009894606,-0.265827875
-0.002634643,-0.068597933,-0.270327019
0.11966931,1.20543241,-0.26995209
0.484361756,1.962449012,-0.225335575
0.81918209,1.659568887,0.011619364
1.128130506,1.780873153,-0.026248435
1.439448297,1.768902066,0.166089988
1.720256644,1.787767869,0.425915577
1.998793091,1.744288791,0.139095122
2.261216293,1.660172503,0.326559472
2.524153109,1.711183655,0.440912725
2.774511997,1.693742535,0.134221048
3.009537434,1.727856197,0.278568598
3.232119906,1.748289151,0.302564035
3.443335381,1.787782866,0.155966913
3.647465226,1.809243092,0.210706503
3.835789246,1.812902278,0.208082002
4.009555859,1.830332151,0.260946949
4.168322684,1.82845007,0.221579436
4.314417854,1.836147107,0.173963491
4.44920976,1.840882304,0.219329863
4.571779893,1.835194819,0.050611948
4.681712113,1.824337235,-0.006752143
4.777784243,1.809194353,0.080981173
4.860701097,1.788536448,0.012369221
4.931362438,1.77149274,0.042363517
4.98967079,1.757774541,0.190460353
5.035828602,1.728860973,0.066733882
5.069693409,1.695425911,0.005245576
5.09138893,1.674959214,0.099727608
5.101619978,1.632454919,-0.08548717
5.100540263,1.592143886,-0.190842134
5.08900081,1.564651252,-0.179969202
5.066795424,1.514108745,-0.348687117
5.034336496,1.475848506,-0.4660398
4.99277872,1.439526585,-0.410925281
4.94241077,1.394532844,-0.376431841
4.884196143,1.355429043,-0.455916725
4.818487245,1.306491179,-0.359185121
4.744639246,1.256739746,-0.212587999
4.662397214,1.203186659,-0.325816467
4.572432221,1.143222498,-0.327316181
4.474178166,1.085935242,-0.248956083
4.367695035,1.021550814,-0.39405349
4.25388259,0.968710068,-0.472413588
4.132744579,0.910166841,-0.381680843
4.005503179,0.839798745,-0.437545219
3.872015929,0.784907205,-0.533901895
3.731435552,0.711108622,-0.419548642
3.58549784,0.650364634,-0.393678561
3.436410959,0.598367451,-0.499783383
3.282487856,0.51588205,-0.435670576
3.121175454,0.443219463,-0.375681984
2.951918899,0.365506751,-0.464915014
2.776465231,0.288262684,-0.467164586
2.596598978,0.20924901,-0.421798214
2.411682809,0.134603115,-0.443919007
2.224603461,0.061786813,-0.421048356
2.030910859,-0.035016653,-0.330315611
1.83497635,-0.101256918,-0.289448383
1.636387541,-0.196601959,-0.322442108
1.433809786,-0.267337474,-0.293947527
1.232716638,-0.362896217,-0.267327589
1.023716829,-0.451365287,-0.297696814
0.821412751,-0.544528313,-0.270701948
0.609717404,-0.708681797,-0.247831297
0.405909973,-0.73474225,-0.232834149
0.19650527,-1.029629152,-0.171720771
-0.004670355,-0.880026181,-0.206964069
-0.047645257,-0.190951965,-0.121105396
-0.024108972,-0.149808618,0.065984025
-0.034538718,-0.152777957,0.049112234
-0.02858529,-0.076351208,0.146218767
-0.030838445,-0.103258973,0.230577724
-0.030489787,-0.058471436,0.166839845
-0.029694997,-0.075920054,0.210331575
-0.031134617,-0.048232463,0.178837564
-0.029327594,-0.049953331,0.153342412
-0.031142115,-0.044209608,0.182961779
-0.029964926,-0.043478521,0.117349257
-0.030639748,-0.045443084,0.091479177
-0.030613504,-0.030881323,0.023992011
-0.030538524,-0.039718107,-0.044619942
-0.030684736,-0.026082391,-0.019874647
-0.030695983,-0.028924258,-0.093735601
-0.03131082,-0.029452891,-0.143601118
-0.031325816,-0.027649542,-0.172095699
-0.032191838,-0.03228726,-0.288323597
-0.033200321,-0.025336307,-0.374557198
-0.033691442,-0.033400763,-0.400052349
-0.034804898,-0.033603218,-0.351686547
-0.035202293,-0.021054759,-0.219336716
-0.035296018,-0.026431063,-0.093735601
-0.036184533,-0.019832531,-0.049119086
-0.035978338,-0.021523405,0.063359524
-0.03714428,-0.024687701,0.164215344
-0.036465709,-0.015509742,0.107601111
-0.037586663,-0.02819692,0.118099114
-0.037609157,-0.010778295,0.147718482
-0.037537926,-0.031552424,0.085105389
-0.039461168,-0.010347141,0.00112136
-0.036634415,-0.022460696,-0.03637151
-0.04081831,-0.032238521,-0.054743016
-0.036124549,0.002531244,-0.141726475
-0.041046999,-0.059022563,-0.196840994
-0.037519181,0.035673872,-0.263578302
-0.038501422,-0.088952155,-0.345687688
-0.042958994,0.071054751,-0.320942393
-0.02862278,-0.210657582,-0.284199381
-0.245371793,-1.586297822,-0.341938401
-0.627928272,-1.829682431,-0.171720771
-0.942256517,-1.635768067,-0.022499148
-1.258897902,-1.801076294,-0.043495155
-1.558541275,-1.746942086,0.39629621
-1.838247413,-1.793098069,0.467907591
-2.112498742,-1.690389666,0.251573732
-2.37349732,-1.674376978,0.567638626
-2.635515629,-1.712048598,0.379424418
-2.879190032,-1.705592534,0.118848972
-3.110496451,-1.74517248,0.410918429
-3.328145226,-1.75092745,0.328434115
-3.537201271,-1.801282498,0.250823874
-3.736269953,-1.817475146,0.301439249
-3.919232888,-1.826094479,0.142844409
-4.088736877,-1.834323898,0.061109952
-4.243053627,-1.837214505,-0.109857535
-4.386558231,-1.851431343,-0.056992589
-4.517833566,-1.844060482,0.041238731
-4.635796165,-1.84029632,-0.04499487
-4.741027127,-1.829468728,0.146593696
-4.831670691,-1.811150303,0.232077439
-4.910351164,-1.798864286,0.139095122
-4.977252247,-1.779807275,0.259447234
-5.031751605,-1.761203914,0.296565176
-5.074719009,-1.733486329,0.129721904
-5.10451614,-1.699466397,0.150342983
-5.122451404,-1.672183716,0.061109952
-5.129488296,-1.635344411,-0.23545865
-5.124809532,-1.598430123,-0.290948097
-5.109892221,-1.562655581,-0.303695673
-5.085088771,-1.520353741,-0.398177706
-5.05006177,-1.482528405,-0.39405349
-5.006502023,-1.442940961,-0.267327589
-4.954829418,-1.40046666,-0.299571458
-4.894552835,-1.350955173,-0.443544078
-4.826605778,-1.303179551,-0.321692251
-4.750219699,-1.255152735,-0.321317322
-4.66508718,-1.195181075,-0.422173142
-4.571755576,-1.14386624,-0.234333864
-4.470723506,-1.087849951,-0.188967491
-4.362230906,-1.021470967,-0.371557768
-4.245775408,-0.962226646,-0.389554346
-4.12280788,-0.901265207,-0.328066039
-3.993500776,-0.837761833,-0.448043223
-3.857606661,-0.77290501,-0.470913873
-3.714548189,-0.702863091,-0.320942393
-3.566031158,-0.642640238,-0.394428419
-3.415036031,-0.58090647,-0.525653464
-3.258293672,-0.507104138,-0.532027252
-3.094004556,-0.428930277,-0.574019266
-2.921805028,-0.344075403,-0.607762849
-2.744398126,-0.274217193,-0.505407314
-2.562541149,-0.196317022,-0.356935549
-2.376230348,-0.124134329,-0.335939541
-2.186931586,-0.037063698,-0.247831297
-1.99083212,0.048649735,-0.12298004
-1.793859135,0.122065904,-0.144350976
-1.591498822,0.222037415,-0.098984603
-1.389629629,0.280029515,-0.088861528
-1.184693747,0.395203894,-0.200965209
-0.97685613,0.457398809,-0.297321885
-0.773232401,0.599537191,-0.388054631
-0.559073954,0.708143031,-0.420673428
-0.36024146,0.790482215,-0.279325308
-0.139027376,1.071875869,-0.122605111
0.015383099,0.592177578,-0.099359532
0.009129751,0.074683944,0.063359524
0.000934415,0.163100526,0.146968624
0.008083777,0.078586826,0.066733882
0.001946647,0.076929694,0.173213633
0.006704141,0.068741516,0.199083714
0.003498738,0.036052538,0.170589132
0.005635673,0.050633044,0.23470194
0.004874624,0.023796514,0.178462635
0.004915863,0.034357914,0.188210781
0.005961837,0.018135273,0.201708214
0.005009589,0.02309542,0.113974899
0.00617928,0.016110724,0.117349257
0.005560693,0.011413019,-0.034496867
0.006156786,0.014614806,-0.172095699
0.006321742,0.011195567,-0.219336716
0.006505444,0.010445734,-0.35656062
0.006917835,0.002553739,-0.299196529
0.006962823,0.009054793,-0.255329871
0.007146524,0.003536021,-0.26132873
0.007382712,0.005106921,-0.136102544
0.007558915,0.007892552,-0.070490022
0.007791354,-0.001214173,0.013119078
0.007862585,0.002152579,0.136095692
0.007412704,-0.001202925,0.148843268
0.007412704,0.000780384,0.17133899
0.007446445,0.003337315,0.206957216
0.007169018,-0.002747581,0.13384612
0.007037803,-0.000483085,0.013119078
0.006842854,-0.000741778,-0.045369799
0.006621663,-0.001172932,-0.074239309
0.006569177,0.000829123,-0.190467206
0.006666651,-0.001345393,-0.229834719
0.006692894,0.000585427,-0.144725904
0.006362981,1.93e-05,-0.173220486
0.006276754,-0.002406407,-0.287573739
0.006347985,0.000690404,-0.277825593
0.006115546,-0.002462645,-0.196840994
0.006149288,-0.000378109,-0.169846127
0.006115546,-0.001934012,-0.125229612
0.006066809,-0.006369276,-0.067115663
0.005946841,-0.000291878,-0.067865521
0.005766889,-0.002331424,-0.100484318
0.005766889,-0.001757802,-0.091486029
0.00564692,6.43e-05,-0.05961709
0.005616928,-0.002267688,-0.036746439
0.005511956,-0.002061484,-0.040870654
0.00553445,-0.003771104,-0.115106537
0.005436976,-0.002593866,-0.218586858
0.005365745,-0.003174986,-0.277825593
