0.149706379,2.585331702,-0.096360102
0.334809998,3.673185959,-0.097484888
0.434758605,4.075572698,-0.082862669
0.520903357,4.951910258,0.011994292
0.53656672,5.219289529,-0.022874077
0.574750387,3.994928138,-0.01912479
0.675516278,3.22521686,-0.014625646
0.745555283,3.224759461,-0.145100833
0.810390662,3.197829202,0.022117367
0.857665678,3.233285065,-0.026998293
0.905836707,2.708083146,-0.10573332
0.958120401,2.655328631,0.036364658
0.983246266,2.82067435,-0.152974336
1.005522883,2.431998311,0.080606244
1.028721757,2.286271977,-0.007876929
1.039110264,2.40318597,-0.104233605
1.042401895,2.114826365,0.098602822
1.051133339,1.763908177,-0.180344131
1.052464238,1.74514735,-0.135352687
1.042326914,1.650859575,-0.21221307
1.027293384,1.558510118,-0.245206796
1.003933303,1.459363423,-0.173970343
0.974038697,1.352684653,-0.179594274
0.935461384,1.261527431,-0.122230182
0.890019634,1.141899043,-0.200590281
0.838373272,1.03442545,-0.163472339
0.780222378,0.906248963,-0.123729897
0.716687906,0.774537012,-0.227585147
0.645430473,0.631146409,-0.312319033
0.574326749,0.508582423,-0.303320745
0.497768216,0.359875503,-0.423297929
0.416973301,0.224170691,-0.365933837
0.329190232,0.044304452,-0.293947527
0.234036609,-0.12867082,-0.274826163
0.143629233,-0.330473429,-0.172845557
0.041824867,-0.513009074,-0.224210789
-0.00908294,-0.253615526,-0.178844416
0.002389031,-0.049908341,-0.163847268
0.001170602,-0.087703683,-0.233209078
0.000848187,-0.035065392,-0.214837571
0.002362787,-0.042466246,-0.283074595
0.000619498,-0.032433478,-0.266577732
0.002186584,-0.022794372,-0.156348694
0.000589506,-0.026419816,-0.180344131
0.001433033,-0.015453505,-0.106483177
0.000941913,-0.019735053,0.001871217
0.001069379,-0.014894879,-0.03074758
0.001211841,-0.021118495,-0.037871225
0.00068698,-0.013623912,-0.012751002
0.000825693,-0.012975306,-0.118105967
0.000484533,-0.014587448,-0.14885012
0.00049953,-0.013166514,-0.103483747
0.000267091,-0.014958615,-0.107607963
0.000124629,-0.013462698,-0.021374362
-2.91e-05,-0.015667207,0.037114515
-0.000115308,-0.01304654,0.145843838
-0.000197786,-0.014613692,0.117349257
-0.000381488,-0.01498111,0.082480888
-0.000617675,-0.011768075,0.191960068
-0.000636421,-0.016728221,-0.048369229
-0.000602679,-0.013432705,-0.054368088
-0.000685158,-0.012116747,-0.006377214
-0.000538946,-0.01642079,-0.210338427
-0.000508954,-0.011753078,-0.104233605
-0.000666413,-0.012371691,-0.124479755
-0.000700154,-0.012904072,-0.133852972
-0.000576436,-0.011081977,-0.050993729
-0.000527699,-0.010542098,-0.121480325
-0.000388986,-0.011190703,-0.128229042
-0.000437723,-0.011775573,-0.167971484
-0.000531448,-0.010275907,-0.250080869
-0.000475213,-0.011550623,-0.256829586
-0.000538946,-0.011550623,-0.264703088
-0.000332751,-0.011314426,-0.312693962
-0.000269018,-0.010140937,-0.229084862
-0.000437723,-0.010632078,-0.208463783
-0.000403982,-0.010684566,-0.232834149
-0.000321504,-0.009529823,-0.146600548
-0.000426476,-0.010470863,-0.229834719
-0.000460217,-0.011093225,-0.184468347
-0.000343998,-0.011411904,-0.172095699
-0.000426476,-0.010230917,-0.29019824
-0.000497707,-0.010838282,-0.16609684
-0.000478962,-0.011355667,-0.215962357
-0.000542695,-0.013177761,-0.19796578
-0.001135039,-0.014246274,-0.089986314
-0.001483697,-0.014591197,-0.080238168
-0.001603665,-0.015247301,0.025491725
-0.002188511,-0.01233045,0.001871217
-0.002079789,-0.016998161,0.026241583
-0.002589655,-0.016049622,0.033365228
-0.002525922,-0.008806234,-0.056992589
-0.002537169,-0.016668235,-0.022124219
-0.002942062,-0.009147408,-0.032247294
-0.002747113,-0.019588835,-0.06824045
-0.00363188,-0.016379549,-0.010126501
-0.002334722,-0.007943925,-0.008251858
-0.003980537,-0.024976387,-0.051743587
-0.002600902,0.002759943,-0.009751572
-0.003489417,-0.032669675,-0.006002285
-0.003658123,0.002992392,-0.066740735
-0.001899837,-0.021429676,-0.021374362
-0.005708831,-0.013983832,-0.081737883
0.000971905,0.009887108,-0.156723623
-0.008910486,-0.06519369,-0.12860397
0.006839105,0.106398139,-0.218586858
-0.045418345,-0.682486374,-0.183343561
-0.274865255,-1.661086185,-0.135727616
-0.491486802,-1.670376618,-0.12860397
-0.661290712,-1.786150864,-0.069365236
-0.829036415,-2.025988762,-0.136477473
-0.952566295,-2.491867628,-0.043495155
-1.058423341,-2.523574325,-0.05961709
-1.156624909,-2.212730972,-0.176969773
-1.24818698,-2.183506223,0.033365228
-1.330886392,-2.014261371,0.032990299
-1.405026814,-2.037581184,0.058485451
-1.467316615,-2.08232748,0.182586851
-1.514887803,-2.056728175,0.092229034
-1.551485638,-2.058025386,0.113225041
-1.575996666,-1.998196195,0.103851824
-1.592919697,-1.978730525,0.042738446
-1.601358718,-1.926722094,-0.086237027
-1.601583659,-1.861205418,-0.151099692
-1.594857935,-1.779244901,-0.213712785
-1.579996859,-1.708723088,-0.343438115
-1.557247867,-1.651278367,-0.297696814
-1.526153578,-1.568489283,-0.277075736
-1.487580014,-1.476765937,-0.158973195
-1.4423782,-1.383449195,-0.112482036
-1.389056031,-1.290754815,-0.167221626
-1.328839432,-1.184705905,-0.126354398
-1.262080811,-1.073921799,-0.196840994
-1.18987113,-0.966721896,-0.20658914
-1.109957232,-0.843689264,-0.222336145
-1.024202378,-0.738307706,-0.226460361
-0.937948905,-0.626485081,-0.203964639
-0.844362368,-0.497693731,-0.281949809
-0.746681912,-0.372629051,-0.280450094
-0.639265278,-0.214076821,-0.33069054
-0.5280359,-0.087347512,-0.366308766
-0.412963787,0.081653644,-0.416924141
-0.293201663,0.209717656,-0.481036948
-0.179865342,0.419479744,-0.45741644
-0.051769168,0.606180713,-0.560521833
0.011540364,0.266495026,-0.516655175
-0.002739615,0.043220943,-0.388054631
-0.000913847,0.087412363,-0.329565754
-0.000763887,0.025603612,-0.167221626
-0.00219226,0.035688868,-0.05361823
0.000312079,0.017872832,-0.037496296
-0.001941076,0.008608642,-0.05361823
-0.000122806,0.011622972,-0.035996581
-0.001041314,0.003176101,-0.073489451
-0.000314006,0.010456981,-0.131978329
-0.000343998,-0.004494693,-0.071614808
-0.000224029,0.00272995,-0.07086495
0.000297083,0.002756194,-0.07386438
-2.16e-05,0.001413993,-0.000753284
0.000582008,0.000817875,0.024366939
0.000390808,-0.003332451,0.061109952
0.000705725,0.000645414,0.126347546
0.001091873,-0.001375387,0.158591414
0.001354304,0.000949096,0.136470621
0.001485519,-0.001116694,0.132346405
0.001560499,-0.002200203,0.143969195
0.001849173,0.000592925,0.134970906
0.002029126,-0.005177041,0.169839275
0.002220325,-0.002721337,0.149218196
0.002149094,-0.000115667,0.126347546
0.002156592,-0.002173959,0.129721904
0.002235321,-0.002702591,0.005620504
0.002242819,-0.002998776,-0.121480325
0.002156592,-0.004494693,-0.193841564
0.002092859,-0.006815427,-0.283074595
0.002250317,-0.00338494,-0.337439256
0.002070365,-0.000186901,-0.354685976
0.002141596,-0.003013772,-0.36818341
0.002302803,-0.005578202,-0.389179417
0.002557736,-0.000160657,-0.397802777
0.00345,0.002028856,-0.360684836
0.003697435,0.000101785,-0.31606832
0.004214798,0.002163826,-0.318317893
0.005058326,-0.000569316,-0.306695103
0.005373243,0.003352312,-0.303695673
0.005691908,0.001773913,-0.35356119
0.00557194,0.00142899,-0.338564042
0.006861599,0.007015247,-0.337439256
0.006228017,-0.003718615,-0.319817607
0.007026556,0.009362225,-0.236208507
0.007378963,-0.005889383,-0.192341849
0.006842854,0.009163519,-0.115856395
0.008912308,0.00021426,-0.09411053
0.006336738,-0.006564232,-0.060366947
0.010183222,0.01949997,-0.022499148
0.006186778,-0.026209862,0.015368651
0.009568385,0.036757381,0.062234738
0.008466176,-0.0419976,0.058485451
0.006554181,0.048792204,0.216705362
0.014340874,-0.046417867,0.190460353
-0.004872802,0.062041756,0.131596548
0.16625076,1.415850602,0.139095122
0.510758536,1.920567078,0.091104248
0.790565897,1.708667965,0.244450086
1.056246989,1.945232841,0.219329863
1.308585354,2.02844933,0.277443812
1.537796076,2.19338639,0.402295069
1.758376577,2.235924427,0.389172564
1.958648692,2.254722745,0.494527529
2.15330104,2.354784237,0.544393046
2.327772467,2.42899148,0.612255141
2.490498246,2.519773785,0.630626647
2.640346176,2.532123538,0.561264838
2.776300275,2.583127192,0.495277387
2.901071076,2.571212343,0.280068313
3.013192718,2.484812812,0.048737305
3.116211764,2.410718044,-0.048744157
3.20654416,2.333129054,-0.271826734
3.286319344,2.260496461,-0.26432816
3.356823226,2.195287217,-0.358060335
3.41611007,2.162200827,-0.767482475
3.463366341,2.152640454,-0.470164016
3.498175899,2.128567059,-0.658753152
3.522225798,2.082815986,-0.846217502
3.537409289,2.026102352,-0.277075736
3.542391723,1.971390773,-0.27295152
3.537169352,1.911880261,0.286067172
3.523646673,1.83941638,0.301439249
3.502164846,1.781836689,-0.188217634
3.472810097,1.725033075,0.14809341
3.435544938,1.664896452,-0.168721341
3.390811751,1.609465033,0.026616511
3.338363101,1.54271863,-0.281199951
3.278105263,1.474303849,-1.066300649
3.210356903,1.410995432,-0.892333732
3.134660642,1.347986948,-1.35162139
3.051728792,1.270476691,-0.771606691
2.961400145,1.193772503,-0.390679132
2.863622216,1.118530491,-0.733363963
2.759943344,1.030608799,-0.226460361
2.649403784,0.94672121,-0.502032956
2.532131002,0.868461119,-0.533901895
2.410085731,0.78825896,-0.354311048
2.284471402,0.713106927,-0.32469168
2.153406012,0.621908464,-0.075364095
2.012975596,0.518960115,-0.182968632
1.86682419,0.422404094,0.033365228
1.712972317,0.316737599,0.129721904
1.555678854,0.230360564,0.011244435
1.395273712,0.117731868,0.12522276
1.229290043,0.024692565,-0.075739024
1.061911743,-0.086050301,-0.33631447
0.886390593,-0.199916221,-0.566520692
0.715443235,-0.293930308,-0.706369097
0.535250818,-0.442172332,-0.731864249
0.362421457,-0.515648487,-0.621635211
0.185516922,-0.803123288,-0.310819319
0.015424338,-0.733377553,-0.04499487
-0.020299978,-0.175081746,0.442787369
-0.000782632,-0.108908966,0.532395328
-0.009761511,-0.109812515,0.467532663
-0.005007766,-0.045814251,0.483654597
-0.007763289,-0.070277559,0.142844409
-0.007350897,-0.02702718,-0.038621082
-0.007028483,-0.047283924,-0.252330441
-0.008711788,-0.028410623,-0.357310477
-0.007463368,-0.02550127,-0.34793726
-0.009225402,-0.028849275,-0.419548642
-0.008385624,-0.016443285,-0.120730468
-0.009375363,-0.023304259,-0.051743587
-0.009405355,-0.017031904,-0.206964069
-0.009634045,-0.017556787,-0.012376073
-0.010087675,-0.014831143,-0.072739594
-0.010147659,-0.016720723,-0.246331582
-0.0109387,-0.01543101,-0.276700807
-0.011092409,-0.013788875,-0.295822171
-0.011647263,-0.017193118,-0.315318463
-0.011920941,-0.014984859,-0.208463783
-0.012295842,-0.013597668,0.074232456
-0.012723229,-0.015194813,0.160091129
-0.012674492,-0.013016547,0.170214204
-0.012910679,-0.011644352,0.142094551
-0.012880687,-0.013530183,0.021742438
-0.012779464,-0.010988248,-0.180344131
-0.012925675,-0.016222084,-0.308194818
-0.013038146,-0.017777988,-0.367433552
-0.013720465,-0.013661404,-0.428172002
-0.014305311,-0.016983165,-0.262078588
-0.014672714,-0.015513492,-0.256454657
-0.015497496,-0.01381137,-0.158973195
-0.015662453,-0.01147564,0.102727038
-0.016442247,-0.013368969,0.004495718
-0.016925869,-0.010347141,0.095603392
-0.016970857,-0.014444979,0.110975469
-0.018163042,-0.011393158,-0.162347553
-0.017443232,-0.012004272,-0.271076876
-0.018950334,-0.023315506,-0.35356119
-0.018088062,-0.006301791,-0.338189114
-0.019328984,-0.028095693,-0.326566324
-0.019816356,-0.003156241,-0.203214782
-0.018477959,-0.021714612,-0.003002856
-0.021720853,-0.012802845,0.003370932
-0.017117068,-0.002983779,0.022492296
-0.023565366,-0.035792731,0.051361806
-0.016577211,0.030012631,-0.023249006
-0.02377531,-0.084779333,-0.083987455
-0.017795639,0.109641168,-0.080613097
-0.02873525,-0.399521819,-0.143976047
-0.284155302,-1.608174205,-0.169846127
-0.630837503,-1.589852031,-0.082112811
-0.906689659,-1.440132836,-0.044619942
-1.188510239,-1.544727069,0.069733312
-1.446550848,-1.504498518,0.224953794
-1.695155199,-1.563375421,0.190085425
-1.932902418,-1.454484643,0.182586851
-2.15775679,-1.436972289,0.109100826
-2.375398068,-1.449929407,-0.006002285
-2.574792914,-1.467205564,0.043488303
-2.765924942,-1.516934501,0.059985166
-2.940909983,-1.536351432,0.182961779
-3.103395826,-1.582668629,0.230577724
-3.251706661,-1.603506493,0.242200514
-3.383728048,-1.629878127,0.311937252
-3.501068312,-1.646531922,0.209581717
-3.602385308,-1.658015618,0.238451227
-3.690325835,-1.673113509,0.046487733
-3.765276043,-1.674421968,-0.004877499
-3.827517107,-1.673878339,-0.040870654
-3.876752856,-1.669176885,-0.329940682
-3.913781827,-1.663136979,-0.073489451
-3.939627502,-1.65301423,-0.185593133
-3.954203653,-1.63507822,-0.095610245
-3.957791456,-1.610498688,0.25194866
-3.95129817,-1.58149514,0.053611378
-3.935323639,-1.552097929,0.157841557
-3.910272754,-1.522160839,0.065609096
-3.876917812,-1.48619134,-0.012376073
-3.835521244,-1.445977786,-0.051743587
-3.785895598,-1.405149368,-0.32206718
-3.728029629,-1.355401684,-0.27857545
-3.662182017,-1.302264755,-0.508031815
-3.588330269,-1.248625437,-0.576643767
-3.506459389,-1.191101983,-0.411675139
-3.416730583,-1.134114659,-0.608887635
-3.319335053,-1.06901789,-0.462290513
-3.214681439,-0.996831448,-0.392553775
-3.103268359,-0.930804886,-0.565020977
-2.984615942,-0.858734668,-0.531277394
-2.858896641,-0.784096271,-0.569145193
-2.729409584,-0.71846712,-0.611137207
-2.595075058,-0.639794621,-0.553398187
-2.453992314,-0.559712435,-0.510281387
-2.304568022,-0.465807074,-0.470538945
-2.146562246,-0.376359472,-0.331065468
-1.985081139,-0.292460635,-0.259079158
-1.817249208,-0.197175581,-0.207713926
-1.647808952,-0.118158158,-0.208088855
-1.472239065,-0.009481084,-0.234708792
-1.292680231,0.07079231,-0.231334434
-1.111231896,0.181985075,-0.39967742
-0.923294025,0.269321897,-0.401926993
-0.740698493,0.374553488,-0.30744496
-0.547230831,0.499254498,-0.384680272
-0.366014935,0.584161861,-0.200215352
-0.17101018,0.889550177,-0.051743587
-0.009656539,0.63918837,-0.0479943
0.002137847,0.101006838,0.165340131
-0.011883451,0.117821848,0.129721904
-0.002923317,0.075977406,0.147343553
-0.008561828,0.04291726,0.191960068
-0.003778091,0.052601356,0.010869506
-0.005997505,0.013411324,0.060735023
-0.004681602,0.034009242,0.010494577
-0.00378184,0.009039796,-0.020249576
-0.004655359,0.015979503,0.135345835
-0.00298705,0.010471978,0.072357813
-0.003755597,0.008177488,0.099352679
-0.002458439,0.006801544,0.144719052
-0.0026084,0.001503973,0.007120219
-0.002049797,0.004870724,0.040863802
-0.001551179,-1.07e-05,-0.019874647
-0.001266254,0.003232338,-0.151099692
-0.000512703,-0.001394132,-0.10573332
-0.000321504,0.002707455,-0.19496635
0.000199609,0.000521691,-0.24408201
0.000705725,0.000315487,-0.133852972
0.001691715,0.006449123,-0.120355539
0.002925139,0.00097909,-0.090361243
0.00356622,0.003386054,-0.092985744
0.004338516,0.002070097,-0.152224478
0.004574703,-0.003407435,-0.17771963
0.005275768,0.006175434,-0.286448953
0.005943092,0.001676434,-0.287948668
0.00614179,-0.000850503,-0.286448953
0.00746519,0.000210511,-0.362934408
0.006887843,-0.002417655,-0.258704229
0.008721108,0.006449123,-0.230959505
0.007870083,-0.006166821,-0.236208507
0.008841077,0.009782131,-0.1316034
0.009650863,-0.016649489,-0.170970913
0.007933816,0.009201011,-0.153724193
0.011975249,-0.002417655,-0.133103115
0.007150273,-0.01188055,-0.22683529
0.013857252,0.034519129,-0.188217634
0.007131528,-0.05175293,-0.160097981
0.013606068,0.083951882,-0.153724193
0.009804572,-0.128123442,-0.052493444
0.014951963,0.363564683,0.02699144
0.276227968,1.704787578,0.061484881
0.647972302,1.699951154,0.147343553
0.947083315,1.522566863,0.160466057
1.260189384,1.66476898,0.161965772
1.552121043,1.615617414,0.2433253
1.831800938,1.668371929,0.232077439
2.103184274,1.547480071,0.30968768
2.361884709,1.553126315,0.315311611
2.617465968,1.587202485,0.278193669
2.856592822,1.607181791,0.394046638
3.086245927,1.671547473,0.346805621
3.300115701,1.704356424,0.390672279
3.503960622,1.775061946,0.411668286
3.696446042,1.812433632,0.284567457
3.874314072,1.850483918,0.325059757
4.038501965,1.882246853,0.271444953
4.187532611,1.905427946,0.208456931
4.3240903,1.935736204,0.17696292
4.448115049,1.952033828,0.147718482
4.560367906,1.964484809,0.163465487
4.659356766,1.970667184,0.154842127
4.743784472,1.961579205,0.218954935
4.814483302,1.954800713,0.142844409
4.872765412,1.946769999,0.05886038
4.920047926,1.93166461,0.018743009
4.956244617,1.908993403,-0.068615378
4.981085558,1.879648681,-0.117731038
4.994810683,1.854008134,-0.245581725
4.997986095,1.826226814,-0.279325308
4.990814239,1.79657466,-0.295447242
4.973261374,1.758355662,-0.3393139
4.945919844,1.716417491,-0.329940682
4.909524455,1.66760335,-0.401926993
4.865188662,1.618834199,-0.391803918
4.813291117,1.576179937,-0.430046645
4.753576886,1.52748202,-0.45741644
4.686094706,1.491107611,-0.36518398
4.610803338,1.445686465,-0.428172002
4.528257636,1.386322171,-0.416174283
4.437936487,1.338381585,-0.35356119
4.340094824,1.280483215,-0.363309337
4.23566615,1.215765111,-0.36818341
4.123477026,1.153858882,-0.395178276
4.00432599,1.089260752,-0.395928133
3.878902861,1.028224329,-0.487410736
3.746697772,0.961099261,-0.569145193
3.608303068,0.887034487,-0.556772546
3.464633507,0.82210643,-0.597639774
3.316888772,0.755165071,-0.580018125
3.1643603,0.67964937,-0.506907029
3.005064865,0.594423328,-0.464540086
2.83690677,0.502182597,-0.39705292
2.66267528,0.422659037,-0.334064898
2.483172681,0.335243483,-0.282324737
2.300314718,0.25582115,-0.262828445
2.114187619,0.164348998,-0.254954942
1.921717194,0.074871402,-0.238083151
1.728283274,-0.011168208,-0.184468347
1.528078642,-0.113040547,-0.173220486
1.328788769,-0.190352099,-0.188217634
1.12482388,-0.305672696,-0.124479755
0.92040536,-0.373292654,-0.113981751
0.717025317,-0.508168901,-0.10273389
0.505063789,-0.595389499,-0.094485459
0.308780622,-0.759261795,-0.079863239
0.091521743,-0.996224083,-0.082862669
-0.038343963,-0.497963671,-0.098234746
-0.023194214,-0.097500254,-0.053993159
-0.021117262,-0.166466162,-0.065990877
-0.025357392,-0.076317466,-0.008626786
-0.021267223,-0.081476318,0.02699144
-0.025769784,-0.064260148,0.028116226
-0.022305698,-0.045709275,0.081356102
-0.025244922,-0.0545873,0.014993722
-0.02430767,-0.034364298,-0.010126501
-0.02517744,-0.044502043,-0.037871225
-0.02582227,-0.032365993,-0.134227901
-0.025526098,-0.035451556,-0.128229042
-0.026827004,-0.031177507,-0.16609684
-0.026294645,-0.031818615,-0.217087144
-0.027265639,-0.028845526,-0.198340709
-0.027333121,-0.025062617,-0.176219915
-0.027794249,-0.027720776,-0.166471769
-0.028491565,-0.024324032,-0.168346413
-0.028903956,-0.025493772,-0.125979469
-0.030189866,-0.027855746,-0.124479755
-0.031040892,-0.02649105,-0.109857535
-0.031981893,-0.025613745,-0.087361813
-0.033151584,-0.02361169,-0.122230182
-0.033192823,-0.021279709,-0.076113952
-0.034238797,-0.025475026,-0.060741876
-0.034444993,-0.019453865,-0.074614237
-0.035078575,-0.025460029,-0.048744157
-0.036000832,-0.017639269,-0.066365806
-0.035648425,-0.024222804,-0.083987455
-0.037526679,-0.023319255,-0.095610245
-0.035918354,-0.016739469,-0.089611386
-0.038497672,-0.035125379,-0.087736742
-0.037249252,-0.007100363,-0.107607963
-0.038347712,-0.041352744,-0.126354398
-0.039389937,-0.002616361,-0.157848409
-0.036510697,-0.032096053,-0.173595414
-0.042929002,-0.015483498,-0.164972054
-0.033713936,-0.003673625,-0.176969773
-0.047615265,-0.072197132,-0.194591421
-0.027025702,0.111380781,-0.160097981
-0.094897779,-0.759782929,-0.187092848
-0.433223437,-1.692706651,-0.163097411
-0.786935033,-1.491545149,-0.132353257
-1.086585904,-1.546402946,-0.156723623
-1.399838184,-1.603202811,-0.011626216
-1.684129361,-1.590646854,-0.001503141
-1.966467304,-1.573888082,0.014243864
-2.233558024,-1.459433542,0.130096833
-2.494144211,-1.505049645,0.059610237
-2.746748755,-1.508870045,0.163840416
-2.984844631,-1.548348763,0.226828437
-3.212626981,-1.582503666,0.170964061
-3.425244585,-1.617550869,0.31831104
-3.629711842,-1.67171507,0.240325871
-3.821027571,-1.69693571,0.157466628
-3.999101797,-1.729725916,0.223454079
-4.162581127,-1.74503751,0.15109284
-4.311536792,-1.765073053,0.167964631
-4.448911766,-1.782105514,0.200958357
-4.573641328,-1.794661471,0.175838134
-4.686081636,-1.805567795,0.176587992
-4.7850555,-1.805012918,0.206957216
-4.869100807,-1.800877588,0.202083143
-4.939949597,-1.795583766,0.217830149
-4.998707831,-1.78967508,0.218954935
-5.045532966,-1.778075161,0.115474613
-5.081099824,-1.763794587,0.065234168
-5.104846053,-1.747890625,-0.006752143
-5.116715419,-1.727427677,-0.100484318
-5.118125047,-1.705510053,-0.154099122
-5.109431093,-1.676585237,-0.20358971
-5.090374875,-1.646029534,-0.257579443
-5.061694948,-1.615807507,-0.334814755
-5.023492536,-1.584232031,-0.362934408
-4.977061047,-1.555089764,-0.361059764
-4.923105296,-1.518722854,-0.388054631
-4.860804247,-1.481189953,-0.321692251
-4.790911454,-1.444601842,-0.276325878
-4.713438162,-1.3971374,-0.317942964
-4.628106946,-1.347839616,-0.314943534
-4.534872816,-1.296967183,-0.314943534
-4.434196901,-1.241509519,-0.320192536
-4.326424111,-1.183262477,-0.331440397
-4.210812141,-1.121135047,-0.329565754
-4.088122039,-1.060353568,-0.36518398
-3.958991139,-0.996430287,-0.410925281
-3.823175754,-0.928904058,-0.446543508
-3.680844589,-0.860620498,-0.491160023
-3.533699695,-0.794646424,-0.47766259
-3.382517118,-0.72408712,-0.466414729
-3.225793504,-0.651255821,-0.432296217
-3.061241957,-0.565853569,-0.395928133
-2.887610308,-0.476064792,-0.398552634
-2.709071205,-0.404954361,-0.366308766
-2.525320978,-0.320965544,-0.317942964
-2.338425331,-0.237617835,-0.269202233
-2.147207076,-0.140147017,-0.254954942
-1.950436537,-0.060589714,-0.227210218
-1.752380088,0.030406294,-0.170970913
-1.548021553,0.123708039,-0.190092277
-1.346036141,0.201821912,-0.155973765
-1.137321256,0.316621375,-0.127479184
-0.930855778,0.382273021,-0.125604541
-0.721263625,0.533454391,-0.071989737
-0.50876224,0.589669386,-0.08248774
-0.307912778,0.807683389,-0.054743016
-0.088933104,0.958756033,-0.040495726
0.011277933,0.351691074,-0.038996011
-0.012284595,0.075448774,0.000746431
-0.007320905,0.140440566,0.013119078
-0.007009738,0.039659235,0.072732742
-0.008306895,0.067837967,0.061484881
-0.004974025,0.029810176,0.067858669
-0.007902002,0.029112831,0.082480888
-0.004314199,0.023983972,-0.008251858
-0.006061238,0.005193152,-0.014250717
-0.004452913,0.019796154,-0.034121938
-0.004216725,0.00569554,-0.071989737
-0.003879314,0.014127415,-0.042745298
-0.002852085,0.003041131,-0.083987455
-0.003047034,0.004915714,-0.125229612
-0.001982315,0.00578927,-0.121855254
-0.001918582,0.001567709,-0.132353257
-0.001172529,0.005395607,-0.117731038
-0.000576436,0.001417742,-0.13722733
0.000323326,0.005331871,-0.127104255
0.001624233,0.002842425,-0.103108819
0.002385282,0.001777662,-0.130103685
0.003622455,0.006374139,-0.100484318
0.004608444,0.000101785,-0.08248774
0.004979596,0.004795741,-0.075739024
0.00598808,0.004563292,-0.06824045
0.006051813,-0.001034213,-0.068990307
0.0072365,0.0016052,-0.078363524
0.007112783,-0.006567982,-0.118105967
0.007978804,0.01032576,-0.127479184
0.008623634,-0.007422791,-0.134977758
0.007960059,0.003048629,-0.139476903
0.010595613,0.003168603,-0.128978899
0.007896326,-0.005068315,-0.100109389
0.011975249,0.018232752,-0.098984603
0.008739854,-0.024882657,-0.124104826
0.011472882,0.039651737,-0.122605111
0.011491627,-0.041648928,-0.168721341
0.008185,0.045200503,-0.180344131
0.018633491,-0.031964832,-0.15747348
-0.004572881,0.026529656,-0.166846698
0.163933871,1.328341319,-0.185593133
0.538759891,1.802936995,-0.124104826
0.856679688,1.480636191,-0.034871795
1.163097523,1.608602725,-0.030372651
1.466193734,1.579194266,0.089229604
1.746435981,1.617158321,0.104601681
2.024777479,1.535561473,0.083980603
2.286259679,1.459637112,0.14809341
2.546579687,1.508237551,0.06748374
2.792968373,1.507348998,0.135345835
3.028589903,1.556987956,0.182211922
3.250887451,1.577953293,0.193084854
3.461195664,1.62741604,0.268820452
3.662427525,1.664746485,0.16833956
3.849154466,1.691579266,0.212206218
4.023340969,1.715645163,0.264696236
4.181785379,1.729119666,0.156341842
4.32738568,1.750366189,0.217080291
4.460805448,1.757770792,0.238076298
4.581932212,1.770135542,0.173213633
4.690574773,1.76789729,0.2002085
4.784217544,1.762401012,0.210706503
4.863775286,1.764328084,0.214080862
4.930691365,1.754527764,0.233577154
4.986094235,1.746077143,0.209581717
5.03019384,1.738500079,0.161590844
5.062337851,1.724459452,0.112100255
5.082417549,1.704562628,0.010869506
5.091092758,1.684512089,-0.098609674
5.089473186,1.658942776,-0.15747348
5.077731286,1.628439562,-0.221586288
5.055615876,1.596774106,-0.299571458
5.023558092,1.562203046,-0.335939541
4.982663891,1.533345715,-0.347187402
4.933540613,1.494249412,-0.394803347
4.876281983,1.454661969,-0.425172572
4.811266652,1.419491042,-0.326941253
4.73837465,1.379191257,-0.287948668
4.657437273,1.331138196,-0.33631447
4.568945641,1.275005683,-0.275576021
4.473049714,1.228703483,-0.296197099
4.369828222,1.172919642,-0.389554346
4.25941238,1.112558069,-0.372307625
4.141610987,1.053504956,-0.35956005
4.016847684,0.988989307,-0.385805059
3.885579847,0.928091604,-0.389179417
3.74803242,0.860411659,-0.387679702
3.604591548,0.800320027,-0.407550923
3.456738092,0.736055572,-0.45179251
3.304569525,0.663123046,-0.437545219
3.146301319,0.595146917,-0.40567628
2.97963533,0.505043211,-0.425547501
2.805036436,0.423716302,-0.406801066
2.626193663,0.346356011,-0.396677991
2.442136017,0.262734612,-0.37380734
2.255349092,0.18865859,-0.293947527
2.062634982,0.091240261,-0.266952661
1.866235595,0.015942011,-0.219711644
1.666694538,-0.081105151,-0.144350976
1.462714653,-0.160583721,-0.174345272
1.26077048,-0.249442704,-0.16909627
1.050912147,-0.351018859,-0.134602829
0.847348402,-0.429552639,-0.165346983
0.63446087,-0.573576851,-0.150349835
0.42773296,-0.630444201,-0.120355539
0.221522414,-0.919013758,-0.117356109
0.016144148,-0.872734053,-0.140976617
-0.038505171,-0.238078982,-0.107233034
-0.014586487,-0.122668405,-0.062991448
-0.024588845,-0.138501133,-0.064116234
-0.019906332,-0.059989848,-0.004127642
-0.022226969,-0.08802986,0.010494577
-0.022759329,-0.046151676,0.032240442
-0.021687112,-0.058010288,0.059610237
-0.024037741,-0.042143818,0.010494577
-0.022534388,-0.041019068,0.02136751
-0.024633834,-0.039376933,0.025116797
-0.023651593,-0.027195893,0.000371503
-0.024615088,-0.034555506,-0.011251287
-0.025031229,-0.026644766,-0.062616519
-0.025196185,-0.030165232,-0.087361813
-0.025990975,-0.025535012,-0.117356109
-0.026204669,-0.024980136,-0.160847839
-0.027051945,-0.024668955,-0.16047291
-0.027190658,-0.023259269,-0.178844416
-0.028292867,-0.026517294,-0.188592562
-0.029398825,-0.023319255,-0.172095699
-0.030066149,-0.024500243,-0.173595414
-0.031621988,-0.027465833,-0.143976047
-0.032075618,-0.021643378,-0.076113952
-0.032607978,-0.024301537,-0.058867232
-0.033222815,-0.020001243,-0.059242161
-0.03339527,-0.025317561,-0.069740164
-0.034857384,-0.023349249,-0.119605682
-0.034133825,-0.016469529,-0.145475762
-0.035892111,-0.030315199,-0.181843846
-0.03525103,-0.011018242,-0.201715067
-0.036015828,-0.030330196,-0.202839853
-0.036960578,-0.011471891,-0.199090566
-0.035352253,-0.026513545,-0.15184955
-0.039164996,-0.018437841,-0.135352687
-0.034437495,-0.006849169,-0.143601118
-0.041151972,-0.047793811,-0.137602259
-0.034370012,0.024283905,-0.158598266
-0.040863298,-0.090294357,-0.190842134
-0.037163025,0.096534083,-0.136852402
-0.041778056,-0.348836844,-0.119230753
-0.305464675,-1.542443827,-0.098609674
-0.683713541,-1.589799543,-0.017625075
-0.986359871,-1.485636464,-0.032997152
-1.299559664,-1.617689588,0.075732171
-1.591929958,-1.579013192,0.134970906
-1.873105708,-1.605227361,0.100102537
-2.146082373,-1.48282084,0.160840986
-2.405416391,-1.489933008,0.042363517
-2.662231074,-1.514748738,0.029241012
-2.903232433,-1.531286309,0.132346405
-3.134568844,-1.57843582,0.072357813
-3.35096545,-1.600124746,0.146968624
-3.558060762,-1.656939607,0.179212492
-3.754111491,-1.683791134,0.135345835
-3.936095935,-1.712963395,0.238451227
-4.104778891,-1.731353054,0.196084284
-4.258761979,-1.746709638,0.158591414
-4.400628266,-1.764964327,0.230952653
-4.529852892,-1.772575134,0.182586851
-4.646878239,-1.781861818,0.146593696
-4.750579604,-1.78297907,0.187460924
-4.839652333,-1.777632759,0.212206218
-4.914565051,-1.773077522,0.208456931
-4.976907338,-1.768694747,0.196084284
-5.027860133,-1.759258097,0.157466628
-5.067131013,-1.748164314,0.132721334
-5.094719977,-1.734539845,0.103851824
-5.110874461,-1.714493055,0.005995433
-5.115860645,-1.694738699,-0.057367517
-5.110593286,-1.672633616,-0.094485459
-5.094761216,-1.64604828,-0.165721912
-5.068551888,-1.618866827,-0.233209078
-5.033468652,-1.587838729,-0.272576591
-4.989740199,-1.555314714,-0.278200522
-4.938150073,-1.521099825,-0.33631447
-4.878968201,-1.48466168,-0.332190254
-4.812412026,-1.446843843,-0.299571458
-4.738770223,-1.403372263,-0.368933267
-4.657349224,-1.357283766,-0.380181128
-4.567714144,-1.307925995,-0.385055201
-4.470041186,-1.253997991,-0.456291654
-4.364915197,-1.197501809,-0.492659738
-4.251691346,-1.137908815,-0.449917866
-4.131198164,-1.078394554,-0.442044364
-4.004282929,-1.016428339,-0.433795932
-3.87052575,-0.948418467,-0.377931556
-3.730181561,-0.879475054,-0.345312759
-3.584127629,-0.814989399,-0.348687117
-3.433833567,-0.747478166,-0.351311618
-3.278178421,-0.673282171,-0.305945245
-3.115677582,-0.592532634,-0.329940682
-2.94421661,-0.507036653,-0.358810192
-2.766371074,-0.425304834,-0.350561761
-2.583955494,-0.339029026,-0.359185121
-2.397445996,-0.265676593,-0.339688828
-2.208102246,-0.175186722,-0.33069054
-2.011965289,-0.087681188,-0.307070032
-1.814624901,-0.004475947,-0.253455227
-1.610993674,0.098292442,-0.252330441
-1.4073512,0.166864688,-0.236208507
-1.200806992,0.28414235,-0.163472339
-0.991376046,0.349670273,-0.134227901
-0.785285468,0.479053992,-0.099359532
-0.568907607,0.582066077,-0.06824045
-0.36936655,0.704753785,-0.038996011
-0.149404635,0.991340034,-0.049119086
0.002134098,0.560845798,-0.064866091
-0.004167988,0.079216686,-0.00187807
-0.011197382,0.140751747,-0.027373221
-0.004152992,0.062844078,-0.01612536
-0.009476586,0.054760876,-0.01050143
-0.004302952,0.046062811,-0.007502
-0.007324654,0.020849669,0.056985736
-0.004704096,0.028831644,0.015368651
-0.005041507,0.004791991,0.031115656
-0.004696598,0.023372858,0.00974472
-0.003579393,0.002107589,-0.032247294
-0.004096757,0.007300183,-0.020624505
-0.002638392,0.007607615,-0.06524102
-0.002938313,0.002257555,-0.064491163
-0.0018511,0.009763386,-0.050243872
-0.001596167,-0.00383484,-0.05661766
-0.001033816,-0.001146688,-0.041245583
-0.000392735,0.003041131,-0.051368658
-9.28e-05,0.000622919,-0.058867232
0.001129363,0.004293352,-0.056992589
0.00216409,0.004207122,-0.101234175
0.00318757,0.003798462,-0.121855254
0.004552209,0.007633859,-0.130853542
0.005088318,0.001117809,-0.142851261
0.005691908,0.004143386,-0.138727045
0.0066704,0.002621224,-0.127479184
0.006494197,3.43e-05,-0.136477473
0.007825095,0.004559543,-0.150724764
0.007345222,-0.002545126,-0.141726475
0.008529909,0.008050017,-0.159723052
0.008694865,-0.010005967,-0.130853542
0.008571148,0.010963119,-0.081737883
0.010599362,-0.003261217,-0.060741876
0.008229988,-0.002368916,-0.029247865
0.012567593,0.013216367,-0.071614808
0.008140012,-0.023889128,-0.095235316
0.01295749,0.035111497,-0.129728756
0.01022821,-0.048198721,-0.235083721
0.010603111,0.06454245,-0.251955513
0.016222877,-0.077779641,-0.298446671
0.000698227,0.139045877,-0.313818748
0.206946263,1.477726838,-0.280825023
0.583568059,1.750564895,-0.190467206
0.891706689,1.479376471,-0.073489451
1.198926811,1.625357747,-0.03637151
1.495136091,1.579070544,0.128972047
1.772821513,1.612573091,0.178837564
2.045820672,1.517295536,0.225703651
2.303250193,1.484295377,0.311187395
2.559225098,1.523939058,0.273319596
2.799161738,1.525041313,0.395171424
3.029407187,1.578613146,0.403794784
3.246527352,1.596639136,0.400045497
3.452887858,1.651065779,0.446536656
3.648683655,1.677594877,0.304813607
3.828733609,1.701574543,0.259447234
3.995834483,1.732617638,0.178462635
4.148527911,1.738177651,0.015368651
4.289078296,1.756379852,-0.025123649
4.416645859,1.767721079,-0.02774815
4.53119686,1.773329831,-0.037496296
4.632888756,1.774627043,-0.017250146
4.719663341,1.761966109,0.114349827
4.792146701,1.756994715,0.214830719
4.853056866,1.756818504,0.26357145
4.903136142,1.746440813,0.295815318
4.94093366,1.734338505,0.257947519
4.966981782,1.716904883,0.224203936
4.981895344,1.693967485,0.091479177
4.985899286,1.671779921,-0.028872936
4.979293531,1.645438281,-0.096360102
4.961909371,1.616753411,-0.217462072
4.934515355,1.586857562,-0.284949238
4.897647591,1.552181525,-0.354311048
4.85228457,1.519987437,-0.362934408
4.798939907,1.484201648,-0.380556057
4.737703577,1.444344264,-0.446543508
4.669081698,1.404644345,-0.363684265
4.593239226,1.354116835,-0.369683124
4.510003706,1.307829631,-0.422548071
4.418561603,1.255997411,-0.350561761
4.319745198,1.200239815,-0.382805629
4.213753187,1.146503018,-0.422548071
4.099828271,1.076626062,-0.371932697
3.979155137,1.024092748,-0.378306485
3.851808765,0.966381836,-0.404551494
3.71773667,0.896842305,-0.458916155
3.577478708,0.834261226,-0.501283098
3.432110845,0.758546819,-0.492659738
3.2826978,0.698151504,-0.574019266
3.127897428,0.625593894,-0.613386779
2.964946709,0.528318033,-0.574019266
2.793706928,0.455089323,-0.567645478
2.617578438,0.376000666,-0.49490931
2.435972645,0.292769181,-0.395928133
2.252049963,0.222292359,-0.28719881
2.062837429,0.125946291,-0.142851261
1.869156074,0.046257767,-0.094860387
1.672887902,-0.051441749,-0.031872366
1.470711291,-0.130811594,0.000746431
1.270896556,-0.219771804,-0.101984033
1.063471331,-0.330222235,-0.148475191
0.861081026,-0.398145875,-0.198715637
0.651796292,-0.548599907,-0.268827304
0.444955912,-0.608177904,-0.277825593
0.243041731,-0.875909597,-0.232084291
0.033277124,-0.908913505,-0.181093988
-0.037316734,-0.281479328,-0.114731608
-0.012783213,-0.110783549,-0.014250717
-0.021297215,-0.145395849,0.034490014
-0.01798309,-0.056960522,0.058485451
-0.019021566,-0.086155277,0.037864373
-0.020449938,-0.044715746,0.05023702
-0.018710398,-0.054598547,0.069358383
-0.021702108,-0.043418534,0.010119649
-0.019872591,-0.034769208,0.022867225
-0.021758343,-0.041244018,0.01836808
-0.021300964,-0.0282869,0.022867225
-0.022080758,-0.033025846,0.045737875
-0.022286953,-0.024905152,-0.012001145
-0.022436914,-0.027672037,-0.015375503
-0.023445397,-0.025441283,-0.101609104
-0.023220457,-0.024485246,-0.211088284
-0.024131466,-0.024672704,-0.242957224
-0.024453881,-0.021148488,-0.268827304
-0.025068719,-0.025092611,-0.221586288
-0.0262759,-0.028819282,-0.173220486
-0.027269388,-0.023720416,-0.077613667
-0.028352851,-0.021388435,0.00112136
-0.029398825,-0.025553758,0.022492296
-0.029518794,-0.022318228,0.044988018
-0.030347325,-0.022108275,0.013494007
-0.030534775,-0.017174372,-0.039745868
-0.03070723,-0.021984552,-0.120355539
-0.032041877,-0.02118598,-0.208838712
-0.031415793,-0.018426594,-0.283074595
-0.033342784,-0.024080336,-0.305945245
-0.032341798,-0.017875466,-0.266952661
-0.033980115,-0.031784872,-0.22683529
-0.033717685,-0.003681124,-0.113231894
-0.033380274,-0.033921897,-0.021749291
-0.036548187,-0.00922614,0.017243294
-0.031786945,-0.016619496,0.005620504
-0.038958801,-0.034641737,-0.0911111
-0.030527277,0.018911351,-0.120355539
-0.040630859,-0.090076905,-0.16609684
-0.029473805,0.114822515,-0.152599407
-0.056290474,-0.516162123,-0.166471769
-0.35312209,-1.635141956,-0.1747202
-0.721331107,-1.558051605,-0.12860397
-1.019159959,-1.521298531,-0.202089996
-1.330121594,-1.626203944,-0.074239309
-1.615267545,-1.600001023,-0.02774815
-1.893590299,-1.619361716,-0.074614237
-2.159942463,-1.498383628,0.03861423
-2.416206042,-1.528646896,-0.021374362
-2.667543421,-1.545375675,0.041988588
-2.902055244,-1.571511111,0.218580006
-3.127734399,-1.619496686,0.280068313
-3.3392273,-1.648421502,0.473156593
-3.541805055,-1.699080233,0.544393046
-3.731336256,-1.719104529,0.528271112
-3.906193831,-1.749285315,0.570638055
-4.067734923,-1.767671225,0.442787369
-4.215640865,-1.78482366,0.298814748
-4.351553725,-1.801852372,0.193084854
-4.474427528,-1.810419216,0.05023702
-4.584685912,-1.81611045,-0.063741305
-4.680870512,-1.811956374,-0.06524102
-4.762362743,-1.806171411,-0.050993729
-4.830343541,-1.802111064,-0.020624505
-4.886676165,-1.795782472,0.062609667
-4.931964206,-1.783755147,0.089979462
-4.964974239,-1.768083633,0.17133899
-4.986684756,-1.749603994,0.173213633
-4.997328196,-1.728713641,0.080606244
-4.996713358,-1.706304876,0.04723759
-4.98606617,-1.678711014,-0.041245583
-4.965082961,-1.649403784,-0.110607393
-4.934457298,-1.620212777,-0.182593703
-4.894849007,-1.585626721,-0.24108258
-4.846869177,-1.552615314,-0.247456368
-4.791376331,-1.516488351,-0.347562331
-4.728096791,-1.474756384,-0.361434693
-4.657420455,-1.433410581,-0.346437545
-4.579426051,-1.385233798,-0.430046645
-4.493562475,-1.338886608,-0.482536663
-4.399567296,-1.288426583,-0.530902465
-4.298276544,-1.227596364,-0.581142911
-4.189330313,-1.167868401,-0.58151784
-4.072533656,-1.106655768,-0.533526966
-3.94936743,-1.046106737,-0.48628595
-3.819614194,-0.984001802,-0.434170861
-3.683064003,-0.913573719,-0.39967742
-3.540511647,-0.84258326,-0.365558909
-3.393145562,-0.779214857,-0.400427278
-3.241306908,-0.709487867,-0.484786235
-3.083447344,-0.626376356,-0.508406743
-2.916548916,-0.541090327,-0.579268268
-2.742774805,-0.459366007,-0.631383357
-2.563654605,-0.372167904,-0.585267127
-2.380395498,-0.297776952,-0.530152608
-2.194916977,-0.208955461,-0.426297358
-2.002225361,-0.116546017,-0.305945245
-1.807977906,-0.037446113,-0.221961217
-1.607458358,0.067721743,-0.091486029
-1.406162764,0.138554736,-0.061491733
-1.202981418,0.25159584,-0.093360672
-0.99530126,0.325323189,-0.06224159
-0.792457325,0.44858452,-0.063741305
-0.578276383,0.567571801,-0.063366376
-0.380287416,0.669680337,-0.058867232
-0.164389428,0.974926186,-0.088111671
-0.002488431,0.608988838,-0.086611956
-0.000992576,0.082395978,-0.061866662
-0.011366087,0.136526437,-0.062991448
-0.003193245,0.069232657,0.029241012
-0.008850501,0.050869242,0.047987447
-0.003635629,0.052732577,0.008619934
-0.006747307,0.015567094,0.127847261
-0.004336693,0.035775099,0.135720763
-0.004227972,0.007982532,0.129721904
-0.004325446,0.019308762,0.218954935
-0.00283334,0.009219756,0.169839275
-0.003523158,0.007731338,0.08173103
-0.001881092,0.009643412,0.011244435
-0.00226724,0.002984893,-0.061866662
-0.001404968,0.005624306,-0.112856965
-0.001003823,0.002433766,-0.157848409
-0.000565189,0.003446041,-0.179219345
4.66e-06,-0.000543072,-0.233584006
0.000282087,0.000814126,-0.262078588
0.001466774,0.004870724,-0.242957224
0.00261772,0.004855727,-0.21221307
0.003704933,0.003850951,-0.151474621
0.004672178,0.007461398,-0.080238168
0.005346999,0.003037382,-0.037121367
0.005781885,0.002445013,-0.032622223
0.006636659,0.0038547,-0.000753284
0.006786619,-0.00351616,0.001496289
0.008068781,0.002512498,-0.013875788
0.008053785,-0.003932318,-0.031497437
0.00882983,0.00560931,-0.086237027
0.009804572,-0.005829396,-0.094860387
0.008623634,0.005946735,-0.131228471
0.011191706,0.006366641,-0.167971484
0.008571148,-0.009841003,-0.146600548
0.012256425,0.021846948,-0.173595414
0.009815819,-0.026014906,-0.16609684
0.011450388,0.035325199,-0.175095129
0.013302399,-0.034158094,-0.217837001
0.007828844,0.028614192,-0.200965209
0.020436765,-0.007722725,-0.216712215
-0.004824065,-0.029089222,-0.205839283
0.138196918,1.212158413,-0.18934242
0.506983283,1.822567628,-0.12860397
0.830680304,1.502988718,-0.02774815
1.132426872,1.622440896,-0.032997152
1.434934489,1.613949035,0.056235879
1.712499942,1.645869435,0.097852965
1.988175894,1.590869169,0.073857528
2.246096535,1.51368134,0.144344123
2.502821242,1.564688743,0.091854105
2.746180728,1.562885394,0.200583428
2.977397171,1.618354305,0.322060327
3.196568045,1.642322724,0.317186254
3.403224723,1.692175384,0.448411299
3.601074977,1.73197653,0.407544071
3.783505552,1.753785429,0.406044356
3.952732115,1.784738543,0.486279098
4.107052613,1.79778939,0.355428981
4.249140092,1.81694013,0.28944153
4.379373202,1.824003559,0.260197092
4.496252337,1.829848509,0.150342983
4.600770987,1.832847841,0.111350398
4.690668498,1.82948109,0.128597118
4.765776164,1.815492952,0.143219337
4.828778277,1.810225374,0.152592555
4.880447133,1.80961051,0.120723615
4.920501556,1.792694273,0.096728178
4.948799083,1.776434141,0.082480888
4.965564656,1.753924148,-0.013500859
4.971626805,1.729363361,-0.043495155
4.966820575,1.705867338,-0.042745298
4.951490873,1.676496372,-0.116606252
4.926267533,1.643961109,-0.142851261
4.891188047,1.609832451,-0.230209648
4.847418355,1.577578376,-0.293572598
4.795603288,1.539036949,-0.321317322
4.735439175,1.497256244,-0.427422144
4.667780792,1.457065184,-0.366683695
4.59311176,1.406425199,-0.342688258
4.511192142,1.357491084,-0.466414729
4.421594552,1.310873954,-0.461165727
4.324217766,1.253849139,-0.492659738
4.219770348,1.197720375,-0.567645478
4.107483749,1.135919123,-0.554897902
3.988032793,1.071902113,-0.542900184
3.862425962,1.013283903,-0.536526396
3.730097156,0.944737901,-0.566145763
3.591503754,0.876004441,-0.571769694
3.447747966,0.810922668,-0.534651752
3.29977829,0.741086953,-0.548149186
3.146589992,0.671532425,-0.540650612
2.986222341,0.581387478,-0.515905317
2.817175731,0.493810709,-0.548524114
2.642258171,0.4199034,-0.57851841
2.462062005,0.332214157,-0.568770264
2.279144059,0.260507608,-0.536901325
2.092184679,0.167322087,-0.475038089
1.899673015,0.079977766,-0.409800495
1.705508038,-0.009177401,-0.304070602
1.504354907,-0.099303603,-0.208463783
1.305128766,-0.183956022,-0.18071906
1.099480572,-0.300862516,-0.112482036
0.896119273,-0.363867251,-0.064491163
0.69065478,-0.514531235,-0.077613667
0.480852683,-0.586773915,-0.085862099
0.283576028,-0.805234069,-0.077988596
0.067415609,-0.970729754,-0.080988025
-0.036836861,-0.393770599,-0.099359532
-0.014766439,-0.096817906,-0.128229042
-0.018519198,-0.156257183,-0.107607963
-0.019152781,-0.064245151,-0.020999433
-0.01726328,-0.086661415,-0.032247294
-0.020764855,-0.050594438,0.009369791
-0.01752946,-0.046830275,0.123348116
-0.020888573,-0.048618627,0.132721334
-0.019407714,-0.033614465,0.178462635
-0.020768604,-0.040576666,0.226828437
-0.020888573,-0.026022404,0.224578865
-0.021079772,-0.034821697,0.192334997
-0.021923299,-0.026127381,0.093728749
-0.021810829,-0.025400042,0.026241583
-0.02290554,-0.02487141,-0.02774815
-0.022845556,-0.025433785,-0.094860387
-0.023565366,-0.026922204,-0.133852972
-0.023764063,-0.023041817,-0.168346413
-0.024240187,-0.023266767,-0.193466635
-0.025458616,-0.023761657,-0.23545865
-0.026512088,-0.026854719,-0.235083721
-0.02756181,-0.027364605,-0.211088284
-0.028634027,-0.027769515,-0.19796578
-0.029035171,-0.02267065,-0.151474621
-0.029590025,-0.023379242,-0.10573332
-0.030309835,-0.017639269,-0.058117375
-0.030276094,-0.021587141,-0.072739594
-0.03150202,-0.023173038,-0.084362384
-0.03093217,-0.0163758,-0.077988596
-0.032420527,-0.027713278,-0.136102544
-0.03210561,-0.009601057,-0.171720771
-0.032506755,-0.029947781,-0.180344131
-0.034085088,-0.010628328,-0.171720771
-0.031966897,-0.022929342,-0.200965209
-0.036165788,-0.026269849,-0.199840423
-0.031445785,-0.000535573,-0.145100833
-0.037267997,-0.050077053,-0.166846698
-0.032379288,0.02934153,-0.102358961
-0.035550951,-0.085896585,-0.032997152
-0.037110539,0.077507066,0.000746431
-0.029260112,-0.240298488,-0.012001145
-0.264008122,-1.472379413,-0.052493444
-0.644682597,-1.639967133,0.001871217
-0.949574585,-1.495740466,-0.100484318
-1.258076869,-1.647499207,-0.075739024
-1.550094755,-1.615800009,-0.034121938
-1.827146594,-1.658817939,-0.152599407
-2.09773514,-1.550489537,-0.067490592
-2.352919004,-1.545896809,-0.112482036
-2.606520785,-1.584959369,-0.107982892
-2.843330751,-1.597432845,0.074232456
-3.070468271,-1.654326439,0.127472332
-3.284143096,-1.679779527,0.314186824
-3.487575625,-1.734033708,0.418042074
-3.679753627,-1.761503847,0.395921281
-3.856793126,-1.790121231,0.474656308
-4.020621114,-1.81251125,0.449911014
-4.170232856,-1.829423738,0.403794784
-4.308008974,-1.847502217,0.415792502
-4.432607321,-1.855671649,0.436788509
-4.544935159,-1.864107273,0.37605006
-4.643894027,-1.860856746,0.319810755
-4.728175521,-1.857100082,0.263946379
-4.798971825,-1.850029155,0.128597118
-4.857182704,-1.842512077,0.028866084
-4.904483963,-1.83512622,-0.065990877
-4.940369487,-1.817677601,-0.06824045
-4.963973254,-1.796761004,-0.079113382
-4.976277504,-1.77623432,-0.128229042
-4.978425687,-1.754935308,-0.079488311
-4.970192861,-1.727330199,-0.049119086
-4.951429066,-1.696647024,-0.010876359
-4.922921594,-1.663823076,0.022867225
-4.885337769,-1.629446973,-0.022499148
-4.839352412,-1.596525546,-0.077613667
-4.785569115,-1.556581932,-0.221211359
-4.72412659,-1.514392567,-0.351686547
-4.654346267,-1.470958479,-0.383555486
-4.577116661,-1.42379772,-0.473538374
-4.49259523,-1.373322698,-0.511781102
-4.399668519,-1.319987062,-0.497158882
-4.299734909,-1.266542701,-0.540650612
-4.192595701,-1.206619781,-0.597639774
-4.077662301,-1.144162424,-0.610012421
-3.955931947,-1.079620532,-0.609262564
-3.827715805,-1.01489493,-0.615261423
-3.693028871,-0.947027527,-0.603638633
-3.55174743,-0.877075588,-0.566895621
-3.405764729,-0.813954629,-0.525278535
-3.255583138,-0.741678207,-0.525278535
-3.099961733,-0.662574553,-0.496409025
-2.935822577,-0.576437464,-0.463790228
-2.763323129,-0.492242444,-0.479162305
-2.585635051,-0.404185782,-0.46903923
-2.402840821,-0.323841154,-0.466789658
-2.218213326,-0.241423238,-0.464165157
-2.027482442,-0.144346083,-0.446168579
-1.834082263,-0.069040335,-0.467164586
-1.635973328,0.037990856,-0.440544649
-1.435063882,0.111916912,-0.396303062
-1.234026969,0.217425941,-0.359934978
-1.026410545,0.31079892,-0.29019824
-0.825598573,0.411111606,-0.21221307
-0.612962224,0.547247572,-0.124104826
-0.412757592,0.617394468,-0.082862669
-0.203101706,0.938604265,-0.030372651
-0.01836174,0.731991476,0.049112234
0.005530701,0.130396551,0.093728749
-0.012730727,0.120862422,0.049112234
-0.002447192,0.090126759,0.041238731
-0.008434361,0.040544038,0.061859809
-0.003650625,0.060129682,-0.041995441
-0.005300189,0.017449176,0.014993722
-0.004640363,0.033049456,0.069733312
-0.003140759,0.007652605,0.04423816
-0.004250466,0.019091311,0.131596548
-0.002297232,0.012046628,0.090729319
-0.003043285,0.007213953,0.067108811
-0.001716135,0.01289019,0.034864943
-0.001802363,0.002310044,-0.049119086
-0.001026318,0.009257248,-0.011626216
-0.000426476,0.002741198,-0.017250146
-0.000422727,0.002898663,-0.002627927
0.00034582,0.004255861,0.035239872
0.000746964,0.002351284,0.032615371
0.001714209,0.005283132,0.010494577
0.002681453,0.006377889,-0.03637151
0.003787411,0.004638276,-0.079863239
0.004859628,0.006212925,-0.150349835
0.005714402,0.004825734,-0.185968061
0.006104299,0.002433766,-0.24708144
0.007022807,0.004533299,-0.270327019
0.00719901,-0.002211451,-0.279700236
0.007941314,0.00731518,-0.305195388
0.008769846,-0.000711784,-0.215587429
0.008627383,0.001758916,-0.197590851
0.01034443,0.000622919,-0.184468347
0.008781093,-0.004809623,-0.140976617
0.011199204,0.014356114,-0.109107678
0.009883302,-0.012896574,-0.055117945
0.011259188,0.022139382,-0.063741305
0.012027735,-0.018584059,0.001496289
0.009688353,0.013220117,0.045737875
0.01545433,-0.005581951,-0.018374932
0.006715388,-0.013560176,-0.03074758
0.020777925,0.050138154,-0.06824045
-0.000670162,-0.134088365,-0.108732749
0.072049385,0.837388031,-0.146225619
0.409175361,1.821322905,-0.124479755
0.756161232,1.556061912,-0.040120797
1.052467987,1.58933951,-0.095235316
1.360561628,1.647226633,-0.024373792
1.640132802,1.645903177,0.012369221
1.916952202,1.64723788,-0.07086495
2.177692099,1.53404306,0.029615941
2.433374581,1.583888222,0.018743009
2.680126921,1.588672158,0.095978321
2.912123158,1.634543204,0.238076298
3.134484439,1.676132703,0.271819881
3.342861913,1.710977451,0.455909873
3.542920333,1.762648457,0.467907591
3.728327623,1.777105241,0.428915007
3.899751105,1.806075047,0.509524677
4.057247015,1.828738755,0.415792502
4.201756355,1.847117167,0.326559472
4.33408891,1.857753551,0.305188536
4.453074989,1.86526688,0.244075158
4.559644347,1.869417207,0.236951512
4.652113679,1.866759048,0.322810185
4.730243047,1.858364665,0.365177128
4.79525463,1.843300516,0.312312181
4.849000437,1.840942291,0.221579436
4.891757896,1.830684573,0.098227893
4.922319826,1.808763199,-0.014250717
4.941091119,1.789357516,-0.133852972
4.948780338,1.762479745,-0.192716778
4.946051059,1.736711727,-0.158598266
4.933364409,1.707014583,-0.147725334
4.910589174,1.675416612,-0.126729327
4.87796154,1.639762043,-0.148100263
4.836587465,1.599327288,-0.193841564
4.78726549,1.567016975,-0.204339568
4.729946876,1.528108131,-0.323566894
4.665014023,1.483751748,-0.37380734
4.592369456,1.438439327,-0.391428989
4.51184447,1.383484052,-0.541775398
4.423825213,1.332266695,-0.550023829
4.328187968,1.280629432,-0.504282528
4.225375118,1.220953957,-0.517405032
4.115184216,1.162137041,-0.502407884
3.997461553,1.100736949,-0.482911592
3.873403063,1.038373322,-0.48928538
3.742693829,0.97108329,-0.580393054
3.60530386,0.903152152,-0.646380505
3.462744006,0.836420746,-0.658378223
3.315827802,0.76577896,-0.678249445
3.164255327,0.695527088,-0.658378223
3.006500736,0.610064849,-0.605513277
2.839909727,0.525449921,-0.566145763
2.666814187,0.445221518,-0.568770264
2.488140119,0.353543162,-0.543650041
2.305867002,0.283786179,-0.461165727
2.120549688,0.189667116,-0.377931556
1.928454165,0.100215764,-0.338564042
1.73507648,0.018716394,-0.317568035
1.535257996,-0.082702296,-0.308944675
1.336028107,-0.15384647,-0.366308766
1.13250935,-0.270254325,-0.390304203
0.928023349,-0.343385557,-0.353936119
0.725258143,-0.481576066,-0.289823311
0.513783987,-0.576504949,-0.178469487
0.318123155,-0.739649908,-0.078738453
0.101749043,-0.988632022,-0.036746439
-0.03165198,-0.507201616,0.026241583
-0.018459214,-0.095149527,0.072357813
-0.015508743,-0.160493741,0.025116797
-0.019902583,-0.075301442,0.022867225
-0.015699943,-0.081671275,-0.051743587
-0.020457436,-0.060507233,-0.136102544
-0.016820897,-0.041315252,-0.05361823
-0.019902583,-0.054628541,-0.03074758
-0.019167777,-0.030123992,0.028116226
-0.019932575,-0.041783898,0.170214204
-0.020584903,-0.026142377,0.209581717
-0.020090033,-0.033393264,0.244075158
-0.021387191,-0.029081723,0.184461494
-0.021113513,-0.025040122,0.034115085
-0.022294451,-0.028440616,-0.03937094
-0.022200726,-0.020634852,-0.139476903
-0.022800568,-0.027379602,-0.181843846
-0.023441648,-0.024102831,-0.160097981
-0.023599107,-0.02374666,-0.118105967
-0.024821284,-0.029287928,-0.036746439
-0.025807274,-0.02698594,0.002996003
-0.026718283,-0.025163845,0.020617652
-0.027895472,-0.024354025,-0.022124219
-0.028431581,-0.019382631,-0.095235316
-0.028694011,-0.021002271,-0.191591992
-0.029515045,-0.019558842,-0.292072884
-0.029312598,-0.017028155,-0.357685406
-0.030542273,-0.023293011,-0.39705292
-0.030489787,-0.013863859,-0.395178276
-0.031363306,-0.025392544,-0.355060905
-0.032188089,-0.014917374,-0.21221307
-0.031067135,-0.024140323,-0.081362954
-0.03392388,-0.020076227,0.004495718
-0.031213346,-0.011021991,0.080981173
-0.034906121,-0.036430089,0.068233597
-0.032056873,0.007577622,0.073857528
-0.034043849,-0.050478214,0.037114515
-0.034962356,0.01976616,0.003745861
-0.030426054,-0.053923697,0.004495718
-0.041856785,0.001144053,-0.023249006
-0.017357005,-0.022022044,-0.02774815
-0.175370279,-1.195361035,-0.102358961
-0.551785879,-1.710773882,-0.053993159
-0.873878324,-1.485812674,-0.081737883
-1.176415933,-1.639719688,-0.138352117
-1.477075288,-1.632423811,-0.08248774
-1.753313592,-1.670249147,-0.217837001
-2.027441203,-1.602299262,-0.193466635
-2.283689785,-1.549690965,-0.133103115
-2.538240066,-1.606190896,-0.124854683
-2.778356659,-1.609400182,0.14246948
-3.006735101,-1.666983623,0.305563464
-3.223360397,-1.69459998,0.42516572
-3.427782665,-1.745311199,0.598757708
-3.622551232,-1.781936802,0.554516121
-3.802151306,-1.808750837,0.545892761
-3.968779804,-1.835294932,0.518148037
-4.120835901,-1.849148101,0.367801629
-4.260928906,-1.870533343,0.264696236
-4.388526462,-1.877727993,0.214080862
-4.503208678,-1.887820748,0.169464346
-4.605316714,-1.887468326,0.165340131
-4.692702388,-1.880461135,0.242950371
-4.766089259,-1.874424978,0.235451797
-4.826991926,-1.865232023,0.232452368
-4.876576332,-1.85620778,0.149593125
-4.914823732,-1.839167821,0.04723759
-4.941344229,-1.819139776,0.024741868
-4.956370261,-1.79821568,-0.067865521
-4.960535411,-1.773062526,-0.046494585
-4.954724446,-1.746008544,-0.016500289
-4.938708675,-1.715182901,-0.013125931
-4.912570577,-1.681072989,-0.01050143
-4.877378621,-1.6482078,-0.107607963
-4.834013822,-1.614510296,-0.144725904
-4.782802345,-1.575957622,-0.257204514
-4.723612975,-1.533449578,-0.425547501
-4.656880597,-1.490585363,-0.469789087
-4.582567721,-1.444129447,-0.579268268
-4.500543131,-1.392323471,-0.641881361
-4.410780585,-1.339808903,-0.601389061
-4.31340005,-1.282202967,-0.554148045
-4.208525245,-1.222699954,-0.492659738
-4.095781267,-1.16167103,-0.446918437
-3.976311565,-1.097631525,-0.403426707
-3.850123638,-1.035234155,-0.43717029
-3.716947555,-0.96670315,-0.518904747
-3.577705575,-0.901902565,-0.572144622
-3.433158745,-0.832932907,-0.616761138
-3.284195582,-0.757465945,-0.683873375
-3.130441184,-0.686737928,-0.713867671
-2.968937582,-0.596409272,-0.680124088
-2.798631305,-0.515828447,-0.668876227
-2.622686516,-0.432641952,-0.643381075
-2.44124568,-0.341825904,-0.554522974
-2.257802871,-0.266036513,-0.433046075
-2.068789034,-0.168741906,-0.334814755
-1.875842485,-0.091336625,-0.30182103
-1.679836745,0.011952898,-0.224960646
-1.478312461,0.090872843,-0.192716778
-1.278707671,0.185614268,-0.256829586
-1.071304939,0.295716026,-0.244456939
-0.86991562,0.372318985,-0.195716208
-0.660143515,0.530597526,-0.139851831
-0.455552541,0.584311828,-0.075739024
-0.25288106,0.871760385,-0.004877499
-0.047210372,0.858814515,0.01836808
0.011724065,0.220560244,0.004870647
-0.012828201,0.08859335,-0.028498007
-0.002859583,0.109573683,-0.089986314
-0.006874773,0.036333725,-0.128229042
-0.004730339,0.061996766,-0.223460931
-0.003804334,0.016523132,-0.181843846
-0.005217711,0.032929482,-0.02774815
-0.002390957,0.012830203,0.007870077
-0.004111753,0.011847922,0.126347546
-0.002282236,0.014326121,0.253823304
-0.002762109,0.002913659,0.285692243
-0.001727382,0.00978963,0.306313322
-0.001307493,-0.001727808,0.223829008
-0.000996325,0.006696568,0.113974899
2.34e-05,0.005313125,-0.016500289
-0.000130304,0.003318569,-0.138352117
0.000510777,0.004593286,-0.175095129
0.001009395,0.001132805,-0.179219345
0.001706711,0.00232504,-0.134602829
0.002868904,0.005050684,-0.10273389
0.003881137,0.002171324,-0.09973446
0.00485213,0.003517275,-0.124104826
0.006059311,0.005013192,-0.124854683
0.006377977,0.002250057,-0.132728186
0.007348971,0.004342091,-0.162347553
0.007757613,-0.003444926,-0.161972625
0.008012546,0.0052044,-0.235083721
0.009373436,-0.001757802,-0.301446101
0.008462427,-0.001292905,-0.294697384
0.01026945,0.009887108,-0.234708792
0.009403428,-0.008176374,-0.153349264
0.010929275,0.015825787,-0.0911111
0.011109228,-0.012630383,-0.016500289
0.010216963,0.013073899,0.003370932
0.013636061,-0.004052291,-0.010876359
0.009167241,-0.003122498,-0.013875788
0.015934204,0.021873192,-0.035621653
0.008046287,-0.041656426,-0.042370369
0.017617509,0.079411642,-0.06524102
0.008132514,-0.140364469,-0.077238738
0.02886079,0.486994726,-0.114731608
0.314966488,1.726495249,-0.121480325
0.682028308,1.645951916,0.031115656
0.978961147,1.549369651,0.030740727
1.288929294,1.669380455,0.015368651
1.574067748,1.638674785,0.095978321
1.85084216,1.680028086,0.011244435
2.116279566,1.559001258,0.035239872
2.371403446,1.583310851,0.056985736
2.622009768,1.608880163,0.075732171
2.855962988,1.632109995,0.261696806
3.08089609,1.684984483,0.316436397
3.291459237,1.715630166,0.441287654
3.493350923,1.765587803,0.561264838
3.682226047,1.784787282,0.511399321
3.856641239,1.820396861,0.567638626
4.017593737,1.840154966,0.503525818
4.164060059,1.859140743,0.344556049
4.299391822,1.873721249,0.308187965
4.42190572,1.876401903,0.215580576
4.531294334,1.884923757,0.134595977
4.627164018,1.875318394,0.17996235
4.708622507,1.872292817,0.20883186
4.77715441,1.867651349,0.17133899
4.833599504,1.850570149,0.137220478
4.878655106,1.841054766,0.091104248
4.912594894,1.82386484,0.033740157
4.934297913,1.800072632,-0.021749291
4.94506507,1.779542199,-0.020624505
4.94570615,1.753481746,0.014243864
4.935808764,1.71907565,-0.028123079
4.915852784,1.684568326,-0.079863239
4.885973174,1.65128323,-0.136477473
4.847009713,1.616397241,-0.218961787
4.800023371,1.57823448,-0.254205085
4.744972908,1.538699524,-0.327316181
4.681700866,1.491478779,-0.452917296
4.61102453,1.445521502,-0.488910451
4.532655224,1.40161127,-0.560521833
4.446338018,1.333308964,-0.616761138
4.352938932,1.281712941,-0.541400469
4.252450468,1.241645604,-0.526403321
4.144677678,1.175686527,-0.50953153
4.029298146,1.114571372,-0.502032956
3.907256623,1.051592881,-0.529777679
3.77881929,0.984254111,-0.58451727
3.643390052,0.917466467,-0.69399645
3.502288563,0.846580986,-0.686122947
3.356568293,0.779598386,-0.671125799
3.20666038,0.712788248,-0.706744026
3.051522597,0.63590785,-0.6737503
2.887297214,0.544911842,-0.641881361
2.715798751,0.465062105,-0.635132644
2.538909212,0.375505776,-0.562021548
2.356951012,0.296833277,-0.464915014
2.17325702,0.220462766,-0.37380734
1.982428662,0.122875724,-0.290573169
1.789819524,0.046212777,-0.266202803
1.592111733,-0.058595158,-0.239957794
1.391802129,-0.132483722,-0.243707081
1.191181357,-0.238532631,-0.232834149
0.984723376,-0.328332655,-0.15747348
0.784402524,-0.433058109,-0.093360672
0.572384762,-0.563169166,-0.073114523
0.374133364,-0.659226548,-0.03074758
0.163232807,-0.970174878,-0.002627927
-0.012134634,-0.702773111,-0.048369229
-0.026572072,-0.13474072,-0.079488311
-0.011006182,-0.148035262,-0.149974906
-0.0207836,-0.106112088,-0.159348124
-0.014560244,-0.06564359,-0.136852402
-0.019291494,-0.076328713,-0.155598837
-0.017244535,-0.036812504,-0.039745868
-0.018335497,-0.059614931,0.037489444
-0.019167777,-0.034701723,0.073482599
-0.018492955,-0.039909315,0.195334427
-0.020071288,-0.032369742,0.221954364
-0.019197769,-0.027409595,0.204707644
-0.020704871,-0.030318948,0.153342412
-0.020652385,-0.024728942,0.034115085
-0.021375944,-0.02653604,-0.055117945
-0.021690861,-0.021703365,-0.16609684
-0.021803331,-0.024931397,-0.161222767
-0.022669352,-0.022276987,-0.088861528
-0.022950528,-0.024620216,-0.071239879
-0.023614103,-0.02752582,-0.037496296
-0.024780045,-0.025216333,-0.06824045
-0.026005971,-0.022539429,-0.128229042
-0.027021953,-0.02379165,-0.182968632
-0.027723018,-0.020983525,-0.202089996
-0.027745512,-0.019712558,-0.203214782
-0.028716505,-0.023607941,-0.208463783
-0.028832725,-0.016364552,-0.214087714
-0.029526292,-0.025100109,-0.253455227
-0.029998667,-0.016068368,-0.245956653
-0.029968675,-0.02163588,-0.207338997
-0.031644482,-0.018464085,-0.129728756
-0.030279843,-0.014617441,-0.055117945
-0.033102847,-0.029651597,-0.028872936
-0.031074633,-0.003396187,-0.01912479
-0.033155333,-0.038668341,-0.079488311
-0.033110345,0.003161104,-0.101234175
-0.03116086,-0.037483604,-0.097859817
-0.03661192,-0.012056761,-0.06824045
-0.027880476,-0.014628688,-0.016875218
-0.042261679,-0.056739321,-0.026623364
-0.018687904,0.095862983,-0.029997722
-0.10720203,-0.863912266,-0.132728186
-0.457873178,-1.720814148,-0.085112241
-0.802141017,-1.509226216,-0.032247294
-1.099696192,-1.603446507,-0.089236457
-1.406995044,-1.650888453,0.021742438
-1.685490252,-1.663560634,-0.048744157
-1.961968492,-1.644739821,-0.038246154
-2.221523701,-1.548963626,0.059985166
-2.476512617,-1.607975499,0.033740157
-2.720989308,-1.613205586,0.235451797
-2.951362223,-1.662259674,0.336682546
-3.171474098,-1.699061487,0.358428411
-3.377860848,-1.739170065,0.477655738
-3.575834819,-1.786750731,0.40491957
-3.759142663,-1.809155747,0.392921851
-3.929253992,-1.840221336,0.406044356
-4.084972871,-1.855053037,0.308187965
-4.228140065,-1.874957359,0.283442671
-4.359276686,-1.885443777,0.258322448
-4.476860635,-1.891753623,0.228328152
-4.581990374,-1.894430528,0.227578295
-4.672828886,-1.887742015,0.285692243
-4.749766069,-1.880742322,0.280443241
-4.81410283,-1.873109021,0.223454079
-4.866866397,-1.864365965,0.147718482
-4.908675356,-1.848769435,0.070483169
-4.938581209,-1.827639135,0.040488873
-4.956325273,-1.805084153,-0.037496296
-4.963332173,-1.780542112,-0.006752143
-4.959796856,-1.753188197,0.010869506
-4.946056735,-1.722647491,-0.043495155
-4.922880355,-1.690164716,-0.050243872
-4.890076517,-1.655994817,-0.173970343
-4.848946129,-1.619924091,-0.259829015
-4.800186505,-1.582379943,-0.283449523
-4.743336517,-1.541963934,-0.408675709
-4.678628604,-1.496745242,-0.457791369
-4.606306453,-1.449820681,-0.479537234
-4.526475034,-1.40077784,-0.534276824
-4.438864419,-1.345376414,-0.531652323
-4.343305903,-1.292561913,-0.476162875
-4.240624268,-1.236050734,-0.445043793
-4.130545837,-1.171553831,-0.46041587
-4.012856915,-1.110866081,-0.462290513
-3.888944636,-1.04519194,-0.53540161
-3.758231653,-0.978644244,-0.648630077
-3.62036556,-0.909614599,-0.707868812
-3.477003417,-0.840386249,-0.705994168
-3.329247435,-0.774982048,-0.706744026
-3.1767677,-0.69972129,-0.692871664
-3.017543497,-0.616542293,-0.630258571
-2.8495841,-0.531664924,-0.58714177
-2.675318868,-0.450131811,-0.526028392
-2.495190184,-0.36373603,-0.460790799
-2.312182261,-0.287714191,-0.396677991
-2.125245376,-0.196988123,-0.278200522
-1.932070137,-0.112418185,-0.245581725
-1.737260331,-0.017609275,-0.241832438
-1.536092203,0.074815165,-0.214087714
-1.336663616,0.154233748,-0.280825023
-1.131109147,0.274668208,-0.266202803
-0.92744043,0.339978679,-0.193841564
-0.722069662,0.493300823,-0.129353828
-0.511573997,0.563294003,-0.052493444
-0.314319836,0.767136158,0.023617082
-0.097034715,0.959607093,0.064109382
0.012710055,0.389242721,0.036739586
-0.008539334,0.071129735,0.014993722
-0.005776313,0.13683012,-0.05361823
-0.004093008,0.039351804,-0.058492303
-0.006376155,0.063129014,-0.117356109
-0.002443443,0.03154604,-0.189717348
-0.005457647,0.025783572,-0.077613667
-0.00215477,0.026570897,-0.074989166
-0.003598138,0.008766107,-0.023998863
-0.002181013,0.020542238,0.126347546
-0.001847351,0.002733699,0.168714489
-0.001674896,0.009733392,0.242575443
-0.000670162,0.005065681,0.221954364
-0.000985078,0.005369363,0.098602822
0.000165868,0.004990697,-0.011626216
0.000192111,0.002782438,-0.11135725
0.000716972,0.005733032,-0.132728186
0.001249332,0.003003639,-0.119605682
0.001759197,0.004270857,-0.067865521
0.002898896,0.004387081,-0.053993159
0.004121073,0.002081344,-0.09710996
0.005114561,0.002984893,-0.1316034
0.006321742,0.005643052,-0.166846698
0.006734133,0.001001585,-0.18634299
0.007382712,0.004634526,-0.218961787
0.008143761,0.000502946,-0.248581154
0.008188749,0.001387749,-0.292447812
0.009658361,0.003389803,-0.292447812
0.008886065,-0.00230518,-0.245956653
0.010535629,0.006344146,-0.158598266
0.010179473,-0.008333839,0.006370362
0.010554374,0.013103892,0.098227893
0.011907767,-0.009319869,0.142844409
0.00992829,0.008312458,0.160091129
0.013984718,0.005076928,0.089979462
0.009418424,-0.016653238,0.008245005
0.015784243,0.032693285,-0.118855824
0.010280697,-0.049833357,-0.216337286
0.014790756,0.076689748,-0.253455227
0.013992217,-0.111792075,-0.287948668
0.011356662,0.290373464,-0.280825023
0.255837103,1.607313011,-0.315693392
0.631221725,1.708615477,-0.223086003
0.933095759,1.530458858,-0.10835782
1.241909211,1.66369297,-0.054743016
1.532127573,1.633508434,0.137595407
1.808946973,1.694856038,0.181087136
2.078178377,1.575643806,0.218954935
2.33370715,1.576956014,0.273694525
2.587222704,1.618425539,0.244450086
2.824115148,1.630636573,0.401545212
3.051301405,1.686761588,0.481030096
3.264286412,1.708401774,0.555640907
3.46753524,1.763094608,0.644873938
3.65964576,1.796023533,0.510649463
3.837063909,1.825664439,0.470907021
4.000959379,1.843585453,0.382798777
4.150342432,1.860482944,0.184836423
4.288234769,1.87884261,0.130471761
4.413219264,1.883915231,0.065234168
4.525524607,1.890405038,0.008245005
4.625117058,1.888384237,0.032615371
4.709990895,1.879941115,0.123348116
4.780697224,1.867493884,0.235826726
4.839905339,1.860704145,0.320560612
4.888282564,1.845002638,0.377549775
4.92491789,1.823249976,0.397795925
4.949886296,1.809779223,0.347930407
4.963521446,1.771470245,0.184086566
4.966280717,1.746913207,0.038989159
4.958782697,1.729014689,-0.083987455
4.941222334,1.682540027,-0.204714496
4.913648366,1.655144871,-0.275576021
4.876589402,1.623441924,-0.363309337
4.831196389,1.581728703,-0.394428419
4.778267866,1.543614681,-0.46041587
4.717620131,1.498759659,-0.534276824
4.649099475,1.457575071,-0.467164586
4.572994572,1.408659702,-0.499783383
4.489399147,1.353277022,-0.542150326
4.397837076,1.300061359,-0.513280817
4.298986929,1.243501441,-0.542525255
4.193174871,1.184500816,-0.563896191
4.079546127,1.122857028,-0.562021548
3.959266639,1.05996102,-0.520404462
3.832722555,0.998141021,-0.508031815
3.699576465,0.926554446,-0.557147474
3.559910847,0.855369031,-0.628008999
3.415071594,0.79531489,-0.686497876
3.266423348,0.728092344,-0.74011268
3.11266895,0.651174454,-0.776105835
2.950974149,0.565108599,-0.734863678
2.780630381,0.479957541,-0.687622662
2.605064243,0.396024962,-0.620510425
2.424035797,0.316392676,-0.519279676
2.240892909,0.242984006,-0.415049497
2.052276467,0.143912294,-0.305570317
1.859018751,0.065416006,-0.260953801
1.663084241,-0.031492437,-0.170221056
1.461342515,-0.113715397,-0.095235316
1.261722729,-0.201509617,-0.128229042
1.054717393,-0.309414364,-0.105358391
0.853380559,-0.386223527,-0.124854683
0.644751902,-0.541195304,-0.164222197
0.439636067,-0.603307737,-0.168721341
0.238291736,-0.880329864,-0.167221626
0.030851514,-0.894467969,-0.146600548
-0.034831141,-0.265789068,-0.145100833
-0.010267627,-0.113449206,-0.130853542
-0.019493941,-0.141016823,-0.077613667
-0.015729935,-0.056776813,-0.009751572
-0.017117068,-0.087400001,-0.032622223
-0.018470461,-0.042458748,0.017618223
-0.016622199,-0.055554585,0.091104248
-0.019340231,-0.039826833,0.036739586
-0.01767942,-0.034113104,0.062984595
-0.019692638,-0.04105656,0.083605674
-0.019096546,-0.025756213,0.088104818
-0.01991383,-0.036216386,0.109100826
-0.02036746,-0.024144072,0.069733312
-0.020581154,-0.027323365,0.059610237
-0.021499661,-0.030300202,-0.004502571
-0.021349701,-0.023326754,-0.07686381
-0.02214824,-0.022588168,-0.109857535
-0.022504396,-0.02204079,-0.182593703
-0.023141728,-0.024620216,-0.206214211
-0.024348909,-0.02469145,-0.201715067
-0.025582333,-0.02222075,-0.171720771
-0.026538331,-0.025163845,-0.138352117
-0.027284384,-0.021515906,-0.137602259
-0.027479332,-0.019603832,-0.152224478
-0.02843533,-0.024162818,-0.133478043
-0.028574043,-0.016656987,-0.109107678
-0.029128897,-0.024234052,-0.11135725
-0.030122384,-0.01588091,-0.083612526
-0.029443813,-0.022573171,-0.120355539
-0.031430789,-0.025388795,-0.117731038
-0.030298588,-0.011606861,-0.059242161
-0.032559241,-0.033070836,-0.028872936
-0.03165198,-0.006380523,0.040863802
-0.03214685,-0.040392957,0.029615941
-0.033563975,-0.00495584,0.000746431
-0.030144878,-0.028294399,-0.066365806
-0.037009316,-0.027548315,-0.199840423
-0.027734265,0.00614544,-0.202839853
-0.040784569,-0.078743176,-0.211463213
-0.022890544,0.115797298,-0.238083151
-0.07633643,-0.684349709,-0.315318463
-0.402282858,-1.693797658,-0.278950379
-0.760350803,-1.53640767,-0.175844986
-1.056897494,-1.578424573,-0.199840423
-1.366955617,-1.659680248,0.022492296
-1.648303821,-1.653884037,0.120348687
-1.925794295,-1.661074937,0.141719622
-2.188566155,-1.551812993,0.264321307
-2.443697532,-1.603442758,0.189710496
-2.69178452,-1.613599248,0.287191958
-2.924099422,-1.654603877,0.380549204
-3.146925581,-1.698435377,0.395546352
-3.355261816,-1.732024155,0.539144044
-3.55560891,-1.784298776,0.470157164
-3.742272118,-1.805822738,0.439787939
-3.915030248,-1.840483778,0.481405025
-4.074426906,-1.854561896,0.324684828
-4.220064697,-1.873318974,0.229827867
-4.354249263,-1.88987904,0.166839845
-4.475087354,-1.890298947,0.076856957
-4.583231296,-1.896653783,0.00412079
-4.678088747,-1.892383483,0.049487162
-4.758373796,-1.881728353,0.157841557
-4.825421091,-1.874376239,0.23170251
-4.880569028,-1.861722803,0.315686539
-4.92471737,-1.849200589,0.355428981
-4.957341255,-1.831324565,0.372675702
-4.978020794,-1.806295133,0.257197662
-4.987981914,-1.782570411,0.104226752
-4.987307092,-1.75551268,0.002996003
-4.976449959,-1.724548318,-0.123729897
-4.955774169,-1.691559406,-0.20358971
-4.925290968,-1.656425972,-0.329940682
-4.886080073,-1.6198866,-0.403426707
-4.838910029,-1.582826094,-0.387679702
-4.784125746,-1.542871232,-0.462290513
-4.721326079,-1.498968498,-0.415799355
-4.650807201,-1.454015998,-0.388804488
-4.572940264,-1.406671529,-0.480287091
-4.487147919,-1.354449396,-0.491160023
-4.393542637,-1.296742233,-0.499033526
-4.292518065,-1.239376244,-0.547399328
-4.18396548,-1.18081802,-0.597639774
-4.067952366,-1.117070951,-0.543650041
-3.945273511,-1.053380119,-0.529777679
-3.816052635,-0.986566231,-0.559771975
-3.680087289,-0.919426167,-0.568020407
-3.537928579,-0.854134441,-0.613761708
-3.39140977,-0.785318499,-0.660627796
-3.240362157,-0.715036633,-0.704494454
-3.083248646,-0.636960251,-0.678999302
-2.917628631,-0.54773385,-0.675624944
-2.744251915,-0.465338428,-0.664377083
-2.565664074,-0.379988664,-0.596140059
-2.382573673,-0.30488912,-0.528277965
-2.196930196,-0.21790472,-0.384680272
-2.004707206,-0.123122054,-0.277450664
-1.810407265,-0.047055225,-0.165346983
-1.610506303,0.056474245,-0.035996581
-1.409180717,0.129013108,-0.040120797
-1.206288044,0.24125564,-0.047244442
-0.998547902,0.323392369,-0.092235886
-0.795790194,0.439706495,-0.148475191
-0.582269079,0.56038465,-0.190092277
-0.384107657,0.66301432,-0.242207366
-0.169660536,0.968365145,-0.222711074
-0.003350704,0.631963727,-0.174345272
0.002077863,0.088630842,-0.078738453
-0.010335109,0.128244529,-0.025498578
-0.001457454,0.073026813,0.050611948
-0.007332152,0.044521904,0.091854105
-0.002117279,0.051664065,0.02999087
-0.004816567,0.016766828,0.088479747
-0.002953309,0.034192951,0.089979462
-0.002450941,0.010610697,0.033740157
-0.002852085,0.020444759,0.084355531
-0.001183776,0.010625694,0.095228464
-0.001944825,0.009782131,0.127472332
-0.000546444,0.010355754,0.167964631
-0.000658915,0.004255861,0.150342983
0.000237099,0.005061931,0.116599399
0.000810697,-0.00262011,0.005620504
0.001061881,0.002201318,-0.092235886
0.001549252,0.002816181,-0.211463213
0.0019354,0.002579983,-0.31906775
0.002853908,0.00578552,-0.309694532
0.003843646,0.006542852,-0.276325878
0.00500584,0.004945707,-0.199090566
0.006093052,0.006659076,-0.115856395
0.006929082,0.000292992,-0.029997722
0.007251497,-0.003343699,0.050611948
0.008342458,0.005361865,0.053236449
0.008417439,-0.000981724,-0.017625075
0.009107256,0.0056543,-0.098609674
0.009973278,-0.001109196,-0.149599977
0.009519648,0.002103839,-0.229084862
0.011394153,0.003014887,-0.261703659
0.009819568,-0.005608195,-0.213337856
0.012233931,0.014164906,-0.164222197
0.011187957,-0.014130049,-0.115106537
0.01200899,0.021434539,-0.081737883
0.013426116,-0.015232304,-0.022124219
0.0104569,0.014277381,-0.000378355
0.016998923,0.004533299,-0.083612526
0.007798852,-0.024245299,-0.112482036
0.021272794,0.06274285,-0.158598266
0.002336544,-0.141642934,-0.193466635
0.060468693,0.742455399,-0.163097411
0.386475105,1.800290084,-0.148475191
0.738312196,1.579464206,-0.046869514
1.033468004,1.583483312,-0.045744728
1.341434179,1.654368794,0.01836808
1.621211549,1.6475978,0.136845549
1.897221163,1.661169781,0.050986877
2.157946063,1.546606516,0.111725326
2.412451356,1.585466621,0.109475754
2.658978756,1.594982004,0.112850112
2.889977756,1.638131156,0.257947519
3.111731697,1.678847099,0.295440389
3.319453094,1.713796824,0.475406165
3.518664239,1.754741466,0.541393617
3.70346044,1.774297116,0.545892761
3.874006654,1.812043719,0.665120088
4.031090173,1.824303492,0.58076113
4.175408313,1.840803572,0.47990531
4.307553417,1.848324399,0.42216629
4.426194587,1.853145826,0.265446093
4.532336559,1.853760689,0.089604533
4.624378503,1.842989335,0.045737875
4.701664344,1.837275606,0.02999087
4.766537213,1.824798382,-0.035621653
4.820537953,1.811466348,-0.010126501
4.862943005,1.795284947,0.032240442
4.893624903,1.77378348,0.087354961
4.913018532,1.754404041,0.090354391
4.921450056,1.729385856,0.048362376
4.91935061,1.696498172,0.032240442
4.90700512,1.665200134,-0.046494585
4.884454825,1.629605552,-0.102358961
4.852220837,1.593647301,-0.190092277
4.811266652,1.561119537,-0.257204514
4.762555765,1.521847023,-0.271826734
4.705926969,1.478735363,-0.400427278
4.641458993,1.431758314,-0.41992357
4.569316793,1.384192644,-0.395553205
4.489207948,1.337215594,-0.512905888
4.401593584,1.284431086,-0.577768553
4.306211271,1.228047379,-0.603263705
4.203462154,1.17014151,-0.665501869
4.093072555,1.107331732,-0.701495024
3.975548589,1.046760206,-0.643756004
3.852063698,0.989664157,-0.57851841
3.72174811,0.917811391,-0.574769123
3.584957983,0.847263334,-0.551148615
3.442686802,0.789278733,-0.514030674
3.296108009,0.721306353,-0.525278535
3.145071643,0.653022793,-0.562396476
2.986912158,0.5718496,-0.563146334
2.81956385,0.479777581,-0.57851841
2.646213377,0.403995689,-0.600639204
2.467378102,0.324295918,-0.569520122
2.28538616,0.25119093,-0.550773687
2.099427766,0.158961446,-0.473538374
1.907470956,0.077195885,-0.39405349
1.713763358,-0.010249663,-0.37380734
1.513063857,-0.104807378,-0.262453516
1.314070155,-0.179681972,-0.200590281
1.10895432,-0.294830108,-0.17771963
0.905386826,-0.362041407,-0.096360102
0.700702127,-0.507205365,-0.048369229
0.49063385,-0.585840373,-0.017250146
0.293889554,-0.788430307,-0.019874647
0.077564179,-0.971097173,-0.074614237
-0.032690456,-0.413671172,-0.113231894
-0.011879702,-0.092022722,-0.138727045
-0.014252825,-0.156789565,-0.176969773
-0.015943628,-0.0622281,-0.127104255
-0.013518019,-0.081581295,-0.109857535
-0.017199547,-0.051081829,-0.100859247
-0.01411786,-0.046162924,0.032990299
-0.0171883,-0.048179975,0.079481458
-0.015816162,-0.027372104,0.148468339
-0.017439483,-0.039395679,0.257197662
-0.017446981,-0.02329676,0.242200514
-0.017626934,-0.030712611,0.222704222
-0.018721645,-0.023787901,0.137220478
-0.018376736,-0.022704392,0.041238731
-0.019550176,-0.02509636,-0.014250717
-0.01930649,-0.0201962,-0.077988596
-0.019816356,-0.023015573,-0.091860958
-0.020352464,-0.020634852,-0.154474051
-0.0207836,-0.020908542,-0.210338427
-0.021788335,-0.024046593,-0.251580584
-0.022973022,-0.02307181,-0.285699096
-0.023921522,-0.021144739,-0.250455798
-0.024757551,-0.022453198,-0.218961787
-0.025409879,-0.019146434,-0.162347553
-0.025683556,-0.022719389,-0.091860958
-0.026590817,-0.01956634,-0.055492874
-0.026455852,-0.018055426,-0.032622223
-0.02764054,-0.027443338,-0.020624505
-0.027558061,-0.011891797,-0.0479943
-0.028191644,-0.024695199,-0.068990307
-0.029402574,-0.01282534,-0.073114523
-0.028195393,-0.019532598,-0.115481466
-0.031044641,-0.022044539,-0.163472339
-0.028285369,-0.006654212,-0.205464354
-0.031850678,-0.038777067,-0.236208507
-0.029593774,0.007367668,-0.225335575
-0.030695983,-0.049042283,-0.237333293
-0.032592982,0.015345894,-0.196091136
-0.027003208,-0.044449555,-0.138727045
-0.039472415,-0.009038682,-0.101609104
-0.014301562,0.009144773,-0.058492303
-0.158867137,-1.142212858,-0.118855824
-0.531691185,-1.721282794,-0.01050143
-0.856884061,-1.485130326,0.04423816
-1.157505926,-1.631362797,-0.001128212
-1.458686394,-1.631152844,0.089604533
-1.734486063,-1.665933857,-0.001128212
-2.008384985,-1.605572284,0.007120219
-2.264044973,-1.543264894,0.036739586
-2.51811913,-1.598190176,-0.018749861
-2.757943299,-1.597560316,0.172088847
-2.985744394,-1.655698633,0.229452938
-3.202804575,-1.68385487,0.286067172
-3.407444286,-1.730490746,0.447286513
-3.602426547,-1.765185528,0.385048349
-3.781411782,-1.787466822,0.432664294
-3.947755356,-1.81440083,0.491153171
-4.099878935,-1.826461897,0.415417573
-4.240406826,-1.847318508,0.418791932
-4.368476756,-1.852563591,0.447286513
-4.482821561,-1.858382296,0.429289935
-4.585203275,-1.856095305,0.353179409
-4.672225295,-1.844015492,0.32131047
-4.745492198,-1.836674625,0.251573732
-4.807039695,-1.826334425,0.13384612
-4.856459145,-1.813928435,0.010119649
-4.895058952,-1.796862232,-0.112482036
-4.921939353,-1.775312025,-0.171345842
-4.937107848,-1.752284648,-0.230209648
-4.942176509,-1.72642665,-0.206214211
-4.936815425,-1.696774496,-0.145100833
-4.920840894,-1.665318993,-0.110232464
-4.895298888,-1.630414258,-0.086237027
-4.860631793,-1.59322628,-0.152974336
-4.817668138,-1.55798412,-0.184468347
-4.767131484,-1.519517677,-0.262828445
-4.708729406,-1.478629272,-0.406051208
-4.642488148,-1.432357066,-0.415049497
-4.568186519,-1.385151316,-0.481411877
-4.486281897,-1.336880804,-0.560896761
-4.396733045,-1.280298391,-0.532027252
-4.299596195,-1.229748386,-0.528277965
-4.195043805,-1.170087907,-0.53540161
-4.082509771,-1.105006135,-0.528652893
-3.963126297,-1.04919605,-0.546649471
-3.837009601,-0.980327619,-0.596140059
-3.703968483,-0.914297308,-0.655753723
-3.564793984,-0.851689985,-0.670750871
-3.420554574,-0.78068453,-0.64488079
-3.271902578,-0.713930629,-0.64488079
-3.118031961,-0.640593193,-0.588641485
-2.955523624,-0.55218036,-0.503907599
-2.784478792,-0.471517054,-0.464540086
-2.608346553,-0.390295122,-0.409425567
-2.426459584,-0.309849267,-0.374557198
-2.242829325,-0.231296741,-0.345687688
-2.053024447,-0.13653657,-0.296197099
-1.859594276,-0.06420391,-0.32469168
-1.662763753,0.039100609,-0.335564613
-1.461171987,0.118451708,-0.323941823
-1.260952359,0.210549971,-0.337064328
-1.053047261,0.309921615,-0.28457431
-0.851335527,0.398604388,-0.200965209
-0.639808884,0.54357339,-0.086611956
-0.436889969,0.605288411,-0.026998293
-0.230686921,0.909289536,-0.005252428
-0.032428025,0.809100573,0.013494007
0.010779315,0.17728737,-0.014625646
-0.011568534,0.105029694,-0.087736742
-0.000917596,0.105884503,-0.14022676
-0.006151214,0.035205226,-0.130478614
-0.002979552,0.06472241,-0.171345842
-0.003271975,0.016875553,-0.089986314
-0.00355315,0.03442165,0.049862091
-0.00143496,0.015522105,0.073857528
-0.003039536,0.014134913,0.166464917
-0.000947588,0.013471311,0.21745522
-0.001637406,0.001087815,0.20583243
-0.000325253,0.011008109,0.167589703
-0.00018279,0.002688709,0.036739586
0.000147123,0.005504333,-0.05361823
0.001058132,0.004049657,-0.12298004
0.000994399,0.003266081,-0.14322619
0.001714209,0.004297101,-0.127854113
0.002299054,0.003033633,-0.101234175
0.003285044,0.005110671,-0.045744728
0.004570954,0.006040464,-0.065990877
0.005481964,0.004668269,-0.089611386
0.006606667,0.005230644,-0.126729327
0.00750268,0.002887415,-0.181093988
0.00784384,0.003307322,-0.209213641
0.008799838,0.000188016,-0.218961787
0.008889814,-0.001484112,-0.20958857
0.010126987,0.003667242,-0.202089996
0.009804572,-0.004389716,-0.159348124
0.010588115,0.010809403,-0.101234175
0.011551611,-0.004940844,-0.035246724
0.010719331,0.006974006,0.023242153
0.013321144,0.001893886,0.015743579
0.010490641,-0.009856,0.000746431
0.01454707,0.020598475,-0.020249576
0.011536615,-0.025992411,-0.065990877
0.01393973,0.037237274,-0.096360102
0.014816999,-0.038458388,-0.133478043
0.010539378,0.039824199,-0.138352117
0.021951365,-0.024174065,-0.129728756
-0.002282236,0.011030604,-0.135727616
0.158122906,1.283238852,-0.169846127
0.532660252,1.805400197,-0.107233034
0.852169629,1.510269599,-0.028498007
1.156053133,1.651189501,-0.094485459
1.457912171,1.639803284,-0.01912479
1.73553011,1.680286778,-0.003752713
2.011303537,1.61541121,-0.007502
2.269550342,1.554536002,0.124472902
2.526559973,1.610612278,0.106101396
2.769825734,1.614590143,0.26919538
3.002118143,1.665901229,0.421791361
3.221375244,1.686506645,0.421416433
3.427923201,1.740059732,0.566138911
3.626163352,1.776156702,0.502026103
3.809857343,1.800837462,0.455909873
3.981093375,1.829709789,0.499026674
4.137269634,1.842490696,0.331058616
4.280474318,1.863890936,0.285692243
4.412083314,1.86095159,0.304438678
4.530803214,1.871010602,0.238826156
4.637192619,1.880301035,0.244450086
4.729924382,1.865746773,0.286817029
4.808428651,1.857449869,0.278943527
4.874085063,1.845958675,0.242200514
4.927662165,1.834519969,0.147343553
4.970127201,1.818042385,0.082480888
5.00141269,1.794178943,0.058485451
5.020675103,1.766648817,-0.032622223
5.029204101,1.737630272,-0.043495155
5.027629517,1.716792408,-0.053243302
5.015625187,1.682390061,-0.078738453
4.993513526,1.647661536,-0.116606252
4.961601953,1.609277574,-0.25270537
4.920681508,1.566777029,-0.291323026
4.87171194,1.537226102,-0.374182269
4.814996917,1.492007411,-0.538026111
4.750690148,1.447741008,-0.566145763
4.678630427,1.403309642,-0.608887635
4.598862741,1.350975034,-0.660252867
4.511529553,1.305250205,-0.614511566
4.416503397,1.248757772,-0.576268838
4.314384113,1.189123537,-0.529402751
4.204583108,1.131138936,-0.487785665
4.087149119,1.069090239,-0.482911592
3.963491773,1.004923263,-0.491534952
3.833382381,0.942165973,-0.580393054
3.696704724,0.877140438,-0.656878509
3.55414112,0.809681694,-0.651254578
3.407292399,0.747520522,-0.66212751
3.255929869,0.678490877,-0.672625514
3.098403967,0.599278498,-0.654628936
2.932172863,0.512215365,-0.606638063
2.75806509,0.435185001,-0.545899613
2.579271054,0.353374449,-0.500533241
2.395884481,0.274679455,-0.426672287
2.210166024,0.195568303,-0.336689399
2.017823065,0.102360287,-0.337064328
1.823241948,0.030012631,-0.317942964
1.623899589,-0.074829047,-0.266577732
1.421588013,-0.147472887,-0.300321315
1.219411402,-0.248096754,-0.243332153
1.010539059,-0.339673882,-0.15184955
0.808291216,-0.436016201,-0.095235316
0.594177757,-0.571867231,-0.019499719
0.392833426,-0.652927949,0.023242153
0.182217793,-0.965293464,0.0356148
-0.003688115,-0.751448533,-0.025123649
-0.027989197,-0.157985549,-0.11135725
-0.009664037,-0.142059092,-0.214837571
-0.020112527,-0.111537131,-0.276325878
-0.013862928,-0.065759814,-0.270701948
-0.018238022,-0.078709434,-0.239207937
-0.016727171,-0.045083164,-0.068615378
-0.017203296,-0.06460882,0.065234168
-0.018298007,-0.031601163,0.118099114
-0.017424487,-0.043770956,0.220829578
-0.019216514,-0.034424285,0.2433253
-0.018230524,-0.026974692,0.242200514
-0.019782615,-0.031754879,0.169089418
-0.019786364,-0.022044539,0.019117938
-0.020491177,-0.028489355,-0.06524102
-0.021023537,-0.02230698,-0.185968061
-0.021184744,-0.023911623,-0.202089996
-0.021840821,-0.022723138,-0.145475762
-0.022077009,-0.021969555,-0.147725334
-0.023389162,-0.024282791,-0.101984033
-0.02434516,-0.023551704,-0.107982892
-0.025053723,-0.023859135,-0.164597126
-0.026467099,-0.024237801,-0.182968632
-0.026845749,-0.020837307,-0.183343561
-0.027475583,-0.022708141,-0.204339568
-0.028187895,-0.01970131,-0.197590851
-0.028124162,-0.021062257,-0.208088855
-0.029545037,-0.021695866,-0.2152125
-0.028870215,-0.016454532,-0.151099692
-0.030647246,-0.025621243,-0.097484888
-0.030114886,-0.012367941,-0.004127642
-0.030587261,-0.030637627,0.031490585
-0.03199314,-0.008802485,0.034864943
-0.030084894,-0.024279042,0.037864373
-0.034148821,-0.020664846,-0.031872366
-0.029237618,-0.005563205,-0.036746439
-0.035577194,-0.047238934,-0.069365236
-0.029773726,0.029851417,-0.116981181
-0.034677431,-0.089342069,-0.10273389
-0.033200321,0.089920555,-0.074239309
-0.032176842,-0.304626679,-0.127479184
-0.283765405,-1.521129818,-0.143601118
-0.663135225,-1.622882183,-0.017625075
-0.966051484,-1.514595022,-0.117356109
-1.276686954,-1.663725598,-0.128978899
-1.568224968,-1.634647066,-0.056242731
-1.846382765,-1.676330294,-0.158598266
-2.11708753,-1.562989256,-0.060366947
-2.373718511,-1.569527802,-0.022124219
-2.627856401,-1.607446867,0.042738446
-2.86616972,-1.626728828,0.26357145
-3.094690624,-1.678426078,0.308187965
-3.308549151,-1.702739419,0.477655738
-3.512671498,-1.757522233,0.56913834
-3.705992948,-1.784111318,0.467907591
-3.885619264,-1.814659523,0.553016406
-4.051497961,-1.833877747,0.440912725
-4.202841745,-1.847610943,0.312312181
-4.342469874,-1.864103524,0.336682546
-4.469291384,-1.871463137,0.239201084
-4.584101066,-1.877855465,0.191210211
-4.685789214,-1.874559948,0.218580006
-4.77350855,-1.866956639,0.235076869
-4.847484015,-1.85679265,0.164215344
-4.908904046,-1.849114358,0.110225612
-4.95921576,-1.83566235,0.064859239
-4.997864304,-1.81503069,0.007495148
-5.024977144,-1.794481511,0.010494577
-5.040737982,-1.76944833,-3.43e-06
-5.04548048,-1.74449763,-0.017625075
-5.040318093,-1.716378885,-0.020999433
-5.025093364,-1.681856565,-0.040870654
-4.99977255,-1.646843103,-0.09710996
-4.965270411,-1.610993578,-0.151099692
-4.922261768,-1.574787882,-0.195341279
-4.871646384,-1.537251232,-0.370058053
-4.81342051,-1.497363855,-0.503907599
-4.747160507,-1.451706511,-0.493784524
-4.673177544,-1.404369541,-0.584142341
-4.591670318,-1.353519603,-0.599514418
-4.502331409,-1.299584101,-0.538775968
-4.40538576,-1.250211334,-0.526403321
-4.30120827,-1.189238647,-0.52677825
-4.189240337,-1.126822532,-0.534651752
-4.070081803,-1.06739825,-0.517779961
-3.944399992,-1.002683896,-0.568770264
-3.811969963,-0.937403418,-0.618635781
-3.672754225,-0.867698923,-0.616761138
-3.528181153,-0.805638979,-0.649754863
-3.379544153,-0.73977738,-0.665876797
-3.225441097,-0.664126708,-0.642256289
-3.064387377,-0.583305937,-0.633632929
-2.894298542,-0.497824952,-0.594265416
-2.717753912,-0.416685501,-0.520779391
-2.536043146,-0.338571628,-0.44879308
-2.35092828,-0.26888213,-0.371182839
-2.16215063,-0.170061613,-0.317193106
-1.967067146,-0.088191075,-0.329190825
-1.770945186,-0.002537628,-0.305570317
-1.568060011,0.095683023,-0.285699096
-1.366708182,0.16326174,-0.266202803
-1.160400162,0.281064285,-0.161222767
-0.953443563,0.349584043,-0.10273389
-0.747116798,0.488007,-0.020999433
-0.533329502,0.566128372,0.03861423
-0.335100599,0.747531769,0.065984025
-0.115326134,0.980351229,0.06448431
0.011604097,0.449233126,-0.03337208
-0.005360173,0.069761289,-0.099359532
-0.006057489,0.141977725,-0.193091707
-0.002432196,0.046572697,-0.247456368
-0.005960015,0.06269786,-0.24108258
-0.001135039,0.037117301,-0.200590281
-0.00453914,0.019222531,-0.066365806
-0.001348732,0.032929482,0.011244435
-0.002484682,0.006715314,0.129346975
-0.00128125,0.016163212,0.246699658
-0.000823871,0.007498889,0.247449516
-0.001172529,0.01145051,0.250074017
0.000522024,0.006741558,0.157841557
0.000105883,0.005886748,0.04423816
0.001106869,0.003386054,-0.052868373
0.00140679,0.001076568,-0.129728756
0.001819181,0.005886748,-0.085112241
0.002464011,0.003745974,-0.088486599
0.003247554,0.007326428,-0.115106537
0.004649684,0.003798462,-0.140976617
0.005474466,0.002748696,-0.205839283
0.006629161,0.008777355,-0.210338427
0.007870083,0.001009083,-0.197590851
0.008229988,0.00129027,-0.188217634
0.009219727,0.003123613,-0.194216493
0.009155994,-0.00046059,-0.179594274
0.010355677,0.007191458,-0.185218204
0.010528131,-0.00302502,-0.200590281
0.01079806,0.009013552,-0.122230182
0.011844034,-0.002117722,-0.04499487
0.01083555,0.00560931,0.01836808
0.013609817,0.006880277,0.011244435
0.011071738,-0.007576507,-0.029997722
0.014528325,0.018318982,-0.055117945
0.012282668,-0.028969248,-0.109857535
0.013759778,0.037079809,-0.121105396
0.015630534,-0.032793398,-0.106483177
0.010089497,0.03006137,-0.11435668
0.022806139,-0.008746247,-0.119605682
-0.00237971,-0.027484579,-0.064116234
0.140678762,1.20385776,-0.116231323
0.511493342,1.811316381,-0.044619942
0.836956147,1.515049785,0.127847261
1.140217315,1.644291036,0.025491725
1.445094306,1.645577,0.062984595
1.724136869,1.680425498,0.032615371
2.001616095,1.620652544,-0.050993729
2.261703664,1.549335908,0.045737875
2.519841748,1.601269356,-0.006002285
2.765439393,1.608523992,0.141719622
3.00004494,1.667772062,0.274819311
3.221686412,1.689266031,0.308937823
3.429718977,1.735740693,0.475031237
3.629732409,1.771189057,0.403794784
3.816088198,1.801763506,0.419916718
3.990450904,1.83290033,0.482154882
4.149408928,1.837444319,0.357678554
4.294919253,1.855751496,0.365926985
4.428500229,1.86418712,0.362552627
4.549199606,1.870673177,0.338182261
4.658025868,1.874920982,0.341181691
4.753468164,1.865630549,0.353179409
4.834757948,1.853344532,0.33555776
4.902570041,1.845984919,0.238826156
4.958362808,1.828907468,0.124097974
5.003605861,1.814615647,-0.029247865
5.037586887,1.797268256,-0.093735601
5.059698548,1.762269791,-0.149974906
5.07063441,1.742241747,-0.170970913
5.07067565,1.718438292,-0.145475762
5.06075202,1.679218266,-0.153349264
5.041013482,1.647541563,-0.12298004
5.01095392,1.613915293,-0.160847839
4.971979212,1.573956682,-0.158973195
4.924625467,1.534560445,-0.20958857
4.869297577,1.496847584,-0.380556057
4.806760342,1.452869867,-0.403051779
4.736020272,1.407088801,-0.461165727
4.657617226,1.356748749,-0.577018696
4.571974841,1.303424361,-0.559397047
4.478913166,1.255367552,-0.508406743
4.378574662,1.20017233,-0.51515546
4.270573182,1.140635574,-0.543650041
4.15527238,1.079182994,-0.540650612
4.032964678,1.017992855,-0.579643196
3.90401373,0.954508228,-0.653129222
3.768509512,0.88908903,-0.692496735
3.626905655,0.824329686,-0.674500158
3.480832979,0.758366859,-0.678999302
3.330430196,0.692434026,-0.695121236
3.174407647,0.61657715,-0.622385068
3.010407204,0.532363383,-0.561646619
2.837675317,0.447478516,-0.511406173
2.65990851,0.363523442,-0.434920718
2.476870595,0.288401403,-0.377556627
2.291328341,0.221092625,-0.314193677
2.100649943,0.126294963,-0.338564042
1.904884139,0.048874685,-0.378306485
1.707315061,-0.042008848,-0.32469168
1.503316431,-0.13046667,-0.350936689
1.301994594,-0.208205627,-0.309694532
1.09331345,-0.319552108,-0.184093418
0.888658744,-0.392027236,-0.116981181
0.67925779,-0.538957052,-0.017625075
0.468762126,-0.605647217,0.062609667
0.267916413,-0.851003887,0.111725326
0.052389577,-0.944759281,0.0356148
-0.035292269,-0.331868119,-0.090736172
-0.010807485,-0.102130474,-0.161597696
-0.01752946,-0.151593221,-0.292072884
-0.015984867,-0.058010288,-0.305945245
-0.015632461,-0.090283109,-0.232834149
-0.018305505,-0.047786313,-0.151474621
-0.015602468,-0.049615906,-0.010876359
-0.018882852,-0.044753237,0.060360095
-0.017199547,-0.033220803,0.178087706
-0.018834115,-0.042657453,0.256447805
-0.018620421,-0.023712918,0.211456361
-0.019149032,-0.033153318,0.19158514
-0.019970065,-0.025538762,0.071233027
-0.019925077,-0.026419816,-0.056992589
-0.020911067,-0.026333585,-0.143601118
-0.020738612,-0.021429676,-0.187842705
-0.021495912,-0.023949115,-0.089986314
-0.022043268,-0.022138268,-0.035246724
-0.022875548,-0.025137601,-0.022124219
-0.024311419,-0.023776654,-0.05361823
-0.025136201,-0.023784152,-0.16909627
-0.02635088,-0.025917427,-0.242957224
-0.027051945,-0.019697561,-0.283449523
-0.027483081,-0.024912651,-0.282324737
-0.028217887,-0.018246634,-0.227210218
-0.028311612,-0.01934139,-0.208463783
-0.029406323,-0.02361169,-0.230209648
-0.02885147,-0.01444123,-0.15747348
-0.030437301,-0.02945664,-0.056242731
-0.030002416,-0.012979055,0.025116797
-0.030658493,-0.027124659,0.102352109
-0.032191838,-0.010624579,0.080231316
-0.030017412,-0.023709169,0.047612519
-0.034452491,-0.0235667,-0.028498007
-0.029672503,-0.001510357,-0.115856395
-0.035457225,-0.049293477,-0.118105967
-0.03024985,0.030908682,-0.130103685
-0.033893888,-0.086084043,-0.153349264
-0.03498485,0.081484931,-0.128978899
-0.028390342,-0.256828561,-0.182968632
-0.267858355,-1.485568979,-0.214837571
-0.649837486,-1.633323611,-0.077988596
-0.955396797,-1.506924228,-0.149974906
-1.266898289,-1.664779113,-0.133478043
-1.561255558,-1.633724771,-0.034121938
-1.840159408,-1.675756671,-0.107607963
-2.113357265,-1.565917355,0.037489444
-2.371026722,-1.566217288,0.080606244
-2.626386789,-1.603457754,0.140219908
-2.86666084,-1.621011349,0.341931548
-3.097239951,-1.674654417,0.334807903
-3.312815524,-1.693928879,0.468657449
-3.518126308,-1.750608771,0.538394187
-3.713344757,-1.780767062,0.395171424
-3.895377937,-1.81247001,0.456284802
-4.064417049,-1.831519522,0.360303055
-4.218013989,-1.842988221,0.219329863
-4.359644089,-1.860950475,0.253448375
-4.488996181,-1.866825418,0.175838134
-4.605969042,-1.874668674,0.157466628
-4.710273998,-1.874068807,0.208456931
-4.801105012,-1.866581722,0.236576584
-4.87798596,-1.855589168,0.226453509
-4.941715381,-1.843280656,0.194584569
-4.994283999,-1.832981697,0.143219337
-5.035665572,-1.815124419,0.077981743
-5.065447707,-1.793592959,0.053986307
-5.083547928,-1.770944247,0.024741868
-5.090611062,-1.743215415,0.010119649
-5.087900528,-1.719595669,-0.018749861
-5.074928954,-1.687030414,-0.079113382
-5.051658848,-1.647750401,-0.163472339
-5.018806274,-1.612489495,-0.270701948
-4.977285988,-1.574952845,-0.271826734
-4.928320168,-1.538780892,-0.379056342
-4.871455185,-1.496861467,-0.517405032
-4.807088432,-1.453918519,-0.495659168
-4.73613092,-1.411774144,-0.586016984
-4.657956563,-1.362956254,-0.570269979
-4.571646855,-1.310741619,-0.479162305
-4.476980604,-1.257244769,-0.451042652
-4.375071265,-1.201550908,-0.41429964
-4.265697647,-1.139352244,-0.425172572
-4.148286152,-1.078649498,-0.413174854
-4.024193921,-1.018021734,-0.490785095
-3.893567165,-0.951436546,-0.586016984
-3.755985996,-0.881222165,-0.596889917
-3.612233957,-0.814532,-0.641131503
-3.463604456,-0.752423316,-0.684248304
-3.310187468,-0.68088548,-0.651629507
-3.150588364,-0.602921573,-0.629883642
-2.982014129,-0.517406846,-0.633632929
-2.806125576,-0.437605847,-0.563146334
-2.625277082,-0.356245196,-0.486660879
-2.439408665,-0.280107133,-0.445793651
-2.251474542,-0.196133313,-0.357685406
-2.056548516,-0.104597425,-0.311944105
-1.859740487,-0.038780816,-0.257579443
-1.658347419,0.069180168,-0.195341279
-1.454075111,0.141310373,-0.170970913
-1.250248936,0.241780523,-0.054743016
-1.039528331,0.332172916,-0.004877499
-0.835143552,0.431870738,0.017618223
-0.619031871,0.568239153,0.011244435
-0.41617294,0.63766246,-0.046119656
-0.203064215,0.957170135,-0.101984033
-0.01589864,0.735399468,-0.263953231
0.007555166,0.129065597,-0.326191395
-0.010668771,0.124154189,-0.328440967
1.22e-05,0.088762062,-0.304445531
-0.005986258,0.043738328,-0.172470628
-0.001476199,0.05761774,-0.046869514
-0.003268226,0.008882332,0.098227893
-0.002372212,0.03622125,0.17996235
-0.001075055,0.011750444,0.218580006
-0.001956072,0.017325453,0.25494809
-2.16e-05,0.011420517,0.230577724
-0.000898851,0.007570123,0.190835282
0.000694478,0.010543212,0.094478606
0.00034582,-0.000108169,-0.012376073
0.001133112,0.0099246,-0.083612526
0.00174795,0.00084037,-0.128978899
0.001792938,-0.002016494,-0.086986885
0.002733939,0.003483532,-0.060366947
0.002898896,0.002531244,-0.086986885
0.003896133,0.00533562,-0.113981751
0.005084569,0.004593286,-0.19796578
0.006243013,-0.000351864,-0.252330441
0.00754017,0.004522051,-0.224210789
0.008199996,0.004177128,-0.179219345
0.008518662,0.003266081,-0.161597696
0.009740839,0.002422518,-0.129353828
0.009598377,-0.002623859,-0.060741876
0.010509386,0.006490364,-0.042370369
0.01087304,-0.002683846,-0.027373221
0.011000507,0.007716341,-0.018749861
0.01254135,-0.001292905,-0.010126501
0.011142969,0.001084066,-0.018000004
0.013905989,0.008364947,-0.088486599
0.011416647,-0.014208782,-0.088111671
0.01413093,0.023612805,-0.110232464
0.013493598,-0.024087834,-0.146600548
0.013114948,0.028647935,-0.133852972
0.017088899,-0.021309702,-0.164597126
0.009553389,0.010591951,-0.138727045
0.02382587,0.021220837,-0.150349835
-0.001494944,-0.089578266,-0.181093988
0.108452272,1.041717578,-0.230584577
0.466546461,1.812677328,-0.250080869
0.800388303,1.513606356,-0.138352117
1.098929467,1.6134354,-0.136102544
1.403783965,1.628244605,-0.002627927
1.681143222,1.651313224,0.121098544
1.957055362,1.620480082,0.122973187
2.215148458,1.522683087,0.228703081
2.470838438,1.578950571,0.201333286
2.714677797,1.574747756,0.301439249
2.94506196,1.624682898,0.428915007
3.165050118,1.656640789,0.407169142
3.372014215,1.696336958,0.506150319
3.570674255,1.734409739,0.449911014
3.753880875,1.750853581,0.375675131
3.923954714,1.78048324,0.435663723
4.079681091,1.788427723,0.311187395
4.222702074,1.804245454,0.235451797
4.353834945,1.813933299,0.233202225
4.471208951,1.815912859,0.129721904
4.576402422,1.812947268,0.070858098
4.667394644,1.800301331,0.045737875
4.744365568,1.790767202,0.049112234
4.809414641,1.782252846,0.103476895
4.862744308,1.764939198,0.163465487
4.905115619,1.747254382,0.185211352
4.935951226,1.728306097,0.203957787
4.954973703,1.7008697,0.15109284
4.96289911,1.673455798,0.028866084
4.960293548,1.641520402,-0.042745298
4.947670631,1.609408795,-0.157098552
4.924243068,1.575392612,-0.228335005
4.891150557,1.531223687,-0.296572028
4.849971431,1.497908598,-0.41130021
4.800649455,1.463847425,-0.422173142
4.743537037,1.420008427,-0.507656886
4.678521706,1.379183759,-0.481411877
4.60617706,1.331336902,-0.379431271
4.526769279,1.281832914,-0.471663731
4.439346115,1.230068179,-0.454791939
4.344327456,1.173508261,-0.460790799
4.241904503,1.118410518,-0.551523544
4.131766087,1.060107237,-0.558647189
4.014425823,0.998560928,-0.5470244
3.890359835,0.938124372,-0.514405603
3.759838052,0.873856169,-0.5470244
3.622549306,0.806577385,-0.568395335
3.479637045,0.747625498,-0.571019836
3.33253339,0.68167017,-0.61601128
3.180394815,0.610863421,-0.628383927
3.021076887,0.533784317,-0.5901412
2.852551389,0.447587242,-0.533526966
2.678192432,0.375348311,-0.543275113
2.498453645,0.295059921,-0.508406743
2.315292013,0.221977429,-0.433421003
2.128201418,0.135600393,-0.373057483
1.934516314,0.052616353,-0.292072884
1.739676516,-0.029677841,-0.229084862
1.53804726,-0.122649659,-0.128229042
1.338007584,-0.19313398,-0.10273389
1.132561836,-0.304907866,-0.082862669
0.927311037,-0.371155629,-0.028872936
0.72239015,-0.510212196,-0.062991448
0.510008734,-0.592581373,-0.080613097
0.31246215,-0.773609854,-0.10273389
0.093658679,-0.98899944,-0.16047291
-0.029312598,-0.459452238,-0.207713926
-0.011527295,-0.090856732,-0.209963498
-0.011534793,-0.159035315,-0.19796578
-0.014466518,-0.066269701,-0.159723052
-0.010893712,-0.078945631,-0.144350976
-0.01525756,-0.054471076,-0.118105967
-0.012055905,-0.043186086,0.004495718
-0.015310046,-0.04955217,0.04723759
-0.014046629,-0.028339389,0.11359997
-0.015077607,-0.040003044,0.210706503
-0.015460006,-0.02365668,0.196459213
-0.015385026,-0.032096053,0.177337849
-0.016573462,-0.026854719,0.103101966
-0.016288537,-0.024294038,0.022867225
-0.017364503,-0.027739522,-0.035996581
-0.017297021,-0.021418428,-0.112107107
-0.018039325,-0.0219958,-0.138352117
-0.018609174,-0.019270156,-0.185593133
-0.018972828,-0.019146434,-0.218586858
-0.020082535,-0.023472971,-0.234708792
-0.021132258,-0.022723138,-0.246331582
-0.022062013,-0.019562591,-0.20658914
-0.023212959,-0.021684619,-0.14022676
-0.023629099,-0.017489302,-0.092235886
-0.024015247,-0.020451143,-0.116981181
-0.024881268,-0.017481804,-0.122230182
-0.024690069,-0.018366607,-0.121855254
-0.026148434,-0.022160763,-0.093360672
-0.025694803,-0.012259216,-0.037871225
-0.026950722,-0.026828475,-0.03074758
-0.027351866,-0.010114693,0.008994863
-0.027018204,-0.025673732,0.000371503
-0.029031422,-0.014673678,-0.053993159
-0.026358378,-0.01705065,-0.106108248
-0.030643497,-0.029209195,-0.119230753
-0.026523335,0.004941958,-0.089236457
-0.030917174,-0.05283269,-0.156723623
-0.02828162,0.02911658,-0.172095699
-0.02828162,-0.073430608,-0.183718489
-0.034313777,0.053216219,-0.182218774
-0.0179456,-0.146704308,-0.140601689
-0.223068933,-1.385053838,-0.209213641
-0.603795894,-1.672566131,-0.126729327
-0.914236416,-1.483983081,-0.126354398
-1.220110644,-1.642850241,-0.115856395
-1.515157731,-1.613674232,0.011244435
-1.791369792,-1.657134564,-0.059992018
-2.062876845,-1.559056381,0.056610808
-2.318495594,-1.532418557,0.103101966
-2.572528512,-1.575436488,0.071607955
-2.810095777,-1.581048989,0.290566316
-3.038035585,-1.637683891,0.302189106
-3.253045058,-1.658221822,0.348680265
-3.457058684,-1.708546877,0.460034089
-3.650653811,-1.736283207,0.383923563
-3.828960476,-1.760289117,0.45965916
-3.99462173,-1.781063246,0.451410729
-4.1456431,-1.791362205,0.350929837
-4.285125017,-1.810692905,0.335932689
-4.411984017,-1.813092371,0.244450086
-4.525713985,-1.814494559,0.142844409
-4.626914761,-1.810374226,0.086980032
-4.713119496,-1.79799448,0.071982884
-4.785726573,-1.789416388,0.034864943
-4.846805444,-1.778959964,0.025866654
-4.896554807,-1.764690638,0.039739016
-4.935012151,-1.74674338,0.082855817
-4.961825071,-1.723678511,0.074982314
-4.976836107,-1.697816764,-0.013875788
-4.981053743,-1.670650307,-0.019499719
-4.975317758,-1.640379541,-0.062991448
-4.958765879,-1.606145906,-0.121105396
-4.932369099,-1.57569518,-0.172470628
-4.89760453,-1.542098904,-0.265078017
-4.854333456,-1.500153234,-0.293947527
-4.80312198,-1.461203149,-0.356185691
-4.744063825,-1.422879174,-0.403051779
-4.677837563,-1.379557561,-0.370058053
-4.604563163,-1.332640497,-0.387679702
-4.523104674,-1.28281783,-0.419173713
-4.433627052,-1.231101835,-0.458541226
-4.336853857,-1.17614281,-0.497533811
-4.232440179,-1.11914049,-0.54102554
-4.119981126,-1.061362093,-0.571394765
-4.00041395,-0.997615024,-0.546649471
-3.873843624,-0.934224125,-0.523403891
-3.7406338,-0.869052372,-0.524153749
-3.600990676,-0.803217017,-0.528277965
-3.456065196,-0.743129134,-0.505782243
-3.306749626,-0.674721851,-0.531652323
-3.151469381,-0.599854755,-0.542150326
-2.988035039,-0.515277319,-0.513655745
-2.816052954,-0.439761618,-0.516655175
-2.638859746,-0.360376777,-0.473913303
-2.456271712,-0.277730162,-0.457791369
-2.27132555,-0.207796968,-0.432671146
-2.080602165,-0.113014303,-0.347187402
-1.885679888,-0.040497934,-0.321692251
-1.687765901,0.058348828,-0.24970594
-1.484794499,0.133643328,-0.172095699
-1.283468913,0.221752479,-0.141726475
-1.074416618,0.326106765,-0.064491163
-0.871527694,0.397243441,-0.025123649
-0.659689884,0.549748266,0.007120219
-0.453513079,0.605370893,0.002246146
-0.248067332,0.895053953,-0.055117945
-0.041924268,0.855290299,-0.107233034
0.013905989,0.206249677,-0.173970343
-0.010612536,0.097793803,-0.229459791
-0.00026152,0.11641966,-0.220461502
-0.00472659,0.034774072,-0.182218774
-0.002158519,0.064021316,-0.205839283
-0.001517438,0.014539823,-0.107233034
-0.002908321,0.035025266,0.044613089
-0.000175292,0.01887011,0.120348687
-0.001772371,0.014101171,0.250448945
0.000263342,0.01900508,0.285317315
-0.000433974,0.004525801,0.238451227
0.000694478,0.011173072,0.183711637
0.001125614,0.004293352,0.05886038
0.001403041,0.0076751,-0.005627357
0.002347791,0.003607255,-0.033747009
0.00235154,0.0038547,-0.056242731
0.003131335,0.003738476,-0.081362954
0.003438753,0.001488976,-0.171345842
0.004053591,0.003614753,-0.240332723
0.004450986,0.000397969,-0.26995209
0.004825887,0.001503973,-0.257204514
0.005541948,0.001327762,-0.206964069
0.005654418,-0.002470143,-0.154474051
0.00580063,-0.000824259,-0.124854683
0.005999327,-0.000749276,-0.067115663
0.005939343,-0.002132718,-0.044619942
0.006126794,-0.000850503,-0.064866091
0.006040566,-0.000962978,0.020617652
0.006014323,-0.001551597,0.02999087
0.006235515,0.00043921,0.014993722
0.006198025,-0.000659296,0.013868936
0.006126794,-0.00387983,-0.09710996
0.00617928,-0.000715533,-0.160097981
0.006392973,-0.001667822,-0.217837001
0.006344236,-0.001967755,-0.221586288
0.006302997,-0.000434346,-0.161597696
0.006430463,-0.004933345,-0.185968061
0.006550432,-0.001289156,-0.176594844
0.006786619,-0.000333119,-0.151474621
0.006752878,-0.004355974,-0.157848409
0.006674149,-0.002181457,-0.115481466
0.006786619,-0.001896521,-0.069365236
0.006730384,-0.001709062,-0.074989166
0.0066704,-0.001472865,-0.152974336
0.006737882,-0.004374719,-0.228709933
0.006749129,-0.007089116,-0.243332153
0.006752878,-0.003467421,-0.284199381
0.00670789,-0.001652825,-0.310819319
0.006685396,-0.003782351,-0.285324167
0.0066704,-0.002777575,-0.236583436
0.006700392,-0.003313705,-0.182968632
0.006846603,-0.002541377,-0.142101404
0.006797866,-0.004254746,-0.098609674
0.006816611,-0.002297681,-0.097859817
0.006797866,-0.005641938,-0.055867803
0.00678287,-0.012529156,-0.027373221
0.006884094,-0.002346421,-0.018749861
0.006797866,-0.005458228,0.048362376
0.006917835,-0.00963105,0.056610808
0.006854101,-0.000783018,0.063734453
