0.002666457,-0.020402404,-0.090736172
0.003978611,0.01729546,-0.103108819
0.003180072,-0.025340056,-0.099359532
0.003356275,0.021074619,-0.089611386
0.004301026,-0.018898989,-0.069740164
0.001665472,-0.007051624,-0.097859817
0.005796881,0.030383799,-0.079488311
-0.000160296,-0.077779641,-0.100484318
0.007675135,0.126861087,-0.084737312
-0.003017042,-0.238810069,-0.078738453
0.024781867,0.799468966,-0.11135725
0.213675736,2.775080742,-0.016875218
0.414262767,2.867928838,-0.193091707
0.566018943,2.852579753,0.004870647
0.721441651,2.774863291,0.22907801
0.852492044,2.739823585,0.115849542
0.969701093,2.925947182,0.339307047
1.06888865,2.747940529,0.121848401
1.156450528,2.689607256,0.050986877
1.238452624,2.52006622,0.188210781
1.311183418,2.446867503,0.036739586
1.375179018,2.350930094,0.106851253
1.427215277,2.221377663,0.04723759
1.470696295,2.166463629,-0.101234175
1.50225921,2.118388073,-0.124854683
1.52350485,2.12294331,-0.098984603
1.535033056,2.031347435,-0.07686381
1.537766084,1.968046516,-0.007127072
1.532791148,1.912675084,-0.044245013
1.518634886,1.811548829,-0.153349264
1.497419238,1.7150303,-0.247831297
1.467205967,1.624679148,-0.314193677
1.428043808,1.54334849,-0.243332153
1.382125934,1.439444104,-0.219336716
1.328672549,1.336207069,-0.181843846
1.268969565,1.23347992,-0.143976047
1.202252183,1.113982753,-0.176594844
1.129873796,1.003558566,-0.211463213
1.050102361,0.871257997,-0.221961217
0.965723393,0.753995332,-0.279325308
0.879893558,0.63873847,-0.280450094
0.788316491,0.502913685,-0.3393139
0.693788953,0.362428685,-0.441294506
0.588857912,0.20178817,-0.444668864
0.482307299,0.073836632,-0.505782243
0.370163163,-0.097282802,-0.425922429
0.257689114,-0.219081958,-0.278200522
0.148210524,-0.467272998,-0.203964639
0.030202936,-0.589762,-0.094485459
-0.011411075,-0.189864707,-0.023623934
0.004087332,-0.043598494,-0.104233605
-0.000415229,-0.090193129,-0.110982321
0.00151926,-0.026798481,-0.098984603
0.001451778,-0.048768594,-0.191217063
0.00045829,-0.024387768,-0.118855824
0.001890412,-0.025977414,-0.06824045
0.000225852,-0.021782097,-0.121105396
0.001545503,-0.015359776,-0.050243872
0.000510777,-0.022858108,-0.026248435
0.000919419,-0.01021592,-0.050243872
0.000885678,-0.015547234,0.032990299
0.000428298,-0.01237544,0.018743009
0.000570761,-0.012472918,-0.007876929
0.000218354,-0.012109249,-0.021749291
0.000330824,-0.009567314,-0.052118516
0.000109632,-0.010838282,-0.037871225
-3.66e-05,-0.012844085,-0.010876359
-0.000171543,-0.009653545,0.070858098
-0.000347747,-0.007370303,0.131971476
-0.000553942,-0.011348168,0.153342412
-0.000737644,-0.009882244,0.136845549
-0.000786381,-0.01017093,0.094478606
-0.000711401,-0.011895546,0.003745861
-0.000692656,-0.009053679,-0.069365236
-0.000685158,-0.008090143,-0.102358961
-0.00052395,-0.009777268,-0.132728186
-0.000625173,-0.010512104,-0.138352117
-0.000681409,-0.007928929,-0.140601689
-0.000542695,-0.006031851,-0.147350405
-0.000445221,-0.006927902,-0.106108248
-0.000205284,-0.006736694,-0.083612526
-0.000235276,-0.00612558,-0.112856965
-0.000347747,-0.008431317,-0.012751002
-0.000235276,-0.007902685,-0.037121367
-0.000179041,-0.005878135,-0.140976617
-8.53e-05,-0.007415293,-0.176594844
-0.00018279,-0.007220336,-0.29319767
-0.000164045,-0.009256134,-0.28457431
4.66e-06,-0.006871664,-0.22383586
-9.28e-05,-0.006650463,-0.208838712
-2.84e-06,-0.011839309,-0.16047291
8.34e-05,-0.00747528,-0.138727045
7.59e-05,-0.007284072,-0.167596555
9.46e-05,-0.007145353,-0.146975477
-3.28e-05,-0.006571731,-0.109482607
-0.000250272,-0.014235026,-0.115481466
-0.000670162,-0.013747634,-0.079113382
-0.001052561,-0.008716254,-0.0911111
-0.001554928,-0.01260039,-0.141351546
-0.001693641,-0.010977001,-0.118855824
-0.001712386,-0.010782044,-0.086237027
-0.002387208,-0.011839309,-0.052493444
-0.002034801,-0.009293625,0.01274415
-0.002840838,-0.017204366,0.027366369
-0.002604651,-0.005431984,-0.011626216
-0.002724619,-0.016057121,-0.073489451
-0.003463174,-0.005690677,-0.131978329
-0.002177264,-0.010991997,-0.141726475
-0.004321697,-0.020829809,-0.133478043
-0.001911084,0.001923879,-0.095610245
-0.004152992,-0.02936666,-0.038246154
-0.002604651,0.010322011,-0.020624505
-0.00306203,-0.037528594,-0.006002285
-0.004644112,0.01473478,-0.004877499
0.000540769,-0.027986967,-0.01050143
-0.00938661,-0.010647074,0.029615941
0.010164477,0.044825586,-0.026998293
-0.086342538,-1.052705269,-0.064116234
-0.343760812,-1.775300778,-0.089986314
-0.559122691,-1.624348107,-0.13722733
-0.749242486,-1.794504006,-0.07086495
-0.925952073,-1.853069728,-0.040870654
-1.074236665,-1.928649166,0.091104248
-1.214918265,-1.983195782,0.190085425
-1.328543261,-1.972596889,0.175463205
-1.433766724,-1.983720665,0.208456931
-1.525932386,-1.940492781,0.157841557
-1.606296164,-1.943855783,0.131971476
-1.673992038,-1.918758866,0.128972047
-1.725683388,-1.902315024,0.11060054
-1.767109948,-1.869457333,0.139844979
-1.797199503,-1.825618335,0.074982314
-1.819277423,-1.775038336,0.013119078
-1.831424215,-1.697756778,-0.010876359
-1.835705584,-1.630702944,-0.117731038
-1.831937829,-1.559978676,-0.106858106
-1.81891002,-1.498728551,-0.115106537
-1.797184507,-1.437141001,-0.173970343
-1.765404149,-1.358982138,-0.15747348
-1.724824865,-1.275866877,-0.210713356
-1.676350165,-1.188721262,-0.217462072
-1.620403689,-1.102404213,-0.217462072
-1.556546802,-1.007764016,-0.188217634
-1.486976423,-0.914762204,-0.127479184
-1.409874283,-0.815533028,-0.138727045
-1.325244132,-0.716911216,-0.19496635
-1.237464812,-0.621101279,-0.370432982
-1.144800531,-0.523795425,-0.425547501
-1.04804983,-0.410499377,-0.426297358
-0.941427986,-0.283166452,-0.514405603
-0.829366328,-0.176453941,-0.478787376
-0.710342759,-0.036767514,-0.470913873
-0.58877736,0.050820502,-0.514405603
-0.466469658,0.184095855,-0.52677825
-0.335606715,0.293826446,-0.492659738
-0.212616693,0.458950964,-0.40567628
-0.073663386,0.695707048,-0.321692251
0.0104569,0.339405057,-0.195341279
-0.000535197,0.026777101,-0.162347553
-0.002443443,0.0951094,-0.16047291
9.46e-05,0.028539209,-0.081362954
-0.002953309,0.034819062,-0.077238738
-0.000156547,0.027436954,-0.051743587
-0.002462188,0.011075594,-0.004877499
-0.000538946,0.018637661,-0.005252428
-0.001573673,0.001545214,-0.011626216
-0.001090051,0.013730003,-0.047244442
-0.000913847,0.002238809,-0.077613667
-0.001408717,0.001950124,-0.065615949
-0.000467715,0.001980117,0.015743579
-0.000850114,0.004327095,0.077231886
-0.000340249,0.003937182,0.112100255
-0.000463966,-0.001626581,0.168714489
-0.000242774,0.002523746,0.153717341
-1.78e-05,-0.00149536,0.1597162
-7.03e-05,-0.002612611,0.18858571
0.000173366,-0.001817788,0.192709926
0.000372063,-0.001356641,0.250074017
0.000776956,0.001912632,0.200583428
0.000833191,-0.001120443,0.152967483
0.000788203,-0.000745527,0.127847261
0.00068698,0.000881611,-0.010876359
0.000671984,-0.001007968,-0.035621653
0.000810697,-0.002743832,-0.054743016
0.000585757,-0.002623859,-0.121480325
0.000563263,-0.002267688,-0.13722733
0.000484533,-0.006751691,-0.166471769
0.000357067,-0.001896521,-0.226460361
0.000330824,-0.001769049,-0.251580584
0.000285836,-0.005874386,-0.203964639
0.000559514,0.001271525,-0.201715067
0.001208092,0.002096341,-0.196466065
0.001864169,0.001893886,-0.185218204
0.002122851,0.002313793,-0.230959505
0.002816418,-0.002777575,-0.281949809
0.003157578,0.003029883,-0.325816467
0.003663694,0.004360837,-0.325816467
0.003742423,-0.004318482,-0.305570317
0.004346014,0.009062291,-0.281949809
0.004679676,-0.001671571,-0.263578302
0.004428492,0.006197929,-0.267702518
0.005834371,0.000195514,-0.22683529
0.004364759,-0.008393825,-0.173595414
0.006737882,0.014228642,-0.143601118
0.00485213,-0.017616774,-0.096360102
0.006344236,0.024452618,-0.035246724
0.006580424,-0.021335946,-0.014250717
0.004488476,0.021918182,-0.023998863
0.009740839,-0.003913572,0.010494577
0.000968156,-0.019075199,0.001496289
0.014670787,0.052143958,0.01836808
-0.006604844,-0.142820172,0.066358954
0.06608471,0.94784596,0.048737305
0.381432687,2.048031224,0.090729319
0.695929637,1.815909109,0.120723615
0.965415974,1.921421888,0.136470621
1.238156452,2.034046835,0.173588562
1.476473519,2.11552371,0.271070024
1.708825912,2.23330376,0.405294499
1.921555987,2.17284096,0.401170283
2.126825531,2.231451672,0.486279098
2.318309966,2.247831778,0.526396469
2.495034548,2.290129869,0.532395328
2.661865493,2.322548908,0.655371941
2.812347006,2.343874164,0.596883064
2.954217042,2.363857219,0.699988457
3.080228766,2.360591695,0.666619802
3.191649344,2.35193862,0.506150319
3.290503239,2.311965012,0.517773109
3.37683919,2.285244706,0.283442671
3.452355499,2.227091392,0.222704222
3.516894706,2.149851074,0.139095122
3.570603023,2.095896826,-0.125979469
3.611602197,2.030833799,-0.202089996
3.640705761,1.97922278,-0.250080869
3.658832225,1.936613509,-0.238083151
3.666393978,1.852493471,-0.181843846
3.665130561,1.76492795,-0.39105406
3.654430887,1.694938519,-0.515905317
3.635044756,1.623085753,-0.334064898
3.60856175,1.553100071,-0.529027822
3.574963122,1.475900994,-0.628383927
3.533952702,1.402447334,-0.658378223
3.484113363,1.332394167,-0.867213509
3.425516336,1.257050927,-0.556772546
3.35832283,1.181359015,-0.466789658
3.282649063,1.097388944,-0.490410166
3.199413543,1.025918592,-0.395553205
3.108436318,0.959367147,-0.607762849
3.010602153,0.88337905,-0.585642056
2.906289698,0.812988459,-0.617136066
2.794441734,0.73161281,-0.665876797
2.676464138,0.654627436,-0.718366815
2.555086191,0.589047024,-0.895708091
2.428812036,0.512815232,-0.851091575
2.296430744,0.4322644,-0.848842003
2.154943106,0.329855931,-0.623884783
2.005241388,0.242639082,-0.383555486
1.851839397,0.157607998,-0.353936119
1.692712667,0.069506346,-0.256079728
1.532412498,-0.009248635,-0.281199951
1.365217899,-0.118326871,-0.292072884
1.195668921,-0.193452659,-0.286074024
1.021531156,-0.305335271,-0.238083151
0.84269963,-0.377656683,-0.122230182
0.666050028,-0.484624138,-0.110982321
0.478985676,-0.570854956,-0.015375503
0.305998856,-0.684630897,0.09335382
0.114570657,-0.957761389,0.149968054
-0.021990781,-0.544757012,0.241825585
-0.017949349,-0.070704964,0.26919538
-0.009847738,-0.143644989,0.270695095
-0.016262294,-0.072800748,0.22307915
-0.010946198,-0.060327273,0.190085425
-0.015100101,-0.06105836,0.1192239
-0.012235857,-0.034589248,0.051361806
-0.014012888,-0.045210636,0.15671677
-0.013435541,-0.021155986,0.230202796
-0.013394302,-0.038799562,0.322060327
-0.01419659,-0.023188034,0.345680835
-0.013281831,-0.020732331,0.26057202
-0.014316558,-0.022494439,0.155591984
-0.01381794,-0.01664574,-0.002252998
-0.014357797,-0.019495106,-0.054368088
-0.014335303,-0.015078588,-0.197590851
-0.014608981,-0.017414319,-0.288698525
-0.014706455,-0.01651077,-0.253080299
-0.014815176,-0.014883632,-0.345687688
-0.015471253,-0.013818869,-0.31044439
-0.015430014,-0.0125554,-0.266952661
-0.015849903,-0.014684926,-0.28157488
-0.015909887,-0.014759909,-0.221586288
-0.015677449,-0.01192554,-0.219336716
-0.015906138,-0.012457921,-0.285324167
-0.015834907,-0.012840336,-0.375307055
-0.015527488,-0.010275907,-0.373057483
-0.015358783,-0.010883272,-0.379056342
-0.015774923,-0.016994412,-0.346062616
-0.016464741,-0.017478055,-0.231709363
-0.016644693,-0.012540403,-0.226460361
-0.017289523,-0.015359776,-0.178469487
-0.017776894,-0.015580977,-0.134227901
-0.017904361,-0.016398295,-0.131978329
-0.0187029,-0.012506661,-0.127854113
-0.018556688,-0.011708088,-0.144350976
-0.019703885,-0.017658015,-0.115106537
-0.019298992,-0.009094919,-0.130853542
-0.019715132,-0.022374465,-0.098234746
-0.020401201,-0.00455093,-0.064866091
-0.019718881,-0.016904432,-0.048369229
-0.02188206,-0.011816814,0.073857528
-0.018924091,-0.002781324,0.13384612
-0.022785572,-0.029430396,0.178837564
-0.019565172,0.0180153,0.195709355
-0.021788335,-0.050009568,0.142094551
-0.022166985,0.027718141,0.07910653
-0.018346744,-0.056536866,-0.005627357
-0.028626529,0.017805347,-0.031122508
-0.00575007,-0.027263378,-0.067865521
-0.15965068,-1.347712145,-0.104608533
-0.510719223,-1.871541869,-0.086611956
-0.809170411,-1.55002839,-0.055117945
-1.092595567,-1.657460741,-0.051368658
-1.368294014,-1.606202144,0.001496289
-1.619852585,-1.651582049,0.104226752
-1.867639652,-1.60253171,0.119598829
-2.098556173,-1.513691473,0.126347546
-2.325509992,-1.527672113,0.143969195
-2.534123653,-1.51001729,0.138345264
-2.732300071,-1.551640531,0.182211922
-2.916702626,-1.556728149,0.208456931
-3.086750221,-1.58657526,0.191210211
-3.246098142,-1.597354112,0.268820452
-3.388088147,-1.595074619,0.179212492
-3.516484242,-1.600158488,0.216330434
-3.629595622,-1.591419182,0.15409227
-3.729604213,-1.592997581,0.044988018
-3.816764947,-1.579279383,0.151842697
-3.889638203,-1.561035941,-0.356935549
-3.949468654,-1.534409364,-0.209963498
-3.995798919,-1.505941947,-0.069365236
-4.029168857,-1.482097251,-0.170221056
-4.051040581,-1.453791048,0.231327582
-4.061365355,-1.42348279,-0.138727045
-4.059948229,-1.387989435,-0.16047291
-4.047913907,-1.353065954,-0.041620512
-4.026911953,-1.31855863,0.018743009
-3.997467229,-1.279346103,0.19720907
-3.959557239,-1.233583783,0.022492296
-3.913346942,-1.184158527,0.173963491
-3.857685391,-1.132003879,-0.017625075
-3.792606326,-1.077142333,-0.248206226
-3.718679598,-1.023259319,-0.155223908
-3.635770242,-0.963943764,-0.351686547
-3.544440609,-0.902157508,-0.333315041
-3.445163075,-0.841968397,-0.537651182
-3.339081088,-0.779053643,-0.750985612
-3.225336125,-0.710863811,-0.699245452
-3.104081895,-0.645275901,-0.81509842
-2.977976445,-0.58603158,-0.442794221
-2.848343177,-0.526007433,-0.418048927
-2.714143615,-0.454795774,-0.446543508
-2.571081394,-0.370537017,-0.308194818
-2.419805091,-0.286162036,-0.528277965
-2.260817075,-0.205656195,-0.449542938
-2.097682654,-0.133495997,-0.479162305
-1.930712996,-0.042586219,-0.447293365
-1.758985844,0.028449229,-0.316443249
-1.584983043,0.119722675,-0.200215352
-1.403395994,0.207130731,-0.132728186
-1.22296739,0.276763991,-0.233958935
-1.035029519,0.388001747,-0.116231323
-0.848208852,0.434832579,-0.133478043
-0.657489216,0.566225851,-0.240707652
-0.462803126,0.612501807,-0.161597696
-0.278089404,0.821975209,-0.249331012
-0.074814332,0.949323131,-0.283449523
0.018074888,0.317794864,-0.20958857
-0.004741586,0.0566767,-0.059242161
-0.000295261,0.138071094,0.106476325
-0.000385237,0.033405626,0.242200514
-0.002139774,0.062622877,0.535394757
0.000765709,0.030717474,0.45965916
-0.002184762,0.031703505,0.352054623
0.000758211,0.029450256,0.296940104
-0.001120043,0.012511524,0.067858669
0.00011713,0.02412644,0.022492296
-0.000152798,0.007326428,-0.038621082
-0.000164045,0.014326121,-0.026623364
0.000619498,0.009785881,-0.038996011
0.000252095,0.007570123,-0.047244442
0.001069379,0.007986281,0.03861423
0.000788203,0.0054256,0.002621075
0.001268077,0.00052919,0.043113374
0.001530507,0.000135527,0.015368651
0.001642978,0.003910937,-0.079863239
0.002085361,0.003929683,-0.119230753
0.002231572,0.004930711,-0.192341849
0.003090095,0.006621584,-0.202464924
0.004121073,0.006302905,-0.189717348
0.00447348,0.005571818,-0.075364095
0.005125808,0.006130444,-0.067115663
0.005238278,0.000341731,-0.081362954
0.005778136,0.006029216,-0.049119086
0.00640422,0.000922852,-0.224585718
0.00621677,0.002748696,-0.317193106
0.00761515,0.006089203,-0.389554346
0.006895341,-0.003422431,-0.438670005
0.008316215,0.01028452,-0.430046645
0.007776358,-0.009732278,-0.386179987
0.008106271,0.010232031,-0.283824452
0.009605875,-0.007816454,-0.279325308
0.007345222,0.007318929,-0.173970343
0.011686575,0.007142718,-0.105358391
0.00674538,-0.016132104,-0.113606822
0.012533852,0.03882692,-0.05961709
0.007330226,-0.057140482,-0.08548717
0.011060491,0.086070161,-0.117731038
0.011847783,-0.114315263,-0.178094559
0.00462719,0.276062897,-0.151099692
0.24001628,1.732820092,-0.095610245
0.61518346,1.873597527,-0.018749861
0.922208634,1.643931116,0.166839845
1.238546349,1.774162146,0.175838134
1.534073309,1.697686658,0.276319026
1.812118636,1.741964308,0.346430693
2.082770915,1.62539149,0.253823304
2.343124663,1.606300737,0.286442101
2.602016298,1.623048261,0.29806489
2.841398084,1.616326007,0.320185684
3.072078419,1.662043337,0.334432974
3.290330785,1.680178053,0.331433545
3.498861968,1.725542961,0.350929837
3.693098176,1.730300653,0.375675131
3.869991464,1.749837557,0.349055194
4.033875687,1.766045202,0.33855719
4.18496079,1.78151426,0.284942386
4.326489667,1.802003453,0.163090558
4.454537103,1.802588323,0.181087136
4.568713203,1.793530338,0.066358954
4.668410626,1.779193527,-0.006002285
4.753246973,1.780464494,0.094103678
4.826847537,1.771803921,0.014993722
4.888739943,1.7552626,0.209206788
4.938035676,1.737930206,0.280068313
4.975117134,1.705338706,-0.071989737
4.999718137,1.665721269,0.010869506
5.012359799,1.630546593,-0.182593703
5.013716941,1.601678015,-0.410550353
5.003827052,1.562915388,-0.144350976
4.982660142,1.514247464,-0.284949238
4.951400896,1.472714203,-0.377931556
4.910986569,1.438829241,-0.301446101
4.86228318,1.400786453,-0.360309907
4.805924312,1.356036408,-0.320567465
4.741715018,1.312309885,-0.206214211
4.66956907,1.259682842,-0.254954942
4.588961606,1.204423884,-0.355060905
4.499701427,1.148954973,-0.368558338
4.402017222,1.088136002,-0.517030104
4.296126435,1.03271583,-0.521529248
4.181972829,0.96555702,-0.407550923
4.060936041,0.905210444,-0.462665442
3.933972069,0.845534969,-0.430796503
3.800113667,0.766030154,-0.439794791
3.660035657,0.709387754,-0.560521833
3.515874975,0.659310144,-0.538775968
3.368373926,0.592177578,-0.529402751
3.215005676,0.517794124,-0.509156601
3.053734513,0.433752819,-0.5065321
2.883461976,0.348879199,-0.47466316
2.708169516,0.271365192,-0.366308766
2.529427966,0.189277203,-0.326191395
2.346022648,0.11974517,-0.258704229
2.160427908,0.033424372,-0.174345272
1.968422361,-0.05512343,-0.109482607
1.775063421,-0.129720586,-0.117356109
1.576227178,-0.232151551,-0.146225619
1.375842593,-0.294335218,-0.183343561
1.17310363,-0.408073667,-0.254205085
0.965880852,-0.471584539,-0.285324167
0.763659252,-0.574101734,-0.205464354
0.549080916,-0.674789336,-0.141351546
0.349671074,-0.76296972,-0.123354969
0.132562156,-1.074892833,0.022117367
-0.034396256,-0.659050337,0.094853535
-0.038055289,-0.087688686,0.068983455
-0.025533596,-0.162364575,0.142094551
-0.034223801,-0.09369485,0.167589703
-0.027820492,-0.071601015,0.044613089
-0.032300559,-0.079301802,0.008619934
-0.029181383,-0.043988407,0.020617652
-0.03078221,-0.06015856,-0.065615949
-0.030684736,-0.030450169,-0.055867803
-0.030148627,-0.045000682,-0.013875788
-0.031175856,-0.030558895,-0.059992018
-0.030002416,-0.030270209,-0.014250717
-0.03134831,-0.033348274,0.002621075
-0.030770963,-0.024297788,-0.0911111
-0.031205848,-0.026997187,-0.069365236
-0.031224593,-0.021913318,-0.074239309
-0.031318318,-0.025741216,-0.167596555
-0.031681972,-0.029550369,-0.147350405
-0.031771949,-0.025115106,-0.121855254
-0.03256299,-0.021819589,-0.171345842
-0.033196572,-0.023907874,-0.132728186
-0.034186311,-0.021388435,-0.065615949
-0.035033587,-0.025594999,-0.130478614
-0.035472221,-0.022678148,-0.149225049
-0.035397241,-0.017553038,-0.112107107
-0.03627451,-0.023049315,-0.199840423
-0.036529442,-0.014235026,-0.216712215
-0.036694399,-0.024087834,-0.16909627
-0.037357973,-0.016098362,-0.199465495
-0.036896845,-0.019041457,-0.175470058
-0.038610143,-0.024995132,-0.110232464
-0.036949331,-0.01071081,-0.080988025
-0.039217482,-0.032324752,-0.070115093
-0.038156513,-0.001041711,-0.028498007
-0.038310222,-0.037138681,-0.043495155
-0.040495895,-0.002376414,-0.107982892
-0.036551936,-0.025669982,-0.155973765
-0.043356389,-0.025471277,-0.217462072
-0.034107582,0.012421544,-0.235083721
-0.046689259,-0.088509754,-0.256829586
-0.029724989,0.141317871,-0.251580584
-0.075646613,-0.728957286,-0.251205655
-0.393255242,-1.882751875,-0.21821193
-0.753460123,-1.681770334,-0.120355539
-1.05596399,-1.671872535,-0.114731608
-1.372886551,-1.734363634,-0.006377214
-1.659033488,-1.693194042,0.134970906
-1.938166028,-1.696264609,0.146218767
-2.204278255,-1.565062545,0.206582288
-2.466315309,-1.595052124,0.240700799
-2.71972964,-1.57843957,0.211456361
-2.955392409,-1.594977141,0.235451797
-3.183864576,-1.627546146,0.248949231
-3.399560118,-1.646700635,0.198333856
-3.606348011,-1.678875978,0.213331004
-3.796808966,-1.677402555,0.193459783
-3.971689036,-1.69729563,0.129346975
-4.133590033,-1.704419045,0.160091129
-4.282496961,-1.71505168,0.090354391
-4.420846677,-1.726524128,0.074607385
-4.546948377,-1.725541847,0.031490585
-4.658410194,-1.716855029,-0.031122508
-4.755187138,-1.708764329,0.146968624
-4.839059989,-1.704524022,0.147718482
-4.910463634,-1.693707678,0.20583243
-4.969986666,-1.681455404,0.38467342
-5.016766812,-1.661438606,0.277818741
-5.05036544,-1.640177086,0.257197662
-5.07168606,-1.620527707,0.270695095
-5.080758664,-1.592993832,0.071607955
-5.07808562,-1.565767388,-0.012376073
-5.064671662,-1.535882786,-0.073489451
-5.040273105,-1.499965776,-0.270701948
-5.005396065,-1.46492982,-0.394428419
-4.961750091,-1.425049941,-0.40267685
-4.9098338,-1.386058615,-0.400802207
-4.850067083,-1.350321564,-0.376056912
-4.782112527,-1.305436549,-0.286448953
-4.706258808,-1.254065476,-0.291697955
-4.622247243,-1.198607813,-0.281949809
-4.529031858,-1.146171977,-0.310819319
-4.428228478,-1.092495168,-0.385805059
-4.319248506,-1.029160506,-0.341938401
-4.201657058,-0.968573984,-0.373432411
-4.077489847,-0.909670837,-0.392553775
-3.946514434,-0.844870252,-0.377931556
-3.808337172,-0.775180754,-0.389179417
-3.664401431,-0.717192404,-0.388054631
-3.517301526,-0.660437529,-0.416549212
-3.366662555,-0.587804936,-0.416174283
-3.209230378,-0.515288567,-0.41429964
-3.043655351,-0.424599991,-0.448043223
-2.870046196,-0.340386224,-0.487035808
-2.692024456,-0.268233524,-0.518529818
-2.509811323,-0.180799224,-0.50953153
-2.324763939,-0.115267551,-0.487035808
-2.135307718,-0.020942284,-0.389929274
-1.940662868,0.061018234,-0.275576021
-1.745234475,0.145329479,-0.217837001
-1.543616466,0.23311995,-0.088486599
-1.3439217,0.307315945,-0.040495726
-1.137362496,0.422820251,-0.096360102
-0.932239162,0.473092818,-0.104233605
-0.724304072,0.619467757,-0.064866091
-0.510944164,0.660112466,-0.046119656
-0.31044336,0.863455982,-0.026998293
-0.089675408,1.03136988,0.048737305
0.019608233,0.368723535,0.086605104
-0.00313701,0.058603771,0.120723615
-0.00010781,0.150387104,0.195709355
0.001264328,0.042058701,0.223829008
-0.001701139,0.071890815,0.198333856
0.001789189,0.037087307,0.215205648
-0.001262505,0.034819062,0.168714489
0.001770444,0.033023211,0.068608526
-0.000130304,0.014176154,0.059610237
0.001061881,0.027474446,0.031865513
0.00106563,0.008736114,-0.001128212
0.00079945,0.016084479,0.049112234
0.001642978,0.007015247,0.057360665
0.001328061,0.006951511,-0.001503141
0.001991636,0.005553072,-0.000753284
0.0019354,0.003457288,-0.034871795
0.002445266,0.009174766,-0.11435668
0.002516497,0.002669963,-0.132353257
0.003127586,0.004604533,-0.179969202
0.004184806,0.008919823,-0.253080299
0.004863377,0.005961731,-0.227585147
0.005714402,0.008432432,-0.208838712
0.006775372,0.006561598,-0.24970594
0.007034054,0.00407965,-0.218586858
0.007626398,0.006362892,-0.18071906
0.007671386,0.000113032,-0.197215922
0.008203745,0.010273272,-0.207338997
0.008694865,-0.000363112,-0.214087714
0.008308717,0.007078983,-0.235833578
0.009950784,0.005346868,-0.230209648
0.008361203,-0.002631357,-0.21221307
0.010933024,0.016774326,-0.190092277
0.00924597,-0.016525766,-0.141726475
0.010359426,0.021633245,-0.090361243
0.011225447,-0.024822671,-0.057742446
0.008409941,0.019211284,-0.084362384
0.014670787,-0.003186234,-0.120355539
0.005287015,-0.021193478,-0.118855824
0.019334556,0.063091523,-0.155973765
-0.001858598,-0.150543454,-0.176969773
0.065792288,0.89003382,-0.176969773
0.400755084,1.985813814,-0.202839853
0.752367234,1.702223149,-0.101234175
1.057053026,1.71192974,-0.064116234
1.374759129,1.742455449,-0.05661766
1.660951055,1.714771607,0.097478036
1.942651666,1.712315904,0.111350398
2.209131297,1.583277108,0.127097403
2.473710179,1.619902711,0.161590844
2.730108722,1.606263245,0.125972617
2.969306807,1.623625633,0.158966343
3.198052653,1.640804311,0.140219908
3.414359283,1.676162696,0.160840986
3.624277599,1.715154022,0.241075728
3.818948693,1.708270554,0.220079721
3.997641505,1.728579786,0.210331575
4.161540725,1.729742027,0.235076869
4.313214422,1.751854608,0.180337279
4.454229684,1.755386323,0.152592555
4.582805731,1.746523294,0.161965772
4.698927567,1.768887069,0.124847831
4.799985881,1.757605829,0.132346405
4.886546772,1.749357664,0.165715059
4.96127204,1.754160345,0.184086566
5.023681809,1.735272047,0.249699088
5.073224976,1.717467258,0.260946949
5.110223956,1.706680907,0.229452938
5.134581274,1.688448713,0.239201084
5.147024238,1.66468275,0.136095692
5.147522857,1.637145125,0.02136751
5.136425787,1.601989196,-0.06524102
5.114460337,1.571287275,-0.217087144
5.081577771,1.533450692,-0.286823882
5.039093989,1.497503688,-0.316443249
4.987946246,1.465654523,-0.344187973
4.928486947,1.418729962,-0.343813044
4.861214712,1.378040263,-0.349811903
4.785818372,1.336075848,-0.335189684
4.702237943,1.285844522,-0.331065468
4.610450931,1.234068539,-0.335939541
4.510659783,1.180717907,-0.332190254
4.403216905,1.112408103,-0.36218455
4.287754895,1.040960246,-0.436795362
4.164836104,0.993799487,-0.4660398
4.035825172,0.932999262,-0.43454579
3.900174743,0.857191126,-0.435295647
3.757809838,0.793410314,-0.427797073
3.610931124,0.732820042,-0.403801636
3.4610607,0.668990491,-0.39967742
3.306796437,0.598633642,-0.427047216
3.145427799,0.516856833,-0.462290513
2.97550767,0.426531926,-0.459666012
2.798745597,0.350532582,-0.475038089
2.618496946,0.267642271,-0.478787376
2.433816964,0.184969411,-0.477287661
2.24676011,0.110166051,-0.463415299
2.054184713,0.009500944,-0.412050068
1.858505137,-0.062824217,-0.377181698
1.659901332,-0.163804254,-0.322442108
1.456356332,-0.242724199,-0.30182103
1.255169459,-0.332216791,-0.291697955
1.04590347,-0.432030838,-0.245206796
0.842497183,-0.497761216,-0.22683529
0.630426935,-0.644488576,-0.198715637
0.422833004,-0.685032058,-0.151099692
0.216832403,-0.982817065,-0.056242731
0.00814751,-0.926212157,0.040113945
-0.051592964,-0.222426214,0.1192239
-0.026005971,-0.116246084,0.218205077
-0.035877115,-0.145609552,0.260946949
-0.031284577,-0.05656311,0.278568598
-0.032308057,-0.092172689,0.277818741
-0.033177827,-0.043321056,0.263946379
-0.031532012,-0.060034838,0.243700229
-0.033436509,-0.043227327,0.145468909
-0.031397048,-0.038964525,0.061859809
-0.033316541,-0.040370462,0.04423816
-0.032330551,-0.027589555,-0.005627357
-0.032900401,-0.034278067,-0.037121367
-0.033027867,-0.02563624,-0.027373221
-0.032930393,-0.031364965,-0.028123079
-0.033350282,-0.025385046,-0.028123079
-0.033046612,-0.024657708,-0.05961709
-0.033875143,-0.0249164,-0.088861528
-0.033987613,-0.023371744,-0.100109389
-0.034553714,-0.027458335,-0.114731608
-0.035618433,-0.02258067,-0.111732179
-0.036237019,-0.025801203,-0.118105967
-0.037271746,-0.031871103,-0.139101974
-0.037811604,-0.020957281,-0.142476332
-0.037837847,-0.024102831,-0.154474051
-0.03869637,-0.02419656,-0.205839283
-0.038415194,-0.019120189,-0.273701377
-0.039468666,-0.026543538,-0.328815896
-0.039153749,-0.012832838,-0.365933837
-0.039558642,-0.026239856,-0.380556057
-0.040383425,-0.012634132,-0.351311618
-0.039322455,-0.024080336,-0.2988216
-0.042126714,-0.024005353,-0.241457509
-0.039097514,-0.010628328,-0.182593703
-0.042809034,-0.038994518,-0.124854683
-0.039937292,0.010764413,-0.071989737
-0.041691829,-0.057849074,-0.066740735
-0.042925253,0.021367054,-0.069365236
-0.037594161,-0.0557083,-0.08248774
-0.050100858,0.001507722,-0.139101974
-0.024243936,-0.00680043,-0.181093988
-0.175329039,-1.316594067,-0.207338997
-0.549971358,-1.900125511,-0.153724193
-0.877173704,-1.618698114,-0.093360672
-1.187887903,-1.766730184,-0.062616519
-1.496139004,-1.733058925,0.0761071
-1.776943602,-1.761575081,0.140219908
-2.054816474,-1.689628586,0.140969765
-2.31703348,-1.621255045,0.191960068
-2.580348947,-1.672959794,0.167964631
-2.828064782,-1.652669307,0.166464917
-3.062055492,-1.691308212,0.221579436
-3.283985637,-1.706998472,0.25494809
-3.495542272,-1.750807476,0.307063179
-3.699259726,-1.775570718,0.314936682
-3.886039153,-1.78405883,0.27519424
-4.058347402,-1.80024023,0.280068313
-4.215599626,-1.804795467,0.254573161
-4.361271159,-1.826383165,0.175088277
-4.496745384,-1.835624859,0.173213633
-4.619592944,-1.842223391,0.1597162
-4.728929072,-1.840270076,0.103476895
-4.823239167,-1.828122778,0.140594836
-4.904101564,-1.825824539,0.155591984
-4.973596962,-1.819792131,0.203582858
-5.03059691,-1.806055187,0.2838176
-5.07448657,-1.790777335,0.2433253
-5.1058058,-1.769497069,0.256822733
-5.12470081,-1.745498657,0.207332145
-5.13147902,-1.720596697,0.053986307
-5.126976459,-1.692204263,0.009369791
-5.111459307,-1.659207853,-0.09411053
-5.084987547,-1.623991936,-0.232834149
-5.048760864,-1.589184679,-0.297321885
-5.003439082,-1.55061326,-0.350186832
-4.949502075,-1.513582747,-0.381680843
-4.887778374,-1.473417932,-0.395553205
-4.817998051,-1.425428607,-0.3824307
-4.739786205,-1.376153318,-0.362559479
-4.653067854,-1.318596122,-0.356935549
-4.558097933,-1.262302394,-0.387304773
-4.455453788,-1.206563543,-0.403801636
-4.345345364,-1.142235353,-0.438670005
-4.227828897,-1.077880919,-0.488910451
-4.10323055,-1.011363215,-0.467914444
-3.972487575,-0.946378921,-0.478787376
-3.834850171,-0.878500271,-0.463790228
-3.690318337,-0.804356764,-0.408300781
-3.54208998,-0.741918153,-0.396677991
-3.390667466,-0.677991124,-0.412050068
-3.233928856,-0.600784548,-0.449542938
-3.069905919,-0.510557119,-0.457791369
-2.897050315,-0.418815027,-0.470538945
-2.719774628,-0.346287411,-0.496783954
-2.538195078,-0.256581116,-0.491909881
-2.352622832,-0.178830912,-0.470538945
-2.164212586,-0.088693463,-0.413549782
-1.969578982,0.002208816,-0.344187973
-1.774334291,0.074912643,-0.260578873
-1.572926226,0.17643256,-0.176594844
-1.372605375,0.255449983,-0.155973765
-1.16824684,0.370924295,-0.143976047
-0.961807604,0.431900731,-0.120730468
-0.757666512,0.564973629,-0.090736172
-0.543781742,0.640121913,-0.069740164
-0.345601576,0.786103189,-0.03074758
-0.125774625,1.052305223,0.036364658
0.014303384,0.505286907,0.060360095
0.001654225,0.053673618,0.108725897
-0.002660886,0.154080032,0.172088847
0.003011366,0.05761774,0.179587421
-0.002383459,0.058153871,0.163090558
0.002242819,0.042684812,0.175088277
-0.001225015,0.027174512,0.187460924
0.001455527,0.039696727,0.162340701
0.000360816,0.00614919,0.11060054
0.000503279,0.020635967,0.099352679
0.001470523,0.010250777,0.119973758
0.000825693,0.013771244,0.094478606
0.001766695,0.01163047,0.086980032
0.001361802,0.00610045,0.074232456
0.002055369,0.009362225,0.059235308
0.001946647,0.006111698,0.051736734
0.002329046,0.001166548,0.002996003
0.002643963,0.002171324,-0.031872366
0.002741438,0.004413326,-0.111732179
0.003285044,0.004165881,-0.182968632
0.004139818,0.008698622,-0.168721341
0.005032083,0.003356061,-0.203214782
0.006055562,0.004761998,-0.220836431
0.006895341,0.00574428,-0.184468347
0.006659153,0.003626001,-0.202464924
0.007633896,0.004784493,-0.217462072
0.007472688,-0.003058762,-0.215587429
0.00807253,0.00533562,-0.22683529
0.008559901,-0.002380163,-0.253080299
0.008391196,0.008282465,-0.258704229
0.009778329,0.000113032,-0.231334434
0.008203745,-0.000123165,-0.223460931
0.010895534,0.013051404,-0.219711644
0.008687367,-0.015134826,-0.178094559
0.01098926,0.025041237,-0.125979469
0.010291944,-0.025358802,-0.122605111
0.009219727,0.02750069,-0.145100833
0.013793519,-0.022738135,-0.170221056
0.005028334,9.05e-05,-0.172095699
0.019844421,0.036116273,-0.204339568
-0.005007766,-0.115207565,-0.233584006
0.092155326,1.073386783,-0.171345842
0.443452559,1.990492773,-0.123729897
0.781976915,1.672799694,-0.037871225
1.085346804,1.7453723,0.003745861
1.396893284,1.754662734,0.025866654
1.677206762,1.760233994,0.131221619
1.953310101,1.737401573,0.129721904
2.214027504,1.630141683,0.155966913
2.475086066,1.676668833,0.172838705
2.722876882,1.657656813,0.149218196
2.955113056,1.693022695,0.21445579
3.178531558,1.722836063,0.209956646
3.389855753,1.753504241,0.226828437
3.59212609,1.768459664,0.290566316
3.776952283,1.775343133,0.248949231
3.947191078,1.803915527,0.244825015
4.103723492,1.810742759,0.241075728
4.248780187,1.831543132,0.165715059
4.382784801,1.832079262,0.189335567
4.503577903,1.834853645,0.195709355
4.610765848,1.835048602,0.14809341
4.702830286,1.821529109,0.172838705
4.782313047,1.822267695,0.234327011
4.850027666,1.813700851,0.255323019
4.904781957,1.796004787,0.25494809
4.946812108,1.774282119,0.26357145
4.975945665,1.752694421,0.239950942
4.993074892,1.731147964,0.223829008
4.998214784,1.705368699,0.104226752
4.991770236,1.675030448,-0.017625075
4.974532288,1.638865993,-0.074614237
4.946219765,1.604744833,-0.201340138
4.908039847,1.564583767,-0.24970594
4.860989771,1.52388657,-0.295447242
4.805796846,1.484880247,-0.346437545
4.742528553,1.442124757,-0.361059764
4.671001191,1.394810283,-0.388429559
4.591207263,1.341812072,-0.369308196
4.50290683,1.28657186,-0.394803347
4.406785963,1.226491475,-0.421048356
4.302915892,1.170336467,-0.446918437
4.191461573,1.107642913,-0.492659738
4.07294412,1.041897538,-0.538401039
3.94771219,0.97913275,-0.546649471
3.816448103,0.90747494,-0.500158312
3.678293336,0.839277611,-0.521904177
3.53411016,0.775121882,-0.483286521
3.386957768,0.709556467,-0.439044934
3.236063865,0.636755162,-0.481786806
3.078987844,0.558210134,-0.491160023
2.913300347,0.466085627,-0.526403321
2.740444743,0.384518771,-0.55264833
2.563765149,0.301639708,-0.528652893
2.382121865,0.208667889,-0.502782813
2.19866781,0.134839312,-0.461540656
2.009522757,0.041665039,-0.398552634
1.817307266,-0.038019735,-0.36818341
1.62169892,-0.140705643,-0.325066609
1.421355574,-0.218343372,-0.262453516
1.222391865,-0.315547999,-0.232084291
1.015626465,-0.411290451,-0.196840994
0.815493064,-0.483746833,-0.190092277
0.6063208,-0.62622264,-0.164972054
0.404290401,-0.674133232,-0.117356109
0.199958109,-0.985392743,-0.079863239
0.000342071,-0.870923206,-0.017250146
-0.047037917,-0.185309471,0.072357813
-0.023355421,-0.122259746,0.161215915
-0.033279051,-0.133608471,0.233202225
-0.027929213,-0.058167753,0.268445523
-0.030013663,-0.092952515,0.226828437
-0.029931185,-0.043628487,0.244075158
-0.02903892,-0.060432249,0.300689391
-0.030647246,-0.039594385,0.248199373
-0.028817729,-0.039823084,0.206207359
-0.030774712,-0.037873518,0.20583243
-0.029507547,-0.02878179,0.13084669
-0.030148627,-0.034270569,0.07910653
-0.030238603,-0.023532958,0.058485451
-0.030141129,-0.02770203,0.016868365
-0.030448548,-0.022093278,0.022117367
-0.030486038,-0.025673732,-0.015750432
-0.031074633,-0.023236774,-0.086986885
-0.030905927,-0.019686313,-0.113231894
-0.03138955,-0.022786874,-0.148100263
-0.032041877,-0.021658375,-0.188592562
-0.03290415,-0.026967194,-0.193091707
-0.03373643,-0.025163845,-0.200590281
-0.034523722,-0.021512157,-0.200590281
-0.034782404,-0.018257881,-0.188592562
-0.035048583,-0.020964779,-0.200590281
-0.035929601,-0.02100602,-0.220461502
-0.035685915,-0.020616107,-0.242207366
-0.036709395,-0.023941617,-0.258329301
-0.036042071,-0.012934065,-0.26432816
-0.036979323,-0.026288595,-0.273326449
-0.03725675,-0.011490637,-0.268452375
-0.036713144,-0.028166927,-0.23545865
-0.039003789,-0.016480776,-0.232834149
-0.035967091,-0.012806594,-0.205839283
-0.040225966,-0.03184111,-0.146600548
-0.036270761,0.009197261,-0.132728186
-0.04006101,-0.058201496,-0.143976047
-0.038550159,0.032052177,-0.154848979
-0.036439466,-0.074150448,-0.162722482
-0.04524964,0.044278208,-0.159348124
-0.023959012,-0.103322709,-0.151099692
-0.210446016,-1.478216864,-0.167971484
-0.589373453,-1.876734464,-0.086237027
-0.905265035,-1.627958554,-0.019874647
-1.215465621,-1.793592959,-0.006002285
-1.516229948,-1.752070945,0.105726467
-1.792936878,-1.796416081,0.14809341
-2.064890064,-1.709997805,0.183711637
-2.322754469,-1.673593403,0.237326441
-2.581008772,-1.714583035,0.227578295
-2.820308081,-1.700741114,0.295815318
-3.048686523,-1.753229438,0.351679694
-3.266421526,-1.770449357,0.328059186
-3.473269403,-1.813609756,0.383548634
-3.668742785,-1.825599589,0.408668857
-3.846243412,-1.834807541,0.324684828
-4.010592513,-1.856518961,0.316436397
-4.161231483,-1.864857106,0.281942956
-4.301065807,-1.886467299,0.179212492
-4.429731831,-1.889927779,0.178462635
-4.544384054,-1.887906979,0.1597162
-4.645247419,-1.884828913,0.128597118
-4.731313442,-1.872974051,0.217080291
-4.804985237,-1.870439614,0.247074587
-4.867747414,-1.860414344,0.284567457
-4.917166864,-1.839167821,0.343431263
-4.954060871,-1.821512998,0.282317885
-4.978331962,-1.794241565,0.278943527
-4.989980136,-1.76575915,0.226453509
-4.990774926,-1.737235495,0.095978321
-4.979962781,-1.700186237,0.04161366
-4.958196029,-1.66470413,-0.053243302
-4.926903043,-1.629023317,-0.193091707
-4.886387492,-1.590196954,-0.303695673
-4.837249218,-1.549769697,-0.354311048
-4.78013305,-1.509646123,-0.397802777
-4.715391397,-1.463385163,-0.462665442
-4.641940793,-1.408729821,-0.466414729
-4.559799983,-1.357598696,-0.466789658
-4.469355117,-1.298001953,-0.496409025
-4.37050872,-1.239676177,-0.54102554
-4.264426733,-1.184184771,-0.569520122
-4.15079424,-1.112553206,-0.565395906
-4.030012384,-1.049286029,-0.569520122
-3.903464552,-0.984897853,-0.517779961
-3.770404689,-0.912718909,-0.485161164
-3.629993017,-0.843580539,-0.471663731
-3.484576417,-0.772023956,-0.434170861
-3.336209347,-0.703148028,-0.444668864
-3.182814854,-0.630327976,-0.442419292
-3.022608409,-0.542668726,-0.463790228
-2.853760497,-0.450195547,-0.521154319
-2.679558998,-0.370990666,-0.540275683
-2.501361055,-0.284643624,-0.537276253
-2.319530321,-0.20729458,-0.531277394
-2.134752865,-0.114746417,-0.501658027
-1.943530861,-0.027015933,-0.436795362
-1.751315369,0.05955231,-0.354311048
-1.55284278,0.161023488,-0.292447812
-1.354700103,0.230930437,-0.254954942
-1.152437265,0.352489646,-0.221211359
-0.948528611,0.409503214,-0.21221307
-0.746925598,0.541147679,-0.173970343
-0.53595006,0.622793267,-0.127854113
-0.340911564,0.769366912,-0.069740164
-0.124379994,1.040375376,0.026616511
0.014303384,0.500098061,0.082480888
0.002175337,0.049148374,0.169839275
-0.002447192,0.147185316,0.25494809
0.002898896,0.05020189,0.281568028
-0.002184762,0.060122183,0.287566887
0.002598975,0.045665399,0.255697947
-0.000820122,0.024482611,0.246699658
0.001695464,0.037499716,0.219329863
0.000559514,0.008481171,0.158591414
0.001061881,0.025794819,0.154842127
0.001856671,0.010528215,0.142094551
0.001016893,0.014453592,0.107601111
0.002171588,0.007933793,0.076856957
0.001579244,0.003704733,0.027366369
0.002329046,0.008649883,0.027741298
0.002250317,0.002534993,0.033365228
0.002700198,0.008196234,0.006370362
0.003007617,0.003832205,-0.022874077
0.002786426,0.002246308,-0.067115663
0.003671192,0.007637608,-0.116606252
0.004432241,0.006449123,-0.14322619
0.005245776,0.004342091,-0.118855824
0.006096801,0.007277688,-0.125604541
0.006902839,0.004083399,-0.150724764
0.007112783,0.003228589,-0.149974906
0.007596405,0.006452872,-0.191217063
0.007727621,0.00016927,-0.249331012
0.008394945,0.00816999,-0.305570317
0.008679869,-0.003115,-0.313068891
0.008346207,0.006205427,-0.304070602
0.009977027,0.003760971,-0.311944105
0.008484921,-0.003767355,-0.238833008
0.011008005,0.015597088,-0.217837001
0.009163492,-0.017605526,-0.196466065
0.010625606,0.024692565,-0.088486599
0.011349164,-0.019120189,-0.055492874
0.008608638,0.020332284,-0.052118516
0.014757015,-0.004153519,-0.074614237
0.005294513,-0.01439624,-0.087361813
0.019450775,0.06108197,-0.133852972
-0.002240997,-0.149163761,-0.230959505
0.067723028,0.906953806,-0.247456368
0.403975484,1.988115802,-0.214837571
0.752828362,1.711851007,-0.083987455
1.054357488,1.74739685,-0.003377784
1.368010911,1.793924,0.030740727
1.649479084,1.782297836,0.134970906
1.925848603,1.790898423,0.142094551
2.186955903,1.673144617,0.164215344
2.446679817,1.722963535,0.213331004
2.696690047,1.718314569,0.241450657
2.928637547,1.744217557,0.33555776
3.151617415,1.778597409,0.358428411
3.362911618,1.811830017,0.347930407
3.566077968,1.848211924,0.406419285
3.75249749,1.842524439,0.365552056
3.923339876,1.860561676,0.328059186
4.080202204,1.878910095,0.336307618
4.225217659,1.895597633,0.253073446
4.35983711,1.909297085,0.207332145
4.481128831,1.91161407,0.136095692
4.588999096,1.908910921,0.068608526
4.682788079,1.900422809,0.128597118
4.762975654,1.892602049,0.196084284
4.831398835,1.887360715,0.271070024
4.887855177,1.867790068,0.365926985
4.931366187,1.853363278,0.362177698
4.962063081,1.824633419,0.328434115
4.980384493,1.780760678,0.333308188
4.986750312,1.765569057,0.233952083
4.98160667,1.73498711,0.128597118
4.965692123,1.695373422,0.061109952
4.939179124,1.661874624,-0.101609104
4.902547547,1.613709089,-0.26432816
4.857150785,1.576183686,-0.376431841
4.803641165,1.538444581,-0.4660398
4.742566043,1.495396657,-0.509906458
4.673655491,1.448906999,-0.512905888
4.596197195,1.384991217,-0.479162305
4.510562309,1.330350872,-0.472788517
4.416555883,1.279114769,-0.493034667
4.314489086,1.215345204,-0.514030674
4.204628096,1.153701417,-0.539900754
4.087081637,1.082523501,-0.548899043
3.963555506,1.017685424,-0.570269979
3.834379618,0.955572991,-0.551898473
3.698425519,0.880555928,-0.550398758
3.556090606,0.813198412,-0.566895621
3.410044172,0.745087313,-0.545899613
3.260481167,0.674415534,-0.580018125
3.105482098,0.597928798,-0.586391913
2.94275257,0.504612057,-0.599514418
2.771156633,0.419547229,-0.645630648
2.595654228,0.338246565,-0.658753152
2.415810469,0.252919296,-0.687997591
2.233364897,0.178700805,-0.637757145
2.046825407,0.0804989,-0.547774257
1.855625897,0.000626668,-0.493409595
1.662390674,-0.097346538,-0.37680677
1.462774637,-0.187187803,-0.275576021
1.265130579,-0.272676286,-0.236958365
1.059834791,-0.38850302,-0.191591992
0.858426727,-0.450656694,-0.161597696
0.652403631,-0.59862128,-0.142851261
0.445574499,-0.648676395,-0.119230753
0.247832966,-0.90161013,-0.068990307
0.03552653,-0.980725031,-0.005627357
-0.050130851,-0.309080688,0.04161366
-0.025057472,-0.090605537,0.112475184
-0.031363306,-0.157025762,0.161215915
-0.029784973,-0.056840548,0.199458642
-0.028761494,-0.089533276,0.236951512
-0.031014649,-0.050560695,0.221954364
-0.028420334,-0.058332717,0.248574302
-0.030995903,-0.047141456,0.252698518
-0.028738999,-0.033760683,0.201708214
-0.030283592,-0.044134625,0.209956646
-0.029781224,-0.025430036,0.189335567
-0.029972424,-0.034146847,0.151467769
-0.030433552,-0.026326086,0.127097403
-0.029904942,-0.027222137,0.081356102
-0.030684736,-0.026528541,0.074232456
-0.030504783,-0.023979108,0.049487162
-0.030980907,-0.0249164,-0.010126501
-0.031100876,-0.021733358,-0.055492874
-0.031284577,-0.024680203,-0.106483177
-0.031963148,-0.026374826,-0.157098552
-0.032776683,-0.026232357,-0.196091136
-0.033597716,-0.023068061,-0.234333864
-0.034373762,-0.022865606,-0.229084862
-0.034774906,-0.020278682,-0.198715637
-0.035014842,-0.020091223,-0.211838142
-0.035753397,-0.020327421,-0.237333293
-0.035483468,-0.017414319,-0.262828445
-0.036615669,-0.022520683,-0.288323597
-0.036319498,-0.015850917,-0.295447242
-0.036788124,-0.027293371,-0.290573169
-0.037444201,-0.010159683,-0.281949809
-0.036371984,-0.022565673,-0.256829586
-0.038973797,-0.019900016,-0.238833008
-0.036079561,-0.00837508,-0.207713926
-0.03994479,-0.041341496,-0.146225619
-0.036818116,0.007656354,-0.106483177
-0.038842581,-0.055922003,-0.116606252
-0.039843567,0.024066454,-0.123354969
-0.034752412,-0.056611849,-0.128978899
-0.047086654,0.006385387,-0.188217634
-0.021443426,-0.013916347,-0.226085432
-0.175576474,-1.337330704,-0.24708144
-0.550398745,-1.910521948,-0.164222197
-0.874849317,-1.638197526,-0.044619942
-1.18293921,-1.801110037,0.014993722
-1.487433802,-1.776834187,0.167964631
-1.764043258,-1.81714522,0.236951512
-2.036877461,-1.752779538,0.242200514
-2.294359468,-1.698427878,0.302564035
-2.553011166,-1.753675588,0.300689391
-2.794282453,-1.735480886,0.348305336
-3.022664644,-1.787616788,0.428540078
-3.240740807,-1.810569182,0.388422707
-3.448106048,-1.855427954,0.386548064
-3.64569762,-1.875920895,0.403419855
-3.825106494,-1.88223824,0.334807903
-3.990831481,-1.904826965,0.365552056
-4.142343971,-1.913716237,0.366301914
-4.282808129,-1.93424667,0.26657088
-4.412835042,-1.942191153,0.241825585
-4.5296317,-1.94382579,0.194584569
-4.632088394,-1.934704069,0.137595407
-4.720058914,-1.925274916,0.201708214
-4.796182562,-1.923486564,0.279318455
-4.860219402,-1.909712128,0.346055764
-4.912038218,-1.89172363,0.380924133
-4.951500297,-1.867792703,0.329183972
-4.97773212,-1.839493998,0.306313322
-4.992248287,-1.813336067,0.241450657
-4.994868845,-1.779117429,0.130096833
-4.985781245,-1.743346636,0.079856387
-4.966488839,-1.706514829,-0.018749861
-4.93668421,-1.665618927,-0.182218774
-4.897368342,-1.626256433,-0.321692251
-4.84984964,-1.585506747,-0.439794791
-4.794143101,-1.543673553,-0.530527537
-4.730893553,-1.497330112,-0.550023829
-4.660190973,-1.44739872,-0.512530959
-4.580963145,-1.394209301,-0.494159453
-4.493000123,-1.333915214,-0.498283669
-4.396838017,-1.273238711,-0.51215603
-4.292503069,-1.210095258,-0.536901325
-4.180685096,-1.141740463,-0.558272261
-4.061699017,-1.077134835,-0.588266557
-3.936107182,-1.013575223,-0.593515558
-3.804798107,-0.944718041,-0.583767412
-3.666553363,-0.873303927,-0.608512706
-3.522703849,-0.805031614,-0.631758286
-3.375723912,-0.735885745,-0.626509284
-3.224173932,-0.660801198,-0.614886494
-3.066310619,-0.576999839,-0.59314063
-2.899370953,-0.4814261,-0.590516129
-2.72563808,-0.402494908,-0.602138918
-2.548321154,-0.315952909,-0.619760567
-2.366824082,-0.235758248,-0.647130362
-2.183527485,-0.153426563,-0.582642626
-1.993970041,-0.055700802,-0.501658027
-1.802770531,0.01860017,-0.444668864
-1.606528603,0.128608199,-0.33631447
-1.40787981,0.197255428,-0.26432816
-1.208604933,0.308406952,-0.236958365
-1.002971734,0.394885215,-0.212962928
-0.803351948,0.493919435,-0.188217634
-0.591919031,0.617000806,-0.149225049
-0.393810095,0.686060444,-0.110607393
-0.182797067,1.01905012,-0.055492874
-0.004704096,0.711854706,0.002621075
0.011371659,0.087296138,0.086605104
-0.005476392,0.130407798,0.19720907
0.004597197,0.085290335,0.249324159
-0.001862347,0.043363411,0.295815318
0.002280309,0.062082997,0.316436397
0.000409553,0.018139022,0.301814177
0.001118116,0.040409068,0.322435256
0.001669221,0.013711257,0.273694525
0.000788203,0.022750497,0.230952653
0.002224074,0.01275522,0.216705362
0.001136861,0.010119556,0.125972617
0.002284058,0.013988696,0.067108811
0.001946647,0.004604533,0.017243294
0.002272811,0.009021051,-0.017625075
0.002344042,0.00434959,-0.009751572
0.002651461,0.00569929,-0.026623364
0.003146331,0.005039436,-0.03074758
0.003086346,0.004735754,-0.059242161
0.003862391,0.006629083,-0.091486029
0.004615942,0.007626361,-0.066740735
0.005598183,0.005418102,-0.047619371
0.006359232,0.007832565,-0.077238738
0.007019058,0.005418102,-0.101234175
0.007116532,-0.001195427,-0.103108819
0.007982553,0.004379583,-0.130853542
0.00822249,0.00129402,-0.173970343
0.008383698,0.006520357,-0.214462643
0.00935844,-0.001116694,-0.263578302
0.008574897,0.002505,-0.323191966
0.010201967,0.001837649,-0.371182839
0.008724857,-0.010028462,-0.390304203
0.010749323,0.014757275,-0.377931556
0.010201967,-0.019690063,-0.300321315
0.009838313,0.018273992,-0.196466065
0.012436377,-0.015625967,-0.117731038
0.008061283,0.006291658,-0.064491163
0.015285625,0.017625387,-0.064116234
0.00617928,-0.040599161,-0.056242731
0.017606262,0.085339074,-0.073114523
0.00382865,-0.159601439,-0.103858676
0.037775936,0.653157763,-0.103483747
0.34233801,1.929133923,-0.118855824
0.705129708,1.771856409,-0.059242161
1.00599151,1.722048739,-0.038621082
1.321718136,1.81442444,-0.020624505
1.606957813,1.783924974,0.113225041
1.883589762,1.82417977,0.166089988
2.146890233,1.703524109,0.217080291
2.4052795,1.741188231,0.279693384
2.658345173,1.743385242,0.287566887
2.892189672,1.757969498,0.359553197
3.116999056,1.806078796,0.409418714
3.329268003,1.834632444,0.417292217
3.533660279,1.87470728,0.473156593
3.723165236,1.880705945,0.454035229
3.896459474,1.897805891,0.39329678
4.055443742,1.907756178,0.378299632
4.202247475,1.924709907,0.275569168
4.338786419,1.934150307,0.202083143
4.462173836,1.936242341,0.20583243
4.57323076,1.93786573,0.146968624
4.669846496,1.927589266,0.149218196
4.752081031,1.920008453,0.199083714
4.823458432,1.914879593,0.219329863
4.882797762,1.900032896,0.298439819
4.929356718,1.871981636,0.328059186
4.963746386,1.850963811,0.315311611
4.98543066,1.821071711,0.332558331
4.995324298,1.781791699,0.272944667
4.993517275,1.756638544,0.167589703
4.980365748,1.719424322,0.078731601
4.95615839,1.675540334,-0.058492303
4.92158502,1.635900402,-0.24408201
4.87829895,1.592968702,-0.368933267
4.826588855,1.552826382,-0.478037519
4.767414482,1.507034068,-0.574019266
4.7006971,1.458823543,-0.598014703
4.625713151,1.409713217,-0.597639774
4.542447639,1.353142052,-0.599514418
4.450694368,1.292304335,-0.611512136
4.350820741,1.229936959,-0.592015844
4.24323915,1.167059696,-0.575893909
4.128129547,1.099064821,-0.595015273
4.006084276,1.032547118,-0.610012421
3.878243035,0.97171315,-0.599139489
3.744024728,0.902473553,-0.592390772
3.603099442,0.829102374,-0.603638633
3.4580315,0.765670234,-0.608887635
3.310054326,0.696528115,-0.61601128
3.157222185,0.619895162,-0.602138918
2.996854533,0.533506879,-0.629508714
2.82725307,0.439815221,-0.677499587
2.65233551,0.360145443,-0.675999872
2.473054103,0.269659322,-0.69699588
2.2905373,0.196591826,-0.698495594
2.105658621,0.110323516,-0.619385639
1.914747785,0.021307068,-0.535776539
1.723135883,-0.061744458,-0.455916725
1.525311873,-0.166016262,-0.351311618
1.327772787,-0.236223145,-0.270327019
1.125686152,-0.358659659,-0.223086003
0.921402597,-0.423355267,-0.199840423
0.719807082,-0.548686138,-0.170970913
0.508494134,-0.635891739,-0.142851261
0.312927027,-0.786923142,-0.116606252
0.096661636,-1.057155529,-0.049119086
-0.04343137,-0.531391235,0.030365798
-0.032345547,-0.072669527,0.123723045
-0.027100682,-0.16737346,0.202458072
-0.03275044,-0.07643369,0.250074017
-0.027310627,-0.079091849,0.284192528
-0.031453283,-0.067923083,0.277443812
-0.028052931,-0.044513291,0.276319026
-0.030471042,-0.056323164,0.256822733
-0.029252614,-0.030746353,0.196459213
-0.029530041,-0.045791756,0.180337279
-0.030324831,-0.029704085,0.145843838
-0.029488801,-0.030742604,0.081356102
-0.03055352,-0.03049141,0.062984595
-0.029811216,-0.026262351,0.036739586
-0.030501034,-0.026213611,0.035239872
-0.030407309,-0.02248694,0.031115656
-0.030471042,-0.024698948,-0.031122508
-0.031097127,-0.022730636,-0.041995441
-0.03123584,-0.022336974,-0.03337208
-0.031861925,-0.023499215,-0.080613097
-0.032652966,-0.024282791,-0.090736172
-0.033327788,-0.024459002,-0.091860958
-0.034411252,-0.025729969,-0.130103685
-0.03502234,-0.020211197,-0.137977188
-0.03475991,-0.020188702,-0.152599407
-0.035753397,-0.021692117,-0.187092848
-0.035637178,-0.019697561,-0.229459791
-0.036323247,-0.029077974,-0.277450664
-0.036600673,-0.015809676,-0.312319033
-0.036289506,-0.026108635,-0.35356119
-0.037459197,-0.01776674,-0.356185691
-0.036162039,-0.01781173,-0.320192536
-0.039030032,-0.025658735,-0.29019824
-0.036521944,-0.004869609,-0.222711074
-0.039030032,-0.042477494,-0.143601118
-0.037860341,0.010217035,-0.092610815
-0.037095543,-0.047827553,-0.090736172
-0.041451892,0.007363919,-0.074614237
-0.033361529,-0.026862217,-0.059242161
-0.04793768,-0.040632904,-0.112482036
-0.022095754,0.080146479,-0.132728186
-0.129969767,-1.109722585,-0.201715067
-0.490515808,-1.932420827,-0.18634299
-0.82913014,-1.655113763,-0.091486029
-1.133669721,-1.783785141,-0.074989166
-1.444113992,-1.79601492,0.104226752
-1.722706674,-1.814753252,0.233202225
-1.997771538,-1.787125647,0.254573161
-2.256393243,-1.704816457,0.356928696
-2.515318619,-1.764799364,0.378674561
-2.76081879,-1.748516736,0.414667716
-2.990351927,-1.793341765,0.484029526
-3.210482547,-1.822011637,0.460409017
-3.418893762,-1.86178279,0.476156023
-3.619102143,-1.892930861,0.480280239
-3.802421234,-1.897988486,0.385798206
-3.970781775,-1.9183802,0.355054053
-4.124622401,-1.926752088,0.325434685
-4.266796107,-1.946375222,0.227203366
-4.398236398,-1.955811873,0.182961779
-4.517612374,-1.960730779,0.161215915
-4.623923051,-1.953637357,0.13384612
-4.714881531,-1.940414049,0.189335567
-4.793307071,-1.936428685,0.260946949
-4.859878242,-1.924333876,0.326184543
-4.91403644,-1.905921721,0.409418714
-4.956512724,-1.88452898,0.397420996
-4.986538545,-1.856987607,0.380924133
-5.003930202,-1.826038241,0.35880334
-5.009711176,-1.794241565,0.209206788
-5.004466311,-1.759355575,0.100852394
-4.988056894,-1.71941196,-0.006377214
-4.961075269,-1.678744757,-0.202464924
-4.924229999,-1.637830108,-0.346812474
-4.878432092,-1.595618248,-0.470164016
-4.824761265,-1.55488356,-0.567270549
-4.763344983,-1.509124989,-0.619760567
-4.694393192,-1.458533743,-0.63625743
-4.617433514,-1.406296613,-0.614511566
-4.532158533,-1.349433012,-0.598389631
-4.4387482,-1.290784808,-0.601014132
-4.336857606,-1.227656351,-0.599139489
-4.227082844,-1.159912671,-0.577018696
-4.10943891,-1.091640358,-0.611887065
-3.98496428,-1.026809779,-0.614136637
-3.855184801,-0.962140415,-0.58151784
-3.718612116,-0.888735494,-0.599514418
-3.575774835,-0.818528611,-0.602513847
-3.429747146,-0.755493883,-0.640381646
-3.279831734,-0.683022505,-0.66812637
-3.124311553,-0.600413381,-0.662502439
-2.960603533,-0.510568367,-0.689122377
-2.788055348,-0.426811999,-0.705994168
-2.611529463,-0.340075043,-0.704119525
-2.43045228,-0.254627801,-0.687997591
-2.247455604,-0.180518036,-0.623884783
-2.059547724,-0.082473596,-0.525278535
-1.867613408,-0.004517188,-0.435295647
-1.673932054,0.095086905,-0.319817607
-1.474709662,0.175330305,-0.229084862
-1.277624207,0.269681817,-0.173220486
-1.072545862,0.379374916,-0.119230753
-0.872093795,0.442387149,-0.107233034
-0.664406139,0.591802661,-0.097859817
-0.45907661,0.63361336,-0.088861528
-0.258020953,0.921613045,-0.04499487
-0.048942414,0.925287228,-0.009751572
0.020144342,0.227061298,0.03861423
-0.005367671,0.078106933,0.164965202
0.003420008,0.127535937,0.222704222
0.000154621,0.0359963,0.271070024
0.000671984,0.069033951,0.30406375
0.002077863,0.023466587,0.280068313
0.000143374,0.037072311,0.298814748
0.002625218,0.022829229,0.274069454
0.000593255,0.01716049,0.242950371
0.002389031,0.021719476,0.22307915
0.001807934,0.006051711,0.140219908
0.002227823,0.011191818,0.11359997
0.002415274,0.003442292,0.07310767
0.002194082,0.010082065,0.011994292
0.002842661,0.003116114,0.022867225
0.002880151,0.003757222,-0.021749291
0.003288793,0.004821985,-0.073114523
0.003288793,0.001117809,-0.098609674
0.004079834,0.009995834,-0.147350405
0.005110812,0.00210009,-0.152224478
0.005748144,-2.57e-05,-0.11998061
0.006767874,0.007678849,-0.120730468
0.00754017,-0.001337895,-0.109107678
0.007712625,0.002632472,-0.082862669
0.00867612,0.004060904,-0.105358391
0.008394945,6.8e-05,-0.124104826
0.009287209,0.007963786,-0.15747348
0.009272213,-0.004970837,-0.19796578
0.009500903,0.008406187,-0.230209648
0.010520633,-0.006313038,-0.287948668
0.009230974,0.004327095,-0.309694532
0.012203939,0.009193512,-0.312319033
0.009369687,-0.011078228,-0.318317893
0.012511358,0.025266187,-0.270327019
0.010355677,-0.028193171,-0.193841564
0.01117671,0.037949616,-0.152599407
0.013861001,-0.03287213,-0.147350405
0.006831607,0.028550456,-0.108732749
0.020860403,0.000307989,-0.112107107
-0.005723827,-0.05935249,-0.154474051
0.124700482,1.260342695,-0.137602259
0.492362144,1.990485275,-0.077238738
0.82365091,1.675701548,0.04161366
1.132689302,1.806037555,0.0761071
1.442908633,1.800402559,0.140969765
1.722862206,1.836390803,0.239201084
1.999726594,1.795082492,0.250074017
2.260099088,1.717471007,0.354679124
2.521326356,1.772557503,0.382048919
2.769480825,1.766708804,0.386173135
3.004108867,1.813738342,0.452535515
3.225679107,1.827441544,0.423666005
3.435432468,1.875085946,0.406794213
3.638531336,1.907549974,0.41354293
3.826128047,1.916450494,0.382048919
3.999575995,1.939601594,0.358053482
4.156940689,1.94308082,0.372675702
4.302237321,1.965538324,0.30968768
4.437261665,1.976204702,0.228328152
4.559895531,1.979069065,0.215955505
4.670386354,1.977588144,0.167964631
4.766619692,1.964106143,0.202458072
4.848925457,1.955685516,0.280443241
4.919339363,1.945064129,0.325809614
4.978266302,1.926517005,0.401170283
5.024911484,1.907643703,0.361052912
5.059102456,1.882156873,0.329558901
5.08104916,1.850480169,0.323560042
5.090939049,1.820291884,0.209206788
5.089859334,1.783411338,0.141719622
5.077371381,1.744813675,0.037489444
5.053647646,1.706054796,-0.142476332
5.020034022,1.659040255,-0.308569746
4.976777945,1.614158989,-0.445793651
4.925071599,1.575250144,-0.532777109
4.865559814,1.532667116,-0.598014703
4.798411296,1.482177098,-0.587891628
4.723641041,1.428890202,-0.588641485
4.640735434,1.375115914,-0.637382216
4.550114364,1.316943854,-0.649005006
4.451410429,1.251082255,-0.665876797
4.34488231,1.184954465,-0.648255149
4.230923653,1.122752052,-0.645630648
4.109118318,1.054839659,-0.650504721
3.98126583,0.992371055,-0.632508143
3.847647364,0.925898342,-0.677124658
3.707205701,0.850397637,-0.690622092
3.561691627,0.787479133,-0.710868241
3.413200838,0.718539469,-0.713867671
3.260878562,0.64435847,-0.684248304
3.102321682,0.566799473,-0.701869953
2.934695947,0.468743786,-0.681623803
2.759718403,0.387949258,-0.704119525
2.581231786,0.308860602,-0.710493313
2.397897699,0.222850984,-0.645630648
2.212790331,0.143687344,-0.589016414
2.021815761,0.045320476,-0.467539515
1.827886972,-0.029430396,-0.376431841
1.63127764,-0.131265243,-0.331065468
1.430338202,-0.207736982,-0.278200522
1.231209536,-0.307101128,-0.237333293
1.02386304,-0.406776455,-0.187092848
0.823028575,-0.477140803,-0.156723623
0.612412942,-0.624524268,-0.104608533
0.408189371,-0.677046334,-0.052868373
0.202882336,-0.988534544,0.003370932
0.000626996,-0.886913399,0.037864373
-0.049092375,-0.196020838,0.093728749
-0.024900013,-0.120943789,0.219329863
-0.035044834,-0.136319118,0.264696236
-0.029788722,-0.060106072,0.302189106
-0.031595745,-0.093499894,0.323185113
-0.031449534,-0.043373544,0.305938393
-0.030504783,-0.06398271,0.294690532
-0.032379288,-0.038117213,0.220829578
-0.030298588,-0.040235492,0.166089988
-0.032281814,-0.048438667,0.150717911
-0.031070884,-0.029524125,0.073482599
-0.031562004,-0.035462804,-0.003752713
-0.031929407,-0.025223832,-0.043870084
-0.031854427,-0.028091944,-0.101984033
-0.032124356,-0.027630796,-0.115481466
-0.032173093,-0.026854719,-0.10573332
-0.032645468,-0.025838695,-0.095985173
-0.03267546,-0.023184285,-0.083987455
-0.033638956,-0.026708501,-0.092610815
-0.034444993,-0.024177814,-0.091486029
-0.034932364,-0.026277347,-0.096360102
-0.036210776,-0.028718054,-0.113981751
-0.036634415,-0.019937508,-0.109107678
-0.036968076,-0.026371076,-0.100484318
-0.037687886,-0.023697921,-0.132353257
-0.037357973,-0.021665873,-0.162722482
-0.038482676,-0.025396293,-0.195341279
-0.037766616,-0.018674039,-0.232084291
-0.03911251,-0.02900674,-0.27295152
-0.038793844,-0.009953478,-0.300321315
-0.038628888,-0.030656373,-0.280075165
-0.040357181,-0.011036987,-0.245581725
-0.037886584,-0.021984552,-0.203214782
-0.042145459,-0.028054452,-0.157848409
-0.03736922,0.00178516,-0.113231894
-0.042797787,-0.056566859,-0.106108248
-0.038475178,0.032783265,-0.074989166
-0.040758326,-0.095648166,-0.06824045
-0.043885,0.082860875,-0.080238168
-0.032083116,-0.237561597,-0.101234175
-0.258002208,-1.622439782,-0.180344131
-0.64001508,-1.835696093,-0.10273389
-0.951722767,-1.66515403,-0.041245583
-1.268139211,-1.836798348,0.025491725
-1.566579152,-1.792269503,0.194584569
-1.845981621,-1.847453478,0.238826156
-2.118733345,-1.744276429,0.310812466
-2.378089857,-1.739706196,0.389922422
-2.63728891,-1.779083686,0.433414151
-2.878983836,-1.779499844,0.518522966
-3.109405489,-1.826821817,0.542143474
-3.325288481,-1.843141937,0.538019258
-3.532799933,-1.897703549,0.554516121
-3.731141307,-1.917465403,0.490028385
-3.913984274,-1.936664883,0.397420996
-4.082464783,-1.94899214,0.360303055
-4.234727075,-1.955275743,0.299189676
-4.376087246,-1.975963641,0.193084854
-4.506320356,-1.98127246,0.166464917
-4.624729088,-1.987870992,0.158216485
-4.731365928,-1.983780652,0.104601681
-4.82284927,-1.968634021,0.193834712
-4.901421022,-1.962909045,0.270695095
-4.968565791,-1.950383081,0.343806192
-5.023035157,-1.928671661,0.448786228
-5.065680146,-1.907886284,0.40491957
-5.095518516,-1.87854906,0.391047208
-5.113401294,-1.848806926,0.325809614
-5.120097026,-1.816732811,0.171713918
-5.115279548,-1.77915867,0.094853535
-5.099852372,-1.743196669,-0.040120797
-5.073508079,-1.700606144,-0.202089996
-5.037000219,-1.656066052,-0.314193677
-4.991640947,-1.614821476,-0.461915585
-4.937812662,-1.569591538,-0.577768553
-4.876077714,-1.521455996,-0.642631218
-4.806897233,-1.474437705,-0.6737503
-4.729705117,-1.422481762,-0.647505291
-4.644253932,-1.364482164,-0.636632359
-4.551147268,-1.304274307,-0.644130933
-4.450171433,-1.244422621,-0.623134926
-4.341420151,-1.181890282,-0.606638063
-4.225020889,-1.112920624,-0.598389631
-4.101206084,-1.046485402,-0.556772546
-3.970931736,-0.979439067,-0.536526396
-3.834542752,-0.907785006,-0.585642056
-3.691491777,-0.834503808,-0.633258001
-3.543795779,-0.770857966,-0.658003295
-3.393816634,-0.708415606,-0.723240889
-3.239169972,-0.629904321,-0.767107546
-3.076957807,-0.543879707,-0.74011268
-2.905616803,-0.453944713,-0.729239748
-2.729030934,-0.371208118,-0.741612395
-2.548306158,-0.284654871,-0.707493883
-2.36346122,-0.209660304,-0.622385068
-2.176138186,-0.116167351,-0.532777109
-1.98261429,-0.028073198,-0.427422144
-1.788561784,0.049500796,-0.289448383
-1.588462124,0.155455976,-0.194216493
-1.388351217,0.222311104,-0.178469487
-1.185541023,0.344473929,-0.148475191
-0.97897807,0.404074421,-0.12298004
-0.776805208,0.524580115,-0.084362384
-0.562770478,0.625215229,-0.012376073
-0.36448159,0.738207593,0.046112804
-0.147083998,1.051660366,0.124097974
0.009688353,0.586655056,0.149593125
0.006752878,0.05766273,0.189710496
-0.002709623,0.144418432,0.253823304
0.005039581,0.065131069,0.271070024
-0.00105631,0.055709415,0.286817029
0.003584965,0.048391043,0.298439819
0.000518275,0.021974419,0.297689962
0.002628967,0.039175593,0.285692243
0.002002883,0.008871084,0.252698518
0.001961643,0.027148268,0.185211352
0.003120088,0.010232031,0.136470621
0.001980388,0.011907908,0.080231316
0.00330004,0.01167546,0.036364658
0.002805171,0.0034048,-0.014625646
0.003303789,0.007056488,-0.100109389
0.003333781,0.002887415,-0.147350405
0.003656196,0.00668532,-0.181468917
0.004012352,0.002040104,-0.168346413
0.0042073,0.003254833,-0.144725904
0.005474466,0.007330177,-0.102358961
0.00617928,0.003247335,-0.045744728
0.006842854,0.005931738,-0.067490592
0.008016295,0.007528883,-0.042745298
0.00825998,0.001500224,-0.010876359
0.008743603,0.002681211,-0.069740164
0.008964794,-0.003774853,-0.08548717
0.009302205,0.003446041,-0.095235316
0.01030694,0.001612699,-0.154848979
0.009384683,-5.57e-05,-0.200965209
0.011296678,0.006899023,-0.249331012
0.01007825,-0.009229889,-0.280825023
0.011352913,0.013467562,-0.262453516
0.011420396,-0.013995079,-0.223460931
0.010498139,0.016118222,-0.199090566
0.013756029,-0.007392798,-0.169846127
0.008871069,-0.002106474,-0.134602829
0.016020431,0.02035103,-0.148100263
0.007783856,-0.048123738,-0.137977188
0.017216365,0.089234457,-0.113981751
0.008031291,-0.155683561,-0.108732749
0.026723854,0.52927782,-0.099359532
0.312132237,1.871887907,-0.096735031
0.681949579,1.798190551,0.022117367
0.985476927,1.713163215,0.092603963
1.303280505,1.830909523,0.121848401
1.593105221,1.79216939,0.235451797
1.872027816,1.84467646,0.22907801
2.139216009,1.71709609,0.252323589
2.398898685,1.740239692,0.311937252
2.655390953,1.763147096,0.307813037
2.893992946,1.774357103,0.406794213
3.121914008,1.811346374,0.494902458
3.335161446,1.834587454,0.474656308
3.542039316,1.888444224,0.50015146
3.736425485,1.890045118,0.467907591
3.914889608,1.901217633,0.3674267
4.078785078,1.919202382,0.371925844
4.228449306,1.932549413,0.29244096
4.36801745,1.94541655,0.182586851
4.49594117,1.952716177,0.169464346
4.612100495,1.955201874,0.125972617
4.714313504,1.941971067,0.121098544
4.801590457,1.930877285,0.174338419
4.877020538,1.921129453,0.258322448
4.941248577,1.906653923,0.373800488
4.99300366,1.88508872,0.387297921
5.032068345,1.858544625,0.338182261
5.058930001,1.832604146,0.32993383
5.073719846,1.79801434,0.229827867
5.076782787,1.762528484,0.100852394
5.068924862,1.718846951,0.053611378
5.050292282,1.677317439,-0.05961709
5.021132482,1.645993157,-0.213337856
4.982427703,1.597606421,-0.335189684
4.935006476,1.552781392,-0.437545219
4.879352422,1.512942754,-0.534276824
4.815825448,1.462557712,-0.601014132
4.744343074,1.411955219,-0.586016984
4.664579137,1.360044266,-0.593890487
4.576758578,1.298479211,-0.611137207
4.481177568,1.233817345,-0.622759997
4.377869849,1.177666086,-0.643006147
4.267105348,1.110169851,-0.61038735
4.148760349,1.043978325,-0.596140059
4.023749611,0.988040768,-0.56127169
3.892856676,0.920934446,-0.522279105
3.754953092,0.843829098,-0.556772546
3.610904881,0.772846138,-0.599889346
3.46322013,0.715892557,-0.659128081
3.312247497,0.647016629,-0.723990746
3.155636353,0.568779033,-0.745361682
2.99103232,0.481955847,-0.744236896
2.818514127,0.396418624,-0.749860826
2.641755804,0.316681362,-0.745361682
2.460363704,0.23037931,-0.703744596
2.276178592,0.157960419,-0.617136066
2.087554651,0.057958914,-0.511781102
1.893344686,-0.019690063,-0.400427278
1.698332433,-0.10686567,-0.292072884
1.497134314,-0.201370898,-0.256079728
1.297949412,-0.276178007,-0.233584006
1.092308716,-0.391449865,-0.188217634
0.889131119,-0.448497175,-0.170221056
0.683775347,-0.594815876,-0.113981751
0.473110977,-0.649879877,-0.042745298
0.275137006,-0.868823673,0.028491155
0.057128326,-1.030926364,0.108725897
-0.049800938,-0.382909265,0.148468339
-0.027104431,-0.085150501,0.213705933
-0.030133631,-0.17465809,0.276693954
-0.031082131,-0.062700495,0.294690532
-0.028180397,-0.08749373,0.319435826
-0.03131082,-0.056364404,0.327309329
-0.028315361,-0.054935972,0.325059757
-0.031145864,-0.052244071,0.288691673
-0.029023924,-0.032770903,0.218954935
-0.030242352,-0.044682003,0.195709355
-0.03021236,-0.028380629,0.149968054
-0.030043655,-0.03413185,0.096728178
-0.030658493,-0.025163845,0.055486021
-0.030309835,-0.032328501,-0.051743587
-0.030984656,-0.028493104,-0.119230753
-0.030583512,-0.021965806,-0.164222197
-0.031093378,-0.028384379,-0.184843275
-0.031153362,-0.021677121,-0.142851261
-0.03161449,-0.024294038,-0.131228471
-0.03290415,-0.025475026,-0.085112241
-0.033552728,-0.023214279,-0.041620512
-0.034310028,-0.026367327,-0.073489451
-0.03528852,-0.021249716,-0.058867232
-0.03532601,-0.022157014,-0.031122508
-0.035948346,-0.024451503,-0.081737883
-0.035847122,-0.016045873,-0.12298004
-0.036533191,-0.026648515,-0.150724764
-0.03699057,-0.015472251,-0.205089425
-0.036720642,-0.023487968,-0.250455798
-0.038212748,-0.019288902,-0.285699096
-0.036476956,-0.014793652,-0.285324167
-0.039247475,-0.030637627,-0.248206226
-0.037103041,-0.00239516,-0.203214782
-0.038831334,-0.040726633,-0.142476332
-0.039007538,0.007240197,-0.083237598
-0.036923088,-0.042008848,-0.080988025
-0.042434133,-0.005087061,-0.09710996
-0.033267804,-0.014388742,-0.085862099
-0.047877696,-0.064717546,-0.088861528
-0.024285176,0.108835097,-0.081362954
-0.109856329,-0.983840588,-0.136102544
-0.4593053,-1.922373062,-0.137602259
-0.806272426,-1.664212989,-0.053243302
-1.110737027,-1.76931336,-0.025498578
-1.425248973,-1.802523472,0.120723615
-1.706814621,-1.809470677,0.227578295
-1.985126127,-1.799104233,0.275944097
-2.247823007,-1.699605116,0.382048919
-2.508465429,-1.759509291,0.382423848
-2.759068002,-1.75524274,0.413168001
-2.99314494,-1.790346181,0.506900176
-3.215776149,-1.811202792,0.527521255
-3.425949399,-1.849564258,0.534269971
-3.629925535,-1.890055251,0.536894472
-3.819617943,-1.899923056,0.47690588
-3.993950657,-1.918957572,0.410918429
-4.152743725,-1.921851928,0.339681976
-4.298940119,-1.93897062,0.220454649
-4.43442934,-1.949460786,0.134970906
-4.558472834,-1.953731086,0.118848972
-4.669878415,-1.950465563,0.065984025
-4.767517632,-1.938659439,0.109475754
-4.851799125,-1.929398999,0.221579436
-4.923645153,-1.918365203,0.261696806
-4.984120433,-1.90035421,0.368926415
-5.031995291,-1.878579054,0.392546923
-5.067337208,-1.852064952,0.370051201
-5.090011221,-1.818618642,0.342681406
-5.100909593,-1.787215627,0.187460924
-5.100939585,-1.752663314,0.097478036
-5.089463865,-1.712959646,-0.007502
-5.067674619,-1.672959794,-0.184843275
-5.036141696,-1.632060142,-0.32769111
-4.995022554,-1.590841811,-0.445043793
-4.945678085,-1.547760144,-0.510281387
-4.888441949,-1.501191753,-0.58151784
-4.822950493,-1.452441348,-0.605138348
-4.749683591,-1.40001676,-0.589016414
-4.668146372,-1.345455147,-0.587891628
-4.577828973,-1.287553027,-0.573644337
-4.479642401,-1.227926291,-0.574769123
-4.374238985,-1.167272284,-0.551898473
-4.26144627,-1.10196931,-0.550398758
-4.141084304,-1.039823135,-0.538775968
-4.014105335,-0.972416879,-0.518904747
-3.880947998,-0.900691584,-0.548524114
-3.74055882,-0.830196016,-0.568395335
-3.59446365,-0.762729774,-0.617885924
-3.4456392,-0.700999756,-0.68237366
-3.29249589,-0.627114941,-0.716492172
-3.132806809,-0.544685778,-0.75173547
-2.964360041,-0.454244646,-0.756234614
-2.78895511,-0.37497228,-0.739737751
-2.610453497,-0.296431002,-0.725865389
-2.42685323,-0.214597955,-0.631383357
-2.241104781,-0.135902961,-0.496783954
-2.049549115,-0.038567113,-0.409050638
-1.855237926,0.036412457,-0.299946386
-1.657706339,0.136481447,-0.181468917
-1.455930871,0.208472933,-0.154474051
-1.255493801,0.312954691,-0.124479755
-1.047341267,0.408404708,-0.097484888
-0.845438334,0.482533218,-0.095610245
-0.633353089,0.62116238,-0.046494585
-0.429980544,0.666740991,-0.015375503
-0.222656542,0.987523383,0.061109952
-0.023992753,0.836424495,0.116224471
0.01791743,0.1459106,0.144719052
-0.005217711,0.10751914,0.233952083
0.005470717,0.111939407,0.287191958
6.46e-05,0.039692978,0.30668825
0.00261772,0.070844798,0.308937823
0.001961643,0.020066094,0.328434115
0.001650476,0.041590056,0.316436397
0.003348777,0.017227975,0.254198232
0.001470523,0.019443732,0.234327011
0.003517483,0.018412711,0.203207929
0.00243027,0.005084426,0.143594266
0.00333753,0.012856447,0.095228464
0.00333753,0.0067753,0.028866084
0.003438753,0.008728616,-0.034496867
0.003862391,0.002898663,-0.09411053
0.003772415,0.006186681,-0.150349835
0.004364759,0.001567709,-0.170221056
0.004450986,0.001027829,-0.184843275
0.005489462,0.008338702,-0.186717919
0.006246762,0.001818903,-0.134227901
0.006917835,0.005035687,-0.082862669
0.008312466,0.008057515,-0.068615378
0.008582395,-0.000783018,-0.042370369
0.009084762,0.004184627,-0.038246154
0.009583381,-0.001011718,-0.070490022
0.009534644,0.004499556,-0.107233034
0.010554374,0.004964453,-0.163847268
0.00984956,-0.001101698,-0.220461502
0.011521619,0.009729643,-0.265827875
0.010543127,-0.008172625,-0.283824452
0.011435392,0.017029269,-0.265078017
0.012218935,-0.012326701,-0.230959505
0.010415661,0.010794406,-0.178469487
0.014378365,0.003247335,-0.121105396
0.009305954,-0.011708088,-0.095235316
0.016001686,0.033278155,-0.100109389
0.009193484,-0.051636706,-0.092610815
0.015544307,0.087299888,-0.09411053
0.011874026,-0.13973086,-0.112856965
0.015023194,0.390821119,-0.112856965
0.275631875,1.802052192,-0.125604541
0.651710065,1.838535326,-0.021374362
0.957468073,1.692366591,0.100102537
1.275515336,1.829878502,0.121848401
1.56910031,1.783977463,0.242950371
1.848311578,1.838400356,0.278568598
2.118723921,1.715247751,0.290191388
2.379355096,1.73040563,0.355054053
2.638381695,1.755330085,0.328434115
2.8795855,1.765164148,0.399670568
3.110374556,1.803225681,0.457784516
3.326126332,1.812103706,0.454785087
3.53445132,1.871213057,0.493402743
3.732151613,1.882265598,0.468657449
3.914518456,1.899822943,0.425540648
4.082211673,1.902732296,0.401545212
4.234702655,1.911141675,0.317936111
4.376861365,1.934686437,0.233202225
4.507458128,1.9285603,0.208082002
4.626069307,1.938581821,0.155591984
4.731517711,1.927862955,0.115849542
4.822982308,1.912401395,0.142844409
4.90200769,1.909585771,0.191960068
4.969126216,1.88351782,0.29244096
5.024581572,1.869893351,0.327684258
5.06768394,1.847799515,0.302564035
5.097893462,1.811297635,0.323934971
5.115817479,1.780322026,0.22307915
5.122037087,1.744348778,0.101227323
5.116927186,1.712124696,0.036364658
5.10081769,1.667517119,-0.112107107
5.074360926,1.622857054,-0.260953801
5.038194227,1.583790744,-0.384305344
4.992943676,1.539265649,-0.495284239
4.939614009,1.497612414,-0.555272831
4.878561381,1.450612869,-0.571019836
4.810051972,1.399597968,-0.55564776
4.733253503,1.343056795,-0.559397047
4.647626114,1.292285589,-0.576643767
4.553964597,1.232850061,-0.572519551
4.452205219,1.165140123,-0.588641485
4.343007805,1.111984447,-0.611887065
4.226544809,1.043277231,-0.617885924
4.103213627,0.976935739,-0.600264275
3.974337659,0.914763319,-0.573269409
3.838777207,0.844593928,-0.574769123
3.696397305,0.782459,-0.573644337
3.5496723,0.715315186,-0.587891628
3.39941198,0.646641712,-0.632508143
3.243918041,0.574151588,-0.674500158
3.081439697,0.489686627,-0.696620951
2.910173673,0.399612914,-0.692871664
2.733561561,0.327411475,-0.718366815
2.553669065,0.248922685,-0.701495024
2.369142793,0.171374935,-0.606638063
2.182149672,0.088417139,-0.529027822
1.988397086,-0.005758162,-0.437545219
1.793249868,-0.081401335,-0.309319604
1.593157707,-0.18378356,-0.231334434
1.391198538,-0.248884078,-0.2152125
1.188305866,-0.360980393,-0.172470628
0.979688455,-0.437973266,-0.16047291
0.77745186,-0.534814223,-0.156348694
0.562933508,-0.65265426,-0.113231894
0.362736374,-0.734232363,-0.046869514
0.14875413,-1.056851846,0.043863232
-0.027550563,-0.712547187,0.095228464
-0.040177229,-0.105298519,0.210706503
-0.024435136,-0.157464415,0.297689962
-0.03396137,-0.104837372,0.298814748
-0.027415599,-0.070911168,0.3269344
-0.031565753,-0.084381922,0.316811325
-0.02900143,-0.040685392,0.30106432
-0.030096141,-0.064470101,0.267695666
-0.030223607,-0.03341201,0.198708785
-0.029320096,-0.045030676,0.164215344
-0.030838445,-0.035230356,0.131221619
-0.029620017,-0.029389155,0.100102537
-0.030767214,-0.033966887,0.083230745
-0.030306086,-0.026161123,0.026241583
-0.030594759,-0.03174738,-0.007502
-0.030684736,-0.026652264,-0.046869514
-0.030842194,-0.026820976,-0.113231894
-0.031419542,-0.022254492,-0.127854113
-0.031603243,-0.02469145,-0.167971484
-0.032630472,-0.029047981,-0.180344131
-0.033361529,-0.024354025,-0.142851261
-0.034201307,-0.028913011,-0.149974906
-0.035333508,-0.026382324,-0.130103685
-0.035296018,-0.021954559,-0.095985173
-0.036075812,-0.027623298,-0.113606822
-0.036184533,-0.020739829,-0.12860397
-0.036435717,-0.02631109,-0.134977758
-0.037046806,-0.019585086,-0.160847839
-0.036506948,-0.0228956,-0.211088284
-0.038201501,-0.023131797,-0.230584577
-0.036784375,-0.018287874,-0.211463213
-0.039056275,-0.031492437,-0.193091707
-0.037417958,-0.006073092,-0.134977758
-0.038580151,-0.044479548,-0.087736742
-0.039577387,0.00367474,-0.029622793
-0.036604422,-0.038657093,-0.006752143
-0.04289901,-0.017466807,-0.054743016
-0.033125341,0.00057043,-0.08248774
-0.047334089,-0.079729207,-0.138727045
-0.026594566,0.129552988,-0.143601118
-0.091692375,-0.859248303,-0.198715637
-0.428375967,-1.912261561,-0.202089996
-0.784299479,-1.683693656,-0.066365806
-1.089086494,-1.750889958,-0.02774815
-1.405997807,-1.807127448,0.144344123
-1.689951574,-1.79731963,0.281568028
-1.969372787,-1.801158776,0.299564605
-2.234191606,-1.691386944,0.414667716
-2.496082449,-1.749412787,0.425540648
-2.749860434,-1.746510932,0.420291647
-2.987067794,-1.778337602,0.484404454
-3.213294305,-1.800847595,0.479155452
-3.425387048,-1.829048822,0.447286513
-3.631391398,-1.876359547,0.456284802
-3.823963046,-1.884502736,0.412793073
-4.002142244,-1.906641561,0.379424418
-4.164800541,-1.906877759,0.378674561
-4.313737461,-1.921758199,0.280443241
-4.45234211,-1.936421187,0.195709355
-4.578425065,-1.93487653,0.160091129
-4.693474684,-1.937347231,0.112475184
-4.794705452,-1.92076092,0.141344694
-4.881082642,-1.906709046,0.209956646
-4.956501477,-1.90156894,0.257947519
-5.02006969,-1.882946832,0.340806762
-5.071498609,-1.862678841,0.351679694
-5.110990681,-1.834822537,0.330308759
-5.137469938,-1.803644473,0.305938393
-5.152034842,-1.773317469,0.155217056
-5.154704137,-1.733565062,0.048362376
-5.145882717,-1.696444569,-0.057742446
-5.126755268,-1.659020394,-0.256079728
-5.097119344,-1.617205946,-0.404551494
-5.057848464,-1.574045547,-0.508031815
-5.010633432,-1.531481265,-0.554522974
-4.955612961,-1.488512074,-0.585642056
-4.892457139,-1.440725204,-0.559022118
-4.821570858,-1.391052504,-0.51215603
-4.742489241,-1.335437375,-0.515530389
-4.654574956,-1.277272814,-0.491160023
-4.558217901,-1.217559847,-0.518529818
-4.453961682,-1.156830856,-0.535026681
-4.342353654,-1.096806709,-0.548149186
-4.222955184,-1.02869561,-0.560146904
-4.09701844,-0.966350728,-0.556397617
-3.965713114,-0.9042158,-0.575893909
-3.827370896,-0.830068544,-0.570644908
-3.682726592,-0.764469387,-0.60738792
-3.534441999,-0.705510002,-0.613386779
-3.382517118,-0.637668844,-0.631758286
-3.22433139,-0.5576204,-0.672250585
-3.057942828,-0.46623073,-0.6737503
-2.883272704,-0.385038791,-0.710868241
-2.704726102,-0.31293858,-0.690247163
-2.522201801,-0.22464572,-0.629133785
-2.336483344,-0.149947337,-0.536901325
-2.146832175,-0.061264564,-0.416174283
-1.951564989,0.019293765,-0.313068891
-1.755589241,0.107830321,-0.201340138
-1.552857776,0.198882566,-0.170595985
-1.351914589,0.271301457,-0.144350976
-1.144987982,0.392954395,-0.113606822
-0.938466268,0.443650618,-0.124479755
-0.731659629,0.581439966,-0.083987455
-0.517861087,0.639855722,-0.06524102
-0.318425002,0.827643948,-0.005627357
-0.098268139,1.034357965,0.052486592
0.020721689,0.407561146,0.090729319
0.000563263,0.049628268,0.232077439
0.001174351,0.15314649,0.305188536
0.003922376,0.042999742,0.331433545
0.000244597,0.063039034,0.362552627
0.004188555,0.036251243,0.331433545
0.001001897,0.024538849,0.315686539
0.003854893,0.029187815,0.268820452
0.002212827,0.005882999,0.207707074
0.003202566,0.020887161,0.196834141
0.003318785,0.007971284,0.142094551
0.003026362,0.013651271,0.102727038
0.00386989,0.002846174,0.081356102
0.003322534,0.004064653,0.019867795
0.004252289,0.009560931,0.00112136
0.00413232,0.003521024,-0.035621653
0.004525966,0.00605921,-0.087736742
0.004897118,0.004188376,-0.130103685
0.005635673,0.00533937,-0.182968632
0.006704141,0.006617835,-0.176594844
0.007296485,0.00578552,-0.172470628
0.008503666,0.004098396,-0.196091136
0.008946049,-6.69e-05,-0.135352687
0.009365938,0.006452872,-0.072739594
0.00992829,0.000420464,-0.094860387
0.009725843,0.002081344,-0.109482607
0.011105479,0.004773246,-0.135727616
0.010389418,-0.006875413,-0.204714496
0.011675328,0.007255193,-0.256454657
0.01132667,-0.010148435,-0.262078588
0.011412898,0.013606281,-0.250080869
0.013174932,-0.00837133,-0.216712215
0.010550625,-0.000977975,-0.134977758
0.014858238,0.010157048,-0.061116804
0.00992829,-0.020702337,-0.009751572
0.015578048,0.039336807,0.02136751
0.011375408,-0.056191943,0.007870077
0.013148689,0.078823023,-0.032247294
0.016773982,-0.10066455,-0.079113382
0.004102328,0.219630451,-0.109857535
0.227093443,1.667359654,-0.163847268
0.607816655,1.889066586,-0.091860958
0.91998922,1.673440801,0.037489444
1.237567857,1.828753752,0.049862091
1.53725247,1.770675422,0.180337279
1.817509712,1.834722424,0.251198803
2.091164948,1.725134302,0.243700229
2.35226475,1.699167578,0.338182261
2.613761946,1.743767657,0.330683687
2.858234888,1.743726416,0.365552056
3.091985662,1.785398396,0.455534944
3.310807877,1.796780864,0.422541219
3.520939888,1.847983224,0.439787939
3.722284219,1.866594085,0.463408447
3.908823709,1.88104337,0.416917288
4.080877025,1.891027399,0.442787369
4.236824594,1.888556699,0.403044926
4.38187754,1.909570774,0.283067742
4.515567237,1.914197245,0.228328152
4.637691238,1.914519673,0.155591984
4.74776592,1.911610321,0.102727038
4.842848312,1.890090108,0.153717341
4.924606722,1.882130628,0.176213063
4.995178086,1.870107053,0.215580576
5.053538925,1.847432097,0.274069454
5.099865441,1.824629669,0.250448945
5.134371329,1.793425361,0.282692814
5.156033109,1.763975662,0.249699088
5.166136691,1.731875303,0.125597688
5.165098215,1.690855677,0.031490585
5.152314091,1.650229715,-0.100484318
5.12872532,1.60655568,-0.266952661
5.094770537,1.561981845,-0.424422715
5.051416985,1.522143207,-0.499408455
5.000149273,1.477929293,-0.563146334
4.941383542,1.437070882,-0.605513277
4.874992324,1.391304812,-0.568395335
4.800938129,1.337984174,-0.55264833
4.718471156,1.28365126,-0.564646048
4.62741895,1.225689153,-0.563896191
4.52820515,1.166564806,-0.55264833
4.420743527,1.102525301,-0.57289448
4.305746394,1.03896569,-0.60738792
4.183611146,0.976579568,-0.592390772
4.055245044,0.915130737,-0.596514988
3.920974251,0.847788217,-0.612261993
3.780078957,0.776936478,-0.579643196
3.634291205,0.719285553,-0.577018696
3.485399273,0.656055868,-0.58714177
3.331779839,0.579235457,-0.601389061
3.170999796,0.502490029,-0.640756575
3.001619525,0.412453807,-0.670001013
2.825101138,0.334816078,-0.716492172
2.645546053,0.262528408,-0.718366815
2.461165992,0.178434615,-0.666251726
2.274300338,0.108951321,-0.59876456
2.082695935,0.014532325,-0.458541226
1.886821409,-0.061793197,-0.315318463
1.689004896,-0.158041786,-0.23545865
1.485051254,-0.238753832,-0.173220486
1.28326454,-0.320369427,-0.125979469
1.073687383,-0.431329744,-0.125604541
0.868635281,-0.485340229,-0.115481466
0.657389815,-0.629986802,-0.097859817
0.446942887,-0.677222545,-0.074989166
0.243986482,-0.942712237,-0.005252428
0.028977009,-0.980361362,0.027741298
-0.050475759,-0.285764624,0.109850683
-0.024296423,-0.09940483,0.222329293
-0.032049375,-0.159631433,0.252698518
-0.029635013,-0.06096838,0.279318455
-0.029020175,-0.091839013,0.304813607
-0.0308197,-0.046477854,0.293190817
-0.028360349,-0.056889288,0.244075158
-0.031044641,-0.043774705,0.205457501
-0.029023924,-0.0348067,0.166464917
-0.030527277,-0.045154398,0.133096262
-0.029743734,-0.027330863,0.1192239
-0.030073647,-0.034934172,0.133096262
-0.030501034,-0.026468555,0.126347546
-0.030186117,-0.027615799,0.053986307
-0.030830947,-0.026037401,0.026241583
-0.030621002,-0.022243245,-0.004127642
-0.031037143,-0.023705419,-0.058492303
-0.031355808,-0.023892878,-0.112856965
-0.032413029,-0.026164872,-0.18071906
-0.033222815,-0.024279042,-0.209963498
-0.03381141,-0.024792677,-0.214087714
-0.035014842,-0.024530236,-0.215962357
-0.035239783,-0.0224457,-0.172095699
-0.03574215,-0.024972637,-0.116981181
-0.035903358,-0.015393518,-0.124854683
-0.036488203,-0.026112384,-0.142851261
-0.037354224,-0.021021017,-0.173220486
-0.036353239,-0.019885019,-0.208088855
-0.038134019,-0.02406159,-0.220461502
-0.036679403,-0.008929956,-0.230959505
-0.038565155,-0.035444058,-0.208088855
-0.038021548,-0.003317455,-0.127854113
-0.03778911,-0.035968941,-0.077988596
-0.040222217,-0.004734639,-0.037121367
-0.035663421,-0.021662124,0.004495718
-0.042962743,-0.030487661,-0.03074758
-0.033800163,0.019998609,-0.015000574
-0.045392102,-0.100424603,-0.050243872
-0.031329565,0.139540767,-0.100859247
-0.066277837,-0.654911258,-0.148475191
-0.375571162,-1.865610689,-0.213337856
-0.743581481,-1.720435483,-0.113981751
-1.048743397,-1.717961033,-0.055492874
-1.368586436,-1.813174853,0.113974899
-1.657158983,-1.781393173,0.303313892
-1.937858609,-1.806002698,0.301814177
-2.205912824,-1.684387252,0.384298491
-2.467818662,-1.727030266,0.402295069
-2.724588357,-1.732702754,0.37904949
-2.964408778,-1.755940085,0.442037511
-3.194028142,-1.783320244,0.436413581
-3.408486511,-1.80428558,0.407169142
-3.616699028,-1.856091556,0.427415292
-3.812326119,-1.863679868,0.367801629
-3.993879426,-1.884090328,0.3269344
-4.16067663,-1.887352102,0.362177698
-4.312537778,-1.897965991,0.305938393
-4.454838951,-1.910844376,0.2433253
-4.584719653,-1.911620454,0.204332715
-4.703045907,-1.914563549,0.144719052
-4.808434327,-1.900091768,0.121848401
-4.898961671,-1.886339827,0.156341842
-4.977522176,-1.876636986,0.218205077
-5.044262052,-1.86029812,0.280443241
-5.099469973,-1.841143631,0.296940104
-5.142381141,-1.815225647,0.281568028
-5.172519433,-1.786375814,0.269945238
-5.191365706,-1.753120712,0.158966343
-5.197922725,-1.71703124,0.032990299
-5.192996525,-1.680638086,-0.045369799
-5.177513114,-1.639595965,-0.215962357
-5.150778924,-1.597429095,-0.404926422
-5.114271064,-1.554823573,-0.529777679
-5.069279195,-1.511119545,-0.605888205
-5.015750831,-1.468491527,-0.641506432
-4.954874406,-1.426860788,-0.628008999
-4.887051066,-1.377937921,-0.551898473
-4.810736219,-1.326645581,-0.499033526
-4.726147306,-1.274198498,-0.482161734
-4.633145615,-1.21183862,-0.463790228
-4.531588683,-1.151473298,-0.490410166
-4.422428759,-1.090316902,-0.538401039
-4.305125985,-1.023851687,-0.54102554
-4.180625112,-0.962046686,-0.544399899
-4.050429493,-0.899671811,-0.56127169
-3.913410675,-0.830653414,-0.574769123
-3.769767357,-0.762373603,-0.571769694
-3.622165084,-0.702638141,-0.576268838
-3.471537361,-0.638677369,-0.60738792
-3.31521864,-0.561178359,-0.596514988
-3.151026998,-0.479195346,-0.590891057
-2.978137653,-0.394726636,-0.620135496
-2.799636039,-0.320796832,-0.644505862
-2.617895282,-0.239511163,-0.622759997
-2.431554489,-0.162420812,-0.562396476
-2.242784337,-0.082930995,-0.471663731
-2.047757088,0.008646134,-0.337814185
-1.851440179,0.079764064,-0.220086573
-1.650916881,0.181640152,-0.158223338
-1.447390627,0.249335093,-0.137602259
-1.243624435,0.353449433,-0.11135725
-1.033439938,0.43199446,-0.113231894
-0.828968933,0.526724638,-0.108732749
-0.612287402,0.647144101,-0.086237027
-0.408431234,0.706763338,-0.057742446
-0.19335428,1.038182114,-0.002252998
-0.006814789,0.746830675,0.020992581
0.014738269,0.097722569,0.098227893
-0.003935549,0.130505277,0.200958357
0.006524189,0.092938633,0.238826156
7.21e-05,0.045324225,0.296190247
0.00413232,0.06674321,0.345680835
0.002404027,0.01806029,0.326559472
0.003067601,0.04467187,0.291691102
0.003749921,0.013658769,0.233202225
0.002437768,0.022255607,0.170964061
0.004372257,0.01504971,0.134970906
0.003052605,0.004432071,0.101227323
0.004106077,0.014940984,0.097478036
0.004079834,0.005238142,0.05023702
0.004128571,0.006707815,0.017618223
0.004409747,0.004597035,0.016493437
0.004855879,0.00560931,-0.031122508
0.005204537,0.005556821,-0.067115663
0.005242027,0.00592049,-0.113981751
0.006186778,0.007750083,-0.145850691
0.006891592,0.007247695,-0.172845557
0.007746366,0.007648856,-0.189717348
0.008871069,0.007322678,-0.162722482
0.009227225,0.000907855,-0.125604541
0.009523397,0.00578552,-0.115106537
0.010318187,0.004473312,-0.122605111
0.009943286,0.001556461,-0.123354969
0.011109228,0.007063986,-0.176969773
0.010693088,-0.003647381,-0.228335005
0.011600348,0.011697955,-0.246331582
0.012065225,-0.00707037,-0.263578302
0.011319172,0.011739196,-0.244456939
0.013669802,0.000866615,-0.169846127
0.010573119,-0.011044486,-0.071239879
0.014790756,0.017842838,-0.018374932
0.011019252,-0.026281096,0.01836808
0.014269643,0.043134712,0.01836808
0.01326116,-0.0561582,-0.028498007
0.010633104,0.048702224,-0.052493444
0.020346788,-0.051704191,-0.10835782
-0.002330973,0.064010068,-0.147725334
0.176755486,1.486019993,-0.182218774
0.55429204,1.933175524,-0.145100833
0.872740447,1.646139375,-0.023249006
1.184575601,1.80012887,0.010869506
1.487713051,1.75404787,0.146593696
1.765938331,1.808073352,0.248199373
2.039106195,1.718127111,0.258322448
2.297776638,1.66989409,0.328809044
2.558351578,1.708056851,0.28081817
2.80119745,1.688186271,0.319435826
3.031461644,1.739729805,0.431539508
3.250793725,1.74847661,0.386548064
3.461011963,1.797002065,0.385798206
3.661002901,1.81257985,0.403794784
3.843504708,1.815196768,0.322810185
4.011546583,1.822548882,0.288691673
4.165447193,1.826732952,0.287941815
4.309266715,1.85164616,0.247824445
4.441756728,1.847938234,0.208456931
4.561732546,1.846663518,0.161965772
4.668136948,1.836312071,0.086980032
4.759579051,1.812928522,0.07910653
4.838446974,1.801782252,0.137595407
4.906180338,1.791325828,0.202458072
4.961935615,1.767822306,0.258322448
5.004884273,1.735744442,0.231327582
5.035551175,1.708866671,0.22607858
5.054041292,1.679117039,0.184086566
5.061074435,1.635964138,0.052111663
5.057018006,1.592425073,-0.012751002
5.041613324,1.559754841,-0.135352687
5.015366505,1.523402927,-0.327316181
4.978877391,1.477063235,-0.4660398
4.933731812,1.436932163,-0.590516129
4.880769548,1.395560116,-0.663252297
4.819934363,1.339285134,-0.663252297
4.75158991,1.294021453,-0.620885353
4.67521133,1.247441815,-0.545524685
4.590404974,1.186971516,-0.491534952
4.497433276,1.13444945,-0.48066202
4.396408703,1.074249091,-0.481786806
4.287136309,1.013332642,-0.507656886
4.169728562,0.951880062,-0.575144052
4.045775045,0.885092419,-0.580018125
3.915613167,0.825979319,-0.560146904
3.778609345,0.758854251,-0.570269979
3.636056989,0.697285447,-0.560896761
3.48999181,0.638311065,-0.565770835
3.340346327,0.564572469,-0.560146904
3.184380013,0.494271857,-0.583017555
3.019678506,0.408161012,-0.586391913
2.84645175,0.323489847,-0.586016984
2.669146071,0.25452019,-0.622759997
2.487191619,0.17184733,-0.624259712
2.302252956,0.103076378,-0.617510995
2.113737737,0.014573566,-0.511031244
1.919565262,-0.060529728,-0.39967742
1.724545511,-0.143764962,-0.29319767
1.52289751,-0.234078622,-0.161597696
1.32283909,-0.304041809,-0.136852402
1.116411101,-0.418890011,-0.103108819
0.910725416,-0.469110089,-0.076488881
0.703776315,-0.609685068,-0.067115663
0.49036767,-0.667313499,-0.053993159
0.29098782,-0.86393851,-0.049494015
0.070737232,-1.04878739,0.005245576
-0.045215898,-0.414769677,0.042363517
-0.024303921,-0.08133385,0.105351539
-0.025541094,-0.171677503,0.163465487
-0.027606798,-0.060477239,0.185961209
-0.024183952,-0.085900334,0.234327011
-0.027764257,-0.055700802,0.258322448
-0.024472626,-0.050376986,0.29244096
-0.027366862,-0.051216799,0.258322448
-0.025432373,-0.030075252,0.175463205
-0.026523335,-0.044734491,0.160840986
-0.02650459,-0.028841777,0.097852965
-0.026107194,-0.036849995,0.066733882
-0.027029451,-0.025973665,0.071607955
-0.026320888,-0.025808701,0.029241012
-0.027198156,-0.02923169,0.023242153
-0.027093184,-0.023090556,-0.003752713
-0.027310627,-0.021358441,-0.029997722
-0.027625544,-0.02240071,-0.057367517
-0.027801747,-0.028069449,-0.123729897
-0.028746497,-0.025632491,-0.178844416
-0.029676252,-0.022768128,-0.19496635
-0.030392313,-0.025628742,-0.19796578
-0.031606992,-0.024935146,-0.216712215
-0.031606992,-0.016473278,-0.188967491
-0.031944403,-0.023371744,-0.164222197
-0.032488009,-0.019007714,-0.148475191
-0.032379288,-0.019277654,-0.125229612
-0.03347025,-0.020972277,-0.163097411
-0.032570488,-0.02060111,-0.19496635
-0.034231299,-0.025647487,-0.238458079
-0.033234062,-0.007194092,-0.279700236
-0.034208805,-0.033254545,-0.257204514
-0.034804898,-0.004449703,-0.232834149
-0.03335778,-0.028965499,-0.168346413
-0.037013065,-0.016919429,-0.076488881
-0.031903164,-0.011096974,-0.022124219
-0.038823836,-0.046065445,-0.009376644
-0.031490773,0.030256327,-0.015750432
-0.039018785,-0.102831568,-0.050243872
-0.033114094,0.121728479,-0.077988596
-0.042362902,-0.456014252,-0.10273389
-0.313836214,-1.77987851,-0.156348694
-0.688632242,-1.765474214,-0.081362954
-0.992999368,-1.667054857,-0.022124219
-1.309374572,-1.798283165,0.058485451
-1.600192776,-1.749446529,0.211831289
-1.878346824,-1.790856068,0.197583999
-2.145921166,-1.668562022,0.273319596
-2.405232689,-1.688143916,0.326184543
-2.662028627,-1.699316431,0.255697947
-2.898482437,-1.699038992,0.329183972
-3.125792411,-1.740624742,0.328059186
-3.340813131,-1.75883819,0.2838176
-3.548444552,-1.803355787,0.341931548
-3.742785732,-1.80518538,0.334058046
-3.920233874,-1.816935266,0.34155662
-4.084268057,-1.825573345,0.399295639
-4.234385915,-1.834068955,0.336682546
-4.374778842,-1.847430983,0.233202225
-4.503257415,-1.84555265,0.207332145
-4.618606954,-1.841289849,0.122973187
-4.720411321,-1.825258415,0.085480317
-4.807425843,-1.809373199,0.153717341
-4.883305805,-1.801196267,0.129721904
-4.947657562,-1.78014845,0.176213063
-4.998621604,-1.754766596,0.196459213
-5.037993707,-1.730644462,0.124097974
-5.064757889,-1.699481394,0.142844409
-5.079555232,-1.668753229,0.084355531
-5.083660398,-1.632989935,-0.010126501
-5.076113641,-1.593121304,-0.061866662
-5.057769735,-1.554632365,-0.188967491
-5.029325996,-1.511516956,-0.328440967
-4.990887396,-1.468131608,-0.425172572
-4.943638623,-1.428349207,-0.487410736
-4.888696882,-1.387464552,-0.50953153
-4.826005937,-1.340183819,-0.5470244
-4.755119655,-1.289446356,-0.549273972
-4.676176752,-1.239098806,-0.527528107
-4.588832317,-1.180956739,-0.541775398
-4.493187574,-1.122076087,-0.559022118
-4.389801125,-1.063607844,-0.570269979
-4.278118117,-0.999947005,-0.565395906
-4.158625921,-0.942127367,-0.553773116
-4.032711672,-0.878695227,-0.529402751
-3.900285391,-0.811682634,-0.528277965
-3.760687255,-0.745993497,-0.53240218
-3.616072943,-0.681316634,-0.507656886
-3.468650623,-0.62244723,-0.502032956
-3.316047171,-0.551336798,-0.493784524
-3.156620521,-0.472596814,-0.479912162
-2.988927303,-0.384930065,-0.497158882
-2.813938513,-0.312829854,-0.529777679
-2.635350672,-0.239829843,-0.565395906
-2.451383003,-0.156230939,-0.563896191
-2.264787277,-0.081637532,-0.49790874
-2.072631769,0.01019079,-0.427047216
-1.877720739,0.074159061,-0.350936689
-1.680069183,0.175150345,-0.2557048
-1.47775011,0.242132945,-0.204714496
-1.277492991,0.326912836,-0.161597696
-1.068703126,0.431926975,-0.126729327
-0.865458047,0.500787907,-0.091860958
-0.652450546,0.640391853,-0.032622223
-0.445437712,0.671607409,-0.018000004
-0.237742558,0.976752029,0.05023702
-0.031708215,0.877912766,0.066733882
0.020564231,0.170171453,0.053611378
-0.004321697,0.097831295,0.166839845
0.006190527,0.116952041,0.218580006
0.001264328,0.037151043,0.225328723
0.003266299,0.07011746,0.206207359
0.003360024,0.020339783,0.196459213
0.002310301,0.041998715,0.205082573
0.0043985,0.01954496,0.123348116
0.002583979,0.020283545,0.095228464
0.004615942,0.020212311,0.109475754
0.003390016,0.00713522,0.075732171
0.004259787,0.014288629,0.080606244
0.004379755,0.00434959,0.07310767
0.004319771,0.007217702,0.049862091
0.004743409,0.000270497,0.04161366
0.004533464,0.001987615,0.026241583
0.005215784,0.003790964,0.020617652
0.005245776,0.00210009,-0.018749861
0.005991829,0.006662825,-0.061866662
0.007075293,0.006857782,-0.116981181
0.00780635,0.00556057,-0.170595985
0.008773595,0.008736114,-0.175470058
0.009609624,0.005418102,-0.172470628
0.009688353,0.00380971,-0.161222767
0.010475645,0.004334593,-0.15747348
0.010303191,0.001275274,-0.187842705
0.011142969,0.005181905,-0.227960076
0.011217949,-0.006736694,-0.254205085
0.01117671,0.006261664,-0.282699666
0.012458871,-0.0069354,-0.294322456
0.011112977,-0.000441844,-0.241457509
0.013928483,0.007513886,-0.161972625
0.01132667,-0.012922818,-0.100109389
0.01416842,0.023571564,-0.048744157
0.012571342,-0.030978801,-0.02774815
0.012526354,0.034099222,-0.040495726
0.01625287,-0.027979469,-0.06524102
0.008736104,0.015735807,-0.047619371
0.022776147,0.010588202,-0.068990307
-0.003245731,-0.07939928,-0.115856395
0.115286718,1.18740267,-0.16047291
0.477958447,1.970434735,-0.170221056
0.812317653,1.653960135,-0.013500859
1.119035408,1.768189725,0.044988018
1.429682126,1.757725802,0.133096262
1.709920623,1.780052086,0.277818741
1.98694247,1.739868525,0.236951512
2.247847323,1.645078361,0.267695666
2.509670683,1.69803533,0.269945238
2.75810258,1.672945911,0.265446093
2.991380978,1.710718759,0.361052912
3.214012188,1.729175903,0.349430122
3.426063692,1.766521346,0.348680265
3.630542195,1.797230764,0.34718055
3.817928962,1.788176528,0.242950371
3.990233462,1.801039917,0.244075158
4.148415441,1.811046441,0.263946379
4.295579079,1.823872338,0.187460924
4.431720628,1.824288495,0.166464917
4.55573413,1.823677381,0.141344694
4.666547368,1.814833099,0.070858098
4.761899688,1.79414895,0.08173103
4.844876526,1.783984961,0.137595407
4.916516358,1.771912646,0.190460353
4.975724473,1.744243801,0.264696236
5.022849529,1.718554516,0.246699658
5.057302931,1.694447378,0.203207929
5.07923089,1.660269981,0.173588562
5.089904322,1.623082004,0.05586095
5.089349468,1.582047382,-0.042370369
5.077585075,1.54393336,-0.122230182
5.055315956,1.510194615,-0.260578873
5.022849529,1.46899503,-0.415424426
4.980883111,1.425024811,-0.533526966
4.930500166,1.381189562,-0.614136637
4.872034355,1.335311018,-0.650504721
4.805658133,1.288105269,-0.615261423
4.730925367,1.235736918,-0.5496489
4.6478698,1.183188608,-0.505782243
4.557170001,1.128683232,-0.499783383
4.458548544,1.06971635,-0.533526966
4.351982935,1.011761742,-0.561646619
4.237263229,0.948138394,-0.581142911
4.115386662,0.887075728,-0.579643196
3.987282991,0.82381605,-0.529402751
3.852059949,0.754640188,-0.518904747
3.710538571,0.693195106,-0.533152038
3.564908277,0.631540072,-0.523028963
3.416248784,0.569176444,-0.536901325
3.262145728,0.500041823,-0.550023829
3.099997296,0.420596996,-0.558272261
2.92892997,0.34015489,-0.576268838
2.75261028,0.269018214,-0.593515558
2.572477848,0.186424087,-0.61601128
2.38717928,0.1144401,-0.587516699
2.199661298,0.037683425,-0.498658597
2.005586297,-0.053155118,-0.407175994
1.810120413,-0.120688845,-0.284949238
1.609604614,-0.2193444,-0.18071906
1.407034356,-0.280864464,-0.144350976
1.204040461,-0.385391213,-0.116606252
0.994830707,-0.460479509,-0.133103115
0.791735588,-0.555190941,-0.115481466
0.576032549,-0.669311805,-0.090736172
0.374058384,-0.741963143,-0.08548717
0.158441572,-1.064503894,-0.013500859
-0.02195704,-0.728462397,-0.000753284
-0.036773128,-0.112808099,0.059610237
-0.020105029,-0.158135515,0.137970335
-0.030039906,-0.107146858,0.144344123
-0.023197963,-0.068762896,0.200958357
-0.027456838,-0.081405084,0.238451227
-0.025113707,-0.04119153,0.245574872
-0.025923493,-0.064132676,0.219704792
-0.026309641,-0.032658428,0.168714489
-0.025308655,-0.042567474,0.131596548
-0.026842,-0.032857134,0.089979462
-0.025649815,-0.029077974,0.055486021
-0.026819506,-0.030390182,0.043863232
-0.02635088,-0.023008074,0.034490014
-0.026748275,-0.031106273,0.028116226
-0.026984463,-0.023712918,0.015368651
-0.027048196,-0.025632491,-0.01912479
-0.027385607,-0.022921844,-0.046119656
-0.027366862,-0.022663151,-0.079863239
-0.028416585,-0.026412317,-0.116981181
-0.029275108,-0.020863552,-0.14322619
-0.029979922,-0.025797454,-0.158973195
-0.031258334,-0.025475026,-0.190467206
-0.031558255,-0.018928982,-0.181093988
-0.031685721,-0.025328808,-0.150349835
-0.032345547,-0.017129382,-0.152974336
-0.032128105,-0.017886714,-0.127479184
-0.033346533,-0.021133491,-0.147725334
-0.032559241,-0.01543101,-0.203964639
-0.033713936,-0.02810694,-0.26432816
-0.033717685,-0.006313038,-0.310069461
-0.03343276,-0.027293371,-0.281199951
-0.035333508,-0.011265687,-0.226460361
-0.03275044,-0.019285153,-0.13722733
-0.036893096,-0.026146126,-0.049494015
-0.032413029,0.00254999,-0.005252428
-0.037384217,-0.059742403,-0.023623934
-0.033683944,0.037702171,-0.037496296
-0.034673682,-0.092195184,-0.02774815
-0.039543646,0.071384678,-0.069740164
-0.024813786,-0.201955768,-0.094485459
-0.239208421,-1.59466596,-0.154848979
-0.619800418,-1.837604418,-0.126729327
-0.93183052,-1.629559448,-0.052118516
-1.246319973,-1.796209877,0.015368651
-1.545550955,-1.741989438,0.194584569
-1.824406068,-1.790481151,0.242200514
-2.097187785,-1.682718873,0.270320167
-2.356540548,-1.662218433,0.303688821
-2.616834312,-1.69509112,0.242200514
-2.858626712,-1.680165691,0.286067172
-3.088557244,-1.7235023,0.333308188
-3.306790865,-1.736440672,0.295815318
-3.51675417,-1.783110291,0.315311611
-3.715856593,-1.790578629,0.335182832
-3.897882276,-1.796543552,0.294315603
-4.065999131,-1.806407608,0.299189676
-4.2196748,-1.810482952,0.295065461
-4.362905727,-1.825633331,0.236576584
-4.495182047,-1.825037214,0.193084854
-4.614599263,-1.822592758,0.123723045
-4.72090619,-1.807899776,0.061484881
-4.812220827,-1.789573853,0.097852965
-4.890841316,-1.779207409,0.119598829
-4.959208262,-1.764139511,0.170214204
-5.014442426,-1.738855135,0.206207359
-5.056697518,-1.712498498,0.173588562
-5.087521878,-1.685751948,0.206207359
-5.106056984,-1.648136566,0.13084669
-5.112730221,-1.614945199,0.011244435
-5.108655047,-1.582061264,-0.038621082
-5.093715243,-1.538465962,-0.148475191
-5.067955795,-1.497551313,-0.26995209
-5.033007524,-1.458425017,-0.393303633
-4.989091621,-1.416509341,-0.48928538
-4.936508006,-1.372205446,-0.54102554
-4.876418874,-1.32961867,-0.588641485
-4.807823238,-1.282202967,-0.56127169
-4.730732345,-1.226194176,-0.533152038
-4.64539738,-1.170395339,-0.543275113
-4.551645887,-1.113741691,-0.543275113
-4.450591322,-1.057927857,-0.560521833
-4.341675084,-0.998736024,-0.583392483
-4.224852183,-0.93748215,-0.597264845
-4.101236076,-0.875789624,-0.547399328
-3.970695548,-0.808503341,-0.508031815
-3.833305579,-0.7444076,-0.500533241
-3.68981597,-0.683442411,-0.470164016
-3.542494873,-0.621712393,-0.459291084
-3.391319794,-0.554797278,-0.439794791
-3.233621437,-0.483296933,-0.461915585
-3.067877705,-0.397639738,-0.494534382
-2.893807422,-0.320028253,-0.509906458
-2.715939391,-0.253315593,-0.572519551
-2.533565051,-0.166233714,-0.572519551
-2.347389214,-0.101080707,-0.519279676
-2.157284415,-0.01363141,-0.466414729
-1.961121216,0.067185612,-0.392178846
-1.76437692,0.146173041,-0.274451235
-1.56128555,0.227946101,-0.176594844
-1.35978751,0.296132183,-0.14885012
-1.152564731,0.417245241,-0.096735031
-0.945671865,0.460923025,-0.083612526
-0.738692772,0.602172854,-0.056992589
-0.524230655,0.655902152,-0.024373792
-0.323763592,0.83554719,0.003745861
-0.101526029,1.053096297,0.076482029
0.02143775,0.422231632,0.076856957
0.002321548,0.05496708,0.120348687
0.002235321,0.15251663,0.152592555
0.005223282,0.043243438,0.169089418
0.001343057,0.069176419,0.204707644
0.005182043,0.037458475,0.179212492
0.002021628,0.02808556,0.204707644
0.005122059,0.034841557,0.169839275
0.003408761,0.012672738,0.081356102
0.004154814,0.0245351,0.085480317
0.004372257,0.003862198,0.063734453
0.004064838,0.011424266,0.031865513
0.005069573,0.006861531,0.043488303
0.004600946,0.007963786,0.033365228
0.005170796,0.00425961,0.033740157
0.005110812,0.001882639,0.006370362
0.005669414,0.004195874,-0.019874647
0.005658167,0.000701651,-0.012001145
0.006138041,0.006655327,-0.057742446
0.006576675,-0.000528075,-0.0911111
0.006389224,0.000109283,-0.106483177
0.006940329,0.000517942,-0.169846127
0.007034054,-0.002725086,-0.18071906
0.006831607,-0.000944233,-0.149974906
0.00670789,-0.007482778,-0.142476332
0.006730384,-0.00149536,-0.113231894
0.00670789,0.000176768,-0.123354969
0.006422965,-0.006028102,-0.164972054
0.006370479,-0.001101698,-0.219336716
0.006156786,-0.003055013,-0.276325878
0.00617928,-0.003085006,-0.274076306
0.006224268,-0.000494333,-0.233958935
0.005890606,-0.003572398,-0.173220486
0.005725649,-0.004262244,-0.089611386
0.005425729,-0.00401105,-0.023623934
0.005455721,-0.002860056,-0.037871225
0.005575689,-0.004236,-0.06524102
0.005541948,-0.007512771,-0.057367517
0.005493211,-0.002788822,-0.076488881
0.005088318,-0.004127275,-0.125229612
0.005039581,-0.005469476,-0.151474621
0.005062075,-0.001716561,-0.166846698
0.004942106,-0.009623552,-0.165346983
0.005017087,-0.00477588,-0.15184955
0.0049646,-0.002293932,-0.122605111
0.004825887,-0.00846131,-0.052118516
0.004724664,-0.001802792,-0.040495726
0.004754656,-0.002271437,-0.080988025
0.004912114,-0.003906074,-0.134977758
