0.002793924,0.005286881,-0.101984033
0.003776164,-0.013353972,-0.118105967
0.001882914,0.000874113,-0.097859817
0.004780899,-0.005863138,-0.097859817
0.001020642,-0.022430703,-0.095985173
0.005260772,0.030428789,-0.094485459
0.001200594,-0.063873984,-0.08548717
0.003648698,0.073514204,-0.083612526
0.004004854,-0.133447257,-0.095610245
4.66e-06,0.287344138,-0.08248774
0.157106924,2.108145352,-0.08248774
0.376015367,2.977337,0.007495148
0.525102248,2.884965048,0.026616511
0.681893344,2.806809934,0.013868936
0.815605535,2.758936833,0.16271563
0.937785771,2.64157669,0.020242724
1.055493438,2.430836069,0.025866654
1.153128905,2.418171386,0.200958357
1.243075153,2.39172102,0.022117367
1.318760167,2.32047187,0.060735023
1.388697948,2.241503186,0.063734453
1.445068063,2.178187271,-0.027373221
1.490374849,2.123644404,0.050986877
1.526121659,2.053152585,-0.01912479
1.549912876,2.027178363,0.011244435
1.565445025,1.991246356,-0.051743587
1.570251256,1.936628505,-0.209213641
1.566640959,1.869600916,-0.129353828
1.554040536,1.804612872,-0.195716208
1.532772403,1.71615505,-0.254580014
1.504066233,1.62278207,-0.158223338
1.466339945,1.53799843,-0.222336145
1.420943183,1.438086906,-0.275950949
1.368228354,1.345205067,-0.196466065
1.308472883,1.247651768,-0.205464354
1.241939203,1.140969249,-0.226460361
1.169043452,1.028516764,-0.130103685
1.088713415,0.898409457,-0.236583436
1.002583659,0.785634543,-0.325816467
0.915677859,0.662320724,-0.254205085
0.823467209,0.529146599,-0.356185691
0.728823451,0.404546816,-0.350936689
0.625665692,0.232441351,-0.313818748
0.5177092,0.109821128,-0.332940112
0.406914708,-0.054516066,-0.300321315
0.290312999,-0.179696969,-0.32769111
0.180242065,-0.364988251,-0.230209648
0.056116093,-0.613392994,-0.190842134
-0.011647263,-0.297889427,-0.221211359
0.000660737,-0.030243965,-0.060741876
0.000567012,-0.094107259,-0.072739594
-0.000625173,-0.034214332,-0.168346413
0.001800436,-0.04937221,0.029241012
-0.000681409,-0.035927701,-0.004877499
0.001478021,-0.019708808,-0.107607963
-0.00026152,-0.029899042,0.077231886
0.000713223,-0.01507109,0.010119649
0.000435796,-0.024683952,-0.05361823
0.000274589,-0.01286658,0.000371503
0.000488282,-0.016259576,-0.012376073
-0.000130304,-0.014017574,0.007120219
6.46e-05,-0.011606861,-0.054743016
-0.000250272,-0.013987581,-0.009376644
6.84e-05,-0.013432705,0.007495148
-0.000343998,-0.016904432,-0.051368658
-0.000587683,-0.010339643,0.047987447
-0.000501456,-0.01003596,0.02136751
-0.000805126,-0.013601417,-0.02474872
-0.000853863,-0.007947675,0.055486021
-0.00113129,-0.011666847,0.044988018
-0.001202521,-0.013282738,-0.002627927
-0.001075055,-0.007021631,-0.011251287
-0.001191274,-0.013987581,-0.019499719
-0.001007573,-0.01170059,-0.142101404
-0.001078804,-0.008067648,-0.14885012
-0.001082553,-0.012424179,-0.11135725
-0.000958835,-0.008603779,-0.241832438
-0.000936341,-0.007299069,-0.18634299
-0.000591432,-0.006155573,-0.171720771
-0.00086511,-0.007988915,-0.251955513
-0.000988827,-0.008003912,-0.200215352
-0.000688907,-0.004922098,-0.176594844
-0.000801377,-0.009691037,-0.158598266
-0.000651417,-0.007580256,-0.18071906
-0.000591432,-0.006954146,-0.141351546
-0.00064017,-0.009488582,-0.125979469
-0.000606428,-0.006871664,-0.220086573
-0.000771385,-0.009357361,-0.142101404
-0.000583934,-0.006328035,-0.10573332
-0.000377739,-0.006110583,-0.164972054
-0.000535197,-0.011509382,-0.115856395
-0.000550193,-0.008491304,-0.085862099
-0.000437723,-0.008491304,-0.116981181
-0.000343998,-0.009079923,-0.114731608
-0.00056144,-0.010155933,-0.053243302
-0.001150035,-0.013878855,-0.075739024
-0.001513689,-0.010275907,-0.092235886
-0.001719884,-0.010410877,-0.03637151
-0.002087287,-0.01044087,-0.062991448
-0.00222975,-0.009443592,-0.067490592
-0.002765858,-0.01111572,-0.018749861
-0.002649639,-0.006579229,-0.003002856
-0.003043285,-0.014178789,-0.018749861
-0.003241982,-0.004832118,-0.021374362
-0.002788352,-0.012191731,-0.004877499
-0.004145494,-0.01228546,-0.049119086
-0.00268338,-0.005267021,-0.089611386
-0.004381682,-0.023023071,-0.067865521
-0.003095771,0.004769496,-0.080613097
-0.003530656,-0.025831196,-0.108732749
-0.004239219,0.007480143,-0.09411053
-0.001836104,-0.024751437,-0.098609674
-0.006286179,-0.007996414,-0.107233034
0.001043136,0.010093312,-0.081737883
-0.009214155,-0.066982042,-0.097859817
0.005920598,0.115643583,-0.118105967
-0.039742344,-0.681706547,-0.121480325
-0.274531593,-1.662267172,-0.142476332
-0.509429564,-1.62487674,-0.130103685
-0.696119015,-1.730025849,-0.129353828
-0.880037947,-1.797124673,-0.050993729
-1.032438953,-1.819732144,-0.008251858
-1.177120747,-1.891374957,-0.06524102
-1.298558679,-1.871635598,0.06748374
-1.405585416,-1.887479574,0.044613089
-1.502726014,-1.830522244,-0.051368658
-1.587854784,-1.839670209,0.053986307
-1.661455349,-1.833562818,0.022492296
-1.717990419,-1.828940096,0.026241583
-1.764121987,-1.832629275,0.07310767
-1.79671588,-1.809733118,0.065609096
-1.819322411,-1.808840817,0.068233597
-1.83151794,-1.785862179,0.028491155
-1.832612651,-1.764439444,0.026616511
-1.82455228,-1.736890572,-0.011251287
-1.806395824,-1.693362755,-0.054743016
-1.778934326,-1.638437473,-0.041995441
-1.741927848,-1.568616755,-0.083987455
-1.695777535,-1.496505296,-0.164222197
-1.641746803,-1.424787499,-0.144725904
-1.579944373,-1.337236975,-0.106483177
-1.510703907,-1.24586605,-0.179219345
-1.435851174,-1.145943278,-0.16609684
-1.353290476,-1.029497931,-0.131978329
-1.264645134,-0.918361404,-0.26432816
-1.171043601,-0.80145116,-0.312693962
-1.075365117,-0.699740036,-0.302945816
-0.976282532,-0.560803442,-0.378306485
-0.869776907,-0.424506261,-0.345312759
-0.759046147,-0.28627826,-0.339688828
-0.639621434,-0.138422401,-0.386929845
-0.52208997,-0.02599616,-0.364434123
-0.397495372,0.144043515,-0.326941253
-0.273961744,0.239714733,-0.277825593
-0.148223697,0.519166319,-0.28719881
-0.02161588,0.587281167,-0.219336716
0.011244192,0.135532908,-0.178094559
-0.00506775,0.047318781,-0.233584006
0.000896925,0.07771327,-0.216712215
-0.002094785,0.018907601,-0.166471769
-0.000876357,0.043063478,-0.125229612
-0.000917596,0.008811097,-0.156723623
-0.001738629,0.02408145,-0.051743587
-0.000415229,0.008492418,-0.018374932
-0.001843602,0.007318929,-0.112856965
-0.000546444,0.011439263,0.002996003
-0.00128125,0.00057043,0.003745861
-0.000546444,0.010160797,-0.004502571
-0.000400233,0.000248002,0.055486021
-0.000703903,0.005849256,0.017993151
-0.000171543,0.001860144,0.05586095
-0.000407731,-0.000306874,0.061109952
-4.78e-05,0.004338342,0.072357813
-5.16e-05,-0.000546821,0.102352109
9.84e-05,-0.001266661,0.090354391
0.000379561,-0.000689289,0.12222333
0.000432047,0.002486254,0.078731601
0.000795701,0.002197569,0.029241012
0.000788203,-3.19e-06,-0.001128212
0.000653239,0.000184266,-0.059242161
0.000690729,1.18e-05,-0.070115093
0.000720721,-0.000509329,-0.089236457
0.000694478,-0.003287461,-0.101234175
0.000488282,-0.00244015,-0.118855824
0.000454541,-0.0008655,-0.115481466
0.000488282,-0.002931291,-0.120730468
0.000435796,-0.003591144,-0.16609684
0.000402055,-0.001521604,-0.156348694
0.000312079,-0.001240417,-0.161972625
0.000274589,0.001027829,-0.185968061
0.00106563,0.004941958,-0.202464924
0.001751699,-0.00140538,-0.228709933
0.00178544,0.001691431,-0.242957224
0.002715194,0.003652245,-0.287948668
0.002906394,-0.002965033,-0.283449523
0.003322534,0.003779717,-0.23545865
0.003686188,-0.003171237,-0.245956653
0.00379116,0.005343119,-0.208838712
0.004604695,0.002006361,-0.176219915
0.004034846,0.001350257,-0.192341849
0.005523203,0.007273939,-0.15747348
0.004147316,-0.006721697,-0.098984603
0.005849367,0.017872832,-0.073489451
0.005114561,-0.012450423,-0.075739024
0.004784648,0.020268549,-0.032622223
0.007405206,-0.009413599,-0.021749291
0.003030111,0.005211898,-0.040120797
0.009508401,0.019623692,-0.021749291
0.000971905,-0.037101189,-0.022499148
0.011472882,0.083217046,-0.013500859
-0.001183776,-0.152800452,-0.036746439
0.028778312,0.617840619,-0.061491733
0.309170519,1.958133722,-0.03074758
0.640099381,2.005849357,0.013868936
0.903928461,2.088304765,-0.018374932
1.171169141,2.276647868,0.071233027
1.403506538,2.351316258,0.215955505
1.625980289,2.526473545,0.102352109
1.83194715,2.520144952,0.245949801
2.02503991,2.595476945,0.315686539
2.207024353,2.664829018,0.23770137
2.369105302,2.759682917,0.422541219
2.519894234,2.861169092,0.352429552
2.653119053,2.934885194,0.408293928
2.773529756,3.03096882,0.420291647
2.877114903,3.058427712,0.271070024
2.966000181,3.072074676,0.314186824
3.041613963,3.104265015,0.124472902
3.103210198,3.095829392,0.001496289
3.154230475,3.068183042,-0.041995441
3.193415127,3.040255504,-0.232084291
3.221191542,2.987021096,-0.297321885
3.238043342,2.916240591,-0.272201662
3.244589114,2.84980537,-0.336689399
3.241657388,2.809329374,-0.406801066
3.228959491,2.752780703,-0.30182103
3.206577901,2.679596982,-0.274451235
3.175925996,2.61303054,-0.250455798
3.137588619,2.533038334,-0.157098552
3.091730729,2.453743473,-0.301446101
3.039499522,2.38115962,-0.286823882
2.980441367,2.29516125,-0.248956083
2.914286337,2.199538771,-0.362559479
2.84050582,2.106491969,-0.310069461
2.759336004,2.010880738,-0.369308196
2.671777876,1.917421528,-0.371182839
2.576969162,1.814113259,-0.396677991
2.47631949,1.710433822,-0.491160023
2.370792357,1.607755413,-0.421798214
2.260560216,1.487137244,-0.515905317
2.144235934,1.363778436,-0.535026681
2.022419352,1.245942148,-0.462290513
1.898597049,1.124581645,-0.524903606
1.771730551,1.004132189,-0.47766259
1.642041048,0.872041572,-0.386554916
1.50460984,0.718640696,-0.319817607
1.362424886,0.585620286,-0.232084291
1.216393449,0.438769203,-0.132728186
1.067546505,0.316700108,-0.078363524
0.918388393,0.164075309,-0.103858676
0.762602031,0.023489082,-0.090736172
0.60995734,-0.109302628,-0.126354398
0.448176312,-0.29027862,-0.190842134
0.294583121,-0.388199338,-0.196091136
0.135163969,-0.718193431,-0.179594274
-0.008010723,-0.649842386,-0.120355539
-0.029252614,-0.127002441,-0.121855254
-0.013300576,-0.101665577,-0.073114523
-0.020986047,-0.101984256,0.011619364
-0.016157322,-0.046395372,0.072357813
-0.018639167,-0.073614317,0.160840986
-0.017499467,-0.038432143,0.126722474
-0.017390746,-0.051025592,0.128972047
-0.018335497,-0.036572557,0.095603392
-0.017229539,-0.035470302,0.017993151
-0.018417975,-0.031829862,0.044988018
-0.017626934,-0.029351663,0.035989729
-0.018223026,-0.029415399,0.041238731
-0.017923106,-0.022224499,0.041988588
-0.018151795,-0.027492077,0.032990299
-0.018429222,-0.021973305,-0.002627927
-0.018320501,-0.021602137,-0.072364665
-0.018714147,-0.022089529,-0.088486599
-0.018669159,-0.018898989,-0.103858676
-0.018789127,-0.020541123,-0.167596555
-0.019036562,-0.023686674,-0.181093988
-0.019186522,-0.021463418,-0.185218204
-0.0194602,-0.018066674,-0.216712215
-0.019493941,-0.015805927,-0.157848409
-0.01934398,-0.016990663,-0.112482036
-0.019381471,-0.020728582,-0.110982321
-0.019059056,-0.021440923,-0.103483747
-0.019096546,-0.019870023,-0.121105396
-0.019160279,-0.01696067,-0.169471199
-0.018642916,-0.01646578,-0.220836431
-0.018635418,-0.018490329,-0.254954942
-0.018946585,-0.019285153,-0.260953801
-0.019595164,-0.019738802,-0.232084291
-0.020060041,-0.019540096,-0.196091136
-0.020491177,-0.021943311,-0.179219345
-0.020978549,-0.017474305,-0.164597126
-0.020959804,-0.018332864,-0.115481466
-0.021945793,-0.02231073,-0.107982892
-0.021518406,-0.016968168,-0.122605111
-0.022324443,-0.02532131,-0.085862099
-0.022594372,-0.013147768,-0.095610245
-0.022331941,-0.023540456,-0.133852972
-0.023752816,-0.016949422,-0.112482036
-0.022077009,-0.015562231,-0.10573332
-0.024757551,-0.024305286,-0.08548717
-0.022523141,-0.0026651,-0.027373221
-0.024693818,-0.042342524,0.003745861
-0.023734071,0.006062959,0.013868936
-0.02294303,-0.042398761,-0.010876359
-0.026710785,0.00133901,-0.03937094
-0.019205267,-0.025557507,-0.078363524
-0.032630472,-0.035624018,-0.136102544
-0.00855433,0.074852656,-0.119230753
-0.110782334,-1.053496343,-0.16609684
-0.448009533,-1.950907964,-0.15184955
-0.758813709,-1.826199456,-0.068615378
-1.027156598,-1.997791285,-0.149599977
-1.293876165,-2.056784412,0.060360095
-1.528342999,-2.150963462,0.121848401
-1.757283793,-2.236129517,-0.022499148
-1.967625748,-2.177383835,0.212956075
-2.172018024,-2.206751052,0.109100826
-2.361391767,-2.197258164,0.053611378
-2.537898906,-2.178422354,0.211081432
-2.70681805,-2.128625931,0.179212492
-2.863163014,-2.093443757,0.322060327
-3.010465366,-2.047508975,0.244450086
-3.142674203,-2.00725418,0.334058046
-3.262102666,-1.980560118,0.403419855
-3.369777982,-1.924772528,0.100852394
-3.464961597,-1.889399147,0.283442671
-3.5486395,-1.848803177,0.068233597
-3.619938173,-1.795669997,-0.220461502
-3.678366493,-1.752727049,-0.144350976
-3.724951692,-1.71141124,-0.479912162
-3.759382599,-1.677046385,-0.239207937
-3.782457756,-1.645969548,0.095603392
-3.794769505,-1.605883465,0.2838176
-3.795894208,-1.56418524,0.508399891
-3.786690388,-1.523229351,0.388422707
-3.768219016,-1.480515103,0.442037511
-3.741492324,-1.431434771,0.157091699
-3.706266626,-1.376471997,-0.002252998
-3.662875584,-1.32507468,-0.125229612
-3.610194496,-1.265744129,-0.403801636
-3.547634766,-1.20271315,-0.452917296
-3.476707245,-1.1435963,-0.481411877
-3.396830838,-1.078304574,-0.428172002
-3.308811582,-1.012300507,-0.492284809
-3.213597975,-0.944196907,-0.113231894
-3.111193767,-0.871260631,-0.654628936
-3.002311269,-0.801346184,-1.013810631
-2.885627082,-0.726516579,-0.674125229
-2.762505844,-0.657123266,-1.043804927
-2.636347909,-0.593957317,-0.520029533
-2.504806395,-0.513275265,-0.496783954
-2.366625384,-0.430058776,-0.493034667
-2.219724177,-0.331931855,-0.041995441
-2.065452415,-0.248880329,-0.07386438
-1.908143956,-0.164734048,0.263196521
-1.745099511,-0.075376425,0.043863232
-1.580847885,0.003599757,-0.22383586
-1.409326928,0.110773416,-0.282699666
-1.235271641,0.18268242,-0.68537309
-1.057531077,0.301351022,-0.650129792
-0.875021772,0.371449179,-0.633258001
-0.696340206,0.498879582,-0.586766842
-0.50766378,0.598078765,-0.323941823
-0.331767729,0.664116575,-0.334814755
-0.135851964,0.949634312,-0.109482607
0.008076279,0.558802502,-0.136102544
0.006411718,0.064538701,0.045362947
-0.00279585,0.144722114,0.247824445
0.004053591,0.072190749,0.088479747
-0.001674896,0.062465412,0.314561753
0.002737688,0.061464385,0.209206788
-0.000179041,0.027549429,0.181836993
0.001639229,0.042980996,0.323185113
0.001211841,0.019035073,0.343056334
0.000870682,0.032610803,0.294315603
0.001995385,0.013358836,0.252698518
0.001088124,0.017494166,0.218580006
0.002231572,0.019484973,-0.188217634
0.001657974,0.009260997,-0.314568606
0.002074114,0.01262025,-0.236583436
0.002246568,0.007431404,-0.31906775
0.002359038,0.007330177,-0.113606822
0.002715194,0.008691124,0.0356148
0.002793924,0.008964813,0.08173103
0.003622455,0.010359503,0.145468909
0.004780899,0.01145051,0.160840986
0.005493211,0.007738836,0.237326441
0.00636673,0.011480504,0.074982314
0.00697407,0.005864253,0.045737875
0.007071544,0.006895274,-0.051743587
0.007877581,0.00614544,-0.306695103
0.007633896,0.002253806,-0.359185121
0.008747352,0.011637969,-0.464540086
0.008492419,-0.002998776,-0.455541797
0.009264715,0.010172045,-0.402301921
0.009842062,-0.00158534,-0.337814185
0.00875485,0.008638636,-0.295822171
0.011469133,0.001758916,-0.332190254
0.008518662,-0.005510717,-0.331440397
0.012466369,0.023380356,-0.343438115
0.009118504,-0.023607941,-0.24708144
0.011930261,0.042846026,-0.193841564
0.011892771,-0.040636653,-0.176594844
0.008083777,0.051529095,-0.075364095
0.019503261,-0.033621963,-0.118855824
-0.005307687,0.034477888,-0.049868943
0.164612442,1.422437887,-0.021749291
0.546302899,1.98929304,0.035239872
0.872710455,1.7154802,0.169464346
1.192017386,1.838625306,-0.001128212
1.505160944,1.800563773,0.191960068
1.791532822,1.856317621,0.215955505
2.076022697,1.795356181,0.007120219
2.345452798,1.737679012,0.289066602
2.615688937,1.778777369,0.269570309
2.869748098,1.772066362,0.282692814
3.112991365,1.841148495,0.58076113
3.343334288,1.867250189,0.519647752
3.559326001,1.914827105,0.458159445
3.765176642,1.958534882,0.527146326
3.95789825,1.988292013,0.414667716
4.140325077,2.024362739,0.388047778
4.3079958,2.042085047,0.278568598
4.461851422,2.062450516,0.182211922
4.60238681,2.065089929,0.285692243
4.7302318,2.068464179,0.139095122
4.847410857,2.078943098,0.268820452
4.953331637,2.061861897,0.233952083
5.046487037,2.042831131,0.071982884
5.126172245,2.026391038,0.186711066
5.193838126,1.992022433,0.196834141
5.250002045,1.964109892,0.17996235
5.294600268,1.928301608,-0.144725904
5.328277625,1.888770401,-0.031122508
5.350617975,1.852898381,-0.223086003
5.361377634,1.804710351,-0.437920148
5.361373885,1.760500185,-0.132728186
5.350535497,1.717201067,-0.557522403
5.328986188,1.663880428,-0.550773687
5.297648213,1.606615667,-0.317942964
5.256967705,1.551836602,-0.427422144
5.207630734,1.497556177,-0.343813044
5.15046208,1.449683076,-0.358435263
5.086271531,1.394037954,-0.217837001
5.015370254,1.337380558,-0.238458079
4.936629797,1.287126737,-0.40267685
4.849454067,1.220605284,-0.205464354
4.754206719,1.15814043,-0.449168009
4.650917745,1.09897859,-0.532027252
4.539669622,1.033109493,-0.342688258
4.420728531,0.967679048,-0.535026681
4.295481605,0.907381211,-0.466414729
4.164648654,0.841905776,-0.419173713
4.02742739,0.774102109,-0.446543508
3.883787821,0.711119869,-0.538026111
3.734869645,0.6390534,-0.560896761
3.5828098,0.58164617,-0.50953153
3.426367362,0.510944398,-0.556022688
3.26171834,0.423423867,-0.43154636
3.089312618,0.350127672,-0.345687688
2.910664793,0.269310649,-0.333315041
2.728549134,0.198263954,-0.231334434
2.542204592,0.118013055,-0.077613667
2.352028562,0.0425161,-0.100484318
2.158189749,-0.041791396,-0.149599977
1.958569962,-0.122252248,-0.057367517
1.758713988,-0.201858289,-0.166846698
1.552537183,-0.294121515,-0.315693392
1.347470085,-0.35982565,-0.205089425
1.137652992,-0.476492197,-0.260953801
0.926906144,-0.540291755,-0.284199381
0.71815002,-0.690044693,-0.088111671
0.500658703,-0.746150962,0.024366939
0.298152178,-0.865318203,0.049112234
0.072266828,-1.099862279,0.013119078
-0.066094135,-0.519900041,0.097103107
-0.051169326,-0.09450467,0.065234168
-0.047472802,-0.194712379,-0.078738453
-0.051817905,-0.090350594,-0.005627357
-0.046486813,-0.107326818,-0.063741305
-0.050554489,-0.085255478,-0.268077447
-0.046936694,-0.064987486,-0.210713356
-0.049542256,-0.077427219,-0.169471199
-0.047918935,-0.050159535,-0.229834719
-0.04839131,-0.062344324,-0.126354398
-0.048683733,-0.046496599,-0.07086495
-0.047810213,-0.051089328,-0.112482036
-0.048841191,-0.041937614,-0.132728186
-0.048102636,-0.042211303,-0.167221626
-0.048901175,-0.042604965,-0.196091136
-0.048631247,-0.035005406,-0.197215922
-0.049531009,-0.042166313,-0.118480895
-0.050734441,-0.037273651,-0.092235886
-0.051056856,-0.037146179,-0.129353828
-0.052222798,-0.036565059,-0.055867803
-0.052503974,-0.032680923,-0.061491733
-0.053624928,-0.038428394,-0.08248774
-0.054494698,-0.030975052,-0.037496296
-0.054213522,-0.031499935,-0.044619942
-0.055349472,-0.028796787,-0.077988596
-0.054397224,-0.02460147,-0.098609674
-0.055900577,-0.033337027,-0.090361243
-0.054997066,-0.017897961,-0.098609674
-0.05581435,-0.041855132,-0.004877499
-0.056657877,-0.015562231,0.077606815
-0.054543435,-0.036572557,0.073482599
-0.058749825,-0.025958668,0.117724186
-0.053437477,-0.01385636,0.09635325
-0.060095719,-0.056161949,-0.021374362
-0.053433728,0.02763566,-0.106483177
-0.059559611,-0.104417465,-0.156348694
-0.056391697,0.102221568,-0.218961787
-0.058333684,-0.37636697,-0.28157488
-0.323298715,-1.697393108,-0.345687688
-0.709525474,-1.776163086,-0.205839283
-1.024847207,-1.65814309,-0.219336716
-1.354422677,-1.777527782,-0.254580014
-1.658444894,-1.723176123,0.163090558
-1.949079396,-1.752329638,0.127097403
-2.23323186,-1.621082584,0.008245005
-2.506594673,-1.6246068,0.262071735
-2.778026746,-1.634692056,0.149218196
-3.03180848,-1.638748654,0.075732171
-3.277522344,-1.680244423,0.162340701
-3.50774155,-1.680101955,0.162340701
-3.726188865,-1.716997497,0.147343553
-3.934071469,-1.735968277,0.091854105
-4.131089443,-1.761477603,0.184086566
-4.31677041,-1.770509344,0.161215915
-4.487706521,-1.77241392,0.072732742
-4.645419874,-1.77448346,0.086605104
-4.789644289,-1.774089797,-0.007502
-4.922981578,-1.781010758,-0.0479943
-5.044786913,-1.779676055,-0.04499487
-5.153740642,-1.773992319,0.11060054
-5.249280413,-1.763652119,0.187835853
-5.331766131,-1.754144234,0.231327582
-5.401718908,-1.738555202,0.342681406
-5.459217475,-1.718823341,0.260197092
-5.505187835,-1.69680074,0.338182261
-5.538730228,-1.669664277,0.248574302
-5.559930879,-1.644972269,0.080231316
-5.569802023,-1.616283651,0.055486021
-5.568504865,-1.583519689,-0.175095129
-5.556436802,-1.549132339,-0.344187973
-5.533976483,-1.510066029,-0.422548071
-5.501101414,-1.467243055,-0.363684265
-5.458388943,-1.429057799,-0.320942393
-5.407222455,-1.391577387,-0.359934978
-5.347909368,-1.348203286,-0.177344701
-5.280963296,-1.308465875,-0.213337856
-5.206867862,-1.260727744,-0.31906775
-5.124547101,-1.205641248,-0.20958857
-5.033978517,-1.1539365,-0.22383586
-4.935120873,-1.09621434,-0.246331582
-4.827692991,-1.037453662,-0.233958935
-4.712253475,-0.975419961,-0.196091136
-4.588802325,-0.912115293,-0.277825593
-4.458599208,-0.853485835,-0.334439827
-4.322498898,-0.794875123,-0.22683529
-4.179759091,-0.730993084,-0.288698525
-4.030278564,-0.661749737,-0.317568035
-3.875984308,-0.607371833,-0.31606832
-3.719339424,-0.55033952,-0.408300781
-3.557093518,-0.47086095,-0.49490931
-3.385752514,-0.392439645,-0.520779391
-3.207460845,-0.314344517,-0.435670576
-3.023110777,-0.23885131,-0.403801636
-2.835589045,-0.172491072,-0.305570317
-2.643973395,-0.091550327,-0.214087714
-2.448113866,-0.017927955,-0.255329871
-2.248550315,0.067568027,-0.215587429
-2.043786886,0.138862168,-0.24408201
-1.839233403,0.219450491,-0.295072313
-1.628460312,0.305058947,-0.291697955
-1.418999374,0.365622975,-0.301446101
-1.204237336,0.486424852,-0.275576021
-0.988721747,0.535681395,-0.248206226
-0.773708526,0.694796,-0.163097411
-0.551335997,0.750557346,-0.090361243
-0.34425943,0.867145161,0.08473046
-0.113192948,1.087093734,0.19720907
0.020800419,0.466036888,0.193459783
0.002583979,0.060414618,0.339307047
0.001200594,0.171884822,0.315311611
0.005283266,0.0638676,0.26919538
0.000623247,0.08414309,0.215205648
0.004915863,0.053227467,0.065984025
0.001380547,0.042534846,0.05586095
0.004226045,0.048072364,-0.073114523
0.002752685,0.020268549,-0.167596555
0.003633702,0.039389295,-0.131978329
0.004016101,0.014847255,-0.172845557
0.003551224,0.024392631,-0.194216493
0.004331018,0.019548709,-0.228335005
0.003671192,0.013804986,-0.254580014
0.00473966,0.014254886,-0.22383586
0.004432241,0.011300544,-0.199090566
0.004792146,0.016054486,-0.150724764
0.005185792,0.006850284,-0.118855824
0.005620677,0.010933125,-0.107607963
0.007037803,0.015439623,-0.03937094
0.007690131,0.011053099,-0.003377784
0.008537407,0.012474033,-0.012001145
0.009362189,0.009174766,0.016868365
0.009575883,0.009504693,-0.006377214
0.010284446,0.009017301,-0.089611386
0.009935788,0.003318569,-0.181843846
0.011037997,0.008184987,-0.277450664
0.01098551,-0.000659296,-0.299946386
0.011337917,0.011446761,-0.280075165
0.012263923,9.05e-05,-0.236208507
0.010888036,0.002021358,-0.145475762
0.013459857,0.001196541,-0.06524102
0.010629355,-0.004625914,-0.008251858
0.01420591,0.020336034,0.019492866
0.01163034,-0.028568088,0.033365228
0.012755043,0.039730469,0.032615371
0.014760764,-0.034049368,-0.000378355
0.008702363,0.032858248,-0.03074758
0.021861389,-0.013443952,-0.136477473
-0.004186733,-0.027904485,-0.154099122
0.13712845,1.264223082,-0.157848409
0.508531624,1.938094429,-0.190092277
0.837278562,1.64831764,-0.064491163
1.146890552,1.719488058,-0.178844416
1.456719986,1.67173868,-0.026998293
1.737397117,1.69992491,0.11060054
2.014883842,1.633126019,-0.140601689
2.27868293,1.536018871,0.052111663
2.544723927,1.554918417,-0.005627357
2.793793155,1.518686476,-0.043120227
3.029238481,1.546685248,0.136095692
3.255629948,1.562041832,0.035239872
3.470834369,1.584743032,0.177337849
3.675654033,1.586430157,0.073482599
3.862763373,1.586017749,-0.020999433
4.036275053,1.59491077,0.125597688
4.196144087,1.59423592,-0.038246154
4.345133493,1.597272745,-0.029622793
4.482804638,1.594787048,-0.03337208
4.606536965,1.592106394,-0.164222197
4.716281734,1.57122354,-0.075364095
4.811307891,1.560137256,-0.009376644
4.893471194,1.549227183,0.037489444
4.963723892,1.5284718,0.133471191
5.021282443,1.513355162,0.247074587
5.06635679,1.490961394,0.154842127
5.099168126,1.463948653,0.099352679
5.120042613,1.439271642,0.139095122
5.12952386,1.410845466,-0.049119086
5.127675598,1.369563399,-0.069740164
5.114467835,1.335794661,-0.138352117
5.090088023,1.311113901,-0.305195388
5.055784582,1.271575196,-0.344187973
5.012491014,1.232812569,-0.360309907
4.960619712,1.200509755,-0.264703088
4.901074186,1.159490129,-0.274451235
4.83308589,1.11709456,-0.177344701
4.75670356,1.072936883,-0.012001145
4.672137142,1.024538899,-0.10273389
4.57853186,0.97342277,-0.089986314
4.47677623,0.914680837,-0.033747009
4.366566583,0.859043214,-0.084362384
4.248701458,0.80722974,-0.095985173
4.12425682,0.748892717,-0.065615949
3.992977737,0.689607155,-0.086986885
3.855250357,0.630895215,-0.204714496
3.710988452,0.570109987,-0.250830727
3.563243717,0.515773324,-0.299196529
3.411986159,0.452824827,-0.370432982
3.252724465,0.376949205,-0.383930415
3.085544862,0.299768874,-0.418048927
2.910769765,0.224181938,-0.456291654
2.731867008,0.161132214,-0.502407884
2.548832842,0.084652976,-0.513655745
2.361026186,0.016718088,-0.488910451
2.169807931,-0.064380121,-0.410175424
1.972160124,-0.140281987,-0.325816467
1.774336113,-0.212337208,-0.301446101
1.570637404,-0.306759954,-0.296572028
1.367212372,-0.366060513,-0.319817607
1.160012087,-0.475299962,-0.338938971
0.950401189,-0.528189447,-0.339688828
0.743901969,-0.67162504,-0.275201092
0.527104219,-0.744790014,-0.233209078
0.325433724,-0.835969732,-0.167221626
0.100710567,-1.094201038,-0.077988596
-0.047941429,-0.558392728,-0.061491733
-0.037586663,-0.086706405,0.103101966
-0.031404546,-0.189156115,0.178087706
-0.037414209,-0.094073516,0.22607858
-0.031475777,-0.096210541,0.334058046
-0.036135796,-0.084501895,0.201333286
-0.03244677,-0.063517813,0.184086566
-0.034733666,-0.069381509,0.142844409
-0.033713936,-0.039815586,0.014618793
-0.03377392,-0.055929501,0.054361235
-0.034561212,-0.037003711,0.012369221
-0.033515238,-0.042072584,0.035989729
-0.034628694,-0.037093691,0.026616511
-0.034126327,-0.035549035,-0.071239879
-0.034478734,-0.036141403,-0.038996011
-0.034478734,-0.030472664,-0.080988025
-0.034767408,-0.036670035,-0.088111671
-0.034969854,-0.02684722,-0.072364665
-0.035131062,-0.028249409,-0.125229612
-0.035929601,-0.033775679,-0.132353257
-0.036799371,-0.028181924,-0.142101404
-0.037474193,-0.028969248,-0.139476903
-0.038325218,-0.03220103,-0.140601689
-0.038722613,-0.025313812,-0.09710996
-0.039254973,-0.029662844,-0.109107678
-0.039701105,-0.024091583,-0.202464924
-0.039371192,-0.023637934,-0.224960646
-0.04073958,-0.027795759,-0.295072313
-0.040012273,-0.019022711,-0.371182839
-0.041283187,-0.031140016,-0.380556057
-0.040870796,-0.014096307,-0.345312759
-0.041166968,-0.030562644,-0.27857545
-0.042422886,-0.014722418,-0.233958935
-0.040049763,-0.028354385,-0.145100833
-0.044394865,-0.024537734,-0.121855254
-0.039284965,-0.005143298,-0.12298004
-0.045107177,-0.054534811,-0.092235886
-0.040076006,0.030638742,-0.119230753
-0.043682553,-0.099599787,-0.133852972
-0.044751021,0.086662529,-0.162347553
-0.037054304,-0.275694365,-0.153349264
-0.274644063,-1.621626213,-0.228709933
-0.655535981,-1.800120257,-0.133478043
-0.965275439,-1.616141183,-0.065990877
-1.282809088,-1.729017324,-0.156348694
-1.580195557,-1.670938993,0.212956075
-1.859980424,-1.706859753,0.182586851
-2.133148289,-1.58792496,0.036364658
-2.396160085,-1.562003226,0.223454079
-2.657885971,-1.565298743,0.060360095
-2.898666139,-1.54579933,0.092603963
-3.130051287,-1.583898355,0.116224471
-3.350845482,-1.596169376,0.080981173
-3.562263403,-1.624730522,0.170589132
-3.760312354,-1.622923424,0.045362947
-3.941292063,-1.624711776,0.077981743
-4.109015272,-1.630211803,0.06748374
-4.264374246,-1.638130041,-0.046869514
-4.408992307,-1.642111656,0.059610237
-4.540826244,-1.635681836,0.036739586
-4.65846268,-1.624224385,-0.012376073
-4.761283028,-1.609970056,0.049487162
-4.851285511,-1.600135993,0.060360095
-4.928901265,-1.584400744,0.056985736
-4.99435898,-1.569246615,0.124472902
-5.047568679,-1.547396475,0.199458642
-5.087030758,-1.520128791,0.104601681
-5.114241072,-1.494495743,0.124472902
-5.13045929,-1.467827925,0.03861423
-5.135329254,-1.44038403,-0.184468347
-5.129574523,-1.410390702,-0.19496635
-5.113262581,-1.37596586,-0.299571458
-5.085981035,-1.338987835,-0.353936119
-5.049169506,-1.304630478,-0.381305914
-5.003810234,-1.269024649,-0.360684836
-4.949846984,-1.231806678,-0.261703659
-4.88737723,-1.190828293,-0.295822171
-4.816382228,-1.144124933,-0.113606822
-4.736757005,-1.097316595,-0.007127072
-4.648857716,-1.047328965,-0.061491733
-4.55288306,-0.995320534,0.047987447
-4.448236944,-0.940556466,0.04423816
-4.335309265,-0.882118216,-0.067490592
-4.214902311,-0.826510586,-0.110232464
-4.08762717,-0.765965304,-0.07386438
-3.953506337,-0.702604399,-0.147350405
-3.811838747,-0.640900625,-0.20958857
-3.664918795,-0.581810019,-0.159348124
-3.515663208,-0.52853812,-0.274451235
-3.361129016,-0.458649916,-0.344187973
-3.198549449,-0.380374828,-0.341938401
-3.027917007,-0.300495098,-0.383930415
-2.850873759,-0.22846612,-0.393678561
-2.670531382,-0.160077583,-0.378681413
-2.484857913,-0.084025751,-0.323566894
-2.296162742,-0.009927234,-0.328815896
-2.101277955,0.079482876,-0.275201092
-1.903225254,0.145603168,-0.202839853
-1.703204324,0.237581458,-0.219336716
-1.498332174,0.300743657,-0.196840994
-1.295383267,0.391683428,-0.20358971
-1.084538945,0.483526747,-0.257579443
-0.879453102,0.552672616,-0.282324737
-0.665264662,0.719221817,-0.272576591
-0.456643503,0.727098815,-0.266952661
-0.246399022,0.990369,-0.202089996
-0.034879878,0.904565587,-0.184093418
0.021621452,0.194331079,-0.145100833
-0.004104255,0.111358286,-0.009751572
0.006306746,0.136106531,-0.010876359
0.0013693,0.051574085,0.070108241
0.003045107,0.085612763,0.106851253
0.003423757,0.033889269,0.054736164
0.002047871,0.055896873,0.126722474
0.00428603,0.032325867,0.060360095
0.00227656,0.026762104,0.040113945
0.004241041,0.03046628,0.058110522
0.003063852,0.018705146,-0.003002856
0.003607459,0.022525547,0.02999087
0.003978611,0.013951204,-0.015000574
0.004046093,0.018720143,-0.016500289
0.004331018,0.013152632,0.010869506
0.004199802,0.013325093,-0.03637151
0.004953353,0.010494473,-0.011626216
0.004908365,0.009804626,-0.053993159
0.005324505,0.008886081,-0.072364665
0.006040566,0.00978963,-0.03074758
0.006959074,0.013868722,-0.022499148
0.007667637,0.004732005,-0.032622223
0.008462427,0.008451177,-0.040120797
0.009021029,0.006482865,0.028116226
0.009099758,0.004098396,-0.022874077
0.009969529,0.004327095,-0.09973446
0.009703349,0.001998863,-0.11435668
0.010681841,0.009208509,-0.22683529
0.010505637,-0.001821537,-0.283074595
0.011011754,0.012586508,-0.286074024
0.011825289,-0.003354946,-0.268452375
0.010884287,0.007933793,-0.220836431
0.013317395,0.003708482,-0.173220486
0.010265701,-0.01183556,-0.103858676
0.014078444,0.021460783,-0.134602829
0.011169212,-0.024732691,-0.142851261
0.013084956,0.039153098,-0.131228471
0.013943479,-0.038293424,-0.201340138
0.009197233,0.04143634,-0.210713356
0.0210591,-0.025283818,-0.253455227
-0.004089259,0.002298796,-0.221211359
0.150463679,1.330800771,-0.231709363
0.522665391,1.92716561,-0.181468917
0.845305192,1.630794038,0.018743009
1.152978945,1.724665656,-0.156348694
1.457556015,1.679192022,0.02999087
1.734742818,1.71111617,0.15409227
2.008548015,1.640800562,-0.138727045
2.268928006,1.55674426,0.102727038
2.528880611,1.570559937,0.023242153
2.770680509,1.534151786,-0.029622793
3.002541781,1.57625492,0.178837564
3.225079266,1.589628195,0.078356672
3.435035073,1.60570087,0.208456931
3.632649139,1.612948008,0.155591984
3.812260459,1.610709756,0.081356102
3.979260109,1.620108915,0.147343553
4.133606851,1.626081336,-0.039745868
4.277598827,1.62764099,0.012369221
4.408401786,1.620360109,0.048737305
4.524096235,1.610038655,-0.080988025
4.626564176,1.593594813,0.011619364
4.715134537,1.583824486,0.077231886
4.790984508,1.570893613,0.115474613
4.854875136,1.545043113,0.194959498
4.905689217,1.52231192,0.26657088
4.943711677,1.505298205,0.224203936
4.969696065,1.475076177,0.167589703
4.983679873,1.444153056,0.137595407
4.986739065,1.420297113,-0.079113382
4.978892387,1.389463972,-0.137977188
4.959937392,1.3538244,-0.194591421
4.930665122,1.314146976,-0.328440967
4.891862869,1.277468885,-0.344187973
4.844880275,1.246167098,-0.386929845
4.789484904,1.205237453,-0.313068891
4.725031924,1.156063392,-0.319817607
4.65214742,1.112831759,-0.283824452
4.570651441,1.068835296,-0.139101974
4.480772675,1.018963889,-0.200215352
4.383020988,0.967011696,-0.170970913
4.277175189,0.91125035,-0.100484318
4.163501457,0.855676463,-0.175095129
4.042659617,0.795071194,-0.205464354
3.915242015,0.732542604,-0.122605111
3.780806265,0.671168756,-0.110982321
3.639277388,0.610473508,-0.202089996
3.493729573,0.554614684,-0.175095129
3.344976354,0.487898275,-0.208838712
3.190011026,0.420285815,-0.31906775
3.02693284,0.343776584,-0.351311618
2.855565593,0.261594866,-0.374932126
2.680134419,0.198125235,-0.378681413
2.499634584,0.119805157,-0.396303062
2.315273268,0.050779262,-0.35656062
2.127016731,-0.035267847,-0.295447242
1.931727051,-0.112043269,-0.282324737
1.736557339,-0.18683913,-0.219711644
1.534916836,-0.280459555,-0.190467206
1.334206088,-0.344364089,-0.207338997
1.128876559,-0.45535065,-0.21821193
0.922770986,-0.510114718,-0.285699096
0.718648638,-0.661798476,-0.334814755
0.505926062,-0.72071662,-0.316443249
0.307318508,-0.842065876,-0.312693962
0.085077195,-1.071724788,-0.326191395
-0.048211357,-0.492688594,-0.227585147
-0.032083116,-0.083137199,-0.127479184
-0.029500049,-0.185152006,-0.119230753
-0.033601465,-0.082874757,-0.007502
-0.028810231,-0.099588539,0.025866654
-0.03297913,-0.075211462,0.010119649
-0.029170136,-0.057650368,0.119598829
-0.031891917,-0.065576105,0.150717911
-0.030422305,-0.038259682,0.172088847
-0.030973409,-0.054148647,0.198333856
-0.031239589,-0.036370102,0.192709926
-0.030546022,-0.041791396,0.189335567
-0.031644482,-0.035552784,0.115474613
-0.030785959,-0.032977107,0.070108241
-0.031573251,-0.034240576,0.048362376
-0.031468279,-0.027090916,-0.03337208
-0.031719462,-0.031274986,-0.113231894
-0.032049375,-0.02734211,-0.18634299
-0.032053124,-0.026723498,-0.24708144
-0.032536747,-0.028260656,-0.246706511
-0.033249059,-0.030243965,-0.196466065
-0.034257542,-0.031155012,-0.16047291
-0.034868631,-0.025651237,-0.100484318
-0.035715907,-0.02487141,-0.016875218
-0.035655923,-0.025336307,-0.004127642
-0.035978338,-0.025722471,-0.025123649
-0.036521944,-0.022741884,-0.022499148
-0.036218274,-0.028459362,-0.034496867
-0.037590412,-0.023146794,-0.085862099
-0.036679403,-0.019307648,-0.106858106
-0.038081532,-0.030037761,-0.110982321
-0.037687886,-0.011734332,-0.140976617
-0.037909078,-0.035916453,-0.173970343
-0.039161247,-0.010242164,-0.146600548
-0.037013065,-0.027053425,-0.109107678
-0.040964521,-0.024642711,-0.157848409
-0.036177035,-0.004674653,-0.16609684
-0.042126714,-0.05265273,-0.24970594
-0.036454462,0.02889163,-0.333689969
-0.040912035,-0.096679186,-0.291697955
-0.040263456,0.097613843,-0.295447242
-0.036908092,-0.31761004,-0.221586288
-0.281643465,-1.656126038,-0.191217063
-0.65936747,-1.789067715,-0.040495726
-0.964900538,-1.617944532,-0.006002285
-1.278568957,-1.735585862,-0.145100833
-1.571385383,-1.683971094,0.162340701
-1.847248786,-1.722977417,0.067108811
-2.116146528,-1.610022544,-0.052118516
-2.375446805,-1.587707508,0.161215915
-2.630371987,-1.583699649,-0.026623364
-2.865101252,-1.578630777,0.057735594
-3.093693388,-1.623137127,0.105726467
-3.309745085,-1.629105799,0.062234738
-3.514617235,-1.65580361,0.243700229
-3.705063194,-1.65144333,0.156341842
-3.879129728,-1.661659807,0.21745522
-4.04165306,-1.668850708,0.199083714
-4.191231061,-1.675321768,0.002996003
-4.329966925,-1.679382115,0.104226752
-4.453736742,-1.661412362,0.028866084
-4.563207834,-1.655458687,0.007495148
-4.659763586,-1.641680502,0.112475184
-4.742507986,-1.627133738,0.079856387
-4.81391163,-1.617483384,0.118848972
-4.872977283,-1.595434539,0.124472902
-4.918239081,-1.570045187,0.128222189
-4.951046667,-1.544569604,0.073482599
-4.97205237,-1.518141733,0.1192239
-4.981334919,-1.490727831,0.062609667
-4.980161479,-1.460235864,-0.124104826
-4.96845707,-1.427179467,-0.088111671
-4.94558436,-1.39088754,-0.19496635
-4.913361619,-1.357906127,-0.277450664
-4.872733597,-1.325835761,-0.262828445
-4.822984235,-1.283811359,-0.203214782
-4.764668384,-1.241708225,-0.123354969
-4.698089715,-1.197670521,-0.221211359
-4.622288482,-1.147454192,-0.120355539
-4.537523366,-1.09666424,-0.097484888
-4.444536671,-1.043047417,-0.250455798
-4.343587079,-0.98994423,-0.166471769
-4.235060737,-0.930474959,-0.170595985
-4.118815184,-0.869929677,-0.271451805
-3.995675202,-0.813463488,-0.242582295
-3.866161902,-0.751695978,-0.191217063
-3.728681957,-0.684477181,-0.237333293
-3.584689981,-0.622885882,-0.245956653
-3.437620067,-0.564440133,-0.15747348
-3.28602135,-0.493389688,-0.227210218
-3.127441976,-0.420460911,-0.309319604
-2.9605398,-0.338166718,-0.310069461
-2.787155585,-0.26667762,-0.361809622
-2.610037357,-0.193201465,-0.406051208
-2.427895455,-0.117993195,-0.394428419
-2.24311425,-0.043186086,-0.296197099
-2.051198679,0.054161009,-0.259079158
-1.856516339,0.115081208,-0.276700807
-1.658501129,0.214659057,-0.254954942
-1.456268282,0.280471917,-0.293572598
-1.255711243,0.373874889,-0.316818178
-1.047494977,0.465257061,-0.343063187
-0.845850725,0.545095551,-0.388054631
-0.634421557,0.703467821,-0.369308196
-0.431330187,0.712949462,-0.315318463
-0.221475604,0.996480141,-0.274826163
-0.021113513,0.836506977,-0.233958935
0.01928207,0.147702701,-0.05361823
-0.00396929,0.125657605,0.037114515
0.006876596,0.125151468,0.071233027
0.001058132,0.05510205,0.220454649
0.003854893,0.08526784,0.168714489
0.003041358,0.030125106,0.143594266
0.002445266,0.053186226,0.227203366
0.004151065,0.025806067,0.199083714
0.002415274,0.02943151,0.171713918
0.004349763,0.02736572,0.137220478
0.003030111,0.013246361,0.134970906
0.004004854,0.017906574,0.079481458
0.004166061,0.012743972,-0.028872936
0.004121073,0.016500637,-0.021374362
0.004428492,0.007022745,-0.039745868
0.004342265,0.012335313,-0.079488311
0.004972098,0.01028452,-0.053243302
0.005009589,0.005897995,-0.061491733
0.005485713,0.011604226,-0.086986885
0.006419216,0.011259303,-0.047244442
0.007229002,0.00951969,0.024366939
0.007990052,0.010333259,0.04423816
0.009043523,0.007457648,0.069733312
0.008931053,0.005939236,0.103101966
0.009695851,0.011161824,0.038239301
0.010123238,0.001931378,-0.045369799
0.010160728,0.006400384,-0.09973446
0.01117671,0.000248002,-0.210338427
0.0106481,0.004045907,-0.287573739
0.012158951,0.007022745,-0.297321885
0.010756821,-0.004153519,-0.273701377
0.01284127,0.018202758,-0.230959505
0.011907767,-0.012206727,-0.173970343
0.01193401,0.023796514,-0.078363524
0.014213408,-0.011914292,-0.069365236
0.01019072,0.008391191,-0.038621082
0.017340082,0.011645467,-0.03937094
0.007828844,-0.032482217,-0.10573332
0.019934397,0.077540808,-0.109107678
0.004600946,-0.15456256,-0.133103115
0.044407935,0.676578803,-0.163847268
0.355826948,1.895039007,-0.22683529
0.717602664,1.74434128,-0.067490592
1.019877843,1.691211848,-0.128229042
1.337179053,1.747059425,-0.196466065
1.623674648,1.713279439,0.119598829
1.902436036,1.740745829,-0.125604541
2.168585754,1.612910516,-0.127854113
2.431425096,1.623479415,0.030740727
2.687632439,1.61033109,-0.174345272
2.924116241,1.621473611,0.10497661
3.1518611,1.647350355,0.201333286
3.367729096,1.670587686,0.249699088
3.575566713,1.702740534,0.434164008
3.767932165,1.694949767,0.302938963
3.944851696,1.712432128,0.363302484
4.107311295,1.710853729,0.271070024
4.257091742,1.721808792,0.088479747
4.396813596,1.731815316,0.127847261
4.523057759,1.720897745,-0.035246724
4.636109155,1.720747778,-0.078738453
4.734531915,1.698473983,-0.020999433
4.819207055,1.679360734,-0.038246154
4.892623918,1.675476598,0.025866654
4.9536578,1.656153397,0.146593696
5.001723858,1.636410289,0.199833571
5.036987046,1.610267354,0.158966343
5.05988225,1.583187128,0.233202225
5.071181766,1.561655668,0.090354391
5.071099288,1.527155842,-0.032997152
5.060133433,1.49691132,0.014618793
5.038404171,1.460218233,-0.130103685
5.006511343,1.415606906,-0.167596555
4.965523417,1.385486107,-0.237333293
4.915991497,1.345220064,-0.269202233
4.858650389,1.303851766,-0.292822741
4.792926495,1.263278292,-0.423672857
4.718167486,1.214471649,-0.286074024
4.634924468,1.169020509,-0.275950949
4.543182445,1.1097237,-0.351686547
4.443128866,1.052237738,-0.245581725
4.335329832,0.99751866,-0.272576591
4.220040277,0.937850683,-0.308569746
4.098148714,0.884530044,-0.227960076
3.970236242,0.824397171,-0.141351546
3.835714265,0.756481029,-0.134977758
3.693716763,0.68814498,-0.090736172
3.546579367,0.629687984,-0.069365236
3.396652708,0.570469907,-0.195341279
3.241027554,0.496963758,-0.283824452
3.077983109,0.416817836,-0.390679132
2.906683344,0.333016478,-0.485161164
2.73026993,0.260725059,-0.53540161
2.550523645,0.182210025,-0.580018125
2.36593364,0.111275804,-0.558272261
2.178393164,0.030942424,-0.522654034
1.983827043,-0.056986766,-0.444293936
1.787990007,-0.129900546,-0.351311618
1.587024326,-0.232207788,-0.302570887
1.384461567,-0.296494738,-0.261703659
1.18086783,-0.408482326,-0.238458079
0.972051722,-0.478359282,-0.267702518
0.76987886,-0.599558571,-0.269202233
0.556294011,-0.716929962,-0.242957224
0.356745456,-0.761522542,-0.215962357
0.140705005,-1.066337236,-0.137977188
-0.034111331,-0.700602344,-0.070115093
-0.043885,-0.108241614,0.024366939
-0.028686513,-0.174676836,0.052861521
-0.038055289,-0.115031354,0.0356148
-0.031082131,-0.085026778,0.052486592
-0.035348504,-0.095865617,-0.04499487
-0.032757938,-0.053803724,-0.025498578
-0.033935127,-0.072849487,0.051361806
-0.0340401,-0.041375239,0.055486021
-0.032971632,-0.05526215,0.163090558
-0.034392507,-0.044183364,0.223454079
-0.033132839,-0.038833304,0.249699088
-0.03422755,-0.039504405,0.224953794
-0.033747677,-0.032680923,0.175088277
-0.034208805,-0.036190142,0.197958927
-0.03426504,-0.026723498,0.124847831
-0.034238797,-0.032133545,0.056985736
-0.034711172,-0.031541176,-0.020999433
-0.034651188,-0.02743209,-0.140601689
-0.035490966,-0.028928008,-0.173595414
-0.036173286,-0.029044232,-0.19496635
-0.036979323,-0.03179237,-0.166471769
-0.038160262,-0.031844859,-0.142851261
-0.038463931,-0.027147154,-0.129728756
-0.038441437,-0.025212584,-0.119230753
-0.039374941,-0.024470249,-0.200965209
-0.038891319,-0.024155319,-0.199090566
-0.039776085,-0.028174425,-0.170595985
-0.039937292,-0.01934139,-0.175844986
-0.039967284,-0.03152618,-0.126729327
-0.041256944,-0.018917734,-0.107607963
-0.039836069,-0.026251103,-0.106108248
-0.042467874,-0.028508101,-0.124479755
-0.03975734,-0.007306567,-0.076113952
-0.042696564,-0.045338107,-0.016500289
-0.041035752,0.003607255,-0.014250717
-0.041193211,-0.052551503,-0.029622793
-0.044526081,0.00920476,-0.151099692
-0.037043057,-0.038094718,-0.249331012
-0.05127055,-0.032324752,-0.347562331
-0.024843778,0.050355606,-0.358060335
-0.146289208,-1.148099049,-0.368558338
-0.513396016,-1.903968406,-0.272576591
-0.849742197,-1.630579221,-0.005627357
-1.156928579,-1.737595415,-0.165346983
-1.467136662,-1.731540512,0.045737875
-1.746460401,-1.7536231,0.293190817
-2.023257308,-1.712033602,-0.019499719
-2.284930708,-1.625150429,0.176587992
-2.547458882,-1.666687439,0.190460353
-2.794571127,-1.638654925,0.042363517
-3.026132479,-1.675730427,0.167589703
-3.24849376,-1.697486838,0.119973758
-3.459608011,-1.730809425,0.245574872
-3.661668403,-1.751542313,0.248949231
-3.845849766,-1.749255322,0.23770137
-4.01650845,-1.766089077,0.333308188
-4.173100849,-1.76656897,0.142844409
-4.317898862,-1.782630397,0.120723615
-4.452582047,-1.783961351,0.112475184
-4.572040501,-1.771161699,-0.02774815
-4.677725093,-1.765935361,0.057360665
-4.76968081,-1.752022206,0.163840416
-4.848451259,-1.742844248,0.188960639
-4.916720732,-1.732219111,0.231327582
-4.972104856,-1.710219005,0.305563464
-5.014449924,-1.687199126,0.237326441
-5.044831901,-1.661401115,0.196834141
-5.062620954,-1.63283247,0.150717911
-5.068855557,-1.602854139,-0.085862099
-5.064675411,-1.573681878,-0.113606822
-5.049600642,-1.537446189,-0.15747348
-5.02355252,-1.499605856,-0.28157488
-4.988548014,-1.465720894,-0.312693962
-4.944992016,-1.425507339,-0.333315041
-4.892903271,-1.387085886,-0.251580584
-4.833095314,-1.345803819,-0.325066609
-4.764735866,-1.298050692,-0.314943534
-4.687465021,-1.248887878,-0.163097411
-4.601593947,-1.195267306,-0.314568606
-4.506995178,-1.13779634,-0.332190254
-4.404560977,-1.080644054,-0.213712785
-4.294325087,-1.024417811,-0.305570317
-4.176310002,-0.961379334,-0.328815896
-4.052240265,-0.898655787,-0.251205655
-3.922040896,-0.836689571,-0.275201092
-3.784669672,-0.769272068,-0.370058053
-3.64016783,-0.702098261,-0.304820459
-3.491527082,-0.639086028,-0.330315611
-3.339493479,-0.571987204,-0.424422715
-3.180584193,-0.494240749,-0.354685976
-3.013494566,-0.408999711,-0.3824307
-2.839210589,-0.330765864,-0.421048356
-2.661372551,-0.259269268,-0.446543508
-2.479290633,-0.183453633,-0.402301921
-2.294423201,-0.107645497,-0.349062046
-2.103913509,-0.012281711,-0.317193106
-1.908533853,0.059072417,-0.210713356
-1.711519628,0.15696689,-0.20658914
-1.508615709,0.240322098,-0.206214211
-1.308092411,0.31911832,-0.240707652
-1.100172316,0.428912646,-0.288323597
-0.896507348,0.490972591,-0.282324737
-0.687848699,0.66004873,-0.291323026
-0.479362503,0.688726101,-0.26432816
-0.277148402,0.909743185,-0.208463783
-0.060099468,0.972474231,-0.190467206
0.023912097,0.2830176,-0.117731038
-0.002019805,0.084892923,0.003370932
0.005088318,0.156310786,0.043863232
0.003281295,0.050093164,0.144344123
0.002595226,0.086032669,0.131221619
0.00477715,0.040982691,0.077231886
0.002216576,0.048387294,0.163840416
0.004979596,0.038661957,0.091479177
0.002797673,0.024730056,0.08473046
0.004196053,0.030485026,0.145843838
0.003697435,0.013223866,0.058110522
0.00398236,0.022413072,0.10197718
0.004488476,0.015353392,0.092978891
0.004297277,0.015015967,0.027741298
0.005017087,0.00794504,0.083605674
0.004642186,0.007157715,0.046487733
0.0051558,0.009208509,0.054736164
0.005245776,0.009081037,0.082480888
0.005658167,0.0101458,0.08173103
0.006614165,0.008691124,0.065234168
0.007247748,0.012875193,0.00974472
0.008117518,0.010123305,0.010119649
0.009185986,0.009853366,-0.04499487
0.009317201,0.006336648,-0.056242731
0.009752086,0.010067068,-0.080238168
0.010535629,0.006917769,-0.209963498
0.010194469,0.002490003,-0.260953801
0.011401651,0.006392885,-0.320192536
0.010745574,-0.001446621,-0.364809051
0.011922763,0.011469256,-0.316818178
0.011840285,-0.003197481,-0.254954942
0.011697822,0.012773966,-0.200965209
0.013343638,-0.005375747,-0.19796578
0.010933024,0.006655327,-0.101609104
0.015109421,0.012342812,-0.064491163
0.010393167,-0.019765046,-0.080988025
0.01579549,0.038729442,0.031115656
0.011889022,-0.049702136,-0.013875788
0.013459857,0.0762286,-0.049119086
0.017066405,-0.098227592,-0.059242161
0.004083583,0.212885701,-0.107607963
0.223850549,1.63172758,-0.207713926
0.603156636,1.874561062,-0.159723052
0.914084529,1.645689475,-0.092235886
1.22854399,1.778713633,-0.29019824
1.525495574,1.719757998,0.007870077
1.802599899,1.778916088,-0.005627357
2.073195943,1.681407779,-0.206964069
2.332758651,1.646735492,0.100102537
2.592984933,1.66989409,-0.031122508
2.832415456,1.651748127,0.099727608
3.061397489,1.696539413,0.302564035
3.279454907,1.711918492,0.235451797
3.487959847,1.746789485,0.406794213
3.684280505,1.757650819,0.273694525
3.863651888,1.765021679,0.22307915
4.029620561,1.775909257,0.239576013
4.181268015,1.779564694,0.011994292
4.322069584,1.791187109,0.0761071
4.451084265,1.793417863,0.07910653
4.565639014,1.773671005,-0.066365806
4.665962522,1.760755128,0.043113374
4.753344447,1.761028817,0.128972047
4.827788539,1.742642907,0.10197718
4.890415751,1.730330646,0.241825585
4.941349801,1.708304296,0.332183402
4.979012355,1.677756091,0.184836423
5.00432942,1.656059668,0.242200514
5.017765871,1.622969529,0.170589132
5.019764094,1.597827621,-0.056242731
5.010923928,1.568497896,0.005620504
4.990787995,1.525150039,-0.069365236
4.960394771,1.485862528,-0.158223338
4.920640269,1.445671469,-0.223086003
4.872098088,1.409510762,-0.301071172
4.81615911,1.375232138,-0.319817607
4.752189752,1.328315074,-0.502032956
4.679728887,1.282237824,-0.460040941
4.59913267,1.227983643,-0.397427848
4.509613809,1.168203191,-0.496783954
4.411760899,1.118942899,-0.358810192
4.306080056,1.049688305,-0.299571458
4.192376332,0.985236392,-0.342688258
4.071789425,0.932196941,-0.267702518
3.945166612,0.870980558,-0.170595985
3.812425415,0.809434249,-0.18634299
3.67271106,0.735309488,-0.221961217
3.527624373,0.674959163,-0.172845557
3.379609709,0.616284715,-0.310819319
3.226413913,0.54154884,-0.446918437
3.066252457,0.465598235,-0.460790799
2.897299572,0.375824455,-0.502782813
2.722179566,0.301905899,-0.497533811
2.543734188,0.221415054,-0.498283669
2.360287631,0.144189732,-0.456666583
2.174940326,0.067556779,-0.41130021
1.983077241,-0.026382324,-0.404176565
1.789073471,-0.097042855,-0.362559479
1.590919548,-0.197839183,-0.336689399
1.389983859,-0.266726359,-0.291323026
1.18851581,-0.378642714,-0.255329871
0.981000609,-0.458706154,-0.284949238
0.780023681,-0.569284056,-0.279325308
0.568208365,-0.704838902,-0.265078017
0.368678555,-0.743087893,-0.257579443
0.155749783,-1.04411593,-0.223086003
-0.026448354,-0.748123023,-0.165346983
-0.045332118,-0.128472114,-0.057742446
-0.027441842,-0.166574888,-0.035246724
-0.037249252,-0.125536517,-0.062991448
-0.030512281,-0.080025391,-0.041245583
-0.034306279,-0.096285524,-0.069365236
-0.032019383,-0.05355253,-0.018749861
-0.03267546,-0.074656585,0.122598259
-0.033234062,-0.043467273,0.164965202
-0.031779447,-0.052390288,0.239576013
-0.033522736,-0.043898427,0.308937823
-0.03214685,-0.03606267,0.26057202
-0.033102847,-0.040524178,0.225328723
-0.032911648,-0.032913371,0.183711637
-0.033106596,-0.033509488,0.175463205
-0.033369027,-0.029197948,0.110975469
-0.033425262,-0.031769875,-0.022874077
-0.033740179,-0.028039455,-0.070490022
-0.033605214,-0.026629769,-0.147350405
-0.034223801,-0.028028208,-0.185968061
-0.035041085,-0.030045259,-0.134227901
-0.036015828,-0.030453918,-0.100109389
-0.036881849,-0.029587861,-0.092985744
-0.037504185,-0.026296093,-0.076488881
-0.037380468,-0.023750409,-0.077988596
-0.038074034,-0.026217361,-0.130853542
-0.03828023,-0.021362191,-0.095610245
-0.038501422,-0.032980856,-0.060741876
-0.039371192,-0.022633158,-0.08548717
-0.038460182,-0.022093278,-0.086611956
-0.040259707,-0.025628742,-0.125604541
-0.038748856,-0.014220029,-0.140601689
-0.040424664,-0.039155732,-0.191966921
-0.040049763,-0.003853585,-0.168346413
-0.039806077,-0.039448167,-0.124104826
-0.042171702,-0.009289876,-0.235833578
-0.037680388,-0.023889128,-0.200590281
-0.044957217,-0.032279762,-0.242957224
-0.035839624,0.016969283,-0.310819319
-0.047266607,-0.102936544,-0.235833578
-0.033488995,0.131776244,-0.177344701
-0.067451277,-0.638756102,-0.097859817
-0.374637658,-1.839647714,-0.087361813
-0.741403306,-1.708381914,0.117724186
-1.044525761,-1.687465317,0.012369221
-1.36148956,-1.776133093,-0.041995441
-1.647010413,-1.748010599,0.311187395
-1.923927288,-1.776849183,0.017993151
-2.188554908,-1.65814309,0.008619934
-2.44851501,-1.689171187,0.144344123
-2.701606926,-1.680323156,-0.09973446
-2.934589152,-1.694315043,0.064859239
-3.159331055,-1.734772293,0.064859239
-3.372046133,-1.760360351,0.109100826
-3.576355931,-1.794788943,0.228328152
-3.764724939,-1.792899363,0.11060054
-3.937865468,-1.808087235,0.27219481
-4.097239632,-1.814543298,0.200583428
-4.244317043,-1.828501443,0.071607955
-4.381257131,-1.833352864,0.22907801
-4.503883499,-1.827459175,0.107226182
-4.612810985,-1.818952318,0.11359997
-4.707027355,-1.80343452,0.272569739
-4.788148434,-1.795276334,0.247074587
-4.858134952,-1.783189023,0.2433253
-4.91570475,-1.76593911,0.300689391
-4.960475427,-1.741438311,0.222329293
-4.993196787,-1.715921487,0.079856387
-5.014150003,-1.689714816,0.112100255
-5.023102639,-1.659016645,-0.031872366
-5.021438079,-1.626758821,-0.124479755
-5.008740182,-1.588397354,-0.055117945
-4.984956463,-1.552821518,-0.13722733
-4.951740234,-1.51496244,-0.162722482
-4.909361425,-1.474032795,-0.199090566
-4.858764786,-1.435030221,-0.147350405
-4.80062139,-1.394269288,-0.186717919
-4.734683802,-1.348525714,-0.306695103
-4.660254706,-1.293829131,-0.192716778
-4.577060426,-1.242623022,-0.297321885
-4.485292159,-1.186351789,-0.419548642
-4.384957404,-1.121768656,-0.323941823
-4.276483549,-1.062074435,-0.381305914
-4.160155517,-0.999602082,-0.462290513
-4.037326703,-0.936784805,-0.390304203
-3.90869817,-0.87598458,-0.340438686
-3.773347662,-0.805391534,-0.435670576
-3.630622851,-0.735210895,-0.422548071
-3.483605424,-0.675681638,-0.365558909
-3.333911204,-0.609985002,-0.431171431
-3.17798238,-0.535631542,-0.419173713
-3.014060666,-0.447357428,-0.386929845
-2.841906127,-0.364752054,-0.401177135
-2.665803881,-0.290649788,-0.425547501
-2.485112846,-0.208539303,-0.389554346
-2.301268893,-0.141196783,-0.320567465
-2.113623445,-0.046342884,-0.309694532
-1.919807126,0.026867081,-0.266202803
-1.72529724,0.121023636,-0.262078588
-1.524556499,0.216661111,-0.308194818
-1.3253641,0.286376853,-0.317568035
-1.120045818,0.407204975,-0.33631447
-0.916448332,0.468402611,-0.357310477
-0.711257517,0.637238804,-0.309694532
-0.501894054,0.675611518,-0.233958935
-0.302799128,0.85308204,-0.222336145
-0.082829716,1.010213336,-0.172470628
0.023627172,0.355882641,-0.035996581
0.000405804,0.070016232,0.053611378
0.003749921,0.162939312,0.083230745
0.004773401,0.050449335,0.152592555
0.001942898,0.085710241,0.144344123
0.005272019,0.04593159,0.067858669
0.002306552,0.044206974,0.114349827
0.005069573,0.040922704,0.127847261
0.003157578,0.022353085,0.109100826
0.004567205,0.034624105,0.146218767
0.004338516,0.011637969,0.132346405
0.004098579,0.024910016,0.101602252
0.004897118,0.01473478,0.056235879
0.004495974,0.016841811,0.046487733
0.0051558,0.015623332,0.039739016
0.004818389,0.00511442,-0.018374932
0.005448223,0.014704786,0.00412079
0.005639422,0.006392885,0.00412079
0.005680661,0.006497862,-0.018374932
0.006317993,0.011757942,0.030740727
0.007318979,0.010828149,0.085855246
0.008293721,0.012852698,0.112475184
0.008991037,0.004042158,0.098977751
0.009414675,0.001826401,0.098227893
0.009497154,0.003914687,0.031115656
0.010636853,0.000866615,-0.064491163
0.010336932,8.06e-06,-0.103858676
0.011094232,0.006711564,-0.214087714
0.011566607,-0.000258135,-0.309694532
0.011161714,0.008556154,-0.334439827
0.012826274,-0.001844032,-0.352061476
0.011244192,-0.000569316,-0.334064898
0.013875997,0.010891884,-0.27857545
0.011750309,-0.014876133,-0.172470628
0.013726037,0.027256994,-0.110607393
0.013467355,-0.024582724,-0.101984033
0.011551611,0.028096807,-0.095610245
0.017032664,-0.011936787,-0.106483177
0.007967557,-0.004869609,-0.112107107
0.022734908,0.046370242,-0.19796578
-0.00113129,-0.125109112,-0.130478614
0.08517092,0.98906804,-0.107982892
0.432644163,1.958246197,-0.16609684
0.777346888,1.678828353,0.071982884
1.080623052,1.739624829,-0.118105967
1.392446958,1.764819224,-0.059992018
1.672081865,1.765749017,0.211456361
1.947041757,1.761786149,-0.158973195
2.207088086,1.663479267,0.03861423
2.466976958,1.692722762,0.040113945
2.713819274,1.666448607,-0.155973765
2.944289664,1.707022081,0.182211922
3.166426004,1.733802374,0.141344694
3.376644242,1.756394848,0.325434685
3.577572433,1.779092299,0.481030096
3.760700324,1.783396342,0.322060327
3.92987815,1.804376675,0.439787939
4.085338347,1.802936995,0.260197092
4.229019156,1.821532858,0.065234168
4.362075269,1.825222038,0.127847261
4.48082891,1.812013726,-0.010876359
4.585370054,1.805182745,-0.038996011
4.675698701,1.788457716,0.075357242
4.753209483,1.780910645,0.096728178
4.819192059,1.769400705,0.154842127
4.873155309,1.74753182,0.302938963
4.914094498,1.721505109,0.319810755
4.942613217,1.689251034,0.307438108
4.959465017,1.665661282,0.344556049
4.96490483,1.632533651,0.13084669
4.959487511,1.597122778,0.048362376
4.943258047,1.564767476,-0.001128212
4.916295167,1.519492547,-0.171720771
4.879239952,1.482090867,-0.159723052
4.83373072,1.442289721,-0.242207366
4.780209853,1.398259515,-0.24970594
4.718602371,1.35827466,-0.305195388
4.649313169,1.306228737,-0.457041512
4.571408741,1.258674316,-0.364059194
4.485376459,1.206141002,-0.420298499
4.391212575,1.142566394,-0.435670576
4.28841847,1.085875255,-0.328815896
4.177676464,1.016013296,-0.404551494
4.059189003,0.95562173,-0.427422144
3.934729369,0.900122826,-0.37680677
3.804346299,0.830005923,-0.348312189
3.666986321,0.766926205,-0.392178846
3.523714155,0.698698882,-0.359185121
3.376621748,0.637936149,-0.324316752
3.226050259,0.571658392,-0.453292225
3.06904172,0.488246947,-0.495659168
2.903001817,0.404400599,-0.536151467
2.730311169,0.327816385,-0.612636922
2.553507857,0.248157855,-0.630258571
2.371763351,0.169920259,-0.625759427
2.188084355,0.09047918,-0.565395906
1.998062034,-0.004142271,-0.535026681
1.805415406,-0.074394144,-0.467164586
1.609387171,-0.175392927,-0.334439827
1.409793628,-0.246578341,-0.278950379
1.21138852,-0.349942848,-0.221586288
1.005020516,-0.442187328,-0.175844986
0.805479459,-0.536055197,-0.192341849
0.595992278,-0.691750563,-0.152974336
0.395037844,-0.712753391,-0.088861528
0.187511395,-1.005739466,-0.093360672
-0.0092329,-0.839703901,-0.052493444
-0.047870198,-0.170425282,0.107226182
-0.025143699,-0.146850526,0.147343553
-0.035382245,-0.141387991,0.117724186
-0.029466307,-0.072969461,0.186336138
-0.032034379,-0.101470621,0.115474613
-0.031044641,-0.053545032,0.027741298
-0.030684736,-0.075680108,0.055486021
-0.031929407,-0.046012957,-0.001503141
-0.030231105,-0.048626126,-0.020249576
-0.03214685,-0.048914812,0.017618223
-0.030579763,-0.039410676,0.02699144
-0.031565753,-0.043452277,0.038239301
-0.031494522,-0.033112077,0.051736734
-0.031445785,-0.034090609,0.116224471
-0.032015634,-0.030333945,0.105351539
-0.031831933,-0.03858211,0.056610808
-0.032169344,-0.032632184,0.05886038
-0.03203063,-0.024320283,0.011619364
-0.032607978,-0.028808034,-0.012001145
-0.033417764,-0.033790676,-0.012751002
-0.034283785,-0.032077307,0.011994292
-0.034958607,-0.02680598,0.02999087
-0.035659672,-0.029902791,0.026241583
-0.035888362,-0.024110329,0.039364087
-0.036012079,-0.025336307,-0.053993159
-0.03695308,-0.024661457,-0.105358391
-0.036615669,-0.024792677,-0.143976047
-0.037639149,-0.027949475,-0.270327019
-0.037159276,-0.01583592,-0.297321885
-0.037954066,-0.032489715,-0.34493783
-0.038186505,-0.015667207,-0.36818341
-0.037297989,-0.030172731,-0.343438115
-0.039929794,-0.02190582,-0.303695673
-0.036900594,-0.016132104,-0.170221056
-0.040957023,-0.039271957,-0.137602259
-0.037267997,0.004173379,-0.100484318
-0.04055213,-0.059022563,-0.081737883
-0.039783583,0.023511577,-0.10835782
-0.036968076,-0.075863817,-0.163097411
-0.046374343,0.032914486,-0.269202233
-0.023861537,-0.087411248,-0.149974906
-0.203495352,-1.432462042,-0.212962928
-0.583491256,-1.871789314,-0.119605682
-0.903645463,-1.627309948,0.077981743
-1.214453388,-1.784032586,-0.150724764
-1.516106231,-1.748674201,0.229452938
-1.791988379,-1.797083432,0.332933259
-2.063480436,-1.721545236,0.082105959
-2.321457312,-1.677083876,0.37904949
-2.579059287,-1.708550626,0.157466628
-2.817248888,-1.689208679,0.112475184
-3.044363914,-1.743391626,0.244450086
-3.261855231,-1.763532146,0.086230175
-3.468223236,-1.800986314,0.299189676
-3.662751867,-1.812023859,0.285692243
-3.839558927,-1.816312905,0.283442671
-4.002955779,-1.830503498,0.382798777
-4.153223598,-1.836693371,0.146218767
-4.292705515,-1.851922483,0.113225041
-4.420505517,-1.848720696,0.064859239
-4.533654388,-1.839467754,-0.046869514
-4.632770714,-1.831478281,0.039739016
-4.718390605,-1.817741337,0.126722474
-4.79096394,-1.803502005,0.186711066
-4.851975329,-1.78886526,0.254198232
-4.900716208,-1.767528757,0.362177698
-4.936747943,-1.741738244,0.292815889
-4.960801591,-1.713383301,0.32131047
-4.973683189,-1.684488479,0.340806762
-4.975715153,-1.650877206,0.121848401
-4.966657545,-1.613220583,0.104601681
-4.94705772,-1.577266081,-0.047244442
-4.917080636,-1.536276449,-0.236208507
-4.877708533,-1.495099359,-0.272576591
-4.829661221,-1.455826845,-0.305945245
-4.773414824,-1.414072383,-0.237333293
-4.709865356,-1.369802231,-0.344562902
-4.638008081,-1.316372866,-0.365933837
-4.557741777,-1.264863074,-0.313068891
-4.469373862,-1.211381222,-0.44879308
-4.372585671,-1.148473965,-0.415424426
-4.26784583,-1.088453567,-0.359934978
-4.154783186,-1.022723188,-0.44879308
-4.034245017,-0.961566793,-0.465664872
-3.907622204,-0.90161013,-0.401926993
-3.774329902,-0.82685176,-0.48066202
-3.633772019,-0.759936645,-0.547774257
-3.488209208,-0.700684826,-0.456291654
-3.339890875,-0.632764934,-0.493034667
-3.186638844,-0.561009646,-0.502407884
-3.025663852,-0.477883138,-0.430046645
-2.855893684,-0.388521766,-0.44879308
-2.681171072,-0.313058553,-0.487785665
-2.501829681,-0.23148045,-0.483661449
-2.318934228,-0.157494408,-0.433046075
-2.132964587,-0.068354237,-0.431921289
-1.94077159,0.012102865,-0.398177706
-1.747540116,0.099072269,-0.319817607
-1.547684142,0.196689304,-0.305570317
-1.349327772,0.263874359,-0.272201662
-1.14647259,0.385838478,-0.199090566
-0.942533944,0.442353406,-0.176594844
-0.740657253,0.599657164,-0.178469487
-0.530289055,0.677606074,-0.133478043
-0.334444522,0.796162202,-0.107607963
-0.114572583,1.03707611,-0.099359532
0.019855668,0.478667828,-0.041995441
0.004803393,0.057227827,0.047987447
0.001736703,0.158436563,0.127097403
0.00621677,0.062911563,0.187460924
0.001489268,0.0793779,0.223454079
0.005781885,0.056448001,0.187085995
0.002490254,0.039610496,0.167214774
0.005549446,0.046812644,0.167964631
0.003839897,0.019301264,0.073482599
0.004349763,0.03604129,0.006370362
0.004960851,0.013906214,-0.013875788
0.004143567,0.018318982,-0.037121367
0.005440725,0.015795794,-0.031122508
0.004773401,0.012290323,-0.009751572
0.005403235,0.012391551,0.078731601
0.005309509,0.008454927,0.099727608
0.00545947,0.010633192,0.092603963
0.005871861,0.007435153,0.134970906
0.00610055,0.010434486,0.074232456
0.006902839,0.009189763,0.058485451
0.007870083,0.008676127,0.095228464
0.008612387,0.009264746,0.02999087
0.009744588,0.010404493,-0.055117945
0.010119489,0.006734059,-0.071239879
0.01022821,0.007161464,-0.117356109
0.010824303,0.003700984,-0.203214782
0.010783064,0.002490003,-0.182968632
0.01193401,0.001983866,-0.197590851
0.011075487,0.001387749,-0.247831297
0.0127288,0.011514246,-0.232834149
0.012282668,-0.005859389,-0.229834719
0.01254135,0.017422932,-0.190842134
0.013917236,-0.006567982,-0.159723052
0.011682826,0.010876888,-0.068615378
0.015754251,0.006299156,0.02699144
0.01072308,-0.012424179,0.047612519
0.016927691,0.037312257,0.07310767
0.01144289,-0.054358601,-0.017625075
0.01583298,0.081544918,-0.143976047
0.01530437,-0.121333702,-0.230209648
0.011255439,0.310600215,-0.285324167
0.255758373,1.720972728,-0.349062046
0.633969749,1.849464145,-0.220086573
0.942539515,1.67182866,-0.210338427
1.26042932,1.807645947,-0.276325878
1.555690101,1.764474301,0.178462635
1.834252791,1.829316127,0.12222333
2.105126261,1.714602895,0.124472902
2.365228826,1.705792355,0.530520684
2.624975235,1.729524576,0.328809044
2.866448969,1.721557598,0.444287083
3.09634576,1.760698891,0.488903599
3.312056298,1.774072166,0.360677983
3.520253819,1.826500503,0.466782805
3.717388012,1.840649856,0.259072306
3.898502685,1.849992777,0.284567457
4.065352375,1.86077163,0.197958927
4.216973586,1.863362303,-0.093735601
4.357741414,1.877477913,-0.040120797
4.487123498,1.882048147,-0.148475191
4.603766446,1.876345665,-0.192341849
4.705938216,1.86229754,-0.005627357
4.794159919,1.851477447,0.047987447
4.870924648,1.842453205,0.119973758
4.935212671,1.824108535,0.298814748
4.987080225,1.804744093,0.385798206
5.026913456,1.778016289,0.366301914
5.05355767,1.747546817,0.524521825
5.068418746,1.717620974,0.454035229
5.072621386,1.687095264,0.22307915
5.0661281,1.65829792,0.23170251
5.049156332,1.614807594,0.020242724
5.021421156,1.571620951,-0.216712215
4.983882319,1.534320499,-0.350186832
4.93737585,1.486466144,-0.424422715
4.882167929,1.444149307,-0.454042082
4.819117079,1.404235686,-0.592765701
4.748125825,1.355237835,-0.474288232
4.668834264,1.303548084,-0.416174283
4.581362362,1.242275464,-0.502032956
4.486028787,1.18560682,-0.304070602
4.383189694,1.131656321,-0.251955513
4.272451436,1.065479792,-0.342688258
4.154267645,1.003041181,-0.286448953
4.029571824,0.93786193,-0.286823882
3.898562669,0.875659517,-0.413924711
3.761108966,0.809156811,-0.470913873
3.616693352,0.733877307,-0.439044934
3.468097592,0.67677001,-0.515530389
3.317016238,0.611422047,-0.578143482
3.160213895,0.536359994,-0.581142911
2.995279949,0.448082132,-0.652004436
2.822188157,0.357663495,-0.72286596
2.645122415,0.289053758,-0.692121806
2.463231697,0.206080965,-0.607012992
2.277558227,0.131183876,-0.542525255
2.087625883,0.035887574,-0.413174854
1.892411183,-0.045248127,-0.253080299
1.696664124,-0.129495636,-0.175844986
1.495297299,-0.221121504,-0.141351546
1.296059911,-0.297998153,-0.113981751
1.090655402,-0.415058363,-0.138352117
0.887342841,-0.481718535,-0.15184955
0.682369468,-0.648695141,-0.155973765
0.472612359,-0.694817381,-0.22383586
0.274162263,-0.872017963,-0.245206796
0.05457525,-1.031927391,-0.263578302
-0.054498447,-0.396286289,-0.222336145
-0.032023132,-0.09319996,-0.043120227
-0.034182562,-0.184739597,0.025866654
-0.035224787,-0.076606152,0.109475754
-0.032439272,-0.106543242,0.189335567
-0.035644676,-0.071582269,0.145468909
-0.03214685,-0.066134731,0.169464346
-0.034928615,-0.066944551,0.137595407
-0.032915397,-0.044040896,0.125972617
-0.033901386,-0.054411089,0.174713348
-0.033770171,-0.035530289,0.143594266
-0.03343276,-0.044393317,0.102727038
-0.034171315,-0.037678561,0.039739016
-0.033533983,-0.034844192,-3.43e-06
-0.03434002,-0.032905873,-0.041620512
-0.034100084,-0.029741577,-0.074989166
-0.034250044,-0.033753184,-0.079113382
-0.034677431,-0.028774292,-0.127854113
-0.03502234,-0.030742604,-0.130478614
-0.035869616,-0.031777374,-0.105358391
-0.036735638,-0.026922204,-0.079113382
-0.037481691,-0.029595359,-0.023998863
-0.038418943,-0.029017988,0.032240442
-0.0385839,-0.02734586,0.076482029
-0.039258722,-0.029224192,0.030740727
-0.039243725,-0.021208475,-0.025123649
-0.039607379,-0.030397681,-0.049119086
-0.040334687,-0.020319922,-0.123729897
-0.03945367,-0.026783485,-0.175844986
-0.041301932,-0.026772237,-0.205839283
-0.039701105,-0.015378522,-0.21221307
-0.041860534,-0.041746406,-0.193841564
-0.04093078,-0.004532184,-0.142851261
-0.04100576,-0.043084858,-0.074989166
-0.042839026,-0.00931612,-0.056992589
-0.039041279,-0.032036066,0.026616511
-0.045999442,-0.032534705,0.028116226
-0.03653694,-0.000588062,-0.009751572
-0.049362303,-0.094395944,-0.042370369
-0.031813188,0.132930987,-0.12298004
-0.080077942,-0.739181262,-0.125979469
-0.402417822,-1.8673578,-0.179219345
-0.764403483,-1.693321514,-0.086986885
-1.069078027,-1.720023074,-0.161597696
-1.387275251,-1.796292358,-0.079113382
-1.672376215,-1.783590184,0.253448375
-1.951212582,-1.804949183,0.008994863
-2.216458789,-1.687337845,0.116224471
-2.477202434,-1.731806703,0.295440389
-2.73131783,-1.730636963,0.128972047
-2.96731801,-1.748876656,0.307438108
-3.191752493,-1.78041464,0.308562894
-3.403087936,-1.811022832,0.331808473
-3.608181277,-1.852604832,0.404544641
-3.798837181,-1.858674731,0.34718055
-3.97451204,-1.874574944,0.457409588
-4.134875943,-1.876265818,0.316811325
-4.282294514,-1.888589327,0.192334997
-4.419122132,-1.899581882,0.202833001
-4.54390793,-1.900192996,-0.021374362
-4.656254513,-1.891716131,-0.078738453
-4.752836508,-1.876423283,-0.055867803
-4.836840575,-1.868827473,-0.071239879
-4.908791575,-1.855431703,0.014993722
-4.96819089,-1.838178041,0.146968624
-5.016391911,-1.816620336,0.214830719
-5.051186473,-1.785479764,0.250448945
-5.073474338,-1.757361019,0.38167399
-5.08467638,-1.72701152,0.242200514
-5.085002543,-1.694791187,0.151467769
-5.07516889,-1.661078687,0.181462065
-5.054811766,-1.619151763,-0.03937094
-5.023976159,-1.579084426,-0.144725904
-4.983974222,-1.539815661,-0.205464354
-4.935544511,-1.497078918,-0.263203374
-4.878672029,-1.452505084,-0.358435263
-4.813922877,-1.409011009,-0.430421574
-4.740895912,-1.356972585,-0.339688828
-4.659489908,-1.299422887,-0.44879308
-4.570042279,-1.248010573,-0.480287091
-4.472309337,-1.187514031,-0.378306485
-4.366875929,-1.123811951,-0.471288802
-4.253745803,-1.063791553,-0.497158882
-4.13306892,-0.997705004,-0.41130021
-4.006093701,-0.934925219,-0.379056342
-3.8729851,-0.869633493,-0.414674568
-3.732472206,-0.794578939,-0.364809051
-3.585825931,-0.731225532,-0.304820459
-3.436517858,-0.669296808,-0.403801636
-3.282894676,-0.595134555,-0.452917296
-3.12238831,-0.516705752,-0.463040371
-2.953461669,-0.428004233,-0.564646048
-2.777824299,-0.354261887,-0.668876227
-2.599037761,-0.27319742,-0.66512694
-2.415403754,-0.190273366,-0.638132074
-2.229186678,-0.111203455,-0.635882501
-2.036678763,-0.016000883,-0.535026681
-1.841276613,0.057276566,-0.43454579
-1.642069218,0.164637684,-0.335939541
-1.43991885,0.230026888,-0.247456368
-1.238653248,0.332390367,-0.211463213
-1.030766894,0.425103493,-0.146975477
-0.82996617,0.520418541,-0.106108248
-0.618698209,0.670760097,-0.110607393
-0.417605062,0.697082992,-0.099359532
-0.206715751,1.000772936,-0.026623364
-0.012948169,0.793852715,-0.032622223
0.018708471,0.128840647,0.036739586
-0.002488431,0.13152505,0.169839275
0.008248733,0.113667772,0.155217056
0.002021628,0.052301423,0.211081432
0.00526827,0.078309388,0.214080862
0.004076085,0.031838475,0.203582858
0.004102328,0.054307227,0.200583428
0.005493211,0.021247081,0.135345835
0.003959866,0.026987054,0.175838134
0.005766889,0.022994192,0.124097974
0.004623441,0.016470643,0.070858098
0.005455721,0.019046321,0.098977751
0.005395737,0.011656714,0.074232456
0.005549446,0.016613112,0.080981173
0.005826873,0.007300183,0.047987447
0.005853116,0.013437568,-0.018749861
0.00629175,0.009763386,-0.092235886
0.006464204,0.005309376,-0.164222197
0.007157771,0.00974464,-0.176969773
0.008068781,0.006576594,-0.229084862
0.008871069,0.005864253,-0.239957794
0.00981207,0.010115807,-0.165346983
0.010359426,0.004510804,-0.077988596
0.010329434,0.005957982,0.005995433
0.011341666,0.007108976,0.035989729
0.01117671,0.002733699,0.064859239
0.012158951,0.009864613,0.070108241
0.012053978,-0.000483085,0.038989159
0.012443875,0.012728976,0.000371503
0.013227418,-0.001491611,-0.064116234
0.012155202,0.007686348,-0.094485459
0.014783258,0.004225867,-0.137977188
0.011885273,-0.009162404,-0.133478043
0.015563052,0.02012983,-0.103108819
0.012777537,-0.024204058,-0.136852402
0.014787007,0.041012684,-0.145850691
0.015529311,-0.041255265,-0.215587429
0.010558123,0.043329669,-0.274076306
0.02272741,-0.024976387,-0.270327019
-0.00268338,0.001950124,-0.206964069
0.151970781,1.353168296,-0.260578873
0.526628095,1.945532775,-0.15747348
0.852199621,1.659148981,0.1192239
1.163015044,1.798029337,-0.061491733
1.469710305,1.769970578,0.239201084
1.748160525,1.822166467,0.465658019
2.023694015,1.766888764,0.161215915
2.283657867,1.689907138,0.436413581
2.54531627,1.735444509,0.318685969
2.791862415,1.720432848,0.167964631
3.02394113,1.751599665,0.332558331
3.243445666,1.763923174,0.208456931
3.452677914,1.815541691,0.362177698
3.653621101,1.844410269,0.305938393
3.838282337,1.847113418,0.19420964
4.008922276,1.859658127,0.295440389
4.164195024,1.857446119,0.062234738
4.307572162,1.869188507,0.065609096
4.440320857,1.876536873,0.119973758
4.560079233,1.873031403,-0.023249006
4.666239949,1.86216257,0.096728178
4.758638049,1.847072177,0.152967483
4.838180794,1.831378168,0.130471761
4.905872919,1.821015473,0.227953223
4.961639443,1.809239343,0.33555776
5.004449388,1.779632179,0.254573161
5.034707648,1.749155209,0.236951512
5.053167773,1.715690153,0.257197662
5.059938485,1.678580908,-0.019499719
5.05617073,1.652801643,-0.098984603
5.042115691,1.615917347,-0.130478614
5.017439708,1.575302632,-0.237708222
4.983226242,1.534552947,-0.248956083
4.93987644,1.489566704,-0.268827304
4.888061372,1.449184437,-0.208088855
4.828553337,1.401075139,-0.325441538
4.760591283,1.354023106,-0.340813615
4.684081487,1.302404588,-0.219711644
4.59909518,1.244251274,-0.367808481
4.505733584,1.190240789,-0.37380734
4.404757748,1.131420124,-0.305570317
4.296321383,1.072520726,-0.425547501
4.180368253,1.007975084,-0.491909881
4.057648159,0.948344599,-0.448043223
3.928989634,0.887735581,-0.456291654
3.793627879,0.807473435,-0.522279105
3.650944308,0.74519229,-0.47203866
3.503368278,0.682644953,-0.506157171
3.352965495,0.608782634,-0.612261993
3.197655258,0.547914924,-0.596140059
3.035071941,0.465114593,-0.631383357
2.864188316,0.377774022,-0.652004436
2.688363496,0.308556919,-0.609637492
2.508268554,0.220672719,-0.553773116
2.324004712,0.145359472,-0.462290513
2.13648673,0.058367574,-0.391803918
1.94225802,-0.028504352,-0.312319033
1.747298253,-0.106843175,-0.260578873
1.546669983,-0.20954408,-0.277075736
1.346589068,-0.275784345,-0.292447812
1.143355236,-0.391663567,-0.327316181
0.93703222,-0.461904192,-0.40267685
0.735579167,-0.606329565,-0.413924711
0.523782596,-0.697325573,-0.369683124
0.326899587,-0.78544972,-0.280075165
0.108684711,-1.06371282,-0.15747348
-0.043911243,-0.587043855,-0.049494015
-0.038040293,-0.090129393,0.137220478
-0.029578778,-0.184480905,0.222704222
-0.036263263,-0.098733729,0.258322448
-0.030129882,-0.09378483,0.365926985
-0.034752412,-0.089863203,0.316811325
-0.031243338,-0.057537893,0.321685398
-0.033301545,-0.068942856,0.321685398
-0.032499257,-0.043478521,0.213705933
-0.032398033,-0.057534144,0.244825015
-0.033290298,-0.038818308,0.205457501
-0.032083116,-0.042271289,0.127097403
-0.033245309,-0.038278428,0.100102537
-0.032585484,-0.033741937,-0.013500859
-0.033080353,-0.038135959,-0.11998061
-0.033106596,-0.029719082,-0.193091707
-0.033294047,-0.034709222,-0.208088855
-0.033668948,-0.030776346,-0.187467776
-0.033751426,-0.027409595,-0.143976047
-0.034789902,-0.031080029,-0.058492303
-0.035610935,-0.031499935,0.016118508
-0.036102055,-0.029677841,0.059235308
-0.03733173,-0.0296366,0.08473046
-0.037639149,-0.025654986,0.090354391
-0.037871588,-0.030105246,0.003370932
-0.038613892,-0.026933451,-0.055492874
-0.038411445,-0.027919482,-0.070115093
-0.039423678,-0.028316894,-0.182218774
-0.03869637,-0.020068728,-0.27857545
-0.040109747,-0.029415399,-0.295072313
-0.039487411,-0.012997801,-0.266952661
-0.03986981,-0.034315559,-0.237708222
-0.041193211,-0.013657654,-0.188592562
-0.038928809,-0.030476413,-0.071989737
-0.042884014,-0.026378575,-0.033747009
-0.038070285,-0.011449396,-0.021749291
-0.044203666,-0.060450995,0.020242724
-0.038310222,0.0283555,0.031490585
-0.04271156,-0.107386804,-0.000378355
-0.042497866,0.093099847,0.014993722
-0.037980309,-0.315615484,0.030365798
-0.283300527,-1.673237232,-0.19496635
-0.664698562,-1.80136498,-0.07386438
-0.974194333,-1.65944405,-0.061866662
-1.291476799,-1.808177215,-0.272201662
-1.586403917,-1.762786062,0.161215915
-1.864404256,-1.823170129,0.06448431
-2.135019045,-1.712772187,-0.027373221
-2.394630489,-1.71001655,0.308562894
-2.653312179,-1.73663188,0.125972617
-2.893241321,-1.734044955,0.29244096
-3.121720987,-1.776028116,0.42216629
-3.336115621,-1.793982872,0.406044356
-3.543297161,-1.843689315,0.627627218
-3.739092957,-1.853264685,0.52602154
-3.918291886,-1.86740279,0.554516121
-4.083701957,-1.876689474,0.484029526
-4.23421721,-1.879643817,0.164215344
-4.374025291,-1.895510287,0.123723045
-4.502346405,-1.891416198,-0.076488881
-4.617665953,-1.882354464,-0.30744496
-4.718413099,-1.874631182,-0.241832438
-4.805198931,-1.862600108,-0.188592562
-4.880741483,-1.852372383,-0.157848409
-4.944737083,-1.835223698,0.037489444
-4.996465923,-1.811270276,0.208456931
-5.035478121,-1.786102125,0.223454079
-5.061470008,-1.753773067,0.380924133
-5.075528795,-1.722527517,0.388422707
-5.078850418,-1.690745837,0.21745522
-5.071498609,-1.655334964,0.195334427
-5.053634577,-1.616542344,0.071233027
-5.026116843,-1.575522718,-0.07686381
-4.98909537,-1.537704881,-0.188967491
-4.94323373,-1.4958117,-0.239957794
-4.889551656,-1.452662549,-0.286823882
-4.82777172,-1.406240375,-0.47203866
-4.757766457,-1.35811608,-0.44016972
-4.679217199,-1.307007449,-0.453667153
-4.5923039,-1.246893322,-0.643756004
-4.497165273,-1.1892274,-0.571394765
-4.393598872,-1.12849091,-0.492284809
-4.282489463,-1.064166469,-0.529027822
-4.163949516,-1.002110274,-0.418423855
-4.038957522,-0.942397307,-0.257954372
-3.908409496,-0.876247022,-0.2557048
-3.770689614,-0.803603182,-0.241457509
-3.626004071,-0.738956312,-0.155598837
-3.477453298,-0.67468061,-0.256454657
-3.325400951,-0.603004055,-0.41992357
-3.167177733,-0.528343163,-0.50353267
-3.000444262,-0.443270837,-0.635882501
-2.826430214,-0.361029132,-0.755484757
-2.649079547,-0.285618407,-0.761858545
-2.466933896,-0.209210404,-0.728114962
-2.282253914,-0.133196063,-0.695121236
-2.091852944,-0.030836333,-0.570644908
-1.896720722,0.042846026,-0.395928133
-1.69973649,0.136912601,-0.281199951
-1.49687381,0.218224513,-0.168346413
-1.296822887,0.299142763,-0.061866662
-1.089146478,0.408243494,-0.0479943
-0.886381272,0.482780663,-0.062991448
-0.678344958,0.656929424,-0.065990877
-0.471047199,0.678880791,-0.104233605
-0.26962039,0.90828476,-0.074614237
-0.054464706,0.952558661,-0.073114523
0.025160517,0.266157601,-0.062991448
-0.001180027,0.085620261,0.066733882
0.00674538,0.148310066,0.056610808
0.004237292,0.049594525,0.066733882
0.003727427,0.084266812,0.092229034
0.005924347,0.039438034,0.043488303
0.003420008,0.04934708,0.135720763
0.006036817,0.032809509,0.165340131
0.003918627,0.021310817,0.183336708
0.005774387,0.030256327,0.245949801
0.005137055,0.0146448,0.233202225
0.005309509,0.021303318,0.249699088
0.005991829,0.013051404,0.223829008
0.005699406,0.017044266,0.175838134
0.006430463,0.008368696,0.102352109
0.006085554,0.006355394,-0.017625075
0.00644171,0.012687735,-0.127854113
0.006741631,0.009260997,-0.265452946
0.007341473,0.010813152,-0.333315041
0.008424937,0.012717728,-0.32469168
0.008998535,0.008072512,-0.259829015
0.009744588,0.005774273,-0.140976617
0.010528131,0.006164186,-0.025123649
0.010700586,0.007506388,0.072732742
0.01166783,0.007011498,0.092978891
0.011352913,-0.002342671,0.091854105
0.012136457,0.00524939,0.071982884
0.01246262,-0.000764273,-0.013500859
0.012233931,0.009448456,-0.074614237
0.013707292,-0.001611584,-0.139851831
0.012035233,-0.001431624,-0.188967491
0.014880732,0.011671711,-0.216337286
0.01242513,-0.014325006,-0.207713926
0.01473452,0.025232444,-0.141351546
0.014190914,-0.026404819,-0.128229042
0.013036219,0.026758355,-0.083987455
0.017932426,-0.0219958,-0.094485459
0.009148496,0.005208149,-0.10573332
0.02405081,0.035936313,-0.111732179
-0.001116294,-0.11154088,-0.134977758
0.097538904,1.066788251,-0.07086495
0.453327451,1.963375056,-0.03937094
0.795960722,1.666212409,0.128972047
1.102760956,1.763953167,0.0356148
1.415957,1.78376376,0.136470621
1.69645043,1.796964574,0.38767285
1.973813437,1.783482573,0.036364658
2.235453096,1.684208406,0.166464917
2.497362684,1.735988138,0.202833001
2.748272676,1.719653021,-0.015000574
2.983099415,1.74757681,0.199083714
3.205918076,1.771136569,0.150342983
3.416365003,1.80498029,0.238451227
3.620686048,1.84310556,0.337807333
3.809636152,1.850082757,0.331433545
3.983935125,1.857202424,0.52602154
4.143358026,1.861420235,0.405294499
4.289085794,1.869334725,0.359178268
4.42414013,1.867932537,0.363677413
4.547872456,1.871385519,0.095978321
4.65801837,1.863707227,0.059235308
4.753007036,1.853546987,0.020242724
4.83482543,1.830752058,-0.090361243
4.905243085,1.812294913,-0.037496296
4.963866355,1.811466348,0.059610237
5.010477796,1.775800531,0.037114515
5.044710006,1.743227777,0.028866084
5.066188085,1.720372861,0.127097403
5.076306663,1.676852542,0.002246146
5.075290681,1.637542537,-0.005627357
5.063526287,1.606791877,0.026616511
5.041504603,1.572993146,-0.134602829
5.009053172,1.529993961,-0.172470628
4.967874046,1.488348225,-0.19496635
4.918597059,1.447853483,-0.186717919
4.861188469,1.403339635,-0.285699096
4.796146894,1.356415074,-0.338189114
4.722587569,1.306131259,-0.222336145
4.640431764,1.249218919,-0.376056912
4.549874427,1.190563217,-0.454042082
4.450765599,1.13498558,-0.40567628
4.344091268,1.071808384,-0.55264833
4.229825193,1.004672069,-0.607762849
4.108559715,0.94690117,-0.54102554
3.981738205,0.89470903,-0.498283669
3.848475896,0.823673582,-0.525653464
3.70819169,0.748918961,-0.431921289
3.562077775,0.691028089,-0.332940112
3.412743459,0.625230225,-0.419548642
3.259079037,0.551472883,-0.401926993
3.098059058,0.476294606,-0.406801066
2.928907476,0.391405989,-0.479162305
2.753450059,0.311455024,-0.53240218
2.57451356,0.236794133,-0.571769694
2.391037011,0.164270266,-0.558647189
2.204737457,0.07960285,-0.575518981
2.012000853,-0.008993692,-0.518529818
1.817056082,-0.083238426,-0.44879308
1.618508512,-0.18998843,-0.408675709
1.416515603,-0.255302651,-0.346437545
1.215268746,-0.360609225,-0.317942964
1.006598849,-0.448324713,-0.29019824
0.805138299,-0.546286671,-0.236958365
0.593544174,-0.697460543,-0.208463783
0.391693727,-0.721740142,-0.168346413
0.181895378,-1.018959026,-0.053993159
-0.013563007,-0.825123394,-0.03337208
-0.048091389,-0.160917397,0.05886038
-0.026002222,-0.151098331,0.192334997
-0.036623168,-0.143172594,0.172088847
-0.030339827,-0.075672609,0.226828437
-0.033290298,-0.099446071,0.183711637
-0.032071869,-0.054905979,0.139844979
-0.031715713,-0.078184551,0.183336708
-0.032937891,-0.04878734,0.112850112
-0.031138366,-0.05215784,0.126722474
-0.032949138,-0.048153731,0.108725897
-0.031532012,-0.037299895,0.062609667
-0.032465515,-0.042754932,0.094478606
-0.032356794,-0.03251221,0.036739586
-0.032210583,-0.036726273,0.011244435
-0.032555492,-0.033531983,0.008245005
-0.032398033,-0.035260349,-0.018374932
-0.032967883,-0.033247047,-0.03937094
-0.033170329,-0.029790316,-0.127479184
-0.03381141,-0.031259989,-0.18934242
-0.034662435,-0.028526847,-0.215587429
-0.035232285,-0.027679535,-0.239957794
-0.036300753,-0.028744298,-0.224960646
-0.036949331,-0.025272571,-0.145100833
-0.03718177,-0.026745993,-0.102358961
-0.037871588,-0.023885379,-0.148100263
-0.037744121,-0.03044642,-0.124104826
-0.038880072,-0.031061283,-0.085862099
-0.038164011,-0.018321617,-0.097859817
-0.039116259,-0.031904845,-0.073489451
-0.039172494,-0.011614359,-0.062991448
-0.038655131,-0.034649235,-0.063741305
-0.041024505,-0.018509075,-0.029247865
-0.03790158,-0.017894212,0.028116226
-0.042197945,-0.038218441,0.049112234
-0.038032795,0.004158382,0.084355531
-0.042040487,-0.067072022,0.112850112
-0.040282201,0.027811871,0.019867795
-0.038497672,-0.080385311,-0.049494015
-0.046689259,0.043194699,-0.152224478
-0.026223414,-0.123879386,-0.169846127
-0.219372409,-1.485115329,-0.256079728
-0.602431255,-1.856601443,-0.304070602
-0.921558233,-1.634005959,-0.132728186
-1.23671501,-1.800757615,-0.198715637
-1.53928636,-1.765429224,0.127097403
-1.817530384,-1.815311877,0.252698518
-2.091774214,-1.72732645,0.066733882
-2.351415651,-1.695938432,0.423291076
-2.612208034,-1.732571533,0.369301343
-2.856137369,-1.724027184,0.314936682
-3.086840198,-1.763217216,0.430039793
-3.303979108,-1.77551448,0.299189676
-3.512296597,-1.833049182,0.391047208
-3.711339036,-1.850520295,0.321685398
-3.894017047,-1.854284458,0.293565746
-4.063007421,-1.863698614,0.367801629
-4.216559373,-1.870304644,0.178087706
-4.359179211,-1.888881762,0.175463205
-4.490492036,-1.886043643,0.080606244
-4.608282181,-1.880386152,-0.10573332
-4.712763341,-1.872003017,-0.079863239
-4.802904537,-1.855645405,-0.064866091
-4.880861451,-1.843768047,-0.002252998
-4.947860009,-1.828700149,0.086980032
-5.002659288,-1.808930797,0.256447805
-5.045116826,-1.782705381,0.25194866
-5.075003934,-1.749873934,0.260946949
-5.092822978,-1.720765409,0.320935541
-5.099458726,-1.686513029,0.094853535
-5.09508738,-1.654307693,0.058485451
-5.080110085,-1.618810589,-0.043120227
-5.054793021,-1.570495087,-0.286823882
-5.019908483,-1.530172806,-0.378681413
-4.976419967,-1.492182507,-0.456666583
-4.924653637,-1.452148913,-0.474288232
-4.865393036,-1.408159948,-0.531652323
-4.798259514,-1.354078229,-0.442044364
-4.722038391,-1.303685688,-0.329565754
-4.637659423,-1.248314256,-0.395553205
-4.544732712,-1.187690242,-0.317193106
-4.44317578,-1.13101035,-0.28719881
-4.334102083,-1.068493007,-0.374182269
-4.217102979,-1.001930314,-0.340063757
-4.093501869,-0.942127367,-0.256829586
-3.963958577,-0.883276708,-0.297321885
-3.827764542,-0.811528918,-0.372682554
-3.684473631,-0.74453882,-0.32769111
-3.53656019,-0.684957074,-0.407925852
-3.386022443,-0.614435262,-0.530527537
-3.22921635,-0.544145898,-0.545524685
-3.064589823,-0.461829209,-0.62463464
-2.891670486,-0.372404102,-0.684248304
-2.714061137,-0.300776285,-0.69099702
-2.532729022,-0.218842011,-0.634757715
-2.347636649,-0.148350192,-0.566520692
-2.15912143,-0.059341242,-0.503157742
-1.964292878,0.022023158,-0.355435834
-1.768707027,0.105948239,-0.259829015
-1.566860328,0.208502926,-0.207338997
-1.366055855,0.271672624,-0.134602829
-1.160688836,0.395938731,-0.089236457
-0.95394593,0.458246121,-0.0911111
-0.749508666,0.612509305,-0.106483177
-0.536414938,0.691305527,-0.151099692
-0.338039822,0.801287311,-0.173220486
-0.116398351,1.042306197,-0.16909627
0.02056798,0.486293632,-0.193091707
0.006051813,0.063511429,-0.062991448
0.002501501,0.168675536,0.004495718
0.007547668,0.062356686,0.041238731
0.002561485,0.072385705,0.177337849
0.006921584,0.054071029,0.182586851
0.003502487,0.038481997,0.256072876
0.006066809,0.0427373,0.300689391
0.004698421,0.015593339,0.300689391
0.00542198,0.038204559,0.348680265
0.005909351,0.015394633,0.264696236
0.004930859,0.019125053,0.217080291
0.006355483,0.017794099,0.172463776
0.005928096,0.014359863,0.049112234
0.006475451,0.016256941,0.016493437
0.006385475,0.010318262,-0.015000574
0.006692894,0.009534686,-0.115856395
0.007135277,0.003772218,-0.203214782
0.007240249,0.007337675,-0.303320745
0.008372451,0.012384053,-0.355060905
0.009377185,0.010546961,-0.335189684
0.009958282,0.00794504,-0.311944105
0.011008005,0.00803502,-0.171720771
0.011109228,0.005616808,-0.022874077
0.011727814,0.005748029,-0.020249576
0.012053978,-0.001592838,0.013868936
0.011990245,0.003419797,0.037864373
0.012905004,-0.001139189,0.001871217
0.012215186,0.001646441,-0.008251858
0.014187165,0.008608642,-0.045744728
0.012710055,-0.008615026,-0.062616519
0.014149675,0.017134246,-0.085112241
0.014314631,-0.011306927,-0.117356109
0.013332391,0.019533712,-0.092235886
0.016406579,-0.005938122,-0.075364095
0.011712818,0.001061571,-0.052493444
0.019120862,0.025813565,-0.0911111
0.010336932,-0.044370822,-0.127479184
0.020088107,0.085545278,-0.142851261
0.010505637,-0.151413261,-0.187842705
0.031552579,0.545822889,-0.181093988
0.321478519,1.853738194,-0.234708792
0.692480548,1.770705415,-0.010876359
0.997226324,1.700850954,0.052861521
1.315344819,1.804342932,0.00112136
1.604329757,1.768332193,0.403419855
1.882660008,1.816021584,0.181087136
2.149447058,1.679825631,0.104226752
2.409752069,1.709399052,0.360677983
2.666679222,1.716897384,0.107601111
2.905157497,1.722258692,0.23470194
3.132729902,1.762299785,0.285317315
3.346307253,1.77522316,0.254198232
3.553361326,1.823613645,0.351679694
3.747323857,1.827317821,0.245574872
3.925626772,1.840222451,0.42516572
4.089563482,1.847518328,0.391422137
4.239160228,1.852201036,0.241450657
4.378559666,1.865161903,0.313062038
4.506502131,1.868157487,0.04161366
4.621251829,1.855342837,-0.101984033
4.721110459,1.825259529,-0.029622793
4.807348936,1.815481704,-0.074989166
4.881605577,1.815447962,-0.060741876
4.944210295,1.793181665,0.078731601
4.995365537,1.762438504,0.146593696
5.033597941,1.740355916,0.054736164
5.05972854,1.71831082,0.173213633
5.074492142,1.677103737,0.091104248
5.077168935,1.638239882,-0.074614237
5.069505958,1.608280296,0.014618793
5.050820893,1.554101098,-0.137602259
5.021199965,1.519560032,-0.27857545
4.982615154,1.482387051,-0.354311048
4.935126444,1.43042736,-0.345312759
4.88007973,1.404149455,-0.337064328
4.817340048,1.345932405,-0.44316915
4.746599978,1.294715049,-0.25270537
4.667732055,1.253316758,-0.256079728
4.57997148,1.184238374,-0.43454579
4.484113043,1.12702985,-0.370058053
4.379815585,1.067583074,-0.450292795
4.267341536,1.006494163,-0.569145193
4.14804054,0.94847207,-0.5065321
4.022561175,0.890656181,-0.401177135
3.891087143,0.825154502,-0.447668294
3.75314232,0.755030101,-0.44879308
3.60856175,0.68967089,-0.341563472
3.460352137,0.625275215,-0.40567628
3.308910878,0.564010094,-0.422923
3.150072823,0.481262251,-0.400052349
2.982833236,0.39041246,-0.462290513
2.808590498,0.324269674,-0.538401039
2.630568758,0.250842258,-0.577018696
2.447609572,0.167228358,-0.59314063
2.261996087,0.097272669,-0.624259712
2.071662598,0.00574053,-0.520404462
1.876297938,-0.066415918,-0.395928133
1.679729846,-0.164377877,-0.30182103
1.477560732,-0.244388828,-0.191591992
1.277307363,-0.322990094,-0.156723623
1.069852146,-0.438708102,-0.16047291
0.866802015,-0.504558454,-0.173970343
0.659039379,-0.673507121,-0.188217634
0.45079687,-0.701168468,-0.2152125
0.249287582,-0.921821884,-0.19496635
0.032797251,-0.988834477,-0.221211359
-0.05248148,-0.310775311,-0.172845557
-0.026684542,-0.110626084,0.008994863
-0.033219066,-0.175497903,0.019117938
-0.031254585,-0.070854931,0.102352109
-0.030234854,-0.106430767,0.173213633
-0.032349296,-0.063161642,0.140219908
-0.029709993,-0.06825301,0.19720907
-0.032240575,-0.055862016,0.135720763
-0.030081145,-0.045300616,0.132346405
-0.03188067,-0.053106379,0.15409227
-0.031025896,-0.034390542,0.099727608
-0.030973409,-0.047351409,0.146218767
-0.031558255,-0.036497574,0.112100255
-0.030928421,-0.032519709,0.097103107
-0.031659478,-0.036298868,0.120723615
-0.031404546,-0.029347914,-0.004127642
-0.031681972,-0.029809062,-0.110232464
-0.031940654,-0.031631156,-0.230959505
-0.032570488,-0.028459362,-0.325816467
-0.033653952,-0.032272264,-0.33069054
-0.034216303,-0.029569115,-0.350561761
-0.03509732,-0.026907207,-0.260203944
-0.035989585,-0.025433785,-0.125979469
-0.035775891,-0.026854719,-0.033747009
-0.036694399,-0.028226914,0.046487733
-0.036649411,-0.023000576,0.070483169
-0.03714428,-0.031421203,0.061859809
-0.037624153,-0.019060203,0.000371503
-0.037459197,-0.032662177,-0.051368658
-0.038917562,-0.022903098,-0.07686381
-0.037091794,-0.018479082,-0.128978899
-0.039704854,-0.031946086,-0.175095129
-0.037601659,-0.006732945,-0.1316034
-0.039678611,-0.046031703,-0.065990877
-0.039367443,0.006764053,-0.045744728
-0.037852843,-0.048311196,0.011244435
-0.042771544,-0.007621497,-0.008626786
-0.033920131,-0.023686674,-0.035246724
-0.048605003,-0.053706246,-0.099359532
-0.023831545,0.094599514,-0.122230182
-0.118089155,-1.029021787,-0.154848979
-0.473176637,-1.911526725,-0.175095129
-0.819300236,-1.650059888,0.066358954
-1.126261677,-1.756082553,-0.092610815
-1.440469954,-1.778007676,0.076856957
-1.721559477,-1.7938554,0.415417573
-1.999739768,-1.773756122,0.039364087
-2.261983017,-1.67283982,0.210331575
-2.523596433,-1.72629168,0.276319026
-2.774356465,-1.711223782,0.056985736
-3.007961027,-1.742371853,0.265446093
-3.230434779,-1.764124514,0.228328152
-3.440859212,-1.801316241,0.294690532
-3.644670391,-1.834560096,0.334432974
-3.832743227,-1.836423431,0.258697377
-4.006401119,-1.853009742,0.406794213
-4.165190438,-1.851450089,0.307813037
-4.310951947,-1.865044564,0.302564035
-4.447175974,-1.871091969,0.337057475
-4.570049777,-1.864984578,0.116599399
-4.679190956,-1.855611663,0.050611948
-4.774108391,-1.83656215,-0.017625075
-4.855653108,-1.824947234,-0.127854113
-4.926340691,-1.811547715,-0.125979469
-4.984855239,-1.790589877,-0.01612536
-5.031219246,-1.767228823,-0.048744157
-5.065155284,-1.735477137,-0.07386438
-5.086783323,-1.703507998,0.072732742
-5.097456755,-1.674002062,-0.038246154
-5.096946889,-1.637361462,-0.082112811
-5.085767341,-1.601673151,-0.021374362
-5.064173044,-1.562745561,-0.135352687
-5.032572639,-1.51918775,-0.232834149
-4.991460995,-1.481898545,-0.312319033
-4.942082784,-1.437425938,-0.336689399
-4.885075338,-1.393223271,-0.43717029
-4.820101246,-1.349511744,-0.452167438
-4.747295472,-1.294980125,-0.304820459
-4.665979445,-1.242941701,-0.405301351
-4.5764006,-1.186423023,-0.442794221
-4.47835649,-1.124093139,-0.356935549
-4.371877108,-1.064590125,-0.4660398
-4.257731001,-1.002627659,-0.560146904
-4.136004395,-0.940204045,-0.482161734
-4.008024441,-0.876067062,-0.410550353
-3.873929851,-0.810940299,-0.452167438
-3.732344739,-0.746777072,-0.349436975
-3.585473524,-0.683217461,-0.275950949
-3.436180447,-0.620797597,-0.344562902
-3.281848702,-0.5495297,-0.297696814
-3.119887721,-0.469518748,-0.275950949
-2.949364001,-0.38292801,-0.343813044
-2.772838116,-0.309020701,-0.425922429
-2.592578217,-0.228619836,-0.481036948
-2.407909483,-0.15869789,-0.538401039
-2.220860127,-0.082589821,-0.550773687
-2.026803871,0.016834313,-0.47203866
-1.831296749,0.085695245,-0.415049497
-1.631395786,0.193836189,-0.346812474
-1.42939163,0.253222978,-0.277450664
-1.227484947,0.350281387,-0.209963498
-1.0186276,0.445435221,-0.147350405
-0.816267287,0.555728186,-0.094485459
-0.602629952,0.693510036,-0.04499487
-0.401484319,0.725962817,-0.015750432
-0.18642236,1.02026485,0.028866084
-0.001768622,0.729813211,-0.026248435
0.017058907,0.103110121,-0.000378355
-0.00086511,0.143837311,0.06748374
0.009354691,0.098899807,0.00412079
0.002595226,0.05977726,0.056235879
0.00682036,0.076809721,0.062984595
0.004769652,0.027751884,0.066733882
0.005440725,0.05631678,0.103101966
0.006119296,0.02210564,0.02999087
0.00504333,0.032333365,0.07910653
0.006846603,0.023729029,0.089604533
0.005594434,0.018746387,0.06748374
0.006659153,0.023564066,0.104226752
0.00629175,0.011787935,0.047612519
0.006749129,0.015927014,0.056235879
0.007052799,0.011934153,0.034115085
0.00704905,0.011896661,-0.002252998
0.007690131,0.00461953,-0.022124219
0.007603903,0.008852338,-0.152224478
0.008473674,0.012594006,-0.213337856
0.009590879,0.00821498,-0.248206226
0.010126987,0.007300183,-0.302195958
0.011124224,0.006029216,-0.307070032
0.011690324,0.005286881,-0.231709363
0.011956504,0.011458009,-0.150349835
0.012376393,0.004345841,-0.106483177
0.012301413,0.001575207,-0.022499148
0.013407371,0.005271885,0.017993151
0.012762541,0.00178516,0.030740727
0.014160922,0.012717728,0.050986877
0.013564829,-0.008468809,0.05023702
0.013887244,0.016789323,0.030365798
0.01526688,-0.005049569,0.010119649
0.012818776,0.005444346,0.02999087
0.017002672,0.005594313,0.010119649
0.012057727,-0.022835613,-0.007876929
0.018071139,0.041942477,-0.025123649
0.013148689,-0.056600602,-0.092610815
0.016335348,0.074080328,-0.14885012
0.018224849,-0.1051598,-0.227585147
0.008994786,0.257868195,-0.202464924
0.241272199,1.673497039,-0.260953801
0.62135808,1.857337394,-0.160847839
0.932240985,1.659655118,0.01274415
1.249392235,1.800878703,-0.117731038
1.546538767,1.75804823,0.235826726
1.825258916,1.825222038,0.261696806
2.096604762,1.714767858,0.064109382
2.35654237,1.692220374,0.377924703
2.617034832,1.710752501,0.206957216
2.859397081,1.704026498,0.206207359
3.089612538,1.74227174,0.318685969
3.306136611,1.756930979,0.203207929
3.515282632,1.807585961,0.329183972
3.713504037,1.813937048,0.211081432
3.895552214,1.830467121,0.216330434
4.063567846,1.834947374,0.283067742
4.216444976,1.833736394,0.098602822
4.358461224,1.851874859,0.196459213
4.489684072,1.84773578,0.161590844
4.608186529,1.835648468,0.019492866
4.712176568,1.822080237,0.092229034
4.802437733,1.815492952,0.062609667
4.880300922,1.798936635,0.029241012
4.945792377,1.781458023,0.077231886
4.999257009,1.756537317,0.133096262
5.040841028,1.726903909,0.053611378
5.070072059,1.703201681,0.051736734
5.087426226,1.666816025,0.032990299
5.094196938,1.637546286,-0.148475191
5.089866832,1.602574066,-0.130478614
5.074525883,1.563777696,-0.21221307
5.048815172,1.520201139,-0.350936689
5.012682214,1.46778405,-0.3824307
4.967679098,1.433865345,-0.435295647
4.914679343,1.394619075,-0.449168009
4.853694198,1.347488309,-0.521529248
4.785042327,1.300942413,-0.403801636
4.708138885,1.247036905,-0.286823882
4.623163824,1.19374251,-0.40267685
4.529858463,1.136316534,-0.340438686
4.428256543,1.077649585,-0.320567465
4.31871422,1.014573616,-0.464915014
4.2010178,0.944959102,-0.497533811
4.076708126,0.887161959,-0.458166298
3.946505009,0.830759505,-0.465664872
3.809917328,0.760848807,-0.484036378
3.666487703,0.690428222,-0.418423855
3.51881045,0.637223807,-0.440544649
3.368527635,0.576026171,-0.476537804
3.211983974,0.496240169,-0.415049497
3.047353698,0.417054034,-0.40567628
2.874603066,0.331333103,-0.423297929
2.697439849,0.260428875,-0.445418722
2.515729084,0.185258097,-0.441294506
2.330160587,0.110994617,-0.457041512
2.141026781,0.024628829,-0.437920148
1.945185997,-0.055337133,-0.34793726
1.749435189,-0.134545763,-0.299946386
1.547412287,-0.231765387,-0.263953231
1.346397869,-0.296344771,-0.242582295
1.141469484,-0.415110851,-0.222711074
0.934464148,-0.478149329,-0.202839853
0.731102849,-0.627294901,-0.197215922
0.51797538,-0.707020916,-0.204339568
0.319551528,-0.813470986,-0.141351546
0.098356189,-1.070536302,-0.120355539
-0.045092181,-0.541510234,-0.152599407
-0.033680195,-0.090174383,-0.003377784
-0.028184146,-0.188545001,0.020992581
-0.033721434,-0.093053743,0.049112234
-0.028274122,-0.098887445,0.182586851
-0.032461766,-0.079657973,0.125597688
-0.028757745,-0.056210689,0.167589703
-0.031299573,-0.066622123,0.176587992
-0.029972424,-0.041465219,0.124097974
-0.030268596,-0.056379401,0.166089988
-0.031014649,-0.036448835,0.090729319
-0.02983371,-0.042368768,0.08173103
-0.030920923,-0.036441336,0.068983455
-0.030313584,-0.034101857,-0.009001715
-0.030954664,-0.038207193,0.002246146
-0.030748469,-0.031934839,-0.049494015
-0.030995903,-0.030300202,-0.101234175
-0.031591996,-0.027889489,-0.146600548
-0.031569502,-0.031679895,-0.239957794
-0.032581735,-0.029854052,-0.278950379
-0.033492744,-0.032519709,-0.296572028
-0.034287534,-0.030060256,-0.34493783
-0.035430982,-0.025594999,-0.33631447
-0.035393492,-0.02734586,-0.202464924
-0.036053318,-0.02819692,-0.125979469
-0.036244517,-0.020874799,-0.071614808
-0.036334494,-0.026161123,0.040863802
-0.037200515,-0.021478415,0.050611948
-0.036619418,-0.024905152,0.056610808
-0.03831772,-0.024312784,0.085855246
-0.036848108,-0.016053372,0.097103107
-0.038827585,-0.035200362,0.085105389
-0.03790158,-0.003546154,0.063359524
-0.037927823,-0.042211303,0.066733882
-0.039926045,-0.004502191,-0.022499148
-0.03604582,-0.026472304,-0.062616519
-0.043153943,-0.030146487,-0.094860387
-0.033537732,0.008248722,-0.167971484
-0.045946955,-0.095052048,-0.24708144
-0.029991169,0.134771827,-0.310069461
-0.072493695,-0.703144279,-0.286074024
-0.388696446,-1.861415372,-0.317193106
-0.75309272,-1.698874029,-0.086237027
-1.057988456,-1.707587091,-0.057742446
-1.376196927,-1.790773586,0.000371503
-1.662171409,-1.771581605,0.446911584
-1.941562631,-1.794882672,0.245199944
-2.207719847,-1.669653029,0.304438678
-2.468883381,-1.709292961,0.498276816
-2.724209707,-1.707969506,0.196459213
-2.960734748,-1.722253828,0.278193669
-3.186320178,-1.752329638,0.243700229
-3.398637861,-1.778138897,0.23770137
-3.604900893,-1.821074346,0.320935541
-3.797157624,-1.823095146,0.212956075
-3.974403319,-1.839655212,0.341931548
-4.137466509,-1.840067621,0.18858571
-4.286245971,-1.849178094,0.02136751
-4.425315497,-1.859657013,0.072732742
-4.552032035,-1.850726499,-0.086986885
-4.665424591,-1.841792237,-0.047619371
-4.764540918,-1.82676558,0.088479747
-4.849549719,-1.81584051,0.126347546
-4.923765121,-1.803531998,0.12522276
-4.985631284,-1.779822272,0.214830719
-5.035024491,-1.757053587,0.224203936
-5.072525838,-1.728121273,0.07310767
-5.097100599,-1.696133389,0.13084669
-5.111125645,-1.666721181,-0.020999433
-5.11417359,-1.63143778,-0.20658914
-5.106420638,-1.598658822,-0.226460361
-5.088901514,-1.558880171,-0.390304203
-5.060319062,-1.515434835,-0.454791939
-5.022360335,-1.476724696,-0.457791369
-4.975902603,-1.431524751,-0.370058053
-4.920559718,-1.388473078,-0.354685976
-4.857403895,-1.34413919,-0.381305914
-4.786067733,-1.292067023,-0.23245922
-4.70602637,-1.236493135,-0.362934408
-4.617812164,-1.182029001,-0.447668294
-4.521627564,-1.127519876,-0.328066039
-4.417663767,-1.067960625,-0.407925852
-4.305778313,-1.004685951,-0.471288802
-4.186001192,-0.942547273,-0.43154636
-4.059727038,-0.883081752,-0.423297929
-3.927173291,-0.815469292,-0.536526396
-3.787166513,-0.746098473,-0.491160023
-3.640872644,-0.683911057,-0.368558338
-3.49187574,-0.624659237,-0.421423285
-3.339186061,-0.555153449,-0.372682554
-3.179392007,-0.477193291,-0.361809622
-3.011530085,-0.394381713,-0.44879308
-2.836413828,-0.318629814,-0.493409595
-2.657694772,-0.245243638,-0.475038089
-2.474120748,-0.164010459,-0.430421574
-2.287337572,-0.094463429,-0.403426707
-2.094687195,-0.00284506,-0.287573739
-1.897969142,0.074736432,-0.216712215
-1.699215377,0.170295175,-0.165346983
-1.495475429,0.240798242,-0.097859817
-1.294303552,0.325008259,-0.104233605
-1.085228763,0.435968576,-0.126729327
-0.881908703,0.507307707,-0.196840994
-0.671814183,0.669189197,-0.251955513
-0.464006558,0.690919363,-0.28457431
-0.258770755,0.941674832,-0.238458079
-0.044518583,0.935451217,-0.192716778
0.025692877,0.23667041,-0.080988025
-0.00064017,0.097936272,0.15109284
0.008346207,0.148216337,0.135345835
0.00488962,0.049958194,0.163090558
0.005313258,0.084169334,0.209206788
0.00655793,0.03802085,0.127472332
0.004705919,0.05361738,0.1597162
0.007221504,0.03451163,0.101227323
0.004912114,0.027988081,0.100102537
0.006884094,0.033619329,0.10197718
0.005991829,0.011038102,0.025491725
0.006482949,0.020377274,0.089229604
0.006932831,0.01410492,0.045737875
0.00655793,0.015375887,-0.009001715
0.007405206,0.011435514,-0.01912479
0.007270242,0.012185347,-0.163472339
0.007570162,0.010888135,-0.242207366
0.007648892,0.004795741,-0.31906775
0.008038789,0.011098089,-0.361059764
0.008181251,0.00326983,-0.265827875
0.008361203,-0.004610917,-0.228335005
0.008908559,0.003839703,-0.164597126
0.008814834,0.0058755,-0.041995441
0.008556152,0.004330844,0.025866654
0.008496168,0.005703039,0.067108811
0.008218741,0.001822652,0.102352109
0.008117518,0.00021426,0.118099114
0.008061283,0.003131111,0.091104248
0.007783856,-0.000880497,0.040488873
0.007686382,-0.004003552,-0.003752713
0.00769388,-0.001566594,-0.047619371
0.007660139,-0.002338922,-0.082112811
0.007442696,-0.002065233,-0.057367517
0.007214006,-0.005803152,-0.048369229
0.007300234,-0.00396606,-0.088111671
0.007303983,0.001440237,-0.09973446
0.007090289,-0.001547848,-0.153349264
0.007079042,0.001620197,-0.212587999
0.006992815,-0.004472198,-0.231334434
0.007007811,-0.006597975,-0.196091136
0.007052799,0.002445013,-0.139101974
0.006827858,-0.000501831,-0.131978329
0.006719137,-0.001255413,-0.076488881
0.006497946,-5.19e-05,-0.080988025
0.006497946,-0.001304153,-0.117356109
0.006471702,-0.002102725,-0.076113952
0.00636673,-0.001375387,-0.089236457
0.006430463,-0.001656574,-0.125604541
0.006273005,-0.001769049,-0.180344131
0.00632924,-0.002376414,-0.27857545
