0.000641992,-0.009889743,-0.089611386
0.002044122,0.022360583,-0.101984033
0.000825693,-0.029812811,-0.111732179
0.001579244,0.030098862,-0.097484888
0.001976639,-0.028620576,-0.077988596
0.000263342,0.018453952,-0.073114523
0.003768666,0.003491031,-0.110982321
-0.002214754,-0.044524538,-0.104983462
0.006704141,0.097520114,-0.091486029
-0.007313407,-0.209791525,-0.098234746
0.037742195,0.920068389,-0.107233034
0.25535348,2.305463958,-0.05661766
0.458422356,2.867797617,-0.051368658
0.584996432,3.618575607,-0.179219345
0.714877134,3.145175915,0.003370932
0.837098609,2.867216497,0.192334997
0.952571866,2.846562341,0.105726467
1.055249752,2.55499345,0.239201084
1.145912061,2.605138546,0.197958927
1.228622719,2.394814082,0.084355531
1.305402444,2.27731522,0.223829008
1.373750645,2.166699826,0.129721904
1.428287494,2.086722617,0.11060054
1.472214644,2.062090596,0.134595977
1.505790778,1.963528771,-0.015000574
1.531467747,1.91813012,-0.046869514
1.547708458,1.84872181,-0.064116234
1.554089274,1.785510871,-0.098234746
1.553395707,1.693828766,-0.086611956
1.544874207,1.595833065,-0.149974906
1.528581009,1.498849639,-0.228709933
1.503931269,1.391394792,-0.229459791
1.470291402,1.295284922,-0.352436404
1.428973563,1.195669581,-0.353936119
1.379591603,1.102199124,-0.27295152
1.323416437,1.010820701,-0.289823311
1.259754498,0.908213526,-0.173970343
1.188699512,0.805347658,-0.197590851
1.111552384,0.690540697,-0.286823882
1.028759247,0.593403555,-0.23245922
0.944474004,0.494058154,-0.302570887
0.853256842,0.369188432,-0.402301921
0.757293433,0.255431237,-0.389929274
0.652193687,0.104351095,-0.439044934
0.54084809,0.00039422,-0.473538374
0.428272818,-0.140686897,-0.478412447
0.308057063,-0.250076313,-0.428172002
0.195834198,-0.406907676,-0.349062046
0.069290114,-0.658870377,-0.285699096
-0.011186135,-0.353129639,-0.139476903
-0.0026084,-0.043624738,-0.102358961
0.000282087,-0.10129441,-0.106483177
-0.002548416,-0.04298738,-0.06524102
0.000484533,-0.046702804,-0.035246724
-0.002158519,-0.038863297,-0.072739594
4.96e-05,-0.021332197,-0.072739594
-0.001614912,-0.032002324,0.022117367
-0.000666413,-0.015179816,-0.03337208
-0.000921345,-0.023469222,-0.022124219
-0.001494944,-0.01314027,0.067858669
-0.000808875,-0.017163125,0.001496289
-0.001479948,-0.015254799,0.014243864
-0.001255007,-0.01089077,0.044613089
-0.001566175,-0.012056761,-0.011251287
-0.001626159,-0.008952451,0.034115085
-0.00177612,-0.011573118,0.010494577
-0.001809861,-0.008307595,-0.015750432
-0.002046048,-0.009694786,0.054736164
-0.002364714,-0.010482111,0.072732742
-0.002289734,-0.011651851,0.116599399
-0.002567161,-0.017335586,0.129721904
-0.002792101,-0.011018242,0.119598829
-0.002593404,-0.007074119,0.132721334
-0.002522173,-0.008764993,0.014618793
-0.002495929,-0.006894159,-0.079113382
-0.002634643,-0.007584006,-0.085112241
-0.002702125,-0.007696481,-0.199465495
-0.00234222,-0.008974946,-0.234708792
-0.002435945,-0.008386327,-0.210338427
-0.002443443,-0.006324286,-0.277825593
-0.002293483,-0.006815427,-0.275201092
-0.002349718,-0.006481751,-0.220836431
-0.002169766,-0.006856667,-0.219336716
-0.002072291,-0.007055373,-0.178469487
-0.002049797,-0.006271797,-0.164972054
-0.002098534,-0.006294292,-0.18934242
-0.001944825,-0.006144326,-0.178094559
-0.001922331,-0.00599061,-0.227960076
-0.00222975,-0.006924152,-0.203214782
-0.001944825,-0.006957895,-0.186717919
-0.00173488,-0.006290543,-0.184843275
-0.001918582,-0.007089116,-0.117731038
-0.001821108,-0.006328035,-0.117731038
-0.001806112,-0.00608059,-0.118855824
-0.001862347,-0.008067648,-0.103483747
-0.002169766,-0.009252384,-0.078738453
-0.002777105,-0.010613332,-0.076113952
-0.003058281,-0.01053085,-0.035996581
-0.003500664,-0.010309649,-0.022124219
-0.003564397,-0.007216587,-0.050993729
-0.003845573,-0.010733305,-0.01912479
-0.004546638,-0.00954107,-0.018000004
-0.004018028,-0.007505273,0.014993722
-0.004974025,-0.012502911,0.044988018
-0.004557885,-0.005102058,0.05886038
-0.004981523,-0.01844159,0.067108811
-0.005330181,-0.003981057,-0.01050143
-0.004377932,-0.014572451,-0.035621653
-0.006346163,-0.009683539,-0.040120797
-0.003830577,-0.000798015,-0.080988025
-0.00654486,-0.024297788,-0.076488881
-0.003958043,0.014656047,-0.080988025
-0.005858791,-0.039054505,-0.080988025
-0.005570118,0.028835393,-0.068990307
-0.002540918,-0.043962163,-0.100109389
-0.010518811,0.02008484,-0.09710996
0.0072365,-0.024155319,-0.080613097
-0.11405522,-1.140461997,-0.08548717
-0.378405413,-1.63498824,-0.091486029
-0.591990262,-1.415204631,-0.106858106
-0.790496592,-1.49855609,-0.136477473
-0.973834428,-1.486015129,-0.107233034
-1.132357567,-1.559078876,0.013494007
-1.280788371,-1.594373525,0.010869506
-1.403759648,-1.594006107,0.053611378
-1.518520593,-1.593428735,0.147343553
-1.619357715,-1.573231978,0.096728178
-1.708467934,-1.598553845,0.105726467
-1.781659856,-1.586252832,0.149968054
-1.839784507,-1.586402798,0.151467769
-1.886812089,-1.570697542,0.107601111
-1.920999311,-1.555925828,0.057735594
-1.94675501,-1.52602248,0.015743579
-1.962264664,-1.478284349,-0.055867803
-1.968128116,-1.435206432,-0.145100833
-1.964836485,-1.384022817,-0.159348124
-1.952892139,-1.324501058,-0.118105967
-1.931976412,-1.254537871,-0.136477473
-1.900720916,-1.188627533,-0.124854683
-1.860306588,-1.116411098,-0.137602259
-1.811168314,-1.041367791,-0.161222767
-1.753534783,-0.968011609,-0.131978329
-1.688272017,-0.88537999,-0.129353828
-1.615916124,-0.804409252,-0.113606822
-1.535769788,-0.712670909,-0.12298004
-1.44779552,-0.624730472,-0.199465495
-1.357309414,-0.546125457,-0.233958935
-1.261923353,-0.446862538,-0.267327589
-1.160966263,-0.354730533,-0.307819889
-1.051851326,-0.232492725,-0.324316752
-0.933941213,-0.13100655,-0.397427848
-0.81318935,-0.016810703,-0.425922429
-0.68485324,0.091547693,-0.482161734
-0.559055209,0.18034294,-0.543275113
-0.423952136,0.329312302,-0.482161734
-0.290907269,0.397565869,-0.454042082
-0.153753487,0.661762099,-0.385805059
-0.019868842,0.619479005,-0.276325878
0.009455914,0.12514022,-0.2152125
-0.007159698,0.07524257,-0.144725904
-0.000175292,0.085207853,-0.071989737
-0.003965541,0.026765853,-0.006377214
-0.002432196,0.052612604,-0.015750432
-0.002679631,0.01765538,-0.034121938
-0.003264477,0.029888909,-0.03074758
-0.002094785,0.012252832,-0.100484318
-0.003384445,0.013909963,-0.109482607
-0.002121028,0.015915767,-0.063741305
-0.002889576,0.006734059,-0.062991448
-0.002255993,0.011829176,-0.040495726
-0.002106032,0.005125667,0.024366939
-0.002240997,0.006722812,0.062234738
-0.002053546,0.003014887,0.083605674
-0.002049797,0.004818236,0.108725897
-0.001689892,0.003217342,0.109475754
-0.001614912,0.002002612,0.123723045
-0.001352481,0.004255861,0.109850683
-0.00128125,0.003138609,0.129721904
-0.001011322,0.003614753,0.151467769
-0.00079013,0.001710177,0.124847831
-0.000823871,0.00133526,0.106476325
-0.000876357,-8.94e-05,0.052111663
-0.000981329,-4.82e-05,0.011994292
-0.000816373,0.001091565,-0.028872936
-0.000868859,-0.00055057,-0.08548717
-0.001258756,0.000559183,-0.157098552
-0.001352481,-0.002353919,-0.217087144
-0.001225015,-0.003909823,-0.243332153
-0.001352481,-0.000310624,-0.25270537
-0.001404968,0.000896608,-0.232834149
-0.00097758,0.002141331,-0.224585718
-0.000254021,0.003299823,-0.188967491
0.000259593,0.000866615,-0.174345272
0.000619498,0.003183599,-0.189717348
0.001181849,0.003153606,-0.181468917
0.001354304,-0.000962978,-0.233584006
0.002190333,0.001222785,-0.26995209
0.002186584,0.000581678,-0.263953231
0.002853908,0.006254166,-0.288698525
0.002988872,-0.003264966,-0.26432816
0.003045107,0.008526161,-0.236583436
0.004218547,0.001129056,-0.222336145
0.002748936,0.002572485,-0.146225619
0.005339501,0.010157048,-0.106483177
0.002936386,-0.011963031,-0.087736742
0.005448223,0.025348669,-0.049494015
0.00432352,-0.025201337,-0.03937094
0.003806156,0.032059676,-0.023249006
0.007420202,-0.020079976,-0.022499148
-0.000190288,0.012140357,-0.001503141
0.013437363,0.024970003,0.00112136
-0.010878716,-0.093608619,0.010869506
0.092762666,1.116749637,0.060360095
0.426660743,1.997443727,0.091479177
0.734574433,1.715693902,0.166464917
1.009035706,1.813453406,0.068608526
1.28201612,1.848249415,0.165715059
1.524288393,1.92357016,0.357678554
1.762886636,1.994541873,0.205457501
1.981037779,1.948220927,0.357303625
2.192425708,2.015672172,0.443162297
2.387228017,2.050366954,0.38467342
2.566846835,2.120885018,0.527896183
2.733629043,2.149243709,0.636250578
2.886311224,2.175589099,0.567638626
3.029459673,2.194856063,0.504275675
3.156168713,2.181917691,0.614129784
3.269696234,2.192760279,0.316436397
3.36809275,2.185171967,0.35880334
3.453678899,2.164784002,0.101227323
3.527125754,2.144984657,-0.485161164
3.587357349,2.107541736,-0.285699096
3.636596846,2.056789276,-0.142476332
3.673565834,2.002272653,0.128222189
3.699302788,1.944775443,0.060735023
3.715119861,1.878508934,-0.279700236
3.720645902,1.807248536,-0.845842573
3.716293301,1.744731193,-0.8409685
3.702388223,1.679600681,-0.061116804
3.679627983,1.62188602,0.099727608
3.649069803,1.560860845,0.182586851
3.611144817,1.490713949,-0.085862099
3.565436888,1.434768894,-0.354685976
3.510930031,1.36937594,-0.367433552
3.447954161,1.295048724,-0.205839283
3.377086625,1.223259694,0.016118508
3.297832554,1.152036787,-0.227210218
3.210270676,1.083824461,-0.546649471
3.115237022,1.008409987,-0.95344711
3.012937786,0.931694552,-1.264637931
2.903811603,0.855260305,-1.070424865
2.787674771,0.77463449,-0.667751441
2.665738221,0.704063939,-0.356185691
2.540764972,0.632938511,-0.216712215
2.410895517,0.552920061,-0.441669435
2.275282578,0.466111871,-0.55564776
2.130454573,0.362421187,-0.669626084
1.978154791,0.277322617,-0.602888776
1.821314957,0.180504154,-0.292072884
1.659181522,0.094918193,-0.175470058
1.496208308,0.004863226,-0.011626216
1.326070736,-0.100765777,-0.112482036
1.155948161,-0.184192219,-0.318692821
0.979808424,-0.306887426,-0.315693392
0.802971371,-0.374676096,-0.214837571
0.626059338,-0.526704777,-0.092610815
0.442129159,-0.588198598,0.023242153
0.26928855,-0.738034017,-0.073114523
0.075588451,-0.939559188,-0.407550923
-0.032161846,-0.400065448,-0.531277394
-0.015013874,-0.068586686,-0.36518398
-0.014792682,-0.157591886,-0.155598837
-0.017229539,-0.060537226,0.265071165
-0.01351427,-0.078893143,0.593508706
-0.017098323,-0.053964938,0.53764433
-0.014181594,-0.043564752,0.428165149
-0.016584709,-0.046935252,0.229827867
-0.015017623,-0.024908902,0.075732171
-0.015651206,-0.036958721,-3.43e-06
-0.015774923,-0.020859802,0.087354961
-0.015291301,-0.026708501,0.109475754
-0.016206059,-0.021302204,-0.104983462
-0.015804915,-0.021122244,-0.226460361
-0.016303533,-0.020049983,-0.335189684
-0.016153573,-0.016503271,-0.354311048
-0.016479737,-0.01893648,-0.155223908
-0.016558466,-0.015048595,0.030365798
-0.016757164,-0.016698228,0.001871217
-0.017042088,-0.014508715,-0.079113382
-0.016929618,-0.013590169,-0.166471769
-0.017383248,-0.015299789,-0.337814185
-0.017619436,-0.013177761,-0.289073454
-0.01741324,-0.010763298,-0.067115663
-0.017199547,-0.012934065,0.005245576
-0.017102072,-0.013042791,0.112100255
-0.01715081,-0.010107194,0.080606244
-0.017087076,-0.011621857,-0.151099692
-0.017420738,-0.014414986,-0.297696814
-0.018114305,-0.013668902,-0.345312759
-0.018387983,-0.012836587,-0.305945245
-0.018950334,-0.014808648,-0.306320174
-0.019179024,-0.00972103,-0.275950949
-0.019625156,-0.013174012,-0.324316752
-0.020359962,-0.011239442,-0.416549212
-0.019966316,-0.011734332,-0.317193106
-0.021270972,-0.019101444,-0.182218774
-0.020644887,-0.008408822,-0.045744728
-0.021469669,-0.0188465,0.128222189
-0.021570892,-0.001986501,0.18858571
-0.021180995,-0.018647794,0.068233597
-0.023295437,-0.007730223,-0.060366947
-0.020641138,-0.009514826,-0.10573332
-0.024472626,-0.02244195,-0.133852972
-0.020374958,0.013535047,-0.07686381
-0.024292674,-0.048236212,0.019492866
-0.021908303,0.039258074,0.009369791
-0.021522155,-0.072302109,-0.037871225
-0.027460587,0.060204665,-0.092610815
-0.010882465,-0.140124522,-0.115856395
-0.1991465,-1.503861159,-0.146600548
-0.554226484,-1.843749302,-0.010126501
-0.84598194,-1.564991311,0.103851824
-1.13018689,-1.677664997,-0.053243302
-1.399718215,-1.62577279,0.161965772
-1.64925607,-1.691098259,0.203207929
-1.893121672,-1.628453444,0.016118508
-2.12038291,-1.558220317,0.330683687
-2.342687956,-1.567372032,0.330683687
-2.547818787,-1.557582959,0.295440389
-2.741856297,-1.593140049,0.48852867
-2.921182693,-1.605343585,0.26357145
-3.087477529,-1.635813057,0.150342983
-3.241231927,-1.648305278,0.207707074
-3.37913926,-1.653261675,0.128597118
-3.502223008,-1.655278727,0.114349827
-3.610127013,-1.655042529,0.207332145
-3.704650802,-1.650839714,0.065234168
-3.785348243,-1.638669921,-0.214837571
-3.853520241,-1.625330389,-0.106858106
-3.908019599,-1.603712698,0.016493437
-3.949686096,-1.583227255,0.125597688
-3.979535714,-1.556401972,0.133096262
-3.997459731,-1.525441359,-0.104983462
-4.004421642,-1.490975276,-0.042370369
-4.000144022,-1.45279002,-0.078738453
-3.985361675,-1.415185885,0.072357813
-3.961457987,-1.373105246,0.178837564
-3.928909083,-1.329656161,-0.147350405
-3.88809736,-1.286664475,0.10197718
-3.838929094,-1.241438285,-0.168346413
-3.780759454,-1.189834764,-0.348687117
-3.713284773,-1.133466054,-0.22683529
-3.637011164,-1.074472927,-1.18440319
-3.552257295,-1.011393209,-1.324626523
-3.458749488,-0.949520722,-1.211772985
-3.357991095,-0.888473052,-1.021309205
-3.250203308,-0.822693935,-0.226085432
-3.134115214,-0.754462863,-0.172095699
-3.011278901,-0.688758729,0.067858669
-2.883752577,-0.626710031,0.142094551
-2.752987108,-0.562614289,-0.015375503
-2.616714344,-0.483964285,0.191210211
-2.472778603,-0.401786315,-0.053993159
-2.320812482,-0.309811775,-0.286074024
-2.161247119,-0.229219703,-0.442794221
-1.999068695,-0.149748631,-0.71986653
-1.831266756,-0.058782616,-0.620885353
-1.661342878,0.015473365,-0.321692251
-1.486207876,0.124847785,-0.050618801
-1.306622799,0.189438417,0.040113945
-1.126662821,0.297661843,-0.065615949
-0.939276054,0.38591721,-0.340438686
-0.757617775,0.478341651,-0.681623803
-0.565810925,0.618249278,-0.750610684
-0.383500318,0.644654654,-0.632508143
-0.190538773,0.939803998,-0.347187402
-0.014773937,0.733029995,0.056985736
0.011285431,0.115639833,0.527521255
-0.007744543,0.11718449,0.752853403
0.002059118,0.094824464,0.78847163
-0.003950545,0.050321863,0.914822602
-0.000595181,0.071639621,0.651622654
-0.00192608,0.025941037,0.347555479
-0.001794865,0.04831231,0.046862661
-0.000662664,0.021153352,-0.554897902
-0.002218503,0.027654406,-0.848092146
-0.000456468,0.021007134,-0.834219784
-0.001652402,0.014498582,-0.667001584
-0.00075264,0.018214006,-0.251580584
-0.000891353,0.010363252,0.202083143
-0.00082762,0.013351337,0.518897895
-0.000291512,0.007435153,0.50577539
-0.000471464,0.008301211,0.362177698
-0.00010781,0.006839036,0.108725897
-1.03e-05,0.007281438,-0.24970594
0.00034582,0.004724506,-0.30744496
0.000679482,0.005031938,-0.312319033
0.000979403,0.007397662,-0.344187973
0.001912906,0.006434126,-0.225710504
0.002553987,0.005065681,-0.118105967
0.002887649,0.005961731,-0.144725904
0.003821152,0.007435153,-0.086986885
0.003723678,0.002977395,-0.002252998
0.004405998,0.007258943,-0.195341279
0.004833385,0.001147802,-0.378681413
0.004720915,0.006880277,-0.560146904
0.005943092,0.003974673,-0.718366815
0.005009589,0.002471258,-0.613761708
0.00685785,0.009947095,-0.368933267
0.005898104,-0.008112638,-0.006377214
0.007015309,0.016208202,0.277443812
0.007195261,-0.013848862,0.452910443
0.006205523,0.018423959,0.472031807
0.009380934,-0.003598642,0.201333286
0.004518468,-0.004052291,-0.009751572
0.011937759,0.026053512,-0.232084291
0.003708682,-0.047808808,-0.413549782
0.012747545,0.088244677,-0.418798784
0.003993607,-0.152099358,-0.419548642
0.02121281,0.515889548,-0.319442679
0.303419538,1.872765212,-0.174345272
0.670770031,1.810056661,0.136845549
0.972831516,1.699737452,0.302189106
1.289919033,1.800342572,0.368551486
1.578011706,1.750204975,0.659121228
1.854501194,1.799742706,0.416917288
2.120380983,1.680328019,0.177712778
2.379358845,1.689700934,0.224203936
2.632387028,1.685130701,-0.031497437
2.865920359,1.698099066,0.080231316
3.092023152,1.745859692,0.353929267
3.30542055,1.765182893,0.367801629
3.509662866,1.810742759,0.502401032
3.698144344,1.815335487,0.50877482
3.870463839,1.834317514,0.323560042
4.02928315,1.847548321,0.230577724
4.174707248,1.861202784,0.092229034
4.309645365,1.879153791,-0.03074758
4.432148015,1.880780929,-0.062616519
4.541780315,1.879521209,-0.096735031
4.636476558,1.86607295,0.043488303
4.717518908,1.849437901,0.095603392
4.786898087,1.841185987,0.106101396
4.844152967,1.825079569,0.334058046
4.889084852,1.798861652,0.293940675
4.921288848,1.771747683,0.317186254
4.94165347,1.744041346,0.358428411
4.950467393,1.713298185,-0.07386438
4.948217987,1.678284724,-0.252330441
4.935463855,1.63896722,-0.288698525
4.9118151,1.594393385,-0.487035808
4.878418919,1.552845128,-0.416924141
4.835983875,1.509257324,-0.329565754
4.785124805,1.461297992,-0.317193106
4.726730225,1.415082023,-0.34493783
4.660222788,1.36263494,-0.495284239
4.585325066,1.308260785,-0.409050638
4.502539427,1.249953756,-0.37680677
4.412139549,1.186960269,-0.456666583
4.313518092,1.130749023,-0.263578302
4.206881252,1.071542193,-0.395178276
4.092532697,1.0076789,-0.578143482
3.971312208,0.943665639,-0.386179987
3.843748394,0.876589311,-0.433046075
3.708502858,0.803746764,-0.393303633
3.567221416,0.732043965,-0.208088855
3.422502132,0.670460164,-0.335189684
3.27410132,0.605235923,-0.379056342
3.120553118,0.532996992,-0.409800495
2.959473154,0.441386121,-0.541775398
2.789616758,0.355608952,-0.56427112
2.614714195,0.282582697,-0.537276253
2.434885432,0.194387316,-0.421048356
2.252124943,0.124296658,-0.443919007
2.065690425,0.02957023,-0.421798214
1.874175998,-0.052409034,-0.300321315
1.681488131,-0.142865162,-0.355810763
1.482588155,-0.231859116,-0.229834719
1.285603922,-0.304562943,-0.074989166
1.081961448,-0.424352546,-0.089611386
0.880549635,-0.48596259,-0.047619371
0.677731943,-0.649388736,-0.018000004
0.469868084,-0.694922358,-0.073114523
0.272793875,-0.875467195,-0.119605682
0.054860175,-1.02617617,-0.061116804
-0.052192806,-0.382466863,0.028491155
-0.02945506,-0.086451462,0.070108241
-0.032225579,-0.17555789,0.120723615
-0.033207819,-0.065474878,0.168714489
-0.030347325,-0.095434463,0.069733312
-0.033515238,-0.061853183,-0.01050143
-0.029991169,-0.054636039,0.048362376
-0.032829169,-0.052941416,-0.032247294
-0.030913425,-0.033348274,-0.045744728
-0.03191816,-0.044816973,0.020992581
-0.031970646,-0.029737827,-0.089611386
-0.031610741,-0.035001657,-0.086237027
-0.032150599,-0.02514135,-0.096360102
-0.031764451,-0.025684979,-0.14022676
-0.032386786,-0.023829142,-0.050993729
-0.032101861,-0.021890823,-0.080613097
-0.032469264,-0.024294038,-0.107233034
-0.032506755,-0.019686313,-0.180344131
-0.032799177,-0.022719389,-0.289448383
-0.033376525,-0.022224499,-0.260203944
-0.034145072,-0.023829142,-0.28457431
-0.035089822,-0.022948088,-0.227585147
-0.035712158,-0.022108275,-0.103108819
-0.036165788,-0.020256187,-0.101609104
-0.036293255,-0.018996467,-0.095985173
-0.037297989,-0.025621243,-0.109857535
-0.036971825,-0.018029182,-0.167971484
-0.037717878,-0.021294706,-0.170221056
-0.038059038,-0.012746607,-0.159348124
-0.037661643,-0.020428648,-0.182968632
-0.039423678,-0.016443285,-0.184843275
-0.037519181,-0.012322951,-0.173595414
-0.040158484,-0.02770203,-0.176219915
-0.03828023,-0.001281658,-0.136477473
-0.040128492,-0.03903201,-0.101984033
-0.040162233,0.008616141,-0.075739024
-0.038062787,-0.038417147,-0.076488881
-0.043633816,-0.003407435,-0.142851261
-0.034347518,-0.009113665,-0.155598837
-0.0489949,-0.061167086,-0.224960646
-0.025469863,0.115399887,-0.220086573
-0.108802857,-0.973571622,-0.16909627
-0.45521513,-1.941358838,-0.147725334
-0.800933836,-1.664910334,0.036364658
-1.104618642,-1.725553094,-0.033747009
-1.418931892,-1.744658844,0.103476895
-1.700291343,-1.739383768,0.34418112
-1.977770569,-1.727843835,0.113974899
-2.240497441,-1.61552257,0.259447234
-2.501593493,-1.649448774,0.302938963
-2.749984151,-1.623234605,0.115849542
-2.982246568,-1.657936885,0.283067742
-3.207235905,-1.68344996,0.182586851
-3.419823517,-1.709214229,0.182586851
-3.6228624,-1.729905876,0.30406375
-3.808550866,-1.725384382,0.150342983
-3.980484213,-1.749142847,0.266945808
-4.138355024,-1.746181006,0.228328152
-4.283205524,-1.760825248,0.118099114
-4.417734999,-1.768244847,0.152967483
-4.538723049,-1.76198374,-0.077238738
-4.646863243,-1.761766289,-0.018374932
-4.740805935,-1.747189531,0.044613089
-4.820862295,-1.740396042,0.046487733
-4.889296723,-1.731952921,0.272944667
-4.94516447,-1.712348532,0.216705362
-4.988188109,-1.691454429,0.161215915
-5.018697553,-1.670166665,0.228328152
-5.036981474,-1.645527146,0.135345835
-5.043800924,-1.614015406,0.011244435
-5.039905702,-1.581303932,-0.037121367
-5.025352045,-1.544614594,-0.158223338
-5.000109961,-1.505859465,-0.358060335
-4.965060466,-1.469297598,-0.458916155
-4.92100585,-1.431063603,-0.47466316
-4.868613435,-1.389530342,-0.401552064
-4.807976947,-1.346553652,-0.341563472
-4.739152622,-1.299494121,-0.249331012
-4.662301666,-1.246379686,-0.144725904
-4.576786748,-1.191266946,-0.251205655
-4.482907788,-1.133919703,-0.260203944
-4.381429586,-1.073880558,-0.224960646
-4.271774792,-1.013290287,-0.309319604
-4.154629477,-0.952726259,-0.248206226
-4.031005872,-0.889834,-0.212587999
-3.89972304,-0.822334015,-0.248581154
-3.76123461,-0.754211669,-0.259079158
-3.617456328,-0.692672858,-0.270701948
-3.470120235,-0.633364801,-0.250080869
-3.318753956,-0.564083962,-0.273701377
-3.160924384,-0.487334785,-0.326191395
-2.995049437,-0.400444114,-0.391803918
-2.821620234,-0.321089266,-0.47766259
-2.644123356,-0.24523614,-0.542900184
-2.461584059,-0.164730298,-0.571019836
-2.276874085,-0.093417412,-0.519654604
-2.087102948,0.002677462,-0.390304203
-1.893020449,0.074736432,-0.27295152
-1.697232151,0.170430145,-0.185593133
-1.495655381,0.248918935,-0.087736742
-1.296530464,0.331685524,-0.088486599
-1.089532626,0.439166615,-0.1316034
-0.887198556,0.504664545,-0.115856395
-0.678967294,0.675675254,-0.132728186
-0.472385596,0.697877815,-0.121855254
-0.269721613,0.932478128,-0.059992018
-0.05539821,0.950942771,-0.044245013
0.019559496,0.253174239,-0.013500859
-0.006668578,0.092241288,0.08473046
0.001762946,0.148924929,0.170964061
-0.001078804,0.047105079,0.239576013
-0.001270003,0.079179194,0.21445579
0.000154621,0.034417901,0.147718482
-0.001989813,0.048919675,0.147343553
0.000701976,0.033645573,0.052486592
-0.001277501,0.025764826,-0.031872366
0.000435796,0.030207588,-0.03074758
-0.000272767,0.013122638,-0.055117945
0.00015837,0.022439316,-0.036746439
0.000357067,0.013118889,-0.064866091
0.000267091,0.014656047,-0.09973446
0.000870682,0.010591951,-0.080613097
0.000626996,0.011323039,-0.140976617
0.001339308,0.010561958,-0.193091707
0.00133181,0.007101478,-0.235833578
0.002329046,0.013310097,-0.275576021
0.003356275,0.008998556,-0.260578873
0.003941121,0.0090248,-0.220461502
0.005283266,0.011251804,-0.162722482
0.005508207,0.005466841,-0.109482607
0.006070558,0.008694873,-0.061866662
0.00625426,0.002388776,-0.056992589
0.006317993,0.008743612,-0.067115663
0.007607652,0.004893219,-0.066740735
0.006711639,0.002482505,-0.089611386
0.008308717,0.010254526,-0.141351546
0.007120281,-0.005469476,-0.191217063
0.008608638,0.019068816,-0.21221307
0.008807336,-0.010635827,-0.211463213
0.007753864,0.019237528,-0.202464924
0.01113922,-0.005128302,-0.176219915
0.006033068,-0.003452425,-0.122230182
0.013088705,0.022649269,-0.118105967
0.005167047,-0.044895706,-0.126729327
0.014419604,0.088934524,-0.176969773
0.005028334,-0.150592193,-0.210338427
0.024515688,0.531636045,-0.172845557
0.312180974,1.866916513,-0.198340709
0.684109009,1.798482986,-0.0479943
0.990376883,1.692160387,-0.064491163
1.312019447,1.779602186,-0.08248774
1.605386977,1.73152663,0.258322448
1.888208543,1.770397983,0.115099685
2.160574119,1.638899735,0.127847261
2.426416418,1.646630515,0.344930978
2.688603433,1.644778427,0.086605104
2.933353802,1.651268234,0.2002085
3.168116808,1.6786184,0.244825015
3.387722567,1.692254116,0.091104248
3.600628844,1.73764152,0.297689962
3.801789474,1.744498745,0.244450086
3.988415192,1.762408511,0.252698518
4.160299802,1.765137903,0.374925274
4.316880954,1.771646456,0.218580006
4.462226323,1.783688777,0.258322448
4.595691079,1.78659813,0.190835282
4.717721354,1.787977823,0.08473046
4.826442644,1.782031645,0.183336708
4.921345083,1.776092966,0.125972617
5.003200968,1.76362324,0.145093981
5.072617637,1.753815422,0.235826726
5.130329897,1.742204255,0.184461494
5.175392997,1.716811154,0.198333856
5.207634483,1.694031221,0.258697377
5.22733553,1.667749567,0.098977751
5.235332169,1.634970609,0.013119078
5.232242985,1.608344032,-0.043870084
5.218240432,1.575467595,-0.259829015
5.193976839,1.540285422,-0.301446101
5.159242262,1.505328198,-0.36518398
5.115015191,1.466336872,-0.384305344
5.062795231,1.427270562,-0.323566894
5.002664859,1.380998355,-0.360684836
4.934144203,1.335314767,-0.260203944
4.857334486,1.287179225,-0.283074595
4.772093246,1.231046712,-0.367808481
4.678439227,1.177129955,-0.285324167
4.577002264,1.122249664,-0.319442679
4.467527423,1.065611013,-0.332940112
4.350517072,1.005759327,-0.273701377
4.226792244,0.94285582,-0.303320745
4.097016513,0.880405962,-0.292447812
3.960312613,0.814469379,-0.231709363
3.816294394,0.746287046,-0.250455798
3.667784861,0.682097575,-0.254580014
3.515829987,0.62255707,-0.2557048
3.35923384,0.554880874,-0.337064328
3.19632061,0.476662024,-0.3824307
3.024983355,0.38965138,-0.445418722
2.84656422,0.313254624,-0.501658027
2.665187116,0.23968474,-0.48628595
2.478865068,0.155695923,-0.446543508
2.289723765,0.082722156,-0.389929274
2.095764983,-0.011696841,-0.358060335
1.89738237,-0.083500868,-0.313068891
1.697425173,-0.177552446,-0.283074595
1.491773229,-0.259501717,-0.298071743
1.288749342,-0.339718872,-0.251205655
1.078144956,-0.450787915,-0.224960646
0.872125609,-0.516874464,-0.232084291
0.661187562,-0.686857901,-0.184468347
0.450182032,-0.715756473,-0.139476903
0.245894728,-0.943398334,-0.078363524
0.027053767,-0.994649433,-0.054743016
-0.057538894,-0.300911255,0.051736734
-0.031254585,-0.105032328,0.15671677
-0.03820525,-0.168734408,0.104226752
-0.036057067,-0.065737319,0.1597162
-0.035003595,-0.098542522,0.113974899
-0.0370693,-0.053653757,-0.007127072
-0.034489981,-0.061995652,0.053611378
-0.037001818,-0.047501376,0.016118508
-0.034823643,-0.041348995,-0.014625646
-0.036368235,-0.048232463,0.074982314
-0.035558449,-0.02671225,0.04723759
-0.035633429,-0.03647133,0.040863802
-0.03608331,-0.026359829,0.066733882
-0.035685915,-0.02864682,0.029615941
-0.036255765,-0.025992411,0.036739586
-0.036094557,-0.025115106,-0.012001145
-0.036559434,-0.02635608,-0.088111671
-0.036866853,-0.022794372,-0.167596555
-0.037886584,-0.026393571,-0.280075165
-0.0383927,-0.022794372,-0.301071172
-0.039127506,-0.02473644,-0.295072313
-0.040398421,-0.023952864,-0.314568606
-0.040604616,-0.021069756,-0.259079158
-0.041643092,-0.023832891,-0.247456368
-0.041331924,-0.018329115,-0.291697955
-0.042051734,-0.024665206,-0.22683529
-0.042516611,-0.014317508,-0.194591421
-0.042006746,-0.023555453,-0.196466065
-0.043502601,-0.018074172,-0.118855824
-0.041796801,-0.015059843,-0.056992589
-0.044657296,-0.028001964,-0.057742446
-0.04225793,-0.001761551,-0.03074758
-0.044244905,-0.041124045,0.007870077
-0.044244905,0.00803502,0.000371503
-0.042359153,-0.042200055,-0.001503141
-0.047798966,-0.00095548,-0.038996011
-0.03862139,-0.014190036,-0.116981181
-0.053437477,-0.056465632,-0.25270537
-0.028933948,0.106705571,-0.320192536
-0.119768711,-1.014118852,-0.38543013
-0.474117638,-1.944054489,-0.397802777
-0.822303193,-1.665825131,-0.207338997
-1.131607765,-1.744062727,-0.253455227
-1.449902463,-1.758924421,-0.015000574
-1.734853466,-1.757473494,0.306313322
-2.017431346,-1.73510222,0.13384612
-2.285080668,-1.626710082,0.331433545
-2.551684016,-1.670789026,0.376424989
-2.807355251,-1.652942996,0.228703081
-3.047828,-1.683393723,0.398170853
-3.276810032,-1.697261888,0.269945238
-3.492040696,-1.72584178,0.301814177
-3.701685336,-1.760034174,0.372675702
-3.897136223,-1.764814361,0.185961209
-4.079038188,-1.783087796,0.2838176
-4.245914121,-1.782930331,0.201333286
-4.398667534,-1.795658749,0.122598259
-4.539836505,-1.801143779,0.219329863
-4.668202608,-1.805039163,0.07310767
-4.785276692,-1.80896079,0.083605674
-4.888884332,-1.800270223,0.125972617
-4.978909309,-1.795505033,0.112100255
-5.056899964,-1.785697215,0.271070024
-5.122320189,-1.770603073,0.349430122
-5.175436163,-1.753319418,0.298439819
-5.215869235,-1.732927704,0.323185113
-5.243578168,-1.708153215,0.238826156
-5.258960356,-1.678748506,0.031115656
-5.262739358,-1.65139834,-0.025123649
-5.255709965,-1.621832417,-0.16047291
-5.237605995,-1.588682291,-0.283074595
-5.209177253,-1.553841291,-0.342313329
-5.171420973,-1.520305002,-0.432671146
-5.124502113,-1.483874356,-0.364059194
-5.069275446,-1.442742255,-0.404176565
-5.006213349,-1.402086299,-0.350936689
-4.934899681,-1.355952812,-0.174345272
-4.855233219,-1.305788971,-0.242207366
-4.767202715,-1.252955723,-0.172470628
-4.670849409,-1.197490561,-0.110232464
-4.566068328,-1.140259542,-0.223460931
-4.45374424,-1.077532246,-0.219336716
-4.333899637,-1.014261321,-0.199465495
-4.206841939,-0.953907246,-0.214087714
-4.074164475,-0.889391598,-0.232834149
-3.934127705,-0.818603595,-0.239207937
-3.787417696,-0.753251882,-0.284949238
-3.63732983,-0.693985066,-0.342313329
-3.483789125,-0.627452366,-0.354311048
-3.324339981,-0.551115597,-0.380930985
-3.157302841,-0.465743338,-0.392553775
-2.982231572,-0.381158404,-0.422548071
-2.802147876,-0.309459354,-0.428921859
-2.618633837,-0.226479062,-0.406426137
-2.431059619,-0.155263654,-0.372682554
-2.241097283,-0.069220295,-0.284949238
-2.044367983,0.024302651,-0.251205655
-1.846592709,0.094108373,-0.205839283
-1.643999958,0.20066342,-0.200590281
-1.439768889,0.262854586,-0.274826163
-1.234758026,0.376053155,-0.280075165
-1.023508811,0.455261785,-0.326191395
-0.818959076,0.572625677,-0.359185121
-0.602843646,0.702466794,-0.323941823
-0.400580807,0.747093117,-0.229084862
-0.182909538,1.054850906,-0.155223908
-0.002814595,0.706782084,-0.137977188
0.010213214,0.090452936,0.032615371
-0.006064987,0.150417097,0.088104818
0.003802407,0.098127479,0.102727038
-0.003103269,0.059908481,0.248199373
0.001238084,0.071579635,0.208456931
-0.001183776,0.030934926,0.157466628
4.66e-06,0.053369935,0.10497661
0.000510777,0.022454312,-0.032622223
-0.000467715,0.032880743,-0.034496867
0.001050634,0.02084592,-0.016875218
-0.000197786,0.017542905,-0.041995441
0.000896925,0.019331257,-0.012001145
0.000492032,0.010659436,-0.010126501
0.000934415,0.01518093,-0.021749291
0.001073128,0.010078315,-0.029622793
0.001226837,0.009613419,-0.012376073
0.001777942,0.007101478,0.035239872
0.001725456,0.008050017,0.022867225
0.002389031,0.00915977,-0.01612536
0.003183821,0.01041949,-0.051743587
0.004016101,0.009043546,-0.081737883
0.004799644,0.009759636,-0.095985173
0.005613179,0.007465147,-0.076488881
0.005628175,0.005129416,-0.10273389
0.0064792,0.008289963,-0.168346413
0.006662902,0.000461705,-0.2152125
0.006895341,0.009028549,-0.319442679
0.007472688,0.000379223,-0.386179987
0.006835356,0.005508082,-0.353936119
0.008796089,0.004192125,-0.299196529
0.007176516,-0.005349503,-0.199090566
0.00920848,0.017891577,-0.11135725
0.008113769,-0.015344779,-0.053243302
0.00863863,0.024707561,0.030740727
0.010126987,-0.014028822,0.050986877
0.006711639,0.015825787,0.089229604
0.013407371,0.006929016,0.077231886
0.003978611,-0.024256547,0.027741298
0.017328835,0.071024758,-0.026998293
-0.001288748,-0.152654235,-0.173220486
0.052723239,0.790425978,-0.275576021
0.376941373,1.943628198,-0.332565183
0.732283787,1.715843869,-0.227960076
1.033198075,1.70316044,-0.313068891
1.347627544,1.752267017,-0.237333293
1.630280404,1.723222228,0.107976039
1.906578692,1.744554982,-0.074989166
2.169245579,1.623198228,0.061859809
2.429036976,1.642858854,0.249699088
2.678893497,1.622725833,0.09635325
2.911339615,1.645175839,0.390672279
3.137352432,1.675757786,0.421041504
3.350746081,1.694094957,0.347930407
3.554441041,1.719743001,0.50877482
3.741389174,1.712638332,0.32993383
3.913689924,1.728212367,0.299564605
4.072430506,1.732208978,0.2838176
4.218413206,1.74321653,0.134970906
4.353868687,1.74914771,0.213705933
4.475542806,1.742545429,0.074232456
4.583664255,1.738342614,0.005245576
4.677820641,1.725426737,0.074982314
4.758443101,1.716728672,-0.009001715
4.8277473,1.709117865,0.118099114
4.884897208,1.690600734,0.235826726
4.928981817,1.671547473,0.211456361
4.960642206,1.645584498,0.303688821
4.979758408,1.617956894,0.277818741
4.986634092,1.592398829,0.078731601
4.982405209,1.55840889,0.039364087
4.967187978,1.52617731,-0.058117375
4.941019888,1.489510467,-0.245956653
4.905531759,1.45101403,-0.294322456
4.861432154,1.41891742,-0.400427278
4.809163457,1.381849416,-0.461540656
4.74913056,1.341527135,-0.49490931
4.680733621,1.294006456,-0.50953153
4.603519011,1.244168793,-0.369308196
4.517340519,1.190859401,-0.37380734
4.42258804,1.125800124,-0.354685976
4.319936397,1.0715122,-0.221961217
4.209595535,1.017044316,-0.256454657
4.091715413,0.955704211,-0.23545865
3.967743151,0.896332419,-0.137977188
3.837255109,0.826305496,-0.121855254
3.699149078,0.759154184,-0.104608533
3.555768191,0.70046099,-0.095985173
3.40895321,0.6379324,-0.179219345
3.25766941,0.568224156,-0.286823882
3.100495914,0.491943625,-0.353936119
2.934770927,0.404138157,-0.410925281
2.761427952,0.326969073,-0.450667724
2.584527166,0.24917013,-0.471288802
2.402722675,0.170655095,-0.440544649
2.219159899,0.0993797,-0.417299069
2.02984989,0.003622252,-0.377181698
1.836790871,-0.066314691,-0.303695673
1.641156282,-0.166053754,-0.277075736
1.43992817,-0.241996861,-0.208088855
1.240462093,-0.334987425,-0.182218774
1.033126844,-0.436499843,-0.235083721
0.832183657,-0.514497493,-0.257204514
0.623243832,-0.679048389,-0.301071172
0.418934034,-0.703369229,-0.332940112
0.214339311,-0.975071289,-0.308194818
0.008023793,-0.902416201,-0.266577732
-0.048871183,-0.210627589,-0.197590851
-0.023599107,-0.12282587,-0.18071906
-0.033279051,-0.147877797,-0.150349835
-0.028637776,-0.061249568,-0.05961709
-0.029886197,-0.096506725,-0.059992018
-0.03017487,-0.044906953,0.034864943
-0.028795235,-0.062171863,0.19720907
-0.030887182,-0.042143818,0.207707074
-0.028896458,-0.038555866,0.241825585
-0.030549771,-0.040404205,0.262071735
-0.029425068,-0.026078641,0.170214204
-0.030084894,-0.034682977,0.128597118
-0.030126133,-0.023506714,0.068608526
-0.030092392,-0.026251103,-0.004502571
-0.030508532,-0.025692477,-0.01912479
-0.030279843,-0.023236774,-0.082862669
-0.030778461,-0.020889796,-0.115481466
-0.030583512,-0.019637574,-0.143976047
-0.031067135,-0.020608608,-0.158598266
-0.031595745,-0.023716667,-0.092235886
-0.032349296,-0.024488995,-0.072364665
-0.033222815,-0.019018962,-0.029997722
-0.033796414,-0.021797094,0.039364087
-0.034287534,-0.019322644,-0.010126501
-0.034463738,-0.019075199,-0.077613667
-0.035168552,-0.018070423,-0.067490592
-0.034906121,-0.013998829,-0.103483747
-0.035865867,-0.021317201,-0.170221056
-0.035637178,-0.010834532,-0.221586288
-0.036165788,-0.023975359,-0.316818178
-0.037339228,-0.010677068,-0.374182269
-0.035959593,-0.018479082,-0.388804488
-0.038486425,-0.02024119,-0.389554346
-0.035595939,-0.00464091,-0.296946957
-0.039026283,-0.036418841,-0.23545865
-0.036713144,0.013992445,-0.175470058
-0.037897831,-0.051273037,-0.112107107
-0.039742344,0.020658462,-0.132353257
-0.033650203,-0.046365379,-0.053993159
-0.04664802,-0.00383109,-3.43e-06
-0.020547413,0.020515994,0.045737875
-0.160692904,-1.277314055,0.031490585
-0.531091343,-1.930265056,0.040113945
-0.858964762,-1.63152776,0.089979462
-1.165622533,-1.760150398,-0.139101974
-1.471984132,-1.736275709,0.032240442
-1.748972238,-1.766745181,0.112100255
-2.022544996,-1.714976697,-0.193466635
-2.281260427,-1.63665287,-0.003752713
-2.539608455,-1.669383089,-0.069740164
-2.780823507,-1.645189721,-0.127479184
-3.009992991,-1.692706651,0.216330434
-3.230727201,-1.70930046,0.211456361
-3.439674525,-1.73941751,0.38767285
-3.63755852,-1.751006182,0.583385631
-3.818339531,-1.754185475,0.450285943
-3.986310175,-1.771270424,0.527896183
-4.139618441,-1.771945274,0.442787369
-4.2810236,-1.787346848,0.340806762
-4.410600633,-1.785843433,0.360677983
-4.526516273,-1.783323993,0.182211922
-4.629516573,-1.776631732,0.195334427
-4.717670795,-1.761740044,0.177712778
-4.793813188,-1.757555975,0.078356672
-4.858832268,-1.744028984,0.178087706
-4.910399901,-1.724383354,0.157466628
-4.949667031,-1.705105143,0.10497661
-4.976626162,-1.67818988,0.160840986
-4.990846157,-1.649351295,0.017618223
-4.99375164,-1.621191309,-0.09710996
-4.9857625,-1.588794766,-0.045369799
-4.966695035,-1.552495341,-0.123729897
-4.937595219,-1.51860288,-0.152974336
-4.89941905,-1.481429899,-0.163472339
-4.852320238,-1.441977425,-0.237708222
-4.797378496,-1.405010649,-0.269202233
-4.734837511,-1.360384326,-0.416549212
-4.663501349,-1.311480205,-0.436795362
-4.583748659,-1.261413842,-0.386554916
-4.495418235,-1.204715204,-0.509156601
-4.398191409,-1.147128015,-0.481036948
-4.293084165,-1.086230311,-0.49790874
-4.180040267,-1.022614463,-0.588266557
-4.059674551,-0.962399107,-0.485536093
-3.932995504,-0.898772011,-0.394803347
-3.799309556,-0.830368478,-0.304445531
-3.658492991,-0.762141155,-0.158598266
-3.513646241,-0.702135753,-0.073114523
-3.365624079,-0.637492633,-0.067490592
-3.212124614,-0.562535557,-0.095235316
-3.052071879,-0.47985145,-0.162722482
-2.88294654,-0.39237216,-0.237708222
-2.708088964,-0.319964517,-0.283449523
-2.529013753,-0.236418102,-0.3393139
-2.346092057,-0.163834248,-0.364059194
-2.161059668,-0.078128313,-0.355060905
-1.969500253,0.006681571,-0.322442108
-1.777014833,0.085151615,-0.282324737
-1.578583482,0.188894788,-0.260953801
-1.379904698,0.25038111,-0.219711644
-1.177938031,0.372641413,-0.230209648
-0.972522275,0.437558223,-0.277450664
-0.771447873,0.577525837,-0.263203374
-0.559632557,0.683432278,-0.261703659
-0.362565846,0.767466085,-0.254205085
-0.144178515,1.048979712,-0.18071906
0.009887051,0.574852682,-0.106858106
0.004919612,0.067174364,-0.044245013
-0.003898059,0.160622327,-0.046869514
0.00326255,0.071684611,-0.034871795
-0.002690878,0.066934418,-0.038621082
0.001837926,0.059154898,-0.175470058
-0.001333736,0.02876041,-0.152974336
0.000716972,0.04934708,-0.112107107
2.34e-05,0.019627441,-0.148475191
1.97e-05,0.032539569,-0.004502571
0.000709474,0.016459396,0.062984595
-0.000242774,0.018720143,0.085480317
0.001031889,0.016275687,0.163465487
0.000600753,0.010449483,0.144344123
0.001185598,0.012177848,0.152217626
0.000949411,0.007937542,0.152217626
0.001384296,0.01086564,0.092229034
0.001699213,0.005324373,0.066358954
0.001905408,0.008012525,0.025116797
0.002838912,0.010322011,-0.050243872
0.0036412,0.008758609,-0.06824045
0.004589699,0.006704066,-0.071989737
0.005530701,0.008803599,-0.081362954
0.006093052,0.00565055,-0.042745298
0.005995578,0.004747001,-0.052118516
0.006790368,0.003232338,-0.046494585
0.006610416,0.00165019,-0.055117945
0.007525174,0.010048322,-0.147350405
0.007375214,-0.00181029,-0.160097981
0.008057534,0.010929376,-0.166471769
0.008781093,-0.002725086,-0.184843275
0.007645143,0.009133526,-0.149974906
0.010231959,0.003847202,-0.155973765
0.007281489,-0.005503218,-0.115481466
0.010993009,0.023987721,-0.107233034
0.007761362,-0.026419816,-0.149225049
0.010025764,0.043172204,-0.114731608
0.010666845,-0.041911369,-0.181468917
0.006314244,0.047783678,-0.213337856
0.017853697,-0.03094131,-0.23245922
-0.006972247,0.011926654,-0.278950379
0.154021489,1.400291563,-0.248206226
0.529923475,1.953574736,-0.089611386
0.853684229,1.646038147,0.081356102
1.164938287,1.790812192,-0.004877499
1.471251149,1.754197837,0.29244096
1.749738858,1.797939357,0.417292217
2.023952697,1.731744082,0.121473473
2.283354197,1.66243325,0.322060327
2.544791409,1.697649166,0.178837564
2.789106893,1.676860041,0.016118508
3.019985925,1.723349699,0.224203936
3.240345234,1.740097224,0.076856957
3.45098711,1.77935849,0.174338419
3.652218971,1.793624067,0.301814177
3.836336601,1.799465267,0.223454079
4.006616635,1.815762892,0.366676842
4.162211797,1.81941458,0.307063179
4.306162534,1.835599729,0.268820452
4.438888735,1.838943985,0.279318455
4.55880082,1.838644052,0.121098544
4.665418916,1.833406467,0.206957216
4.757543338,1.821941517,0.274069454
4.836242556,1.813580877,0.267695666
4.903361082,1.802607068,0.41354293
4.958479027,1.785994514,0.431164579
5.00107153,1.766442613,0.345680835
5.031494746,1.742841613,0.372300773
5.049613711,1.715877611,0.228703081
5.056365678,1.685741815,0.004870647
5.051611934,1.653862657,-0.061866662
5.035502438,1.617533238,-0.262078588
5.008757,1.578650637,-0.385805059
4.972080436,1.541432667,-0.439044934
4.926672426,1.501174122,-0.514405603
4.873140313,1.46359998,-0.449168009
4.812147669,1.422621596,-0.512530959
4.74307216,1.37140049,-0.44879308
4.665793817,1.321041692,-0.327316181
4.580383871,1.270686644,-0.452917296
4.486152504,1.212529581,-0.433421003
4.383463372,1.150717081,-0.430046645
4.272713867,1.089020805,-0.528277965
4.154312633,1.02426521,-0.481786806
4.029564326,0.963243784,-0.458166298
3.898821351,0.899076808,-0.481411877
3.761067727,0.827085323,-0.456291654
3.617191971,0.762280988,-0.421798214
3.469555957,0.699100043,-0.413174854
3.318452109,0.629504274,-0.365558909
3.161769734,0.556751708,-0.322817037
2.997341904,0.468271391,-0.332940112
2.824531288,0.382183041,-0.32206718
2.647000669,0.307443417,-0.320192536
2.4649225,0.222880978,-0.329940682
2.280332495,0.150934482,-0.323566894
2.092263408,0.055750656,-0.263203374
1.898578304,-0.022198255,-0.187092848
1.703903462,-0.110213676,-0.14322619
1.503110236,-0.203766615,-0.098234746
1.303850354,-0.277977607,-0.115856395
1.098108434,-0.400545342,-0.152599407
0.894241019,-0.463715039,-0.190092277
0.689680038,-0.630230498,-0.260578873
0.479506788,-0.685646921,-0.285699096
0.281510323,-0.861722753,-0.275201092
0.061777098,-1.034735516,-0.239582866
-0.051536729,-0.406873934,-0.188217634
-0.030159874,-0.090301855,-0.126729327
-0.031861925,-0.177226269,-0.063741305
-0.03350774,-0.067994317,-0.016875218
-0.030028659,-0.094665884,-0.013875788
-0.033414015,-0.059566192,-0.038996011
-0.03009989,-0.054212383,-0.01050143
-0.032832918,-0.053882456,-0.05661766
-0.030860939,-0.034139348,-0.109107678
-0.031831933,-0.046335385,-0.08548717
-0.031779447,-0.026611023,-0.107233034
-0.031415793,-0.034184338,-0.051743587
-0.032349296,-0.026933451,-0.007127072
-0.031820686,-0.027192144,0.02999087
-0.032326802,-0.025778708,0.095228464
-0.032244324,-0.021463418,0.082480888
-0.032731695,-0.023544205,0.112850112
-0.032754189,-0.01961133,0.069733312
-0.032960385,-0.022246994,0.020242724
-0.033841402,-0.022974332,0.016118508
-0.034741164,-0.021598388,-0.031122508
-0.035367249,-0.023019322,-0.041995441
-0.036109553,-0.022959335,-0.067115663
-0.036255765,-0.017759242,-0.074239309
-0.036739387,-0.022052037,-0.094860387
-0.037354224,-0.016417041,-0.090361243
-0.037185519,-0.019243912,-0.070115093
-0.038362708,-0.019232664,-0.095610245
-0.037496687,-0.013323979,-0.098609674
-0.038951303,-0.024387768,-0.178844416
-0.038291477,-0.006283045,-0.220836431
-0.039011287,-0.029992771,-0.14322619
-0.039937292,-0.00522578,-0.102358961
-0.037774114,-0.023795399,-0.037496296
-0.042055483,-0.0183966,-0.029247865
-0.036709395,-0.000831758,-0.065615949
-0.043101457,-0.049807113,-0.088861528
-0.037009316,0.037342251,-0.164597126
-0.042077977,-0.099397332,-0.194591421
-0.040807063,0.108130254,-0.217837001
-0.038625139,-0.343164356,-0.246706511
-0.289340183,-1.723536043,-0.319817607
-0.668203886,-1.819627168,-0.225335575
-0.975416511,-1.668670748,-0.214837571
-1.29298765,-1.811513972,-0.209213641
-1.587408652,-1.762246182,0.2838176
-1.865225289,-1.816519109,0.29244096
-2.134535422,-1.704179099,0.267695666
-2.393468296,-1.703515496,0.569888198
-2.650864076,-1.721485249,0.348305336
-2.888277632,-1.717582367,0.40192014
-3.115430148,-1.760982713,0.504275675
-3.33040213,-1.780924527,0.332183402
-3.537519937,-1.824478588,0.434164008
-3.732022325,-1.829453732,0.293940675
-3.910580173,-1.843861777,0.173963491
-4.075337915,-1.85387205,0.202083143
-4.225714455,-1.86411852,0.056610808
-4.365155133,-1.875613463,0.155966913
-4.492107859,-1.87805792,0.181836993
-4.607104992,-1.879767539,0.131221619
-4.707882129,-1.867331556,0.253823304
-4.794761687,-1.859765739,0.209206788
-4.869681903,-1.849309315,0.259822163
-4.931896724,-1.835021243,0.433039222
-4.982568343,-1.817752585,0.397420996
-5.020358364,-1.792715654,0.425915577
-5.045690425,-1.768762232,0.470157164
-5.059696726,-1.74027232,0.253073446
-5.061754932,-1.708243195,0.126347546
-5.053027237,-1.675857899,0.059610237
-5.033794816,-1.640327053,-0.152599407
-5.003877716,-1.599779822,-0.28157488
-4.9641757,-1.558906415,-0.422923
-4.916057157,-1.519536423,-0.565770835
-4.85969454,-1.477189593,-0.641131503
-4.795721434,-1.433159387,-0.7142426
-4.724197821,-1.384086553,-0.603263705
-4.643987752,-1.331219564,-0.529777679
-4.555975993,-1.276594215,-0.52377882
-4.459708915,-1.217046211,-0.408300781
-4.355029057,-1.156084772,-0.428172002
-4.242734961,-1.09113422,-0.490785095
-4.122556696,-1.025088912,-0.457041512
-3.995963876,-0.963163937,-0.437920148
-3.862765299,-0.89243967,-0.446168579
-3.721989974,-0.818352401,-0.427047216
-3.5764759,-0.756344944,-0.442794221
-3.428150068,-0.693681384,-0.497533811
-3.275018005,-0.620250218,-0.526028392
-3.116191197,-0.540880374,-0.541400469
-2.949131562,-0.452422551,-0.475038089
-2.774221501,-0.371155629,-0.388804488
-2.595738633,-0.288692723,-0.335564613
-2.412681972,-0.214762919,-0.282324737
-2.227593349,-0.135486804,-0.222711074
-2.036746246,-0.034488021,-0.142851261
-1.843469784,0.034770323,-0.121480325
-1.647036656,0.138753442,-0.070490022
-1.446817028,0.210737429,-0.02474872
-1.247707107,0.31021405,-0.09973446
-1.040964201,0.405757797,-0.119605682
-0.840733326,0.504135913,-0.129353828
-0.63043261,0.667074667,-0.170221056
-0.428615904,0.692981404,-0.149974906
-0.220020988,0.989622916,-0.112107107
-0.022358184,0.825323215,-0.125979469
0.016339097,0.146990359,-0.14022676
-0.006563605,0.123336871,-0.078363524
0.004199802,0.120360033,-0.050618801
-0.001802363,0.050081917,-0.028872936
0.00091567,0.080037753,0.008245005
0.000379561,0.028707921,0.04723759
-0.000392735,0.050104412,0.101602252
0.001166853,0.025363665,0.066733882
-0.000385237,0.026225973,0.033740157
0.001335559,0.021798208,0.00112136
0.000165868,0.013966201,-0.096735031
0.00102814,0.020219809,-0.163097411
0.00102814,0.010037075,-0.229459791
0.001151857,0.014251137,-0.21221307
0.001436782,0.008282465,-0.141726475
0.001388045,0.009602171,-0.116231323
0.001950396,0.007007749,-0.032247294
0.001834177,0.006261664,0.00974472
0.002486505,0.010831898,0.048362376
0.003442502,0.007146468,0.11359997
0.004293528,0.006794046,0.088479747
0.005242027,0.010217035,0.077981743
0.005898104,0.005714286,0.083605674
0.005958088,0.004881971,0.000371503
0.006764125,0.007165213,-0.100109389
0.006771623,-0.000588062,-0.117356109
0.007513927,0.009800877,-0.145100833
0.007877581,-3.32e-05,-0.188967491
0.007420202,0.006434126,-0.209213641
0.009242221,0.004600784,-0.230584577
0.007536421,-0.001420377,-0.191966921
0.010014517,0.015983252,-0.167596555
0.008188749,-0.014827394,-0.100484318
0.009575883,0.027058288,0.046112804
0.010224461,-0.022558175,0.136470621
0.007495182,0.017685373,0.208082002
0.013628563,-0.002901297,0.168714489
0.004117324,-0.013755133,0.115474613
0.018468534,0.057812697,0.065234168
-0.003324461,-0.141699172,-0.015375503
0.068255387,0.909919396,-0.095610245
0.40686597,1.971158324,-0.199840423
0.757492131,1.70959026,-0.096360102
1.061195682,1.752192033,-0.260953801
1.376172506,1.792746762,-0.264703088
1.658731641,1.7892038,0.014993722
1.935940938,1.801800998,-0.187092848
2.197820534,1.687395197,0.059985166
2.458350486,1.731342921,0.2838176
2.708791852,1.71916563,0.146593696
2.941676604,1.742807871,0.505400461
3.164930149,1.769948083,0.591634062
3.376554266,1.801332352,0.581885916
3.581208973,1.836514526,0.737481327
3.769604223,1.83501111,0.586010132
3.943145896,1.851698648,0.56913834
4.101747764,1.856433845,0.422916147
4.247175611,1.869559675,0.149218196
4.382462386,1.882363077,0.104601681
4.505294949,1.88342784,-0.086986885
4.615275907,1.877009268,-0.147350405
4.711138093,1.8667478,-0.039745868
4.793413866,1.850757607,-0.034496867
4.863059225,1.837519302,0.116599399
4.920763987,1.829897248,0.285692243
4.966438176,1.808706961,0.270320167
4.999590671,1.783838743,0.392921851
5.020870052,1.755393821,0.470157164
5.030591235,1.720316624,0.320185684
5.029027897,1.689982122,0.310437537
5.016603678,1.656820748,0.178462635
4.993318577,1.616262271,-0.023623934
4.959472515,1.577912052,-0.157848409
4.916467621,1.535951386,-0.39405349
4.865147423,1.493289626,-0.497533811
4.805639388,1.452352482,-0.664377083
4.738404642,1.405109242,-0.779855122
4.663525666,1.356662519,-0.711618099
4.580447604,1.301369818,-0.800476201
4.48893427,1.245361027,-0.764857974
4.38960425,1.185051943,-0.647130362
4.282303835,1.120566288,-0.638132074
4.166564398,1.057347851,-0.535776539
4.04416297,0.986616085,-0.381680843
3.916044303,0.926055807,-0.315693392
3.780495097,0.858758277,-0.323566894
3.638137689,0.786208166,-0.274826163
3.491956292,0.727260029,-0.303695673
3.342689458,0.657341832,-0.391803918
3.188432693,0.587161194,-0.462290513
3.027468949,0.505039462,-0.567645478
2.857657541,0.410785428,-0.610012421
2.68217763,0.337612956,-0.683873375
2.502322624,0.253470423,-0.707493883
2.318508664,0.176878711,-0.618635781
2.132490285,0.087191162,-0.498283669
1.939734936,0.001747669,-0.333689969
1.746293518,-0.077082296,-0.211463213
1.547086123,-0.181732766,-0.047619371
1.34753007,-0.245273632,0.080981173
1.145398446,-0.367537684,0.085105389
0.939768997,-0.437084713,0.09635325
0.739136978,-0.577348512,0.092603963
0.528026476,-0.68335618,0.053611378
0.33154836,-0.772575084,-0.006377214
0.114199505,-1.056180746,-0.055492874
-0.040975768,-0.594193515,-0.112856965
-0.037050555,-0.08564914,-0.145100833
-0.027723018,-0.175246709,-0.158598266
-0.034789902,-0.090886725,-0.151474621
-0.028600286,-0.0820087,-0.115481466
-0.033050361,-0.078087072,-0.127854113
-0.029769977,-0.046777787,-0.05961709
-0.031846929,-0.062055638,0.003745861
-0.0310109,-0.032950863,0.015368651
-0.030748469,-0.047163951,0.107601111
-0.031696968,-0.031893598,0.141719622
-0.030564767,-0.030945059,0.121848401
-0.031801941,-0.030911316,0.101227323
-0.031168358,-0.027398348,0.048362376
-0.031715713,-0.027323365,-0.001503141
-0.03168947,-0.021564646,-0.140976617
-0.031798192,-0.024432758,-0.251580584
-0.032195587,-0.020387407,-0.268077447
-0.03214685,-0.021489662,-0.326191395
-0.032915397,-0.02554626,-0.334064898
-0.033863896,-0.02392662,-0.280825023
-0.034729917,-0.021695866,-0.189717348
-0.035588441,-0.025362551,-0.095235316
-0.035948346,-0.018970223,0.01836808
-0.036135796,-0.021722111,0.099352679
-0.037024312,-0.023146794,0.098227893
-0.036731889,-0.01700566,0.110975469
-0.037687886,-0.023079309,0.067858669
-0.037267997,-0.011378162,0.045737875
-0.037706631,-0.026494799,-0.003002856
-0.038426441,-0.012705366,-0.075364095
-0.03741046,-0.021504659,-0.05961709
-0.039941041,-0.020199949,-0.103858676
-0.037009316,-0.009312371,-0.107607963
-0.040904537,-0.036448835,-0.112482036
-0.037549173,0.011173072,-0.104983462
-0.0399073,-0.053987433,-0.058867232
-0.040657102,0.026709616,-0.10573332
-0.036034573,-0.058373957,-0.098984603
-0.047416567,0.014029936,-0.117356109
-0.022643109,-0.024923898,-0.083237598
-0.184525361,-1.363619856,-0.101234175
-0.561038435,-1.92049473,-0.017625075
-0.884491771,-1.646708133,0.132721334
-1.195603366,-1.801946101,-0.015000574
-1.501271398,-1.776717963,0.272569739
-1.779129274,-1.823203872,0.309312751
-2.053260635,-1.76054781,0.022117367
-2.311912333,-1.701719646,0.292066031
-2.571636247,-1.748453,0.16271563
-2.814395892,-1.729291013,0.110225612
-3.043809061,-1.776410531,0.351679694
-3.261694024,-1.796974707,0.216330434
-3.469891545,-1.838654185,0.37305063
-3.669098941,-1.856264018,0.478030666
-3.851540763,-1.863338694,0.388047778
-4.020666102,-1.880449888,0.521147467
-4.174330524,-1.883063056,0.429289935
-4.316395509,-1.900620401,0.359178268
-4.446917292,-1.901917612,0.332558331
-4.564445007,-1.903462268,0.143969195
-4.670020877,-1.899668112,0.170589132
-4.760626951,-1.883970354,0.184836423
-4.838531379,-1.878399094,0.14246948
-4.905087554,-1.86448219,0.284567457
-4.958473456,-1.844195452,0.296190247
-5.00000124,-1.822885193,0.244075158
-5.028939848,-1.796074907,0.322060327
-5.045604197,-1.769568303,0.230577724
-5.051415163,-1.737385462,0.103851824
-5.045975349,-1.702765663,0.058485451
-5.030008316,-1.66735479,-0.101984033
-5.00371276,-1.627643624,-0.219711644
-4.967347363,-1.586552765,-0.310069461
-4.922059322,-1.544817049,-0.402301921
-4.868425985,-1.501870352,-0.41429964
-4.806781013,-1.456145524,-0.505032385
-4.737300611,-1.407822523,-0.50353267
-4.659291211,-1.354595614,-0.478787376
-4.573060232,-1.298050692,-0.615261423
-4.479031312,-1.242649266,-0.608887635
-4.377069487,-1.183442436,-0.605888205
-4.267500921,-1.118229443,-0.694746307
-4.15014941,-1.051996677,-0.668876227
-4.026135908,-0.988350834,-0.626509284
-3.8953292,-0.919519896,-0.633632929
-3.756998229,-0.847550905,-0.589766271
-3.612627603,-0.782206691,-0.509906458
-3.464631684,-0.717166159,-0.505032385
-3.31347535,-0.648687642,-0.492284809
-3.156804222,-0.573389392,-0.467539515
-2.992466369,-0.481463591,-0.484036378
-2.819861948,-0.39857328,-0.50353267
-2.643051139,-0.321280474,-0.527153178
-2.461467839,-0.235702011,-0.50353267
-2.276877834,-0.163699278,-0.438670005
-2.088107683,-0.066134731,-0.333689969
-1.894688759,0.011817928,-0.214837571
-1.699522796,0.106203183,-0.121105396
-1.498808299,0.192156562,-0.02774815
-1.300526909,0.274105833,0.005620504
-1.095077412,0.386460839,0.008619934
-0.893586869,0.457173859,0.02699144
-0.687646252,0.633579618,0.031865513
-0.480948335,0.667299617,-0.005252428
-0.281163592,0.893498049,-0.007876929
-0.065554278,0.969553631,0.009369791
0.021134081,0.287973998,-0.020249576
-0.004467909,0.081927333,0.011619364
0.002070365,0.149839726,0.026241583
0.000679482,0.046415232,0.032615371
-0.000531448,0.083127066,0.035239872
0.001837926,0.037514712,0.016868365
-0.00075264,0.044173231,0.060735023
0.002115353,0.033105693,-0.000378355
0.000210856,0.021307068,-0.013125931
0.001564248,0.028707921,0.043113374
0.000983152,0.01172045,-0.017250146
0.001260579,0.021104613,0.01274415
0.001815432,0.00884484,0.006370362
0.00125683,0.01091063,-0.037121367
0.001927902,0.009733392,-0.025123649
0.00174795,0.007648856,-0.092610815
0.002107855,0.008372445,-0.135727616
0.002209078,0.006242919,-0.211838142
0.002685202,0.008803599,-0.26995209
0.003779913,0.008477422,-0.256079728
0.004484727,0.008012525,-0.233584006
0.005189541,0.008904827,-0.182593703
0.006325491,0.007491391,-0.114731608
0.006362981,0.003700984,-0.032247294
0.006996564,0.008065013,0.007120219
0.007243999,-0.000374359,0.053986307
0.007292736,0.007716341,0.037864373
0.00829747,0.002876168,-0.049868943
0.007487684,0.001518969,-0.075364095
0.009257217,0.007885053,-0.12860397
0.007862585,-0.009372358,-0.137602259
0.009650863,0.015825787,-0.104608533
0.009343444,-0.013706394,-0.107233034
0.008957296,0.017685373,-0.029622793
0.011435392,-0.010287154,-0.010126501
0.007176516,0.005594313,0.029241012
0.014213408,0.015435874,0.052111663
0.004994593,-0.036490075,0.013494007
0.016522798,0.080063997,0.037114515
0.002685202,-0.158120519,-0.061116804
0.03722858,0.653157763,-0.110232464
0.343237773,1.90868972,-0.09411053
0.707401608,1.762633461,0.016118508
1.010010448,1.725171794,-0.004877499
1.327900253,1.817476261,0.007870077
1.614871973,1.791164614,0.333308188
1.892898554,1.831419409,0.173213633
2.158028541,1.708855423,0.152217626
2.417763703,1.735965643,0.332558331
2.672100291,1.738687537,0.107226182
2.907706824,1.752135796,0.285692243
3.13323227,1.783463827,0.381299062
3.346063567,1.809618009,0.270695095
3.551910459,1.853790683,0.460409017
3.744039724,1.85699247,0.375675131
3.920775553,1.873638767,0.372675702
4.082522841,1.878681396,0.434164008
4.230245082,1.887803117,0.302189106
4.367151429,1.900670254,0.37904949
4.492510825,1.902931001,0.256072876
4.605517234,1.899493016,0.139844979
4.704348635,1.886250962,0.203207929
4.789784824,1.876154458,0.098227893
4.862673077,1.863928427,0.163465487
4.923639477,1.847679542,0.299939534
4.972504074,1.827977675,0.241075728
5.008292123,1.800098876,0.320560612
5.032120831,1.773993433,0.410168572
5.044357599,1.746433314,0.22907801
5.045144891,1.712844536,0.177712778
5.035210015,1.67677381,0.127472332
5.014657942,1.640920535,-0.079488311
4.983972295,1.597711397,-0.209213641
4.943779159,1.558618843,-0.407550923
4.895068272,1.51970625,-0.510656316
4.838150802,1.468173963,-0.605888205
4.773071738,1.427176833,-0.710118384
4.699966043,1.371707922,-0.593890487
4.61844382,1.31255733,-0.624259712
4.528703768,1.264597998,-0.622759997
4.430742137,1.20273301,-0.53240218
4.325196258,1.142870077,-0.621635211
4.212129866,1.077810799,-0.628383927
4.091490473,1.01302521,-0.599889346
3.965193824,0.953222264,-0.637382216
3.83228767,0.882040598,-0.650129792
3.691553584,0.806517398,-0.610012421
3.545769581,0.742939041,-0.589766271
3.396971374,0.6819851,-0.594640344
3.243813069,0.611234589,-0.573269409
3.084900033,0.533353163,-0.611512136
2.917622956,0.43756947,-0.597264845
2.742851607,0.360074209,-0.58451727
2.564533696,0.283100082,-0.629883642
2.381671984,0.202260565,-0.577768553
2.196808301,0.122901968,-0.504657456
2.006099911,0.025191204,-0.378681413
1.812617254,-0.045473077,-0.242582295
1.615464316,-0.149861106,-0.116981181
1.414262448,-0.222100037,0.016868365
1.213982835,-0.326371841,0.028491155
1.006340167,-0.42095955,0.070483169
0.806184273,-0.514703697,0.099352679
0.596603367,-0.67432069,0.073482599
0.395420243,-0.703841623,0.073857528
0.188036257,-1.000726831,0.057735594
-0.008700541,-0.836764555,0.02699144
-0.047735233,-0.166646122,0.008619934
-0.024907511,-0.139427177,0.042738446
-0.035434731,-0.136960226,0.0356148
-0.029466307,-0.068286752,0.032615371
-0.032015634,-0.093481148,0.038989159
-0.031108374,-0.043441029,0.04423816
-0.030452297,-0.066037253,0.08173103
-0.031959399,-0.038732077,0.060735023
-0.030144878,-0.041300255,0.051361806
-0.032000638,-0.040209248,0.029241012
-0.030546022,-0.029505379,-0.017250146
-0.031288326,-0.037153678,-0.027373221
-0.031382052,-0.026326086,-0.070115093
-0.031322067,-0.027687034,-0.072364665
-0.031633235,-0.026228608,-0.08548717
-0.031524514,-0.028226914,-0.165721912
-0.032120606,-0.022906847,-0.196466065
-0.032176842,-0.02073608,-0.250080869
-0.032836667,-0.025887434,-0.296572028
-0.033788916,-0.023487968,-0.308569746
-0.034549965,-0.021935813,-0.320942393
-0.035502214,-0.024631463,-0.28457431
-0.03600833,-0.020893545,-0.218961787
-0.036218274,-0.023221777,-0.144725904
-0.037054304,-0.021497161,-0.091486029
-0.036491952,-0.016784459,-0.022499148
-0.037507934,-0.028316894,0.01836808
-0.037774114,-0.012997801,0.000746431
-0.037616655,-0.022888101,-0.043120227
-0.038741358,-0.016203338,-0.095235316
-0.037238005,-0.019540096,-0.088486599
-0.040109747,-0.025756213,-0.094485459
-0.037335479,-0.004254746,-0.086986885
-0.0400985,-0.041723911,-0.017250146
-0.038838832,0.012297822,0.037864373
-0.03831772,-0.047745072,0.066358954
-0.042280424,0.008923572,0.068233597
-0.034250044,-0.030108995,0.095228464
-0.04880745,-0.034158094,0.065984025
-0.022886795,0.072614404,0.002621075
-0.136039415,-1.141414286,-0.088861528
-0.499078547,-1.945430433,-0.089986314
-0.837179265,-1.660242623,0.023242153
-1.143900769,-1.78207927,-0.087361813
-1.45498987,-1.791133506,0.133471191
-1.734388589,-1.817688849,0.342681406
-2.011084272,-1.789761311,0.134221048
-2.271614224,-1.703755443,0.349805051
-2.532159172,-1.756532453,0.354304195
-2.779308907,-1.74009236,0.205457501
-3.010836518,-1.778262619,0.441287654
-3.231563231,-1.800581404,0.349805051
-3.440544295,-1.839134078,0.342681406
-3.64228977,-1.867534011,0.445036941
-3.828015726,-1.87333397,0.311937252
-3.999765372,-1.890677612,0.394421566
-4.15651148,-1.893526979,0.310062609
-4.300495958,-1.909340961,0.217830149
-4.433705781,-1.913862455,0.289816459
-4.554251449,-1.916576851,0.143594266
-4.662785288,-1.912636478,0.148843268
-4.756791714,-1.897621068,0.167214774
-4.837421672,-1.889410394,0.089979462
-4.906662138,-1.875890902,0.224578865
-4.963399655,-1.858850942,0.281568028
-5.008050364,-1.837548181,0.21745522
-5.039710754,-1.807509863,0.34718055
-5.059153119,-1.78041464,0.34718055
-5.067742101,-1.749135348,0.197583999
-5.064667913,-1.713923181,0.210706503
-5.051077752,-1.680506865,0.090354391
-5.027297781,-1.638756152,-0.100859247
-4.993196787,-1.597987721,-0.232084291
-4.950510559,-1.559956181,-0.396677991
-4.899599003,-1.516859518,-0.482161734
-4.840349649,-1.472236944,-0.615261423
-4.773452314,-1.423152863,-0.620510425
-4.698427126,-1.371575586,-0.52377882
-4.61461051,-1.316725288,-0.615261423
-4.522268644,-1.257953362,-0.578143482
-4.421776431,-1.196691989,-0.530527537
-4.313658732,-1.133994686,-0.604013562
-4.198084252,-1.072542106,-0.559771975
-4.075829036,-1.007865244,-0.508031815
-3.947699121,-0.940785165,-0.550398758
-3.812123672,-0.866705394,-0.578143482
-3.669297638,-0.796029866,-0.569145193
-3.522306454,-0.738045265,-0.62763407
-3.371974902,-0.666694887,-0.649754863
-3.216462218,-0.592397664,-0.65350415
-3.054295042,-0.510763324,-0.686497876
-2.88355013,-0.417750264,-0.667751441
-2.707549107,-0.34921551,-0.674125229
-2.527907795,-0.264754298,-0.669626084
-2.344243795,-0.186317996,-0.593515558
-2.157704304,-0.100469593,-0.472413588
-1.964948955,-0.012881577,-0.319817607
-1.771023915,0.067804224,-0.175844986
-1.571231674,0.171749852,-0.048744157
-1.371521911,0.236224259,0.017993151
-1.168186856,0.358690767,0.045737875
-0.962711116,0.430760985,0.114349827
-0.760973139,0.573289279,0.160840986
-0.549382763,0.669695334,0.158591414
-0.352885902,0.773419761,0.166839845
-0.134416093,1.038444556,0.172463776
0.012934996,0.536397486,0.104226752
0.004218547,0.0622967,0.065984025
-0.002600902,0.159415096,0.058110522
0.003851144,0.068149148,0.02699144
-0.001854849,0.067796726,0.051736734
0.002703947,0.055713164,0.045737875
-0.000655166,0.031392324,0.06448431
0.001714209,0.043775819,0.088854676
0.000773207,0.01545087,0.075357242
0.001020642,0.031935953,0.13947005
0.001920404,0.014543572,0.128597118
0.000746964,0.014476087,0.059985166
0.002066616,0.011304293,0.020992581
0.001654225,0.009902105,-0.052493444
0.001916655,0.010085814,-0.083612526
0.001957894,0.005579316,-0.131228471
0.002377784,0.00893482,-0.175844986
0.002636465,0.004360837,-0.204714496
0.002940135,0.007690097,-0.279700236
0.003798658,0.009418462,-0.301446101
0.004495974,0.006902772,-0.325816467
0.005346999,0.008241224,-0.352436404
0.006351734,0.00763011,-0.322817037
0.006464204,0.00129027,-0.267702518
0.007000313,0.005984226,-0.202839853
0.007510178,0.001743919,-0.13722733
0.007480186,0.006197929,-0.079488311
0.008661124,0.005129416,-0.060366947
0.00765639,0.000915354,-0.030372651
0.00928346,0.009530937,-0.023998863
0.008492419,-0.008982444,-0.031122508
0.009388432,0.016688095,-0.000753284
0.010183222,-0.010339643,-0.016500289
0.008533658,0.013107642,0.014243864
0.012305162,-0.000348115,0.054361235
0.007172767,-0.009533572,0.074607385
0.014104687,0.033064452,0.085105389
0.007000313,-0.051126819,0.030740727
0.013861001,0.087536085,-0.003377784
0.009298456,-0.139078505,-0.058117375
0.014749517,0.411883934,-0.07686381
0.280160679,1.801306108,-0.127104255
0.655923952,1.825638195,-0.022124219
0.961745694,1.694687325,0.007120219
1.279699232,1.826433018,-0.056242731
1.57175086,1.781109351,0.305563464
1.849672469,1.843491724,0.214830719
2.118064095,1.727691233,0.159341271
2.37755932,1.728441067,0.496402173
2.635191287,1.745765963,0.304438678
2.874063208,1.750085002,0.408293928
3.102212961,1.78322388,0.551141763
3.316663831,1.806659917,0.344556049
3.52411155,1.858154712,0.491903028
3.71974239,1.861840142,0.44241244
3.899668627,1.876836806,0.321685398
4.065236156,1.885377406,0.383923563
4.21620129,1.893254404,0.213331004
4.355968132,1.904730601,0.206957216
4.483835616,1.907879901,0.146968624
4.600009938,1.90945455,-0.02774815
4.702867776,1.897547199,0.075357242
4.791681823,1.884920008,0.076482029
4.868064153,1.87457231,0.107601111
4.932280945,1.860048041,0.2838176
4.984354694,1.839517608,0.263196521
5.024484097,1.81473562,0.307438108
5.051683165,1.785930778,0.428915007
5.066637966,1.752510712,0.283442671
5.070368231,1.721295156,0.220829578
5.062926446,1.68733896,0.207332145
5.045144891,1.64440726,-0.035246724
5.017019818,1.605303458,-0.195716208
4.97914357,1.566484594,-0.383930415
4.932595862,1.523339191,-0.546649471
4.877834073,1.482743222,-0.576268838
4.815600507,1.437157113,-0.66812637
4.745385299,1.382786707,-0.586391913
4.666228702,1.329488563,-0.547399328
4.578865522,1.27506567,-0.608137778
4.483603178,1.215603897,-0.484786235
4.379920557,1.154837414,-0.498283669
4.268391259,1.09156274,-0.544774827
4.149551391,1.027155817,-0.469414159
4.024619381,0.960900556,-0.494159453
3.89390265,0.895076448,-0.559771975
3.755695396,0.824168472,-0.559771975
3.61117481,0.755967393,-0.595765131
3.463253871,0.699096294,-0.655003865
3.311602667,0.628484501,-0.643006147
3.154526646,0.549444584,-0.705994168
2.989926362,0.465973152,-0.746486468
2.816729598,0.381849365,-0.733738892
2.639330194,0.303424311,-0.756609543
2.457495711,0.222101151,-0.695871093
2.272984435,0.152434148,-0.588641485
2.084442973,0.058105132,-0.471663731
1.890712881,-0.022921844,-0.363309337
1.695663138,-0.116748472,-0.226460361
1.49385393,-0.203702879,-0.097484888
1.293960466,-0.28160305,-0.017625075
1.087150078,-0.40239368,0.074232456
0.88303148,-0.46798534,0.107601111
0.67736454,-0.63705398,0.089979462
0.468008575,-0.685095793,0.04723759
0.269273554,-0.877769183,0.033365228
0.050878726,-1.013938892,-0.041995441
-0.052005356,-0.370042127,-0.106483177
-0.02847282,-0.091958986,-0.015000574
-0.032060622,-0.172528564,-0.009751572
-0.032383037,-0.066213463,0.034864943
-0.02979622,-0.09486459,0.127847261
-0.03256299,-0.056964271,0.154842127
-0.029488801,-0.055723297,0.235451797
-0.032188089,-0.053305085,0.236951512
-0.030017412,-0.03561652,0.232452368
-0.031457032,-0.044640762,0.23770137
-0.030943417,-0.027998214,0.173588562
-0.030812202,-0.036951223,0.114349827
-0.03168947,-0.028609328,-0.004127642
-0.030995903,-0.026880963,-0.094485459
-0.031734458,-0.024537734,-0.14022676
-0.03150202,-0.025617494,-0.204714496
-0.031981893,-0.026007407,-0.251955513
-0.032101861,-0.021077254,-0.333315041
-0.032521751,-0.026116133,-0.421048356
-0.033691442,-0.025460029,-0.493034667
-0.034145072,-0.022948088,-0.461915585
-0.034883627,-0.022865606,-0.427422144
-0.035809632,-0.021039762,-0.344187973
-0.035888362,-0.0206461,-0.149225049
-0.036881849,-0.022239495,-0.121855254
-0.036844359,-0.01808542,-0.060366947
-0.037320483,-0.026277347,0.012369221
-0.037886584,-0.015393518,0.001871217
-0.037226758,-0.020769822,0.000371503
-0.038966299,-0.017740496,-0.043870084
-0.037305487,-0.011955533,-0.003002856
-0.039573638,-0.029149208,-0.015375503
-0.037954066,0.001132805,-0.019499719
-0.039262471,-0.040055532,0.033740157
-0.039854814,0.004075901,-0.007127072
-0.037028061,-0.035226606,0.028116226
-0.043326397,-0.013260243,0.012369221
-0.033653952,-0.001439122,-0.0479943
-0.048098887,-0.074570354,-0.047244442
-0.026688291,0.126643636,-0.061866662
-0.095958749,-0.888720497,-0.128229042
-0.435202915,-1.932863228,-0.184843275
-0.788937004,-1.692537938,-0.005252428
-1.093806497,-1.752614574,-0.029247865
-1.410125467,-1.805245367,0.101602252
-1.692497151,-1.803003365,0.449536085
-1.970227561,-1.810921604,0.254198232
-2.233284346,-1.70156593,0.366301914
-2.493671835,-1.750417563,0.490403313
-2.744934235,-1.741460806,0.290941245
-2.978962435,-1.770940498,0.490403313
-3.202485909,-1.799032999,0.45965916
-3.413442702,-1.831058375,0.409418714
-3.617958695,-1.868276346,0.53164547
-3.807354931,-1.870788287,0.385798206
-3.982216256,-1.890070247,0.437913295
-4.142861334,-1.893185804,0.398545782
-4.290523591,-1.907327659,0.259072306
-4.426766364,-1.913461294,0.270695095
-4.550033812,-1.912872675,0.049487162
-4.662050482,-1.914222375,-0.041245583
-4.759903392,-1.899191968,0.004870647
-4.843551303,-1.88857433,-0.038621082
-4.91581722,-1.877683003,0.119598829
-4.97568891,-1.858341056,0.290191388
-5.023597509,-1.837810623,0.279693384
-5.059175614,-1.810261751,0.365552056
-5.082134551,-1.782180498,0.380924133
-5.094037658,-1.751920979,0.193084854
-5.094243853,-1.715070426,0.140969765
-5.083195521,-1.680949266,0.047987447
-5.062084845,-1.643198914,-0.142101404
-5.030724377,-1.599487387,-0.294322456
-4.989755195,-1.558655221,-0.460790799
-4.940928089,-1.518929058,-0.499033526
-4.88431054,-1.475798652,-0.572144622
-4.819880054,-1.427944297,-0.579643196
-4.747857823,-1.377667981,-0.43454579
-4.667077905,-1.322322793,-0.498283669
-4.577502809,-1.261800006,-0.493409595
-4.479451201,-1.205288827,-0.446543508
-4.373462939,-1.143378849,-0.562021548
-4.259635498,-1.075676409,-0.546274542
-4.138594961,-1.0150299,-0.484411307
-4.011533514,-0.949483231,-0.481411877
-3.877708853,-0.878912679,-0.511406173
-3.737177213,-0.812754896,-0.544774827
-3.591681884,-0.74867415,-0.568770264
-3.442628745,-0.68398604,-0.602888776
-3.288986817,-0.609681319,-0.596514988
-3.128881596,-0.528005738,-0.61038735
-2.959936209,-0.441092572,-0.622385068
-2.784430055,-0.366225476,-0.645255719
-2.605643517,-0.282656566,-0.685748019
-2.422174466,-0.203372952,-0.634757715
-2.237213308,-0.131692648,-0.548524114
-2.046013798,-0.03309708,-0.438295077
-1.85219373,0.036899849,-0.308944675
-1.654894581,0.140950453,-0.158223338
-1.453194094,0.21270949,-0.020249576
-1.252805761,0.314176919,0.022867225
-1.044552004,0.415648097,0.056235879
-0.842960238,0.505163184,0.08473046
-0.631887226,0.668218163,0.05023702
-0.429470678,0.692587742,0.017243294
-0.220853268,0.983916686,0.00412079
-0.02241442,0.829690993,-0.092985744
0.017253855,0.145123275,-0.092610815
-0.005855042,0.114826264,0.025866654
0.0049646,0.116449653,0.067858669
-0.000812624,0.048121103,0.166839845
0.001867918,0.08067886,0.247824445
0.001095622,0.026132244,0.274069454
0.000492032,0.047131323,0.289816459
0.002212827,0.02426141,0.245199944
0.000319577,0.024006467,0.236576584
0.002235321,0.021415793,0.185961209
0.001223088,0.012676488,0.097103107
0.002032875,0.020347281,0.029615941
0.0019354,0.00893482,-0.076113952
0.001984137,0.007071484,-0.0911111
0.002486505,0.00484448,-0.103858676
0.002400278,0.010636941,-0.208463783
0.002925139,0.00668532,-0.269202233
0.002891398,0.004192125,-0.390304203
0.003472494,0.009275994,-0.510656316
0.004477229,0.008184987,-0.512905888
0.005204537,0.004739503,-0.463040371
0.006029319,0.003528522,-0.336689399
0.006794117,0.003982172,-0.215962357
0.00682036,0.004083399,-0.150349835
0.007765111,0.003251084,-0.069365236
0.007581409,-0.000854253,0.041988588
0.008091275,0.007742585,0.077606815
0.008683618,-0.002151464,0.04161366
0.008244984,0.003835954,0.068233597
0.009868306,-0.003377441,0.060735023
0.008214992,-0.006995386,0.013868936
0.010865542,0.010202038,0.000371503
0.009009782,-0.016098362,-0.003752713
0.010468147,0.022146881,0.023992011
0.010888036,-0.025298815,0.033365228
0.008634881,0.02529618,0.013494007
0.014284639,-0.011989276,-0.038996011
0.005182043,-0.012068008,-0.061491733
0.019915652,0.051154178,-0.10835782
-0.003196994,-0.141807898,-0.184468347
0.075457235,0.94977678,-0.23545865
0.419233954,1.964829732,-0.195341279
0.767239557,1.691811715,0.068983455
1.071126809,1.757793287,0.05023702
1.38532009,1.795513646,0.177712778
1.666162178,1.80084496,0.485904169
1.942366741,1.804496648,0.218580006
2.203312833,1.694158693,0.336307618
2.463205453,1.736977918,0.487028955
2.71254836,1.717733448,0.257572591
2.944548345,1.747899238,0.46828252
3.167089579,1.774709524,0.458159445
3.378031376,1.80961426,0.336682546
3.581756328,1.842843118,0.460034089
3.76927431,1.838040436,0.365552056
3.941886229,1.857052457,0.374175416
4.100191925,1.860827867,0.347930407
4.245556039,1.874129908,0.216330434
4.380272964,1.876330669,0.197958927
4.50275687,1.874223637,-0.010126501
4.612314189,1.872675232,-0.077613667
4.707546541,1.854416793,0.029241012
4.789338692,1.84643107,-0.013875788
4.859351454,1.830737061,0.160840986
4.917573579,1.809021891,0.328809044
4.963318999,1.788345241,0.211831289
4.996850145,1.758198197,0.298814748
5.018418199,1.731440399,0.295815318
5.027903194,1.697529193,0.08772989
5.025927466,1.659362683,0.095603392
5.013484502,1.626272544,-0.011251287
4.990300624,1.586887555,-0.223460931
4.956705746,1.546377816,-0.362559479
4.91435318,1.502430093,-0.467539515
4.863587835,1.459430908,-0.461540656
4.805170761,1.420057166,-0.516655175
4.739409377,1.364741971,-0.478037519
4.665272704,1.316475208,-0.331065468
4.582667018,1.264253075,-0.415799355
4.491764772,1.196243204,-0.463040371
4.392599709,1.144759656,-0.43717029
4.285258055,1.083239591,-0.543275113
4.170242177,1.017842889,-0.562771405
4.048410599,0.961725372,-0.48628595
3.92048688,0.892553259,-0.533152038
3.785953656,0.821802748,-0.616386209
3.64430856,0.756379801,-0.56427112
3.498374597,0.695452104,-0.587891628
3.349482665,0.630362834,-0.60738792
3.195447091,0.55885874,-0.550023829
3.034295896,0.475503532,-0.572144622
2.863772176,0.383705202,-0.568770264
2.687808643,0.309824137,-0.631758286
2.50786741,0.230956681,-0.686872805
2.324015959,0.15998122,-0.617510995
2.137821378,0.072906839,-0.523403891
1.945534655,-0.011119469,-0.401552064
1.752475636,-0.089117119,-0.265827875
1.553159519,-0.191210658,-0.10573332
1.353457254,-0.25404668,-0.012001145
1.150272159,-0.379456283,-0.021749291
0.943911653,-0.450431744,-0.040120797
0.741926241,-0.587519999,-0.058492303
0.529346127,-0.690610817,-0.119230753
0.331971998,-0.782094216,-0.170221056
0.113584667,-1.058152807,-0.173220486
-0.039914798,-0.587482507,-0.179594274
-0.034741164,-0.086335237,-0.068990307
-0.026069704,-0.176746375,0.072357813
-0.033031616,-0.090275611,0.178087706
-0.026898236,-0.083103456,0.296190247
-0.031479526,-0.080554023,0.309312751
-0.028064178,-0.049582163,0.33555776
-0.029829961,-0.061826939,0.300314463
-0.029091406,-0.035923951,0.206207359
-0.028997681,-0.048341189,0.199458642
-0.029931185,-0.030660122,0.115099685
-0.028836474,-0.037123684,0.039739016
-0.0298712,-0.033445753,0.020992581
-0.029297602,-0.023461724,-0.037496296
-0.029837459,-0.027323365,-0.057742446
-0.0298712,-0.023495466,-0.145475762
-0.03009989,-0.026419816,-0.266577732
-0.030414807,-0.022501937,-0.339688828
-0.030493536,-0.021504659,-0.457791369
-0.031378303,-0.02271564,-0.502407884
-0.032278065,-0.025310062,-0.458541226
-0.032930393,-0.026097387,-0.374182269
-0.033818908,-0.025516267,-0.244456939
-0.034257542,-0.020252437,-0.152599407
-0.034377511,-0.021489662,-0.113606822
-0.035224787,-0.023083058,-0.060741876
-0.034913619,-0.020698588,0.010119649
-0.035940848,-0.024447754,0.014993722
-0.035468472,-0.0132265,0.00112136
-0.036139545,-0.025126353,0.001496289
-0.036810618,-0.009259883,-0.030372651
-0.035899609,-0.021673371,-0.057367517
-0.038325218,-0.020113718,-0.054743016
-0.035198544,-0.01259664,-0.01912479
-0.03918749,-0.037798534,0.038239301
-0.035839624,0.007742585,0.087354961
-0.038553908,-0.05543836,0.044988018
-0.038437688,0.027639409,-0.015375503
-0.034842388,-0.065171195,-0.031872366
-0.045283381,0.020366027,-0.121105396
-0.021345952,-0.044895706,-0.161972625
-0.191674723,-1.396042644,-0.204339568
-0.570309737,-1.913225097,-0.068615378
-0.892597131,-1.645665865,0.089604533
-1.204049885,-1.804495534,-0.029997722
-1.50838327,-1.774101045,0.284192528
-1.785911234,-1.821531744,0.37904949
-2.05918407,-1.75195847,0.15409227
-2.317310907,-1.69828541,0.469407306
-2.576869865,-1.742094415,0.408668857
-2.818830971,-1.72242629,0.293190817
-3.047591812,-1.769632039,0.493777672
-3.26545803,-1.787410584,0.328434115
-3.473798014,-1.83058598,0.363302484
-3.672540532,-1.844615359,0.461908732
-3.854221305,-1.849852944,0.392546923
-4.02245438,-1.865348247,0.50015146
-4.175736403,-1.867721469,0.395171424
-4.317883866,-1.884244044,0.240325871
-4.448398151,-1.884896398,0.101602252
-4.566203293,-1.886002402,-0.103483747
-4.671820402,-1.875354771,-0.031872366
-4.762295261,-1.858037373,-0.003752713
-4.840304661,-1.850130382,0.000371503
-4.90665464,-1.832824232,0.205082573
-4.960317969,-1.812878669,0.182586851
-5.001980717,-1.786956935,0.127472332
-5.03090058,-1.757207303,0.290191388
-5.048191014,-1.730149572,0.220079721
-5.054253163,-1.69558601,0.100477465
-5.049311968,-1.660186385,0.116974328
-5.03396727,-1.622975912,-0.096735031
-5.007619228,-1.580220423,-0.312693962
-4.971430034,-1.539110818,-0.399302492
-4.926614369,-1.497551313,-0.463040371
-4.873775822,-1.456351728,-0.417299069
-4.813281797,-1.412632703,-0.433795932
-4.744911101,-1.362768795,-0.364809051
-4.668588756,-1.31051292,-0.316818178
-4.583872377,-1.256757378,-0.478412447
-4.490896929,-1.198975231,-0.484036378
-4.389523698,-1.133196114,-0.509156601
-4.279692701,-1.070382587,-0.58451727
-4.162386178,-1.01143445,-0.502407884
-4.038391422,-0.945175439,-0.479537234
-3.907869639,-0.877611718,-0.564646048
-3.770071027,-0.807982207,-0.569520122
-3.626382721,-0.741693203,-0.508406743
-3.479533999,-0.683423665,-0.479912162
-3.32858386,-0.613254275,-0.437920148
-3.17162031,-0.536868766,-0.429671716
-3.006618882,-0.449745647,-0.472788517
-2.833133444,-0.365948038,-0.568395335
-2.655794024,-0.296513483,-0.684248304
-2.47377209,-0.215032859,-0.684248304
-2.289230822,-0.142910152,-0.59314063
-2.100621878,-0.048569888,-0.457791369
-1.907270436,0.026795847,-0.311944105
-1.712655578,0.115898526,-0.193091707
-1.511779873,0.198781339,-0.075739024
-1.313191065,0.276332837,-0.041245583
-1.107085491,0.39904679,-0.035246724
-0.904016615,0.466453045,0.00112136
-0.697517395,0.636998857,-0.026998293
-0.488742526,0.67600518,-0.103858676
-0.288189237,0.886427122,-0.157848409
-0.070409246,0.986979754,-0.170595985
0.022225042,0.308613157,-0.155223908
-0.003114516,0.073559194,-0.016500289
0.00273019,0.154308731,0.154467198
0.001957894,0.04827107,0.252698518
0.00034582,0.080337686,0.309312751
0.003063852,0.036378715,0.29244096
0.000154621,0.043385906,0.270695095
0.003078848,0.036457447,0.211456361
0.00087818,0.019170043,0.15109284
0.002171588,0.026788348,0.150717911
0.002010381,0.011716701,0.088854676
0.002010381,0.020302291,0.064109382
0.002538991,0.011203065,0.062609667
0.002261564,0.014682291,0.007870077
0.002925139,0.002261304,-0.040120797
0.002718943,0.003239837,-0.12860397
0.003258801,0.01122556,-0.216712215
0.003183821,0.00317985,-0.351686547
0.003667443,0.010798155,-0.472413588
0.004878373,0.007243946,-0.482911592
0.005448223,0.004690764,-0.425547501
0.006228017,0.009827121,-0.373057483
0.00716152,0.005095674,-0.296572028
0.007202759,0.004904466,-0.128229042
0.007930067,0.007577622,-0.050993729
0.008012546,-0.001004219,0.033740157
0.00848867,0.007037742,0.095978321
0.009410926,-0.001499109,0.066358954
0.00863863,0.001766414,0.097478036
0.010303191,0.003431044,0.038989159
0.008908559,-0.006223058,0.000371503
0.011041746,0.017632885,-0.01612536
0.009969529,-0.016720723,-0.049868943
0.010243207,0.022649269,0.01836808
0.012158951,-0.01304654,-0.026998293
0.008364953,0.011259303,-0.041995441
0.015394346,0.010670684,-0.040495726
0.005785634,-0.030585139,-0.123729897
0.018543515,0.077930722,-0.171720771
0.001882914,-0.157160732,-0.253080299
0.047350907,0.730604285,-0.225710504
0.365049513,1.929936244,-0.144350976
0.725824243,1.739197424,0.05886038
1.028935451,1.730881774,0.112475184
1.346187924,1.803960517,0.161965772
1.631438848,1.7822341,0.458534374
1.909030544,1.816475233,0.285317315
2.17306957,1.697761641,0.34718055
2.433329593,1.729970726,0.536894472
2.686882637,1.72370587,0.281568028
2.922076779,1.742530432,0.406419285
3.147084862,1.765906482,0.366676842
3.35949627,1.793031698,0.227953223
3.565455633,1.83658576,0.429664864
3.756793856,1.832881584,0.351304766
3.93290735,1.851679902,0.376424989
4.094609649,1.852778408,0.396671138
4.242530588,1.863163598,0.199833571
4.3799468,1.874227386,0.184836423
4.505512392,1.869207253,0.061859809
4.618575036,1.865885492,0.005995433
4.717788836,1.850498915,0.117724186
4.80305632,1.836244586,0.121473473
4.875978313,1.825990617,0.146218767
4.937364603,1.809932939,0.196834141
4.986551614,1.784056195,0.143219337
5.023280665,1.761441226,0.161215915
5.047866673,1.731372914,0.221579436
5.06086449,1.692629033,0.069358383
5.062585286,1.665230128,0.016118508
5.053332729,1.624652904,-0.088861528
5.03352296,1.581327542,-0.355435834
5.003110991,1.540709077,-0.400427278
4.963041572,1.498238525,-0.433046075
4.914698089,1.462156551,-0.401926993
4.858421699,1.41487207,-0.355435834
4.794002461,1.37014077,-0.382055772
4.721804026,1.322845041,-0.26995209
4.641785157,1.265797731,-0.371932697
4.553323517,1.209489007,-0.479537234
4.456610306,1.152621657,-0.428172002
4.351990433,1.096106729,-0.54402497
4.239343929,1.023567865,-0.576268838
4.119094433,0.956199101,-0.545899613
3.993067713,0.899133046,-0.643006147
3.860266532,0.831066937,-0.707493883
3.719851111,0.766018907,-0.627259141
3.574809413,0.702987928,-0.582642626
3.426397354,0.642262686,-0.542900184
3.273542718,0.573364263,-0.458541226
3.114839627,0.495895246,-0.514780531
2.947285123,0.409559451,-0.563146334
2.771992662,0.328352516,-0.606263134
2.59322112,0.252634359,-0.631383357
2.409305937,0.175390292,-0.528277965
2.223302555,0.101557966,-0.434920718
2.031840614,0.005241891,-0.298446671
1.837177019,-0.066052249,-0.184093418
1.640226527,-0.161963414,-0.13722733
1.438698495,-0.235064653,-0.083612526
1.238527604,-0.329888559,-0.109107678
1.030547525,-0.428577856,-0.101234175
0.829049485,-0.514718694,-0.125604541
0.618647545,-0.680458075,-0.239957794
0.414259018,-0.707909469,-0.302570887
0.206950012,-0.988320841,-0.315693392
0.002640214,-0.881132185,-0.268077447
-0.047675249,-0.193876315,-0.122230182
-0.023269194,-0.131793875,0.082480888
-0.03335778,-0.14593198,0.213331004
-0.02809417,-0.063491569,0.317186254
-0.030036157,-0.095344483,0.344930978
-0.029732487,-0.045634291,0.313062038
-0.028360349,-0.066535892,0.291691102
-0.030294839,-0.041386486,0.196834141
-0.028270373,-0.043853437,0.16271563
-0.030111137,-0.046147927,0.123348116
-0.029080159,-0.029539122,0.04423816
-0.029706244,-0.035395319,0.051736734
-0.029672503,-0.02365668,0.017993151
-0.029485052,-0.026607274,-0.065990877
-0.030081145,-0.024481497,-0.1316034
-0.030013663,-0.025385046,-0.25270537
-0.030482289,-0.022951837,-0.350936689
-0.030489787,-0.020841057,-0.412050068
-0.031022147,-0.025988661,-0.463790228
-0.032064371,-0.024878908,-0.403051779
-0.032735444,-0.022025793,-0.342688258
-0.033608963,-0.022726887,-0.301071172
-0.034572459,-0.018464085,-0.164597126
-0.034561212,-0.019513852,-0.041620512
-0.035112316,-0.019532598,0.014993722
-0.035041085,-0.014988608,0.061484881
-0.036042071,-0.022411957,0.091104248
-0.035802134,-0.011494386,0.082855817
-0.035693413,-0.024226553,-0.003002856
-0.0370693,-0.012907821,-0.084362384
-0.035633429,-0.018775266,-0.087361813
-0.038340214,-0.022648155,-0.124479755
-0.035682166,-0.002211451,-0.074989166
-0.038610143,-0.038705833,-0.010126501
-0.03695308,0.013771244,-0.053993159
-0.037028061,-0.051378014,-0.040495726
-0.040289699,0.014138662,-0.092235886
-0.033050361,-0.034570502,-0.172845557
-0.046996678,-0.024099082,-0.210338427
-0.020716118,0.056511736,-0.141726475
-0.143852352,-1.190899528,-0.108732749
-0.509954425,-1.935004002,-0.089986314
-0.844669787,-1.647101796,0.095228464
-1.152988369,-1.783140284,0.002621075
-1.464013737,-1.780028476,0.194584569
-1.743573664,-1.809020777,0.452910443
-2.019823214,-1.771277923,0.244075158
-2.280008257,-1.686872949,0.451785657
-2.540639433,-1.734374882,0.463033518
-2.786926896,-1.716217671,0.259447234
-3.018038366,-1.755906342,0.401545212
-3.238746334,-1.775375761,0.310062609
-3.449039552,-1.815645553,0.375300203
-3.651441104,-1.839201563,0.496027244
-3.837332015,-1.843895519,0.423666005
-4.009137897,-1.858172343,0.470907021
-4.16616893,-1.858213584,0.278568598
-4.311075664,-1.873776372,0.15109284
-4.444337974,-1.873637653,0.154467198
-4.565697176,-1.876415785,0.0356148
-4.674838355,-1.870462109,0.077606815
-4.769512105,-1.852979748,0.118474043
-4.851577934,-1.843033211,0.052486592
-4.920994603,-1.826105726,0.102352109
-4.978350707,-1.807809796,0.150717911
-5.023567517,-1.783447716,0.082480888
-5.055756516,-1.754316696,0.211081432
-5.076694737,-1.725575589,0.225703651
-5.085992282,-1.691533162,0.031115656
-5.084084036,-1.657843156,-0.022499148
-5.072060961,-1.621588721,-0.203214782
-5.048940816,-1.580584093,-0.330315611
-5.01590454,-1.539759424,-0.332565183
-4.974073087,-1.495890433,-0.363684265
-4.923420212,-1.454713342,-0.309694532
-4.864793194,-1.414747233,-0.38543013
-4.798435717,-1.363889796,-0.409425567
-4.723800426,-1.310167996,-0.390304203
-4.640992293,-1.256183755,-0.543650041
-4.550296243,-1.199327653,-0.513280817
-4.451232403,-1.142857715,-0.455166868
-4.344145681,-1.080254141,-0.548149186
-4.229148549,-1.013207805,-0.598014703
-4.106660894,-0.950240562,-0.596140059
-3.977904894,-0.885143793,-0.62763407
-3.84201078,-0.815919192,-0.623134926
-3.699195993,-0.751028627,-0.492284809
-3.552470989,-0.689174886,-0.430421574
-3.402495593,-0.624483027,-0.399302492
-3.247181606,-0.553383843,-0.427422144
-3.084871967,-0.470197347,-0.5470244
-2.913759653,-0.386272267,-0.597264845
-2.737342489,-0.313092295,-0.635882501
-2.556621462,-0.228304906,-0.56989505
-2.37171654,-0.1586529,-0.469789087
-2.184434746,-0.072339601,-0.38543013
-1.990464717,0.012691484,-0.22683529
-1.795774879,0.08427806,-0.163097411
-1.595431533,0.188369905,-0.107607963
-1.394971969,0.249545046,-0.049119086
-1.192311735,0.36892599,-0.055117945
-0.985272658,0.439174113,-0.077988596
-0.783201019,0.574297805,-0.176969773
-0.569848609,0.687128956,-0.243332153
-0.37118482,0.761152489,-0.234333864
-0.152370102,1.049695803,-0.179969202
0.009126002,0.606671854,-0.113231894
0.008166255,0.072175752,0.045362947
-0.00257091,0.160056203,0.209581717
0.005699406,0.081297473,0.220454649
-0.000921345,0.067504291,0.269945238
0.003547475,0.063766373,0.243700229
0.00072447,0.031632271,0.2002085
0.002501501,0.049084639,0.202458072
0.002152843,0.017857835,0.122598259
0.002032875,0.033544345,0.141719622
0.00295888,0.015462118,0.128597118
0.001856671,0.017996554,0.097852965
0.003045107,0.017674126,0.109100826
0.002415274,0.009017301,-0.003002856
0.003195068,0.015008469,-0.079488311
0.003161327,0.007825067,-0.161597696
0.003172574,0.01118057,-0.29319767
0.003742423,0.006494113,-0.356935549
0.00375367,0.005046935,-0.410175424
0.004612193,0.010209536,-0.375307055
0.005613179,0.008312458,-0.295447242
0.006115546,0.00740516,-0.274076306
0.007116532,0.005972979,-0.190092277
0.007716374,0.002287549,-0.06824045
0.007761362,0.007412658,-0.011626216
0.008649877,0.003749723,0.04723759
0.008379949,0.003273579,0.080606244
0.009628369,0.00861989,0.056610808
0.009234723,-0.003864833,0.021742438
0.00981207,0.011278049,-0.050993729
0.010423159,-0.005776908,-0.080238168
0.009523397,0.010783159,-0.080988025
0.011911516,0.003082372,-0.083612526
0.008994786,-0.006684206,-0.037496296
0.013043717,0.019781157,-0.072364665
0.009467161,-0.026532291,-0.074989166
0.012638824,0.040881463,-0.068990307
0.01212521,-0.050871876,-0.154474051
0.008848575,0.047157567,-0.145100833
0.019150854,-0.04617792,-0.173220486
-0.004190482,0.055312003,-0.128978899
0.169339944,1.449645584,-0.09710996
0.546456609,1.929602568,-0.02474872
0.866288401,1.648730048,0.133096262
1.177418741,1.801815994,-0.004127642
1.480856112,1.762854661,0.229452938
1.758219119,1.817629977,0.380174276
2.031225776,1.746770739,0.174713348
2.289600047,1.682836211,0.406794213
2.549777592,1.722104976,0.330308759
2.792368531,1.704048993,0.176587992
3.021624242,1.741945563,0.339307047
3.240217768,1.760957583,0.270695095
3.449311303,1.801804747,0.382048919
3.648484957,1.81343466,0.501651174
3.830758074,1.8190959,0.41654236
3.999201094,1.829529829,0.450285943
4.152678065,1.828731257,0.264321307
4.294904257,1.84544129,0.15109284
4.426708202,1.84750708,0.187460924
4.545649293,1.843131804,0.021742438
4.651285148,1.830857034,0.043113374
4.742573541,1.813359676,0.061484881
4.820774141,1.806716154,-0.040120797
4.887738958,1.786853073,0.073482599
4.942437013,1.764061893,0.122598259
4.984613376,1.738657544,0.075732171
5.014339276,1.707247031,0.207707074
5.032135827,1.679960601,0.15409227
5.038887794,1.643140042,-0.050993729
5.034422723,1.609776214,-0.101234175
5.01958789,1.572700711,-0.233209078
4.994165853,1.530466356,-0.31044439
4.958793944,1.489364249,-0.325816467
4.914870543,1.447988453,-0.342688258
4.862425642,1.406800115,-0.275950949
4.802156557,1.357821011,-0.367808481
4.733388467,1.308571966,-0.409800495
4.655967661,1.25524008,-0.438295077
4.570475237,1.201634504,-0.579268268
4.476517549,1.142813839,-0.527153178
4.374956868,1.080525195,-0.510281387
4.26577445,1.024977552,-0.611137207
4.148752851,0.963150055,-0.632508143
4.025455411,0.899586695,-0.60176399
3.895728418,0.836323268,-0.602138918
3.758353444,0.765632743,-0.550773687
3.614916322,0.700419749,-0.433421003
3.467943882,0.643923567,-0.418798784
3.317068724,0.573008092,-0.413174854
3.160622537,0.500540462,-0.473913303
2.996370911,0.41837374,-0.566520692
2.823725251,0.335697132,-0.577018696
2.646985673,0.266183845,-0.596889917
2.465391126,0.181407703,-0.545524685
2.280898595,0.111230814,-0.463040371
2.09187726,0.021307068,-0.356185691
1.897543578,-0.051910395,-0.263203374
1.70220891,-0.1397721,-0.230209648
1.500272235,-0.228304906,-0.14022676
1.300757421,-0.298744237,-0.095985173
1.094318185,-0.415875681,-0.118105967
0.890570739,-0.477148301,-0.173970343
0.685173728,-0.646636849,-0.23545865
0.475150439,-0.695342264,-0.251205655
0.276078008,-0.881852025,-0.250830727
0.056374775,-1.02321058,-0.191591992
-0.048837442,-0.373858778,-0.051368658
-0.025477361,-0.095160774,0.13384612
-0.028903956,-0.179933167,0.214080862
-0.029398825,-0.066509648,0.215955505
-0.026759522,-0.095805631,0.202833001
-0.029799969,-0.057316693,0.160840986
-0.026605813,-0.060188554,0.17996235
-0.029376331,-0.056536866,0.126347546
-0.027153168,-0.03287213,0.094103678
-0.028225385,-0.044464552,0.15671677
-0.027951707,-0.027019682,0.095228464
-0.027955456,-0.035957694,0.079856387
-0.02877649,-0.02649105,0.041238731
-0.028229134,-0.028178174,-0.053993159
-0.028750247,-0.02505137,-0.055867803
-0.028559047,-0.020676093,-0.214837571
-0.029121398,-0.024563978,-0.321692251
-0.029207626,-0.02010622,-0.331440397
-0.02972124,-0.027023431,-0.377556627
-0.030486038,-0.024968888,-0.32469168
-0.031314569,-0.020488635,-0.304445531
-0.032188089,-0.024841417,-0.250455798
-0.032956636,-0.022213251,-0.136102544
-0.03343276,-0.02127596,-0.052118516
-0.03381141,-0.024575226,0.011994292
-0.033751426,-0.01350019,0.046862661
-0.03373643,-0.023334252,0.051361806
-0.034928615,-0.019675066,0.012369221
-0.034246295,-0.01318526,-0.026623364
-0.035772142,-0.024563978,-0.066365806
-0.034471236,-0.00549572,-0.095235316
-0.035558449,-0.031466193,-0.089236457
-0.036188282,-0.002631357,-0.091860958
-0.034609949,-0.027529569,-0.091486029
-0.03843019,-0.015378522,-0.092610815
-0.033230313,-0.004183512,-0.081737883
-0.040117245,-0.043763457,-0.104233605
-0.032769185,0.034162958,-0.163847268
-0.039967284,-0.102779079,-0.19796578
-0.034999846,0.124071708,-0.184093418
-0.041935515,-0.428979016,-0.148100263
-0.309791032,-1.774903366,-0.190467206
-0.684958212,-1.779597322,-0.010126501
-0.989898936,-1.670237899,0.04161366
-1.307151409,-1.806475093,0.015743579
-1.59824704,-1.760559057,0.400795354
-1.875812493,-1.813673492,0.320935541
-2.143510552,-1.693362755,0.249324159
-2.402559645,-1.702458232,0.466407877
-2.659138141,-1.712146077,0.23470194
-2.895078336,-1.712779686,0.260946949
-3.121357333,-1.755321472,0.395921281
-3.335710728,-1.773902339,0.317936111
-3.542659829,-1.817021497,0.467532663
-3.736326188,-1.815548075,0.464158304
-3.914085497,-1.827451677,0.416917288
-4.078179665,-1.832573038,0.406419285
-4.227828897,-1.838118054,0.220454649
-4.366482283,-1.848585726,0.214830719
-4.492850163,-1.84645245,0.131221619
-4.607847296,-1.845950062,-0.001128212
-4.709216777,-1.830780936,0.089979462
-4.796463738,-1.817298935,0.05023702
-4.871953803,-1.804199349,0.0356148
-4.934843446,-1.784797415,0.170214204
-4.985440085,-1.762133707,0.125972617
-5.023245102,-1.731945422,0.137595407
-5.048599656,-1.703717951,0.221204507
-5.062902129,-1.671970014,0.008619934
-5.065623911,-1.637308974,-0.129353828
-5.057544794,-1.602310509,-0.152599407
-5.039369594,-1.563176715,-0.304070602
-5.010719659,-1.52435785,-0.337439256
-4.972854658,-1.481666097,-0.343063187
-4.9266856,-1.440185324,-0.331815326
-4.872006289,-1.396646259,-0.321692251
-4.809187878,-1.350673986,-0.455916725
-4.738459055,-1.305331572,-0.436795362
-4.659137501,-1.248085557,-0.454042082
-4.571043264,-1.189381115,-0.558647189
-4.474813676,-1.131467748,-0.487785665
-4.370609943,-1.070037663,-0.551523544
-4.25883321,-1.01206056,-0.665501869
-4.139775899,-0.950660469,-0.61038735
-4.014281538,-0.887993159,-0.575518981
-3.881727792,-0.820459432,-0.559771975
-3.741499822,-0.748914097,-0.447293365
-3.596604334,-0.693951324,-0.377556627
-3.448315993,-0.633803453,-0.405301351
-3.295022723,-0.553706271,-0.446918437
-3.135356136,-0.479465286,-0.51515546
-2.967306763,-0.397107356,-0.556397617
-2.792149267,-0.319514617,-0.571769694
-2.613336486,-0.244861223,-0.533152038
-2.429934916,-0.168794394,-0.442794221
-2.244291439,-0.095794383,-0.354685976
-2.052750769,-0.001799042,-0.228709933
-1.85829337,0.068685278,-0.167221626
-1.660420622,0.164870132,-0.121855254
-1.45843521,0.234855814,-0.044619942
-1.257630736,0.338021615,-0.066365806
-1.049343239,0.430011152,-0.126729327
-0.847436556,0.517299234,-0.188217634
-0.63581244,0.681640177,-0.24408201
-0.432702325,0.700727181,-0.239207937
-0.224219879,0.987740835,-0.16047291
-0.023659091,0.84220196,-0.077988596
0.018880926,0.156501994,0.046862661
-0.004839061,0.119883889,0.217830149
0.005789383,0.123509333,0.263196521
0.000237099,0.049879462,0.257572591
0.002722692,0.082542196,0.21745522
0.002306552,0.026889576,0.164215344
0.00167297,0.044326947,0.129721904
0.003165076,0.025074979,0.052861521
0.001410539,0.024407628,0.094103678
0.003390016,0.020740944,0.130471761
0.002074114,0.012998916,0.080981173
0.002876402,0.019462478,0.055111093
0.002928888,0.008998556,-0.035621653
0.003120088,0.01356504,-0.107233034
0.003416259,0.007645107,-0.184468347
0.003105091,0.006996501,-0.296946957
0.003794909,0.009635914,-0.346812474
0.0036412,0.004094647,-0.364434123
0.004372257,0.008942318,-0.363309337
0.005598183,0.009902105,-0.331065468
0.00614179,0.002583733,-0.246706511
0.007217755,0.008762358,-0.14322619
0.007993801,0.00223506,0.005620504
0.007862585,0.002756194,0.091854105
0.008803587,0.007435153,0.101602252
0.008608638,0.0007054,0.134221048
0.009414675,0.007705093,0.087354961
0.009598377,-0.007947675,0.040113945
0.00958713,0.00646037,-0.006752143
0.010756821,-0.002822565,-0.068615378
0.009538393,0.003209843,-0.074614237
0.012211437,0.00839494,-0.121105396
0.009530895,-0.013147768,-0.142851261
0.012548848,0.028486721,-0.12298004
0.010869291,-0.030142737,-0.129353828
0.011082985,0.034159209,-0.119230753
0.014247149,-0.028545593,-0.191217063
0.007094038,0.022499302,-0.199465495
0.021194065,0.011671711,-0.137977188
-0.00529644,-0.079609234,-0.136102544
0.117251199,1.201893197,-0.143976047
0.482374781,1.962201567,-0.067115663
0.8163066,1.64764279,0.109100826
1.123526722,1.779722159,0.02136751
1.433419889,1.766963747,0.211456361
1.712634906,1.794445134,0.425915577
1.988779485,1.764013154,0.153717341
2.249384417,1.672121095,0.319810755
2.511016578,1.718224589,0.298439819
2.758451238,1.690791942,0.073857528
2.991193528,1.727271327,0.320560612
3.213378605,1.752900626,0.297315033
3.42436539,1.782537783,0.320560612
3.627621716,1.808995647,0.461158875
3.814119968,1.806314994,0.326184543
3.986401973,1.808362038,0.353929267
4.144006605,1.818406054,0.286067172
4.289070798,1.830444626,0.192709926
4.423656508,1.83299031,0.246699658
4.546099174,1.833428962,0.099727608
4.655484039,1.82292005,0.062984595
4.750783873,1.809891698,0.075732171
4.833187113,1.789278783,0.011244435
4.903694744,1.778961078,0.115849542
4.96229177,1.759844081,0.16833956
5.008434586,1.724002054,0.110975469
5.041935739,1.704765083,0.179587421
5.063503793,1.671929887,0.09635325
5.073086263,1.639233411,-0.139476903
5.071327977,1.604193705,-0.125229612
5.059166189,1.554757202,-0.158598266
5.036285981,1.525359992,-0.244831867
5.003583367,1.484666544,-0.231709363
4.962089324,1.438225625,-0.292822741
4.912249985,1.40129634,-0.30744496
4.854447749,1.35512911,-0.420673428
4.788352702,1.309254314,-0.476912733
4.713886117,1.257152155,-0.404551494
4.630856792,1.200296052,-0.529777679
4.539272227,1.141951531,-0.52677825
4.439533565,1.085215402,-0.515530389
4.332086938,1.029971441,-0.688372519
4.217071061,0.967330375,-0.677499587
4.095280722,0.907932338,-0.602513847
3.967735653,0.843431686,-0.589766271
3.832883763,0.776726525,-0.515530389
3.691107452,0.711959682,-0.431171431
3.545173488,0.648797483,-0.433421003
3.395449276,0.58929072,-0.475413018
3.240363979,0.51053199,-0.538401039
3.078305524,0.430389817,-0.578143482
2.907361915,0.353453182,-0.527153178
2.730903513,0.279973277,-0.515530389
2.550853558,0.201675695,-0.487035808
2.366042361,0.127775884,-0.381680843
2.17889928,0.047157567,-0.309319604
1.985341643,-0.037037454,-0.234333864
1.790280653,-0.108252862,-0.185218204
1.58965988,-0.208483066,-0.132728186
1.387303317,-0.27139782,-0.118855824
1.183885783,-0.384326449,-0.222336145
0.975189643,-0.456464152,-0.276700807
0.772893064,-0.58023162,-0.299946386
0.559420685,-0.702926827,-0.312693962
0.359650939,-0.758313256,-0.202464924
0.143029392,-1.057391726,-0.060366947
-0.029635013,-0.683258702,0.033740157
-0.037631651,-0.102047992,0.169464346
-0.023194214,-0.166484908,0.250074017
-0.032229328,-0.105872141,0.228703081
-0.025316153,-0.077974597,0.229452938
-0.029841208,-0.08358335,0.184086566
-0.02695822,-0.046102937,0.158966343
-0.028191644,-0.068920361,0.131221619
-0.028270373,-0.036430089,0.061484881
-0.02744934,-0.04456203,0.103851824
-0.028832725,-0.032752157,0.099727608
-0.027303129,-0.030093998,0.029241012
-0.028634027,-0.031203751,-0.01612536
-0.028390342,-0.026442311,-0.125604541
-0.02862278,-0.031147514,-0.222711074
-0.028821478,-0.02514135,-0.320942393
-0.028843972,-0.02410658,-0.381680843
-0.029181383,-0.020391157,-0.343438115
-0.029365084,-0.023146794,-0.314193677
-0.030373568,-0.023259269,-0.280450094
-0.03112337,-0.02060111,-0.211838142
-0.031591996,-0.023735413,-0.146975477
-0.03286291,-0.025516267,-0.079488311
-0.033211568,-0.017837975,0.026241583
-0.033312792,-0.018482831,0.049112234
-0.034051347,-0.019997494,0.052861521
-0.033717685,-0.021474666,0.061109952
-0.034928615,-0.020492384,-0.034871795
-0.03411508,-0.013507688,-0.049868943
-0.035277273,-0.025812451,-0.075364095
-0.035224787,-0.006924152,-0.116606252
-0.034973603,-0.027653291,-0.079863239
-0.036833112,-0.010677068,-0.126729327
-0.034160068,-0.016964419,-0.115856395
-0.03846768,-0.028508101,-0.096360102
-0.033713936,0.003026134,-0.128229042
-0.038782597,-0.054152396,-0.136852402
-0.035194795,0.035295206,-0.175095129
-0.036330745,-0.088535998,-0.131228471
-0.040825808,0.076674751,-0.103483747
-0.026770769,-0.211077489,-0.108732749
-0.244543262,-1.606187147,-0.145475762
-0.626278707,-1.851600055,-0.034496867
-0.938342551,-1.641751736,0.020992581
-1.253495578,-1.801533692,-0.035246724
-1.551789308,-1.752899511,0.359928126
-1.829156064,-1.808664606,0.358428411
-2.10084307,-1.706136164,0.181087136
-2.360143346,-1.682647639,0.412043215
-2.619889755,-1.712247304,0.22907801
-2.860355005,-1.697809266,0.214830719
-3.089535736,-1.741205862,0.422916147
-3.30680961,-1.756888624,0.354679124
-3.515749436,-1.793195547,0.48552924
-3.713877116,-1.800206488,0.484404454
-3.895692854,-1.815443098,0.34155662
-4.06403465,-1.823095146,0.327309329
-4.217755307,-1.826705593,0.181836993
-4.36009397,-1.837083284,0.158966343
-4.489843457,-1.835208701,0.097478036
-4.607918527,-1.835831063,-0.04499487
-4.713194477,-1.822813959,0.007495148
-4.803958009,-1.807487368,0.001871217
-4.883084614,-1.794860177,-0.009001715
-4.950356849,-1.777415308,0.146218767
-5.004837463,-1.755096522,0.218954935
-5.046860116,-1.731697977,0.183711637
-5.076631004,-1.700651134,0.242200514
-5.094007665,-1.664531668,0.072357813
-5.099541204,-1.633274871,-0.124104826
-5.09452128,-1.597159155,-0.062616519
-5.078850418,-1.55766919,-0.154099122
-5.052869779,-1.518059251,-0.235833578
-5.017689069,-1.478051901,-0.245206796
-4.973611958,-1.43741469,-0.288698525
-4.921448233,-1.395315305,-0.353186262
-4.861542802,-1.350662738,-0.536151467
-4.793325816,-1.301803607,-0.509156601
-4.716478609,-1.250938672,-0.475038089
-4.630963691,-1.194903637,-0.570644908
-4.537009752,-1.13568556,-0.502407884
-4.434718014,-1.074825348,-0.592015844
-4.324590845,-1.014017625,-0.697745737
-4.20698815,-0.955073237,-0.594265416
-4.082888421,-0.894299256,-0.496409025
-3.952392881,-0.827946516,-0.442794221
-3.814504294,-0.760971415,-0.36518398
-3.67087972,-0.700504866,-0.314193677
-3.523397416,-0.641556729,-0.415799355
-3.371787452,-0.574877811,-0.485536093
-3.213946633,-0.495710422,-0.519279676
-3.048041693,-0.410784314,-0.565395906
-2.874391299,-0.336607065,-0.551523544
-2.696530766,-0.263408348,-0.544399899
-2.514171422,-0.180686749,-0.446543508
-2.328771631,-0.115998639,-0.34793726
-2.139142956,-0.026618521,-0.281199951
-1.943991989,0.05047183,-0.142476332
-1.74794126,0.134880553,-0.061866662
-1.545708414,0.226213986,-0.020624505
-1.34539506,0.293511516,-0.086237027
-1.138146039,0.410965388,-0.196466065
-0.932167931,0.475173605,-0.224210789
-0.725440022,0.634644381,-0.284949238
-0.512893649,0.687860043,-0.260203944
-0.313318851,0.854128057,-0.10573332
-0.092018539,1.019260074,0.022117367
0.022123819,0.386944482,0.095603392
0.000173366,0.069645065,0.205457501
0.002156592,0.163445449,0.239950942
0.00394487,0.048619742,0.205082573
0.00057451,0.079794057,0.2002085
0.004319771,0.048057367,0.155217056
0.000930666,0.037484719,0.155591984
0.003851144,0.039303064,0.110975469
0.001980388,0.019593699,0.105726467
0.002857657,0.02156576,0.184461494
0.00292139,0.001758916,0.114349827
0.002647712,0.021359556,0.072732742
0.003420008,0.012668989,-0.003377784
0.002988872,0.012020383,-0.14885012
0.003524981,0.009962091,-0.228335005
0.003446251,0.007142718,-0.352436404
0.004271034,0.009605921,-0.370432982
0.004106077,-0.002867555,-0.331065468
0.004162312,0.001683933,-0.30744496
0.004645935,0.004068402,-0.218961787
0.004612193,0.00434959,-0.149599977
0.005133306,0.006494113,-0.090361243
0.00519329,0.000101785,0.002996003
0.00504333,0.00052919,0.088104818
0.005092067,0.001725174,0.062984595
0.004908365,-0.00019065,0.038239301
0.004859628,0.001803906,0.023617082
0.004709668,-0.00064055,-0.061491733
0.004559707,0.001556461,-0.115106537
0.004353512,-0.002312678,-0.115856395
0.004241041,-0.005506968,-0.103483747
0.004353512,0.001586454,-0.101234175
0.004117324,-0.002477641,-0.10835782
0.00405734,-0.000580563,-0.077613667
0.003892384,0.000836621,-0.052868373
0.003708682,-0.002638856,-0.083612526
0.00371618,-0.001060457,-0.101609104
0.003581216,-0.002222698,-0.131228471
0.003648698,-0.000591811,-0.121855254
0.003352526,-0.001874026,-0.08548717
0.003120088,-0.002290183,-0.114731608
0.003202566,-0.000666794,-0.131228471
0.003135084,-0.003148742,-0.126354398
0.003037609,-0.00275508,-0.116606252
0.003022613,-0.002406407,-0.071239879
0.003000119,-0.002046487,-0.033747009
0.002760183,-0.001821537,-0.060366947
0.002891398,-0.00792143,-0.110982321
0.00284641,-0.008854973,-0.173220486
