0.09729147,3.066177238,-0.129353828
0.229800228,5.695152424,-0.121480325
0.095900587,6.329402585,-0.116981181
-0.009933965,6.537470051,-0.185218204
0.008301219,6.379112777,-0.126729327
0.013489849,6.26145645,-0.109107678
0.014160922,6.350049242,-0.126729327
-0.004066765,6.452094042,-0.131978329
0.001751699,6.310578023,-0.152974336
0.000983152,5.923847801,-0.071989737
-0.001344983,5.370425909,-0.095235316
0.002085361,4.899028271,-0.146225619
-0.001412466,4.602000595,-0.088111671
0.001586742,4.310840363,-0.120730468
-0.000460217,3.972069473,-0.093360672
0.000529522,3.598821251,-0.054743016
0.000214605,3.273213683,-0.136852402
-0.000149049,2.957661377,-0.112482036
0.000735717,2.685888083,-0.093735601
-9.66e-05,2.347323397,-0.1316034
0.000428298,1.956918992,-0.118855824
0.00015837,1.625398988,-0.128229042
0.000210856,1.25573497,-0.106108248
0.000720721,0.920653259,-0.098609674
0.000604502,0.595664302,-0.173970343
0.000229601,0.245091037,-0.109482607
0.000229601,-0.133825923,-0.09973446
0.000372063,-0.536051448,-0.160847839
0.000435796,-0.807626037,-0.059242161
0.000319577,-1.062243147,-0.118105967
0.000349569,-1.401193998,-0.142101404
0.000398306,-1.766940138,-0.037121367
0.000199609,-2.18396737,-0.104608533
0.000278338,-2.596874269,-0.134602829
0.000199609,-2.903447322,-0.124854683
0.000214605,-3.253840627,-0.155973765
0.000105883,-3.454972136,-0.125229612
-0.000137802,-3.013624064,-0.13722733
8.71e-05,-2.279968515,-0.132353257
9.46e-05,-1.64780289,-0.100484318
0.000244597,-1.120328976,-0.138727045
0.000323326,-0.757004797,-0.128229042
0.000263342,-0.494353224,-0.121480325
0.000402055,-0.338725343,-0.144725904
0.000180864,-0.257837087,-0.119230753
1.22e-05,-0.203672886,-0.109107678
0.000169617,-0.155556089,-0.14022676
0.000147123,-0.090376838,-0.112107107
8.71e-05,-0.05737293,-0.11435668
0.00027084,-0.039871823,-0.138352117
0.000169617,-0.038642097,-0.086611956
-1.41e-05,-0.049537173,-0.12860397
8.34e-05,-0.053331329,-0.158973195
0.000184613,-0.05912754,-0.115856395
0.000214605,-0.047478881,-0.12860397
0.000255844,-0.034465526,-0.139476903
0.000210856,-0.026179869,-0.121105396
-2.84e-06,-0.009893492,-0.115856395
0.000139625,-0.010812037,-0.117731038
0.000184613,-0.007550263,-0.112482036
4.96e-05,-0.002698842,-0.116231323
0.000330824,-0.022318228,-0.106483177
0.000405804,0.000581678,-0.092985744
0.000349569,0.021265827,-0.115856395
0.000210856,-0.010857027,-0.11998061
0.000154621,-0.009739776,-0.094860387
0.000297083,-0.001146688,-0.106483177
0.000248346,-0.006384272,-0.112482036
0.000222103,0.012968922,-0.117356109
0.000147123,0.018363972,-0.128978899
0.000248346,-0.000441844,-0.122230182
0.000143374,0.0029549,-0.133852972
0.000135876,0.019638689,-0.123729897
0.00034582,0.012833952,-0.119605682
9.09e-05,0.010187041,-0.133478043
0.000165868,0.02206065,-0.109107678
0.000207107,0.021895687,-0.113606822
0.000147123,0.017576647,-0.133478043
0.000334573,0.009452205,-0.106858106
0.000199609,0.004334593,-0.113231894
8.34e-05,0.004492058,-0.134977758
0.000135876,-0.001679069,-0.106483177
0.000177115,-0.003868582,-0.114731608
0.000289585,0.001447735,-0.116981181
0.000334573,0.008563652,-0.095235316
0.000312079,-0.01327524,-0.141726475
0.000297083,-0.021740856,-0.15184955
0.000143374,-0.010373385,-0.138352117
0.000180864,-0.01282159,-0.131978329
0.000304581,0.009902105,-0.111732179
0.000368314,-0.002023992,-0.125229612
0.000372063,0.008792352,-0.11135725
6.46e-05,-0.001746554,-0.112856965
0.000143374,-0.006511744,-0.115481466
0.000169617,0.014236141,-0.093360672
-2.53e-05,-0.026442311,-0.106858106
0.000255844,0.033191924,-0.110607393
0.000300832,-0.04658283,-0.105358391
0.000180864,0.01828524,-0.107607963
0.000229601,-0.001446621,-0.110607393
0.000214605,0.006216674,-0.108732749
0.000229601,0.043584612,-0.117731038
0.000237099,-0.110011221,-0.127479184
0.00015837,0.191249264,-0.107607963
0.000199609,-0.189253593,-0.110982321
0.000248346,0.374804682,-0.125604541
0.000162119,-0.873645101,-0.107607963
0.000203358,-5.029269434,-0.092235886
0.000177115,-5.569408031,-0.102358961
0.00015837,-5.173717302,-0.122230182
0.000259593,-5.512027045,-0.111732179
0.000338322,-5.239743864,-0.100109389
0.00027084,-5.434580523,-0.109857535
7.59e-05,-5.314948385,-0.119605682
0.000267091,-5.362817737,-0.116981181
0.000222103,-5.360403274,-0.097484888
7.59e-05,-5.310509373,-0.109857535
0.000180864,-5.286792148,-0.126729327
7.96e-05,-5.05315912,-0.127104255
0.000315828,-4.739788829,-0.121855254
0.000323326,-4.222651366,-0.117356109
0.000173366,-3.828674006,-0.133852972
0.000263342,-3.507921607,-0.122605111
0.000102134,-3.201044872,-0.110607393
8.41e-06,-2.908175021,-0.121855254
0.000162119,-2.550890748,-0.128229042
0.000300832,-2.212633493,-0.131228471
0.000342071,-1.859012156,-0.112856965
0.000304581,-1.505810726,-0.118480895
0.000177115,-1.177552497,-0.124104826
0.000267091,-0.811453935,-0.087736742
0.00023335,-0.456347928,-0.116606252
0.000214605,-0.139359692,-0.152224478
0.000259593,0.267788488,-0.125604541
0.000139625,0.652512906,-0.123354969
0.000180864,0.881320758,-0.121105396
0.00011713,1.17796227,-0.114731608
0.000278338,1.54132769,-0.110232464
0.000304581,1.921778059,-0.094485459
0.000169617,2.382880487,-0.098234746
0.000240848,2.736606801,-0.109107678
0.000173366,2.740307227,-0.109107678
0.000255844,2.335955925,-0.106483177
0.000285836,1.786002012,-0.106483177
0.000274589,1.288150259,-0.117356109
0.000248346,0.879419931,-0.121855254
8.71e-05,0.566754483,-0.097859817
0.00015837,0.347675717,-0.107233034
0.000259593,0.226191491,-0.115481466
0.000139625,0.132788519,-0.101609104
3.09e-05,0.105659553,-0.115856395
0.000143374,0.100928106,-0.121480325
0.000218354,0.078605572,-0.127104255
6.84e-05,0.066064611,-0.125979469
0.000143374,0.034211697,-0.118480895
0.00019586,0.027073285,-0.112107107
4.66e-06,0.00794504,-0.103858676
0.000177115,-0.007089116,-0.10573332
0.000252095,0.018176514,-0.112107107
4.96e-05,0.024118942,-0.121105396
0.00011713,0.027935593,-0.10273389
0.000222103,0.006895274,-0.106108248
0.000240848,-0.0215459,-0.124104826
0.000147123,-0.027394599,-0.124104826
0.000139625,-0.044037147,-0.121480325
0.000207107,-0.039455666,-0.110607393
0.000139625,-0.046579081,-0.130478614
0.000102134,-0.043905926,-0.128978899
3.47e-05,-0.015772184,-0.117731038
0.000180864,-0.043279815,-0.121105396
0.000128378,-0.055655812,-0.104608533
1.97e-05,-0.019468862,-0.111732179
0.000248346,-0.006635467,-0.107607963
0.00027084,-0.013492691,-0.103108819
0.000300832,-0.021013518,-0.113981751
7.96e-05,-0.047688834,-0.115106537
0.000128378,-0.056169448,-0.118855824
0.000379561,-0.028080696,-0.105358391
0.000173366,-0.027447087,-0.09973446
0.000259593,-0.030776346,-0.10573332
0.000225852,-0.030090249,-0.118480895
0.000240848,-0.027822004,-0.124854683
0.000334573,-0.031492437,-0.110232464
0.000480784,-0.042526233,-0.112107107
0.001106869,-0.019513852,-0.113231894
0.001320563,-0.031342471,-0.106483177
0.001755448,-0.013009049,-0.108732749
0.002145345,-0.019135186,-0.11135725
0.002197831,-0.013428955,-0.108732749
0.002793924,0.003892192,-0.11135725
0.0026927,-0.021913318,-0.10835782
0.003213813,0.004312098,-0.093735601
0.003195068,-0.042188808,-0.097484888
0.003352526,0.042549842,-0.104233605
0.00367869,-0.059944858,-0.113606822
0.003341279,0.002726201,-0.129728756
0.004465982,-0.032969609,-0.121855254
0.003082597,-0.08182874,-0.122605111
0.004717166,0.07272313,-0.11998061
0.003330032,-0.207152112,-0.116981181
0.004327269,0.275706727,-0.127854113
0.004214798,-0.505263297,-0.122230182
0.003217562,1.329477316,-0.142476332
0.008065032,6.294400371,-0.110607393
0.00583812,6.624379468,-0.115106537
0.115511658,6.219503282,-0.081737883
0.32461644,6.079828103,-0.011626216
0.504670143,4.487714768,-0.121105396
0.698385239,4.049328536,-0.083612526
0.883972481,3.991081493,-0.033747009
1.040531139,4.047810124,-0.030372651
1.18878199,4.022881919,0.043863232
1.315179862,4.050374554,0.004495718
1.434315902,4.140268307,-0.011251287
1.54160507,4.092114019,-0.043495155
1.636571243,4.15409898,-0.01612536
1.717366157,4.170434097,-0.000378355
1.782100313,4.205357578,-0.050618801
1.835816128,4.20813571,-0.043120227
1.877355159,4.203003102,-0.113606822
1.908381966,4.184253522,-0.121105396
1.927730606,4.128964571,-0.095985173
1.935843464,4.086583999,-0.072364665
1.933740269,4.014772473,0.010119649
1.923595448,3.926520855,0.01836808
1.905877627,3.852647288,0.002996003
1.879387122,3.763173441,-0.083237598
1.84554106,3.64346632,-0.158973195
1.805835295,3.522623202,-0.170595985
1.760873418,3.402837348,-0.256829586
1.710760401,3.281806771,-0.28719881
1.655728684,3.145134674,-0.271076876
1.595748273,2.985858855,-0.302945816
1.530969129,2.820385664,-0.301071172
1.461844882,2.647669085,-0.263578302
1.388079362,2.467900324,-0.221961217
1.310977222,2.296964599,-0.182218774
1.230463483,2.113724111,-0.139476903
1.145679622,1.918508786,-0.094485459
1.059362416,1.740434649,-0.139851831
0.968111512,1.525933614,-0.2152125
0.874592458,1.332071739,-0.251955513
0.780492307,1.134498189,-0.282324737
0.685593617,0.93813562,-0.23245922
0.590664935,0.740633304,-0.200215352
0.489820315,0.501252804,-0.204714496
0.388664527,0.313310862,-0.196840994
0.28099296,0.03941179,-0.237333293
0.180721938,-0.138767324,-0.274826163
0.077421717,-0.462571544,-0.263953231
-0.016041103,-0.683104986,-0.207338997
-0.02888896,-0.260513991,-0.166846698
-0.017833129,-0.113441708,-0.106483177
-0.022770576,-0.155743548,-0.03937094
-0.019250255,-0.080186605,-0.023998863
-0.021046031,-0.106873169,0.016493437
-0.020243743,-0.069299027,0.029241012
-0.020228747,-0.077029807,0.057360665
-0.020641138,-0.067229487,0.0761071
-0.019658897,-0.05944247,-0.001503141
-0.020588652,-0.067045778,-0.061116804
-0.019895085,-0.050564445,-0.158223338
-0.020359962,-0.056818053,-0.239957794
-0.020165014,-0.049394705,-0.221211359
-0.020191257,-0.051644204,-0.211463213
-0.020344966,-0.049705886,-0.155973765
-0.020341217,-0.049664645,-0.060741876
-0.020611146,-0.052828941,-0.032997152
-0.020431193,-0.045274371,-0.007876929
-0.020547413,-0.047055225,0.041238731
-0.020532417,-0.047921283,0.070858098
-0.020622393,-0.043557253,0.090354391
-0.020881075,-0.04339229,0.086605104
-0.02082109,-0.046102937,0.036739586
-0.020757357,-0.04339229,-0.078363524
-0.020716118,-0.039515652,-0.181093988
-0.020449938,-0.044430809,-0.222711074
-0.020389954,-0.044528287,-0.268452375
-0.020322472,-0.038724578,-0.273326449
-0.02018001,-0.038863297,-0.258329301
-0.020191257,-0.040449195,-0.268077447
-0.02006379,-0.037614825,-0.272576591
-0.02010128,-0.03835716,-0.29319767
-0.020037547,-0.038724578,-0.276700807
-0.019902583,-0.03687624,-0.225710504
-0.019917579,-0.04105656,-0.171345842
-0.019891336,-0.040254238,-0.106108248
-0.020052543,-0.040794118,-0.066365806
-0.020506174,-0.044393317,-0.067490592
-0.020903569,-0.03979684,-0.073489451
-0.021222234,-0.040899095,-0.061491733
-0.021900805,-0.042751183,-0.05961709
-0.021908303,-0.039943057,-0.041620512
-0.022455659,-0.042953638,-0.041995441
-0.022448161,-0.037918508,-0.089611386
-0.02271434,-0.046972744,-0.123729897
-0.023066747,-0.041611436,-0.136102544
-0.02245191,-0.045900482,-0.116231323
-0.024026494,-0.043962163,-0.078363524
-0.022343188,-0.035511543,-0.020999433
-0.024157709,-0.056221936,0.032240442
-0.022804317,-0.021557147,0.036364658
-0.023381664,-0.064815025,0.029241012
-0.024090227,-0.018947728,0.004870647
-0.021297215,-0.054958467,-0.010876359
-0.026864494,-0.044835719,-0.012751002
-0.018073066,-0.012098001,-0.03937094
-0.030122384,-0.119057958,-0.066365806
-0.012082148,0.135994056,-0.074989166
-0.067275073,-0.970122389,-0.110607393
-0.356856104,-2.479791564,-0.168721341
-0.653702715,-2.509556193,-0.086237027
-0.889657907,-2.703395574,-0.060741876
-1.125200707,-2.95978604,-0.053243302
-1.327163625,-3.123605848,0.066358954
-1.516293681,-3.377848042,-0.034496867
-1.678580826,-3.480054056,-0.06224159
-1.826779192,-3.641181964,-0.032622223
-1.960735068,-3.774048657,-0.085862099
-2.077119334,-3.956902982,0.017243294
-2.180577014,-4.094489876,0.003745861
-2.263418888,-4.208614489,-0.005627357
-2.331800831,-4.309474552,0.049862091
-2.38353342,-4.382710761,-0.036746439
-2.422219454,-4.437223635,-0.059992018
-2.447847686,-4.469901365,-0.046869514
-2.460586822,-4.484343153,-0.008251858
-2.463304854,-4.451069305,0.061484881
-2.45434472,-4.427843221,0.043488303
-2.436566915,-4.353118594,0.022492296
-2.408468085,-4.308391043,-0.050243872
-2.372732522,-4.166548846,-0.098984603
-2.331815827,-4.125986619,-0.169471199
-2.281575344,-3.923764103,-0.265827875
-2.246773284,-3.022280888,-0.213712785
-2.234472782,-2.430403801,-0.312319033
-2.219319284,-2.310115559,-0.314943534
-2.198287337,-2.163133255,-0.169471199
-2.170106029,-2.092581449,-0.257204514
-2.13314454,-1.975330031,-0.146600548
-2.089041186,-1.862483884,0.114349827
-2.03547908,-1.75668242,0.026616511
-1.97473762,-1.643989988,-0.006002285
-1.907086735,-1.533059664,0.098227893
-1.832747615,-1.414319828,-0.109482607
-1.752188889,-1.31127775,-0.199090566
-1.665672985,-1.192432937,-0.207713926
-1.571681555,-1.06627725,-0.377181698
-1.4721041,-0.958398747,-0.428172002
-1.370907074,-0.84887811,-0.534651752
-1.263842846,-0.723970896,-0.586766842
-1.15336327,-0.605755943,-0.614136637
-1.034403434,-0.452846207,-0.635507573
-0.910206231,-0.327241648,-0.457791369
-0.78346345,-0.181530311,-0.397802777
-0.651843207,-0.058666392,-0.314193677
-0.522596087,0.082909614,-0.163847268
-0.382964209,0.252698095,-0.115481466
-0.251853832,0.394442814,-0.018000004
-0.109515169,0.702961684,-0.003752713
0.003502487,0.496513858,0.00674529
0.007135277,0.048121103,-0.037496296
-0.00253342,0.083715685,-0.098234746
0.003498738,0.048353551,-0.075364095
-0.001138788,0.019233779,-0.232084291
0.001957894,0.036314979,-0.268452375
0.000150872,0.00799003,-0.174345272
0.00121559,0.023271631,-0.170970913
0.001245583,0.00183015,-0.092985744
0.000709474,0.010681931,-0.012001145
0.00163548,0.001976368,-0.003377784
0.000874431,0.002070097,0.003370932
0.001811683,0.005613059,0.040488873
0.0013693,-0.004517188,0.061109952
0.001665472,0.002377529,0.126722474
0.001950396,0.000472952,0.235826726
0.00186042,0.000739143,0.229452938
0.002119102,-0.003542405,0.188210781
0.002141596,-0.004625914,0.211831289
0.00231405,0.001575207,0.183336708
0.002715194,-0.000351864,0.071982884
0.002823916,-0.000681791,0.01274415
0.002820167,0.001417742,-0.034496867
0.00310884,-0.002046487,-0.179969202
0.003198817,0.002658716,-0.266577732
0.003963615,0.003483532,-0.315318463
0.004522217,-0.004176014,-0.406051208
0.004807142,0.003389803,-0.380930985
0.005455721,0.002433766,-0.302195958
0.005639422,0.001995114,-0.272201662
0.006569177,0.004102145,-0.233584006
0.006392973,-0.002878802,-0.205839283
0.007360218,0.008121251,-0.204714496
0.007536421,-0.005098309,-0.176969773
0.007506429,0.007120223,-0.148475191
0.008953547,-0.001915267,-0.146225619
0.007375214,-3.69e-05,-0.154099122
0.010138234,0.01091063,-0.146975477
0.007472688,-0.015929649,-0.172845557
0.010284446,0.029187815,-0.197215922
0.009268464,-0.033809422,-0.139101974
0.008454929,0.03536644,-0.140601689
0.0127288,-0.022505686,-0.154848979
0.004514719,0.011566734,-0.090361243
0.019132109,0.033698061,-0.095610245
-0.006492374,-0.119402882,-0.124104826
0.101325404,1.266821254,-0.05961709
0.457785024,2.278042558,0.029241012
0.792324183,1.95809623,0.179212492
1.096687559,2.113450421,0.248949231
1.404728715,2.192475342,0.308937823
1.677945317,2.292274392,0.447661442
1.946925537,2.364532068,0.394421566
2.197381899,2.359466945,0.375675131
2.444261706,2.51175057,0.377549775
2.676018006,2.592098946,0.328434115
2.891278662,2.711179957,0.339681976
3.094696196,2.775279448,0.308937823
3.283488841,2.848661874,0.306313322
3.463246373,2.907096375,0.382798777
3.630024832,2.938885554,0.409418714
3.786204839,3.010172196,0.436788509
3.929188332,3.026331102,0.423291076
4.059061536,3.043993423,0.184836423
4.175933174,3.071204869,0.205457501
4.281377829,3.020111235,0.22607858
4.379391947,2.970610997,0.00412079
4.466680146,2.974982524,0.140219908
4.541334183,2.93903552,0.191210211
4.605832151,2.879007624,-0.104608533
4.659529221,2.833927652,-0.072739594
4.702564107,2.779553497,0.043113374
4.736035268,2.725932925,0.070858098
4.758184419,2.683593593,0.124097974
4.768854101,2.648081493,0.005245576
4.768947827,2.574185431,-0.092235886
4.759848979,2.457642606,-0.776105835
4.743402073,2.339052736,-1.06892515
4.720266932,2.214419211,-0.750235755
4.689348846,2.120498854,-0.767107546
4.650164194,2.049804579,-0.32206718
4.602772958,1.968042767,-0.199465495
4.548112393,1.884518847,-0.34793726
4.488386914,1.792056915,-0.220836431
4.422036935,1.70082471,-0.179969202
4.348447618,1.619272851,-0.067115663
4.267918883,1.535778924,-0.197215922
4.179700929,1.433940328,-0.500908169
4.084573549,1.338958957,-0.791477912
3.982229325,1.26220603,-1.058427146
3.87280697,1.181850155,-0.961695542
3.757060036,1.103353867,-0.69962038
3.635989507,1.027125824,-0.411675139
3.508733111,0.936973378,-0.064866091
3.374004939,0.847045882,-0.083237598
3.23521284,0.776898987,-0.272576591
3.092904169,0.695268395,-0.462290513
2.945811762,0.612850479,-0.625759427
2.792428516,0.527122049,-0.724365675
2.630493778,0.434180224,-0.634757715
2.463554111,0.347851928,-0.424797643
2.291463305,0.254853865,-0.38543013
2.11668071,0.175907677,-0.243332153
1.93714437,0.0809488,-0.093360672
1.753619084,-0.005934373,0.007870077
1.567060848,-0.110382388,0.09635325
1.374470455,-0.193118983,0.106101396
1.183953265,-0.284906065,0.003745861
0.985409445,-0.397602246,-0.296946957
0.791926788,-0.461593011,-0.577393624
0.591654673,-0.614334034,-0.662877368
0.393339542,-0.669682972,-0.588641485
0.199508227,-0.942374812,-0.27857545
-0.002263491,-0.957240255,0.109475754
-0.068789673,-0.273549842,0.332558331
-0.043607573,-0.108507805,0.443537226
-0.051514235,-0.16216212,0.436788509
-0.047862699,-0.067761869,0.314186824
-0.048166369,-0.105021081,0.140969765
-0.049129865,-0.060233544,0.019117938
-0.046899204,-0.070626232,-0.121480325
-0.049249833,-0.062483043,-0.181843846
-0.04706416,-0.047178948,-0.224585718
-0.048586258,-0.051940389,-0.325066609
-0.047637759,-0.038443391,-0.212962928
-0.047851452,-0.045829248,-0.081737883
-0.048068895,-0.03687624,-0.000378355
-0.047888943,-0.037719802,0.092978891
-0.048395059,-0.038270929,0.00674529
-0.048080142,-0.033700696,-0.146225619
-0.048833693,-0.036793758,-0.28457431
-0.049088626,-0.038439642,-0.367433552
-0.050033376,-0.033831917,-0.270327019
-0.050895649,-0.030795092,-0.175470058
-0.051544227,-0.033565726,-0.03637151
-0.05232777,-0.031732384,0.085480317
-0.05274766,-0.034334305,0.070483169
-0.053459971,-0.029254185,0.013494007
-0.053216286,-0.028841777,-0.05961709
-0.054292252,-0.033903151,-0.132728186
-0.053572442,-0.02186083,-0.225335575
-0.054659655,-0.035035399,-0.253830156
-0.054982069,-0.01822039,-0.348312189
-0.054464706,-0.03332203,-0.412424996
-0.05649667,-0.022880603,-0.324316752
-0.053669916,-0.02545628,-0.216712215
-0.057921293,-0.036760015,-0.027373221
-0.053321258,-0.001581591,0.152217626
-0.057861309,-0.066824578,0.232452368
-0.055300735,0.025547374,0.202458072
-0.054528439,-0.090395584,0.047612519
-0.061913989,0.050910482,-0.064866091
-0.042632831,-0.152871686,-0.185218204
-0.248153559,-1.510156009,-0.250455798
-0.640045072,-1.832989195,-0.158223338
-0.964889291,-1.647536699,-0.138727045
-1.289163659,-1.826836814,-0.043870084
-1.599697907,-1.768904701,0.07310767
-1.887895553,-1.800495173,0.175088277
-2.173491385,-1.6922605,0.298814748
-2.444346111,-1.673668386,0.267695666
-2.715137103,-1.720015576,0.331433545
-2.968630163,-1.720859138,0.372300773
-3.211952159,-1.778198883,0.263196521
-3.441309093,-1.789191438,0.234327011
-3.657908146,-1.842095919,0.221204507
-3.864583569,-1.877930448,0.22907801
-4.058617331,-1.913176358,0.325809614
-4.242191354,-1.939570486,0.367801629
-4.410581887,-1.946963842,0.394421566
-4.566113316,-1.961019465,0.297689962
-4.707825894,-1.963400185,0.121848401
-4.837837812,-1.973946589,0.067858669
-4.957764893,-1.973541679,-0.046869514
-5.064334251,-1.960903241,-0.034121938
-5.158314434,-1.949738224,0.051736734
-5.238704455,-1.93362056,0.032615371
-5.306745238,-1.914987205,0.089229604
-5.363111603,-1.895469047,0.131971476
-5.407349921,-1.869761015,0.145843838
-5.441282211,-1.837165766,0.154842127
-5.462932743,-1.804304326,0.12522276
-5.472447731,-1.770779284,0.123348116
-5.471131828,-1.734007464,-0.050618801
-5.458463924,-1.692972842,-0.259079158
-5.435894883,-1.646565665,-0.345687688
-5.403754621,-1.603532738,-0.502782813
-5.361686979,-1.563195461,-0.503157742
-5.31109034,-1.517620599,-0.447293365
-5.252980685,-1.47553621,-0.410925281
-5.18737301,-1.432679494,-0.354311048
-5.114304806,-1.379452584,-0.396677991
-5.033296197,-1.326326902,-0.420673428
-4.943454922,-1.265534175,-0.408300781
-4.845020915,-1.201430935,-0.379431271
-4.738616513,-1.143982464,-0.36818341
-4.624207975,-1.079421826,-0.37680677
-4.502042735,-1.014073862,-0.392178846
-4.373223003,-0.950131836,-0.422173142
-4.238629795,-0.88537999,-0.457791369
-4.096977201,-0.816121647,-0.398927563
-3.948696357,-0.748108026,-0.35356119
-3.796370332,-0.685744399,-0.356935549
-3.640527735,-0.617824508,-0.313068891
-3.479140353,-0.542275064,-0.380556057
-3.309703846,-0.458871117,-0.470538945
-3.132758072,-0.375418431,-0.487410736
-2.950323747,-0.301271175,-0.475038089
-2.765388833,-0.228368642,-0.425547501
-2.575632692,-0.145452087,-0.342313329
-2.38269739,-0.069362763,-0.267327589
-2.185087073,0.023507828,-0.238083151
-1.982396848,0.098404917,-0.225710504
-1.778934326,0.189877069,-0.172470628
-1.569218456,0.271856333,-0.130853542
-1.36243806,0.342524363,-0.12298004
-1.148504553,0.453289723,-0.095235316
-0.936816704,0.508848614,-0.088111671
-0.721342354,0.662230745,-0.095985173
-0.503314928,0.700052331,-0.136477473
-0.296718234,0.923161451,-0.083237598
-0.072748628,1.030035177,-0.015375503
0.025494179,0.321619013,0.013494007
-6.28e-05,0.05725782,0.098227893
0.005436976,0.141014189,0.087354961
0.004863377,0.031122384,0.11359997
0.003116338,0.065528481,0.088479747
0.005973084,0.022619276,0.005245576
0.003037609,0.028542958,0.034115085
0.006183029,0.026203478,-0.011626216
0.004061089,0.009575927,-0.046494585
0.005553195,0.018547681,-0.043870084
0.004975847,0.001935127,-0.088861528
0.005197039,0.013797488,-0.113606822
0.006036817,0.004435821,-0.118855824
0.005403235,0.005935487,-0.10835782
0.006625412,0.007888803,-0.150724764
0.007131528,0.004908216,-0.172095699
0.008117518,0.002445013,-0.167221626
0.00917099,0.004582038,-0.233584006
0.010010768,0.004683266,-0.239207937
0.010550625,0.005718035,-0.206214211
0.011810293,0.005260637,-0.16047291
0.012005241,-0.001285407,-0.146225619
0.013167434,0.005980477,-0.14885012
0.013111199,-0.009796013,-0.111732179
0.013429865,0.00951969,-0.139476903
0.014738269,-0.002942538,-0.132728186
0.013171183,-0.002826314,-0.116231323
0.016080415,0.008331204,-0.126354398
0.013208673,-0.012761604,-0.116606252
0.016391583,0.024790043,-0.130853542
0.01465954,-0.030345192,-0.101234175
0.014993202,0.038624465,-0.070490022
0.018048645,-0.031691143,-0.102358961
0.01079806,0.024182678,-0.106858106
0.025096784,0.008248722,-0.129353828
-0.001348732,-0.074427886,-0.178094559
0.125484025,1.291535756,-0.233958935
0.495383846,2.066338401,-0.264703088
0.835760212,1.684133423,-0.152599407
1.156045635,1.783445081,-0.139851831
1.480095063,1.74685697,-0.087736742
1.774403595,1.747561813,0.102727038
2.068599657,1.690611982,0.08173103
2.348646955,1.587356201,0.078356672
2.629290345,1.632683618,0.19158514
2.89666599,1.60974622,0.225328723
3.15167365,1.652171783,0.250823874
3.39596289,1.672552249,0.291316174
3.627441764,1.708401774,0.281193099
3.849023251,1.735073341,0.285317315
4.055305028,1.752686923,0.285692243
4.25278413,1.785319664,0.317936111
4.439057441,1.794966268,0.367051771
4.612970266,1.813809576,0.328059186
4.773562858,1.816062825,0.342306477
4.920100412,1.818612258,0.303688821
5.054573652,1.8208955,0.178087706
5.177166279,1.825424493,0.146218767
5.289096721,1.828787495,0.169089418
5.388149314,1.809303079,0.155217056
5.473416798,1.798126815,0.145468909
5.545993882,1.790969657,0.157841557
5.605603141,1.774836996,0.140969765
5.653238062,1.761879878,0.107976039
5.689044857,1.744018851,0.070858098
5.712611134,1.716301267,0.051361806
5.723933144,1.690705711,0.01836808
5.723175844,1.660584911,-0.063741305
5.711313976,1.625901376,-0.1747202
5.688684952,1.597512692,-0.287948668
5.655566198,1.564625007,-0.368933267
5.612471328,1.522008237,-0.410550353
5.559460326,1.482983169,-0.413549782
5.498051543,1.446271335,-0.367058624
5.429534636,1.397997074,-0.366683695
5.353467223,1.359001998,-0.392178846
5.269616865,1.32545821,-0.37680677
5.177833602,1.272718692,-0.379806199
5.077697545,1.211108647,-0.370807911
4.969246184,1.157026927,-0.368558338
4.853105603,1.104452373,-0.362559479
4.729343285,1.042594883,-0.354685976
4.598409111,0.983657993,-0.365933837
4.461588991,0.926393232,-0.346437545
4.319126611,0.859155689,-0.307819889
4.16992726,0.790088553,-0.279700236
4.015033163,0.73125664,-0.261703659
3.856716219,0.670100244,-0.294322456
3.694818972,0.59967591,-0.365933837
3.526859575,0.522731776,-0.412050068
3.350592371,0.441832272,-0.460040941
3.168143051,0.364456984,-0.498658597
2.980797523,0.2872879,-0.502032956
2.790302827,0.2101938,-0.453667153
2.595369303,0.130748972,-0.428172002
2.396765498,0.058416313,-0.413174854
2.194873812,-0.03305209,-0.346437545
1.988314608,-0.106025857,-0.34493783
1.781575451,-0.191645561,-0.31606832
1.56883413,-0.282784037,-0.282699666
1.358177258,-0.347689599,-0.288323597
1.141428245,-0.469976147,-0.247456368
0.92517785,-0.527184671,-0.257954372
0.708185151,-0.665146481,-0.247456368
0.484987841,-0.731945372,-0.178844416
0.278094975,-0.920209742,-0.09710996
0.050091434,-1.11455901,-0.044619942
-0.072801114,-0.46865644,0.028116226
-0.051559223,-0.086320241,0.104226752
-0.051904132,-0.183907283,0.057735594
-0.054198526,-0.078623203,0.072732742
-0.049950898,-0.099892222,0.037489444
-0.053778637,-0.072328353,-0.056242731
-0.050157094,-0.062486792,-0.06224159
-0.052792648,-0.068852876,-0.115856395
-0.050666959,-0.044865712,-0.123729897
-0.051364275,-0.056529368,-0.11435668
-0.051577968,-0.040209248,-0.139851831
-0.051150581,-0.046534091,-0.115481466
-0.051855395,-0.038758321,-0.095610245
-0.051304291,-0.039002017,-0.087361813
-0.052526468,-0.039890569,-0.111732179
-0.053107564,-0.037764792,-0.131978329
-0.053861115,-0.04082786,-0.125229612
-0.05490334,-0.037963498,-0.170221056
-0.05528199,-0.036448835,-0.170221056
-0.055885581,-0.035511543,-0.149599977
-0.05683408,-0.030180229,-0.146975477
-0.056946551,-0.035957694,-0.146600548
-0.05861486,-0.034521763,-0.15747348
-0.057823819,-0.022119522,-0.144350976
-0.058974765,-0.038090969,-0.165721912
-0.058896036,-0.018381604,-0.15184955
-0.058446155,-0.036748768,-0.15747348
-0.060301915,-0.019427621,-0.15747348
-0.057688855,-0.029452891,-0.1316034
-0.062112686,-0.037164925,-0.172845557
-0.057134001,-0.002807568,-0.11998061
-0.062420105,-0.067503177,-0.075364095
-0.058701087,0.025149963,-0.05361823
-0.059792049,-0.095955597,-0.003752713
-0.064467065,0.065580969,-0.029997722
-0.049890914,-0.212359703,-0.11135725
-0.273523109,-1.55146432,-0.202464924
-0.66682425,-1.786203353,-0.20658914
-0.990952408,-1.629750655,-0.250830727
-1.320201713,-1.796790997,-0.20658914
-1.633225303,-1.7338425,-0.101234175
-1.92709895,-1.755583914,-0.064116234
-2.218340792,-1.63193267,0.037864373
-2.496588565,-1.621922397,0.023242153
-2.774495178,-1.651762009,0.113974899
-3.035460016,-1.647101796,0.218205077
-3.286621191,-1.696635777,0.205082573
-3.524375908,-1.709319205,0.305938393
-3.751149774,-1.753270678,0.295065461
-3.965701867,-1.767956162,0.287566887
-4.166558827,-1.798676828,0.313811896
-4.359149219,-1.829127554,0.325434685
-4.539427863,-1.841683511,0.419916718
-4.707754663,-1.855004298,0.378674561
-4.861947695,-1.855506686,0.34155662
-5.002524323,-1.861734051,0.331808473
-5.131490267,-1.870180922,0.213331004
-5.249310405,-1.877064391,0.209956646
-5.356202178,-1.877251849,0.226453509
-5.449038912,-1.870762043,0.193084854
-5.528656638,-1.860856746,0.184086566
-5.595497737,-1.847228528,0.206207359
-5.64944974,-1.836779602,0.211081432
-5.692537112,-1.825337147,0.129721904
-5.723278994,-1.805065407,0.16833956
-5.742147761,-1.782780364,0.170589132
-5.749053438,-1.756161285,0.05023702
-5.743898549,-1.725035709,0.007120219
-5.728381397,-1.694854923,-0.110982321
-5.70212708,-1.660816245,-0.239207937
-5.665874153,-1.625364131,-0.348687117
-5.619682601,-1.587804986,-0.43717029
-5.564174759,-1.548375007,-0.418798784
-5.501015187,-1.507824028,-0.468664301
-5.430215133,-1.465443455,-0.505032385
-5.352025781,-1.421788167,-0.51215603
-5.266319663,-1.371313145,-0.534276824
-5.172729377,-1.319402192,-0.485536093
-5.070351412,-1.26020661,-0.444293936
-4.959598159,-1.201809601,-0.396303062
-4.84155683,-1.142820223,-0.326941253
-4.715387648,-1.076377503,-0.293947527
-4.581986625,-1.016975717,-0.299946386
-4.442755891,-0.948815879,-0.265078017
-4.297339291,-0.884011545,-0.242207366
-4.145249454,-0.818611093,-0.242207366
-3.987704806,-0.747106999,-0.198715637
-3.827205939,-0.690292137,-0.263578302
-3.663201748,-0.61637733,-0.361434693
-3.491035962,-0.530682643,-0.38543013
-3.311177207,-0.451522752,-0.430046645
-3.12549624,-0.367234002,-0.455541797
-2.935308962,-0.300678807,-0.435670576
-2.742696076,-0.218140917,-0.40567628
-2.545130747,-0.13491693,-0.404176565
-2.344884875,-0.056450635,-0.400427278
-2.138756808,0.041136407,-0.348687117
-1.931271598,0.107260447,-0.288698525
-1.720419778,0.206264674,-0.226460361
-1.507269814,0.276767741,-0.163097411
-1.295027111,0.38263669,-0.121480325
-1.07546634,0.467315353,-0.134227901
-0.861784018,0.559736044,-0.13722733
-0.636348548,0.694852238,-0.128229042
-0.424435758,0.747539268,-0.113981751
-0.202756797,1.073776696,-0.052868373
-0.006781048,0.791918146,-0.049494015
0.018618495,0.099585905,-0.013500859
-0.001712386,0.118133029,0.008994863
0.00943342,0.093201075,-0.041995441
0.002662708,0.036697394,-0.035621653
0.006617914,0.058465052,-0.087361813
0.004874624,0.00888983,-0.152599407
0.005260772,0.035343945,-0.169471199
0.006111797,0.00879985,-0.199840423
0.004717166,0.016804319,-0.184468347
0.006662902,0.012672738,-0.153724193
0.005403235,0.005223145,-0.095985173
0.006516691,0.007498889,-0.011626216
0.006224268,0.002366281,-0.00187807
0.006659153,0.008376194,0.014618793
0.007026556,0.000596675,0.038989159
0.006966572,0.004289603,0.049487162
0.007660139,0.003648496,0.041988588
0.008353705,0.006299156,-0.025873506
0.009485906,0.002564987,-0.070115093
0.010063254,-0.001829036,-0.135727616
0.011060491,0.003922185,-0.171345842
0.011754058,0.000165521,-0.176219915
0.012773788,0.002733699,-0.2152125
0.012672565,-0.00172031,-0.230209648
0.013092454,0.006835287,-0.26995209
0.01378977,-0.002278936,-0.29019824
0.013242415,-0.000876748,-0.278950379
0.01503819,0.001331511,-0.236958365
0.013272407,-0.008093892,-0.148475191
0.015484322,0.009193512,-0.096735031
0.014145926,-0.019551343,-0.055117945
0.015255633,0.024377635,-0.003752713
0.016234124,-0.024110329,0.013868936
0.012998729,0.013546294,0.018743009
0.019690712,0.00174017,0.011994292
0.010022015,-0.024942644,-0.012751002
0.023897101,0.067541783,-0.070490022
0.003749921,-0.158724135,-0.147350405
0.065541104,0.878538877,-0.208088855
0.396702404,2.032280978,-0.289073454
0.751508711,1.736190593,-0.240707652
1.058563877,1.724853115,-0.213712785
1.378988012,1.75418284,-0.259454087
1.667121925,1.716368752,-0.07086495
1.951094436,1.71876072,0.007870077
2.221011909,1.574215374,-0.002627927
2.488327569,1.608583979,0.135720763
2.747620348,1.600058375,0.197583999
2.990889858,1.614751357,0.218954935
3.222946079,1.639060949,0.266945808
3.440632345,1.671509981,0.284942386
3.652275206,1.712027218,0.23770137
3.849941758,1.717467258,0.200958357
4.033898181,1.742579172,0.187085995
4.203038516,1.745124855,0.182961779
4.357692677,1.751562173,0.227578295
4.501684653,1.761868631,0.230577724
4.63347735,1.761486216,0.183336708
4.752523414,1.757489605,0.157091699
4.857394471,1.744839919,0.144719052
4.948457924,1.733944842,0.166839845
5.02708591,1.727050126,0.174338419
5.093555858,1.709713982,0.176587992
5.147560347,1.693911248,0.186711066
5.189125621,1.67429936,0.146968624
5.218326659,1.645224578,0.102727038
5.235294679,1.623479415,0.026241583
5.240449567,1.596534159,-0.031497437
5.234094995,1.567178189,-0.08548717
5.217171964,1.533544421,-0.175095129
5.189444286,1.492438565,-0.248581154
5.151406831,1.458662329,-0.319817607
5.104622935,1.424413697,-0.332190254
5.049253806,1.382614246,-0.368558338
4.986202956,1.340751058,-0.399302492
4.915132974,1.299356516,-0.329565754
4.835710197,1.251610887,-0.320567465
4.748362013,1.199887393,-0.3393139
4.652421098,1.142738856,-0.3393139
4.548768469,1.084529304,-0.331065468
4.437276661,1.02727579,-0.287573739
4.317484545,0.964379782,-0.278950379
4.191146657,0.902825974,-0.220461502
4.058671639,0.842029498,-0.191591992
3.919002272,0.776396598,-0.212587999
3.772865862,0.710077601,-0.224585718
3.622796741,0.653810118,-0.274826163
3.469522216,0.589122008,-0.299571458
3.309945605,0.510059595,-0.337439256
3.142874723,0.433205441,-0.328440967
2.968568252,0.347634476,-0.336689399
2.788555788,0.276782737,-0.365558909
2.604858047,0.198016509,-0.36518398
2.416395315,0.11574481,-0.40567628
2.225240793,0.039085613,-0.391428989
2.028027871,-0.05067317,-0.362934408
1.829124145,-0.121063762,-0.325066609
1.626310202,-0.217908469,-0.300321315
1.42122061,-0.279634738,-0.326191395
1.216344712,-0.381124662,-0.311569176
1.005106743,-0.462515306,-0.311569176
0.799747222,-0.555809553,-0.316443249
0.58204971,-0.688668749,-0.271076876
0.377196305,-0.754770294,-0.189717348
0.162201829,-1.073584374,-0.144350976
-0.025788529,-0.794072802,-0.139476903
-0.048590007,-0.13491693,-0.077988596
-0.029301351,-0.144661013,-0.084737312
-0.03971985,-0.113737892,-0.077613667
-0.032982879,-0.061504511,0.035989729
-0.03653694,-0.083699574,0.071607955
-0.034400005,-0.040003044,0.098977751
-0.035014842,-0.064578827,0.121848401
-0.035659672,-0.037985993,0.052111663
-0.034126327,-0.044801976,0.008245005
-0.036060816,-0.042679948,-0.015000574
-0.03456871,-0.033382017,-0.052868373
-0.035764644,-0.033468248,-0.055492874
-0.035449727,-0.027844499,-0.134227901
-0.035457225,-0.029854052,-0.219711644
-0.035835875,-0.024923898,-0.234333864
-0.035693413,-0.028451864,-0.243707081
-0.036252016,-0.026232357,-0.213337856
-0.036521944,-0.030435172,-0.184468347
-0.037609157,-0.026978441,-0.123354969
-0.03828023,-0.023210529,-0.058492303
-0.039161247,-0.031503685,-0.055492874
-0.040072257,-0.024005353,-0.026623364
-0.040315942,-0.025325059,0.023617082
-0.041114481,-0.024020349,0.009369791
-0.040687094,-0.021309702,-0.04499487
-0.041751813,-0.029122964,-0.083237598
-0.041635594,-0.014118802,-0.140976617
-0.041958009,-0.028995493,-0.208088855
-0.042677819,-0.013016547,-0.250830727
-0.041598104,-0.022280736,-0.308944675
-0.044379869,-0.025493772,-0.332940112
-0.041335673,-0.00981101,-0.313068891
-0.045099679,-0.039395679,-0.266202803
-0.04221669,0.009669656,-0.200215352
-0.04365631,-0.058062777,-0.153724193
-0.045317122,0.021085867,-0.080988025
-0.039708603,-0.053863711,-0.073489451
-0.05236526,-0.002811317,-0.083237598
-0.026328386,-0.001615333,-0.04499487
-0.175808913,-1.306722513,-0.035996581
-0.552951821,-1.902802415,0.014618793
-0.884165607,-1.623545786,0.030365798
-1.198493853,-1.770700551,-0.004502571
-1.510403987,-1.73173172,0.052861521
-1.793712923,-1.749731466,0.103101966
-2.075552248,-1.667249814,0.068233597
-2.341683221,-1.593473725,0.046862661
-2.607986648,-1.641942943,0.024741868
-2.85980765,-1.62492173,0.02999087
-3.098345909,-1.665570187,0.046862661
-3.323597677,-1.675685437,0.043488303
-3.537636156,-1.722981166,0.118099114
-3.744337822,-1.75411799,0.205457501
-3.935945974,-1.76620905,0.305188536
-4.114391352,-1.781798083,0.37904949
-4.276757227,-1.781625621,0.386548064
-4.426683885,-1.796952212,0.344556049
-4.565558463,-1.802620951,0.233952083
-4.691930092,-1.80716494,0.175088277
-4.805675055,-1.798950517,0.127847261
-4.904146552,-1.786345821,0.111350398
-4.989777689,-1.781843073,0.134221048
-5.063490724,-1.768154867,0.130471761
-5.124415886,-1.755358964,0.108350968
-5.17347543,-1.73730298,0.054361235
-5.209623385,-1.711025076,0.052111663
-5.233294634,-1.689456124,0.040863802
-5.245223984,-1.662630841,0.036739586
-5.245820076,-1.631782703,0.034490014
-5.23599767,-1.600897074,-0.05961709
-5.215516829,-1.56652472,-0.115106537
-5.184475026,-1.529535448,-0.168721341
-5.143985718,-1.489816784,-0.193466635
-5.09478746,-1.451256611,-0.185593133
-5.037236407,-1.411860375,-0.25270537
-4.971906159,-1.368100109,-0.275950949
-4.898271853,-1.323181352,-0.348687117
-4.816153538,-1.2735124,-0.473538374
-4.726008593,-1.216337619,-0.524903606
-4.627525849,-1.162143424,-0.550023829
-4.52118518,-1.107334367,-0.534276824
-4.407046571,-1.043283615,-0.491534952
-4.284993801,-0.978501775,-0.431171431
-4.156496484,-0.918462631,-0.400427278
-4.021580861,-0.854595588,-0.382055772
-3.878994764,-0.782041728,-0.327316181
-3.730440242,-0.71977183,-0.251955513
-3.579182685,-0.662218382,-0.144725904
-3.42363626,-0.587212567,-0.087736742
-3.261045445,-0.509994745,-0.056992589
-3.091057834,-0.425252345,-0.076488881
-2.913414744,-0.342493255,-0.177344701
-2.732292573,-0.272436339,-0.217087144
-2.546585362,-0.188177583,-0.268077447
-2.357072907,-0.12039641,-0.31606832
-2.163414046,-0.029167954,-0.309694532
-1.964487827,0.056211803,-0.377181698
-1.765197953,0.135724116,-0.425922429
-1.559362308,0.222142392,-0.435670576
-1.35565985,0.297496879,-0.418798784
-1.14628139,0.415044481,-0.340438686
-0.938241327,0.468548829,-0.282699666
-0.728278022,0.616018524,-0.231709363
-0.512533744,0.674959163,-0.212962928
-0.310345886,0.873338784,-0.170970913
-0.08788713,1.049991987,-0.181468917
0.025048047,0.38245673,-0.176969773
0.002696449,0.040993938,-0.051743587
0.004987094,0.144909572,-0.03937094
0.006662902,0.032082171,-0.008626786
0.003547475,0.061044478,-0.006752143
0.007214006,0.031474806,-0.048369229
0.003806156,0.020797181,-0.023623934
0.006917835,0.023976474,-0.076488881
0.005073322,0.004375834,-0.09973446
0.006119296,0.021292071,-0.077613667
0.006243013,0.000341731,-0.058867232
0.005898104,0.007191458,-0.019874647
0.006741631,0.00524564,0.003745861
0.006246762,0.002771191,0.037864373
0.006910337,0.004267108,0.088854676
0.006677898,0.001354006,0.112850112
0.007135277,7.55e-05,0.150717911
0.007386461,-0.001484112,0.108725897
0.007697629,0.003918436,-0.013125931
0.008649877,0.004098396,-0.058867232
0.009538393,0.004604533,-0.139851831
0.010273199,0.005073179,-0.218961787
0.01128918,-0.000126914,-0.214462643
0.011686575,-0.002500136,-0.218586858
0.011986496,0.00407965,-0.208838712
0.012548848,0.000592925,-0.178844416
0.012443875,0.001593953,-0.155973765
0.013722288,-0.002597615,-0.137977188
0.013054964,-0.005087061,-0.058867232
0.014269643,0.010723172,-0.020249576
0.013861001,-0.01174558,-0.041620512
0.014217157,0.010880637,0.020617652
0.015750502,-0.010309649,0.016493437
0.013257411,0.005500584,-0.011626216
0.017441306,0.00628041,-0.083237598
0.012695059,-0.025478775,-0.18071906
0.01825859,0.034770323,-0.226460361
0.013493598,-0.057275452,-0.311569176
0.016582782,0.083711936,-0.293947527
0.01848353,-0.113692902,-0.317568035
0.00924597,0.259986474,-0.341563472
0.23816052,1.740134715,-0.35356119
0.614242459,1.906961355,-0.29319767
0.922471065,1.648111436,-0.113981751
1.237582853,1.774788257,-0.091860958
1.533837122,1.709395303,0.126722474
1.811893695,1.752233274,0.307063179
2.083254537,1.62696239,0.267695666
2.34430935,1.604516134,0.361052912
2.603860811,1.618339309,0.373425559
2.843295083,1.601959202,0.358053482
3.073656752,1.659621375,0.361427841
3.292306513,1.671926138,0.248574302
3.501403797,1.711033689,0.12222333
3.697237083,1.722164963,-0.005627357
3.876458506,1.732317704,-0.114731608
4.042783335,1.746538291,-0.084737312
4.194685722,1.745499772,0.019117938
4.335888435,1.756672287,0.143594266
4.464801892,1.764451806,0.238826156
4.578880518,1.751820866,0.281193099
4.678701658,1.7372816,0.259447234
4.765866141,1.730881774,0.232077439
4.840568914,1.716634943,0.291316174
4.903169883,1.706294743,0.30406375
4.953807761,1.688531195,0.267320737
4.991245375,1.659722603,0.188210781
5.016060072,1.634389488,0.109475754
5.028975411,1.598884886,-0.029997722
5.030415031,1.569382699,-0.170221056
5.021083745,1.544555722,-0.184468347
5.001266478,1.503622327,-0.243707081
4.970993223,1.470378472,-0.302195958
4.931253717,1.43384285,-0.403801636
4.883213903,1.389002824,-0.493784524
4.827076227,1.351031271,-0.506907029
4.762668235,1.307604681,-0.534276824
4.689513803,1.258546844,-0.415049497
4.60753795,1.200063604,-0.284949238
4.516961869,1.145127074,-0.265078017
4.41861034,1.096654107,-0.245581725
4.312892007,1.037083609,-0.30182103
4.199413224,0.977025719,-0.392553775
4.078833815,0.918388762,-0.461165727
3.95187734,0.851316183,-0.469414159
3.818056428,0.785053423,-0.458541226
3.676887457,0.721778748,-0.509156601
3.530848521,0.659062699,-0.52377882
3.381585437,0.598075016,-0.550398758
3.226518886,0.521745745,-0.555272831
3.064869072,0.436613433,-0.46903923
2.895327593,0.359590567,-0.287948668
2.72000514,0.288570115,-0.098984603
2.540671247,0.20506869,-0.013125931
2.356444896,0.133298405,0.037864373
2.169691712,0.051487854,0.033740157
1.976032851,-0.037423618,0.009369791
1.780855641,-0.109017692,-0.021749291
1.580673503,-0.211407415,-0.100109389
1.379055495,-0.273043704,-0.198340709
1.176552719,-0.380018658,-0.272576591
0.969108749,-0.449933105,-0.378306485
0.766857158,-0.556728099,-0.463040371
0.55258624,-0.675336714,-0.428172002
0.353461323,-0.764019487,-0.385805059
0.138800508,-1.078878197,-0.317942964
-0.031640733,-0.690232151,-0.25270537
-0.039063773,-0.091741535,-0.198340709
-0.024881268,-0.15308164,-0.145475762
-0.033747677,-0.09252511,-0.090736172
-0.026864494,-0.064106432,0.002996003
-0.031344561,-0.074615344,0.064109382
-0.028570294,-0.038649595,0.135345835
-0.029668754,-0.060672196,0.173963491
-0.029717491,-0.028924258,0.126722474
-0.028922701,-0.039609382,0.037114515
-0.030189866,-0.032167287,-0.070490022
-0.028866466,-0.03512163,-0.161972625
-0.029957428,-0.032722164,-0.257954372
-0.029657507,-0.024035346,-0.316443249
-0.030159874,-0.027518321,-0.314568606
-0.030171121,-0.019457614,-0.270701948
-0.030159874,-0.023367994,-0.137977188
-0.030680987,-0.022374465,-0.026623364
-0.030692234,-0.023577948,0.063734453
-0.031130868,-0.024668955,0.161965772
-0.031869423,-0.023218028,0.170214204
-0.032889154,-0.022187007,0.143219337
-0.033710187,-0.02748083,0.029615941
-0.034310028,-0.027540816,-0.102358961
-0.03438126,-0.018572811,-0.129728756
-0.035183548,-0.022078281,-0.185593133
-0.035033587,-0.016761964,-0.277075736
-0.035322261,-0.023675426,-0.337439256
-0.036270761,-0.019948755,-0.365933837
-0.035314763,-0.021294706,-0.348312189
-0.037208013,-0.023469222,-0.29319767
-0.035805883,-0.011265687,-0.19496635
-0.037759118,-0.030652624,-0.121480325
-0.036983072,-0.001656574,-0.009376644
-0.036795622,-0.038349662,0.099352679
-0.039022534,-0.005461978,0.098977751
-0.035037336,-0.027795759,0.126347546
-0.042021742,-0.026790983,0.103101966
-0.032739193,0.014101171,0.08473046
-0.044766017,-0.092937519,0.007120219
-0.028990183,0.139522021,-0.14322619
-0.071042828,-0.708134418,-0.219336716
-0.38572723,-1.888420614,-0.2988216
-0.748653892,-1.710031547,-0.301071172
-1.051172756,-1.696159633,-0.306695103
-1.367476729,-1.768196108,-0.2557048
-1.65277639,-1.728589919,-0.138727045
-1.931256602,-1.734026209,-0.049494015
-2.196843969,-1.604796207,0.076856957
-2.458029997,-1.638283757,0.187835853
-2.71041335,-1.625544091,0.351304766
-2.943489302,-1.649538754,0.495277387
-3.16980204,-1.690670854,0.58076113
-3.383450622,-1.713994415,0.632126362
-3.588154066,-1.751549811,0.593508706
-3.776463089,-1.751684781,0.511774249
-3.950064746,-1.775716935,0.366676842
-4.110814797,-1.78036965,0.233952083
-4.257764742,-1.791197242,0.077606815
-4.39485854,-1.80190486,-0.088486599
-4.517511151,-1.791864593,-0.093360672
-4.625542623,-1.787016922,-0.11435668
-4.720561281,-1.773351212,-0.07086495
-4.801764838,-1.765451719,0.10197718
-4.871736361,-1.756787396,0.165715059
-4.929722298,-1.734453614,0.220079721
-4.9742118,-1.716431373,0.246699658
-5.006502023,-1.68686545,0.247074587
-5.026023118,-1.655447439,0.202083143
-5.033911035,-1.632540035,0.107226182
-5.031462932,-1.59722664,0.089229604
-5.017973994,-1.562438129,-0.053243302
-4.99450894,-1.529018063,-0.177344701
-4.961303958,-1.488560813,-0.256454657
-4.918820177,-1.451061655,-0.435670576
-4.868332259,-1.414196105,-0.517030104
-4.809716488,-1.370672037,-0.591640915
-4.743610195,-1.326038216,-0.663252297
-4.669484769,-1.277490266,-0.66812637
-4.586275492,-1.220015551,-0.664002154
-4.493899886,-1.164329188,-0.629508714
-4.393006529,-1.108774046,-0.574019266
-4.284832594,-1.047670139,-0.500908169
-4.168886962,-0.983416932,-0.396677991
-4.046005661,-0.925079909,-0.276325878
-3.917110948,-0.861996442,-0.235833578
-3.780200852,-0.785161034,-0.242582295
-3.636400075,-0.721451456,-0.265452946
-3.489210194,-0.668408256,-0.349062046
-3.337592731,-0.595277024,-0.381680843
-3.179598203,-0.514906152,-0.390304203
-3.014116902,-0.435892479,-0.436045504
-2.840905142,-0.355694069,-0.420298499
-2.663978113,-0.278195058,-0.423297929
-2.481922438,-0.195792139,-0.424797643
-2.296740089,-0.122154769,-0.335564613
-2.10697645,-0.027113411,-0.226460361
-1.912230376,0.043213445,-0.08548717
-1.715958456,0.131423822,0.024366939
-1.513223242,0.220196575,0.073857528
-1.313052351,0.295483577,0.068233597
-1.105788333,0.409120799,0.007120219
-0.901879679,0.463847375,-0.028872936
-0.693697154,0.614897524,-0.078738453
-0.483141506,0.66624985,-0.131978329
-0.282936874,0.902001158,-0.150349835
-0.066214103,0.996768827,-0.217087144
0.026154005,0.300293757,-0.276700807
0.00095316,0.054715886,-0.250455798
0.006880345,0.134989279,-0.21821193
0.005999327,0.0290266,-0.158973195
0.00432352,0.063406453,-0.096360102
0.007202759,0.023665293,-0.053243302
0.00454846,0.028389242,0.019867795
0.007191512,0.019012578,0.029615941
0.005185792,0.008117502,0.032615371
0.006756627,0.019492471,0.080231316
0.006276754,0.000832872,0.073857528
0.006606667,0.01226033,0.036364658
0.007210257,0.00079538,-0.006377214
0.006779121,0.005628055,-0.049119086
0.007303983,0.00299989,-0.113606822
0.006970321,-0.002192705,-0.202464924
0.007776358,0.004327095,-0.225335575
0.007585158,-0.002953786,-0.230209648
0.007978804,0.0020551,-0.213712785
0.0089423,0.005005694,-0.132353257
0.009504652,-0.000872998,-0.079488311
0.010396916,0.001054073,-0.035621653
0.011274184,0.00538061,0.013868936
0.011840285,0.001627695,0.056610808
0.011862779,0.000180517,0.072732742
0.012826274,-2.94e-05,0.057735594
0.012672565,-0.002162712,0.013868936
0.013437363,0.003513526,-0.129353828
0.013441112,-0.006725447,-0.246331582
0.013534837,0.005950484,-0.30744496
0.014704528,-0.010148435,-0.381680843
0.013377379,-0.00100047,-0.360684836
0.016234124,0.007671351,-0.312693962
0.013606068,-0.013248995,-0.242957224
0.016616524,0.025952284,-0.132728186
0.015004449,-0.028444365,-0.066740735
0.015169406,0.036866107,0.001871217
0.018108629,-0.031409955,0.061859809
0.011232945,0.021355807,0.124472902
0.025070541,0.005545574,0.112475184
-0.000996325,-0.075346432,0.054361235
0.122372347,1.256642268,0.047612519
0.485576435,2.033919363,0.04161366
0.817611255,1.670561442,0.082480888
1.123219303,1.766757543,-0.022499148
1.431669101,1.744817424,-0.09973446
1.71046423,1.754658984,-0.02474872
1.985810269,1.71147609,-0.127479184
2.246415201,1.610192371,-0.155598837
2.507814923,1.645235826,-0.025123649
2.753146389,1.621728555,0.047612519
2.984250361,1.668000761,0.166089988
3.206682874,1.698507725,0.292066031
3.417392232,1.730934262,0.352054623
3.61787429,1.753028097,0.47990531
3.800904708,1.762892153,0.58376056
3.97047243,1.776452886,0.606256282
4.126101333,1.781413033,0.579636344
4.270460712,1.801673526,0.463408447
4.403190662,1.795030004,0.353554338
4.520755867,1.790920918,0.225328723
4.624404746,1.785327162,0.068233597
4.714410978,1.769303227,-0.029997722
4.791970497,1.7633533,-0.058117375
4.857863097,1.743703921,-0.113981751
4.91132023,1.723754609,-0.148475191
4.951749554,1.702009446,-0.119230753
4.979582205,1.674655531,-0.061491733
4.995421772,1.648486352,0.000746431
4.99936573,1.611448342,0.013494007
4.992358831,1.579974093,0.068233597
4.974404822,1.538534561,0.039739016
4.945837366,1.496982554,-0.066740735
4.908212301,1.46782904,-0.167221626
4.861983259,1.42700812,-0.302570887
4.80782506,1.386858301,-0.371557768
4.745700216,1.345587482,-0.4660398
4.675544992,1.297669392,-0.558272261
4.59716444,1.241518132,-0.616386209
4.509516335,1.184062163,-0.706744026
4.413354228,1.130614053,-0.755484757
4.309412926,1.072250786,-0.800476201
4.197624946,1.011390574,-0.813223777
4.078886301,0.949341877,-0.785104124
3.954542886,0.886453366,-0.727740033
3.823694939,0.819369539,-0.61901071
3.68497782,0.750486112,-0.498658597
3.54092586,0.68971588,-0.324316752
3.393499791,0.625440179,-0.208088855
3.240832606,0.554490961,-0.178094559
3.081443446,0.479507641,-0.161972625
2.914038902,0.385339839,-0.185593133
2.740411002,0.312407313,-0.200215352
2.562906625,0.236921604,-0.276700807
2.380614763,0.154762381,-0.344562902
2.195916037,0.084090601,-0.340438686
2.004795256,-0.008532545,-0.361059764
1.81104267,-0.080411555,-0.320942393
1.61310244,-0.18131286,-0.293572598
1.411799348,-0.250368748,-0.285324167
1.211013619,-0.348904329,-0.217087144
1.003322214,-0.436619817,-0.175844986
0.802465255,-0.518389127,-0.098984603
0.590091336,-0.659867655,-0.032997152
0.388360857,-0.716528801,0.020617652
0.180515743,-1.03507669,0.07310767
-0.011294856,-0.827271666,0.065984025
-0.044113689,-0.146505603,0.067108811
-0.022575627,-0.130976557,-0.016500289
-0.033132839,-0.12260092,-0.104233605
-0.026924479,-0.056668087,-0.155223908
-0.029638762,-0.083737065,-0.244831867
-0.028536553,-0.036538815,-0.237333293
-0.028337855,-0.056379401,-0.169471199
-0.029226371,-0.032879629,-0.121855254
-0.02767803,-0.037431116,-0.079488311
-0.029537539,-0.032444725,-0.048744157
-0.028184146,-0.025789956,-0.013500859
-0.029147642,-0.030165232,-0.01050143
-0.028915203,-0.020893545,0.007120219
-0.029095155,-0.02752207,0.064859239
-0.029541288,-0.02163588,0.043488303
-0.029286355,-0.028294399,0.020242724
-0.0298712,-0.028174425,-0.029247865
-0.029964926,-0.021039762,-0.113231894
-0.030208611,-0.024222804,-0.170221056
-0.030898429,-0.024747688,-0.248581154
-0.031921909,-0.025182591,-0.253455227
-0.032596731,-0.025107607,-0.264703088
-0.033578971,-0.02500638,-0.27857545
-0.033657701,-0.018782764,-0.229084862
-0.033826406,-0.02181584,-0.189717348
-0.034636192,-0.018640296,-0.099359532
-0.034205056,-0.019146434,-0.022874077
-0.035505963,-0.02230698,-0.01050143
-0.03483489,-0.01295656,-0.003002856
-0.035918354,-0.027795759,-0.041620512
-0.035940848,-0.008768742,-0.06224159
-0.035652174,-0.029520376,-0.064491163
-0.037462946,-0.014752411,-0.08248774
-0.034898623,-0.019172678,-0.112856965
-0.03915,-0.02712091,-0.146225619
-0.03453122,0.005538075,-0.178469487
-0.039412431,-0.055914504,-0.269202233
-0.03581713,0.037668428,-0.27857545
-0.036825614,-0.08901964,-0.287573739
-0.041643092,0.073176779,-0.28457431
-0.026643303,-0.199578796,-0.202464924
-0.241210392,-1.600949562,-0.156723623
-0.623335734,-1.861044204,0.051736734
-0.93550455,-1.639644705,0.209581717
-1.248276956,-1.790139977,0.250074017
-1.546000837,-1.733531319,0.361802769
-1.822509069,-1.769748263,0.380174276
-2.093746194,-1.659189107,0.341181691
-2.353012729,-1.636735352,0.278193669
-2.611147064,-1.660868733,0.21445579
-2.848954266,-1.649639981,0.160466057
-3.076792851,-1.704542768,0.097103107
-3.294051729,-1.723888465,0.073857528
-3.500948344,-1.766126569,0.082480888
-3.694873384,-1.775544474,0.10497661
-3.871680445,-1.791898336,0.158591414
-4.036250737,-1.805721511,0.24632473
-4.187212123,-1.813718482,0.25194866
-4.327207654,-1.828137774,0.206957216
-4.453954184,-1.81737017,0.274444382
-4.565311028,-1.812500003,0.38467342
-4.66361007,-1.803033359,0.415042645
-4.748405179,-1.789656335,0.482904739
-4.821132224,-1.781850571,0.521897324
-4.88275845,-1.76719883,0.441287654
-4.931540568,-1.745386182,0.307438108
-4.967474829,-1.716840032,0.169839275
-4.990842408,-1.69095954,0.015368651
-5.002299383,-1.66079375,-0.207713926
-5.002250646,-1.62366201,-0.304445531
-4.991224807,-1.590316927,-0.395928133
-4.970181614,-1.554107482,-0.555272831
-4.939136062,-1.514205108,-0.566145763
-4.898819209,-1.476863415,-0.517779961
-4.850441984,-1.437006031,-0.442794221
-4.794619225,-1.39453173,-0.37380734
-4.730417429,-1.353223419,-0.336689399
-4.657536674,-1.301796109,-0.308944675
-4.576265635,-1.245881047,-0.363684265
-4.485558338,-1.188477566,-0.460040941
-4.386670702,-1.129540677,-0.509156601
-4.280270049,-1.068627977,-0.55564776
-4.165587833,-1.003448726,-0.628008999
-4.044067423,-0.946146473,-0.669251156
-3.916548597,-0.880809757,-0.720616388
-3.782112847,-0.811675136,-0.781354837
-3.640269054,-0.745704811,-0.769732047
-3.494256361,-0.6807955,-0.729614676
-3.344985779,-0.618941759,-0.671875657
-3.189203167,-0.540625431,-0.584892198
-3.026289937,-0.454143419,-0.508031815
-2.855398814,-0.374154962,-0.393303633
-2.67962648,-0.298759234,-0.294322456
-2.499895192,-0.219419383,-0.211838142
-2.316774799,-0.150314755,-0.072364665
-2.129455514,-0.060271035,0.01836808
-1.936295272,0.020242304,0.029241012
-1.742014075,0.110477232,0.016868365
-1.540947171,0.202043113,-0.023623934
-1.341601062,0.263090783,-0.083237598
-1.136830136,0.384323815,-0.133478043
-0.93205921,0.441809777,-0.179969202
-0.727063343,0.585654029,-0.175470058
-0.514711919,0.655827169,-0.174345272
-0.316996629,0.832026723,-0.16609684
-0.098106932,1.047806223,-0.092235886
0.023765886,0.424402399,-0.025498578
0.004717166,0.03676113,0.077606815
0.004484727,0.14280629,0.173588562
0.00765639,0.03815207,0.261696806
0.003626204,0.057310309,0.255697947
0.007547668,0.031924706,0.182961779
0.004391002,0.020373525,0.150717911
0.007431449,0.030023879,-0.005252428
0.005519454,0.005927989,-0.137602259
0.006273005,0.018577675,-0.211463213
0.006775372,0.000244253,-0.308194818
0.006258009,0.007746334,-0.344187973
0.007337724,0.00583051,-0.36218455
0.006737882,0.003123613,-0.303695673
0.007330226,0.003243586,-0.204339568
0.007326477,-0.002076481,-0.127479184
0.007798852,0.002411271,-0.015000574
0.00803504,0.001485227,0.052486592
0.008214992,-0.001480363,0.078731601
0.009440918,0.004477061,0.076482029
0.010205716,0.005065681,0.036364658
0.010974263,0.005365614,0.002996003
0.012170198,0.005946735,-0.059242161
0.012042731,-0.002008996,-0.115106537
0.012582589,0.005901745,-0.171720771
0.013036219,-0.001622832,-0.213712785
0.013197426,0.001129056,-0.261703659
0.014228404,-0.000141911,-0.333689969
0.013309897,-0.004670904,-0.353936119
0.015068182,0.005541825,-0.368933267
0.013917236,-0.008382578,-0.310819319
0.015409342,0.011889163,-0.21821193
0.015593044,-0.018602804,-0.164972054
0.01458456,0.017212978,-0.042370369
0.017744976,-0.005664433,0.070483169
0.012893757,-0.003040016,0.15671677
0.02011435,0.024272658,0.205457501
0.011904018,-0.049724631,0.196084284
0.021242802,0.088563357,0.163090558
0.012117712,-0.15834172,0.063359524
0.031087702,0.545211775,-0.04499487
0.31670228,1.927881701,-0.170595985
0.687250679,1.836968175,-0.14322619
0.992097678,1.707843149,-0.098609674
1.310842258,1.806371231,-0.186717919
1.601349294,1.752863134,-0.068615378
1.881437831,1.787599157,-3.43e-06
2.150103134,1.652119294,0.025116797
2.411607829,1.663929167,0.160840986
2.670045833,1.673365818,0.207707074
2.909765031,1.684609567,0.28944153
3.139174451,1.725524215,0.371175987
3.35495247,1.743947617,0.423291076
3.563671104,1.791715741,0.478030666
3.759313191,1.808189577,0.496402173
3.939374392,1.825585707,0.50015146
4.10536181,1.834437488,0.430039793
4.257222958,1.846356086,0.309312751
4.398043271,1.855777741,0.202458072
4.526664306,1.856981223,0.132721334
4.642456229,1.849617861,0.115474613
4.743420818,1.836878195,0.120723615
4.830679025,1.832799102,0.163840416
4.905966644,1.816823906,0.207707074
4.969156208,1.801594794,0.215580576
5.02015774,1.785432139,0.202833001
5.058810033,1.756353607,0.226828437
5.085259298,1.732505163,0.253823304
5.09960676,1.702245644,0.193084854
5.102605968,1.668221962,0.142094551
5.094403134,1.634070809,0.071607955
5.075170713,1.592095147,-0.019874647
5.045429816,1.55521835,-0.102358961
5.005862765,1.514318698,-0.240707652
4.957646747,1.471180794,-0.333315041
4.902000192,1.435023837,-0.429296788
4.838776887,1.389970109,-0.619385639
4.767354497,1.342003279,-0.740862537
4.687991705,1.290414755,-0.830095568
4.599612543,1.229352089,-0.9219531
4.50275687,1.174355573,-0.885210087
4.398020777,1.113840284,-0.833094998
4.285059357,1.046685223,-0.776105835
4.16507979,0.988145745,-0.683873375
4.038933102,0.929043892,-0.608887635
3.906698021,0.86238747,-0.562771405
3.767144873,0.790283509,-0.554148045
3.621986954,0.725700376,-0.504657456
3.47382233,0.66602865,-0.460790799
3.320547805,0.592957404,-0.482161734
3.160764999,0.5125078,-0.512905888
2.993225491,0.424177449,-0.527903036
2.817921784,0.346828406,-0.559397047
2.639465159,0.274428261,-0.599139489
2.456157315,0.190045782,-0.561646619
2.270142686,0.116929546,-0.508781672
2.079539268,0.020568482,-0.48628595
1.884032146,-0.052855185,-0.409425567
1.687242862,-0.144196116,-0.333689969
1.484147743,-0.229812071,-0.245581725
1.283140823,-0.30794469,-0.138727045
1.074752102,-0.421833106,-0.072364665
0.870461049,-0.476780883,0.042363517
0.661390008,-0.631351499,0.106476325
0.450988069,-0.689669776,0.10197718
0.250446026,-0.932998148,0.150717911
0.035177872,-1.008637572,0.146968624
-0.052485229,-0.318412362,0.15671677
-0.026984463,-0.086841375,0.218954935
-0.033099098,-0.157014515,0.193459783
-0.031535761,-0.054617293,0.143969195
-0.030332329,-0.08686387,0.077981743
-0.032428025,-0.045390596,-0.014250717
-0.02960877,-0.053739988,-0.096735031
-0.03229681,-0.045263124,-0.194591421
-0.030103639,-0.03139121,-0.207338997
-0.031603243,-0.042065085,-0.183343561
-0.031022147,-0.024395266,-0.180344131
-0.031093378,-0.033363271,-0.155973765
-0.031412044,-0.026262351,-0.159348124
-0.030995903,-0.026044899,-0.127479184
-0.031640733,-0.025684979,-0.104608533
-0.031382052,-0.025834946,-0.084362384
-0.032053124,-0.023416734,-0.032247294
-0.032004387,-0.019780043,-0.0479943
-0.032529249,-0.026374826,-0.103483747
-0.033683944,-0.025774959,-0.158973195
-0.034295032,-0.024425259,-0.181093988
-0.035194795,-0.028399375,-0.222711074
-0.035978338,-0.02343173,-0.218961787
-0.036072063,-0.020526127,-0.191966921
-0.036851857,-0.024147821,-0.229834719
-0.036758132,-0.019776293,-0.20658914
-0.03748544,-0.024882657,-0.197590851
-0.037905329,-0.018587808,-0.190842134
-0.037537926,-0.028039455,-0.145850691
-0.039030032,-0.016788208,-0.080988025
-0.037515432,-0.016904432,-0.023249006
-0.039866061,-0.028414372,-0.020249576
-0.037807855,-0.004340977,0.013868936
-0.039862312,-0.042998628,0.020242724
-0.039382439,0.004964453,0.048362376
-0.03797656,-0.052806446,0.072357813
-0.043000234,-0.001716561,0.067108811
-0.033905135,-0.015389769,0.080231316
-0.048908673,-0.059165031,-0.024373792
-0.024120219,0.105708293,-0.094860387
-0.115149931,-1.017039453,-0.185593133
-0.46937889,-1.932094649,-0.20958857
-0.816739662,-1.663763089,-0.140601689
-1.123536147,-1.763352186,-0.185218204
-1.438865378,-1.778656281,-0.055867803
-1.721188325,-1.775994374,0.044988018
-2.000632032,-1.746619658,0.047987447
-2.264187435,-1.638962356,0.124847831
-2.52663688,-1.693482728,0.181087136
-2.778375404,-1.680049466,0.290566316
-3.013344606,-1.715741527,0.364052342
-3.237340455,-1.742461833,0.427790221
-3.449020807,-1.781659363,0.500526388
-3.653529302,-1.818828595,0.474656308
-3.842336944,-1.828268995,0.430039793
-4.01704081,-1.84977796,0.391797065
-4.176906094,-1.850516546,0.368926415
-4.324039741,-1.868152623,0.307438108
-4.460871108,-1.876025872,0.212956075
-4.584423481,-1.871605605,0.21445579
-4.694396941,-1.866315532,0.154467198
-4.789610547,-1.852743551,0.149968054
-4.871638886,-1.844139215,0.220079721
-4.942525167,-1.833139162,0.205457501
-5.000953488,-1.815776774,0.194584569
-5.047351236,-1.79480019,0.157841557
-5.081725909,-1.769155895,0.185211352
-5.103091517,-1.741325836,0.112475184
-5.112895178,-1.70947667,0.036739586
-5.111755479,-1.677323823,0.073482599
-5.099559949,-1.642467827,0.024741868
-5.077020901,-1.60190185,0.015368651
-5.044460749,-1.563855314,-0.075739024
-5.002381861,-1.523870458,-0.214837571
-4.952111386,-1.481662348,-0.331065468
-4.894106703,-1.441943683,-0.511031244
-4.828240347,-1.395660229,-0.622759997
-4.754463579,-1.346898576,-0.706369097
-4.67220655,-1.291643367,-0.77198162
-4.581311803,-1.233040153,-0.766357689
-4.482214222,-1.181541609,-0.725865389
-4.374988787,-1.11410536,-0.719491602
-4.259601757,-1.045176944,-0.733363963
-4.136870416,-0.98351816,-0.650129792
-4.007971955,-0.918575106,-0.578143482
-3.872880128,-0.853849504,-0.554522974
-3.730354015,-0.778926171,-0.536151467
-3.58298793,-0.71738736,-0.542150326
-3.432802589,-0.655691084,-0.548899043
-3.277072463,-0.578626977,-0.60738792
-3.114725334,-0.501941536,-0.554897902
-2.943478055,-0.409442112,-0.507656886
-2.766277348,-0.331354483,-0.575893909
-2.585653796,-0.252262077,-0.51815489
-2.400141534,-0.173709551,-0.492284809
-2.212499834,-0.091614063,-0.478787376
-2.01828612,-0.002635106,-0.416924141
-1.822711516,0.065633457,-0.334814755
-1.622413158,0.168698031,-0.201340138
-1.420502727,0.237472732,-0.139851831
-1.217673788,0.346434743,-0.063741305
-1.008542763,0.424923533,-0.037496296
-0.805380162,0.528842917,-0.03337208
-0.589722111,0.652475415,0.004870647
-0.388077859,0.736265526,0.094853535
-0.172832199,1.048818498,0.238451227
0.004001105,0.690064553,0.226828437
0.016151646,0.0751076,0.26357145
0.000402055,0.12639994,0.220454649
0.010276948,0.072153257,0.088104818
0.003382518,0.038283291,0.051361806
0.007791354,0.053861076,-0.050993729
0.00545947,0.009665907,-0.045744728
0.006659153,0.037634686,-0.067115663
0.006846603,0.005118169,-0.124104826
0.00580063,0.01226033,-0.070115093
0.007678884,0.003697235,-0.059242161
0.006497946,0.000427962,-0.035996581
0.00761515,0.007525133,-0.004127642
0.007266493,9.05e-05,0.018743009
0.007641394,0.006636581,-0.003377784
0.007941314,6.05e-05,-0.074989166
0.008102522,0.003018636,-0.096360102
0.008518662,0.001841398,-0.13722733
0.008529909,-0.002571371,-0.144725904
0.009298456,0.001736421,-0.134227901
0.010220712,0.001384,-0.167221626
0.011034248,0.003509777,-0.179594274
0.012053978,0.005931738,-0.239582866
0.012421381,-0.000689289,-0.266577732
0.012695059,0.001732672,-0.279325308
0.0134861,0.000101785,-0.287948668
0.013171183,0.002538743,-0.235833578
0.014295886,0.002879917,-0.188967491
0.013699794,-0.008412571,-0.11998061
0.014839493,0.00547434,-0.101984033
0.0150007,-0.012885326,-0.118480895
0.01469703,0.006047962,-0.084737312
0.016635269,-0.007786461,-0.067115663
0.014097189,0.001916381,-0.005627357
0.018239845,0.011131831,0.058110522
0.013763527,-0.022573171,0.030740727
0.018648487,0.038965639,0.031115656
0.015300621,-0.064957493,0.010869506
0.015960447,0.074590215,-0.038246154
0.021467742,-0.08839353,-0.057742446
0.005200788,0.170621353,-0.048744157
0.214166856,1.660626152,-0.109482607
0.593101791,1.952787411,-0.14022676
0.906713976,1.679060801,-0.050993729
1.222688037,1.816876394,-0.107982892
1.522912506,1.748112941,-0.031872366
1.802247492,1.805771364,0.100102537
2.07604894,1.695065991,0.049112234
2.336620131,1.658005485,0.155217056
2.598435993,1.691241842,0.235076869
2.841761738,1.670310248,0.244450086
3.072951938,1.727601253,0.337807333
3.291759158,1.747280626,0.38767285
3.501692471,1.794748816,0.439787939
3.701248524,1.809393059,0.452535515
3.884488886,1.820640557,0.415792502
4.053809173,1.837331844,0.420666575
4.20806219,1.837927961,0.367051771
4.351570543,1.861015326,0.295065461
4.483948087,1.864037153,0.296940104
4.602304332,1.85501666,0.295815318
4.706433085,1.848376887,0.244075158
4.797039159,1.833503945,0.233577154
4.874962332,1.823426187,0.240700799
4.940971151,1.816538969,0.179587421
4.995024377,1.793755287,0.129721904
5.036248491,1.761118797,0.088854676
5.065134613,1.738770019,0.094853535
5.08207264,1.708967898,0.076856957
5.08737374,1.678532169,0.014993722
5.082113879,1.646540535,0.037114515
5.065783192,1.600114613,-0.009376644
5.038854053,1.56492869,-0.062991448
5.002391181,1.525569945,-0.157098552
4.956582028,1.483526798,-0.33069054
4.902720002,1.446526278,-0.424422715
4.841078779,1.401405066,-0.602138918
4.771744588,1.354739196,-0.696620951
4.69448499,1.300818691,-0.702244881
4.608475203,1.241941788,-0.749860826
4.514090127,1.178393424,-0.696620951
4.411535958,1.116112279,-0.675624944
4.301165104,1.061970573,-0.668501298
4.183003807,1.001980167,-0.655753723
4.057921837,0.936988375,-0.605888205
3.92726509,0.872210285,-0.566895621
3.789676423,0.803439333,-0.617510995
3.64563196,0.736434238,-0.606263134
3.498183397,0.673553226,-0.602888776
3.346764632,0.603031413,-0.629133785
3.189486165,0.532670815,-0.633258001
3.024687183,0.445498956,-0.590891057
2.851422937,0.357588512,-0.565020977
2.674106011,0.290812116,-0.586766842
2.492020344,0.201027089,-0.533901895
2.306391863,0.131405076,-0.511406173
2.117115595,0.042549842,-0.501283098
1.921908394,-0.046185419,-0.433795932
1.726270056,-0.124434262,-0.388429559
1.523838512,-0.218778276,-0.317193106
1.323225238,-0.285224745,-0.23545865
1.117674517,-0.398397069,-0.177344701
0.911835123,-0.456059242,-0.111732179
0.706055714,-0.601988031,-0.058867232
0.492553343,-0.6789959,0.029615941
0.294346933,-0.854843033,0.190835282
0.075168562,-1.072332153,0.256447805
-0.048781207,-0.464052464,0.23470194
-0.030358572,-0.069235291,0.265071165
-0.029537539,-0.165180198,0.218954935
-0.032645468,-0.065722323,0.114724756
-0.028401589,-0.080943937,0.058485451
-0.032270567,-0.057766592,0.011619364
-0.028724003,-0.053005152,0.005245576
-0.031299573,-0.053218854,-0.006752143
-0.029548786,-0.028095693,-0.019874647
-0.030384815,-0.046035452,0.017993151
-0.030459795,-0.028298148,-0.010126501
-0.029934934,-0.03628762,-0.016875218
-0.031014649,-0.028980496,-0.007502
-0.030272345,-0.024987634,-0.084737312
-0.030883433,-0.025336307,-0.126354398
-0.030635999,-0.028845526,-0.164597126
-0.030920923,-0.029565366,-0.187092848
-0.031243338,-0.019581337,-0.195341279
-0.031674474,-0.028275653,-0.175095129
-0.032769185,-0.028875519,-0.170595985
-0.033380274,-0.022104525,-0.236958365
-0.034186311,-0.027668288,-0.269202233
-0.035232285,-0.029179202,-0.3393139
-0.035194795,-0.020368662,-0.367058624
-0.035989585,-0.026303591,-0.376056912
-0.036255765,-0.021437174,-0.352061476
-0.036252016,-0.023491717,-0.234708792
-0.037350475,-0.018940229,-0.218586858
-0.036394478,-0.021047261,-0.176969773
-0.038257736,-0.028005713,-0.088861528
-0.036926837,-0.010785793,-0.030372651
-0.038362708,-0.035369075,0.024741868
-0.038358959,-0.007280323,0.052486592
-0.037309236,-0.040531676,0.116974328
-0.040443409,-0.010234666,0.182961779
-0.035599688,-0.016885686,0.167589703
-0.042587842,-0.042091329,0.113225041
-0.034141323,0.022847975,0.11060054
-0.044214913,-0.101328152,0.071607955
-0.03347025,0.134303182,0.005620504
-0.05698779,-0.575935076,-0.116606252
-0.351873669,-1.839415266,-0.229459791
-0.723306835,-1.74724202,-0.18934242
-1.028101348,-1.705918712,-0.229084862
-1.347696953,-1.806763779,-0.214837571
-1.636843098,-1.760079164,-0.075364095
-1.916639212,-1.78356394,0.028491155
-2.185199544,-1.651432082,0.128597118
-2.446149385,-1.683723649,0.203207929
-2.702889087,-1.688053936,0.327309329
-2.939620324,-1.700234976,0.422541219
-3.166607883,-1.742780512,0.447286513
-3.380800072,-1.769369597,0.489278527
-3.587527981,-1.818232478,0.486279098
-3.780343314,-1.826098228,0.458159445
-3.957663989,-1.846302484,0.429664864
-4.121525718,-1.851573811,0.379424418
-4.271036237,-1.864815865,0.317186254
-4.410814326,-1.881705858,0.248574302
-4.538734296,-1.8745487,0.232077439
-4.65221308,-1.868028901,0.170964061
-4.750991995,-1.859098387,0.087354961
-4.836075777,-1.847007327,0.068983455
-4.909698836,-1.833757774,0.066733882
-4.971276325,-1.819379723,0.095228464
-5.020849484,-1.799899056,0.111725326
-5.058347082,-1.771405394,0.186711066
-5.082584432,-1.742555562,0.25494809
-5.095424791,-1.714369332,0.229827867
-5.097141838,-1.681841568,0.190835282
-5.087758066,-1.64654317,0.120348687
-5.068368186,-1.606865746,0.020617652
-5.038833485,-1.565572432,-0.137977188
-4.999877522,-1.527724601,-0.328066039
-4.952411307,-1.48565146,-0.467164586
-4.896858477,-1.444534357,-0.634382787
-4.833339,-1.400155479,-0.7573594
-4.761684172,-1.346666127,-0.739737751
-4.681567828,-1.297690772,-0.733738892
-4.592750032,-1.241614496,-0.687997591
-4.495838124,-1.182430162,-0.620135496
-4.391431944,-1.122593472,-0.592015844
-4.278875417,-1.056484428,-0.554522974
-4.158464714,-0.996370301,-0.527903036
-4.031748176,-0.930324992,-0.504657456
-3.898290918,-0.857943594,-0.483286521
-3.757384377,-0.791669586,-0.48066202
-3.611169238,-0.731874138,-0.540650612
-3.461898656,-0.665423919,-0.529027822
-3.307960556,-0.590403108,-0.583017555
-3.147630395,-0.512525432,-0.670375942
-2.979296097,-0.423377762,-0.581142911
-2.804176091,-0.352923435,-0.568395335
-2.625460784,-0.276380462,-0.570269979
-2.441493114,-0.194423693,-0.505032385
-2.255189811,-0.117352088,-0.450292795
-2.062426964,-0.015787181,-0.383180558
-1.86677363,0.050145653,-0.325441538
-1.668312288,0.152805316,-0.231709363
-1.465123444,0.224384393,-0.144725904
-1.264498923,0.310154064,-0.095610245
-1.055907755,0.413915982,-0.086237027
-0.853198785,0.491321263,-0.043120227
-0.640693651,0.639874468,0.051736734
-0.434887998,0.681467715,0.117724186
-0.227271573,0.991906158,0.19158514
-0.024135215,0.868239918,0.142844409
0.023795878,0.1513019,0.080606244
-0.000767636,0.088420888,0.030365798
0.009992023,0.104111148,-0.095235316
0.004743409,0.02574608,-0.081737883
0.006681647,0.056826666,-0.045369799
0.006647906,0.009763386,0.032240442
0.00595059,0.037297261,0.146593696
0.007851338,0.01311514,0.148843268
0.005924347,0.014843505,0.189710496
0.007963808,0.010873139,0.227203366
0.006764125,-0.002897548,0.210331575
0.007547668,0.008409937,0.163465487
0.007641394,-0.001982752,0.074607385
0.007558915,0.000199263,-0.00187807
0.008020044,-0.00396606,-0.133478043
0.007937565,0.002433766,-0.20658914
0.008631132,0.003176101,-0.184468347
0.008616136,-0.001499109,-0.210713356
0.009275962,0.001455234,-0.248581154
0.010216963,-0.002222698,-0.304820459
0.010891785,-0.002860056,-0.376431841
0.01193401,0.004165881,-0.462290513
0.012500111,-0.001356641,-0.480287091
0.012605083,0.000371725,-0.437545219
0.013666053,0.004720757,-0.439044934
0.013403622,-0.004329729,-0.340438686
0.014235902,0.001717675,-0.170970913
0.014295886,-0.009998468,-0.131228471
0.014307133,0.005526828,-0.073114523
0.015743004,-0.004667154,0.029241012
0.014340874,-0.004663405,0.109850683
0.017043911,0.005133166,0.201708214
0.014408357,-0.017747995,0.22607858
0.017418812,0.022589282,0.27219481
0.015964196,-0.029895292,0.241450657
0.015664275,0.028419236,0.112850112
0.019578241,-0.032812144,-0.017250146
0.011960253,0.016684346,-0.109482607
0.025992798,0.013448816,-0.173220486
-2.84e-06,-0.088922162,-0.228335005
0.115954041,1.207411969,-0.290573169
0.477036191,2.028955467,-0.403801636
0.812437621,1.69115936,-0.298071743
1.120156362,1.784907256,-0.21821193
1.431665352,1.768707109,-0.113231894
1.712458703,1.778559918,0.187085995
1.990470289,1.741930566,0.293190817
2.252597319,1.641332944,0.366676842
2.515369179,1.684485844,0.395921281
2.764573371,1.673868206,0.39329678
2.998237918,1.708416771,0.469032378
3.221120311,1.728935956,0.471656878
3.432725683,1.775549337,0.479155452
3.636368157,1.804582879,0.457409588
3.8236537,1.813888309,0.371550916
3.997000425,1.829758529,0.324309899
4.155677273,1.835393525,0.239201084
4.301914906,1.858537127,0.131971476
4.437614072,1.857093698,0.07310767
4.560015499,1.855252857,0.044613089
4.668418124,1.845452537,0.0356148
4.762784454,1.825919383,-0.012001145
4.844430394,1.821217928,0.07310767
4.914259454,1.806180024,0.233577154
4.971585566,1.782646509,0.374175416
5.01686236,1.755048898,0.512524107
5.049632456,1.730608085,0.492277957
5.069892106,1.709361561,0.391047208
5.078724774,1.676271422,0.188210781
5.076362898,1.64485716,-0.004502571
5.063736232,1.609408795,-0.188592562
5.040383649,1.563455268,-0.371557768
5.006612567,1.52464765,-0.459666012
4.963776378,1.483766744,-0.607762849
4.912291224,1.439054191,-0.635507573
4.853068113,1.401573778,-0.668876227
4.785728396,1.352111031,-0.699245452
4.70951852,1.289833635,-0.56989505
4.625188289,1.234945844,-0.495659168
4.532842675,1.181857654,-0.421048356
4.432530414,1.121638549,-0.440544649
4.324802612,1.05658677,-0.484786235
4.209355598,0.999352002,-0.490410166
4.086800461,0.943781864,-0.539900754
3.958003223,0.877297903,-0.54102554
3.822266567,0.805006484,-0.583017555
3.679571748,0.731586566,-0.62201014
3.532453098,0.674160591,-0.68237366
3.382413968,0.609641193,-0.747611254
3.226552627,0.530335085,-0.744986753
3.063624401,0.454913112,-0.725865389
2.892931976,0.369604589,-0.604388491
2.716721008,0.298182977,-0.520404462
2.536633563,0.220204073,-0.48928538
2.351781127,0.14235639,-0.437920148
2.163817013,0.056005599,-0.417299069
1.969265888,-0.034679228,-0.347187402
1.773616303,-0.108406578,-0.296946957
1.572665618,-0.206630978,-0.22683529
1.370991374,-0.268139795,-0.085112241
1.167742546,-0.379201339,-0.003002856
0.960384803,-0.444624286,0.043863232
0.758013243,-0.557406698,0.040488873
0.54380231,-0.673672085,-0.060366947
0.344981062,-0.77497455,-0.152974336
0.128801899,-1.082079984,-0.202089996
-0.035202293,-0.655454887,-0.220461502
-0.037316734,-0.084156972,-0.16609684
-0.025181189,-0.160231299,-0.094860387
-0.033522736,-0.092187686,0.003745861
-0.026838251,-0.070802443,0.151842697
-0.031149613,-0.074690328,0.241075728
-0.028120413,-0.038394652,0.296565176
-0.029743734,-0.058861349,0.358053482
-0.029398825,-0.028980496,0.352429552
-0.028802733,-0.04240251,0.305563464
-0.030058651,-0.03067137,0.19720907
-0.028982685,-0.032219775,0.020617652
-0.030126133,-0.034892931,-0.100859247
-0.029518794,-0.026701003,-0.162722482
-0.030039906,-0.028984245,-0.147725334
-0.030058651,-0.026254852,-0.139476903
-0.030133631,-0.030180229,-0.160847839
-0.030542273,-0.022479442,-0.19796578
-0.030673489,-0.025838695,-0.333689969
-0.031621988,-0.029201697,-0.432296217
-0.032281814,-0.021917067,-0.45741644
-0.033136588,-0.025853691,-0.413174854
-0.034283785,-0.026303591,-0.337439256
-0.034370012,-0.019682564,-0.22683529
-0.034688678,-0.023866633,-0.181843846
-0.035460974,-0.022108275,-0.249331012
-0.035048583,-0.020818562,-0.163847268
-0.036312,-0.02325177,-0.121480325
-0.035700911,-0.020518628,-0.103483747
-0.036615669,-0.030498908,-0.016500289
-0.036769379,-0.012011771,-0.015750432
-0.036548187,-0.028586833,0.022117367
-0.038347712,-0.012034266,0.006370362
-0.035607186,-0.023799149,0.011244435
-0.039723599,-0.028103191,0.075732171
-0.03528852,0.00147023,0.095603392
-0.040109747,-0.061609488,0.087354961
-0.036836861,0.033495606,0.015743579
-0.037380468,-0.095321988,-0.041620512
-0.042569097,0.070691082,-0.118480895
-0.026785765,-0.191090685,-0.196466065
-0.238886006,-1.588108669,-0.286823882
-0.621446233,-1.85526299,-0.24708144
-0.935489554,-1.649842436,-0.086237027
-1.251036228,-1.811356507,-0.010126501
-1.551103239,-1.752393374,0.163090558
-1.830366994,-1.7943053,0.238076298
-2.104494605,-1.682366451,0.240325871
-2.364769625,-1.658889174,0.320560612
-2.626173096,-1.697014443,0.317936111
-2.868659063,-1.685815684,0.394046638
-3.098623336,-1.732863968,0.440162868
-3.316328347,-1.753863047,0.418791932
-3.525294415,-1.805740257,0.400420425
-3.723579554,-1.818254973,0.308187965
-3.905072877,-1.833319122,0.302938963
-4.072991035,-1.849069368,0.314186824
-4.226355536,-1.852811036,0.310437537
-4.369282793,-1.870109688,0.289816459
-4.50024696,-1.869483577,0.181087136
-4.617452259,-1.86528826,0.093728749
-4.72071874,-1.854224471,-0.025873506
-4.809465304,-1.839805179,0.008994863
-4.886173798,-1.831691984,0.136845549
-4.951357835,-1.816042965,0.185211352
-5.004743737,-1.793383006,0.26357145
-5.045506723,-1.767858683,0.219704792
-5.073376863,-1.737100526,0.1597162
-5.089527598,-1.709866584,0.060735023
-5.09421761,-1.678317352,-0.042370369
-5.088117971,-1.637991322,-0.061866662
-5.071659817,-1.600233472,-0.168721341
-5.044719431,-1.56018488,-0.228335005
-5.008387775,-1.522895675,-0.374182269
-4.9634184,-1.48416679,-0.501283098
-4.91028743,-1.441576265,-0.479912162
-4.84969968,-1.399668087,-0.505782243
-4.780384234,-1.348075814,-0.433421003
-4.702521045,-1.292584408,-0.347187402
-4.615997643,-1.235312148,-0.323566894
-4.52050661,-1.176798914,-0.397802777
-4.417866214,-1.120658903,-0.539900754
-4.30745412,-1.061257117,-0.5901412
-4.189427788,-0.99722886,-0.625384498
-4.065136859,-0.930257507,-0.61601128
-3.934431374,-0.862626302,-0.604013562
-3.796347838,-0.793296724,-0.646380505
-3.65141486,-0.730595672,-0.726240318
-3.503014049,-0.672697301,-0.742737181
-3.350545561,-0.600132194,-0.632883072
-3.191568792,-0.520413677,-0.56127169
-3.025273955,-0.432060831,-0.440919577
-2.85143986,-0.354483088,-0.350186832
-2.674029208,-0.287433003,-0.417299069
-2.491831071,-0.202956795,-0.430046645
-2.306067626,-0.129720586,-0.47466316
-2.115299252,-0.034285566,-0.451042652
-1.919409731,0.040592778,-0.297696814
-1.721930629,0.128938125,-0.245956653
-1.518096955,0.216391171,-0.164222197
-1.317165015,0.287145432,-0.062616519
-1.109537343,0.397970779,-0.017250146
-0.904980111,0.458576047,-0.023249006
-0.696520159,0.614121446,-0.003752713
-0.48562335,0.661728356,0.029615941
-0.285017574,0.894487829,-0.032622223
-0.067350053,1.002295097,-0.105358391
0.02719623,0.30666359,-0.141726475
0.002167839,0.048117354,-0.109857535
0.007468939,0.136631414,-0.079863239
0.006932831,0.028479222,0.034864943
0.005204537,0.055510709,0.164590273
0.008087526,0.02215063,0.199083714
0.005414482,0.026792097,0.265821022
0.008252482,0.020624719,0.230952653
0.00610055,0.006700317,0.149218196
0.00757766,0.015252165,0.113225041
0.007416453,0.001106561,0.054736164
0.007210257,0.007273939,0.013494007
0.00780635,-0.00046059,-0.05661766
0.007753864,0.006527855,-0.072739594
0.008327462,0.002958649,-0.02474872
0.008042538,0.001256528,-0.035996581
0.008694865,-0.000239389,-0.061116804
0.008841077,-0.005600697,-0.133852972
0.009126002,0.003464787,-0.227585147
0.010213214,0.004773246,-0.335939541
0.011075487,0.004237115,-0.419548642
0.01182154,0.00664033,-0.422173142
0.012946243,0.002355034,-0.36518398
0.013036219,-0.001394132,-0.245956653
0.013568578,-0.003643632,-0.229459791
0.013688547,-0.007122858,-0.207713926
0.014220906,0.009047295,-0.101984033
0.014951963,-0.001615333,-0.068990307
0.014314631,0.001432739,-0.018000004
0.016005435,-0.001169183,0.032615371
0.014468341,-0.01309528,0.039739016
0.016661512,0.010655687,0.042738446
0.015330613,-0.016450783,-0.012751002
0.016372838,0.023541571,-0.03074758
0.017568772,-0.024683952,0.002246146
0.014340874,0.014408602,0.033740157
0.020867901,-0.00095548,-0.013500859
0.011330419,-0.029179202,-0.073489451
0.025126776,0.065697193,-0.088861528
0.005350748,-0.16458783,-0.163472339
0.065267426,0.859024468,-0.197215922
0.394719178,2.014502432,-0.225335575
0.74912434,1.736722974,-0.092985744
1.052812895,1.743092807,0.05023702
1.369514264,1.792982959,0.120348687
1.653674226,1.767998517,0.293565746
1.933200412,1.771429004,0.269570309
2.198832766,1.638978467,0.247449516
2.461413427,1.688246258,0.305938393
2.715817496,1.674809247,0.338932119
2.952057612,1.691901695,0.383173705
3.178044186,1.726866417,0.368926415
3.391677772,1.763735715,0.344556049
3.597873322,1.80758971,0.264321307
3.789174055,1.806989843,0.187835853
3.965684944,1.829259889,0.201333286
4.127657172,1.82148037,0.279693384
4.276440383,1.8350561,0.346055764
4.414126524,1.85632137,0.339681976
4.539347207,1.843079315,0.288691673
4.65127765,1.846978448,0.21445579
4.748661934,1.823407441,0.157466628
4.833348321,1.806686161,0.183336708
4.905917907,1.808590737,0.192709926
4.966100765,1.780561972,0.178462635
5.014822899,1.763698224,0.161965772
5.050648438,1.733419959,0.062234738
5.073558638,1.699549993,-0.032622223
5.085045605,1.670767646,-0.142476332
5.085049354,1.630332891,-0.179594274
5.07446215,1.602709036,-0.151474621
5.053553921,1.563725208,-0.226085432
5.022230942,1.512815282,-0.331440397
4.98156918,1.46971487,-0.467164586
4.933071987,1.436782196,-0.509906458
4.876428194,1.398315753,-0.472413588
4.811341632,1.349220424,-0.448043223
4.738532109,1.300080105,-0.320567465
4.656556256,1.243565177,-0.27295152
4.565950182,1.188909835,-0.337814185
4.467549917,1.130794013,-0.413924711
4.360991806,1.066773254,-0.553023259
4.247280583,1.005238193,-0.665876797
4.126543716,0.940152671,-0.708243741
3.999902158,0.885812259,-0.691746878
3.866613606,0.814499372,-0.707493883
3.725677073,0.735556933,-0.772731477
3.580181744,0.688032505,-0.773481334
3.430997389,0.620967424,-0.707118954
3.27648944,0.546111575,-0.593515558
3.115566935,0.473107815,-0.470538945
2.946194161,0.378028965,-0.366308766
2.770815473,0.311395038,-0.351311618
2.592013939,0.234623366,-0.41992357
2.407753847,0.150364609,-0.433421003
2.221203109,0.075130095,-0.416549212
2.028252811,-0.022198255,-0.337064328
1.832640717,-0.084329434,-0.25270537
1.633369588,-0.186100545,-0.224210789
1.429805843,-0.259602944,-0.169846127
1.228214077,-0.347359673,-0.177344701
1.019049311,-0.442056107,-0.187842705
0.816314098,-0.521043537,-0.136852402
0.603366581,-0.665836328,-0.089986314
0.399259229,-0.719355672,-0.061491733
0.191410366,-1.027870793,-0.069740164
-0.005840046,-0.85687883,-0.098609674
-0.045662031,-0.161026122,-0.096360102
-0.022399424,-0.123369499,-0.068990307
-0.032949138,-0.129368165,-0.004502571
-0.027134423,-0.057796586,0.127097403
-0.029518794,-0.084130728,0.202833001
-0.028787737,-0.034690476,0.233577154
-0.028180397,-0.060454744,0.245949801
-0.029627515,-0.034049368,0.170964061
-0.027850484,-0.034461777,0.113225041
-0.029597523,-0.039845579,0.083230745
-0.028266624,-0.029415399,0.017993151
-0.029042669,-0.033569475,-0.038246154
-0.029083908,-0.027203391,-0.061116804
-0.029293853,-0.025651237,-0.068615378
-0.029466307,-0.021684619,-0.068990307
-0.029387578,-0.025688728,-0.048744157
-0.030189866,-0.019735053,-0.064116234
-0.02994993,-0.021418428,-0.127104255
-0.030564767,-0.022629409,-0.193841564
-0.031756953,-0.022963084,-0.294697384
-0.032383037,-0.027863244,-0.369683124
-0.033234062,-0.025898681,-0.362559479
-0.0338489,-0.023859135,-0.334814755
-0.03396137,-0.022280736,-0.335939541
-0.034816145,-0.019461363,-0.283449523
-0.03456871,-0.021980803,-0.170595985
-0.035573445,-0.023742911,-0.128229042
-0.035273524,-0.01291157,-0.047244442
-0.03566717,-0.032838388,0.031490585
-0.036514446,-0.016578255,0.035989729
-0.035134811,-0.022610663,0.063359524
-0.037957815,-0.020406153,0.031490585
-0.035074826,-0.011006994,0.025491725
-0.038786346,-0.04186263,0.043488303
-0.035820879,0.013958702,0.028116226
-0.037050555,-0.057579134,-0.023623934
-0.039153749,0.018832618,-0.097484888
-0.033324039,-0.053533784,-0.132353257
-0.045954453,0.00115905,-0.18071906
-0.020007555,0.004630777,-0.20958857
-0.167189939,-1.313755948,-0.302945816
-0.542777008,-1.919797385,-0.236208507
-0.872198767,-1.639640955,-0.06224159
-1.182586803,-1.793326768,0.005620504
-1.490631708,-1.758178337,0.200958357
-1.769940451,-1.787208129,0.294315603
-2.047449669,-1.712299792,0.315311611
-2.30900685,-1.638737406,0.353179409
-2.571617502,-1.696219619,0.378674561
-2.818853465,-1.677278833,0.446536656
-3.05138581,-1.723479805,0.409418714
-3.272352459,-1.744523874,0.390297351
-3.482986837,-1.78954386,0.345680835
-3.685073472,-1.816324152,0.257572591
-3.869873422,-1.824812264,0.239950942
-4.041154442,-1.841676013,0.235826726
-4.197709351,-1.843925512,0.257947519
-4.342402392,-1.861344138,0.228703081
-4.476658189,-1.862735078,0.177712778
-4.597653737,-1.860084418,0.179212492
-4.704519268,-1.848503244,0.144344123
-4.796729917,-1.831778215,0.19420964
-4.876939986,-1.825307154,0.277068883
-4.945303184,-1.807817295,0.295815318
-5.001609565,-1.788970237,0.275944097
-5.046421481,-1.765170531,0.181087136
-5.077654484,-1.731937924,0.115099685
-5.096811925,-1.70336553,-0.029247865
-5.104872296,-1.668869453,-0.152224478
-5.101232008,-1.634204665,-0.182218774
-5.087371918,-1.599018742,-0.289823311
-5.063123321,-1.554579877,-0.35956005
-5.028658672,-1.516443361,-0.440544649
-4.985488822,-1.479172901,-0.485536093
-4.93467474,-1.436582376,-0.446918437
-4.875875268,-1.391153731,-0.442419292
-4.809124145,-1.341863446,-0.376056912
-4.734233921,-1.29275687,-0.332190254
-4.649982419,-1.234985971,-0.35956005
-4.557093198,-1.176510229,-0.419548642
-4.456169849,-1.122409763,-0.470164016
-4.347336089,-1.059671219,-0.507281957
-4.230644404,-0.995774183,-0.589016414
-4.107294476,-0.937178468,-0.587516699
-3.978485991,-0.875253493,-0.623134926
-3.842303203,-0.800277671,-0.692121806
-3.699270973,-0.72988333,-0.72286596
-3.552291036,-0.677803666,-0.719491602
-3.400954749,-0.610134968,-0.621260282
-3.24368378,-0.529055504,-0.567270549
-3.079214711,-0.449168275,-0.466414729
-2.906017947,-0.363762274,-0.410550353
-2.728708519,-0.293540395,-0.436045504
-2.547552607,-0.21835462,-0.377931556
-2.362066588,-0.143656236,-0.355060905
-2.173671338,-0.051681696,-0.279700236
-1.978471634,0.03424169,-0.191217063
-1.78198602,0.109322489,-0.143976047
-1.579258304,0.19935871,-0.071989737
-1.376995466,0.266240082,-0.052493444
-1.170949876,0.385995943,-0.070490022
-0.962744857,0.445105294,-0.115481466
-0.757272866,0.57719591,-0.060366947
-0.541836006,0.663775401,-0.08548717
-0.342729834,0.800488739,-0.164597126
-0.122752923,1.064538751,-0.120355539
0.020676701,0.516699368,-0.164972054
0.009452165,0.039093111,-0.094860387
0.003963615,0.139278325,0.003745861
0.009879553,0.042834779,0.089604533
0.004469731,0.050861743,0.196084284
0.009122253,0.042182424,0.206582288
0.00564692,0.014854753,0.298814748
0.008274976,0.033424372,0.272944667
0.007157771,0.003078623,0.193084854
0.007491433,0.015825787,0.143219337
0.008282474,0.002328789,0.031115656
0.007416453,0.005931738,-0.014250717
0.008781093,0.007738836,-0.07386438
0.008117518,0.003626001,-0.092610815
0.00863863,0.003232338,-0.090361243
0.008556152,-0.001607835,-0.117731038
0.008882316,0.001710177,-0.130478614
0.009148496,0.001369003,-0.213712785
0.009362189,0.001530217,-0.274076306
0.010595613,0.003198596,-0.2988216
0.011244192,0.003232338,-0.277075736
0.011993994,0.001725174,-0.216337286
0.013231167,0.004851978,-0.181093988
0.013253662,-0.001930263,-0.142101404
0.013786021,-0.000168155,-0.157848409
0.014288388,0.000285494,-0.11998061
0.01439711,0.002366281,-0.053243302
0.015401844,-0.00419101,-0.023998863
0.014427102,-0.000126914,0.028866084
0.016282862,0.007907548,0.002246146
0.015158159,-0.017785486,-0.034496867
0.016372838,0.013921211,-0.061116804
0.016755237,-0.014984859,-0.09411053
0.015630534,0.0103745,-0.047619371
0.018948408,-0.003617388,-0.007502
0.01405595,-0.004322231,0.011619364
0.021160324,0.021524519,-0.034496867
0.013062462,-0.053788727,-0.091860958
0.021977608,0.087877259,-0.130478614
0.013549833,-0.15780184,-0.169471199
0.030210434,0.525989801,-0.163847268
0.312439656,1.912547612,-0.212962928
0.683321717,1.824873365,-0.040495726
0.987996262,1.695688352,0.111725326
1.306298458,1.800886201,0.031115656
1.596539314,1.751599665,0.140219908
1.876320432,1.793174167,0.178087706
2.145165688,1.655999681,0.160091129
2.406786602,1.671356265,0.247824445
2.665663241,1.673699494,0.302189106
2.905086266,1.671491235,0.343431263
3.134154526,1.719787991,0.342306477
3.349966287,1.748562841,0.350929837
3.558564952,1.786151979,0.330308759
3.754192043,1.793485348,0.318685969
3.934035802,1.817225067,0.367051771
4.100105698,1.826702958,0.394796495
4.252015583,1.83600089,0.359178268
4.39297461,1.845598755,0.235076869
4.52165188,1.834591204,0.15671677
4.636630268,1.826256808,0.134221048
4.737497382,1.821994006,0.135345835
4.824890554,1.800020144,0.197958927
4.900354376,1.792997956,0.210706503
4.964586165,1.784569831,0.200958357
5.016697404,1.754891433,0.137220478
5.05617073,1.733809872,0.067858669
5.083107367,1.695583376,0.045362947
5.097810984,1.660772369,-0.046869514
5.101053878,1.63617784,-0.072739594
5.093439638,1.600103365,-0.119605682
5.074867043,1.563927663,-0.23545865
5.045778474,1.519196363,-0.331065468
5.007636046,1.477006998,-0.436795362
4.960837155,1.434082796,-0.406801066
4.905764198,1.385234913,-0.367808481
4.843455651,1.349794046,-0.39105406
4.772903032,1.297095769,-0.328440967
4.693334044,1.236932902,-0.362559479
4.605314787,1.186202937,-0.485911021
4.508729043,1.124487916,-0.533152038
4.404304118,1.070706129,-0.580767983
4.292564875,1.011694257,-0.643756004
4.173117667,0.946353791,-0.655003865
4.047492091,0.889760131,-0.644130933
3.915856852,0.822072688,-0.686497876
3.776614872,0.747719228,-0.715367386
3.631843102,0.687331411,-0.68537309
3.483805944,0.631427597,-0.614886494
3.331075025,0.560587105,-0.54402497
3.171697112,0.484126614,-0.508781672
3.004427533,0.398716863,-0.455916725
2.829963604,0.322095157,-0.493784524
2.6516157,0.24993121,-0.545899613
2.468191637,0.164446476,-0.472413588
2.281719628,0.090554164,-0.400802207
2.090456385,0.000634166,-0.316443249
1.894795553,-0.068556692,-0.257579443
1.697065268,-0.163305615,-0.203214782
1.49324659,-0.243650243,-0.115106537
1.292205929,-0.318352375,-0.115856395
1.083404817,-0.430692385,-0.120355539
0.878378958,-0.483735586,-0.049868943
0.66846439,-0.642535261,-0.026998293
0.457053967,-0.692492898,-0.101984033
0.25581086,-0.933541777,-0.106483177
0.039601704,-1.016072168,-0.128229042
-0.049362303,-0.315896672,-0.138727045
-0.023996502,-0.081899974,-0.032622223
-0.030167372,-0.15744192,0.025491725
-0.028559047,-0.049878347,0.119973758
-0.027021953,-0.083305911,0.180712207
-0.029447562,-0.046417867,0.221204507
-0.026669546,-0.051587967,0.224203936
-0.029357586,-0.045836746,0.132346405
-0.027036949,-0.032418481,0.128222189
-0.028424083,-0.037119935,0.077981743
-0.028015441,-0.027383351,-0.005627357
-0.028090421,-0.03638135,-0.021374362
-0.028817729,-0.023840389,-0.031872366
-0.02820664,-0.027777014,-0.04499487
-0.028667768,-0.027192144,-0.088861528
-0.028724003,-0.028778041,-0.112482036
-0.029110151,-0.022873105,-0.167971484
-0.029200128,-0.019495106,-0.250455798
-0.029784973,-0.030183978,-0.286448953
-0.030770963,-0.025040122,-0.332940112
-0.031494522,-0.021242217,-0.305195388
-0.032401782,-0.025362551,-0.241457509
-0.033196572,-0.022996827,-0.176969773
-0.033279051,-0.022273238,-0.093735601
-0.034085088,-0.021414679,-0.074239309
-0.033822657,-0.013267741,-0.06824045
-0.034602451,-0.024706447,-0.059242161
-0.035041085,-0.015933398,-0.044619942
-0.034583706,-0.024436507,-0.046869514
-0.036180784,-0.017568035,-0.072364665
-0.034497479,-0.014467474,-0.086986885
-0.037140531,-0.03080634,-0.107233034
-0.034951109,-0.002083979,-0.120355539
-0.036844359,-0.044640762,-0.088486599
-0.036761881,0.004447068,-0.020999433
-0.03471867,-0.043973411,0.016493437
-0.040263456,-0.002136467,-0.019874647
-0.030947166,-0.011003245,-0.102358961
-0.045995693,-0.065936025,-0.127854113
-0.021983283,0.107395417,-0.115481466
-0.108709132,-0.998218639,-0.177344701
-0.46066994,-1.937193515,-0.136477473
-0.809102929,-1.665915111,-0.020624505
-1.115412042,-1.758995655,-0.000378355
-1.430913728,-1.776395534,0.100102537
-1.712824284,-1.769362099,0.158966343
-1.991776871,-1.741018404,0.14809341
-2.255523473,-1.631895178,0.196834141
-2.51796542,-1.687843983,0.247824445
-2.769921386,-1.671047719,0.328809044
-3.004744377,-1.704509025,0.356178839
-3.228609011,-1.733107664,0.351679694
-3.441117894,-1.771645341,0.351304766
-3.646226231,-1.808739589,0.320560612
-3.835337542,-1.815446847,0.319810755
-4.010315086,-1.832835479,0.343056334
-4.17059651,-1.834053958,0.400420425
-4.318536194,-1.848923151,0.404169712
-4.455461286,-1.853459641,0.298814748
-4.579782207,-1.851382604,0.210331575
-4.690411743,-1.841331089,0.154467198
-4.785366668,-1.823777494,0.127472332
-4.868336008,-1.816117948,0.140969765
-4.939518461,-1.801267502,0.137595407
-4.998209213,-1.782802859,0.089979462
-5.045889122,-1.75847827,0.052861521
-5.080496233,-1.727716363,0.020242724
-5.102780349,-1.699376417,-0.035246724
-5.113892414,-1.665750147,-0.064866091
-5.113082628,-1.631940168,-0.064116234
-5.101925575,-1.594962144,-0.113606822
-5.080443747,-1.554107482,-0.2152125
-5.048067297,-1.512360519,-0.313443819
-5.007000641,-1.473159239,-0.443544078
-4.958226021,-1.433807993,-0.444668864
-4.901132348,-1.387891957,-0.421048356
-4.836574396,-1.342324593,-0.443544078
-4.764226001,-1.292884341,-0.392553775
-4.682992452,-1.241419539,-0.446918437
-4.592716291,-1.179554551,-0.499783383
-4.493839902,-1.117453366,-0.538401039
-4.387004364,-1.059138838,-0.604013562
-4.27197349,-0.992981055,-0.616386209
-4.149901975,-0.933961683,-0.626509284
-4.022158208,-0.871800511,-0.629508714
-3.88764373,-0.807112401,-0.649379935
-3.745751199,-0.741610722,-0.655753723
-3.599551056,-0.675347962,-0.603638633
-3.45048667,-0.61327302,-0.531277394
-3.295097703,-0.540857879,-0.468289373
-3.132191972,-0.458466207,-0.429296788
-2.961225868,-0.374016243,-0.422923
-2.784265098,-0.304390481,-0.448418151
-2.603982706,-0.225710483,-0.46903923
-2.419025297,-0.144975943,-0.427797073
-2.231237386,-0.068822883,-0.350561761
-2.037312346,0.011956648,-0.291323026
-1.84159153,0.087543583,-0.245956653
-1.640700829,0.186611546,-0.184093418
-1.437309539,0.2484053,-0.148100263
-1.234053212,0.362481174,-0.134977758
-1.024209876,0.431252126,-0.059992018
-0.820319967,0.524160208,0.031490585
-0.604283266,0.664289037,0.033740157
-0.401514311,0.716518668,0.027741298
-0.187490828,1.038901954,0.037489444
-0.001479948,0.754617693,-0.03337208
0.019679465,0.090670388,-0.040120797
0.001080626,0.115456124,0.006370362
0.011577854,0.087614818,0.039739016
0.004897118,0.036374966,0.106476325
0.008784842,0.058015152,0.145468909
0.00689909,0.011757942,0.175838134
0.007558915,0.035426427,0.158216485
0.008383698,0.006344146,0.103476895
0.007154022,0.011637969,0.089229604
0.008916057,0.004653272,0.059985166
0.007888828,0.005275634,0.013494007
0.009043523,0.011424266,-0.020999433
0.00848867,-0.001600337,-0.07686381
0.008811085,0.008267468,-0.109107678
0.009234723,-0.000580563,-0.10835782
0.00924597,-0.000636801,-0.116606252
0.00977458,0.002654967,-0.134602829
0.00981207,-0.001529102,-0.170595985
0.010513135,-0.000513078,-0.229834719
0.011469133,-4.82e-05,-0.283074595
0.012342652,0.005440597,-0.308194818
0.013328642,0.003491031,-0.299571458
0.013673551,-0.001619082,-0.219711644
0.014029707,0.004443319,-0.142476332
0.014727022,0.000592925,-0.072364665
0.014592058,0.004165881,-0.028123079
0.015649279,-0.001420377,-0.040495726
0.015109421,-0.006586727,-0.016875218
0.016609025,0.012065373,-0.03074758
0.01617414,-0.009769769,-0.041620512
0.016234124,0.0141949,-0.025873506
0.017752474,-0.010328395,-0.062991448
0.015278127,-0.000111918,-0.077613667
0.019686963,0.006895274,-0.066740735
0.014903226,-0.022565673,-0.040870654
0.020526741,0.03784089,-0.028123079
0.016012933,-0.060525979,-0.044245013
0.018419797,0.080255205,-0.079113382
0.021115336,-0.113336731,-0.150349835
0.01038192,0.240989449,-0.175470058
0.237346985,1.723282214,-0.198715637
0.616994232,1.909795724,-0.112107107
0.927843396,1.671438747,0.013119078
1.244683478,1.815920357,-0.025123649
1.543040941,1.748169178,0.083980603
1.822507142,1.791427055,0.131596548
2.095630019,1.67083888,0.061109952
2.356894777,1.646049395,0.160091129
2.618118296,1.673050888,0.254198232
2.861072889,1.670688914,0.332183402
3.092739213,1.71179477,0.349805051
3.311096551,1.728707257,0.337807333
3.521457251,1.783711272,0.319810755
3.720825854,1.79544991,0.290191388
3.903942498,1.808227068,0.296190247
4.073641436,1.818094873,0.305563464
4.228179377,1.821416634,0.355054053
4.371777707,1.834951123,0.340056905
4.504001541,1.834898635,0.292066031
4.622803919,1.822173966,0.229452938
4.72735631,1.811316381,0.154467198
4.817819921,1.802145921,0.183336708
4.896189226,1.787434194,0.169839275
4.962959094,1.771114074,0.128222189
5.017728381,1.751730886,0.105726467
5.0602609,1.728984696,0.061859809
5.090320462,1.692434076,0.028866084
5.108075773,1.657424364,-0.050618801
5.114344118,1.627775959,-0.06824045
5.109642859,1.594967008,-0.093360672
5.094219432,1.55332877,-0.161222767
5.068073837,1.508207557,-0.230584577
5.031749679,1.470142275,-0.394428419
4.986937762,1.435713684,-0.453292225
4.933795545,1.387465666,-0.467164586
4.87303534,1.33745929,-0.519654604
4.804709633,1.301808471,-0.472788517
4.727525015,1.233648633,-0.464915014
4.642231289,1.174385566,-0.521529248
4.548547278,1.131420124,-0.553773116
4.446562959,1.066709518,-0.577018696
4.336518268,1.010520768,-0.625759427
4.218559418,0.94595638,-0.666626655
4.094305979,0.885324867,-0.637007288
3.963776698,0.8269616,-0.657628366
3.826315497,0.756668487,-0.692496735
3.682439741,0.687616347,-0.640006717
3.534961185,0.627288517,-0.588266557
3.383966058,0.566060887,-0.542525255
3.226170228,0.488126974,-0.513280817
3.061041333,0.409806896,-0.444293936
2.88769086,0.325986792,-0.432671146
2.709804084,0.250767274,-0.466414729
2.527943358,0.174400512,-0.395928133
2.34150884,0.104343596,-0.394803347
2.151827679,0.018180263,-0.345687688
1.95588942,-0.066187219,-0.267702518
1.759261344,-0.136517824,-0.261703659
1.556874788,-0.230888082,-0.199465495
1.35510307,-0.299805251,-0.185218204
1.149188696,-0.406221579,-0.161222767
0.941298593,-0.465184713,-0.121855254
0.735447952,-0.598347591,-0.055867803
0.519538717,-0.683993539,-0.014250717
0.319907684,-0.831755669,-0.005252428
0.099567119,-1.08681893,0.019117938
-0.042096722,-0.536527592,-0.02774815
-0.030332329,-0.06982391,0.01836808
-0.025308655,-0.16359805,0.048362376
-0.030617253,-0.072437079,0.075357242
-0.025019982,-0.075841322,0.143219337
-0.029601272,-0.061744458,0.158966343
-0.026062206,-0.041498961,0.192334997
-0.028289118,-0.053590022,0.144719052
-0.027055694,-0.026029902,0.105726467
-0.027438093,-0.038908287,0.082105959
-0.027944209,-0.024743938,0.029241012
-0.026879491,-0.031447447,-0.009376644
-0.028060429,-0.027330863,-0.087361813
-0.02748683,-0.021710863,-0.125229612
-0.028015441,-0.023814145,-0.148475191
-0.027996695,-0.021515906,-0.193091707
-0.028499063,-0.022097027,-0.18934242
-0.028780239,-0.022366967,-0.188967491
-0.028825227,-0.024923898,-0.196091136
-0.030043655,-0.021973305,-0.234333864
-0.030688485,-0.022738135,-0.275576021
-0.031457032,-0.024942644,-0.295447242
-0.032810424,-0.021958308,-0.314193677
-0.032667962,-0.017628021,-0.250455798
-0.033286549,-0.022558175,-0.224210789
-0.033444007,-0.016049622,-0.164972054
-0.033758924,-0.0215459,-0.056242731
-0.034594953,-0.01435125,-0.050243872
-0.033556477,-0.017166874,-0.015000574
-0.035644676,-0.021137241,0.013119078
-0.034006359,-0.007617748,0.044613089
-0.035967091,-0.035871463,0.080981173
-0.035378496,-0.002166461,0.063734453
-0.03509732,-0.034990409,0.08473046
-0.037579165,-0.006459256,0.079481458
-0.033057859,-0.024620216,0.039364087
-0.040259707,-0.027240883,-0.052493444
-0.031003402,0.019961117,-0.14885012
-0.042831528,-0.091992729,-0.197215922
-0.028015441,0.13948078,-0.219711644
-0.066701475,-0.69100073,-0.272576591
-0.379305176,-1.880944777,-0.326941253
-0.745444739,-1.716660072,-0.202839853
-1.050359221,-1.714639272,-0.127104255
-1.36932874,-1.792037055,-0.032247294
-1.656664114,-1.752629571,0.149968054
-1.936917607,-1.763813333,0.223829008
-2.204611917,-1.631535258,0.315686539
-2.466986382,-1.669907972,0.354679124
-2.723017522,-1.667032362,0.387297921
-2.960033683,-1.685005864,0.418417003
-3.187399893,-1.720881633,0.375675131
-3.402083201,-1.750406316,0.388422707
-3.609834591,-1.794369036,0.355428981
-3.802859868,-1.798616841,0.30968768
-3.980847867,-1.817808822,0.305938393
-4.144739588,-1.820339509,0.261321878
-4.295041148,-1.832108141,0.215955505
-4.435302859,-1.840798708,0.121473473
-4.562514267,-1.837443204,0.100102537
-4.67652541,-1.830353531,0.107976039
-4.775945406,-1.813969676,0.090354391
-4.86215764,-1.80388067,0.19158514
-4.936732947,-1.787837989,0.241450657
-4.998764066,-1.770711799,0.257947519
-5.049578148,-1.750661259,0.247074587
-5.087390663,-1.718969559,0.210706503
-5.112625249,-1.689594843,0.171713918
-5.126878985,-1.659320328,0.03861423
-5.129210869,-1.625521596,-0.031872366
-5.12102678,-1.589840783,-0.173220486
-5.102532914,-1.548326268,-0.345312759
-5.073594306,-1.510448444,-0.401926993
-5.035238185,-1.469769993,-0.527153178
-4.987734479,-1.424495064,-0.507656886
-4.932309115,-1.385095079,-0.479537234
-4.869554437,-1.338575427,-0.522279105
-4.798375733,-1.289701299,-0.460040941
-4.718653035,-1.237299206,-0.470164016
-4.631053668,-1.179430829,-0.466789658
-4.535307701,-1.123538262,-0.473163446
-4.431141458,-1.061489565,-0.496409025
-4.318963581,-1.000816811,-0.545524685
-4.19881156,-0.938708127,-0.560146904
-4.072038786,-0.876805648,-0.530902465
-3.939008916,-0.812042554,-0.614511566
-3.798447284,-0.740947119,-0.621635211
-3.652700771,-0.680784253,-0.614511566
-3.50399254,-0.619271686,-0.58151784
-3.350316871,-0.548292475,-0.534276824
-3.189885486,-0.476173518,-0.556772546
-3.02116504,-0.390235135,-0.489660308
-2.845055296,-0.313722155,-0.490410166
-2.665590187,-0.239353699,-0.466414729
-2.480921452,-0.154944975,-0.374932126
-2.293613415,-0.091040441,-0.352436404
-2.100711854,0.001121558,-0.259829015
-1.903731371,0.075673724,-0.208463783
-1.70515006,0.165863661,-0.159723052
-1.500686553,0.245908355,-0.097484888
-1.299012309,0.323947245,-0.051368658
-1.089663841,0.424316168,-0.003752713
-0.884829182,0.48809698,-0.04499487
-0.672571483,0.643874828,-0.037121367
-0.462454468,0.686225407,-0.095610245
-0.257319888,0.960833071,-0.132728186
-0.043408876,0.956750229,-0.134227901
0.028039757,0.229989396,-0.16047291
0.001582993,0.068655285,-0.021374362
0.010374422,0.119167799,0.052486592
0.007146524,0.025663599,0.116974328
0.007532672,0.067939194,0.183711637
0.008859822,0.018772631,0.208456931
0.006831607,0.029941397,0.281942956
0.009407177,0.018348976,0.240325871
0.00746519,0.012976421,0.195334427
0.009249719,0.014232391,0.131596548
0.008304968,0.000199263,0.017243294
0.008878567,0.009193512,-0.051743587
0.009197233,-0.001682818,-0.115856395
0.009051021,0.007416408,-0.099359532
0.009725843,0.004851978,-0.100859247
0.009425922,-0.001112945,-0.148100263
0.009917043,-0.000411851,-0.192341849
0.010059505,0.000109283,-0.277075736
0.010471896,-0.000231891,-0.326191395
0.010595613,-0.000962978,-0.351686547
0.010674343,0.002141331,-0.313443819
0.01106424,-0.000408102,-0.211463213
0.011150467,-0.003553652,-0.133852972
0.010876789,-0.002316427,-0.112107107
0.010771817,0.001177795,-0.101609104
0.010813056,-0.002822565,-0.026623364
0.010708084,-0.004265994,0.013868936
0.010509386,-0.00073053,0.00412079
0.01022821,-0.002136467,0.017618223
0.010288195,-0.001191678,0.001496289
0.010265701,-0.001510357,-0.031497437
0.010018266,-0.0046859,-0.066740735
0.009857058,-0.009016187,-0.083237598
0.009962031,-0.005184539,-0.026248435
0.010025764,-0.00275508,0.011619364
0.00981207,-0.006582978,-0.034121938
0.00977458,-0.003238722,-0.107233034
0.009613373,-0.003351197,-0.167221626
0.009523397,-0.003816094,-0.217462072
0.009545891,-0.001082952,-0.235083721
0.009332197,-0.001176681,-0.27295152
0.009294707,-0.000861751,-0.263953231
0.009272213,6.43e-05,-0.155223908
0.009144747,-0.006346781,-0.142851261
0.009088511,-0.008435066,-0.158598266
0.009013531,-0.001401631,-0.155223908
0.009013531,-0.001446621,-0.151099692
0.008934802,-0.005042071,-0.112107107
0.008751101,-0.005739416,-0.122230182
0.008736104,-0.004427208,-0.128229042
0.008646128,-0.003148742,-0.141726475
0.008466176,-0.000843005,-0.156348694
0.008462427,-0.003816094,-0.173220486
0.008556152,-0.004243499,-0.20358971
0.008469925,-0.001555347,-0.132728186
0.008244984,-0.006819176,-0.098984603
0.008364953,-0.004292238,-0.139476903
0.008349956,-0.005300763,-0.162347553
0.008342458,-0.005814399,-0.25270537
0.008394945,-0.003377441,-0.312693962
