0.002767681,-0.002950036,-0.080238168
0.004503472,0.007390163,-0.103108819
0.002501501,-0.01790546,-0.097859817
0.004480978,0.022034406,-0.109482607
0.00307135,-0.033633211,-0.093360672
0.003461247,0.033555593,-0.083612526
0.00519329,-0.029655346,-0.09411053
6.09e-05,0.009425961,-0.096360102
0.009489656,0.021966921,-0.089611386
-0.008869246,-0.109546324,-0.106858106
0.076285767,1.30311693,-0.086986885
0.311592379,2.488588222,-0.005252428
0.504137784,2.467172986,-0.001503141
0.667950776,2.67201242,0.039739016
0.822383745,2.600632048,0.037864373
0.951210975,2.590479307,0.035989729
1.073949814,2.613690393,0.123723045
1.174876912,2.498403539,0.060735023
1.26868464,2.498343552,0.034115085
1.350476791,2.418036416,0.070858098
1.423425028,2.350420208,-0.003002856
1.485579865,2.284397394,-0.043495155
1.533023586,2.217808457,-0.017250146
1.572774339,2.137621295,-0.017250146
1.601844163,2.0616257,-0.076488881
1.622508706,2.01568342,-0.061866662
1.633542042,1.938473095,-0.042370369
1.63642878,1.852905879,-0.081737883
1.632417339,1.7680735,-0.083237598
1.62033428,1.682701241,-0.088486599
1.600003399,1.600174599,-0.05361823
1.570671145,1.489263022,-0.118855824
1.533394738,1.385639823,-0.176219915
1.488305395,1.297365709,-0.175844986
1.434672058,1.197979068,-0.223460931
1.374541687,1.102817736,-0.175844986
1.307876791,0.997747359,-0.179969202
1.233421452,0.894679037,-0.199090566
1.152787745,0.785128406,-0.246331582
1.06684544,0.681186528,-0.30744496
0.979467264,0.581349986,-0.305945245
0.885633293,0.445176528,-0.364059194
0.78676815,0.324093463,-0.318317893
0.680120062,0.172724635,-0.271826734
0.566318864,0.056984131,-0.291697955
0.453481161,-0.079819187,-0.239582866
0.331323419,-0.220469149,-0.231709363
0.217690926,-0.356695096,-0.178094559
0.091664206,-0.640109551,-0.107233034
-0.003916804,-0.425822219,-0.10835782
-0.003223237,-0.051081829,-0.092610815
0.003693686,-0.092232676,-0.075364095
-0.000992576,-0.048573637,-0.094485459
0.00307135,-0.032643431,-0.153724193
2.72e-05,-0.041079055,-0.113606822
0.001984137,-0.019322644,-0.076488881
0.000821944,-0.034064365,-0.090736172
0.001073128,-0.01251041,-0.025123649
0.001455527,-0.021152237,0.016493437
0.000608251,-0.013571424,0.002996003
0.001286822,-0.012180483,0.007495148
0.000533271,-0.012367941,0.041988588
0.000833191,-0.009987221,0.016118508
0.000394557,-0.014272518,-0.008251858
0.000443294,-0.011528128,0.036364658
0.000447043,-0.013368969,0.017993151
-5.91e-05,-0.009031184,-0.020999433
-2.91e-05,-0.014677428,-0.00187807
-0.000362743,-0.01403632,0.011619364
-0.000452719,-0.007535266,0.029615941
-0.000396484,-0.01021592,0.014243864
-0.000793879,-0.009942231,-0.007127072
-0.000730146,-0.009432344,-0.015375503
-0.000407731,-0.008123885,-0.07386438
-0.000542695,-0.00828135,-0.101234175
-0.000553942,-0.008929956,-0.130853542
-0.000580185,-0.007962671,-0.133478043
-0.000475213,-0.00859628,-0.097859817
-0.000381488,-0.00819137,-0.123729897
-0.000512703,-0.007524019,-0.134602829
-0.000415229,-0.006867915,-0.124854683
-0.000456468,-0.006789182,-0.149599977
-0.000351496,-0.005979363,-0.152224478
-0.000284014,-0.004963339,-0.148475191
-0.000216531,-0.006597975,-0.199840423
-9.28e-05,-0.006320537,-0.226085432
-0.000317755,-0.006706701,-0.211838142
-0.00029901,-0.007760216,-0.222711074
-0.00026152,-0.006867915,-0.219336716
-0.000130304,-0.007261577,-0.181093988
3.47e-05,-0.006463005,-0.136477473
-2.84e-06,-0.006309289,-0.10835782
0.000105883,-0.007347808,-0.108732749
-4.03e-05,-0.008502551,-0.102358961
-4.03e-05,-0.009938482,-0.099359532
-0.000310257,-0.010249663,-0.085862099
-0.001075055,-0.010114693,-0.071614808
-0.001172529,-0.010050957,-0.091486029
-0.001787367,-0.010673318,-0.078738453
-0.002046048,-0.010991997,-0.056992589
-0.002064793,-0.014658682,-0.032622223
-0.002634643,-0.008345086,-0.016875218
-0.002559663,-0.013751384,-0.014250717
-0.003369449,-0.016210837,0.002621075
-0.00268338,-0.007895186,-0.006752143
-0.003526907,-0.017436814,0.008994863
-0.003028289,-0.000783018,-0.020624505
-0.003260728,-0.02280187,-0.049494015
-0.004250466,-0.005353252,-0.014625646
-0.002072291,-0.012131744,-0.043495155
-0.005247703,-0.014906127,-0.035621653
-0.001457454,0.00875486,-0.024373792
-0.005660094,-0.040078027,-0.028872936
-0.001689892,0.035107748,-0.029622793
-0.003650625,-0.072515812,-0.050993729
-0.005052754,0.078024451,-0.054368088
0.001792938,-0.206162332,-0.124854683
-0.166815038,-1.382320696,-0.109857535
-0.433534605,-1.580846534,-0.115856395
-0.639966343,-1.401411449,-0.13722733
-0.844351121,-1.481546123,-0.098984603
-1.023692512,-1.436061242,-0.117356109
-1.185484788,-1.515641039,-0.007876929
-1.333953082,-1.513515262,0.01274415
-1.459301231,-1.526727323,-0.008626786
-1.577530011,-1.518014261,0.080606244
-1.680106673,-1.518887817,0.032615371
-1.771290095,-1.555674634,0.005995433
-1.844631977,-1.556656915,0.031865513
-1.903577661,-1.581048989,0.020617652
-1.950117872,-1.580111698,0.065984025
-1.983510304,-1.588187401,0.023242153
-2.007084078,-1.581131471,-0.015000574
-2.018473571,-1.558910164,-0.034121938
-2.020018163,-1.543343627,-0.055117945
-2.012059015,-1.50898252,-0.045744728
-1.994566134,-1.466909379,-0.127854113
-1.967513278,-1.415680775,-0.106483177
-1.930143146,-1.355038015,-0.126354398
-1.883557948,-1.292681886,-0.126729327
-1.828331282,-1.215640274,-0.110232464
-1.765321671,-1.138688642,-0.190092277
-1.694191704,-1.057590432,-0.16047291
-1.616313519,-0.968135331,-0.142851261
-1.531046036,-0.873495134,-0.116981181
-1.438194305,-0.779091134,-0.152974336
-1.343633026,-0.683093739,-0.219336716
-1.243823133,-0.576669913,-0.219711644
-1.139975556,-0.473875279,-0.277450664
-1.028315042,-0.337113202,-0.308944675
-0.908939065,-0.225223092,-0.29319767
-0.786211474,-0.096053076,-0.283074595
-0.657672917,0.013317595,-0.273326449
-0.530817666,0.129530493,-0.313443819
-0.393468935,0.27070159,-0.281199951
-0.262531012,0.382914128,-0.229084862
-0.122014368,0.680106768,-0.238833008
-0.003470672,0.508439955,-0.159348124
0.006145539,0.057520262,-0.154474051
-0.005517632,0.078166919,-0.172470628
0.001234335,0.054749628,-0.112482036
-0.003414437,0.025052484,-0.11998061
-0.000527699,0.040926453,-0.12860397
-0.002053546,0.005260637,-0.078738453
-0.001386223,0.021734473,-0.064116234
-0.000955086,0.005991725,-0.065990877
-0.001948574,0.012275327,-0.031872366
-0.000625173,0.008462425,-0.041995441
-0.00150994,0.004649523,-0.044245013
-0.00086511,0.00740516,-0.022499148
-0.000651417,0.002741198,-0.01050143
-0.000505205,0.004075901,-0.006002285
-0.000482711,0.001571458,0.005245576
-0.000430225,0.001758916,0.026616511
-7.03e-05,-0.000700537,0.017993151
5.34e-05,0.000862865,0.033365228
3.09e-05,-3.69e-05,0.032615371
0.000240848,0.00084412,0.023617082
0.000814446,0.001657689,0.070108241
0.00083694,-0.000929236,0.062609667
0.000600753,0.00142899,0.028116226
0.000701976,0.000431711,0.000746431
0.00064949,-0.000992972,-0.022499148
0.000443294,-0.000475587,-0.029247865
0.000447043,-0.001510357,-0.063366376
0.000390808,-0.000475587,-0.066740735
0.000394557,-0.001120443,-0.096735031
0.000522024,-0.002818816,-0.146225619
0.000405804,-0.002331424,-0.161597696
0.000267091,-0.000906741,-0.187467776
0.000829442,0.001226535,-0.205839283
0.001504264,0.00210009,-0.210713356
0.001624233,0.002295047,-0.20658914
0.00231405,0.004600784,-0.232834149
0.002756434,0.000555434,-0.243707081
0.002895147,-0.000464339,-0.237333293
0.003903631,-0.001394132,-0.24708144
0.003693686,-0.001416627,-0.245956653
0.004728413,0.005770524,-0.227210218
0.004540962,-0.002725086,-0.178469487
0.004874624,0.01028452,-0.158598266
0.005545697,-0.005323258,-0.155973765
0.004600946,0.008125,-0.121480325
0.007045301,0.006696568,-0.110607393
0.004274783,-0.006193065,-0.106858106
0.007765111,0.021696981,-0.074239309
0.004840883,-0.027394599,-0.065990877
0.006749129,0.041893738,-0.055867803
0.007551417,-0.04091784,-0.029622793
0.002677704,0.040465306,-0.025123649
0.014048452,-0.022029542,-0.028872936
-0.009709025,-0.006196814,-0.02474872
0.13455288,1.376694312,0.045362947
0.481849919,2.026541004,0.094478606
0.78006492,1.741042014,0.107226182
1.060149708,1.891409814,0.113225041
1.330123416,1.887855605,0.121098544
1.571735864,1.990354054,0.212206218
1.809063193,2.04598043,0.268070594
2.02643829,2.030410144,0.280443241
2.237297609,2.10958878,0.317186254
2.428062234,2.171097598,0.36442727
2.604246959,2.278443719,0.351304766
2.76469334,2.358709614,0.339681976
2.908921503,2.447808544,0.38467342
3.040912898,2.501024206,0.405669427
3.156164964,2.5282469,0.405294499
3.25801057,2.514232518,0.362927555
3.346213528,2.451677683,0.334058046
3.424406629,2.390412561,0.272944667
3.491633877,2.332731642,0.12222333
3.547681576,2.282335353,-0.033747009
3.592879641,2.228062426,-0.101609104
3.625874678,2.170092821,-0.18634299
3.648882352,2.098656212,-0.262078588
3.662401282,2.030687582,-0.216712215
3.665647925,1.957976257,-0.342688258
3.65919213,1.874778514,-0.412799925
3.643806193,1.801189884,-0.306320174
3.619377643,1.737221613,-0.372307625
3.586761256,1.673995678,-0.333315041
3.547257938,1.595004499,-0.291323026
3.500436552,1.520849745,-0.43454579
3.445626026,1.45236373,-0.417673998
3.382170283,1.380477221,-0.41992357
3.310073071,1.311646282,-0.463790228
3.230117935,1.238005164,-0.351686547
3.14212867,1.163929142,-0.357310477
3.046536413,1.085200405,-0.419548642
2.944364644,1.005406905,-0.377556627
2.835275951,0.926374486,-0.440544649
2.718243106,0.836004589,-0.524153749
2.596550241,0.758734277,-0.496034096
2.471940647,0.683259817,-0.505032385
2.342374861,0.599372227,-0.50953153
2.207624195,0.509808401,-0.450667724
2.063384784,0.403530792,-0.416174283
1.912858283,0.310870154,-0.328815896
1.756948205,0.211427275,-0.22383586
1.597221634,0.125867558,-0.163847268
1.434690803,0.018322732,-0.031122508
1.265966608,-0.072429581,-0.001128212
1.096979982,-0.171595021,-0.063366376
0.919494351,-0.288838941,-0.063741305
0.745903941,-0.354932988,-0.131978329
0.564957973,-0.496175319,-0.184468347
0.386253913,-0.538447165,-0.143601118
0.210635289,-0.805042861,-0.121105396
0.02787855,-0.835422353,-0.093360672
-0.030770963,-0.212787108,-0.022874077
-0.00821317,-0.077037306,0.001496289
-0.016044852,-0.12228599,0.041238731
-0.012633253,-0.037221163,0.082105959
-0.013225596,-0.071919694,0.072357813
-0.01434655,-0.030236467,0.098977751
-0.012637002,-0.04528187,0.080231316
-0.014878909,-0.031687394,0.044613089
-0.012899432,-0.025190089,0.049487162
-0.014350299,-0.03121125,0.023617082
-0.013735461,-0.016188342,0.01836808
-0.014087868,-0.026730996,0.004870647
-0.01438404,-0.020226193,-0.046869514
-0.01430906,-0.022153265,-0.072739594
-0.014706455,-0.017106887,-0.172095699
-0.014556495,-0.016357054,-0.273701377
-0.015047615,-0.017028155,-0.286823882
-0.015077607,-0.01376638,-0.331065468
-0.015411269,-0.018164152,-0.329190825
-0.015696194,-0.015955893,-0.239582866
-0.015816162,-0.014313759,-0.184468347
-0.015988616,-0.013770129,-0.155973765
-0.016187314,-0.013211504,-0.083987455
-0.015984867,-0.012949062,-0.049868943
-0.015834907,-0.010654573,-0.079488311
-0.015879895,-0.010770797,-0.085862099
-0.015418767,-0.010999496,-0.108732749
-0.015628712,-0.012934065,-0.155973765
-0.016374764,-0.014291264,-0.199090566
-0.016734669,-0.012079256,-0.225710504
-0.017049586,-0.011411904,-0.206214211
-0.017765647,-0.013162765,-0.180344131
-0.017806886,-0.01125069,-0.133478043
-0.018279262,-0.013653905,-0.098609674
-0.019014068,-0.010365887,-0.07086495
-0.018822868,-0.013893852,-0.046869514
-0.0200263,-0.013601417,-0.086611956
-0.019328984,-0.010568342,-0.070115093
-0.020569907,-0.021838335,-0.052868373
-0.020045045,-0.002518882,-0.06824045
-0.020566158,-0.024548982,-0.022499148
-0.021709606,-0.002106474,0.001871217
-0.019475196,-0.018190396,0.00412079
-0.023250449,-0.01705065,0.016493437
-0.018695402,0.005489336,0.00412079
-0.024405144,-0.043590996,-0.030372651
-0.018916593,0.039355553,-0.058117375
-0.02309299,-0.089889447,-0.078363524
-0.022583125,0.098614871,-0.118855824
-0.019070303,-0.311438913,-0.155598837
-0.249986825,-1.68160912,-0.161597696
-0.607514912,-1.811611451,-0.138352117
-0.895690064,-1.597267881,-0.075364095
-1.186343311,-1.694075097,-0.03074758
-1.453546501,-1.620306506,0.074232456
-1.705423738,-1.696384583,0.17996235
-1.949150627,-1.619916593,0.164965202
-2.178481318,-1.585536741,0.155217056
-2.401971051,-1.595052124,0.126347546
-2.605456067,-1.598381384,0.126722474
-2.799366111,-1.641020648,0.164965202
-2.977384102,-1.649924918,0.13947005
-3.142494251,-1.688320127,0.195334427
-3.29446412,-1.696110894,0.241450657
-3.429784636,-1.707999499,0.156341842
-3.550682711,-1.71608645,0.145093981
-3.655445046,-1.708340673,0.113225041
-3.747588214,-1.711384996,0.056610808
-3.826156217,-1.703339286,0.033365228
-3.89101409,-1.691788105,-0.012751002
-3.943181564,-1.672592375,-0.042745298
-3.982081291,-1.645639621,-0.089986314
-4.009107905,-1.620493965,-0.041995441
-4.025127424,-1.589030964,-0.081737883
-4.030421026,-1.54939853,-0.169846127
-4.024767519,-1.505893207,-0.169846127
-4.008789239,-1.455047018,-0.225335575
-3.984285709,-1.404275812,-0.17771963
-3.951129465,-1.362240163,-0.258704229
-3.909387988,-1.312065074,-0.385055201
-3.859717354,-1.25620625,-0.267702518
-3.80111283,-1.201082263,-0.279700236
-3.733656893,-1.139824639,-0.29319767
-3.657735691,-1.078570765,-0.184093418
-3.573319233,-1.01246547,-0.274451235
-3.480684945,-0.94139253,-0.297321885
-3.380278959,-0.874642379,-0.221211359
-3.273390935,-0.806246344,-0.348687117
-3.158468783,-0.731169294,-0.364809051
-3.03593614,-0.662312112,-0.313818748
-2.908987163,-0.601144468,-0.417673998
-2.778536611,-0.53500918,-0.338189114
-2.642672489,-0.456104232,-0.24408201
-2.499212872,-0.374582367,-0.348312189
-2.34808653,-0.285708387,-0.277825593
-2.189398435,-0.205416248,-0.178844416
-2.027876088,-0.129848058,-0.258704229
-1.860636501,-0.038919535,-0.242957224
-1.690000311,0.031924706,-0.14885012
-1.514430423,0.136016551,-0.126729327
-1.333057069,0.206587102,-0.130478614
-1.15128257,0.301868407,-0.089611386
-0.961972561,0.387938011,-0.006002285
-0.778117361,0.454440717,0.003745861
-0.584319787,0.578988012,-0.00187807
-0.397982743,0.606656857,0.053236449
-0.204859991,0.910961664,-0.0479943
-0.021927048,0.77400463,-0.109857535
0.01356108,0.125151468,-0.05961709
-0.007437125,0.096466598,-0.153724193
0.002479007,0.097733817,-0.1316034
-0.002927066,0.032509576,-0.026248435
-0.000122806,0.064639928,-0.022499148
-0.000797628,0.016391911,0.00674529
-0.001157533,0.037833391,0.052486592
0.000522024,0.015807041,0.0761071
-0.00094009,0.019698675,0.080231316
0.000439545,0.015068455,0.061109952
-0.000568938,0.006512859,0.022492296
0.000480784,0.014528576,-0.046119656
0.000323326,0.003142358,-0.125229612
0.000604502,0.010007081,-0.137602259
0.00099065,0.004252112,-0.155598837
0.000810697,0.001803906,-0.162722482
0.001238084,0.004300851,-0.119605682
0.001354304,0.003303573,-0.163847268
0.001980388,0.001927629,-0.168721341
0.002272811,0.00084412,-0.104983462
0.002606473,0.004589536,-0.155973765
0.003303789,0.006617835,-0.176219915
0.004106077,-0.000629303,-0.09973446
0.004615942,0.002606228,-0.122605111
0.005167047,0.00601422,-0.125229612
0.005350748,-0.000801764,-0.043870084
0.006074307,0.006167935,-0.061116804
0.006306746,-0.000183152,-0.088861528
0.006621663,0.005043186,-0.061491733
0.007570162,0.000266748,-0.083987455
0.006891592,0.002763693,-0.141351546
0.008938551,0.009763386,-0.145475762
0.007453943,-0.007254079,-0.148475191
0.009144747,0.019061317,-0.211088284
0.008751101,-0.014508715,-0.221961217
0.00829747,0.015529603,-0.177344701
0.011109228,-0.010647074,-0.178469487
0.006625412,0.002808683,-0.144725904
0.01378977,0.015837034,-0.061866662
0.004694672,-0.039433171,-0.070115093
0.016039176,0.085616512,-0.057742446
0.003082597,-0.161367297,-0.026998293
0.033794487,0.62790713,-0.060741876
0.334030204,1.925047332,-0.045369799
0.697575453,1.777330191,0.025491725
1.002148774,1.689509727,0.046487733
1.322419201,1.75121725,0.004495718
1.612161438,1.697960347,0.104601681
1.893828309,1.741394435,0.175088277
2.162864764,1.623899322,0.163840416
2.42712873,1.648471356,0.22607858
2.68407088,1.641018014,0.214830719
2.920907088,1.65483744,0.215580576
3.149979097,1.69956499,0.2433253
3.366019548,1.720147911,0.238076298
3.573279816,1.761456222,0.240325871
3.764528064,1.766810031,0.263946379
3.93976054,1.782788977,0.250823874
4.101342871,1.792578049,0.216330434
4.24918508,1.810529056,0.25494809
4.385941467,1.812801051,0.241825585
4.509808758,1.79837426,0.1597162
4.621304315,1.788236515,0.094103678
4.719172221,1.760533928,-0.013125931
4.802880116,1.742249245,-0.118105967
4.875041061,1.724819372,-0.191591992
4.935523839,1.6918792,-0.157848409
4.983391199,1.655673504,-0.028123079
5.019509161,1.614541404,0.087354961
5.043922714,1.574256615,0.196459213
5.057239198,1.5327421,0.165340131
5.060103441,1.485851281,0.033365228
5.052485453,1.433415445,-0.091860958
5.034910094,1.387334446,-0.285324167
5.007208659,1.350056488,-0.429296788
4.96948987,1.301703494,-0.404926422
4.92321209,1.255243829,-0.475787947
4.868960167,1.214430408,-0.5901412
4.806254225,1.164454025,-0.538026111
4.735139255,1.115714867,-0.433046075
4.655619003,1.065509785,-0.344562902
4.567592249,1.009800928,-0.284949238
4.471790047,0.953469709,-0.300321315
4.368122423,0.894903986,-0.461165727
4.256259462,0.835292247,-0.591640915
4.137535814,0.777723803,-0.62201014
4.011883994,0.716518668,-0.565395906
3.878512964,0.647875188,-0.401552064
3.738389966,0.586606317,-0.194591421
3.59390312,0.529116606,-0.029997722
3.446357083,0.467311604,-0.026248435
3.292921351,0.400655182,-0.048369229
3.131777654,0.32644419,-0.06524102
2.962172441,0.246193292,-0.190842134
2.786651291,0.178577083,-0.305195388
2.607662307,0.104583543,-0.377931556
2.423072301,0.028775406,-0.489660308
2.235700531,-0.043069862,-0.515530389
2.041393091,-0.13150144,-0.414674568
1.844588811,-0.198487789,-0.284949238
1.64403927,-0.288216579,-0.080238168
1.440153111,-0.344577791,0.152217626
1.236806808,-0.437643339,0.175463205
1.026127442,-0.510467139,0.083230745
0.820921631,-0.581693795,0.003745861
0.603377828,-0.696781944,-0.175844986
0.396664914,-0.723584732,-0.258704229
0.180448261,-1.038559666,-0.20658914
-0.014477765,-0.804341767,-0.12298004
-0.043678804,-0.12754607,-0.028123079
-0.022999265,-0.136109165,0.025116797
-0.033860147,-0.118491834,0.127097403
-0.027239395,-0.057444164,0.09635325
-0.030797206,-0.083485871,0.004870647
-0.029132646,-0.034866687,0.006370362
-0.029170136,-0.058100268,-0.119605682
-0.030429803,-0.030870076,-0.242207366
-0.028746497,-0.038233438,-0.259829015
-0.030680987,-0.035001657,-0.282324737
-0.029316347,-0.026817227,-0.24970594
-0.030219858,-0.031323725,-0.091486029
-0.030122384,-0.0235667,0.030365798
-0.030152376,-0.026333585,0.08473046
-0.030639748,-0.021620883,0.126347546
-0.030572265,-0.023053064,0.032990299
-0.030965911,-0.020154959,-0.123729897
-0.030917174,-0.019442618,-0.232084291
-0.031618239,-0.022824365,-0.295822171
-0.032814173,-0.027492077,-0.300696244
-0.033451505,-0.0224457,-0.234333864
-0.034355016,-0.022753131,-0.137602259
-0.035018591,-0.023236774,-0.056992589
-0.034924866,-0.02001624,-0.003002856
-0.035910856,-0.022112024,0.030740727
-0.035652174,-0.01444123,0.032990299
-0.036443215,-0.020912291,-0.020249576
-0.036698148,-0.012997801,-0.061116804
-0.036649411,-0.023480469,-0.134977758
-0.038006552,-0.013612664,-0.237708222
-0.036473207,-0.014381244,-0.231709363
-0.039221231,-0.024102831,-0.206214211
-0.03665316,-0.001026714,-0.181468917
-0.039386188,-0.038829555,-0.074614237
-0.038415194,0.012526521,-0.001128212
-0.037695384,-0.045375599,-0.028872936
-0.041819295,0.007131471,-0.107607963
-0.033612712,-0.024623965,-0.187467776
-0.048410055,-0.040134265,-0.247831297
-0.022313196,0.081631149,-0.295822171
-0.12992103,-1.095996889,-0.280450094
-0.490898207,-1.912703963,-0.227585147
-0.832204329,-1.607218168,-0.170970913
-1.141782578,-1.682253976,-0.067490592
-1.457824121,-1.649527506,0.056235879
-1.74335997,-1.646734377,0.157091699
-2.026800122,-1.611934619,0.248199373
-2.294629396,-1.507988991,0.274819311
-2.563047265,-1.542657529,0.19720907
-2.817267634,-1.50363246,0.166089988
-3.055670928,-1.528110765,0.15671677
-3.2856427,-1.53946324,0.121098544
-3.503670125,-1.561317128,0.162340701
-3.712546218,-1.578094646,0.238826156
-3.903753226,-1.56917538,0.248199373
-4.081148881,-1.586204092,0.274069454
-4.244830657,-1.584123305,0.260946949
-4.395578349,-1.594605973,0.145468909
-4.535648861,-1.597987721,0.074232456
-4.661345668,-1.584933125,0.023242153
-4.773246119,-1.576804933,0.016118508
-4.871312722,-1.556540691,-0.057367517
-4.955211817,-1.542593793,-0.092610815
-5.028111317,-1.534173167,-0.034496867
-5.088147963,-1.509942307,-0.054368088
-5.134763153,-1.487192367,0.028491155
-5.169632695,-1.463816317,0.130096833
-5.19150067,-1.43516894,0.102352109
-5.201904173,-1.407128928,-0.003752713
-5.201705476,-1.374814866,-0.085112241
-5.190323481,-1.344214173,-0.200590281
-5.168774172,-1.311476455,-0.36218455
-5.13765364,-1.274250986,-0.406801066
-5.096988128,-1.242551788,-0.439044934
-5.047651157,-1.205236338,-0.468664301
-4.990103853,-1.164010509,-0.405301351
-4.923746376,-1.124513045,-0.335939541
-4.848485001,-1.078087123,-0.254580014
-4.764428447,-1.027953275,-0.182968632
-4.671655446,-0.974715118,-0.222336145
-4.570852065,-0.921619429,-0.27295152
-4.462438194,-0.86582809,-0.318692821
-4.346102664,-0.807948465,-0.382055772
-4.222546542,-0.752933203,-0.359185121
-4.092155974,-0.692470403,-0.285324167
-3.954117426,-0.631126549,-0.216337286
-3.809626831,-0.57299573,-0.148100263
-3.661364733,-0.51680323,-0.08248774
-3.508862504,-0.456527888,-0.021374362
-3.349274647,-0.387839418,-0.037871225
-3.182192518,-0.309781782,-0.113606822
-3.007499899,-0.232282771,-0.14885012
-2.828608389,-0.172982213,-0.205089425
-2.646129076,-0.09351489,-0.299571458
-2.458052491,-0.020919789,-0.292072884
-2.266830487,0.054854605,-0.251205655
-2.068489113,0.13710006,-0.255329871
-1.868351963,0.203246595,-0.134227901
-1.663123658,0.302981909,-0.043495155
-1.456931857,0.349017919,-0.073114523
-1.249371667,0.4511452,-0.071614808
-1.036240449,0.512166626,-0.091486029
-0.8281479,0.599503448,-0.130478614
-0.607001298,0.698822605,-0.174345272
-0.40034462,0.744277493,-0.136477473
-0.176644942,1.059008731,-0.060741876
0.001050634,0.677752292,-0.016875218
0.009096009,0.063567667,0.055486021
-0.005397663,0.139147104,0.140969765
0.00451097,0.079846546,0.206207359
-0.002413451,0.050063171,0.178462635
0.00216409,0.058101383,0.120723615
-0.000332751,0.014978475,0.049862091
0.000983152,0.040888962,-0.044619942
0.001174351,0.010108309,-0.155223908
0.00053702,0.026679623,-0.230959505
0.001882914,0.010903132,-0.179219345
0.000863183,0.009358476,-0.132728186
0.002130349,0.01617071,-0.118855824
0.001650476,0.00443957,-0.071989737
0.002186584,0.011150577,-0.041245583
0.002269062,0.006160437,-0.07086495
0.002553987,0.006336648,-0.078363524
0.003045107,0.003536021,-0.064866091
0.002928888,0.005871751,-0.125604541
0.004087332,0.009088536,-0.143976047
0.005103314,0.004293352,-0.07386438
0.005774387,0.007663853,-0.052868373
0.006940329,0.008949817,-0.036746439
0.007251497,0.001672685,0.029615941
0.00757766,0.008042518,0.017993151
0.008106271,0.004233366,-0.053243302
0.007836342,0.0043046,-0.109857535
0.009223476,0.00511442,-0.186717919
0.008574897,-0.003302458,-0.265827875
0.009789576,0.012751471,-0.307819889
0.009504652,-0.010095947,-0.295447242
0.009673357,0.008462425,-0.248956083
0.011409149,-0.006245553,-0.187842705
0.00879234,0.00367474,-0.11135725
0.013174932,0.010494473,-0.06524102
0.008304968,-0.019498855,-0.037871225
0.013666053,0.041991216,-0.076113952
0.009602126,-0.053320082,-0.171345842
0.01151787,0.074762676,-0.181093988
0.015161908,-0.099303603,-0.256079728
0.002583979,0.217403446,-0.304445531
0.224105482,1.656580802,-0.233584006
0.603640258,1.870898127,-0.179219345
0.915846564,1.604234946,-0.04499487
1.234081278,1.709237838,-0.006752143
1.536139014,1.618174345,0.05886038
1.81990533,1.664101629,0.142094551
2.097474532,1.549279671,0.075357242
2.363388062,1.51084697,0.091479177
2.629579019,1.527875682,0.070483169
2.876136411,1.495164209,0.060735023
3.112623962,1.529784008,0.125972617
3.337931965,1.530620072,0.160466057
3.55410363,1.562405501,0.226453509
3.757712363,1.559346182,0.274069454
3.944353077,1.558825048,0.265446093
4.117876005,1.568827822,0.27219481
4.276129215,1.561336989,0.23770137
4.422797984,1.574717762,0.179212492
4.557372447,1.57202961,0.123348116
4.678266773,1.562832906,0.077231886
4.785765886,1.54798246,0.079481458
4.878733836,1.529645289,0.056610808
4.959097614,1.526702193,0.115849542
5.027640764,1.507176537,0.164965202
5.082983649,1.491857444,0.152217626
5.125737359,1.474161381,0.132721334
5.155736937,1.442848347,0.092229034
5.173188579,1.42359263,0.016868365
5.179085772,1.390944892,-0.129728756
5.174032106,1.361431458,-0.198340709
5.158237527,1.333185241,-0.317942964
5.131930724,1.2987529,-0.421423285
5.095801515,1.271500213,-0.401552064
5.050539717,1.230060681,-0.423297929
4.996932623,1.193723764,-0.37380734
4.934826523,1.155632238,-0.338938971
4.864225167,1.106135748,-0.340813615
4.784843629,1.06238673,-0.285699096
4.696708153,1.013868773,-0.31606832
4.60026862,0.963944878,-0.316818178
4.495536276,0.909585721,-0.310819319
4.383215937,0.85285709,-0.352811333
4.26357753,0.798659146,-0.303320745
4.137573304,0.742192957,-0.228709933
4.004670899,0.683810944,-0.152224478
3.864064279,0.618807904,-0.101234175
3.718010348,0.560133456,-0.06524102
3.568443594,0.506839061,-0.045369799
3.414415518,0.44170855,-0.082112811
3.252731963,0.368513582,-0.15184955
3.082785591,0.285525792,-0.213712785
2.906222216,0.215540111,-0.226460361
2.726022302,0.154619912,-0.278950379
2.540907435,0.074282783,-0.332565183
2.352178522,0.00686528,-0.277825593
2.158512164,-0.081356345,-0.226085432
1.959368502,-0.151177063,-0.202839853
1.75938881,-0.228346147,-0.178469487
1.552488446,-0.31279986,-0.183718489
1.347766257,-0.375527157,-0.17771963
1.136445811,-0.485722644,-0.163097411
0.9263138,-0.5286281,-0.130853542
0.713621216,-0.6596652,-0.130478614
0.495061431,-0.691791804,-0.115481466
0.29000558,-0.872820284,-0.046119656
0.06427019,-1.050392033,-0.019499719
-0.049107371,-0.397111105,0.019492866
-0.026508339,-0.071301082,0.046487733
-0.029166387,-0.168865629,0.052486592
-0.030392313,-0.056045725,0.01274415
-0.02707069,-0.086383977,-0.047244442
-0.030770963,-0.052870182,-0.058492303
-0.027426846,-0.046935252,-0.081362954
-0.030178619,-0.049413451,-0.094485459
-0.028349102,-0.030150236,-0.091860958
-0.029447562,-0.043575999,-0.040495726
-0.029327594,-0.025696227,0.013494007
-0.029218873,-0.034649235,0.031115656
-0.029901193,-0.025351303,0.054361235
-0.029327594,-0.027548315,0.044613089
-0.030069898,-0.027319615,0.017243294
-0.029822463,-0.022633158,-0.03074758
-0.030354823,-0.024440256,-0.091860958
-0.030576014,-0.020987274,-0.145475762
-0.030962162,-0.025066367,-0.197215922
-0.031798192,-0.025538762,-0.203214782
-0.032581735,-0.023188034,-0.184843275
-0.033477748,-0.023315506,-0.178469487
-0.034411252,-0.025943671,-0.142851261
-0.03464369,-0.019483858,-0.110982321
-0.035134811,-0.020439896,-0.122230182
-0.035277273,-0.01790546,-0.123729897
-0.035633429,-0.021789596,-0.141351546
-0.03642447,-0.017144379,-0.176594844
-0.035738401,-0.018985219,-0.170595985
-0.037620404,-0.024012851,-0.173220486
-0.036015828,-0.009856,-0.155223908
-0.037815353,-0.031229996,-0.095610245
-0.037346726,-0.001480363,-0.090361243
-0.036930586,-0.033408261,-0.121105396
-0.039772336,-0.005866888,-0.139476903
-0.035198544,-0.01925141,-0.188592562
-0.042344157,-0.030285206,-0.275950949
-0.03343276,0.02219562,-0.322817037
-0.044469845,-0.095771888,-0.343438115
-0.031374554,0.136905103,-0.353936119
-0.062787508,-0.619642853,-0.297696814
-0.36637484,-1.840581256,-0.202464924
-0.735048734,-1.701633415,-0.069365236
-1.040563057,-1.636416673,0.020242724
-1.360743507,-1.696328345,0.081356102
-1.651670432,-1.637518927,0.197583999
-1.934312045,-1.662132202,0.189710496
-2.205223006,-1.538687162,0.165715059
-2.471204018,-1.558047856,0.17133899
-2.730980419,-1.541135368,0.117349257
-2.970770848,-1.541521532,0.13947005
-3.202722097,-1.572617115,0.136845549
-3.422788984,-1.584528215,0.137970335
-3.634285634,-1.613363051,0.202458072
-3.830388849,-1.605576033,0.204707644
-4.010978661,-1.617393404,0.195334427
-4.178000805,-1.619440449,0.207332145
-4.331076632,-1.625978994,0.185211352
-4.473269084,-1.634230909,0.140594836
-4.602115059,-1.624329361,0.134221048
-4.717292145,-1.618506907,0.153342412
-4.818009298,-1.604248828,0.142844409
-4.904675162,-1.592663905,0.160091129
-4.979531645,-1.585139329,0.184461494
-5.042053885,-1.567878169,0.176587992
-5.091953208,-1.547291498,0.131221619
-5.128843466,-1.523094381,0.032615371
-5.153324502,-1.499249685,-0.034121938
-5.166063638,-1.472203202,-0.139476903
-5.166753455,-1.441988673,-0.239207937
-5.157077261,-1.412385258,-0.254954942
-5.137185014,-1.377371797,-0.331065468
-5.106690566,-1.34422542,-0.367433552
-5.067220989,-1.311971345,-0.329565754
-5.019372374,-1.275548198,-0.317568035
-4.963219703,-1.238184009,-0.265452946
-4.898800464,-1.194772416,-0.247831297
-4.82565353,-1.148833885,-0.25270537
-4.743433991,-1.101470671,-0.239207937
-4.652299307,-1.047475182,-0.294697384
-4.552939295,-0.994012075,-0.329565754
-4.44548892,-0.940552717,-0.329565754
-4.330416807,-0.882751825,-0.348312189
-4.208112853,-0.822532721,-0.323191966
-4.079225639,-0.763790788,-0.234708792
-3.943848888,-0.703972844,-0.161597696
-3.801146571,-0.639809617,-0.113981751
-3.653746745,-0.581210153,-0.067115663
-3.502879084,-0.522277012,-0.03937094
-3.345469401,-0.452891197,-0.032622223
-3.180261778,-0.374263688,-0.058117375
-3.007113751,-0.290747266,-0.086237027
-2.828975792,-0.224709456,-0.116231323
-2.647669919,-0.150442227,-0.130103685
-2.461794003,-0.076257479,-0.112856965
-2.272866393,0.000229256,-0.107607963
-2.076658206,0.087940995,-0.129353828
-1.878538024,0.155032321,-0.130478614
-1.675592865,0.253819095,-0.109857535
-1.469895934,0.309554197,-0.16047291
-1.264581401,0.408318477,-0.227210218
-1.052263718,0.481288495,-0.229459791
-0.845854474,0.560444637,-0.208463783
-0.626702345,0.677088689,-0.179969202
-0.419670766,0.705454879,-0.136477473
-0.20179705,1.024070253,-0.059992018
-0.010578795,0.759277906,-0.001128212
0.013062462,0.095750508,0.011994292
-0.006484876,0.119696431,0.050611948
0.004589699,0.092604957,0.060360095
-0.002087287,0.042043705,-0.00187807
0.001800436,0.063848854,-0.070490022
0.000285836,0.01594576,-0.090736172
0.000773207,0.043115966,-0.119605682
0.001616734,0.014022438,-0.167596555
0.000334573,0.019908629,-0.133103115
0.002212827,0.014948482,-0.088486599
0.000994399,0.008968562,-0.056242731
0.0021266,0.014254886,-0.022124219
0.001841675,0.003738476,0.010494577
0.002096608,0.007753833,0.063734453
0.002434019,0.005133166,0.073857528
0.002591477,0.004810737,0.054361235
0.003176323,0.005230644,0.030365798
0.003127586,0.003183599,-0.015000574
0.003802407,0.001361505,-0.061116804
0.004214798,0.006572845,-0.06224159
0.005148302,0.007138969,-0.083237598
0.00614179,0.005688042,-0.120730468
0.006726635,0.005639303,-0.091486029
0.007135277,-0.000108169,-0.101234175
0.00746519,0.005553072,-0.163097411
0.008117518,0.000109283,-0.178469487
0.00795631,0.000577929,-0.181843846
0.00928346,0.004975701,-0.19796578
0.008657375,-0.006380523,-0.198340709
0.009515899,0.011304293,-0.178469487
0.009905796,-0.007032878,-0.135727616
0.009219727,0.008128749,-0.081737883
0.011446639,-0.005473225,-0.032997152
0.008668622,-0.002725086,-0.011626216
0.012702557,0.014839756,-0.012376073
0.008897312,-0.028849275,-0.079113382
0.012773788,0.043850803,-0.179219345
0.011052993,-0.051711689,-0.252330441
0.009673357,0.059169895,-0.332190254
0.017418812,-0.063349101,-0.401177135
-0.002848336,0.102022862,-0.393678561
0.186202991,1.521059698,-0.312319033
0.563642071,1.909818219,-0.248956083
0.879691112,1.605685873,-0.096735031
1.191335066,1.713691848,-0.028872936
1.493880173,1.634460722,-0.019874647
1.773188916,1.674726765,0.107601111
2.04772142,1.593189903,0.098977751
2.309709737,1.53489787,0.085480317
2.570108474,1.546100378,0.12522276
2.811604702,1.52204198,0.142094551
3.04484561,1.571568463,0.154842127
3.267750497,1.574496561,0.152592555
3.478223668,1.596725367,0.207707074
3.675526566,1.601288102,0.236201655
3.856101382,1.602506581,0.206957216
4.023959556,1.607001831,0.209581717
4.177511507,1.608419015,0.173963491
4.319111615,1.619336587,0.137970335
4.447698909,1.609914933,0.123723045
4.562006224,1.598326261,0.09635325
4.661872352,1.58547412,0.126347546
4.748253292,1.575928743,0.149593125
4.82267114,1.566945741,0.177337849
4.884750997,1.547292613,0.17996235
4.933968,1.520643541,0.136470621
4.970352142,1.497649906,0.043113374
4.994390794,1.473554016,-0.018000004
5.005866514,1.442432189,-0.056242731
5.006117697,1.414073497,-0.212962928
4.995549238,1.383142878,-0.262453516
4.97410865,1.351841091,-0.283074595
4.943111835,1.315586656,-0.377556627
4.902869962,1.2756018,-0.380181128
4.854260298,1.244498719,-0.369308196
4.797361574,1.205957293,-0.338938971
4.732008831,1.162167034,-0.311944105
4.658040864,1.11610478,-0.305195388
4.574880324,1.063653948,-0.270327019
4.48295085,1.012054176,-0.309694532
4.382754809,0.958167414,-0.345312759
4.274697093,0.904325641,-0.318317893
4.159156354,0.845819905,-0.307819889
4.037242298,0.785814503,-0.284199381
3.908523789,0.730874225,-0.227585147
3.772007339,0.663381738,-0.156723623
3.629747405,0.604534829,-0.100859247
3.484233331,0.553587412,-0.06224159
3.33397301,0.479076487,-0.049868943
3.176998212,0.410245548,-0.03637151
3.012026776,0.329885924,-0.044245013
2.838702546,0.249106394,-0.092985744
2.661884238,0.186094161,-0.101984033
2.480173473,0.109708653,-0.129728756
2.295002371,0.03883067,-0.155598837
2.105366198,-0.052645232,-0.122605111
1.910785081,-0.116654743,-0.124854683
1.714333208,-0.202098236,-0.134602829
1.511125619,-0.284107493,-0.144350976
1.310009977,-0.355034215,-0.175844986
1.101298842,-0.462807741,-0.205089425
0.895774365,-0.504652183,-0.235083721
0.685402417,-0.646468136,-0.220836431
0.47192629,-0.672134927,-0.176969773
0.268148851,-0.893838109,-0.164597126
0.047879518,-1.007246631,-0.122605111
-0.04638559,-0.32390489,-0.058492303
-0.021480916,-0.081453823,-0.049494015
-0.02722065,-0.159627684,0.019867795
-0.02620092,-0.05107808,0.051736734
-0.024618837,-0.089158359,-0.017625075
-0.027415599,-0.046691556,-0.024373792
-0.024453881,-0.048731102,-0.043495155
-0.027164415,-0.04343728,-0.077613667
-0.02510246,-0.029662844,-0.0911111
-0.026613311,-0.040505432,-0.114731608
-0.026103445,-0.024533985,-0.113231894
-0.0260847,-0.03089632,-0.095610245
-0.026789514,-0.024530236,-0.088861528
-0.02620092,-0.028946753,-0.076113952
-0.026782016,-0.022539429,-0.032622223
-0.02676702,-0.020417401,0.019492866
-0.02729938,-0.023787901,0.032615371
-0.027355615,-0.019123939,0.028116226
-0.027693026,-0.020927287,0.042738446
-0.028165401,-0.02482642,0.043113374
-0.02877649,-0.025535012,0.050611948
-0.029927436,-0.020634852,0.025866654
-0.030426054,-0.020728582,-0.037121367
-0.031070884,-0.021519656,-0.067115663
-0.031149613,-0.018565313,-0.103483747
-0.031704466,-0.022243245,-0.152974336
-0.032143101,-0.016165847,-0.225335575
-0.032109359,-0.018490329,-0.286448953
-0.033267804,-0.014688675,-0.300696244
-0.032281814,-0.01741057,-0.325066609
-0.033987613,-0.023705419,-0.326191395
-0.033189074,-0.006687955,-0.253080299
-0.034246295,-0.031424952,-0.163097411
-0.034467487,-0.001431624,-0.100859247
-0.033312792,-0.030686366,-0.026623364
-0.036623168,-0.013376467,0.003745861
-0.031850678,-0.013402711,-0.032247294
-0.038737609,-0.039283204,-0.049494015
-0.030755967,0.032434592,-0.067115663
-0.039408682,-0.096206791,-0.115856395
-0.031303322,0.130374056,-0.164597126
-0.047244113,-0.497262577,-0.1747202
-0.328273651,-1.791954573,-0.221961217
-0.700554093,-1.741685756,-0.227210218
-1.003968971,-1.627609882,-0.205089425
-1.32021296,-1.712629719,-0.229834719
-1.610540044,-1.646906839,-0.12860397
-1.889188961,-1.686310574,-0.03337208
-2.157708053,-1.57263961,-0.004502571
-2.418470444,-1.575005334,0.044988018
-2.672615832,-1.569793993,0.118099114
-2.908184875,-1.573569403,0.211831289
-3.137987941,-1.609943811,0.257572591
-3.354317065,-1.61476149,0.30968768
-3.559309183,-1.63939351,0.388422707
-3.748735411,-1.635055725,0.378674561
-3.922678228,-1.647214271,0.299939534
-4.084582974,-1.655657393,0.239201084
-4.233032523,-1.657951882,0.175838134
-4.369586463,-1.661686051,0.15409227
-4.49263272,-1.65341914,0.149968054
-4.600626702,-1.640552003,0.132346405
-4.694172,-1.628423451,0.135345835
-4.775319321,-1.617273431,0.144719052
-4.84409491,-1.603873912,0.121098544
-4.900959893,-1.588089923,0.09635325
-4.945254447,-1.562978009,0.072357813
-4.976389975,-1.537329964,-0.000378355
-4.995828592,-1.512019345,-0.015750432
-5.003300368,-1.478887965,-0.077238738
-4.999502621,-1.450529273,-0.179594274
-4.985173905,-1.418009007,-0.190467206
-4.959931821,-1.382961803,-0.240332723
-4.925452176,-1.35299097,-0.316443249
-4.882544756,-1.314419551,-0.352811333
-4.831119586,-1.278228851,-0.372307625
-4.772102671,-1.238277738,-0.389554346
-4.704721714,-1.190682076,-0.41992357
-4.628155683,-1.145643345,-0.436045504
-4.542434569,-1.091197956,-0.425547501
-4.447854545,-1.034698025,-0.406051208
-4.345086683,-0.978306819,-0.378681413
-4.233921038,-0.919486153,-0.346062616
-4.115602283,-0.8644334,-0.299196529
-3.990846477,-0.802482181,-0.226085432
-3.859008791,-0.740620942,-0.139476903
-3.720325413,-0.680150643,-0.066740735
-3.576412166,-0.61745709,-0.015000574
-3.429394739,-0.558861374,0.014618793
-3.276791287,-0.487514745,0.008245005
-3.116528608,-0.406615241,-0.003377784
-2.948018106,-0.325944436,-0.051368658
-2.773569173,-0.253994192,-0.108732749
-2.59537123,-0.181560305,-0.112856965
-2.412629486,-0.112718119,-0.125229612
-2.227282181,-0.028530596,-0.098609674
-2.034901733,0.058330082,-0.061116804
-1.84087172,0.126002528,-0.06824045
-1.641611839,0.22961448,-0.088486599
-1.439817626,0.284176093,-0.098984603
-1.237513549,0.386839505,-0.086611956
-1.028228814,0.460008229,-0.123729897
-0.824901257,0.54766373,-0.124479755
-0.608838313,0.655456002,-0.092235886
-0.405143352,0.696561858,-0.085862099
-0.188334355,1.028790453,-0.07086495
-0.005495137,0.720665246,-0.057367517
0.011315423,0.082354738,-0.070490022
-0.005843795,0.12707104,-0.090736172
0.004304775,0.078942997,-0.055117945
-0.002345969,0.042369882,-0.139476903
0.002224074,0.059233631,-0.228335005
5.34e-05,0.013141384,-0.186717919
0.000919419,0.043359662,-0.185218204
0.001624233,0.010355754,-0.138727045
0.000480784,0.022566787,-0.067490592
0.002186584,0.013351337,-0.013875788
0.00099065,0.005133166,0.049487162
0.002280309,0.012462785,0.040863802
0.001939149,0.002497502,0.018743009
0.002167839,0.007097728,0.020617652
0.002516497,0.003697235,0.022117367
0.002610222,0.004758249,0.051736734
0.003037609,0.003562265,0.014243864
0.002977625,0.000240504,-0.045369799
0.003671192,0.003299823,-0.055867803
0.00458595,0.003937182,-0.100109389
0.005433227,0.00142899,-0.10273389
0.006347985,0.005646801,-0.061116804
0.007090289,0.000559183,-0.067490592
0.007064046,0.000941598,-0.073489451
0.008113769,0.008218729,-0.051368658
0.008128765,-0.00064055,-0.038621082
0.008499917,0.007802572,-0.016500289
0.009174739,-0.004952091,0.00674529
0.008687367,0.001567709,0.011994292
0.010486892,0.004747001,-0.050993729
0.008747352,-0.003486167,-0.091860958
0.011124224,0.014416101,-0.063366376
0.009707098,-0.018554065,-0.133852972
0.010816805,0.023316621,-0.170970913
0.011993994,-0.017830476,-0.195716208
0.008927304,0.015165934,-0.293572598
0.015173155,-0.003441177,-0.331065468
0.005613179,-0.015479749,-0.316818178
0.019634477,0.062180475,-0.26995209
-0.000808875,-0.152309311,-0.250080869
0.063205471,0.864558237,-0.163097411
0.396394986,1.961800406,-0.076113952
0.750676431,1.699801188,-0.026623364
1.055905829,1.698762669,0.035989729
1.374170535,1.713628112,0.029241012
1.660621142,1.680781668,0.122598259
1.941748155,1.695594623,0.13384612
2.208557698,1.583670771,0.065234168
2.473908877,1.617941897,0.068608526
2.72955012,1.596912825,0.023242153
2.966719991,1.615414959,0.048362376
3.195045947,1.638835999,0.074607385
3.411427557,1.656565805,0.076482029
3.619418883,1.683548553,0.139095122
3.811012039,1.683754757,0.105351539
3.98774037,1.700431047,0.065609096
4.150214965,1.697664163,0.108725897
4.299901688,1.709657745,0.128222189
4.438300141,1.715690153,0.202083143
4.563337122,1.709597758,0.282317885
4.675451266,1.705578652,0.292815889
4.772629355,1.688546191,0.279693384
4.855954851,1.681107846,0.276693954
4.927729647,1.672316052,0.225703651
4.987076476,1.653900148,0.156341842
5.033620435,1.635566726,0.08473046
5.068017601,1.612588088,-0.035996581
5.09025298,1.588942098,-0.100484318
5.100240342,1.549118457,-0.211838142
5.09839208,1.517471747,-0.274826163
5.085787909,1.495212948,-0.241457509
5.062476565,1.450916552,-0.260203944
5.028750471,1.419895952,-0.240332723
4.986281685,1.381575727,-0.250455798
4.935088954,1.336042106,-0.280450094
4.875760871,1.306404948,-0.303320745
4.808949763,1.262884629,-0.355810763
4.733587164,1.214666605,-0.348687117
4.649628085,1.162448221,-0.33631447
4.557184997,1.108212786,-0.371182839
4.456171671,1.056110626,-0.408300781
4.347135465,0.995677819,-0.423297929
4.230346305,0.932365653,-0.454042082
4.106677712,0.87483845,-0.453292225
3.977104429,0.81523046,-0.381305914
3.840535492,0.747100615,-0.338564042
3.696892174,0.682824913,-0.287573739
3.54955983,0.626471199,-0.248581154
3.399112059,0.564602462,-0.217837001
3.242354704,0.486713538,-0.164597126
3.07813307,0.405270405,-0.132728186
2.905528649,0.327145284,-0.051368658
2.727911803,0.253414186,0.016493437
2.546028582,0.171378684,0.032615371
2.35998771,0.099402195,0.036364658
2.171015112,0.01068568,0.023992011
1.975470499,-0.068196772,-0.008626786
1.779371033,-0.140435703,-0.071239879
1.57720192,-0.241790656,-0.118855824
1.374822862,-0.296854657,-0.169846127
1.169080943,-0.410810558,-0.250830727
0.960418544,-0.469181323,-0.27295152
0.75461664,-0.583204709,-0.238833008
0.537039096,-0.668239543,-0.207338997
0.33503119,-0.77362485,-0.137977188
0.112819869,-1.06582735,-0.051743587
-0.039524901,-0.575338959,0.005245576
-0.03256299,-0.067289474,-0.010126501
-0.024933754,-0.168719411,-0.006377214
-0.031850678,-0.07854447,-0.010876359
-0.025612325,-0.072399587,-0.105358391
-0.030219858,-0.067833103,-0.131978329
-0.027190658,-0.037123684,-0.125979469
-0.029158889,-0.058628901,-0.123354969
-0.028259126,-0.028774292,-0.121105396
-0.028439079,-0.041536453,-0.149599977
-0.0293051,-0.027623298,-0.138352117
-0.028229134,-0.028703058,-0.129353828
-0.029316347,-0.029752824,-0.175844986
-0.028731501,-0.022142017,-0.189717348
-0.029200128,-0.026142377,-0.135727616
-0.029290104,-0.02451149,-0.076113952
-0.029541288,-0.022228248,0.004495718
-0.029811216,-0.023401737,0.089229604
-0.029976173,-0.026033651,0.111725326
-0.030748469,-0.022561924,0.102727038
-0.031670725,-0.022783125,0.102352109
-0.032274316,-0.024012851,0.085105389
-0.033331537,-0.026183618,0.026616511
-0.033957621,-0.021268461,-0.022874077
-0.0338489,-0.023570449,-0.054743016
-0.034801149,-0.021962057,-0.141726475
-0.034489981,-0.016552011,-0.20358971
-0.035532206,-0.02325177,-0.200590281
-0.03528852,-0.010643325,-0.192716778
-0.035790887,-0.025336307,-0.168346413
-0.036608171,-0.012405433,-0.171720771
-0.035221038,-0.02096103,-0.178469487
-0.037886584,-0.018831504,-0.16047291
-0.035044834,-0.006489249,-0.144350976
-0.038891319,-0.039384432,-0.106483177
-0.035865867,0.010022078,-0.093735601
-0.037665392,-0.055884511,-0.148100263
-0.039030032,0.020557234,-0.167221626
-0.033672697,-0.05310263,-0.173970343
-0.04600694,0.005774273,-0.211088284
-0.020543664,-0.012116747,-0.178094559
-0.173447036,-1.32017827,-0.173595414
-0.549450245,-1.897557332,-0.164972054
-0.877462377,-1.6133668,-0.116981181
-1.189507476,-1.745659871,-0.14885012
-1.498868283,-1.695398552,-0.078738453
-1.780437679,-1.726404155,0.025491725
-2.058269312,-1.673004784,0.072732742
-2.32085747,-1.61058117,0.158591414
-2.584581579,-1.65319794,0.186711066
-2.830625356,-1.627066253,0.230577724
-3.063213937,-1.667291055,0.287191958
-3.28624629,-1.684762168,0.307438108
-3.498638954,-1.71914577,0.353179409
-3.700815565,-1.733741273,0.351304766
-3.885424316,-1.735094722,0.269945238
-4.056244207,-1.750308837,0.201333286
-4.212960323,-1.754957803,0.141719622
-4.357469663,-1.767348797,0.060360095
-4.490068397,-1.767644981,0.057360665
-4.609613079,-1.76405328,0.122598259
-4.715413891,-1.756757403,0.14809341
-4.806657296,-1.742619298,0.164590273
-4.884662947,-1.732065396,0.165340131
-4.950881711,-1.719494442,0.132346405
-5.004957431,-1.699882555,0.115474613
-5.04627527,-1.678088653,0.034490014
-5.075431321,-1.652560581,-0.005627357
-5.092691763,-1.625090442,-0.001128212
-5.098326525,-1.596499302,-0.091486029
-5.092744249,-1.563337929,-0.12860397
-5.076346079,-1.526131206,-0.150724764
-5.049596893,-1.491110246,-0.221211359
-5.013062791,-1.454173462,-0.254954942
-4.967362359,-1.412081576,-0.319817607
-4.913365368,-1.374522431,-0.403426707
-4.851664161,-1.333840231,-0.478787376
-4.782056292,-1.290001233,-0.550398758
-4.704178108,-1.241824449,-0.546649471
-4.617658455,-1.182928801,-0.51215603
-4.522804753,-1.129098275,-0.493034667
-4.419706978,-1.072219678,-0.438295077
-4.308293899,-1.007344109,-0.397802777
-4.189161608,-0.949588207,-0.41429964
-4.063138637,-0.887340804,-0.375307055
-3.93081358,-0.819049745,-0.319817607
-3.791162957,-0.752558286,-0.270327019
-3.645570154,-0.693377701,-0.212962928
-3.49740553,-0.637541372,-0.194591421
-3.344633372,-0.562816744,-0.173970343
-3.185008024,-0.484380442,-0.199465495
-3.01749476,-0.399660538,-0.188217634
-2.842247287,-0.32017447,-0.143601118
-2.663460749,-0.247451897,-0.121480325
-2.479729267,-0.166912313,-0.075364095
-2.29351594,-0.094962068,-0.075739024
-2.102050251,0.003760971,-0.083987455
-1.906415662,0.071714605,-0.092610815
-1.708580404,0.159943728,-0.091860958
-1.50512913,0.242072958,-0.096360102
-1.304167198,0.327640174,-0.138352117
-1.095092408,0.429632486,-0.152599407
-0.890685136,0.486094926,-0.151474621
-0.678329962,0.631806262,-0.12298004
-0.468276681,0.651425648,-0.077238738
-0.261605007,0.924068749,-0.000753284
-0.047922684,0.930254873,0.105351539
0.020391777,0.21913931,0.116974328
-0.005870038,0.07928792,0.089604533
0.003446251,0.128057071,0.075732171
-0.000152798,0.030248829,0.003745861
0.000656988,0.071272203,-0.065615949
0.001939149,0.022488055,-0.096735031
0.00011713,0.035966307,-0.112107107
0.002685202,0.019413739,-0.108732749
0.000525773,0.015638329,-0.130478614
0.002366536,0.023481584,-0.165721912
0.001365551,0.005721785,-0.1747202
0.001942898,0.01302516,-0.210338427
0.002407776,0.005890497,-0.208838712
0.002272811,0.010232031,-0.159723052
0.002868904,0.002688709,-0.133103115
0.002576481,0.004090897,-0.040495726
0.00326255,0.006996501,0.040488873
0.003251303,-0.000996721,0.083605674
0.003802407,0.005163159,0.142844409
0.004867126,0.006737809,0.163090558
0.005680661,0.002617475,0.178837564
0.006584173,0.007701344,0.164215344
0.007506429,0.006089203,0.112850112
0.007528923,-0.000284379,0.055111093
0.00814751,0.008057515,-0.064116234
0.008788591,0.000289243,-0.187467776
0.008608638,0.003041131,-0.252330441
0.009748337,0.004975701,-0.304070602
0.008957296,-3.19e-06,-0.319442679
0.010655598,0.009459703,-0.32469168
0.009872055,-0.01179057,-0.280450094
0.010539378,0.012324066,-0.18071906
0.011341666,-0.010313398,-0.122605111
0.009647114,0.011611724,-0.015000574
0.013351136,0.000165521,0.083230745
0.008589893,-0.011355667,0.124472902
0.01526688,0.030496274,0.132346405
0.008087526,-0.048749848,0.059235308
0.01492572,0.086879981,-0.022124219
0.010404414,-0.138257437,-0.145850691
0.016391583,0.412922453,-0.212962928
0.280977964,1.804339183,-0.233584006
0.655961442,1.817914913,-0.255329871
0.96217683,1.656966966,-0.192716778
1.281120106,1.764864214,-0.230209648
1.575717312,1.691845457,-0.205089425
1.856716859,1.748397877,-0.118105967
2.127309154,1.640950529,-0.077613667
2.389706112,1.639015959,0.034490014
2.649587486,1.652089301,0.105726467
2.888395674,1.646165619,0.214830719
3.118367445,1.688351235,0.342681406
3.336293647,1.707112061,0.41916686
3.545548389,1.739047457,0.519272823
3.740770587,1.743872634,0.532770257
3.919290945,1.751164762,0.46265859
4.084667275,1.758479385,0.408293928
4.235673648,1.763731966,0.254198232
4.375549211,1.769123267,0.100852394
4.50306054,1.777060251,0.00112136
4.617154161,1.77176268,-0.118480895
4.717571394,1.758786816,-0.145475762
4.803491205,1.747393101,-0.089986314
4.876698123,1.734323508,-0.025498578
4.938253118,1.718970673,0.032240442
4.987050233,1.698668939,0.102727038
5.023539347,1.678877092,0.086980032
5.047911661,1.651493184,0.097852965
5.059942234,1.622103471,0.127097403
5.060797008,1.590764193,0.022117367
5.050880877,1.55521835,-0.032997152
5.03030631,1.519878711,-0.098984603
4.999339487,1.482105864,-0.22683529
4.958509019,1.439856512,-0.32769111
4.908988346,1.401581276,-0.419548642
4.851246094,1.364711978,-0.464165157
4.785615925,1.319965682,-0.528652893
4.711869149,1.268395903,-0.578143482
4.629649611,1.216143777,-0.550398758
4.539388446,1.166879736,-0.563146334
4.440980683,1.109956148,-0.563896191
4.334512548,1.051019259,-0.535776539
4.220415178,0.988805598,-0.517405032
4.098965999,0.925935833,-0.439044934
3.971034781,0.867021439,-0.337814185
3.836595283,0.797268205,-0.28457431
3.694713999,0.726813878,-0.226085432
3.547876525,0.670220217,-0.192716778
3.398684672,0.60907132,-0.202464924
3.244424157,0.533990521,-0.180344131
3.083190484,0.45658524,-0.216337286
2.9134803,0.369342147,-0.260203944
2.737685472,0.294175118,-0.268452375
2.558126638,0.214741538,-0.306695103
2.373690342,0.138558485,-0.319817607
2.186517268,0.058592524,-0.303320745
1.992719695,-0.031687394,-0.233209078
1.797340038,-0.104766137,-0.147350405
1.596910466,-0.207103373,-0.095610245
1.394932552,-0.269845666,-0.035621653
1.191878672,-0.377562954,-0.00187807
0.983639912,-0.446547608,-0.00187807
0.780788479,-0.542196331,-0.004877499
0.565317878,-0.649572446,0.028866084
0.363456184,-0.721222757,0.071233027
0.145957369,-1.045038224,0.05886038
-0.027876727,-0.687330296,0.05586095
-0.037080547,-0.08803361,0.026616511
-0.022448161,-0.149864855,0.011244435
-0.031584498,-0.09427972,-0.005252428
-0.025008735,-0.064357626,-0.078738453
-0.029402574,-0.076422442,-0.064866091
-0.026699538,-0.037307394,-0.061491733
-0.028154154,-0.059599935,-0.115481466
-0.028229134,-0.027608301,-0.129728756
-0.027378109,-0.043313558,-0.125979469
-0.02866027,-0.032298508,-0.113606822
-0.027438093,-0.025669982,-0.079863239
-0.028686513,-0.030412677,-0.068615378
-0.028097919,-0.022783125,-0.091486029
-0.028581541,-0.025448782,-0.0911111
-0.028574043,-0.021894572,-0.101234175
-0.02862278,-0.023949115,-0.136477473
-0.029222622,-0.020237441,-0.134227901
-0.029053916,-0.020668595,-0.11135725
-0.02979622,-0.022835613,-0.107982892
-0.030845943,-0.023844139,-0.107607963
-0.031524514,-0.022730636,-0.078363524
-0.032353045,-0.021658375,-0.03337208
-0.033230313,-0.019690063,0.007870077
-0.033065357,-0.018077921,0.06448431
-0.033991362,-0.021628381,0.077231886
-0.033983864,-0.017807981,0.039364087
-0.034287534,-0.027004685,-0.015375503
-0.035007344,-0.017762991,-0.088861528
-0.034366263,-0.020859802,-0.149225049
-0.035978338,-0.019007714,-0.190842134
-0.034538718,-0.014718668,-0.173220486
-0.036949331,-0.029876547,-0.157098552
-0.035183548,4.55e-05,-0.181468917
-0.036304502,-0.04002179,-0.17771963
-0.037339228,0.004630777,-0.174345272
-0.034385009,-0.033963138,-0.191591992
-0.040799565,-0.016012131,-0.200590281
-0.031202099,-0.000914239,-0.146975477
-0.045242141,-0.074934024,-0.110607393
-0.024262682,0.128334509,-0.141726475
-0.090072803,-0.852199871,-0.132728186
-0.426175299,-1.896530061,-0.097484888
-0.780666688,-1.667684717,-0.014625646
-1.08565615,-1.710323982,0.048362376
-1.403392245,-1.743965248,0.13084669
-1.688496958,-1.724364609,0.215955505
-1.968592993,-1.740036122,0.159341271
-2.233438055,-1.636457913,0.140219908
-2.496427358,-1.682392695,0.077606815
-2.74934307,-1.665933857,0.043863232
-2.98280517,-1.688908746,0.151467769
-3.208341863,-1.723768491,0.192709926
-3.421874225,-1.747770652,0.264321307
-3.62672763,-1.779076188,0.328434115
-3.815310331,-1.778791251,0.292815889
-3.988544585,-1.794249063,0.30106432
-4.148121195,-1.799422912,0.305938393
-4.294047661,-1.808435907,0.289066602
-4.42889955,-1.819338482,0.285692243
-4.551188508,-1.817715093,0.256822733
-4.659564889,-1.809609396,0.22607858
-4.754099925,-1.796974707,0.183336708
-4.83481611,-1.783140284,0.175088277
-4.903407997,-1.772530144,0.16271563
-4.960224244,-1.753825555,0.132721334
-5.003611536,-1.728702394,0.063359524
-5.03491577,-1.705123889,-0.046869514
-5.054414371,-1.676131588,-0.130103685
-5.061901144,-1.646280728,-0.25270537
-5.058527035,-1.61485147,-0.290573169
-5.044715682,-1.579721784,-0.262828445
-5.020647038,-1.544070965,-0.274076306
-4.986527298,-1.502815142,-0.289823311
-4.94315875,-1.461649299,-0.332940112
-4.891276201,-1.422732956,-0.326191395
-4.831100841,-1.377660483,-0.328440967
-4.762917596,-1.330859644,-0.371932697
-4.686632741,-1.28336146,-0.367433552
-4.60169517,-1.229478446,-0.397802777
-4.508704726,-1.17223243,-0.468664301
-4.407923839,-1.114836448,-0.524153749
-4.298958864,-1.054842294,-0.585267127
-4.18252586,-0.991998773,-0.622385068
-4.059052216,-0.928532891,-0.57851841
-3.929017804,-0.864553373,-0.542900184
-3.791864022,-0.793454189,-0.544774827
-3.647815811,-0.72489694,-0.484411307
-3.500164801,-0.667864626,-0.43454579
-3.349060953,-0.599746029,-0.374932126
-3.19214239,-0.523934144,-0.286074024
-3.027515863,-0.439158002,-0.230959505
-2.854630267,-0.354917991,-0.151474621
-2.67758327,-0.280845719,-0.109482607
-2.495936237,-0.199481318,-0.128229042
-2.311346232,-0.125967671,-0.128978899
-2.121721306,-0.030247714,-0.106108248
-1.92687026,0.043775819,-0.100484318
-1.730658324,0.13633523,-0.107982892
-1.527994342,0.222502312,-0.094485459
-1.327872188,0.29439257,-0.124479755
-1.120518194,0.408363467,-0.161597696
-0.916110921,0.457878703,-0.124854683
-0.707650969,0.603814989,-0.073114523
-0.495663199,0.634231973,-0.00187807
-0.294033943,0.852328457,0.08473046
-0.074803085,0.990110308,0.170589132
0.021452746,0.316516398,0.226828437
-0.003511911,0.052871296,0.253073446
0.002047871,0.140196871,0.285692243
0.001665472,0.035257714,0.225703651
-8.16e-05,0.069367627,0.147343553
0.00277143,0.030023879,0.083605674
-2.84e-06,0.03312069,-0.041995441
0.003037609,0.027943091,-0.132353257
0.000926917,0.011941651,-0.189717348
0.002426521,0.023181651,-0.233584006
0.001875416,0.006291658,-0.230959505
0.0021266,0.015297155,-0.202089996
0.002932637,0.003551017,-0.178469487
0.002366536,0.006749056,-0.149974906
0.003153829,0.007438903,-0.106483177
0.002797673,0.00308987,-0.07386438
0.003420008,0.008173739,-0.05661766
0.003644949,0.003206094,-0.048744157
0.00398236,0.001297769,-0.034121938
0.00462719,0.005976728,-0.022499148
0.005433227,0.006741558,-0.026248435
0.006527938,0.00466452,-0.013125931
0.007109034,0.007423906,-0.023249006
0.00765639,0.002557488,-0.06524102
0.007870083,0.002846174,-0.0911111
0.008799838,0.007112725,-0.145475762
0.008469925,-0.000261884,-0.181468917
0.009204731,0.008949817,-0.176969773
0.009894549,-0.001251664,-0.191966921
0.009287209,0.005961731,-0.181093988
0.011049244,0.002519997,-0.135352687
0.009403428,-0.003748609,-0.092985744
0.011986496,0.013666267,-0.062991448
0.010325685,-0.013788875,-0.044619942
0.011679077,0.025419903,-0.012751002
0.011993994,-0.020856053,0.001496289
0.009770831,0.023699036,-0.038996011
0.015476824,-0.009593559,-0.101984033
0.006347985,-0.011760576,-0.149974906
0.020751682,0.051499101,-0.208463783
-0.002061044,-0.136274129,-0.250455798
0.075715917,0.947860956,-0.224960646
0.417543151,1.969654909,-0.182218774
0.765080127,1.688482455,-0.032997152
1.068487506,1.725842895,0.045362947
1.382853242,1.737806483,0.032615371
1.665558588,1.725569205,0.173963491
1.943487695,1.741424428,0.224578865
2.206529484,1.640298174,0.23170251
2.468165394,1.681565244,0.270695095
2.71709216,1.659066499,0.241450657
2.949365823,1.68908982,0.262821593
3.173991506,1.721898772,0.246699658
3.385821818,1.74101202,0.20883186
3.587987183,1.765606549,0.263946379
3.773038316,1.768455915,0.233952083
3.943637016,1.7853834,0.182961779
4.100004474,1.786309444,0.167589703
4.243700279,1.797328243,0.08473046
4.376152802,1.803225681,0.065234168
4.495176371,1.800106375,0.042363517
4.600917199,1.791205855,0.057735594
4.69210062,1.774597049,0.130096833
4.770394945,1.767207443,0.178837564
4.836782414,1.753702947,0.22307915
4.890651938,1.72982076,0.239576013
4.932145981,1.708817932,0.209206788
4.960852151,1.681681468,0.115849542
4.977437771,1.648898761,0.062234738
4.982217759,1.617315786,-0.05661766
4.975780708,1.581312545,-0.197215922
4.959423778,1.546392813,-0.265827875
4.932505886,1.511038178,-0.39105406
4.895923046,1.471746918,-0.457791369
4.850859946,1.430236152,-0.478412447
4.797065402,1.387191977,-0.477287661
4.735409183,1.344406495,-0.434920718
4.665392673,1.295172447,-0.458166298
4.586468514,1.243085284,-0.454042082
4.499315279,1.186784058,-0.449168009
4.403902974,1.128518269,-0.468289373
4.300606502,1.072441993,-0.459666012
4.190003208,1.01370381,-0.467164586
4.072198067,0.952734872,-0.473913303
3.947929633,0.881035821,-0.478787376
3.817265387,0.817048805,-0.448043223
3.678765711,0.75449772,-0.436045504
3.534263869,0.685588049,-0.446543508
3.386804059,0.629016883,-0.443919007
3.234714221,0.559376124,-0.430796503
3.076378533,0.480838595,-0.424047786
2.909982473,0.395346363,-0.446543508
2.737021897,0.318420975,-0.407175994
2.559956155,0.240891971,-0.3393139
2.377814253,0.154436203,-0.297696814
2.193310475,0.075744958,-0.245956653
2.002065976,-0.011460643,-0.167971484
1.808478347,-0.086215264,-0.109482607
1.610500627,-0.183307416,-0.102358961
1.409478711,-0.249491443,-0.079488311
1.208719225,-0.354749279,-0.060366947
1.001357733,-0.432128316,-0.074614237
0.800418295,-0.516657013,-0.071989737
0.587242089,-0.638328697,-0.058117375
0.385342904,-0.683431164,-0.042745298
0.173610066,-1.01152443,-0.019874647
-0.014200339,-0.772833776,0.05586095
-0.039258722,-0.120951287,0.143594266
-0.019677642,-0.134500773,0.188960639
-0.030234854,-0.110899773,0.234327011
-0.023554119,-0.055314638,0.211081432
-0.027179411,-0.080055384,0.166464917
-0.025571086,-0.034791703,0.144719052
-0.025833517,-0.057110488,0.073482599
-0.026879491,-0.030397681,0.004870647
-0.02548111,-0.037386126,-0.041620512
-0.027156917,-0.032279762,-0.106108248
-0.025841015,-0.02572622,-0.1747202
-0.026924479,-0.030438921,-0.2152125
-0.026662048,-0.021081003,-0.224585718
-0.026782016,-0.025336307,-0.217462072
-0.026961969,-0.021009769,-0.175844986
-0.027141921,-0.022471944,-0.151099692
-0.02771552,-0.019663818,-0.158598266
-0.027490579,-0.019030209,-0.115106537
-0.028225385,-0.021977054,-0.07686381
-0.028645274,-0.020271183,-0.052868373
-0.02949255,-0.023915373,-0.018374932
-0.030538524,-0.025223832,-0.00187807
-0.031112123,-0.020413652,-0.007502
-0.031415793,-0.015963392,-0.043495155
-0.031681972,-0.021347194,-0.087736742
-0.032495507,-0.018662791,-0.136852402
-0.032113108,-0.015505993,-0.181843846
-0.033256557,-0.020642351,-0.227210218
-0.032934142,-0.011014492,-0.244831867
-0.033530234,-0.025272571,-0.241832438
-0.034081339,-0.008367581,-0.206964069
-0.033155333,-0.020766073,-0.147350405
-0.035625931,-0.016349556,-0.114731608
-0.032682958,-0.009308622,-0.065615949
-0.036495701,-0.034233077,-0.033747009
-0.033099098,0.010018329,-0.006752143
-0.036087059,-0.054598547,-0.020624505
-0.035922103,0.026683372,-0.05661766
-0.03225932,-0.065306165,-0.091860958
-0.042816532,0.027913098,-0.172470628
-0.018897848,-0.053027647,-0.182968632
-0.188300614,-1.3942168,-0.216337286
-0.56609585,-1.886542282,-0.190842134
-0.888233283,-1.620396486,-0.078738453
-1.198820017,-1.763344688,-0.06524102
-1.503292115,-1.715156657,0.016868365
-1.782274694,-1.760960218,0.125597688
-2.056803449,-1.704411547,0.200958357
-2.316924759,-1.656598433,0.276693954
-2.577061065,-1.693628946,0.316061468
-2.817676276,-1.673814603,0.40192014
-3.047006966,-1.724139659,0.447661442
-3.266563988,-1.741614521,0.431164579
-3.474810246,-1.776260564,0.447286513
-3.671502056,-1.788216655,0.44803637
-3.850468546,-1.796764753,0.391047208
-4.016572184,-1.812758695,0.298814748
-4.168058431,-1.814434573,0.202833001
-4.307802778,-1.828089035,0.115474613
-4.435137903,-1.825288408,0.042738446
-4.548676671,-1.821835426,0.00974472
-4.649048916,-1.809639389,0.003370932
-4.734515097,-1.795223846,0.029615941
-4.808314358,-1.789645087,0.083605674
-4.870757869,-1.770801779,0.116599399
-4.919581226,-1.748096829,0.143594266
-4.956332771,-1.72354729,0.114724756
-4.980772567,-1.692939099,0.076856957
-4.992308271,-1.660347599,0.052861521
-4.992945603,-1.628344718,-0.031872366
-4.983216922,-1.595175847,-0.090361243
-4.962938527,-1.556638169,-0.165346983
-4.933246368,-1.518587884,-0.273701377
-4.894147942,-1.477976917,-0.351311618
-4.8462131,-1.438408219,-0.439044934
-4.79069776,-1.398753291,-0.450667724
-4.72681463,-1.34989041,-0.476162875
-4.6542188,-1.298298137,-0.558647189
-4.5731802,-1.243481581,-0.539900754
-4.483301434,-1.187221596,-0.558647189
-4.385242329,-1.129060784,-0.581142911
-4.279610223,-1.06996268,-0.519279676
-4.166198922,-1.011059533,-0.493784524
-4.045758226,-0.946476399,-0.461915585
-3.919307868,-0.882511878,-0.410550353
-3.786146782,-0.813740926,-0.374182269
-3.645337715,-0.744523824,-0.344187973
-3.499609948,-0.684285974,-0.337064328
-3.350774251,-0.617059678,-0.369308196
-3.196629955,-0.544097158,-0.388054631
-3.035081366,-0.462714012,-0.383180558
-2.865056264,-0.378039098,-0.407175994
-2.690539848,-0.302759594,-0.416924141
-2.511419649,-0.219640584,-0.397802777
-2.328996571,-0.148005269,-0.361059764
-2.14298944,-0.05647313,-0.302570887
-1.949979158,0.02435514,-0.248206226
-1.755776691,0.107950294,-0.188967491
-1.554904735,0.202331799,-0.127854113
-1.355258706,0.270364165,-0.085112241
-1.15044654,0.387814288,-0.051368658
-0.945443176,0.43716831,-0.009751572
-0.740844704,0.5729706,0.028116226
-0.527552278,0.627618444,0.062984595
-0.32880976,0.783654984,0.088104818
-0.108559171,1.02458014,0.124472902
0.018254841,0.436872125,0.17996235
0.000563263,0.042624826,0.183711637
-0.000613926,0.144988305,0.230577724
0.003315036,0.04354712,0.230952653
-0.000936341,0.062101743,0.124472902
0.003157578,0.037124799,0.100102537
-0.000126555,0.024467615,0.066358954
0.002583979,0.028141797,0.030740727
0.000994399,0.00686528,0.025866654
0.002029126,0.02736572,-0.010126501
0.00243027,0.007637608,-0.040870654
0.001781691,0.014622305,-0.070115093
0.002913892,0.008222478,-0.07386438
0.002347791,0.005253139,-0.093360672
0.003195068,0.006734059,-0.11135725
0.00326255,0.00358476,-0.086986885
0.003431255,0.004443319,-0.107607963
0.003704933,-8.19e-05,-0.138352117
0.004053591,0.006115447,-0.124104826
0.004878373,0.005496835,-0.112482036
0.005658167,0.000731645,-0.09411053
0.006392973,0.003434793,-0.053243302
0.00754017,0.00605546,-0.03074758
0.007832593,0.000225507,-0.054743016
0.008155008,0.006797795,-0.0911111
0.009077264,0.000900357,-0.104608533
0.008683618,-0.001240417,-0.138352117
0.009920792,0.006501611,-0.181843846
0.009275962,-0.004712144,-0.179969202
0.010404414,0.011757942,-0.184468347
0.010539378,-0.007917681,-0.19796578
0.009958282,0.0110456,-0.138727045
0.012072723,-0.003662378,-0.075739024
0.009557138,-0.005683178,-0.076113952
0.013887244,0.013801237,-0.063741305
0.009215978,-0.02320678,-0.050618801
0.013954726,0.041833751,-0.085112241
0.011382906,-0.053350075,-0.127479184
0.010824303,0.068501569,-0.125229612
0.017527533,-0.077509701,-0.173595414
-0.000550193,0.140050653,-0.217837001
0.202402463,1.582126114,-0.172845557
0.583444341,1.917743956,-0.103108819
0.899017258,1.649224938,0.014243864
1.214901343,1.784089938,0.051736734
1.517615155,1.723698372,0.109475754
1.798494733,1.785297169,0.157841557
2.073469621,1.704097732,0.137595407
2.334629407,1.671884897,0.201708214
2.597251306,1.708649219,0.213705933
2.841896703,1.699182575,0.251198803
3.074264091,1.741559398,0.319435826
3.293847356,1.75755709,0.349805051
3.504556714,1.804597876,0.414292787
3.70482133,1.807645947,0.436413581
3.888282884,1.820696794,0.398170853
4.057936833,1.836304572,0.38767285
4.212294822,1.835982144,0.333683117
4.354625987,1.851496193,0.211456361
4.484851598,1.851383718,0.137595407
4.602533022,1.853202064,0.08772989
4.707235373,1.840664852,0.070108241
4.797237856,1.827134112,0.108350968
4.874310004,1.821772805,0.146593696
4.939569021,1.802325881,0.197583999
4.992553779,1.78272899,0.218205077
5.033912858,1.756803507,0.14246948
5.062574039,1.725790406,0.100852394
5.078687284,1.697248005,0.02999087
5.083542252,1.665248874,-0.115106537
5.076730301,1.629631797,-0.166471769
5.059233671,1.592383832,-0.243332153
5.031682197,1.557550331,-0.381680843
4.994222089,1.50743148,-0.416924141
4.947929313,1.46566952,-0.420298499
4.893703633,1.431158447,-0.435670576
4.831792481,1.379824866,-0.41992357
4.761753477,1.338051658,-0.427422144
4.683282948,1.287182974,-0.451417581
4.595904772,1.224373196,-0.506157171
4.500098822,1.169549142,-0.554148045
4.396614899,1.110934681,-0.564646048
4.285130588,1.048139899,-0.567645478
4.16663188,0.988408187,-0.537276253
4.042026035,0.926202024,-0.450667724
3.911444267,0.86198256,-0.413174854
3.773986816,0.795918506,-0.43154636
3.629443735,0.726952597,-0.39405349
3.481642765,0.668218163,-0.392928704
3.330100283,0.597782581,-0.409425567
3.171809583,0.517490442,-0.433421003
3.006223309,0.435488683,-0.458916155
2.832482938,0.351586097,-0.473913303
2.654817355,0.277060175,-0.508781672
2.472757931,0.196678056,-0.457791369
2.287819268,0.126793602,-0.378306485
2.098456773,0.029862664,-0.304070602
1.903414527,-0.05089812,-0.220461502
1.70705638,-0.138883548,-0.175095129
1.503976257,-0.228361144,-0.169471199
1.302935596,-0.301368653,-0.196840994
1.095289179,-0.413007569,-0.182968632
0.890162097,-0.46722051,-0.136102544
0.681582176,-0.608968978,-0.110982321
0.469414453,-0.649681171,-0.064866091
0.26769897,-0.872130438,-0.008251858
0.049052958,-1.007359106,0.07910653
-0.04876996,-0.343243088,0.155591984
-0.024337662,-0.075537639,0.210706503
-0.029237618,-0.162349578,0.307063179
-0.029117649,-0.056623097,0.29244096
-0.026954471,-0.085476678,0.219329863
-0.029784973,-0.046507847,0.186336138
-0.026860745,-0.051179308,0.102727038
-0.029578778,-0.049844605,0.010119649
-0.027554312,-0.033198308,-0.026998293
-0.029035171,-0.043935919,-0.03637151
-0.028577792,-0.026052397,-0.073489451
-0.028409087,-0.035590276,-0.064866091
-0.029046418,-0.025763711,-0.034121938
-0.028694011,-0.024938895,-0.063741305
-0.029402574,-0.024279042,-0.075364095
-0.029170136,-0.022843111,-0.090361243
-0.029792471,-0.026783485,-0.120730468
-0.029694997,-0.022078281,-0.118855824
-0.030043655,-0.025565006,-0.152974336
-0.031277079,-0.02950163,-0.173970343
-0.031801941,-0.024459002,-0.134227901
-0.032769185,-0.025182591,-0.136102544
-0.033871394,-0.025782457,-0.116606252
-0.033552728,-0.019468862,-0.06524102
-0.034298781,-0.025261323,-0.094860387
-0.034677431,-0.019131437,-0.14322619
-0.034696176,-0.024425259,-0.199465495
-0.035712158,-0.018501577,-0.265078017
-0.034789902,-0.015367274,-0.269577162
-0.036716893,-0.026303591,-0.271076876
-0.035498465,-0.010377134,-0.232084291
-0.036971825,-0.032137294,-0.116606252
-0.036844359,-0.000561818,-0.019874647
-0.03585462,-0.03179237,0.031490585
-0.039097514,-0.012446674,0.040488873
-0.034208805,-0.01583592,0.017243294
-0.04150063,-0.042968634,-0.045369799
-0.032922895,0.022131884,-0.075739024
-0.042617834,-0.098872448,-0.116606252
-0.03244677,0.128439486,-0.20658914
-0.054509694,-0.553072662,-0.249331012
-0.347562308,-1.815806767,-0.268452375
-0.720311376,-1.738667677,-0.185218204
-1.025979408,-1.683997338,-0.078363524
-1.345706228,-1.780744567,0.058485451
-1.635980826,-1.733546316,0.220454649
-1.916316797,-1.784939884,0.240700799
-2.184989599,-1.674092042,0.277068883
-2.446644254,-1.707474616,0.26357145
-2.704718604,-1.716191427,0.271070024
-2.942825727,-1.721927651,0.394796495
-3.170401881,-1.760454081,0.415417573
-3.385092688,-1.781933053,0.43378908
-3.592401694,-1.825989502,0.481405025
-3.786139284,-1.830795933,0.436788509
-3.964588411,-1.848731943,0.370426129
-4.12875381,-1.855281736,0.343806192
-4.2787517,-1.864234745,0.29806489
-4.417959939,-1.875122323,0.219704792
-4.543634252,-1.871226939,0.131221619
-4.656295752,-1.870724551,0.056610808
-4.755089663,-1.855626659,0.058110522
-4.839329918,-1.843258161,0.103476895
-4.912214422,-1.83526119,0.149593125
-4.973499488,-1.816170436,0.252698518
-5.02234159,-1.794252812,0.274819311
-5.05877072,-1.768076135,0.221204507
-5.082854361,-1.741502046,0.2002085
-5.095154862,-1.708100727,0.050986877
-5.095469779,-1.672059994,-0.094485459
-5.085148755,-1.637267733,-0.167221626
-5.064682909,-1.598328895,-0.289073454
-5.034135976,-1.560244867,-0.415799355
-4.994250258,-1.518340439,-0.512905888
-4.945801802,-1.479634049,-0.5496489
-4.889532911,-1.436507392,-0.577018696
-4.82561604,-1.388765512,-0.576643767
-4.754947201,-1.346684873,-0.513655745
-4.675873082,-1.29338298,-0.472413588
-4.587550156,-1.234922235,-0.493409595
-4.490754466,-1.172603598,-0.542525255
-4.385253576,-1.110247469,-0.550023829
-4.272175936,-1.050883174,-0.537276253
-4.151401579,-0.983405685,-0.492284809
-4.024167678,-0.923872678,-0.406426137
-3.891167799,-0.858082313,-0.36218455
-3.750422466,-0.783009013,-0.337064328
-3.603899908,-0.720874085,-0.331815326
-3.454464369,-0.656707108,-0.354685976
-3.300177612,-0.583035997,-0.382805629
-3.138831468,-0.502046513,-0.422548071
-2.96924875,-0.413123793,-0.442419292
-2.793420181,-0.342729453,-0.483661449
-2.61415377,-0.264585586,-0.51515546
-2.430339809,-0.183566108,-0.464540086
-2.244235204,-0.105246031,-0.377931556
-2.051757282,-0.011629356,-0.283074595
-1.856640056,0.059567307,-0.214462643
-1.657125242,0.165537484,-0.130103685
-1.454476255,0.232366368,-0.070490022
-1.252397118,0.335067272,-0.110232464
-1.043123631,0.422167896,-0.122605111
-0.839946034,0.501080342,-0.109482607
-0.624576657,0.630482807,-0.115106537
-0.419918201,0.668176922,-0.073489451
-0.206741994,0.993908213,0.010119649
-0.01400539,0.782845164,0.089229604
0.015210645,0.11030477,0.119973758
-0.005412659,0.10913878,0.178462635
0.005515705,0.096080434,0.246699658
-0.000868859,0.039018128,0.216705362
0.002797673,0.065509735,0.210331575
0.001358053,0.017906574,0.212581147
0.001639229,0.040967694,0.144719052
0.002966378,0.0132951,0.070108241
0.001155606,0.01869015,0.013868936
0.003135084,0.017134246,-0.016875218
0.001901659,0.007423906,-0.037496296
0.002947633,0.009868362,-0.039745868
0.002970127,0.005395607,-0.003752713
0.003168825,0.010591951,0.019492866
0.003611208,0.002546241,0.003370932
0.003513734,0.002711204,-0.021374362
0.004218547,0.004585787,-0.076113952
0.004139818,0.003491031,-0.134977758
0.00477715,0.002246308,-0.149974906
0.00602557,0.003798462,-0.154474051
0.006760376,0.005140664,-0.157848409
0.007915071,0.006707815,-0.133103115
0.008331211,0.000491698,-0.119605682
0.008398694,8.68e-05,-0.115856395
0.009478408,0.004390831,-0.091860958
0.008964794,0.003723479,-0.133103115
0.009999521,0.004319596,-0.18934242
0.009913294,-0.005184539,-0.246331582
0.010471896,0.010119556,-0.296946957
0.011150467,-0.011689342,-0.305570317
0.01000327,0.001747669,-0.286823882
0.01276629,0.003029883,-0.195716208
0.009834564,-0.006785433,-0.131228471
0.013741033,0.023432845,-0.007502
0.010576868,-0.028054452,0.103851824
0.012586338,0.039647988,0.070108241
0.013688547,-0.044374572,0.05886038
0.008803587,0.044120743,0.024366939
0.020781674,-0.026918455,-0.026248435
-0.004550387,0.003910937,-0.08548717
0.152109494,1.378752605,-0.148475191
0.528022727,1.957117698,-0.120730468
0.854726454,1.65600343,-0.028498007
1.168008726,1.786616875,0.007495148
1.477309549,1.739902267,0.02699144
1.759182615,1.780464494,0.073857528
2.037216694,1.730900519,0.080981173
2.298882596,1.676533863,0.133096262
2.562318031,1.723447177,0.144719052
2.810412517,1.710954956,0.173588562
3.044478207,1.746523294,0.278193669
3.265984714,1.757388377,0.310062609
3.477372643,1.805715127,0.402669998
3.680535244,1.826642972,0.524521825
3.86693977,1.836075873,0.512899035
4.03958168,1.847728281,0.515523536
4.197051347,1.848103198,0.472781665
4.341838113,1.865900489,0.351304766
4.474879231,1.868584892,0.25494809
4.59557111,1.872761463,0.146218767
4.703812527,1.86315235,0.112475184
4.797095394,1.844065346,0.094853535
4.876915566,1.83361642,0.095228464
4.944521463,1.81950081,0.16833956
5.000014309,1.803881785,0.207332145
5.044181396,1.778158757,0.145843838
5.075781801,1.751595916,0.12222333
5.095347884,1.721336397,0.132346405
5.103528224,1.682543776,0.019492866
5.099775465,1.649554865,-0.042370369
5.085086844,1.603668822,-0.086986885
5.060062202,1.5644338,-0.23245922
5.024836504,1.525371239,-0.341188543
4.98020454,1.476039713,-0.400427278
4.927429726,1.439909,-0.481411877
4.867250618,1.397682144,-0.52677825
4.799618478,1.354829176,-0.547399328
4.72451456,1.307169778,-0.600264275
4.641125331,1.252218252,-0.661752582
4.54880596,1.192062884,-0.713492742
4.448388727,1.128570757,-0.711993028
4.339719923,1.072400752,-0.681623803
4.223088222,1.005594363,-0.621260282
4.099873259,0.943924332,-0.50953153
3.970592398,0.88607845,-0.429671716
3.83509193,0.813543335,-0.382055772
3.692618303,0.743452677,-0.329940682
3.545417174,0.684523286,-0.321692251
3.395513009,0.621473561,-0.307819889
3.24017278,0.548646011,-0.327316181
3.077364523,0.466378062,-0.39967742
2.905851064,0.377834008,-0.462665442
2.728766577,0.30302315,-0.531277394
2.54755068,0.217909584,-0.545524685
2.362761978,0.147162821,-0.51215603
2.175495179,0.063800115,-0.428921859
1.981075269,-0.024264045,-0.347562331
1.786141745,-0.097076598,-0.304820459
1.585449742,-0.203065521,-0.250080869
1.383509319,-0.264904265,-0.215587429
1.179117042,-0.378822674,-0.184093418
0.970454644,-0.442798442,-0.148475191
0.766339794,-0.550504483,-0.092235886
0.549954435,-0.64658436,-0.039745868
0.349086228,-0.736669321,-0.021749291
0.129754147,-1.055232207,0.0356148
-0.034092586,-0.633488523,0.105726467
-0.035011093,-0.078416999,0.160091129
-0.023760314,-0.156088471,0.249699088
-0.031846929,-0.085660388,0.269945238
-0.025529847,-0.069310275,0.181462065
-0.030017412,-0.07108363,0.124472902
-0.026800761,-0.038739575,0.079856387
-0.028727752,-0.058591409,-0.000753284
-0.028416585,-0.032478468,-0.041245583
-0.027966703,-0.047055225,-0.036746439
-0.029102653,-0.0314362,-0.011626216
-0.027906719,-0.028523098,0.042363517
-0.029012677,-0.030303952,0.06448431
-0.02866027,-0.025651237,0.073857528
-0.0291139,-0.025070116,0.086605104
-0.028862717,-0.02199205,0.052486592
-0.029140144,-0.025332557,0.020992581
-0.029672503,-0.019498855,-0.019874647
-0.029724989,-0.020713585,-0.079863239
-0.03066974,-0.023308008,-0.145100833
-0.031562004,-0.022471944,-0.200215352
-0.032214332,-0.027353358,-0.201340138
-0.033222815,-0.026656013,-0.183343561
-0.033601465,-0.019090196,-0.16909627
-0.034107582,-0.023326754,-0.179219345
-0.034452491,-0.016289569,-0.214087714
-0.034257542,-0.020743578,-0.263203374
-0.035494715,-0.021017267,-0.294322456
-0.034658686,-0.015727194,-0.29319767
-0.03627451,-0.026877214,-0.287948668
-0.035524708,-0.009342364,-0.203964639
-0.036049569,-0.032635933,-0.089611386
-0.037267997,-0.005476974,-0.002252998
-0.035254779,-0.030371437,0.047987447
-0.039251224,-0.024297788,0.059985166
-0.034032602,-0.003298709,0.064109382
-0.040420915,-0.050455719,0.004870647
-0.034235048,0.038373271,-0.007127072
-0.039442423,-0.10039461,-0.042745298
-0.037762867,0.106446878,-0.145475762
-0.036252016,-0.344229119,-0.185218204
-0.289130238,-1.703204316,-0.250830727
-0.670258344,-1.794211571,-0.198715637
-0.980278977,-1.661303636,-0.085112241
-1.300159506,-1.794451518,0.035239872
-1.596863655,-1.733820005,0.225703651
-1.878219358,-1.795448796,0.257197662
-2.150914847,-1.692567932,0.268070594
-2.412277079,-1.698701567,0.281193099
-2.672713306,-1.724323368,0.273319596
-2.914273267,-1.72408717,0.366676842
-3.144196302,-1.763475908,0.388422707
-3.360746617,-1.780613346,0.392921851
-3.569855148,-1.827631637,0.458909303
-3.767285513,-1.838526713,0.403794784
-3.948741346,-1.853249688,0.323560042
-4.116082156,-1.862941282,0.329558901
-4.269345434,-1.872048007,0.291691102
-4.410668115,-1.880318667,0.234327011
-4.539371628,-1.880746072,0.194584569
-4.656052066,-1.880067473,0.156341842
-4.758538753,-1.866851662,0.12222333
-4.847037883,-1.855476693,0.179587421
-4.922775383,-1.842515826,0.253073446
-4.986527298,-1.826559375,0.299189676
-5.03854856,-1.80671504,0.362177698
-5.078044381,-1.780860791,0.320935541
-5.105562114,-1.751482326,0.250074017
-5.121045526,-1.720015576,0.109475754
-5.12500448,-1.686314323,-0.049494015
-5.118046318,-1.64896888,-0.125979469
-5.100264763,-1.611173538,-0.245956653
-5.072117196,-1.570371364,-0.377931556
-5.034379661,-1.528305722,-0.485911021
-4.987719483,-1.486697478,-0.567645478
-4.93248157,-1.440995144,-0.592765701
-4.869775628,-1.397448581,-0.60738792
-4.799661643,-1.351761244,-0.602513847
-4.721236103,-1.298088184,-0.556397617
-4.634394035,-1.244238912,-0.546649471
-4.539431612,-1.185890642,-0.575518981
-4.436232614,-1.123298315,-0.578143482
-4.325018232,-1.06038731,-0.59314063
-4.20626834,-0.995800427,-0.579643196
-4.080485306,-0.933226847,-0.460790799
-3.94853515,-0.868400017,-0.387679702
-3.809544353,-0.798200633,-0.363684265
-3.66402653,-0.736031963,-0.35656062
-3.515303303,-0.675231738,-0.377181698
-3.362838565,-0.600368391,-0.382805629
-3.204127975,-0.526232383,-0.446918437
-3.037645688,-0.440252759,-0.459291084
-2.86332797,-0.356012748,-0.456291654
-2.685220003,-0.282993991,-0.515530389
-2.502152096,-0.199650031,-0.473538374
-2.316081232,-0.126889966,-0.371182839
-2.125357846,-0.033228301,-0.287948668
-1.92967452,0.040210363,-0.191217063
-1.732619056,0.134096978,-0.081362954
-1.529598918,0.218771892,-0.041620512
-1.329278066,0.29201185,-0.071239879
-1.121444199,0.406593861,-0.098609674
-0.916575799,0.456926414,-0.139101974
-0.706829936,0.604977231,-0.139101974
-0.493964897,0.637756189,-0.090361243
-0.290528619,0.865274328,-0.048369229
-0.070915362,0.983654244,0.022867225
0.022292525,0.30221333,0.100477465
-0.003065779,0.059454832,0.157466628
0.002891398,0.142142688,0.22307915
0.002381533,0.034807814,0.230202796
0.000911921,0.068655285,0.210331575
0.003427506,0.027928095,0.215955505
0.00087818,0.033626827,0.17996235
0.003772415,0.027721891,0.098977751
0.001463025,0.013212618,0.024741868
0.003311287,0.020819676,-0.001128212
0.002947633,0.004327095,-0.010126501
0.002891398,0.017306708,-0.023249006
0.003577467,0.004904466,-0.001128212
0.003093844,0.003847202,0.030740727
0.004046093,0.005838009,0.015368651
0.003674941,0.003978422,-0.008251858
0.004061089,0.004087148,-0.050993729
0.004552209,0.004094647,-0.10273389
0.004919612,0.008110003,-0.12860397
0.006059311,0.005568069,-0.155223908
0.006737882,0.004612031,-0.148100263
0.00761515,0.008732365,-0.142476332
0.00867612,0.005646801,-0.127479184
0.008661124,0.00349478,-0.124854683
0.009669608,0.006692819,-0.167596555
0.009388432,0.000712899,-0.192716778
0.010059505,0.009163519,-0.229459791
0.010681841,-0.001116694,-0.274076306
0.010138234,0.008065013,-0.333315041
0.012027735,0.003611004,-0.349436975
0.010213214,-0.001217922,-0.28157488
0.012582589,0.013268856,-0.18934242
0.01087304,-0.019300149,-0.058117375
0.012698808,0.02404021,0.059235308
0.012713804,-0.025021377,0.116224471
0.010618108,0.019751164,0.117724186
0.016410328,-0.010763298,0.058485451
0.00716152,-0.006751691,0.016118508
0.021763914,0.046692671,-0.037121367
-0.00173488,-0.136679038,-0.112107107
0.080390933,0.97603219,-0.138727045
0.426514532,1.976189705,-0.175095129
0.774677593,1.693210154,-0.098234746
1.081762751,1.748364135,-0.016500289
1.39925891,1.757778291,0.022117367
1.68433363,1.755165122,0.160466057
1.965415655,1.766843774,0.158216485
2.230189486,1.665200134,0.155966913
2.493759885,1.718498278,0.192709926
2.74753787,1.708765443,0.191960068
2.984396573,1.735766937,0.294690532
3.209937014,1.756593554,0.335932689
3.423161958,1.786886815,0.380924133
3.629724911,1.824622171,0.494902458
3.820770712,1.830440877,0.451785657
3.997259106,1.845939929,0.385798206
4.158631493,1.841508415,0.379799347
4.306683647,1.850671377,0.295815318
4.443616237,1.862132577,0.227953223
4.567910915,1.864779488,0.152967483
4.679953827,1.857101196,0.063734453
4.777945451,1.842037047,0.04161366
4.86178831,1.829271137,0.075732171
4.933116975,1.810529056,0.138720193
4.992396321,1.792698023,0.224203936
5.03935642,1.777296449,0.290941245
5.074323436,1.748559091,0.299564605
5.097567298,1.713976784,0.259822163
5.10896054,1.686101735,0.141344694
5.108949293,1.649554865,0.038239301
5.098073415,1.613469142,-0.06524102
5.076527854,1.571343513,-0.217837001
5.044863716,1.524565169,-0.329565754
5.003313438,1.488385717,-0.457041512
4.95271305,1.440572603,-0.5470244
4.894397199,1.39644117,-0.577018696
4.828422121,1.352309737,-0.640381646
4.754555377,1.294816276,-0.632883072
4.672796967,1.245705951,-0.610012421
4.582880711,1.194046192,-0.681623803
4.484829104,1.134336975,-0.723990746
4.378713376,1.074687744,-0.69099702
4.264541025,1.008357499,-0.677499587
4.14330554,0.945094072,-0.617885924
4.01553553,0.888106749,-0.48066202
3.881324721,0.818199799,-0.398552634
3.7403432,0.742237947,-0.350561761
3.593370761,0.684658256,-0.336689399
3.443684039,0.627011079,-0.343438115
3.28977968,0.555900648,-0.384305344
3.128827183,0.475743478,-0.467914444
2.959705593,0.382093061,-0.50353267
2.78373831,0.314555585,-0.55264833
2.604149484,0.235875587,-0.608512706
2.419743181,0.153138992,-0.568770264
2.232971251,0.084038113,-0.479537234
2.039972217,-0.013815119,-0.392553775
1.844390114,-0.085191742,-0.275576021
1.645321432,-0.186044307,-0.170595985
1.441866408,-0.252580756,-0.12860397
1.239899741,-0.345593815,-0.136477473
1.03041631,-0.434801471,-0.101609104
0.827144987,-0.508255132,-0.055117945
0.612907811,-0.642786455,-0.05361823
0.406820982,-0.675614153,-0.010126501
0.195860441,-0.998623549,0.034864943
-0.00389431,-0.846246196,0.080231316
-0.043911243,-0.159338998,0.117724186
-0.020768604,-0.124662961,0.138720193
-0.031591996,-0.125124109,0.170214204
-0.025657313,-0.057721602,0.154467198
-0.028262875,-0.084573129,0.126347546
-0.027546814,-0.037266153,0.112850112
-0.026999459,-0.059502456,0.08173103
-0.028596537,-0.034435532,0.02136751
-0.026894487,-0.043594745,-0.019499719
-0.028607784,-0.039624378,-0.004877499
-0.027351866,-0.026618521,0.017618223
-0.028394091,-0.031728635,0.043113374
-0.028142907,-0.023911623,0.079481458
-0.028229134,-0.026288595,0.100852394
-0.028645274,-0.021587141,0.083605674
-0.028266624,-0.028200669,0.033740157
-0.028877713,-0.021388435,-0.009751572
-0.029053916,-0.021538401,-0.06524102
-0.029859953,-0.027994465,-0.146600548
-0.03066974,-0.021748355,-0.192716778
-0.031374554,-0.021883325,-0.216712215
-0.0325255,-0.024117828,-0.242207366
-0.032885405,-0.019045206,-0.220086573
-0.033267804,-0.02028618,-0.192341849
-0.034130076,-0.021193478,-0.214462643
-0.033672697,-0.022194505,-0.234333864
-0.034786153,-0.023304259,-0.245956653
-0.034242546,-0.011164459,-0.275576021
-0.03502234,-0.027109662,-0.314943534
-0.035749648,-0.011741831,-0.306695103
-0.034669933,-0.024725193,-0.24408201
-0.037200515,-0.018782764,-0.160097981
-0.034448742,-0.012112998,-0.036746439
-0.038456433,-0.03660255,0.039364087
-0.034819894,0.010112058,0.053611378
-0.037654145,-0.056233184,0.023992011
-0.037470444,0.028370496,-0.004502571
-0.033526485,-0.063472823,-0.024373792
-0.044582316,0.023819009,-0.11135725
-0.020284982,-0.052446526,-0.115106537
-0.189556532,-1.389957747,-0.141351546
-0.569286257,-1.884322776,-0.154099122
-0.893748077,-1.62968692,-0.023249006
-1.207975099,-1.783470211,0.051736734
-1.515798812,-1.73541715,0.193459783
-1.797454435,-1.784242539,0.288316744
-2.075162351,-1.724420846,0.27219481
-2.336921978,-1.676090347,0.296565176
-2.599975014,-1.726209198,0.270695095
-2.84677984,-1.709420433,0.298814748
-3.079893282,-1.750080138,0.331433545
-3.300061392,-1.765515455,0.320935541
-3.510744507,-1.809485673,0.397046067
-3.712722421,-1.829839896,0.416917288
-3.898084722,-1.838058068,0.36442727
-4.06967691,-1.851746273,0.362552627
-4.226119348,-1.854082003,0.315686539
-4.370786146,-1.869869741,0.26357145
-4.503234921,-1.869142403,0.21445579
-4.623439428,-1.870859521,0.15109284
-4.730983529,-1.861359134,0.109850683
-4.82311545,-1.842365859,0.106476325
-4.902466996,-1.83485628,0.158591414
-4.969896689,-1.8158855,0.198708785
-5.025033379,-1.79794949,0.259072306
-5.068244469,-1.773816108,0.240325871
-5.098791402,-1.739042594,0.221579436
-5.117326508,-1.711643688,0.171713918
-5.124760794,-1.678384837,0.011619364
-5.12110551,-1.64236285,-0.051743587
-5.106724307,-1.605504799,-0.166846698
-5.082550691,-1.566356008,-0.306695103
-5.048464692,-1.528894341,-0.398177706
-5.004841212,-1.485377771,-0.505407314
-4.953022395,-1.438711902,-0.525278535
-4.893120714,-1.393088301,-0.551523544
-4.825278629,-1.34508023,-0.585642056
-4.749016267,-1.293844128,-0.569520122
-4.664667291,-1.23952996,-0.578143482
-4.572464139,-1.182988787,-0.614886494
-4.471930687,-1.127497381,-0.658378223
-4.363947952,-1.070086402,-0.661002724
-4.248013567,-1.001427926,-0.635882501
-4.124731122,-0.935570076,-0.541775398
-3.995274058,-0.873937536,-0.450667724
-3.858686376,-0.802834602,-0.405301351
-3.714735639,-0.735788267,-0.336689399
-3.566271094,-0.675246734,-0.349062046
-3.415332203,-0.612976836,-0.350186832
-3.258616087,-0.540974103,-0.363684265
-3.094293229,-0.454177161,-0.420298499
-2.922172431,-0.369509745,-0.44879308
-2.745267896,-0.297960661,-0.495659168
-2.564066996,-0.216637502,-0.490785095
-2.378577228,-0.140664402,-0.432296217
-2.189803328,-0.05305764,-0.342313329
-1.994067516,0.02529618,-0.247456368
-1.797540663,0.107174217,-0.168346413
-1.595161605,0.208581659,-0.115106537
-1.393179942,0.26760103,-0.107233034
-1.187767935,0.381343228,-0.106483177
-0.979885331,0.436748403,-0.091486029
-0.774915707,0.561007012,-0.060741876
-0.558200435,0.636713921,-0.042370369
-0.356829861,0.753200508,-0.006002285
-0.13461854,1.047386317,0.073857528
0.014494584,0.538452029,0.116974328
0.005541948,0.047356273,0.118474043
-0.001116294,0.145291987,0.168714489
0.005504458,0.057055365,0.221204507
-0.000239025,0.05406728,0.177337849
0.004555958,0.041368855,0.128972047
0.001301818,0.025041237,0.107601111
0.003551224,0.038294539,0.05586095
0.00277143,0.005459343,-0.000753284
0.003048856,0.025269936,-0.037121367
0.003731176,0.007157715,-0.03074758
0.002838912,0.011300544,-0.01612536
0.004241041,0.011375527,-0.003377784
0.003584965,0.002156328,0.053611378
0.004079834,0.001309016,0.081356102
0.004196053,0.001413993,0.071982884
0.004555958,0.008679877,0.057735594
0.004945855,0.002726201,-0.003377784
0.005088318,0.004990697,-0.06224159
0.006261758,0.008717368,-0.109107678
0.007169018,0.006561598,-0.145475762
0.007840091,0.007978783,-0.15184955
0.008994786,0.00587925,-0.15747348
0.009148496,0.001346508,-0.152599407
0.009804572,0.004139637,-0.157098552
0.010186971,-0.000393105,-0.198340709
0.010209465,0.006261664,-0.250080869
0.011172961,0.000641665,-0.285324167
0.010550625,0.001886388,-0.327316181
0.012402636,0.007708843,-0.365933837
0.011067989,-0.005806901,-0.350936689
0.012710055,0.015777048,-0.266202803
0.012320158,-0.015584726,-0.135727616
0.011682826,0.019923625,-0.03937094
0.014798254,-0.007677735,0.023992011
0.010067003,0.004312098,0.073482599
0.017227612,0.01905007,0.056610808
0.008424937,-0.042083831,0.027366369
0.018952157,0.082512203,-0.000378355
0.007139026,-0.160013848,-0.07386438
0.034510548,0.599106037,-0.103858676
0.332485612,1.88571858,-0.133103115
0.700668386,1.767109965,-0.07086495
1.005916529,1.701102148,0.049112234
1.326400649,1.778020038,0.062234738
1.617376311,1.736944175,0.173963491
1.899601784,1.788251512,0.179587421
2.169050631,1.67407816,0.118848972
2.432002443,1.704652608,0.176213063
2.690627898,1.705353702,0.157841557
2.930853212,1.715690153,0.211456361
3.160592545,1.750651126,0.271070024
3.376340572,1.772351299,0.313436967
3.585197919,1.814840597,0.419916718
3.781023708,1.81392955,0.422541219
3.961722241,1.827625253,0.424790791
4.127540953,1.832502918,0.445786798
4.279124674,1.841568401,0.375300203
4.418869022,1.851387467,0.286067172
4.546042939,1.854169348,0.187085995
4.662059803,1.854398048,0.095603392
4.764329046,1.839990003,0.063734453
4.852348303,1.826867922,0.109475754
4.927800878,1.807574713,0.137220478
4.991095414,1.784926002,0.201333286
5.042168178,1.765066669,0.252323589
5.080790479,1.737495302,0.181087136
5.107082286,1.705451181,0.161215915
5.121414751,1.677804831,0.073857528
5.124327732,1.64067684,-0.031872366
5.116518544,1.601291851,-0.097859817
5.098463312,1.571864647,-0.205464354
5.070315745,1.517482994,-0.28457431
5.032270791,1.471521968,-0.404176565
4.985044512,1.443800635,-0.470913873
4.929690379,1.394356633,-0.493409595
4.866024692,1.34847434,-0.557897332
4.794111182,1.299828911,-0.573269409
4.714321002,1.247261855,-0.595390202
4.626178028,1.193783751,-0.689122377
4.530162133,1.131697562,-0.764108117
4.426629473,1.076944742,-0.772356548
4.315253884,1.019649987,-0.752860256
4.196462753,0.953001063,-0.669626084
4.071219576,0.887499384,-0.494534382
3.939663066,0.824749592,-0.378681413
3.800672269,0.756675985,-0.334439827
3.655109458,0.692722712,-0.30182103
3.506127549,0.633294681,-0.31044439
3.353456615,0.566124623,-0.338564042
3.194479846,0.492123585,-0.402301921
3.027611411,0.40596775,-0.453667153
2.853184972,0.327111542,-0.517030104
2.674585884,0.251224673,-0.590516129
2.49109059,0.169185422,-0.578143482
2.304997231,0.102858926,-0.521904177
2.113943933,0.009538436,-0.418423855
1.917638271,-0.065354904,-0.301071172
1.720331624,-0.153741493,-0.229459791
1.516430468,-0.240459702,-0.178094559
1.314632507,-0.311967546,-0.169846127
1.105883881,-0.423242792,-0.163097411
0.900096973,-0.47234562,-0.126729327
0.690819737,-0.615170098,-0.067865521
0.477242386,-0.654251405,-0.010876359
0.275013289,-0.869899684,0.019117938
0.054170357,-1.017024456,0.083605674
-0.047600269,-0.357085009,0.100852394
-0.023374166,-0.07508399,0.131221619
-0.027876727,-0.160688697,0.203207929
-0.028116664,-0.055981989,0.170214204
-0.025619823,-0.085431688,0.109100826
-0.028596537,-0.048134985,0.052861521
-0.025447369,-0.050028314,0.010869506
-0.028352851,-0.048326192,-0.050243872
-0.026279649,-0.03080634,-0.104608533
-0.027644289,-0.042586219,-0.065615949
-0.027531818,-0.024234052,-0.020249576
-0.027329372,-0.032350996,0.020992581
-0.027974201,-0.025666233,0.080606244
-0.027516822,-0.023401737,0.119973758
-0.028307863,-0.024920149,0.106851253
-0.028000445,-0.02379165,0.065984025
-0.028349102,-0.022910596,0.02999087
-0.028555298,-0.023874132,-0.005627357
-0.029166387,-0.02666726,-0.054743016
-0.030343576,-0.022880603,-0.127854113
-0.030890931,-0.021654626,-0.16609684
-0.031861925,-0.02455648,-0.182968632
-0.032701703,-0.020563618,-0.191966921
-0.032799177,-0.019375133,-0.16909627
-0.03373643,-0.023551704,-0.183343561
-0.03343276,-0.017084392,-0.219336716
-0.034178813,-0.022089529,-0.279325308
-0.034291283,-0.014298762,-0.348687117
-0.03411508,-0.023544205,-0.361434693
-0.035659672,-0.015127328,-0.359934978
-0.03392388,-0.016998161,-0.295072313
-0.036713144,-0.02725213,-0.140601689
-0.03445624,-0.002331424,-0.021374362
-0.036818116,-0.039665619,0.016868365
-0.035910856,0.011184319,0.051736734
-0.035037336,-0.045656786,0.047612519
-0.039641121,0.002096341,-0.012376073
-0.031074633,-0.02208578,-0.041995441
-0.045875724,-0.055787033,-0.083987455
-0.020067539,0.086306359,-0.103108819
-0.123543964,-1.049945883,-0.148475191
-0.484022523,-1.914473569,-0.181093988
-0.827536811,-1.645695858,-0.065615949
-1.136320271,-1.749791452,0.003745861
-1.451829454,-1.749499017,0.134595977
-1.735524539,-1.760206636,0.251573732
-2.016610313,-1.753086969,0.200583428
-2.281001745,-1.662443383,0.217080291
-2.544962041,-1.718444676,0.176587992
-2.797667809,-1.706181154,0.189710496
-3.034387799,-1.737006796,0.275944097
-3.258683569,-1.754826582,0.286067172
-3.47097126,-1.789326408,0.421041504
-3.676518231,-1.821734199,0.498651745
-3.866491815,-1.827267968,0.411293358
-4.042552823,-1.844990276,0.389922422
-4.202897981,-1.845166486,0.369676272
-4.350459014,-1.858119855,0.279693384
-4.486563073,-1.859349581,0.199833571
-4.60980053,-1.85931209,0.144344123
-4.721378565,-1.857160068,0.101602252
-4.818294223,-1.836820843,0.097103107
-4.90161597,-1.824504832,0.137220478
-4.972985874,-1.810025553,0.167589703
-5.031691621,-1.787718016,0.245199944
-5.07853925,-1.764968076,0.265446093
-5.113108871,-1.735469638,0.240325871
-5.135216783,-1.705457564,0.186711066
-5.145665274,-1.672228706,0.016118508
-5.144664289,-1.634695805,-0.063741305
-5.133394764,-1.599862304,-0.161972625
-5.11193918,-1.559956181,-0.285699096
-5.08035752,-1.518441666,-0.349062046
-5.039916949,-1.476780933,-0.436795362
-4.990917388,-1.43345932,-0.475787947
-4.933932436,-1.39439676,-0.547774257
-4.869029575,-1.345323926,-0.586016984
-4.795488995,-1.290942273,-0.578893339
-4.713393174,-1.238258993,-0.6306335
-4.62279085,-1.179029668,-0.662877368
-4.523786993,-1.123058369,-0.703369667
-4.417030185,-1.0642527,-0.7142426
-4.303041536,-1.002488939,-0.678999302
-4.182135963,-0.945156693,-0.584892198
-4.054639631,-0.882016988,-0.429296788
-3.920822468,-0.812998592,-0.314943534
-3.779436054,-0.742311816,-0.238458079
-3.631631335,-0.680289363,-0.242207366
-3.481146073,-0.619031739,-0.271451805
-3.325884573,-0.545728046,-0.352811333
-3.163263766,-0.468716427,-0.453292225
-2.992676313,-0.381881993,-0.4660398
-2.816169174,-0.308956965,-0.53240218
-2.636351658,-0.233662465,-0.541775398
-2.451701668,-0.155702307,-0.470538945
-2.264682305,-0.079418026,-0.422173142
-2.070727272,0.014648549,-0.329565754
-1.874039212,0.080757593,-0.197590851
-1.673422188,0.183608464,-0.096735031
-1.469067402,0.253009276,-0.101609104
-1.266039766,0.348927939,-0.101234175
-1.055469121,0.436006068,-0.086237027
-0.851253048,0.506539128,-0.089611386
-0.635261335,0.637235055,-0.050618801
-0.428848343,0.669196695,-0.02474872
-0.21622699,0.991523743,0.050986877
-0.018099309,0.812748512,0.114724756
0.017902434,0.122647025,0.118848972
-0.004452913,0.106416885,0.175838134
0.00652044,0.099777112,0.193084854
0.000735717,0.037488468,0.140969765
0.003881137,0.066855685,0.091479177
0.002801422,0.014026187,0.064859239
0.002587728,0.042609829,0.022117367
0.004301026,0.014854753,-0.043495155
0.002636465,0.019638689,-0.07086495
0.004518468,0.01864516,-0.052868373
0.003382518,0.008387442,-0.006002285
0.004233543,0.013505053,0.043488303
0.004184806,0.002021358,0.094103678
0.00424854,0.006239169,0.095603392
0.004780899,0.002872418,0.07310767
0.004882122,0.00601047,0.054361235
0.005275768,0.005950484,-0.014625646
0.005399486,0.005350617,-0.067490592
0.006407969,0.005598062,-0.09710996
0.007423951,0.004649523,-0.133852972
0.007963808,0.00619043,-0.154099122
0.009178488,0.006861531,-0.126729327
0.009800823,0.002662465,-0.09973446
0.010160728,0.005628055,-0.12298004
0.010708084,-4.07e-05,-0.165721912
0.010449402,-0.002443899,-0.252330441
0.011596599,0.000424213,-0.318692821
0.010884287,0.000435461,-0.36218455
0.012260174,0.011349283,-0.39405349
0.011615344,-0.007782711,-0.359934978
0.012192692,0.013973699,-0.271826734
0.013437363,-0.011175707,-0.130853542
0.011322921,0.007735087,-0.028123079
0.015638032,0.00079538,0.039364087
0.010258203,-0.019708808,0.089979462
0.016687755,0.038616967,0.062234738
0.011008005,-0.05494722,0.022492296
0.015285625,0.079959021,-0.035621653
0.01503819,-0.123302014,-0.098234746
0.010996758,0.314349381,-0.116606252
0.257261726,1.734690926,-0.182593703
0.637666273,1.850371443,-0.120355539
0.947806874,1.669556665,0.012369221
1.267597427,1.793867762,0.027366369
1.565583738,1.711622308,0.153342412
1.847655502,1.776017983,0.15409227
2.121618156,1.687368953,0.072357813
2.384509985,1.682498786,0.117349257
2.646869453,1.709474036,0.107601111
2.891462364,1.703872782,0.187085995
3.124770754,1.742819118,0.27219481
3.343188077,1.756357357,0.340431833
3.553852447,1.800222599,0.480280239
3.753854632,1.814446935,0.508399891
3.938223446,1.817802438,0.475781094
4.108244798,1.826331791,0.445036941
4.262977688,1.835644719,0.350929837
4.405635017,1.840717341,0.271070024
4.535943106,1.842756887,0.170964061
4.654737986,1.841017274,0.085105389
4.760924945,1.830238422,0.060360095
4.852408287,1.812763559,0.055486021
4.9307476,1.7977444,0.113225041
4.997854879,1.784116182,0.198708785
5.052507947,1.759585389,0.261696806
5.094654318,1.734031073,0.230577724
5.124578915,1.702897999,0.21445579
5.142071796,1.671461242,0.149218196
5.147864016,1.634648181,-0.015375503
5.142491685,1.594123445,-0.091486029
5.127158234,1.562439244,-0.165346983
5.101559994,1.519421313,-0.300321315
5.065876917,1.477231948,-0.414674568
5.02163485,1.435196299,-0.461165727
4.968972506,1.389842638,-0.53540161
4.908321022,1.346513526,-0.620510425
4.83993908,1.291044615,-0.620885353
4.763155606,1.244817398,-0.659128081
4.67740825,1.193480068,-0.735613536
4.583345589,1.130272879,-0.765232903
4.481425003,1.075403834,-0.764483046
4.371515277,1.017494216,-0.717991887
4.254493678,0.953435966,-0.648630077
4.130667627,0.889861358,-0.497158882
4.000959379,0.832409138,-0.346437545
3.864829077,0.764320535,-0.292072884
3.721178261,0.694766007,-0.232084291
3.572983645,0.6365827,-0.242207366
3.421553633,0.572801888,-0.302945816
3.264301408,0.502557514,-0.401552064
3.09945369,0.421361826,-0.502782813
2.92631691,0.336619427,-0.5470244
2.748283923,0.264590449,-0.60738792
2.566228248,0.184871933,-0.58151784
2.380108647,0.115628586,-0.491909881
2.191465962,0.035325199,-0.411675139
1.9959176,-0.054467326,-0.274826163
1.79900085,-0.130957811,-0.14885012
1.596411847,-0.223933379,-0.106858106
1.392870596,-0.29068353,-0.092985744
1.186783768,-0.402738604,-0.074989166
0.976812965,-0.45831999,-0.060741876
0.771056049,-0.570318825,-0.058117375
0.552961141,-0.65935402,-0.046119656
0.350567087,-0.748640408,0.016118508
0.130166538,-1.062715542,0.085105389
-0.033106596,-0.630822866,0.118099114
-0.033237811,-0.078791915,0.152592555
-0.022305698,-0.159338998,0.184086566
-0.030606006,-0.087130061,0.13384612
-0.024000251,-0.070236319,0.04723759
-0.028461573,-0.070674971,0.024366939
-0.025383636,-0.037644819,-0.004502571
-0.027276886,-0.055944498,-0.079488311
-0.026901985,-0.030150236,-0.101984033
-0.026515837,-0.043459775,-0.059992018
-0.027674281,-0.027458335,-0.021749291
-0.026455852,-0.033674452,0.025491725
-0.027674281,-0.030753851,0.097852965
-0.027213152,-0.023517961,0.129721904
-0.027760508,-0.027454585,0.108725897
-0.027741763,-0.020222444,0.071607955
-0.027880476,-0.026071143,0.022117367
-0.028296616,-0.020034986,-0.052493444
-0.028574043,-0.021575893,-0.116231323
-0.02975873,-0.02680223,-0.125604541
-0.030332329,-0.022655653,-0.144725904
-0.031145864,-0.024605219,-0.150724764
-0.032248073,-0.022426954,-0.113231894
-0.032263069,-0.020327421,-0.101984033
-0.032982879,-0.025729969,-0.123729897
-0.032960385,-0.015468502,-0.1747202
-0.033496493,-0.022516934,-0.247456368
-0.034317526,-0.017166874,-0.320567465
-0.033503991,-0.019018962,-0.351686547
-0.035445978,-0.022591917,-0.350561761
-0.033841402,-0.011734332,-0.288698525
-0.035937099,-0.029752824,-0.166471769
-0.034726168,-0.001941511,-0.082112811
-0.035232285,-0.038094718,-0.021374362
-0.03710679,0.002358783,0.043488303
-0.033155333,-0.027360856,0.086230175
-0.040053512,-0.022456947,0.046112804
-0.030557269,0.005912992,-0.012376073
-0.043787526,-0.086226512,-0.026998293
-0.025608576,0.138382274,-0.075739024
-0.077356161,-0.768540981,-0.150349835
-0.404239841,-1.887209634,-0.14022676
-0.766720371,-1.689043716,-0.054368088
-1.073078221,-1.713450786,-0.009001715
-1.393371141,-1.764326969,0.085855246
-1.681013934,-1.739983634,0.130096833
-1.963040709,-1.769320858,0.065984025
-2.230607553,-1.656549694,0.090354391
-2.494084226,-1.702956871,0.079481458
-2.751195081,-1.700951067,0.103101966
-2.99064435,-1.721024102,0.220829578
-3.218869083,-1.746889598,0.288691673
-3.433537395,-1.771352906,0.394796495
-3.642031088,-1.8098156,0.515148608
-3.836203563,-1.815248142,0.52602154
-4.015616186,-1.833675293,0.497901887
-4.180182729,-1.832051904,0.472781665
-4.330952915,-1.842309622,0.373425559
-4.470213641,-1.847678428,0.228328152
-4.597068892,-1.845848835,0.121098544
-4.712260973,-1.841908461,0.058485451
-4.812618222,-1.825153438,0.055486021
-4.899482784,-1.814314599,0.121098544
-4.974354262,-1.799441658,0.176587992
-5.036884,-1.779916001,0.258697377
-5.087698082,-1.75627376,0.254198232
-5.125626816,-1.728507437,0.173963491
-5.151378765,-1.699773829,0.141719622
-5.165520031,-1.663763089,0.02699144
-5.167507006,-1.62649263,-0.058492303
-5.158828048,-1.591467921,-0.081362954
-5.139824317,-1.550725734,-0.172470628
-5.11061578,-1.511535702,-0.28457431
-5.072420866,-1.471775797,-0.360309907
-5.025723197,-1.42842419,-0.44016972
-4.971137612,-1.389489101,-0.498283669
-4.908821567,-1.341998416,-0.546274542
-4.838636351,-1.294556469,-0.625759427
-4.759918388,-1.244951254,-0.697745737
-4.671951618,-1.184927106,-0.779105265
-4.575369622,-1.127939783,-0.812473919
-4.470925952,-1.067252033,-0.769357119
-4.358538131,-1.004333529,-0.677499587
-4.238644791,-0.943836987,-0.520779391
-4.112606824,-0.884667649,-0.381305914
-3.980281767,-0.818333655,-0.2988216
-3.840829842,-0.750597473,-0.221211359
-3.695450732,-0.690119676,-0.228709933
-3.546382596,-0.627024961,-0.276325878
-3.392755665,-0.558782642,-0.326191395
-3.232196813,-0.481939735,-0.421423285
-3.063487614,-0.396904901,-0.475787947
-2.887344128,-0.323091321,-0.526403321
-2.708051474,-0.249836367,-0.56989505
-2.524301247,-0.167812113,-0.521904177
-2.337604298,-0.097657719,-0.378681413
-2.146164851,-0.006358028,-0.268452375
-1.949510532,0.060298394,-0.178094559
-1.751150413,0.154544929,-0.065615949
-1.546240773,0.240727008,-0.070115093
-1.343700508,0.308346966,-0.096735031
-1.133744701,0.42682811,-0.084737312
-0.926510675,0.475893445,-0.051368658
-0.714849069,0.616929572,-0.006002285
-0.500045792,0.645794401,0.036364658
-0.295754739,0.86571298,0.107226182
-0.074053283,0.998437206,0.137595407
0.023627172,0.31484427,0.166464917
-0.001176278,0.054325973,0.198708785
0.003956117,0.144377191,0.190835282
0.003727427,0.033788041,0.149218196
0.001987886,0.063009041,0.058485451
0.004694672,0.02601602,-0.022124219
0.002100357,0.034001744,-0.099359532
0.00508082,0.028812898,-0.137977188
0.002895147,0.011049349,-0.091486029
0.004420994,0.023084172,-0.024373792
0.004117324,0.008706121,0.054736164
0.004128571,0.0153159,0.103476895
0.00466468,0.003633499,0.125597688
0.004533464,0.008211231,0.118848972
0.005350748,0.006801544,0.080981173
0.004840883,0.00124903,0.059235308
0.005725649,0.005039436,0.000746431
0.005785634,0.003940931,-0.055117945
0.005755642,0.003483532,-0.110232464
0.006351734,0.003423546,-0.144725904
0.006314244,0.001331511,-0.142101404
0.006771623,0.001369003,-0.1316034
0.006880345,0.004383332,-0.080988025
0.006456706,-0.001064206,-0.091486029
0.006614165,0.000566681,-0.164597126
0.00655793,-0.002908796,-0.232834149
0.006246762,-0.004907101,-0.318692821
0.006220519,0.003221091,-0.384680272
0.006108048,-0.005634439,-0.344562902
0.006006825,-0.003958562,-0.245956653
0.005984331,0.000203012,-0.148100263
0.005984331,-0.005252024,-0.035996581
0.005796881,-0.001472865,0.019492866
0.005500709,-0.000989223,0.038239301
0.005669414,-0.002702591,0.080606244
0.0057219,-0.002818816,0.072357813
0.00542198,-0.001367888,0.014618793
0.005358246,-0.00414602,-0.030372651
0.005391988,-0.004832118,-0.064866091
0.005242027,-0.000134413,-0.162347553
0.005110812,-0.000768022,-0.251205655
0.005062075,-0.001934012,-0.203964639
0.00488962,-0.001551597,-0.183343561
0.004859628,-0.001566594,-0.14885012
0.004904616,-0.003527408,-0.104983462
0.004765903,-0.003328702,-0.189717348
0.004657182,-0.001420377,-0.259454087
0.004615942,-0.00095548,-0.290948097
0.004589699,-0.002698842,-0.265452946
