0.084885996,2.824097338,-0.144725904
0.239761348,4.264725621,-0.125604541
0.383974515,2.786118287,-0.023623934
0.536844147,2.873935002,0.000371503
0.671411112,2.61757078,0.07910653
0.795559578,2.47092965,0.097478036
0.909053358,2.545669275,0.063359524
1.004083263,2.430449905,0.05886038
1.089373241,2.503326194,0.087354961
1.160675662,2.352965891,0.022492296
1.224824972,2.361637712,-0.080988025
1.277817229,2.283778782,-0.009376644
1.320968334,2.216353781,-0.081362954
1.355020592,2.136507792,-0.041245583
1.379096734,2.058213959,-0.005627357
1.395082512,2.041050277,-0.148475191
1.403180374,1.941847344,-0.034871795
1.404023901,1.882835472,-0.141726475
1.395843561,1.812767308,-0.125979469
1.380221437,1.731252941,-0.140976617
1.35718377,1.659591382,-0.369308196
1.325962015,1.577555881,-0.18934242
1.287827085,1.486514883,-0.208838712
1.24259528,1.377076727,-0.159723052
1.190870189,1.267117438,-0.089611386
1.132340645,1.153210276,-0.182593703
1.068933638,1.039198138,-0.122605111
0.999618193,0.921474326,-0.244831867
0.923798214,0.803896731,-0.290573169
0.841447461,0.669594107,-0.337064328
0.754309221,0.545069307,-0.430046645
0.666706105,0.414437116,-0.434170861
0.568661995,0.252780576,-0.484411307
0.467697407,0.121616004,-0.437545219
0.358908635,-0.04658283,-0.370807911
0.249793698,-0.176888844,-0.268452375
0.142084641,-0.423347769,-0.186717919
0.02859461,-0.527986992,-0.184468347
-0.007470866,-0.170717717,-0.130853542
0.007180265,-0.046365379,-0.190092277
0.002411525,-0.077723403,-0.174345272
0.004679676,-0.02410658,-0.146225619
0.003989858,-0.044089635,-0.203214782
0.003318785,-0.020222444,-0.10573332
0.004604695,-0.024582724,-0.105358391
0.003116338,-0.019213918,-0.115856395
0.00405734,-0.01376638,-0.037496296
0.00307135,-0.018569062,-0.021749291
0.003659945,-0.010347141,-0.03337208
0.003270048,-0.018839002,-0.032622223
0.003078848,-0.011783071,-0.026998293
0.003120088,-0.011828061,-0.079113382
0.002613971,-0.01390135,-0.092985744
0.002801422,-0.011235693,-0.040870654
0.002254066,-0.011231944,-0.043495155
0.002197831,-0.011336921,0.027741298
0.002186584,-0.009567314,0.119973758
0.001717958,-0.009897241,0.105726467
0.001650476,-0.011441897,0.130096833
0.001470523,-0.009203645,0.079481458
0.001339308,-0.008963699,-0.002627927
0.001436782,-0.010658322,-0.053993159
0.001328061,-0.010043458,-0.122605111
0.00129432,-0.007775213,-0.148100263
0.001384296,-0.011580617,-0.176969773
0.001380547,-0.013009049,-0.181843846
0.001286822,-0.00819137,-0.227210218
0.001361802,-0.005791904,-0.233209078
0.001459276,-0.009477334,-0.169846127
0.00133181,-0.010455867,-0.173220486
0.00133181,-0.006519242,-0.181468917
0.001391794,-0.009357361,-0.196466065
0.001403041,-0.008986194,-0.229459791
0.001451778,-0.008007661,-0.27295152
0.001391794,-0.00815013,-0.294697384
0.001496766,-0.00841632,-0.265452946
0.001414288,-0.012604139,-0.222336145
0.001309316,-0.007872691,-0.201715067
0.001459276,-0.006504246,-0.173595414
0.001298069,-0.011741831,-0.141351546
0.001511762,-0.009526074,-0.195341279
0.001616734,-0.006901657,-0.179219345
0.001313065,-0.01080079,-0.148100263
0.001451778,-0.013395213,-0.185218204
0.001376798,-0.011588115,-0.134602829
0.00083694,-0.012315453,-0.120355539
0.000447043,-0.011704339,-0.106858106
0.000203358,-0.011006994,-0.063741305
-0.000340249,-0.010688315,-0.047619371
-0.000362743,-0.008899963,0.027366369
-0.000887604,-0.013481444,0.057360665
-0.001071306,-0.008652518,0.058485451
-0.000943839,-0.012907821,0.044988018
-0.001828606,-0.012574146,-0.009751572
-0.001033816,-0.006912905,0.002621075
-0.002255993,-0.014456227,-0.024373792
-0.001311242,-0.003711117,-0.055867803
-0.001944825,-0.019277654,-0.035246724
-0.002124777,-0.002301431,-0.041245583
-0.00079013,-0.018610303,-0.034871795
-0.003481919,-0.008521297,-0.041995441
0.000278338,-0.003437428,-0.050618801
-0.004449164,-0.029914038,-0.07086495
0.001091873,0.025577368,-0.090361243
-0.004366685,-0.068635425,-0.095610245
0.000795701,0.08895327,-0.172470628
-0.007748292,-0.308387092,-0.211088284
-0.20096477,-1.330357255,-0.234333864
-0.450285182,-1.410169501,-0.231709363
-0.637683196,-1.302755895,-0.161597696
-0.828594032,-1.39124746,-0.18634299
-0.992796921,-1.3910675,-0.094860387
-1.140954047,-1.486123855,-0.011251287
-1.271685775,-1.5104222,-0.057742446
-1.383627464,-1.559112619,0.007120219
-1.486462809,-1.575732672,0.016118508
-1.573211151,-1.611990856,0.004870647
-1.650095848,-1.664392949,0.06448431
-1.710593623,-1.677837459,0.005620504
-1.758101077,-1.698472868,-0.014250717
-1.7922883,-1.706721033,0.036739586
-1.815104774,-1.712153575,-0.045744728
-1.829748407,-1.71514166,-0.025123649
-1.83299505,-1.721357777,-0.041245583
-1.826501765,-1.701513442,-0.110982321
-1.80997238,-1.693625197,-0.081362954
-1.783815537,-1.663316939,-0.139476903
-1.750400611,-1.581277688,-0.207713926
-1.709064027,-1.513256569,-0.168721341
-1.660075713,-1.442641028,-0.098234746
-1.604050507,-1.361996467,-0.154848979
-1.539560037,-1.281843047,-0.126354398
-1.468947434,-1.187000395,-0.049494015
-1.39235516,-1.079219371,-0.058492303
-1.310607997,-0.975941095,-0.100109389
-1.221471535,-0.853403353,-0.155973765
-1.124987014,-0.743399074,-0.206964069
-1.028273803,-0.633720972,-0.287573739
-0.92403258,-0.498739748,-0.326191395
-0.814164092,-0.370128358,-0.428921859
-0.695740365,-0.211898556,-0.508031815
-0.574726071,-0.09266383,-0.488535522
-0.451721053,0.068396593,-0.522654034
-0.322196506,0.199913587,-0.478037519
-0.200271203,0.405251659,-0.383555486
-0.063241139,0.62417296,-0.368933267
0.011787799,0.293845192,-0.310069461
-0.001288748,0.036798622,-0.303695673
-0.001232513,0.087026198,-0.284199381
0.00019586,0.026102251,-0.2152125
-0.001738629,0.033105693,-0.200965209
0.001031889,0.020013605,-0.151474621
-0.001551179,0.010591951,-0.128978899
0.000477035,0.012931431,-0.118855824
-0.000418978,0.001309016,-0.089986314
0.00019586,0.009058542,-0.077613667
0.000342071,-0.005105807,-0.075739024
0.00011713,0.004072152,-0.045744728
0.000983152,-2.94e-05,-0.041245583
0.000720721,-0.002946287,-0.028872936
0.00121559,-0.000441844,-0.019499719
0.001110618,-0.003538655,-0.021749291
0.001478021,0.000982839,0.067858669
0.001789189,-0.002387661,0.100477465
0.001939149,-0.002916294,0.151467769
0.002235321,0.000971591,0.2433253
0.002381533,-0.001892772,0.212956075
0.002838912,-0.005566954,0.20883186
0.003007617,-0.000453092,0.188960639
0.003067601,-0.001375387,0.10197718
0.003131335,-0.003823592,0.058110522
0.003048856,-0.000389356,-0.022499148
0.003075099,-0.002830063,-0.091486029
0.003105091,-0.004265994,-0.128978899
0.003176323,-0.003984806,-0.17771963
0.003097593,-0.004194759,-0.194216493
0.003078848,-0.004753385,-0.220086573
0.003172574,-0.005282018,-0.258329301
0.003030111,-0.003534906,-0.241457509
0.003288793,-0.001960257,-0.258704229
0.004214798,0.000244253,-0.315693392
0.004694672,-0.000554319,-0.309694532
0.005238278,0.001357755,-0.345687688
0.005961837,0.00165019,-0.34793726
0.006010574,0.00115905,-0.312319033
0.006696643,0.002564987,-0.343813044
0.0066704,-0.000876748,-0.300696244
0.007622649,0.005706788,-0.286074024
0.007558915,-0.003681124,-0.30744496
0.007588907,0.005950484,-0.24708144
0.008889814,0.001781411,-0.260578873
0.007375214,0.000454206,-0.242582295
0.009887051,0.006854033,-0.190842134
0.007622649,-0.011505633,-0.176594844
0.010321936,0.021603252,-0.092985744
0.009077264,-0.02244195,-0.069365236
0.008477423,0.028689175,-0.02774815
0.011825289,-0.017830476,0.052861521
0.004672178,0.006111698,0.082480888
0.018108629,0.0236353,0.117349257
-0.00624119,-0.092108953,0.117349257
0.098626117,1.008886131,0.109850683
0.431886863,1.870721916,0.126347546
0.735549175,1.648707553,0.197958927
1.004229475,1.763754461,0.199458642
1.2730035,1.839247668,0.240325871
1.509329843,1.936546024,0.380174276
1.740291353,2.036914947,0.396671138
1.951889227,2.037679777,0.511024392
2.155752892,2.156873262,0.556015836
2.340886504,2.250591165,0.572887627
2.509262041,2.374471108,0.675243163
2.664396075,2.46472853,0.531270542
2.803244409,2.546741536,0.551141763
2.930677008,2.596114303,0.441662582
3.042524973,2.603260214,0.157466628
3.140850258,2.651425749,0.100102537
3.22294233,2.657975542,-0.365558909
3.293165036,2.594948313,-0.535776539
3.354690039,2.523414225,-0.368933267
3.405391651,2.489056868,-0.554148045
3.44462504,2.474011465,-0.403426707
3.472806348,2.413957324,-0.393678561
3.490880326,2.374752295,-0.449168009
3.498794486,2.326867947,-0.304070602
3.498846972,2.227979944,-0.360684836
3.489999308,2.169627925,-0.164972054
3.472225252,2.089793184,-0.283074595
3.44674698,2.041428943,-0.496034096
3.412409797,1.998827169,-0.484786235
3.371912991,1.877579141,-0.578893339
3.325620216,1.790943413,-0.27295152
3.271923146,1.704517638,-0.21821193
3.211856507,1.609465033,-0.303320745
3.145116631,1.530732547,-0.297696814
3.071621039,1.443523196,-0.536901325
2.991875848,1.361948843,-0.554148045
2.904823835,1.275823001,-0.634007858
2.81100486,1.199186299,-0.680124088
2.710628866,1.120907462,-0.593890487
2.60371085,1.035149039,-0.550773687
2.492335261,0.952063771,-0.342688258
2.37286556,0.854041826,-0.232834149
2.24668513,0.771608913,-0.079488311
2.118420251,0.687106461,0.180712207
1.98243616,0.581031307,0.134221048
1.838980292,0.477775526,0.044613089
1.68743781,0.368907244,-0.034121938
1.53289612,0.270574118,-0.257204514
1.374852854,0.153243968,-0.367808481
1.211422261,0.066908174,-0.417299069
1.047174384,-0.048037507,-0.378681413
0.874352521,-0.164524094,-0.205089425
0.705639573,-0.254391603,-0.092985744
0.527715308,-0.406247823,-0.038621082
0.356872922,-0.492141216,0.047612519
0.182877619,-0.768304784,0.029241012
0.014265894,-0.702135753,-0.064116234
-0.022553133,-0.174148203,-0.028123079
-0.003050783,-0.105287272,-0.096735031
-0.011954682,-0.107278079,-0.146600548
-0.007122208,-0.049837106,-0.079863239
-0.009772758,-0.072133397,-0.103483747
-0.009641543,-0.030371437,-0.015375503
-0.009022956,-0.044254598,0.012369221
-0.010695014,-0.029010489,0.005245576
-0.009510327,-0.029494132,0.061859809
-0.011351091,-0.028328141,-0.096360102
-0.010361352,-0.020439896,-0.176594844
-0.011227374,-0.02909672,-0.259454087
-0.011373585,-0.018947728,-0.481411877
-0.011564785,-0.022861857,-0.420673428
-0.012198367,-0.021767101,-0.349436975
-0.012097144,-0.018235386,-0.287948668
-0.012685739,-0.017732998,-0.079113382
-0.012974412,-0.017279349,-0.037871225
-0.013499274,-0.016447034,0.014618793
-0.013634238,-0.016537014,0.042363517
-0.01385543,-0.019307648,-0.053993159
-0.01453775,-0.017286847,-0.037121367
-0.014710204,-0.015843418,-0.099359532
-0.014691459,-0.014879883,-0.17771963
-0.014627726,-0.014384993,-0.111732179
-0.014504009,-0.014898628,-0.175095129
-0.014672714,-0.011445647,-0.119230753
-0.014871411,-0.01588091,0.002996003
-0.015321293,-0.020818562,-0.017625075
-0.016082342,-0.015873412,0.102727038
-0.016442247,-0.019000216,0.067858669
-0.017192049,-0.01875652,-0.054743016
-0.017563201,-0.013204005,-0.058492303
-0.017874368,-0.021530903,-0.196091136
-0.018650414,-0.015389769,-0.207338997
-0.018534194,-0.014816147,-0.126729327
-0.019966316,-0.019765046,-0.161972625
-0.019400216,-0.010193425,-0.060366947
-0.020344966,-0.023626687,-0.031497437
-0.020607397,-0.010654573,-0.109857535
-0.020348715,-0.024399015,-0.076113952
-0.022294451,-0.011190703,-0.127479184
-0.019658897,-0.013751384,-0.168346413
-0.023591609,-0.027597054,-0.163847268
-0.019501439,0.006115447,-0.218586858
-0.02370033,-0.048956052,-0.23245922
-0.021233481,0.02736572,-0.229459791
-0.020948557,-0.065606099,-0.182968632
-0.026860745,0.045226747,-0.072364665
-0.010500066,-0.122694649,-0.035621653
-0.201410902,-1.319522166,-0.038621082
-0.557285676,-1.651630788,0.015743579
-0.847121639,-1.440099093,-0.048744157
-1.130621776,-1.563499143,-0.109857535
-1.397232622,-1.529149284,-0.003752713
-1.642275413,-1.592888855,-0.022124219
-1.883333007,-1.538072299,0.022117367
-2.10875723,-1.491781347,0.091479177
-2.32869665,-1.525205162,0.069358383
-2.529508622,-1.536872566,0.208082002
-2.719343492,-1.59817143,0.218954935
-2.894482243,-1.629341996,0.220079721
-3.056690659,-1.674804383,0.305938393
-3.206347389,-1.703792935,0.213331004
-3.339650938,-1.724465836,0.160091129
-3.458861958,-1.735510879,0.113974899
-3.561757286,-1.736125742,-0.023998863
-3.651707283,-1.740073614,-0.012751002
-3.728944387,-1.732069145,-0.025498578
-3.794049695,-1.723041153,-0.063366376
-3.847023206,-1.704250333,0.010494577
-3.887261331,-1.683273749,0.018743009
-3.916424879,-1.662627092,0.06748374
-3.934855013,-1.640522009,0.037114515
-3.942495495,-1.615743771,0.003745861
-3.939496287,-1.581480143,0.05586095
-3.926693418,-1.55029458,-0.018749861
-3.905234085,-1.51550232,-0.040120797
-3.875433204,-1.480136437,-0.078738453
-3.837039593,-1.445546632,-0.109107678
-3.790188215,-1.397853491,-0.103108819
-3.735445171,-1.350703979,-0.251580584
-3.672712986,-1.298748037,-0.334439827
-3.601706737,-1.244085197,-0.356185691
-3.523179973,-1.191540635,-0.472413588
-3.436892759,-1.130294259,-0.553773116
-3.342661393,-1.073584374,-0.551898473
-3.241370641,-1.011651901,-0.598014703
-3.132716833,-0.944579321,-0.623884783
-3.018713188,-0.879801231,-0.55264833
-2.897590173,-0.800341407,-0.488535522
-2.767889423,-0.725384331,-0.438670005
-2.634285953,-0.656440918,-0.381305914
-2.495969978,-0.582537357,-0.307819889
-2.349623624,-0.487308541,-0.334814755
-2.193533593,-0.395408984,-0.377181698
-2.032836028,-0.318761034,-0.334814755
-1.866601176,-0.215928909,-0.326566324
-1.697014708,-0.137732554,-0.319442679
-1.523829191,-0.035222857,-0.308569746
-1.344360334,0.053501156,-0.304070602
-1.16468528,0.14991096,-0.29019824
-0.976323771,0.252233198,-0.257204514
-0.792970939,0.32626423,-0.214837571
-0.601246568,0.469703572,-0.172470628
-0.414673336,0.528228053,-0.113981751
-0.227256577,0.798902842,-0.058492303
-0.038951303,0.76110375,-0.03074758
0.011004256,0.183994628,0.019867795
-0.011418573,0.090726625,0.038239301
-0.002106032,0.104707265,0.051736734
-0.006346163,0.034125466,0.144719052
-0.004029275,0.05820261,0.130471761
-0.003688115,0.01590077,0.082480888
-0.004516646,0.032861997,0.100852394
-0.002098534,0.016879303,0.060360095
-0.003890561,0.013786241,0.013868936
-0.001892339,0.016091978,-0.007876929
-0.002585906,0.005530577,-0.026623364
-0.001506191,0.00996584,-0.045744728
-0.001075055,0.00326983,-0.073489451
-0.00116878,0.007011498,-0.043870084
-0.000400233,0.00479949,-0.046869514
-0.000295261,0.003074873,-0.090361243
0.000492032,0.002636221,-0.074239309
0.000694478,0.003371057,-0.079113382
0.001016893,-0.000355614,-0.134602829
0.001680468,0.000922852,-0.167971484
0.003056354,0.005133166,-0.148100263
0.004252289,0.003213593,-0.179594274
0.004792146,0.004113392,-0.175470058
0.005811877,0.003007388,-0.163472339
0.005894355,0.001837649,-0.222711074
0.006816611,0.001162799,-0.229834719
0.007229002,-0.003193732,-0.260953801
0.007750115,0.006985254,-0.248581154
0.008631132,-0.000854253,-0.242957224
0.00807253,0.0020551,-0.287948668
0.010085748,0.003817208,-0.245956653
0.00860114,-0.007242831,-0.22383586
0.01098551,0.010228282,-0.18071906
0.010007019,-0.015048595,-0.123354969
0.010588115,0.019934873,-0.133852972
0.012372644,-0.016237081,-0.101984033
0.008901061,0.011109336,-0.079488311
0.015664275,0.005459343,-0.128229042
0.006336738,-0.027188395,-0.0911111
0.019690712,0.06989251,-0.063366376
0.00129432,-0.142452754,-0.0911111
0.055729945,0.702777975,-0.006752143
0.381432687,1.792829243,0.012369221
0.735639151,1.586006501,0.09635325
1.034090339,1.566960738,0.170214204
1.350454297,1.641276706,0.187835853
1.636957391,1.632859829,0.312312181
1.91885295,1.649288674,0.272944667
2.186607245,1.53328198,0.329183972
2.448104441,1.571497229,0.32131047
2.701991147,1.590880417,0.242200514
2.942403912,1.650038507,0.352054623
3.173586613,1.689131061,0.295815318
3.38600552,1.725666684,0.309312751
3.58879322,1.790317302,0.347555479
3.780000228,1.826849176,0.252698518
3.959858983,1.876405652,0.306313322
4.124822921,1.892242129,0.261321878
4.27349741,1.912585104,0.147343553
4.409725187,1.926614483,0.138720193
4.533907394,1.947114923,0.070483169
4.647221221,1.96605196,0.065234168
4.746918644,1.966513108,0.074607385
4.832298598,1.980463754,0.129346975
4.903882195,1.980422513,0.198333856
4.961995599,1.977801846,0.111350398
5.007958461,1.977490666,0.091479177
5.042603063,1.964462314,0.107601111
5.066240571,1.948824542,0.016118508
5.07813243,1.91786018,-0.096360102
5.079122169,1.869945839,-0.204714496
5.070735634,1.842940596,-0.316818178
5.052541688,1.81783993,-0.366683695
5.024637807,1.754775209,-0.401926993
4.988088708,1.700895944,-0.433046075
4.942583225,1.66454778,-0.482911592
4.889051111,1.6262463,-0.499033526
4.828339643,1.583850731,-0.388054631
4.759803991,1.526653454,-0.36218455
4.684103981,1.467390387,-0.391803918
4.601142139,1.411062917,-0.410550353
4.510832237,1.357281131,-0.436795362
4.413387969,1.295296169,-0.421048356
4.309262966,1.235916878,-0.446543508
4.197842388,1.173763204,-0.416174283
4.079467398,1.102967703,-0.385805059
3.9552477,1.035737658,-0.447293365
3.82486838,0.96667802,-0.481036948
3.690852519,0.907002545,-0.514030674
3.550174668,0.834178745,-0.539150897
3.400754125,0.75638355,-0.553773116
3.24774578,0.690945607,-0.554522974
3.090785978,0.615287437,-0.550773687
2.924749824,0.521959448,-0.551523544
2.750762018,0.435987322,-0.489660308
2.572777769,0.356227565,-0.404551494
2.389796089,0.271758855,-0.289448383
2.204280078,0.187387623,-0.208838712
2.012297025,0.095664277,-0.162722482
1.818165789,0.016249443,-0.071614808
1.620128085,-0.088937159,-0.093360672
1.418082689,-0.164205415,-0.134977758
1.216985792,-0.262849722,-0.104983462
1.008537087,-0.352139859,-0.153349264
0.806322986,-0.440222765,-0.164972054
0.593206763,-0.573501867,-0.133852972
0.390958921,-0.643390071,-0.115106537
0.181715426,-0.936398641,-0.100484318
-0.010713759,-0.761751241,-0.10573332
-0.043483856,-0.173019704,-0.008251858
-0.022849305,-0.141507964,0.024366939
-0.033132839,-0.123973115,0.043863232
-0.027153168,-0.072058413,0.095228464
-0.031145864,-0.088498506,0.034115085
-0.029972424,-0.044614518,0.053611378
-0.029807467,-0.065797306,0.010494577
-0.031453283,-0.041165285,-0.045369799
-0.030167372,-0.047467633,-0.008251858
-0.032180591,-0.042027594,-0.048744157
-0.031153362,-0.033213304,-0.029997722
-0.032383037,-0.041525205,-0.052868373
-0.032577986,-0.030701363,-0.133103115
-0.032881656,-0.036118908,-0.152599407
-0.033541481,-0.031128768,-0.223460931
-0.033612712,-0.02936666,-0.239207937
-0.034212554,-0.029246687,-0.245206796
-0.034771157,-0.032036066,-0.28719881
-0.03623327,-0.038135959,-0.250080869
-0.037170523,-0.030416426,-0.209963498
-0.03801405,-0.030292704,-0.177344701
-0.03911251,-0.031833611,-0.132353257
-0.039554893,-0.030168982,-0.095235316
-0.040559628,-0.029651597,-0.098984603
-0.040342185,-0.025460029,-0.0911111
-0.0414219,-0.029055479,-0.118480895
-0.041624347,-0.020799816,-0.157848409
-0.04210422,-0.029475386,-0.144725904
-0.043311401,-0.020199949,-0.163847268
-0.04214171,-0.028500603,-0.106108248
-0.044949719,-0.030052757,-0.082862669
-0.042224188,-0.015547234,-0.091486029
-0.04574076,-0.040711636,-0.022874077
-0.043502601,-0.000329369,-0.08248774
-0.044586065,-0.05534838,-0.139476903
-0.046936694,0.006134193,-0.09710996
-0.040585871,-0.049882096,-0.167971484
-0.05429975,-0.019555093,-0.176219915
-0.027925464,0.014667295,-0.130103685
-0.16756484,-1.070041412,-0.181468917
-0.54435909,-1.64537343,-0.075739024
-0.875985267,-1.428150501,-0.032247294
-1.183261625,-1.577191097,0.016868365
-1.494290742,-1.580134193,0.155217056
-1.777974579,-1.600477167,0.068233597
-2.060844882,-1.533198383,0.133096262
-2.326053598,-1.463381414,0.127847261
-2.589147873,-1.516098437,0.028116226
-2.839540502,-1.521268537,0.178837564
-3.080002003,-1.579339369,0.140219908
-3.30772062,-1.597792764,0.160840986
-3.518643671,-1.639963384,0.260946949
-3.721412626,-1.68704541,0.155966913
-3.912098522,-1.722666236,0.202083143
-4.091237467,-1.754305448,0.217830149
-4.254619322,-1.764045782,0.143969195
-4.403683709,-1.78396885,0.154467198
-4.539754027,-1.795681244,0.114349827
-4.663909991,-1.812897415,0.064859239
-4.777317544,-1.823927461,0.048737305
-4.876726293,-1.822945179,0.095603392
-4.96167511,-1.818015026,0.120723615
-5.032370192,-1.809961818,0.121848401
-5.090719784,-1.805781497,0.136470621
-5.138185999,-1.798358149,0.114724756
-5.174116511,-1.786229597,0.061109952
-5.198177657,-1.769785755,-0.042370369
-5.209934553,-1.7502526,-0.085112241
-5.210575633,-1.731270572,-0.167596555
-5.201203108,-1.709187985,-0.257954372
-5.181756993,-1.675929133,-0.2557048
-5.152777146,-1.641530535,-0.344562902
-5.114525997,-1.61058117,-0.342313329
-5.0675584,-1.574270497,-0.325816467
-5.013336468,-1.537757369,-0.395178276
-4.951222871,-1.498983495,-0.257579443
-4.880898941,-1.456355477,-0.1747202
-4.803245697,-1.413270061,-0.238458079
-4.717948221,-1.363634853,-0.217462072
-4.625088993,-1.309909304,-0.246706511
-4.52493794,-1.262508598,-0.364809051
-4.417375094,-1.206008667,-0.370432982
-4.302021805,-1.138913592,-0.316443249
-4.180044016,-1.07800839,-0.364059194
-4.051254275,-1.01534483,-0.366683695
-3.916728549,-0.954192183,-0.370807911
-3.777434083,-0.888315587,-0.448043223
-3.629670602,-0.814029612,-0.470164016
-3.47604742,-0.745052456,-0.439044934
-3.31908012,-0.677143812,-0.437920148
-3.155327112,-0.595074569,-0.446543508
-2.981916655,-0.503482443,-0.39705292
-2.802594008,-0.425885955,-0.386929845
-2.619413631,-0.340491201,-0.373057483
-2.431505752,-0.26267726,-0.334064898
-2.240771119,-0.175085495,-0.299571458
-2.043220786,-0.084738093,-0.217837001
-1.844455774,-0.003774853,-0.200590281
-1.639921035,0.103702489,-0.233209078
-1.434722722,0.167715749,-0.218586858
-1.22792733,0.278278654,-0.234333864
-1.016640625,0.352620867,-0.236583436
-0.810171397,0.466947935,-0.166846698
-0.591945274,0.575396311,-0.140976617
-0.389986105,0.671393706,-0.078363524
-0.169964206,0.965894445,-0.000378355
-0.003122014,0.600635696,0.007120219
-0.000535197,0.087787279,0.099727608
-0.0118872,0.140313095,0.116224471
-0.002852085,0.069251402,0.085480317
-0.008798015,0.05024688,0.185211352
-0.003688115,0.054464692,0.143594266
-0.006409896,0.020231057,0.068233597
-0.004306701,0.036011297,0.095603392
-0.004014279,0.010569456,0.008994863
-0.004134247,0.022180623,-0.062616519
-0.002563412,0.011169323,-0.046119656
-0.003309465,0.012668989,-0.048369229
-0.001802363,0.011637969,-0.074614237
-0.002027303,0.004848229,-0.106108248
-0.001236262,0.007941291,-0.103108819
-0.000610177,0.002894913,-0.14322619
-0.000287763,0.005901745,-0.151099692
9.46e-05,-0.000659296,-0.122605111
0.000608251,0.000424213,-0.113606822
0.001931651,0.007255193,-0.087361813
0.003101342,0.004357088,-0.09710996
0.004038595,0.006021718,-0.067865521
0.005294513,0.006017969,-0.058117375
0.005995578,0.001668936,-0.083237598
0.006580424,0.006509109,-0.1316034
0.007341473,-0.003272465,-0.194216493
0.007446445,-0.000321871,-0.20358971
0.008777344,0.005001945,-0.231709363
0.008128765,-0.001277908,-0.257579443
0.009590879,0.011214313,-0.24708144
0.009354691,-0.007051624,-0.212962928
0.009695851,0.013017662,-0.183343561
0.011285431,-0.007715226,-0.137977188
0.009242221,0.003611004,-0.081737883
0.013358634,0.01041574,-0.092610815
0.008687367,-0.01597089,-0.090361243
0.014704528,0.034312924,-0.082112811
0.00984956,-0.048138734,-0.136102544
0.013384877,0.071298447,-0.14022676
0.014494584,-0.097893916,-0.110607393
0.007978804,0.235151998,-0.093360672
0.243562844,1.535610212,-0.088486599
0.62010591,1.680380508,-0.011626216
0.923670748,1.46553455,0.032240442
1.234347458,1.60368007,0.019492866
1.528652241,1.55647807,0.120723615
1.807642318,1.604429903,0.067108811
2.079351818,1.492959699,0.067108811
2.337126247,1.464964677,0.105351539
2.594349572,1.504387157,0.053986307
2.835819557,1.509789705,0.190085425
3.06635368,1.55269891,0.191210211
3.281629333,1.571692185,0.219329863
3.488166042,1.624075533,0.296190247
3.68452419,1.65007225,0.197583999
3.86546266,1.672653477,0.232077439
4.032612271,1.6956996,0.200583428
4.184570893,1.708154329,0.119598829
4.323835367,1.7127808,0.135720763
4.450664376,1.723777104,0.077606815
4.565965178,1.734608445,0.07910653
4.667683318,1.726165323,0.083980603
4.754259206,1.718974422,0.099727608
4.827158705,1.711817265,0.137595407
4.888293811,1.706515944,0.144719052
4.938373087,1.695253449,0.156341842
4.976298072,1.678498426,0.080606244
5.00220748,1.651943084,-0.008251858
5.016776133,1.631720082,-0.113981751
5.020487653,1.615268742,-0.178469487
5.013799419,1.585132945,-0.202839853
4.996670192,1.559117483,-0.240332723
4.9691862,1.52316673,-0.284199381
4.931947284,1.493582061,-0.355435834
4.886325581,1.461016805,-0.352061476
4.832999663,1.41644672,-0.391803918
4.771977027,1.383255353,-0.430796503
4.703178944,1.334190018,-0.335564613
4.626080554,1.290002347,-0.318692821
4.541274198,1.249541348,-0.364059194
4.449044803,1.197495425,-0.348312189
4.349628556,1.148550063,-0.33631447
4.242808014,1.08720246,-0.337814185
4.128583178,1.030612548,-0.312693962
4.007782577,0.975499808,-0.248581154
3.880113791,0.911662758,-0.263203374
3.74803242,0.850663828,-0.29319767
3.609825166,0.783523763,-0.314568606
3.462950201,0.71372179,-0.377931556
3.311756377,0.649138657,-0.379806199
3.156877276,0.582677191,-0.403051779
2.993750353,0.498624639,-0.403051779
2.821348379,0.416975301,-0.383555486
2.644286385,0.340544803,-0.406426137
2.462039511,0.260166433,-0.374557198
2.276872158,0.185524288,-0.302195958
2.086572411,0.093174831,-0.259454087
1.891908816,0.020718449,-0.2557048
1.695366966,-0.074731569,-0.190092277
1.492219361,-0.159080305,-0.175470058
1.291392394,-0.238690096,-0.227585147
1.082771234,-0.345203902,-0.201715067
0.878240245,-0.406716469,-0.183343561
0.668209458,-0.549833382,-0.170595985
0.458283643,-0.607802987,-0.129728756
0.256969304,-0.846234948,-0.056242731
0.041892349,-0.908684806,-0.060741876
-0.042055483,-0.304874124,-0.055117945
-0.017195798,-0.109201401,0.00112136
-0.024405144,-0.153865215,-0.026248435
-0.022568129,-0.063007927,0.010119649
-0.022320694,-0.091839013,-0.008251858
-0.024525112,-0.047287673,-0.03074758
-0.022166985,-0.053027647,-0.012751002
-0.025271165,-0.047523871,-0.053243302
-0.023422903,-0.034919175,-0.015000574
-0.02517744,-0.041885125,0.010494577
-0.024750053,-0.029869048,0.032240442
-0.025286161,-0.038623351,0.04423816
-0.026178426,-0.028594332,-0.01050143
-0.026223414,-0.030836333,-0.034121938
-0.027040698,-0.028478108,-0.061491733
-0.02695822,-0.025242577,-0.102358961
-0.027726767,-0.02815193,-0.116606252
-0.028037935,-0.024252798,-0.123729897
-0.028604035,-0.028076947,-0.133852972
-0.029893695,-0.030093998,-0.150724764
-0.031033394,-0.026899709,-0.148100263
-0.031944403,-0.029842804,-0.16609684
-0.032840416,-0.026922204,-0.172845557
-0.033027867,-0.023109302,-0.152974336
-0.033878892,-0.027038428,-0.149974906
-0.033965119,-0.020518628,-0.138352117
-0.034441244,-0.028500603,-0.185218204
-0.035397241,-0.020796067,-0.193466635
-0.034864882,-0.022018295,-0.167596555
-0.03703181,-0.028189422,-0.150349835
-0.035670919,-0.015453505,-0.089986314
-0.037747871,-0.032703418,-0.104233605
-0.037125535,-0.007902685,-0.084362384
-0.037350475,-0.036700029,-0.104608533
-0.039431176,-0.007419042,-0.176969773
-0.035479719,-0.025973665,-0.170221056
-0.042666572,-0.030161483,-0.240707652
-0.033459003,0.00893482,-0.240707652
-0.045553309,-0.0831297,-0.197590851
-0.029957428,0.10873012,-0.161972625
-0.07247495,-0.600383388,-0.14022676
-0.388501497,-1.615590055,-0.098234746
-0.752076738,-1.490814062,0.019117938
-1.050332977,-1.49747633,-0.004877499
-1.362955423,-1.584760663,0.112475184
-1.648311319,-1.569201625,0.146968624
-1.927923732,-1.570708789,0.094478606
-2.193706047,-1.449993142,0.18858571
-2.451596696,-1.485677704,0.068983455
-2.70443368,-1.496876463,0.127847261
-2.940966218,-1.525625068,0.22307915
-3.166105516,-1.561692045,0.164965202
-3.37697983,-1.593057568,0.256822733
-3.58075352,-1.642895231,0.171713918
-3.771053268,-1.660160141,0.104601681
-3.947054291,-1.687870227,0.12522276
-4.109101499,-1.698757805,0.05023702
-4.25678625,-1.714193121,0.089229604
-4.392834074,-1.72795256,0.095228464
-4.515764112,-1.733295122,0.100102537
-4.626026245,-1.737861606,0.13084669
-4.722544508,-1.730951893,0.162340701
-4.803943013,-1.722823701,0.21445579
-4.872906052,-1.716903768,0.195334427
-4.930817009,-1.710473949,0.189710496
-4.976978569,-1.69716066,0.139844979
-5.011345744,-1.678366091,0.07910653
-5.033104998,-1.656969601,0.019867795
-5.043441019,-1.634253404,-0.094485459
-5.043722194,-1.610299982,-0.173595414
-5.033783569,-1.581420157,-0.200965209
-5.013932561,-1.552000451,-0.239582866
-4.984172919,-1.518764094,-0.285699096
-4.945550618,-1.485119079,-0.28157488
-4.899164118,-1.452501334,-0.305195388
-4.84466101,-1.413648727,-0.355810763
-4.7822175,-1.37650574,-0.310819319
-4.711852331,-1.335662325,-0.288698525
-4.633524265,-1.289322633,-0.331065468
-4.547334525,-1.239447478,-0.331815326
-4.453485558,-1.185860649,-0.335939541
-4.352513472,-1.138474939,-0.378306485
-4.243518504,-1.082946042,-0.43154636
-4.127321688,-1.020278732,-0.413924711
-4.004361658,-0.961221869,-0.414674568
-3.875039558,-0.902558669,-0.445418722
-3.740806255,-0.841540992,-0.429671716
-3.598366369,-0.770228106,-0.433421003
-3.448919583,-0.702645639,-0.427422144
-3.295989967,-0.640641932,-0.425547501
-3.137380601,-0.563862762,-0.403801636
-2.969301236,-0.47652594,-0.340063757
-2.793731349,-0.399847997,-0.299571458
-2.614067543,-0.317205131,-0.264703088
-2.429308832,-0.245806013,-0.217462072
-2.241419698,-0.162327083,-0.140601689
-2.047093513,-0.066625872,-0.102358961
-1.850765357,0.003734727,-0.130103685
-1.649271066,0.106563102,-0.121105396
-1.446003493,0.170437644,-0.165346983
-1.242196062,0.273903378,-0.223460931
-1.032090295,0.353209486,-0.224210789
-0.827795493,0.446192552,-0.195716208
-0.611323906,0.56775926,-0.152224478
-0.409102307,0.64089799,-0.110232464
-0.193463001,0.942593378,-0.021374362
-0.011917192,0.672151038,-0.008626786
0.004428492,0.107035497,0.048362376
-0.011935937,0.12711603,0.106476325
-0.001753625,0.084364291,0.105351539
-0.007943241,0.047243798,0.154842127
-0.002953309,0.060579581,0.094103678
-0.004996519,0.017321704,0.077606815
-0.003830577,0.036862357,0.054736164
-0.002765858,0.014311124,-0.019874647
-0.003451927,0.017130497,-0.012001145
-0.001704888,0.011622972,-0.054368088
-0.002653388,0.007888803,-0.06824045
-0.001037565,0.00929474,-0.098234746
-0.001071306,0.006445374,-0.164972054
-0.000452719,0.008998556,-0.149974906
0.000162119,0.003498529,-0.132353257
0.000293334,0.005856755,-0.084737312
0.000866932,0.004338342,-0.054368088
0.00125683,0.002321291,-0.049868943
0.002441517,0.005478089,-0.004877499
0.003839897,0.005635554,0.011994292
0.004552209,0.005755527,-0.006752143
0.005564442,0.006047962,-0.021749291
0.006509193,-0.000861751,-0.064866091
0.00682036,0.003970924,-0.156348694
0.007982553,0.001496474,-0.218586858
0.007840091,-0.002882551,-0.26995209
0.009140998,0.006314153,-0.306320174
0.009272213,-0.005645687,-0.318317893
0.009628369,0.009403466,-0.306320174
0.010888036,-0.003058762,-0.211463213
0.00981207,0.002632472,-0.134227901
0.012455122,0.005556821,-0.096735031
0.00981207,-0.009634799,-0.000378355
0.013516092,0.020426014,0.037114515
0.011191706,-0.025643738,0.003370932
0.012368895,0.035557648,0.00112136
0.014175918,-0.032954612,-0.066740735
0.008661124,0.028235526,-0.125229612
0.02155397,-0.0069354,-0.158598266
-0.003616883,-0.031439949,-0.202839853
0.139077935,1.169028008,-0.241457509
0.508726572,1.764489298,-0.199465495
0.833147153,1.463997392,-0.110607393
1.135864714,1.576097455,-0.104608533
1.440329314,1.566911999,0.022492296
1.718996976,1.598048822,0.059985166
1.995422731,1.531174948,0.074232456
2.254715509,1.450852816,0.209956646
2.513408446,1.497462448,0.196459213
2.759842121,1.48796581,0.331808473
2.993390448,1.537008651,0.437913295
3.213464833,1.558506368,0.436788509
3.421531139,1.603308902,0.541393617
3.621589559,1.640661843,0.451785657
3.806678183,1.651095772,0.371175987
3.978262873,1.670857626,0.301814177
4.134705311,1.688096291,0.09635325
4.278348629,1.705248726,0.008994863
4.409638959,1.709106618,-0.079488311
4.528587549,1.715056544,-0.159348124
4.634703277,1.713976784,-0.148475191
4.725504299,1.700086124,-0.077238738
4.801999099,1.69084443,0.035239872
4.866242134,1.690139587,0.103476895
4.919740507,1.681445271,0.185961209
4.961939364,1.66472399,0.203207929
4.99205891,1.646851716,0.170589132
5.010177875,1.623749355,0.095603392
5.016851113,1.599248555,0.002621075
5.013323295,1.573345567,-0.053243302
4.999376977,1.546494041,-0.165346983
4.974817213,1.515469692,-0.239582866
4.940588752,1.479301488,-0.306320174
4.898037488,1.447111148,-0.361809622
4.847755766,1.403834525,-0.37380734
4.789469907,1.369732111,-0.416924141
4.723093685,1.334208763,-0.37680677
4.64851088,1.28140176,-0.344562902
4.56641506,1.243062789,-0.417299069
4.476697501,1.191702964,-0.409425567
4.379369453,1.133572145,-0.374182269
4.274618364,1.082324795,-0.401177135
4.162481726,1.027238299,-0.39105406
4.043896791,0.968736313,-0.297696814
3.918162493,0.906687615,-0.263953231
3.787543236,0.855875168,-0.311944105
3.652020273,0.792075611,-0.294322456
3.507634651,0.713628061,-0.397427848
3.357580526,0.651185701,-0.514405603
3.204099806,0.585575296,-0.55264833
3.043533456,0.500645439,-0.642631218
2.873208434,0.418827389,-0.631008428
2.697199913,0.348609259,-0.583392483
2.516546368,0.266761216,-0.527528107
2.332136315,0.194398564,-0.425922429
2.14387228,0.110244783,-0.271826734
1.949246175,0.024651324,-0.130853542
1.753757797,-0.05427237,-0.049494015
1.551138803,-0.146453114,0.013868936
1.349640762,-0.22055538,-0.006377214
1.143486451,-0.324377285,-0.028872936
0.936364896,-0.385046289,-0.075364095
0.730709203,-0.51617337,-0.139476903
0.516453282,-0.592783828,-0.146975477
0.31840433,-0.750462503,-0.118855824
0.097970041,-0.976259774,-0.069740164
-0.036147043,-0.483064485,-0.044245013
-0.02176959,-0.097166578,-0.003752713
-0.019403965,-0.16337685,0.017243294
-0.023591609,-0.076399947,0.023617082
-0.019239008,-0.084295691,0.014618793
-0.023959012,-0.061140842,-0.007502
-0.020408699,-0.045113157,0.051736734
-0.023411656,-0.055333384,0.076856957
-0.022421918,-0.032710916,0.08772989
-0.023239202,-0.044239602,0.137220478
-0.023846541,-0.030330196,0.088854676
-0.023666589,-0.036343858,0.083230745
-0.025113707,-0.030352691,0.0761071
-0.024401395,-0.030416426,-0.031872366
-0.025582333,-0.032380989,-0.077988596
-0.025717297,-0.026611023,-0.181093988
-0.025953485,-0.030465166,-0.289823311
-0.026583319,-0.025043872,-0.330315611
-0.027040698,-0.028935506,-0.349062046
-0.028142907,-0.028639322,-0.280075165
-0.029083908,-0.026592277,-0.182593703
-0.030148627,-0.030390182,-0.077238738
-0.03150202,-0.028313144,-0.006752143
-0.031903164,-0.026513545,0.034490014
-0.032375539,-0.029100469,0.046112804
-0.033125341,-0.024605219,-0.006752143
-0.033144086,-0.025932424,-0.095235316
-0.034373762,-0.023956613,-0.165721912
-0.033796414,-0.018520323,-0.215962357
-0.035314763,-0.029415399,-0.282324737
-0.034969854,-0.014744913,-0.289073454
-0.035277273,-0.031203751,-0.283824452
-0.036649411,-0.013980083,-0.247831297
-0.034786153,-0.028050703,-0.160097981
-0.039063773,-0.026284846,-0.119605682
-0.034186311,-0.00401105,-0.07386438
-0.040349683,-0.049432196,-0.088486599
-0.035370998,0.026349696,-0.131978329
-0.038692621,-0.085285471,-0.134602829
-0.039502407,0.076292336,-0.09973446
-0.033301545,-0.248700369,-0.06824045
-0.272450893,-1.434640308,-0.054368088
-0.65395015,-1.581918796,0.043488303
-0.95951321,-1.448032329,0.005245576
-1.269946234,-1.591509162,0.001496289
-1.563628682,-1.561182158,0.023992011
-1.842063905,-1.595325813,-0.076113952
-2.113567209,-1.479022935,-0.022874077
-2.37073055,-1.471734556,-0.0911111
-2.626859165,-1.505503294,-0.044619942
-2.866480888,-1.513751459,0.141719622
-3.095073024,-1.560218623,0.142094551
-3.309366435,-1.580989002,0.328059186
-3.515029626,-1.633706026,0.434913866
-3.709948154,-1.655672389,0.433039222
-3.889551976,-1.679445851,0.522272253
-4.055809322,-1.695469786,0.438663153
-4.207280573,-1.706533575,0.353929267
-4.347234866,-1.722643741,0.272569739
-4.473973898,-1.725335643,0.179587421
-4.5879513,-1.731855442,0.070858098
-4.688889645,-1.727210226,-0.023998863
-4.774307089,-1.717781073,-0.003377784
-4.846381806,-1.712262301,-0.050993729
-4.906752114,-1.703826677,-0.07386438
-4.955657949,-1.693553962,-0.106483177
-4.993253022,-1.677076378,-0.116231323
-5.018566337,-1.658251815,-0.083612526
-5.032298961,-1.638036312,-0.101984033
-5.035549352,-1.613689228,-0.069365236
-5.028253779,-1.58756504,-0.089611386
-5.01098209,-1.558100344,-0.082112811
-4.983809265,-1.527810832,-0.103858676
-4.947222677,-1.493948365,-0.212962928
-4.902691936,-1.460768245,-0.224210789
-4.850501968,-1.427276946,-0.269202233
-4.790416585,-1.388090663,-0.301446101
-4.722240838,-1.348375747,-0.289448383
-4.646004719,-1.302425969,-0.343813044
-4.562060637,-1.256719886,-0.384680272
-4.470374848,-1.207575818,-0.418798784
-4.371183541,-1.153640316,-0.43454579
-4.264145557,-1.103532712,-0.498658597
-4.149583309,-1.044052194,-0.501283098
-4.028197864,-0.978899187,-0.422548071
-3.90021416,-0.921019562,-0.443919007
-3.767251771,-0.860474281,-0.407175994
-3.626986311,-0.789097658,-0.343438115
-3.479027883,-0.723742197,-0.331815326
-3.327095503,-0.659608963,-0.329940682
-3.170563089,-0.586354008,-0.350561761
-3.005302979,-0.502368941,-0.379056342
-2.831266437,-0.424776201,-0.441669435
-2.652933529,-0.347509639,-0.479912162
-2.469333262,-0.26573283,-0.4660398
-2.282973724,-0.189564774,-0.418423855
-2.090319598,-0.096248032,-0.37380734
-1.894201387,-0.022280736,-0.332190254
-1.694971498,0.075148841,-0.24408201
-1.49051174,0.146476724,-0.205089425
-1.288125184,0.238724953,-0.184468347
-1.077805723,0.339153863,-0.128229042
-0.873214749,0.410421759,-0.071989737
-0.659243752,0.552226465,-0.035996581
-0.452519592,0.602772721,-0.021374362
-0.244603246,0.884402572,0.046112804
-0.039329953,0.809003095,0.040863802
0.011540364,0.186757763,0.004870647
-0.012352077,0.102881421,0.017618223
-0.001671147,0.109142529,0.010869506
-0.006638586,0.03968173,0.038989159
-0.00363188,0.06827287,0.005245576
-0.003504413,0.020827174,0.011244435
-0.004509148,0.037188535,0.062609667
-0.001682394,0.018071537,0.019492866
-0.003253229,0.016586868,0.052111663
-0.001183776,0.016091978,0.09335382
-0.001821108,0.00466452,0.072732742
-0.000722648,0.006377889,0.074607385
-0.000553942,0.002351284,0.025116797
-0.000224029,0.00951969,0.005620504
0.000821944,0.002216314,0.014243864
0.000784454,0.004893219,-0.020999433
0.001627982,0.004851978,-0.016500289
0.002017879,0.00358476,-0.058117375
0.002688951,0.006265414,-0.154099122
0.00401985,0.006171684,-0.219711644
0.005013338,0.004702011,-0.273326449
0.006119296,0.006621584,-0.274451235
0.007082791,0.005241891,-0.245956653
0.007150273,0.001548963,-0.230959505
0.008282474,0.005013192,-0.147350405
0.008286223,0.000994086,-0.104233605
0.009021029,0.006025467,-0.112856965
0.009669608,-0.004430957,-0.050243872
0.009534644,0.003374807,-0.088486599
0.011341666,0.000817875,-0.10573332
0.009984525,-0.003148742,-0.041620512
0.012638824,0.011559236,-0.092235886
0.010756821,-0.012521657,-0.112856965
0.012886259,0.021318315,-0.109482607
0.012998729,-0.020263685,-0.116981181
0.011206702,0.019372498,-0.096735031
0.016534045,-0.012041764,-0.139851831
0.007712625,-0.003688622,-0.140976617
0.022292525,0.041177647,-0.142476332
-0.000955086,-0.118120667,-0.153724193
0.085137179,0.885621051,-0.180344131
0.431643178,1.778747376,-0.185968061
0.774182723,1.504803315,-0.03937094
1.072618915,1.549793307,-0.051368658
1.382002216,1.5905055,0.022492296
1.662608117,1.596230477,0.131971476
1.940964611,1.580067822,0.058110522
2.202281855,1.462448986,0.137595407
2.460348708,1.509047371,0.095603392
2.709759096,1.51583711,0.122973187
2.94487076,1.55108302,0.242575443
3.168011835,1.575909997,0.214080862
3.376850438,1.608816427,0.314936682
3.578925826,1.65528734,0.319810755
3.76666125,1.677737346,0.285692243
3.940690294,1.700363562,0.351304766
4.100053212,1.701439573,0.297315033
4.246017167,1.722738585,0.277443812
4.380501654,1.733791126,0.264696236
4.501763382,1.736737971,0.227953223
4.610552154,1.742429205,0.217830149
4.704828509,1.725974115,0.172088847
4.783917624,1.722633608,0.167964631
4.850492543,1.720564069,0.112475184
4.906334047,1.703032969,0.02699144
4.950996003,1.696535664,-0.063366376
4.983492422,1.674936719,-0.10573332
5.003448402,1.64890251,-0.098984603
5.011819942,1.633497187,-0.168346413
5.010339083,1.604647354,-0.156348694
4.998462219,1.577555881,-0.134602829
4.975784457,1.542733627,-0.165721912
4.943486736,1.506651654,-0.196091136
4.902093917,1.477663102,-0.264703088
4.853334293,1.440242676,-0.288698525
4.796559285,1.405424172,-0.361434693
4.731311515,1.362098809,-0.404551494
4.658891889,1.314799331,-0.314943534
4.57849437,1.2744808,-0.357310477
4.490741293,1.226292769,-0.426672287
4.395284,1.169819082,-0.372307625
4.292516138,1.116820871,-0.380181128
4.182343981,1.063256537,-0.42854693
4.064610071,0.998167266,-0.396677991
3.940720287,0.937933165,-0.413924711
3.810745859,0.889295234,-0.507281957
3.676088918,0.826999092,-0.526028392
3.533622789,0.750913517,-0.49790874
3.383819847,0.685764259,-0.486660879
3.231268881,0.621533548,-0.471288802
3.073000675,0.542932282,-0.413174854
2.904820086,0.457676248,-0.417673998
2.729947515,0.38340152,-0.454791939
2.551029762,0.304125405,-0.448418151
2.367478232,0.224151945,-0.457791369
2.180702554,0.144500913,-0.406051208
1.987373606,0.056564225,-0.361434693
1.792368851,-0.028058201,-0.35356119
1.591346935,-0.117760747,-0.329940682
1.38922281,-0.183093714,-0.326941253
1.185130454,-0.29302301,-0.294697384
0.976707992,-0.362326343,-0.236208507
0.773200483,-0.473995253,-0.161597696
0.557973568,-0.583107231,-0.087361813
0.358724933,-0.689107401,-0.033747009
0.142155872,-0.972814291,0.023242153
-0.023651593,-0.618698064,0.031490585
-0.02764054,-0.114202788,0.024741868
-0.015879895,-0.156969525,0.011244435
-0.024052737,-0.093574877,0.017618223
-0.01820803,-0.071387313,0.01836808
-0.023389162,-0.073201909,-0.03074758
-0.020247492,-0.040857854,0.04161366
-0.022178232,-0.056735572,0.076482029
-0.022331941,-0.0316574,0.048362376
-0.022107001,-0.043084858,0.115474613
-0.023707828,-0.034604245,0.102727038
-0.022710591,-0.035114131,0.088854676
-0.02411647,-0.034604245,0.056985736
-0.023820298,-0.026322337,-0.037121367
-0.024592594,-0.029100469,-0.032247294
-0.02517744,-0.025801203,-0.077613667
-0.025477361,-0.027529569,-0.060366947
-0.025983477,-0.026071143,0.008619934
-0.026369625,-0.025801203,-0.011251287
-0.027366862,-0.026386073,-0.004877499
-0.02858529,-0.027319615,-0.077238738
-0.029357586,-0.02747708,-0.140601689
-0.030313584,-0.028924258,-0.191217063
-0.031153362,-0.025212584,-0.280825023
-0.031333314,-0.025831196,-0.305570317
-0.032413029,-0.025201337,-0.29319767
-0.032514253,-0.024256547,-0.312693962
-0.033691442,-0.028005713,-0.30744496
-0.033455254,-0.016360803,-0.233584006
-0.034291283,-0.029392904,-0.197590851
-0.034966105,-0.015625967,-0.090361243
-0.034085088,-0.026029902,0.010494577
-0.036544438,-0.022741884,0.04161366
-0.033826406,-0.014741163,0.104601681
-0.037935321,-0.040153011,0.068608526
-0.034557463,-0.001840283,0.062234738
-0.037406711,-0.052600242,0.04161366
-0.037387966,0.018832618,-0.013125931
-0.034257542,-0.063581549,-0.016875218
-0.044297391,0.014097421,-0.071989737
-0.02150341,-0.056296919,-0.126729327
-0.194902621,-1.214189347,-0.224960646
-0.574868533,-1.641924197,-0.18934242
-0.89426544,-1.435547606,-0.232834149
-1.199656046,-1.591175486,-0.279325308
-1.501023964,-1.576943652,-0.167221626
-1.779204255,-1.613033124,-0.241457509
-2.054201636,-1.529674167,-0.131228471
-2.311893587,-1.481332421,-0.086986885
-2.568895721,-1.53339334,-0.04499487
-2.811576636,-1.535211686,0.253073446
-3.042047026,-1.584277021,0.269945238
-3.258601091,-1.604046373,0.370426129
-3.464271779,-1.653632843,0.485904169
-3.661589674,-1.684698432,0.354304195
-3.843169224,-1.704838952,0.360303055
-4.012103364,-1.727352694,0.311937252
-4.165891503,-1.736751853,0.212581147
-4.307105462,-1.755130265,0.173963491
-4.436723734,-1.761361379,0.137970335
-4.55303302,-1.767982406,0.13084669
-4.656783123,-1.766865154,0.119598829
-4.745608417,-1.755613907,0.142094551
-4.819846313,-1.748644208,0.11060054
-4.882252334,-1.740358551,0.101227323
-4.932965192,-1.729999605,0.052861521
-4.972446016,-1.716078952,-0.021749291
-5.000481113,-1.695837205,-0.013500859
-5.016455645,-1.674410721,-0.046494585
-5.021648023,-1.651698273,-0.028498007
-5.016643095,-1.625405372,-0.011626216
-5.00124966,-1.594838422,-0.032622223
-4.975561443,-1.563300437,-0.068990307
-4.940429471,-1.531616235,-0.16909627
-4.897117158,-1.498158678,-0.27295152
-4.846104379,-1.463842562,-0.374932126
-4.78744362,-1.424712516,-0.411675139
-4.721052402,-1.381795813,-0.439419863
-4.646364624,-1.337900577,-0.4660398
-4.563995126,-1.289611319,-0.424047786
-4.474030133,-1.239173789,-0.425172572
-4.376278446,-1.188949961,-0.368558338
-4.271313664,-1.131119076,-0.314193677
-4.158457216,-1.070408831,-0.348687117
-4.03900251,-1.012967858,-0.338564042
-3.912724607,-0.954960762,-0.364809051
-3.780650733,-0.895566474,-0.445793651
-3.642893361,-0.826323127,-0.478412447
-3.496254584,-0.753004437,-0.487785665
-3.344787082,-0.686809162,-0.528652893
-3.190125423,-0.621378717,-0.514780531
-3.027140962,-0.533820694,-0.463415299
-2.854855208,-0.449734399,-0.482911592
-2.677748226,-0.37654693,-0.475787947
-2.495340145,-0.293191722,-0.437545219
-2.309917859,-0.220067989,-0.425922429
-2.11950939,-0.124655463,-0.368558338
-1.924200965,-0.051126819,-0.345312759
-1.72673686,0.041500076,-0.307070032
-1.522921931,0.129856671,-0.284199381
-1.32134891,0.209526448,-0.310069461
-1.112214137,0.317018787,-0.256454657
-0.906907102,0.380732114,-0.212962928
-0.695954058,0.530005158,-0.124479755
-0.485747067,0.582564716,-0.043870084
-0.283690425,0.822616317,0.00974472
-0.068189832,0.890330004,0.046862661
0.014487086,0.277907487,0.015368651
-0.010627532,0.082583437,-0.019499719
-0.002897074,0.125728839,-0.103483747
-0.004771579,0.037447227,-0.062616519
-0.004587877,0.068602797,-0.042745298
-0.002199758,0.025959783,-0.058117375
-0.004542889,0.032817007,0.090354391
-0.001299995,0.022885467,0.127472332
-0.003002046,0.013306347,0.155217056
-0.000996325,0.017557902,0.205082573
-0.001307493,0.004207122,0.201708214
-0.000565189,0.01477977,0.186336138
8.71e-05,0.00569554,0.091479177
-0.000149049,0.005039436,0.035239872
0.000960658,6.43e-05,-0.034496867
0.000956909,0.005733032,-0.090361243
0.001729205,0.003633499,-0.03637151
0.002137847,-0.002522631,0.00974472
0.002872653,0.005283132,0.003745861
0.004173559,0.005215647,-0.006752143
0.005223282,0.005774273,-0.075364095
0.006153037,0.00174017,-0.18634299
0.007135277,0.001076568,-0.22683529
0.007528923,0.004327095,-0.299196529
0.008496168,0.003667242,-0.31044439
0.008683618,-0.002481391,-0.275576021
0.009230974,0.004941958,-0.312319033
0.010318187,-0.000254386,-0.283074595
0.009834564,0.004120891,-0.277825593
0.011840285,0.006576594,-0.216337286
0.010475645,-0.002140217,-0.070115093
0.012590087,0.012159103,-0.025873506
0.01178405,-0.017121884,0.020617652
0.012113962,0.01985614,0.054361235
0.014033456,-0.016132104,0.052111663
0.0104569,0.009156021,0.069733312
0.01731009,0.009583426,0.016868365
0.008214992,-0.026749742,0.029241012
0.020894144,0.070548614,0.055111093
0.0042073,-0.143333808,0.014243864
0.052115899,0.661465915,-0.043120227
0.370159414,1.74276663,-0.108732749
0.727496302,1.551000538,-0.043870084
1.024320419,1.533848104,-0.107607963
1.335758178,1.615714892,-0.128229042
1.619340793,1.597224006,-0.075739024
1.897697287,1.615786127,-0.161597696
2.161661332,1.494163182,-0.088111671
2.418899653,1.521730799,-0.115856395
2.670619432,1.539899258,-0.048369229
2.907159469,1.570496201,0.190460353
3.13228377,1.60300522,0.239201084
3.342037131,1.633744632,0.391422137
3.5451285,1.675472849,0.440162868
3.735255794,1.697626671,0.377174846
3.911350542,1.724519439,0.425540648
4.073011602,1.736254329,0.311187395
4.22063262,1.756012433,0.232077439
4.35669544,1.758258184,0.221204507
4.479269322,1.768133487,0.182961779
4.59008256,1.77288368,0.183711637
4.687245652,1.762044841,0.164590273
4.768944078,1.75445278,0.190085425
4.83736351,1.741221973,0.137220478
4.894513419,1.737566537,0.044988018
4.941121111,1.725621694,-0.05361823
4.975612003,1.704296438,-0.140601689
4.997727413,1.679409474,-0.171345842
5.008535809,1.655887206,-0.19496635
5.008625785,1.635705446,-0.128978899
4.998908351,1.604962284,-0.109107678
4.978674944,1.570308743,-0.092610815
4.948154254,1.534511706,-0.088861528
4.908684676,1.502422594,-0.149599977
4.860978524,1.469658633,-0.172470628
4.805530666,1.430821022,-0.314568606
4.742483565,1.389917621,-0.415424426
4.671683511,1.342261972,-0.398927563
4.592856827,1.295644842,-0.459291084
4.506595856,1.250523629,-0.450292795
4.412859359,1.19859768,-0.370432982
4.311864779,1.145659456,-0.358810192
4.203042265,1.084724261,-0.368558338
4.086991661,1.019395043,-0.349811903
3.964713951,0.959723317,-0.398177706
3.835744258,0.907096274,-0.47466316
3.702316992,0.847941933,-0.487035808
3.561597901,0.765677733,-0.529402751
3.412882173,0.698657641,-0.570644908
3.260702359,0.644695895,-0.576268838
3.103888768,0.569416391,-0.560896761
2.938096299,0.483271804,-0.540650612
2.764224713,0.407478664,-0.524903606
2.586521639,0.328408753,-0.482536663
2.403974844,0.248615253,-0.43717029
2.218331367,0.169849025,-0.348687117
2.026149617,0.079902783,-0.32206718
1.831388547,0.005871751,-0.335939541
1.632271128,-0.093454904,-0.272201662
1.429517169,-0.164197917,-0.301071172
1.227434283,-0.260146573,-0.31044439
1.018423227,-0.345953735,-0.268077447
0.815777989,-0.435026421,-0.246331582
0.601728263,-0.568807912,-0.198715637
0.399101771,-0.640551952,-0.122230182
0.189089729,-0.937815826,0.013119078
-0.002675882,-0.753731775,0.014243864
-0.033826406,-0.164700305,-0.00187807
-0.013469282,-0.138928538,-0.012376073
-0.023955263,-0.119192928,-0.12298004
-0.017893114,-0.065444884,-0.132728186
-0.021792084,-0.082334877,-0.112856965
-0.020592401,-0.043189835,-0.05361823
-0.020686126,-0.061485765,0.032990299
-0.022245714,-0.035372824,0.096728178
-0.021173497,-0.040857854,0.168714489
-0.023201712,-0.036838748,0.171713918
-0.022301949,-0.032306006,0.207707074
-0.023760314,-0.036167647,0.212581147
-0.02373782,-0.025422537,0.095978321
-0.024150211,-0.030465166,0.040113945
-0.024738806,-0.024965139,-0.032622223
-0.024843778,-0.025328808,-0.110982321
-0.025642317,-0.024091583,-0.049494015
-0.025781031,-0.026434812,0.00112136
-0.026800761,-0.031128768,-0.00187807
-0.02809417,-0.026161123,-0.02474872
-0.028780239,-0.026018655,-0.099359532
-0.02998742,-0.028099442,-0.181843846
-0.030845943,-0.023667928,-0.263203374
-0.031033394,-0.025115106,-0.304445531
-0.032094363,-0.024264045,-0.268827304
-0.03195565,-0.019622578,-0.292447812
-0.033147835,-0.027169649,-0.311569176
-0.033110345,-0.019393878,-0.259454087
-0.03350774,-0.027143405,-0.238458079
-0.034861133,-0.020289929,-0.140601689
-0.033481497,-0.027529569,-0.064866091
-0.036330745,-0.025126353,-0.082862669
-0.033488995,-0.010354639,-0.041995441
-0.036971825,-0.040726633,-0.062616519
-0.035273524,0.00556057,-0.100109389
-0.035873366,-0.050287006,-0.100484318
-0.038827585,0.005463092,-0.095610245
-0.032019383,-0.037937253,-0.067865521
-0.045714517,-0.022299482,-0.055117945
-0.019651399,0.032640796,-0.025498578
-0.150803016,-1.036028979,-0.060366947
-0.521388906,-1.663099487,0.052111663
-0.852388998,-1.444425631,0.094478606
-1.154667926,-1.58163011,0.043863232
-1.460343456,-1.594759689,0.161590844
-1.739037361,-1.620985105,0.039364087
-2.015950487,-1.564968816,0.006370362
-2.274703408,-1.492373715,-0.020999433
-2.532099188,-1.549675968,-0.142476332
-2.777535626,-1.552874007,0.03861423
-3.009561854,-1.600570896,0.046862661
-3.228331584,-1.622615993,0.091479177
-3.434515887,-1.668239594,0.257572591
-3.633562075,-1.707482114,0.182211922
-3.817499753,-1.727521406,0.238826156
-3.988023472,-1.75146733,0.259072306
-4.143918555,-1.760326609,0.183711637
-4.286800824,-1.778416335,0.207707074
-4.417498811,-1.787151892,0.166839845
-4.53603126,-1.794380284,0.149968054
-4.642356933,-1.793881645,0.207332145
-4.733521609,-1.784156308,0.313062038
-4.810248848,-1.776076855,0.386922992
-4.874079492,-1.766992626,0.402295069
-4.926614369,-1.758418283,0.300314463
-4.968899453,-1.744790065,0.113974899
-4.998899031,-1.723446063,-0.061491733
-5.016594358,-1.701933348,-0.230959505
-5.023586262,-1.678039914,-0.343063187
-5.020148419,-1.651462076,-0.377181698
-5.006636987,-1.623332083,-0.340063757
-4.982879511,-1.590324426,-0.347187402
-4.949295879,-1.556964347,-0.314943534
-4.907085776,-1.522093354,-0.248956083
-4.857381401,-1.487837224,-0.231709363
-4.800246489,-1.450484283,-0.173220486
-4.734837511,-1.404373291,-0.176594844
-4.661634342,-1.362989996,-0.217087144
-4.581143097,-1.3177938,-0.268452375
-4.49252025,-1.263337164,-0.411675139
-4.396403132,-1.212307266,-0.429671716
-4.29329411,-1.156062277,-0.3824307
-4.182060983,-1.096712979,-0.392553775
-4.06388469,-1.03800104,-0.317568035
-3.938813967,-0.974021522,-0.337439256
-3.808018506,-0.916108155,-0.468289373
-3.672083153,-0.851465035,-0.530152608
-3.527802503,-0.776710414,-0.578143482
-3.377257257,-0.712074792,-0.642631218
-3.223352899,-0.64559458,-0.645630648
-3.063026486,-0.564650087,-0.571019836
-2.892495268,-0.48012139,-0.538026111
-2.716055611,-0.399566809,-0.520779391
-2.534877204,-0.317441328,-0.434170861
-2.349961035,-0.247331924,-0.333689969
-2.161033425,-0.15348655,-0.229084862
-1.966107399,-0.072692022,-0.173220486
-1.770004184,0.011420517,-0.130103685
-1.566639137,0.108119006,-0.148475191
-1.364844924,0.178629571,-0.24708144
-1.157580907,0.29452754,-0.289448383
-0.950414363,0.357041134,-0.325441538
-0.743105357,0.494358088,-0.30182103
-0.529261827,0.567511815,-0.231709363
-0.330523057,0.745023577,-0.132353257
-0.109961301,0.949401863,-0.052118516
0.012248927,0.412101386,-0.007876929
-0.006353661,0.070121209,0.062234738
-0.00575007,0.141182901,0.031490585
-0.00257091,0.04350213,0.057735594
-0.005922525,0.0634177,0.056235879
-0.001457454,0.037094806,-0.0479943
-0.004561634,0.023279129,-0.012751002
-0.001389972,0.02921031,-0.070115093
-0.002615898,0.009515941,-0.098609674
-0.001457454,0.022859222,0.019117938
-0.000966333,0.007697595,0.051361806
-0.000955086,0.013568789,0.118474043
0.000225852,0.006962759,0.13384612
-0.000100312,0.002317542,0.118099114
0.001031889,0.002857422,0.094478606
0.001181849,0.002752445,-0.003377784
0.00163548,0.006047962,0.013119078
0.002194082,-0.001292905,0.011994292
0.002936386,0.002771191,-0.016875218
0.004117324,0.006696568,0.02699144
0.005264521,0.002831178,0.007495148
0.006183029,0.004776995,-0.057742446
0.007240249,0.002283799,-0.103483747
0.007802601,0.000607922,-0.17771963
0.008436184,0.005433099,-0.260953801
0.008826081,-0.001870277,-0.287948668
0.009189735,0.00596548,-0.348312189
0.010295693,-0.000693038,-0.374932126
0.009594628,-0.001907768,-0.362934408
0.011720316,0.009377221,-0.375307055
0.01087304,-0.009477334,-0.26432816
0.012256425,0.013463812,-0.144350976
0.012758792,-0.011220697,-0.026998293
0.011634089,0.013902465,0.06748374
0.015004449,-0.001184179,0.057735594
0.010235708,-0.00396981,0.101602252
0.017298843,0.023878996,0.059235308
0.009557138,-0.042908648,0.014993722
0.018056143,0.077769508,0.066733882
0.010516884,-0.130249219,0.013868936
0.026056531,0.438330551,-0.054743016
0.305402764,1.653420255,-0.108732749
0.675422553,1.613960283,-0.078363524
0.973866243,1.509894682,-0.088486599
1.285517695,1.626085086,-0.075364095
1.573475404,1.600553265,0.064859239
1.85197811,1.644662203,-0.009751572
2.119260029,1.522094468,0.014993722
2.375673568,1.531006236,0.052111663
2.62965025,1.560714627,0.03861423
2.867648652,1.585961511,0.231327582
3.095191065,1.623190729,0.281193099
3.30663148,1.644294785,0.403794784
3.51006401,1.699853676,0.448411299
3.702485697,1.723604642,0.336307618
3.880462449,1.751835862,0.403044926
4.044564115,1.762348524,0.316436397
4.193913426,1.77701901,0.240700799
4.331457105,1.789346268,0.230952653
4.456115436,1.787861599,0.114349827
4.568540748,1.79702456,0.083980603
4.667649577,1.795149977,0.077981743
4.751788608,1.776636596,0.116599399
4.822243753,1.764508044,0.148468339
4.880773297,1.767863547,0.141719622
4.928588171,1.751007297,0.123723045
4.965186006,1.731151714,0.036739586
4.989325882,1.709848952,-0.035996581
5.001731356,1.681625231,-0.107233034
5.003508386,1.664495291,-0.131228471
4.995717944,1.627341056,-0.117731038
4.977853911,1.595206954,-0.135727616
4.949054016,1.565592292,-0.153349264
4.910997816,1.526271039,-0.221211359
4.865106184,1.496581394,-0.310069461
4.811484094,1.454939407,-0.381305914
4.750094055,1.41684788,-0.452917296
4.681052287,1.374249856,-0.451042652
4.603785191,1.315560412,-0.444668864
4.519095055,1.271147791,-0.525278535
4.426951888,1.225317986,-0.54402497
4.327359437,1.166058668,-0.459291084
4.220711349,1.110552266,-0.424797643
4.106374042,1.055334549,-0.367433552
3.985644673,0.99455307,-0.268077447
3.858099604,0.933385426,-0.340438686
3.725707065,0.871003053,-0.455541797
3.587458572,0.80228459,-0.500533241
3.440639843,0.731530329,-0.574394195
3.289277313,0.666264847,-0.62463464
3.134195765,0.600538218,-0.616761138
2.971132575,0.512177874,-0.596140059
2.798880562,0.429643733,-0.615636352
2.622440904,0.355410247,-0.603263705
2.440865103,0.272561176,-0.53540161
2.255933938,0.19958366,-0.449168009
2.065727915,0.103972429,-0.307819889
1.8711393,0.028276767,-0.21821193
1.673967617,-0.06452259,-0.167596555
1.471191164,-0.146655569,-0.14322619
1.270367946,-0.230644386,-0.190842134
1.061911743,-0.332029333,-0.208088855
0.858711652,-0.399056923,-0.190467206
0.647706122,-0.54764387,-0.161222767
0.440637053,-0.610843561,-0.111732179
0.237774372,-0.871061925,-0.044619942
0.02799102,-0.869202339,-0.03937094
-0.038550159,-0.253892964,-0.01912479
-0.013450537,-0.118480587,-0.016500289
-0.022744332,-0.148338945,-0.103108819
-0.018909095,-0.056713077,-0.095985173
-0.020262488,-0.088457265,-0.160847839
-0.021443426,-0.044329582,-0.182968632
-0.019583917,-0.054639788,-0.054743016
-0.022459408,-0.044014652,-0.025123649
-0.020693624,-0.034960416,0.074232456
-0.022654356,-0.042230049,0.184086566
-0.02203577,-0.028050703,0.18558628
-0.023074245,-0.034049368,0.220829578
-0.023501632,-0.027192144,0.172463776
-0.023561617,-0.028009462,0.09335382
-0.024667575,-0.028586833,0.035239872
-0.024540108,-0.02739085,-0.085862099
-0.025181189,-0.024980136,-0.127854113
-0.025488608,-0.024605219,-0.12298004
-0.026219665,-0.027911984,-0.129728756
-0.027516822,-0.027353358,-0.103858676
-0.028469071,-0.025156347,-0.079863239
-0.029376331,-0.027154652,-0.112482036
-0.030549771,-0.029062978,-0.166846698
-0.030860939,-0.026453558,-0.207713926
-0.03180569,-0.023547954,-0.267702518
-0.031854427,-0.019315146,-0.308569746
-0.032521751,-0.026277347,-0.32469168
-0.033185325,-0.017999189,-0.288323597
-0.033031616,-0.026993438,-0.257579443
-0.03471867,-0.022340723,-0.215587429
-0.033084102,-0.017703005,-0.087361813
-0.035794636,-0.030123992,-0.001128212
-0.033845151,-0.006163072,0.044613089
-0.035768393,-0.040899095,0.108350968
-0.036177035,0.001297769,0.17996235
-0.034107582,-0.03804223,0.129346975
-0.039888555,-0.013039042,0.011619364
-0.030770963,-0.014673678,-0.073114523
-0.045257138,-0.057650368,-0.161222767
-0.022245714,0.090606652,-0.163847268
-0.10659469,-0.831002087,-0.217837001
-0.456441056,-1.662934524,-0.160847839
-0.80364437,-1.466294516,-0.142851261
-1.102283009,-1.562378142,-0.207713926
-1.41204496,-1.611413485,-0.046494585
-1.692347191,-1.623339582,-0.061866662
-1.970182573,-1.602407988,0.004495718
-2.231312367,-1.504498518,0.110975469
-2.487947097,-1.560990951,0.057360665
-2.73574916,-1.569704013,0.215205648
-2.969376216,-1.612684452,0.274819311
-3.190796496,-1.639517233,0.353554338
-3.397768091,-1.678887225,0.536894472
-3.597987719,-1.725628078,0.496027244
-3.784347257,-1.74584733,0.483654597
-3.957184116,-1.773816108,0.441287654
-4.115096166,-1.781385674,0.289816459
-4.260002901,-1.800270223,0.154467198
-4.393355187,-1.810647915,0.002621075
-4.513563443,-1.816699069,-0.074239309
-4.621853597,-1.820328262,-0.134977758
-4.715710062,-1.809853092,-0.104608533
-4.794754189,-1.802283526,-0.04499487
-4.860822992,-1.793251785,0.010119649
-4.915491056,-1.783908863,0.087354961
-4.959346975,-1.770947996,0.158216485
-4.991457246,-1.750215108,0.241825585
-5.011439469,-1.729579699,0.222329293
-5.019949722,-1.704295323,0.196084284
-5.018547592,-1.677286331,0.115849542
-5.007334303,-1.649385038,-0.003002856
-4.985743755,-1.614888961,-0.125604541
-4.954120855,-1.579564319,-0.250080869
-4.913556567,-1.545788083,-0.304070602
-4.865771686,-1.510077277,-0.409050638
-4.810020158,-1.471824536,-0.482161734
-4.746271992,-1.431089847,-0.484786235
-4.675100786,-1.385499989,-0.491160023
-4.596150384,-1.338485447,-0.465289943
-4.509908158,-1.287594268,-0.462290513
-4.415639302,-1.234622302,-0.436795362
-4.314393538,-1.180904251,-0.409050638
-4.205646005,-1.119912819,-0.427797073
-4.088890586,-1.059862427,-0.383180558
-3.965578149,-0.998567312,-0.375307055
-3.835941133,-0.937677107,-0.439044934
-3.701347925,-0.873532626,-0.461540656
-3.559043003,-0.800671334,-0.475787947
-3.409363779,-0.733396299,-0.539150897
-3.256441661,-0.669049363,-0.578893339
-3.09815471,-0.592990032,-0.58151784
-2.930004113,-0.501236693,-0.623509854
-2.754842868,-0.424168836,-0.648255149
-2.575100333,-0.345766277,-0.593890487
-2.390937714,-0.267251243,-0.527153178
-2.204090805,-0.182448857,-0.430046645
-2.010199506,-0.093762335,-0.347187402
-1.814726124,-0.018775266,-0.273701377
-1.613149355,0.082017313,-0.164597126
-1.410556603,0.156644462,-0.133103115
-1.205740689,0.264616694,-0.086237027
-0.996819609,0.336788139,-0.044245013
-0.792243631,0.454650671,-0.003752713
-0.576746787,0.558015177,-0.015750432
-0.377539392,0.669597856,-0.066740735
-0.159395747,0.956142864,-0.06824045
0.001249332,0.572325744,-0.154474051
0.000683231,0.080112736,-0.133103115
-0.009146673,0.139720727,-0.139476903
-0.000981329,0.068160395,-0.144350976
-0.006732311,0.052815059,-0.032997152
-0.001217517,0.052691336,-0.048744157
-0.004254215,0.019128802,0.029241012
-0.00196357,0.036045039,0.086980032
-0.001858598,0.010921878,0.095603392
-0.001948574,0.023324119,0.17696292
-0.000520201,0.009335981,0.154467198
-0.00124376,0.008166241,0.154467198
0.000327075,0.009763386,0.135720763
-0.000231527,0.003228589,0.074982314
0.000623247,0.007255193,0.067858669
0.001298069,0.002388776,0.018743009
0.001665472,0.005065681,-0.021374362
0.002179086,0.001016581,-0.014250717
0.002632716,-0.000475587,-0.082862669
0.004004854,0.006794046,-0.148100263
0.005215784,0.005208149,-0.14022676
0.006014323,0.003014887,-0.172470628
0.007067795,0.005972979,-0.158598266
0.007705127,-0.000790517,-0.158973195
0.008233737,0.00151522,-0.200590281
0.008961045,0.001492725,-0.181468917
0.009073515,0.003059877,-0.209213641
0.010348179,0.004908216,-0.183343561
0.009823317,-0.001649076,-0.133478043
0.011390404,0.008177488,-0.163097411
0.01106424,-0.005956868,-0.104608533
0.011457886,0.01352005,-0.056992589
0.01318243,-0.006481751,-0.096735031
0.011150467,0.004154633,-0.06824045
0.015225641,0.004379583,-0.057367517
0.010378171,-0.016049622,-0.064116234
0.016354093,0.033788041,-0.077988596
0.011454137,-0.04901229,-0.158598266
0.014764513,0.074061582,-0.179219345
0.016369089,-0.097837679,-0.165346983
0.008976041,0.237667688,-0.159348124
0.243056728,1.525716163,-0.188592562
0.620578286,1.680830408,-0.100859247
0.92457051,1.492341087,-0.043870084
1.234347458,1.63559672,-0.071239879
1.527951176,1.606623165,0.10197718
1.806030244,1.663565498,0.129346975
2.076588797,1.554862179,0.192334997
2.333021081,1.535336523,0.26057202
2.588688567,1.576772305,0.205082573
2.82884265,1.589020831,0.373800488
3.058701951,1.634809395,0.370426129
3.272249309,1.65586846,0.392546923
3.476262936,1.711442348,0.458909303
3.670956523,1.737064148,0.325434685
3.851272657,1.764328084,0.371175987
4.018411021,1.782264094,0.333308188
4.170152201,1.792784253,0.21445579
4.310031513,1.810101651,0.200958357
4.437370386,1.811421358,0.134221048
4.551820164,1.816793913,0.065609096
4.653497064,1.815170524,0.021742438
4.740980212,1.808324547,0.030740727
4.814160887,1.794827549,0.029241012
4.874744889,1.780903146,0.038239301
4.92480167,1.777307696,0.074607385
4.963513948,1.759056756,0.117349257
4.990056939,1.734263521,0.140594836
5.00485803,1.708705457,0.085855246
5.008689518,1.675161669,0.035239872
5.002904796,1.647200389,-0.02474872
4.986847786,1.62184103,-0.089611386
4.960289799,1.590228062,-0.19496635
4.92442302,1.552867623,-0.307070032
4.879888531,1.511945476,-0.357685406
4.827694813,1.474899967,-0.436795362
4.767695657,1.435155058,-0.458166298
4.699801086,1.381339529,-0.397802777
4.624254786,1.340447376,-0.387679702
4.541097995,1.297568164,-0.375307055
4.450360706,1.237720227,-0.366683695
4.352425318,1.190555719,-0.408675709
4.247602998,1.135491718,-0.419548642
4.134825279,1.075812493,-0.454791939
4.015539279,1.016556925,-0.476537804
3.889759994,0.951523891,-0.484036378
3.758023531,0.894157902,-0.542150326
3.621177168,0.8265117,-0.546274542
3.475963015,0.752240722,-0.553023259
3.325084107,0.683814693,-0.598389631
3.171262227,0.619434015,-0.602138918
3.010444694,0.540101662,-0.56989505
2.83993597,0.45276484,-0.574019266
2.664006178,0.377444095,-0.614886494
2.483453856,0.296214665,-0.604388491
2.299594908,0.221872452,-0.559397047
2.111030952,0.130977671,-0.475413018
1.916843481,0.05343742,-0.378306485
1.721433833,-0.03610766,-0.28719881
1.518938556,-0.127857251,-0.217462072
1.318404011,-0.199136395,-0.172470628
1.111631113,-0.312721128,-0.095985173
0.906369067,-0.375815843,-0.047619371
0.699180029,-0.515018627,-0.029622793
0.487214753,-0.587973648,-0.066365806
0.288899622,-0.792438165,-0.077613667
0.070639758,-0.949348261,-0.133478043
-0.038497672,-0.388079365,-0.199840423
-0.016768411,-0.097241561,-0.113981751
-0.019576419,-0.158285482,-0.123729897
-0.020862329,-0.064402616,-0.073489451
-0.018489206,-0.086713903,0.00412079
-0.02214824,-0.053410062,-0.015750432
-0.019032813,-0.054778507,0.061859809
-0.022271957,-0.055809528,0.102727038
-0.020674879,-0.034844192,0.123723045
-0.022140742,-0.044074638,0.157466628
-0.022200726,-0.029152958,0.18558628
-0.022301949,-0.037003711,0.182586851
-0.023479138,-0.028121937,0.119973758
-0.023051751,-0.030888821,0.113974899
-0.024112721,-0.028898014,0.077606815
-0.024213944,-0.023761657,0.043113374
-0.024806288,-0.028159429,0.031115656
-0.025128703,-0.022636907,-0.087736742
-0.025792278,-0.027315866,-0.190467206
-0.027126925,-0.029745326,-0.254205085
-0.027966703,-0.025531263,-0.2988216
-0.029061414,-0.027537067,-0.297321885
-0.03029109,-0.025733718,-0.256829586
-0.030433552,-0.023382991,-0.208463783
-0.031325816,-0.024980136,-0.161597696
-0.031708215,-0.0192964,-0.097859817
-0.032026881,-0.026820976,-0.087736742
-0.033009122,-0.019093945,-0.055492874
-0.032458017,-0.023626687,-0.070115093
-0.034261291,-0.025520016,-0.124854683
-0.032806675,-0.014609943,-0.088111671
-0.034744913,-0.033288288,-0.146600548
-0.034133825,-0.006358028,-0.181843846
-0.034546216,-0.037146179,-0.155973765
-0.036600673,-0.008412571,-0.171345842
-0.032881656,-0.030558895,-0.136102544
-0.040038516,-0.025804952,-0.136102544
-0.030838445,0.006974006,-0.124104826
-0.043307652,-0.084505644,-0.11435668
-0.027096933,0.11439511,-0.095235316
-0.072268755,-0.620212727,-0.147725334
-0.391324502,-1.626035232,-0.093735601
-0.753767541,-1.502837637,0.013119078
-1.052098761,-1.536366429,-0.075739024
-1.364263828,-1.626822557,0.082855817
-1.647958913,-1.62123255,0.079856387
-1.926660316,-1.630564224,0.04161366
-2.191141724,-1.518914061,0.186336138
-2.447712722,-1.563172966,0.050986877
-2.698870149,-1.582117501,0.146593696
-2.93459665,-1.618668121,0.23770137
-3.15931231,-1.652020701,0.196084284
-3.36777976,-1.682936324,0.338932119
-3.569049111,-1.736613134,0.2838176
-3.758494084,-1.757027343,0.3269344
-3.933722812,-1.785352292,0.397420996
-4.094806524,-1.797147168,0.287941815
-4.241823951,-1.812822431,0.33555776
-4.377189455,-1.826878055,0.332558331
-4.500126991,-1.83144079,0.308562894
-4.610677798,-1.835894799,0.259072306
-4.707394758,-1.831193345,0.233952083
-4.789539316,-1.820080817,0.226828437
-4.858116207,-1.809913078,0.118474043
-4.915052422,-1.800667635,0.080231316
-4.961135253,-1.787414333,-0.015750432
-4.99564489,-1.768653507,-0.063741305
-5.018198934,-1.74611727,-0.091486029
-5.028797385,-1.721339032,-0.14022676
-5.029011079,-1.69486992,-0.089236457
-5.019706036,-1.666859901,-0.095610245
-5.000023734,-1.633083664,-0.11135725
-4.970414053,-1.597789015,-0.155598837
-4.931982951,-1.562809297,-0.236583436
-4.885543964,-1.525632566,-0.266202803
-4.831262049,-1.487053648,-0.341938401
-4.769249674,-1.445842816,-0.381305914
-4.699506841,-1.400432917,-0.374182269
-4.621913581,-1.353493359,-0.40567628
-4.536758568,-1.304585488,-0.444293936
-4.443925582,-1.25000138,-0.422923
-4.344055705,-1.196215845,-0.426297358
-4.236567839,-1.136821557,-0.483286521
-4.121683177,-1.077416022,-0.435670576
-4.000297731,-1.019337691,-0.458541226
-3.871980366,-0.955245699,-0.534651752
-3.738676817,-0.89419053,-0.548149186
-3.598456345,-0.822022834,-0.56989505
-3.450126765,-0.749221529,-0.578143482
-3.29757205,-0.685440717,-0.553398187
-3.140735965,-0.613651686,-0.498283669
-2.975048468,-0.527045952,-0.515530389
-2.800689511,-0.446033973,-0.530902465
-2.621805499,-0.365145716,-0.525278535
-2.438340197,-0.286840635,-0.528277965
-2.252224344,-0.207853206,-0.433421003
-2.05952523,-0.111690847,-0.395178276
-1.864329276,-0.039643124,-0.370807911
-1.664694493,0.057805199,-0.289448383
-1.461374434,0.134119473,-0.286448953
-1.258815424,0.23838003,-0.247456368
-1.048900856,0.321828967,-0.206214211
-0.84537835,0.406245188,-0.133478043
-0.630781268,0.550888013,-0.051743587
-0.427641161,0.61469132,-0.013125931
-0.217006784,0.914429643,0.062984595
-0.023081743,0.743497667,-0.007127072
0.009347193,0.143364916,-0.046119656
-0.011216127,0.115999753,-0.041620512
-0.000306508,0.096012949,-0.10835782
-0.006229943,0.041983718,-0.082112811
-0.001918582,0.060519595,-0.084737312
-0.003047034,0.01545087,-0.034871795
-0.002874579,0.03703107,0.01274415
-0.000981329,0.014888495,0.025866654
-0.002424698,0.01788033,0.149968054
-0.000254021,0.012316568,0.196084284
-0.0010938,0.005901745,0.246699658
0.000349569,0.012102865,0.265071165
0.000402055,0.002812432,0.163465487
0.000705725,0.007791324,0.124847831
0.001433033,0.003434793,0.062234738
0.001470523,0.003067375,0.007495148
0.002456513,0.00362975,0.01274415
0.002853908,-0.000250637,-0.038621082
0.003731176,0.003978422,-0.120355539
0.004972098,0.003933432,-0.193466635
0.00576314,0.001811404,-0.250455798
0.006824109,0.006171684,-0.288698525
0.007888828,0.003176101,-0.305570317
0.007978804,0.004353339,-0.293947527
0.008841077,0.000892859,-0.239957794
0.00909226,-0.007344059,-0.219711644
0.010052007,0.005957982,-0.188592562
0.011000507,-0.00298003,-0.129353828
0.010453151,0.004432071,-0.1316034
0.012361397,0.004409576,-0.052118516
0.010899283,-0.004824619,0.007870077
0.013249913,0.01468979,-0.029247865
0.012072723,-0.014662431,-0.015000574
0.012983733,0.017974059,-0.029997722
0.014265894,-0.016611997,-0.077988596
0.010981761,0.014982225,-0.095610245
0.017778717,0.003652245,-0.143601118
0.008661124,-0.019618828,-0.153349264
0.021988855,0.058866213,-0.143976047
0.00303386,-0.134523268,-0.158223338
0.061968297,0.731953985,-0.182218774
0.389583034,1.749027737,-0.164972054
0.742001221,1.544990625,-0.008626786
1.037933075,1.552822633,-0.003752713
1.34760505,1.623434425,0.049112234
1.628653333,1.62687241,0.164590273
1.905420248,1.636500269,0.092978891
2.16678248,1.517250546,0.181087136
2.422704898,1.558783807,0.17696292
2.671860354,1.574410331,0.192334997
2.905176242,1.604887301,0.322060327
3.127098889,1.638123658,0.302564035
3.334790294,1.675847766,0.39329678
3.53554978,1.722929793,0.385798206
3.721988047,1.739291153,0.325809614
3.894247559,1.765715275,0.38167399
4.052148362,1.770982853,0.301439249
4.196376525,1.785413393,0.237326441
4.329162711,1.800312579,0.244075158
4.449194764,1.806285,0.219329863
4.55728622,1.809932939,0.191960068
4.650479111,1.791100878,0.190460353
4.729062109,1.779620932,0.205457501
4.795284622,1.772130098,0.149968054
4.849941439,1.759326696,0.102352109
4.894037294,1.75081234,0.034115085
4.926087581,1.723229726,-0.038996011
4.945841115,1.697053049,-0.07086495
4.954205156,1.678367205,-0.129728756
4.952139451,1.649153704,-0.121480325
4.940540014,1.613900296,-0.121855254
4.918192166,1.578226982,-0.136852402
4.885826962,1.544072079,-0.192341849
4.845138957,1.50873619,-0.294322456
4.796443066,1.470738392,-0.313818748
4.740099195,1.430888507,-0.406426137
4.675927391,1.388050536,-0.478037519
4.603848924,1.342194487,-0.435295647
4.524021254,1.295363654,-0.47466316
4.436688066,1.240037212,-0.520404462
4.342374222,1.190255786,-0.482911592
4.240678577,1.134273239,-0.451417581
4.131203736,1.068269171,-0.474288232
4.015014418,1.010738219,-0.456666583
3.891960662,0.951321436,-0.435295647
3.763009715,0.899684173,-0.521529248
3.629233791,0.829402307,-0.574394195
3.487438734,0.750396132,-0.565020977
3.338539304,0.691069329,-0.591265986
3.186183287,0.625785102,-0.596889917
3.028383707,0.549219634,-0.550398758
2.860578019,0.463866121,-0.557147474
2.686260301,0.388924041,-0.574769123
2.507436273,0.307540895,-0.53240218
2.32442835,0.231046661,-0.490035237
2.138053816,0.14429096,-0.400052349
1.9453622,0.061085719,-0.347187402
1.751440909,-0.0179467,-0.33069054
1.550778898,-0.113865363,-0.282324737
1.350439301,-0.183494874,-0.299571458
1.145848328,-0.295823637,-0.275201092
0.939885216,-0.358325983,-0.209963498
0.735860343,-0.486382497,-0.152224478
0.522605407,-0.58014539,-0.076113952
0.325722398,-0.731004331,-0.010126501
0.107215099,-0.969316319,0.029615941
-0.031142115,-0.499122163,-0.003377784
-0.018935338,-0.095254503,-0.043495155
-0.015092603,-0.161551006,-0.104608533
-0.020135022,-0.074169194,-0.101984033
-0.015542484,-0.078791915,-0.098609674
-0.020371209,-0.064728794,-0.129728756
-0.016779658,-0.044138374,0.004870647
-0.019726379,-0.052457773,0.059985166
-0.018942836,-0.030123992,0.094478606
-0.01953518,-0.04303237,0.200958357
-0.020401201,-0.028624325,0.217080291
-0.020078786,-0.032399735,0.253823304
-0.021402187,-0.030866326,0.208082002
-0.020952306,-0.029295426,0.114349827
-0.022080758,-0.028193171,0.049112234
-0.02218573,-0.022089529,-0.058117375
-0.022628113,-0.025250076,-0.09973446
-0.023164222,-0.02217576,-0.097859817
-0.023460393,-0.02374666,-0.106483177
-0.024517614,-0.026566033,-0.124104826
-0.025616074,-0.026779735,-0.158598266
-0.026613311,-0.02388163,-0.220461502
-0.027588053,-0.025193838,-0.268077447
-0.028285369,-0.022288235,-0.287948668
-0.028592788,-0.021924566,-0.302945816
-0.029537539,-0.023922871,-0.233958935
-0.029410072,-0.018921484,-0.251580584
-0.030542273,-0.023960363,-0.281199951
-0.030572265,-0.016683231,-0.181093988
-0.03112337,-0.025486273,-0.130103685
-0.032199336,-0.015078588,-0.022124219
-0.030939668,-0.02208578,0.070858098
-0.033680195,-0.023233024,0.082480888
-0.031040892,-0.0132265,0.100477465
-0.034538718,-0.037296146,0.031115656
-0.032319304,0.003985921,0.016868365
-0.033912633,-0.050159535,-0.013875788
-0.035550951,0.014341117,-0.098234746
-0.0298712,-0.049927086,-0.096735031
-0.042437882,-0.005896881,-0.119605682
-0.017312017,0.002527495,-0.155223908
-0.163497164,-1.116069923,-0.19796578
-0.537599625,-1.666871148,-0.118480895
-0.863613534,-1.451957705,-0.139851831
-1.165611286,-1.602089309,-0.184093418
-1.468235122,-1.604968668,-0.038246154
-1.745088264,-1.641275592,-0.095235316
-2.019620768,-1.578990697,-0.023623934
-2.276146777,-1.516743294,0.05586095
-2.531746781,-1.575162798,0.036364658
-2.774363963,-1.577431044,0.274069454
-3.003477211,-1.626365159,0.326184543
-3.219990037,-1.649613737,0.398545782
-3.424509779,-1.697843008,0.533520114
-3.620961652,-1.733715029,0.395921281
-3.802001345,-1.752348384,0.416167431
-3.969387144,-1.777171612,0.394046638
-4.122612931,-1.784906141,0.23170251
-4.262990862,-1.80298462,0.218205077
-4.391311976,-1.810494199,0.169089418
-4.506893954,-1.812282551,0.118099114
-4.609301912,-1.812132585,0.105726467
-4.697452384,-1.800262725,0.09335382
-4.771619048,-1.790038749,0.076482029
-4.833826371,-1.782990317,0.057735594
-4.885116577,-1.769418336,0.048737305
-4.924574907,-1.751756015,0.028116226
-4.952385064,-1.729950866,0.030365798
-4.968423328,-1.704928932,0.054736164
-4.973518233,-1.680150694,0.031865513
-4.968891955,-1.653411642,0.008619934
-4.953768448,-1.621292537,-0.011626216
-4.92850387,-1.585304293,-0.080613097
-4.893780539,-1.549432272,-0.185968061
-4.850865622,-1.514580025,-0.311944105
-4.800475178,-1.476514743,-0.3824307
-4.742058105,-1.434100428,-0.481786806
-4.676165505,-1.390141456,-0.523028963
-4.602205036,-1.343872999,-0.484411307
-4.520551598,-1.296434801,-0.523403891
-4.431508861,-1.24420517,-0.525278535
-4.334653188,-1.189958487,-0.450292795
-4.230693141,-1.134152151,-0.451417581
-4.119201332,-1.074994061,-0.466789658
-4.000560162,-1.016098412,-0.380181128
-3.875388216,-0.953922243,-0.400052349
-3.744855186,-0.891416148,-0.488535522
-3.607832619,-0.825333348,-0.48928538
-3.46241227,-0.753780515,-0.522279105
-3.311780798,-0.685369483,-0.586016984
-3.157846447,-0.621599918,-0.571019836
-2.996185387,-0.539084524,-0.552273401
-2.824596948,-0.453157388,-0.590891057
-2.648149792,-0.375425929,-0.575518981
-2.466371545,-0.292835552,-0.542900184
-2.28155285,-0.214965374,-0.494534382
-2.091305588,-0.123999359,-0.414674568
-1.896649491,-0.051408007,-0.374557198
-1.699496553,0.047427507,-0.294697384
-1.496506407,0.127273495,-0.260578873
-1.295443251,0.21419416,-0.253830156
-1.086833339,0.312208607,-0.173595414
-0.883269594,0.378947511,-0.125979469
-0.671979139,0.53287327,-0.051368658
-0.464748862,0.585848986,0.028491155
-0.26102391,0.854255529,0.074232456
-0.051169326,0.849644055,0.04423816
0.01439711,0.222809743,-0.026998293
-0.010563799,0.093444771,-0.092985744
-0.000883855,0.1225308,-0.182968632
-0.004561634,0.037443478,-0.130853542
-0.002885827,0.068411589,-0.112856965
-0.001554928,0.022236861,-0.083987455
-0.003309465,0.034590363,0.060360095
-0.00048646,0.01972117,0.072357813
-0.002046048,0.014314873,0.144719052
0.000128378,0.01999486,0.22307915
-0.000767636,0.005845507,0.212956075
0.000188362,0.013688762,0.243700229
0.000941913,0.002996141,0.187460924
0.000908172,0.005541825,0.098227893
0.001755448,0.004960704,0.02136751
0.001976639,0.003487282,-0.016875218
0.002778928,0.004237115,-0.013875788
0.002988872,0.002872418,-0.045744728
0.003888635,0.005346868,-0.073114523
0.004945855,0.006021718,-0.137977188
0.00595059,0.006201678,-0.224960646
0.007015309,0.005009443,-0.281949809
0.008012546,0.007127722,-0.294697384
0.008301219,0.001957622,-0.289823311
0.008987288,-0.001345393,-0.247831297
0.009688353,-0.001454119,-0.202464924
0.009924541,0.006385387,-0.2152125
0.011079236,0.00254999,-0.142851261
0.010651849,0.000289243,-0.111732179
0.012365146,0.007108976,-0.1316034
0.011390404,-0.007760216,-0.03637151
0.012863765,0.013253859,-0.01912479
0.013073709,-0.011955533,-0.052493444
0.012095217,0.013486307,-0.077238738
0.015574299,-0.001116694,-0.112482036
0.010726829,-0.004408462,-0.101609104
0.017793713,0.022694259,-0.176594844
0.010205716,-0.040760375,-0.155223908
0.018918416,0.077593297,-0.061491733
0.011187957,-0.130717864,-0.068615378
0.027072512,0.438945414,-0.023998863
0.306651184,1.649911036,-0.013500859
0.67611612,1.611692037,0.065984025
0.973899984,1.51372633,0.085480317
1.284295518,1.634187033,0.068608526
1.571004807,1.608902658,0.12522276
1.847955422,1.654263817,0.010119649
2.113599024,1.534965355,0.047987447
2.369034071,1.547067663,0.053986307
2.621867306,1.574309103,0.01836808
2.858369853,1.594393385,0.178837564
3.084086498,1.635203057,0.202458072
3.29451468,1.653825165,0.300689391
3.497354866,1.707966871,0.346055764
3.688156981,1.733558678,0.277818741
3.864131761,1.758269431,0.356928696
4.026310185,1.771117823,0.316436397
4.173946199,1.783857489,0.263946379
4.310076501,1.798651698,0.265446093
4.433149001,1.798471738,0.251573732
4.54331366,1.803300664,0.313436967
4.640424266,1.79598979,0.30668825
4.722981215,1.774690778,0.304438678
4.791730561,1.769040785,0.26357145
4.849311605,1.763548257,0.128222189
4.89590805,1.745109859,0.012369221
4.930908808,1.725752915,-0.099359532
4.954103933,1.704176464,-0.187467776
4.965617142,1.675427859,-0.253455227
4.9667231,1.642997573,-0.237333293
4.957474293,1.61761572,-0.204714496
4.93817064,1.583097148,-0.179969202
4.908887123,1.542861099,-0.16609684
4.870017387,1.506209252,-0.208463783
4.823263484,1.465808239,-0.202089996
4.768906588,1.431829548,-0.2557048
4.706654277,1.388264239,-0.358060335
4.636439068,1.341410911,-0.356935549
4.558767079,1.296405923,-0.399302492
4.473679548,1.242192982,-0.514780531
4.380910296,1.19500223,-0.517405032
4.281002928,1.141782818,-0.4660398
4.173181401,1.078125729,-0.49790874
4.058435452,1.016763129,-0.487785665
3.937252452,0.959059715,-0.45179251
3.809512435,0.903954473,-0.537276253
3.67744231,0.839645029,-0.607762849
3.538361537,0.76762355,-0.61038735
3.391212895,0.701908168,-0.612636922
3.239921596,0.641557843,-0.614511566
3.084198968,0.56595966,-0.585267127
2.919306261,0.479035246,-0.538401039
2.746304446,0.404051926,-0.536151467
2.56883381,0.31826351,-0.491160023
2.386429478,0.245649663,-0.443544078
2.201438328,0.170070225,-0.385805059
2.009612734,0.07614237,-0.314568606
1.815503992,0.002306294,-0.332190254
1.616667748,-0.098808713,-0.314193677
1.414828548,-0.163395595,-0.323566894
1.212820642,-0.264236913,-0.35356119
1.004439419,-0.347359673,-0.311944105
0.802469004,-0.437928276,-0.2557048
0.588951637,-0.568935383,-0.168721341
0.388334614,-0.652751738,-0.073114523
0.176568035,-0.947612397,0.011244435
-0.006934757,-0.708363118,0.044988018
-0.028232883,-0.144964695,0.081356102
-0.010796238,-0.145249632,0.037864373
-0.020806094,-0.107608005,-0.046494585
-0.014447773,-0.066933303,-0.041245583
-0.019021566,-0.080104123,-0.121480325
-0.017120817,-0.03692123,-0.112856965
-0.017923106,-0.057159228,-0.025873506
-0.019085299,-0.032362244,-0.028498007
-0.018268015,-0.039688114,0.059610237
-0.020090033,-0.034405539,0.146968624
-0.019010319,-0.028305646,0.178462635
-0.020446189,-0.032358494,0.201333286
-0.020307476,-0.023143044,0.151842697
-0.020918565,-0.027615799,0.098977751
-0.021570892,-0.023221777,0.025866654
-0.021814578,-0.023255519,-0.040495726
-0.022470655,-0.024192811,-0.029997722
-0.022534388,-0.024140323,-0.032997152
-0.023385413,-0.026011156,-0.029622793
-0.024652579,-0.024957641,-0.062991448
-0.025676058,-0.024680203,-0.163847268
-0.026497091,-0.026483551,-0.22683529
-0.027505575,-0.022048288,-0.275950949
-0.027723018,-0.021579642,-0.338564042
-0.028656521,-0.025111357,-0.327316181
-0.028952693,-0.016945673,-0.327316181
-0.029601272,-0.024189062,-0.340813615
-0.030096141,-0.020559869,-0.240707652
-0.029927436,-0.024590223,-0.184468347
-0.031532012,-0.019933758,-0.133478043
-0.030111137,-0.018741524,-0.034871795
-0.032855412,-0.029745326,0.013868936
-0.030965911,-0.006500497,0.055486021
-0.032806675,-0.04056167,0.005995433
-0.033110345,0.00025925,-0.026998293
-0.031340812,-0.03957189,-0.040120797
-0.036739387,-0.01017093,-0.112482036
-0.027771755,-0.013327728,-0.116231323
-0.042299169,-0.057196719,-0.103858676
-0.019059056,0.087551082,-0.093735601
-0.104510241,-0.84438286,-0.133478043
-0.454187901,-1.672476151,-0.052493444
-0.800056568,-1.471100947,-0.015750432
-1.097926659,-1.569351591,-0.053243302
-1.406612645,-1.614656513,0.109850683
-1.685827663,-1.626661343,0.040863802
-1.962737039,-1.607518101,0.014993722
-2.222348484,-1.508607604,0.074232456
-2.478109695,-1.565504947,-0.008626786
-2.725023242,-1.570858756,0.162340701
-2.956584594,-1.61143598,0.230202796
-3.176726461,-1.641478047,0.219329863
-3.383296912,-1.680154443,0.352429552
-3.582999177,-1.724503328,0.297315033
-3.767739143,-1.741914455,0.272944667
-3.939001418,-1.76863851,0.304438678
-4.095927478,-1.777302833,0.208456931
-4.239315864,-1.79426031,0.156341842
-4.371539697,-1.80239975,0.145843838
-4.490143378,-1.804727982,0.136470621
-4.596304094,-1.806992478,0.173213633
-4.688421019,-1.795673746,0.263946379
-4.765789338,-1.784711185,0.306313322
-4.830710944,-1.7749746,0.293940675
-4.884318038,-1.762849798,0.212581147
-4.926835561,-1.747721913,0.103101966
-4.957791136,-1.726119218,0.01274415
-4.976884844,-1.702023328,-0.1316034
-4.98496771,-1.676765197,-0.212587999
-4.982973236,-1.649227573,-0.222711074
-4.970815197,-1.618027013,-0.222711074
-4.94838487,-1.583365974,-0.230959505
-4.916327085,-1.546706629,-0.272576591
-4.875687817,-1.511018317,-0.30744496
-4.82713064,-1.474895103,-0.302570887
-4.770749278,-1.433523056,-0.314193677
-4.706465004,-1.391558641,-0.371557768
-4.634180342,-1.344577842,-0.378681413
-4.554427652,-1.297911973,-0.411675139
-4.467030731,-1.24627096,-0.524528678
-4.372124543,-1.192999061,-0.500533241
-4.270098985,-1.143405093,-0.439044934
-4.159945573,-1.079699264,-0.457041512
-4.042935222,-1.023394289,-0.367808481
-3.91911292,-0.961334344,-0.339688828
-3.789097253,-0.89715987,-0.479912162
-3.653975434,-0.839224008,-0.556772546
-3.510542061,-0.759809173,-0.56127169
-3.360727872,-0.694258755,-0.632883072
-3.207734523,-0.634047149,-0.6737503
-3.047944219,-0.547913809,-0.618635781
-2.878159054,-0.468390249,-0.612636922
-2.702585418,-0.39196725,-0.585267127
-2.52190563,-0.310771562,-0.503157742
-2.337548063,-0.241790656,-0.424047786
-2.148957864,-0.142404015,-0.282324737
-1.954485468,-0.063945218,-0.20958857
-1.758550959,0.021936928,-0.178469487
-1.555448342,0.117446931,-0.172845557
-1.354047776,0.187811279,-0.238458079
-1.146641295,0.302704471,-0.238083151
-0.940254546,0.359294383,-0.251205655
-0.732780583,0.496108948,-0.215962357
-0.519773082,0.571778366,-0.144350976
-0.321626657,0.756998413,-0.088861528
-0.101840945,0.931117181,-0.020999433
0.014190914,0.386865749,0.021742438
-0.00616621,0.073105545,0.039739016
-0.004239219,0.138442261,-0.032997152
-0.002083538,0.045654152,-0.01612536
-0.004730339,0.063241489,-0.038246154
-0.00025777,0.033518101,-0.126354398
-0.003534405,0.027256994,-0.03074758
-0.000167794,0.02957023,-0.014250717
-0.001296246,0.01068943,-0.014250717
-0.000171543,0.020336034,0.086980032
-6.59e-06,0.006445374,0.136845549
0.000293334,0.011761691,0.175838134
0.001399292,0.005403105,0.181836993
0.000825693,0.003727228,0.166464917
0.001995385,0.003517275,0.098227893
0.002122851,0.004473312,-0.002627927
0.00277143,0.003637248,-0.037496296
0.003198817,0.00124528,-0.085862099
0.003667443,0.004454566,-0.104233605
0.005002091,0.005931738,-0.063366376
0.006066809,0.00398967,-0.086237027
0.006985317,6.8e-05,-0.127104255
0.008158757,0.004342091,-0.156723623
0.008627383,0.002564987,-0.238083151
0.009309703,0.006265414,-0.272576591
0.010010768,0.000671658,-0.265078017
0.009902047,0.003536021,-0.334439827
0.011199204,0.004417075,-0.34493783
0.010704335,-0.005870637,-0.305195388
0.012473867,0.009714646,-0.275950949
0.012140206,-0.009372358,-0.158223338
0.012293915,0.012698983,-0.078363524
0.01420591,-0.004637161,0.010869506
0.01174656,0.000686655,0.112475184
0.016114156,0.009797128,0.087354961
0.011536615,-0.016477027,0.094853535
0.016920193,0.037162291,0.056985736
0.012777537,-0.050230769,-0.024373792
0.015030692,0.066255819,-0.03074758
0.018209853,-0.089597012,-0.081362954
0.007641394,0.200884621,-0.14022676
0.231888427,1.48823575,-0.188217634
0.610047316,1.684433356,-0.108732749
0.915362942,1.485633829,-0.045369799
1.22339285,1.636470275,-0.076488881
1.517146529,1.598791157,0.025116797
1.793879702,1.652306753,0.00974472
2.064318287,1.554704714,0.039364087
2.320266949,1.528224355,0.11060054
2.575638263,1.571167302,0.115849542
2.815319971,1.579325487,0.308562894
3.043795887,1.623846834,0.339681976
3.257395732,1.647170395,0.404169712
3.461555569,1.701866978,0.530145756
3.655615574,1.721463869,0.42216629
3.834653296,1.742999078,0.434164008
4.000108354,1.765460332,0.391797065
4.150672345,1.774552059,0.250448945
4.289711878,1.79163326,0.18858571
4.416038519,1.794212686,0.080981173
4.529431076,1.793837769,0.01274415
4.62976958,1.789263787,0.006370362
4.71542696,1.777528897,0.04161366
4.787314227,1.765760265,0.0761071
4.847609555,1.753388017,0.089604533
4.896875295,1.741270713,0.078731601
4.934369144,1.72078152,0.059985166
4.959933643,1.690469513,0.059985166
4.973771239,1.667753317,0.021742438
4.977220328,1.642120269,0.008994863
4.97088825,1.605479669,-0.012001145
4.954208905,1.576239924,-0.080238168
4.927485962,1.543352239,-0.18071906
4.891120565,1.505354442,-0.273326449
4.846379879,1.471735671,-0.345687688
4.794216154,1.428818967,-0.449168009
4.734145767,1.383679009,-0.496409025
4.666104984,1.344260277,-0.505032385
4.590273759,1.297988071,-0.522279105
4.506925769,1.24872028,-0.520404462
4.415802332,1.196895559,-0.529777679
4.317769469,1.135401738,-0.487410736
4.212527261,1.082594735,-0.439794791
4.099337151,1.028861688,-0.447668294
3.97978872,0.96178161,-0.389554346
3.853499569,0.907291231,-0.37680677
3.722231733,0.850217677,-0.479537234
3.584897998,0.776317866,-0.515905317
3.439039015,0.710564993,-0.500158312
3.288520013,0.647170345,-0.579268268
3.134225757,0.57661479,-0.633258001
2.97179615,0.493608254,-0.595015273
2.800039006,0.411557757,-0.65350415
2.623700572,0.336596932,-0.673000443
2.442544659,0.260192678,-0.566145763
2.258183344,0.187275148,-0.467164586
2.06801856,0.094228346,-0.360684836
1.873932313,0.019661184,-0.286448953
1.676921837,-0.071994677,-0.230584577
1.474265353,-0.152650486,-0.191966921
1.273423389,-0.23831143,-0.179594274
1.064674763,-0.334635003,-0.157098552
0.861358453,-0.404901872,-0.117731038
0.650041755,-0.549780894,-0.091486029
0.443096403,-0.611750859,-0.070115093
0.239641379,-0.877071838,-0.011626216
0.030326653,-0.862303874,-0.066365806
-0.034954858,-0.250462477,-0.092610815
-0.009967706,-0.114180293,-0.088111671
-0.019216514,-0.13995581,-0.190092277
-0.015568727,-0.058460188,-0.158223338
-0.016880881,-0.085772862,-0.151099692
-0.017960596,-0.041900122,-0.136102544
-0.016449745,-0.051794171,0.023992011
-0.019358976,-0.041652677,0.067858669
-0.017424487,-0.036126406,0.097478036
-0.019493941,-0.036666286,0.211081432
-0.01892784,-0.026524792,0.245574872
-0.019745124,-0.034255572,0.205082573
-0.020258739,-0.023709169,0.169464346
-0.020236245,-0.028388128,0.113974899
-0.021274721,-0.027064672,0.019492866
-0.021001043,-0.024455253,-0.051743587
-0.021690861,-0.02415157,-0.07086495
-0.022069511,-0.022741884,-0.103483747
-0.022815564,-0.02442151,-0.132353257
-0.024296423,-0.024496493,-0.127104255
-0.025083715,-0.02505137,-0.167971484
-0.026032214,-0.024882657,-0.20958857
-0.027100682,-0.022494439,-0.209963498
-0.027265639,-0.020683592,-0.224210789
-0.028371596,-0.024166567,-0.213337856
-0.028738999,-0.017969195,-0.227210218
-0.028915203,-0.023862884,-0.268077447
-0.02983371,-0.018501577,-0.225710504
-0.029395076,-0.018962724,-0.200215352
-0.031262083,-0.023649182,-0.168346413
-0.030028659,-0.013248995,-0.081737883
-0.032101861,-0.030791343,-0.037121367
-0.031363306,-0.00459592,0.019492866
-0.031344561,-0.034585499,0.004495718
-0.033860147,-0.008300096,-0.010126501
-0.029814965,-0.02496139,0.017618223
-0.036934335,-0.028489355,-0.074614237
-0.027992946,0.01140552,-0.097484888
-0.039821073,-0.086983843,-0.103858676
-0.025271165,0.113862729,-0.128978899
-0.063406095,-0.581258892,-0.160097981
-0.374461455,-1.621644959,-0.127479184
-0.739090167,-1.513429031,-0.057742446
-1.036622848,-1.525628817,-0.141351546
-1.347693204,-1.623103384,-0.023623934
-1.631575739,-1.612830669,-0.000753284
-1.909081208,-1.627396179,-0.0479943
-2.173180217,-1.510902093,0.100852394
-2.42912513,-1.550545775,0.046112804
-2.679971389,-1.567540744,0.149968054
-2.914681909,-1.596349336,0.284942386
-3.138400332,-1.633252376,0.26357145
-3.347208942,-1.662754564,0.438288224
-3.548673241,-1.713507024,0.403044926
-3.73722595,-1.730633214,0.355428981
-3.91131123,-1.757874654,0.421416433
-4.071341471,-1.768957189,0.253823304
-4.217474131,-1.781366928,0.193084854
-4.352071088,-1.793712932,0.153342412
-4.474090117,-1.796506061,0.058485451
-4.583834887,-1.799936548,0.019117938
-4.679648335,-1.790282445,0.028866084
-4.76051823,-1.776605488,0.060735023
-4.828300331,-1.767892426,0.026616511
-4.884756672,-1.756270011,0.040488873
-4.929958486,-1.740486022,0.024741868
-4.963587106,-1.719929345,0.029615941
-4.985507567,-1.695762221,0.06448431
-4.996188497,-1.671317659,0.044988018
-4.996195995,-1.643195165,0.028866084
-4.986231126,-1.611859635,-0.041245583
-4.966263899,-1.577603506,-0.123354969
-4.936215584,-1.542477569,-0.216337286
-4.897503306,-1.507988991,-0.285324167
-4.85098559,-1.471757051,-0.346437545
-4.796557463,-1.430744924,-0.443919007
-4.734792523,-1.391828581,-0.447668294
-4.666208134,-1.353339643,-0.480287091
-4.589968267,-1.30358821,-0.461540656
-4.505525566,-1.251557284,-0.41992357
-4.413093724,-1.199515111,-0.458916155
-4.31332507,-1.144537341,-0.413174854
-4.205758475,-1.085491726,-0.424047786
-4.090907554,-1.026599826,-0.425547501
-3.969413387,-0.966376973,-0.410550353
-3.84132846,-0.906345327,-0.46903923
-3.708171123,-0.846084981,-0.51515546
-3.567088379,-0.771217886,-0.533901895
-3.418331411,-0.703657914,-0.541400469
-3.265735457,-0.642951418,-0.59876456
-3.10758347,-0.564417638,-0.590891057
-2.939826519,-0.47724578,-0.570644908
-2.764721509,-0.40095775,-0.609262564
-2.585136432,-0.321771615,-0.55264833
-2.400947571,-0.249285239,-0.490410166
-2.21369202,-0.167369711,-0.422548071
-2.019815716,-0.079530501,-0.338564042
-1.824638507,-0.000962978,-0.267702518
-1.623365407,0.096905251,-0.198715637
-1.420652687,0.163497937,-0.181468917
-1.216080459,0.272789875,-0.116231323
-1.006559537,0.341842015,-0.098609674
-0.80224599,0.454598182,-0.055867803
-0.586239281,0.568820274,0.000746431
-0.386225848,0.665724967,-0.004127642
-0.168828256,0.952183745,0.012369221
-0.001067557,0.604564822,-0.092610815
0.003266299,0.089556886,-0.129353828
-0.008539334,0.131618779,-0.173970343
0.000360816,0.07335299,-0.198340709
-0.00567509,0.051814031,-0.076488881
-0.000111559,0.053568641,-0.101984033
-0.00291207,0.020114833,-0.021374362
-0.001033816,0.037915873,0.086980032
-0.000696405,0.01248528,0.061484881
-0.001007573,0.020583479,0.148843268
0.000634494,0.012110363,0.202458072
-0.000201535,0.0108244,0.222704222
0.001346806,0.01118057,0.19720907
0.001170602,0.004825734,0.132721334
0.001905408,0.0056543,0.076482029
0.002340293,0.002186321,-0.004877499
0.002658959,0.001301518,0.007870077
0.003258801,0.001211538,-0.013875788
0.003689937,0.004113392,-0.079488311
0.005073322,0.004199623,-0.136852402
0.006284252,0.005414353,-0.191217063
0.006992815,0.005110671,-0.250080869
0.008271227,0.006944013,-0.285699096
0.008923555,0.004435821,-0.249331012
0.009272213,0.004282105,-0.243332153
0.010186971,0.00106907,-0.171345842
0.01004076,0.002557488,-0.150349835
0.011390404,0.005853005,-0.163847268
0.011094232,-0.001656574,-0.11435668
0.012395138,0.00969965,-0.115481466
0.01261633,-0.00756526,-0.059242161
0.012383891,0.011289296,-0.057742446
0.014569564,-0.001484112,-0.075364095
0.011952755,-0.000490583,-0.025498578
0.016331599,0.014056181,-0.090736172
0.012106464,-0.021868328,-0.125229612
0.016616524,0.038118328,-0.103483747
0.014134679,-0.045499321,-0.139476903
0.013733535,0.059721022,-0.115481466
0.02053049,-0.067383203,-0.101984033
0.003030111,0.122122141,-0.131978329
0.204014537,1.404498128,-0.154474051
0.582612061,1.702643055,-0.038246154
0.8926102,1.47578477,0.023242153
1.199777836,1.630107941,-0.032997152
1.497288023,1.59572059,0.092603963
1.774830982,1.655433557,0.065984025
2.047578958,1.564403807,0.082855817
2.304431131,1.520977217,0.147718482
2.560848419,1.567793053,0.095228464
2.803094449,1.576134947,0.249699088
3.034307143,1.620015186,0.266195951
3.250002684,1.637182617,0.311187395
3.45530597,1.691403056,0.406794213
3.652143991,1.718824456,0.297689962
3.834492088,1.747318117,0.325434685
4.003306259,1.753609218,0.314186824
4.156708251,1.759754101,0.235826726
4.297832234,1.786740598,0.247074587
4.426546994,1.78565334,0.224578865
4.542721316,1.79198943,0.202833001
4.646332706,1.785105962,0.170964061
4.736170232,1.776107963,0.192334997
4.811851497,1.769651899,0.181087136
4.874523697,1.75422783,0.086980032
4.926286278,1.744262547,0.032240442
4.966903053,1.722453648,-0.03937094
4.995507999,1.694597345,-0.07086495
5.012179847,1.670126539,-0.084737312
5.017874593,1.644129822,-0.125229612
5.013803168,1.6127568,-0.092235886
4.999384475,1.580176548,-0.109107678
4.974588523,1.544282033,-0.193466635
4.940251341,1.501830226,-0.229834719
4.897044,1.465680767,-0.320567465
4.846091206,1.428489041,-0.401926993
4.787396705,1.388039289,-0.437920148
4.721099212,1.348376862,-0.466789658
4.647359934,1.301785976,-0.439044934
4.566145131,1.25258942,-0.435670576
4.477199869,1.204247673,-0.449542938
4.380737841,1.151680617,-0.404551494
4.27720893,1.096219204,-0.402301921
4.165810847,1.039119406,-0.466789658
4.047773267,0.980317486,-0.427047216
3.923133681,0.921238128,-0.452917296
3.792690627,0.860846563,-0.571394765
3.657302629,0.795221161,-0.573269409
3.513411876,0.72123137,-0.569145193
3.363226535,0.657405568,-0.589391343
3.209955759,0.598033775,-0.58451727
3.05003424,0.513670042,-0.538026111
2.88011786,0.428717689,-0.538026111
2.704386765,0.358244616,-0.562021548
2.52426183,0.280070756,-0.514405603
2.339795542,0.209057803,-0.460040941
2.151374049,0.123198152,-0.374557198
1.956946641,0.038279542,-0.323941823
1.761477009,-0.048708607,-0.270701948
1.559146688,-0.13321106,-0.221961217
1.357652397,-0.198401558,-0.225335575
1.151370619,-0.313223516,-0.191591992
0.943934147,-0.374312427,-0.154848979
0.738057263,-0.505465752,-0.100859247
0.523186504,-0.588359812,-0.061491733
0.324893867,-0.747361942,0.011994292
0.104759498,-0.976784657,0.002996003
-0.03116086,-0.483773078,-0.071239879
-0.017285774,-0.097556491,-0.055867803
-0.014372793,-0.165570112,-0.167221626
-0.019029064,-0.073123176,-0.180344131
-0.014429028,-0.081884977,-0.11135725
-0.019291494,-0.060443497,-0.130478614
-0.015778672,-0.041468968,-0.004502571
-0.018729143,-0.054384845,0.049112234
-0.01786687,-0.030765099,0.038989159
-0.018601676,-0.042863658,0.17133899
-0.019437706,-0.03031145,0.232452368
-0.01911904,-0.031709889,0.219329863
-0.020322472,-0.027180896,0.190085425
-0.019865093,-0.027038428,0.103851824
-0.020978549,-0.028455613,0.029241012
-0.021210987,-0.022693145,-0.052118516
-0.021724602,-0.024125326,-0.060366947
-0.022107001,-0.022299482,-0.050618801
-0.022628113,-0.023367994,-0.107233034
-0.023880283,-0.025531263,-0.141351546
-0.02479879,-0.025587501,-0.212962928
-0.025848513,-0.024830169,-0.276700807
-0.027044447,-0.02532131,-0.288698525
-0.027423097,-0.021977054,-0.299196529
-0.028075425,-0.025077614,-0.267327589
-0.028469071,-0.02132095,-0.232084291
-0.028843972,-0.023937868,-0.242582295
-0.030021161,-0.019210169,-0.176969773
-0.02926761,-0.01844159,-0.095985173
-0.031119621,-0.024361523,-0.070115093
-0.030069898,-0.011820563,0.013868936
-0.031490773,-0.033003351,0.046112804
-0.031693219,-0.006065593,0.052486592
-0.031037143,-0.035001657,0.039739016
-0.034253793,-0.017279349,-0.028123079
-0.029541288,-0.016773211,-0.03074758
-0.036701897,-0.035766486,-0.092610815
-0.028604035,0.019822398,-0.152599407
-0.03820525,-0.089731982,-0.183718489
-0.028386593,0.111107092,-0.214837571
-0.050678206,-0.47913161,-0.251580584
-0.342628611,-1.583692151,-0.233209078
-0.713900569,-1.533449578,-0.130853542
-1.012741654,-1.511794395,-0.179969202
-1.324899223,-1.627422423,-0.041995441
-1.611975915,-1.607540596,0.041238731
-1.890189947,-1.634208414,-0.003752713
-2.156673326,-1.512499238,0.166464917
-2.413101861,-1.542590044,0.110225612
-2.665972586,-1.565977342,0.18858571
-2.903153704,-1.591681624,0.345680835
-3.129560167,-1.630170562,0.280443241
-3.339812145,-1.65292425,0.428540078
-3.542985993,-1.707729559,0.408668857
-3.734545408,-1.727791346,0.328059186
-3.9116149,-1.754897817,0.385048349
-4.075165461,-1.766096575,0.239576013
-4.22391868,-1.778757509,0.185211352
-4.361537339,-1.793289276,0.126722474
-4.486488093,-1.79421907,0.049862091
-4.598583492,-1.798324406,0.058110522
-4.6979585,-1.790811078,0.064109382
-4.78244244,-1.77888873,0.114724756
-4.853156267,-1.769170891,0.123723045
-4.912709291,-1.756986102,0.13947005
-4.961052775,-1.745228717,0.116599399
-4.998021762,-1.723584782,0.113225041
-5.022630264,-1.696579539,0.097852965
-5.035155706,-1.6747294,0.044988018
-5.037585065,-1.646621902,0.010119649
-5.029595925,-1.614566533,-0.070115093
-5.011581932,-1.582181237,-0.142101404
-4.98394423,-1.545926802,-0.268452375
-4.946589094,-1.510658397,-0.366683695
-4.901409775,-1.47531126,-0.406801066
-4.848803666,-1.435686325,-0.481411877
-4.788242159,-1.394123071,-0.4660398
-4.719856467,-1.349972892,-0.468664301
-4.643631596,-1.303337016,-0.455916725
-4.560036171,-1.253574336,-0.426297358
-4.468770272,-1.201783357,-0.448418151
-4.369927623,-1.150419782,-0.371182839
-4.263556962,-1.092000278,-0.402301921
-4.149692031,-1.034034422,-0.412424996
-4.028958913,-0.974381442,-0.35956005
-3.901533812,-0.914334799,-0.445043793
-3.769088786,-0.856084007,-0.510656316
-3.629606869,-0.783027759,-0.518529818
-3.481959608,-0.714699208,-0.533901895
-3.330274664,-0.655177449,-0.586391913
-3.174162138,-0.584250726,-0.577768553
-3.009029495,-0.494668154,-0.572519551
-2.835127917,-0.418151425,-0.610762279
-2.656768766,-0.344877725,-0.540275683
-2.473235982,-0.262920956,-0.478412447
-2.286962671,-0.188492513,-0.415424426
-2.094642207,-0.095460707,-0.307070032
-1.898535243,-0.027454585,-0.251955513
-1.699177887,0.068449081,-0.167221626
-1.494980559,0.146607945,-0.130853542
-1.292597753,0.2346946,-0.134977758
-1.082068347,0.332799026,-0.110607393
-0.877612338,0.404550565,-0.072739594
-0.663915019,0.547375044,-0.052868373
-0.456478546,0.599031053,-0.047619371
-0.249371987,0.881099557,-0.015000574
-0.041770558,0.822751287,-0.09973446
0.013913487,0.196505595,-0.153724193
-0.010391345,0.098476151,-0.184093418
0.000150872,0.112190601,-0.191591992
-0.004565383,0.03685111,-0.077988596
-0.002061044,0.062784091,-0.093735601
-0.001378724,0.0200361,-0.031122508
-0.002540918,0.036180009,0.095978321
0.00019586,0.016500637,0.089229604
-0.001446207,0.016114473,0.176213063
0.000653239,0.018738889,0.247074587
-6.28e-05,0.006809043,0.244075158
0.001099371,0.015285907,0.240700799
0.00125683,0.002538743,0.149593125
0.001328061,0.002744947,0.046112804
0.002464011,0.003760971,-0.038996011
0.002475258,0.002021358,-0.086986885
0.003206315,0.002786188,-0.079113382
0.003581216,0.001833899,-0.119230753
0.004282281,0.002606228,-0.179594274
0.00477715,0.002568736,-0.204714496
0.005017087,0.002501251,-0.242582295
0.005508207,0.002028856,-0.253455227
0.005943092,-0.001840283,-0.228335005
0.005973084,0.000184266,-0.242957224
0.005845618,0.00142524,-0.226460361
0.006115546,-0.000696788,-0.195716208
0.006171782,-0.000801764,-0.180344131
0.006119296,-0.000951731,-0.101234175
0.006258009,0.000113032,-0.07386438
0.006351734,0.001005334,-0.03074758
0.006437961,-0.001577842,0.052111663
0.00644171,-0.005165793,0.044988018
0.006449208,-0.001731557,0.063359524
0.00640422,0.000716648,0.037489444
0.006449208,-0.002076481,-0.037496296
0.006407969,-0.002005247,-0.084737312
0.006456706,-0.00055057,-0.1747202
0.006734133,-0.002578869,-0.242957224
0.006610416,-0.001577842,-0.243707081
0.006580424,-0.004352224,-0.234708792
0.006771623,-0.006174319,-0.266577732
0.006790368,-0.002110223,-0.2557048
0.006700392,-0.005375747,-0.233958935
0.006737882,-0.002425153,-0.217837001
0.006812862,-0.00428099,-0.175844986
0.006764125,-0.007302818,-0.164972054
0.006981568,-0.001795293,-0.122605111
0.007004062,-0.005544459,-0.132353257
0.006910337,-0.003036267,-0.131978329
0.007135277,0.000742892,-0.07086495
0.007097787,-0.004933345,-0.058492303
0.006850352,-0.004633412,0.000371503
0.006842854,-0.001559096,0.02136751
0.007060297,-0.002387661,-0.023998863
0.006977819,-0.003748609,-0.037871225
0.006846603,-0.0022152,-0.10273389
0.006872847,-0.00253013,-0.164972054
0.006752878,-0.006781684,-0.202839853
0.006876596,-0.00275508,-0.251580584
0.007045301,-0.003167488,-0.235083721
