0.001654225,0.027301984,-0.106858106
0.001616734,-0.039894318,-0.121480325
0.001069379,0.000701651,-0.118105967
0.002561485,0.009973339,-0.091860958
0.000525773,-0.062951689,-0.101234175
0.003146331,0.088582102,-0.105358391
-0.000272767,-0.166916062,-0.104233605
0.003431255,0.192767676,-0.11435668
-1.78e-05,-0.284823584,-0.100109389
0.005628175,0.541215164,-0.100109389
0.131010066,3.52964539,-0.086986885
0.316863487,3.266405197,-0.071989737
0.476552568,2.794321462,-0.076488881
0.622977652,3.201252191,0.028116226
0.751722404,2.73328129,0.198708785
0.877546678,2.683192433,0.149968054
0.992142667,2.470824674,0.165340131
1.091184013,2.433910385,0.276319026
1.182146242,2.331610642,0.106476325
1.262847432,2.208720479,0.221204507
1.336088091,2.16731094,0.236951512
1.397613094,2.01662821,-0.145850691
1.447471178,1.998545982,-0.128978899
1.486149714,1.913267452,-0.061866662
1.515598188,1.848129442,-0.083612526
1.536375201,1.796207242,-0.117356109
1.547194844,1.73876627,-0.225710504
1.549193066,1.676545111,-0.176969773
1.542561068,1.58942574,-0.210713356
1.52801116,1.512642821,-0.235833578
1.505130952,1.433066772,-0.166846698
1.473485559,1.343165521,-0.222336145
1.434349643,1.245713449,-0.211088284
1.386973404,1.143428702,-0.167971484
1.332196619,1.039655537,-0.233584006
1.270832823,0.938742985,-0.178844416
1.201502381,0.831520586,-0.107233034
1.125532442,0.716856093,-0.188967491
1.04355659,0.620468784,-0.268452375
0.960073635,0.525056259,-0.381305914
0.870937173,0.393250579,-0.568770264
0.776068475,0.2796471,-0.646005576
0.673574291,0.133395884,-0.623509854
0.562794794,0.022353085,-0.611887065
0.452630136,-0.101148192,-0.554148045
0.332950489,-0.234258582,-0.419548642
0.219865352,-0.349249252,-0.247831297
0.095439459,-0.639044787,-0.192341849
-0.003568146,-0.459178549,-0.10273389
-0.006578601,-0.059772396,0.062984595
0.001826679,-0.08942455,0.032615371
-0.003309465,-0.058988821,0.013868936
0.000923168,-0.035230356,0.050611948
-0.001911084,-0.045784258,-0.07086495
-0.000115308,-0.018872744,-0.163472339
-0.001030067,-0.032778401,-0.07086495
-0.001063808,-0.01700566,-0.069740164
-0.000471464,-0.02132095,-0.100484318
-0.001371226,-0.014291264,0.053611378
-0.000493958,-0.014557454,0.039739016
-0.001333736,-0.014594946,-0.074239309
-0.001048812,-0.011336921,-0.006377214
-0.001266254,-0.014823645,-0.029997722
-0.001494944,-0.008982444,-0.05661766
-0.001438709,-0.011419402,0.013868936
-0.001716135,-0.009739776,0.032615371
-0.00162241,-0.00819512,0.100477465
-0.001783618,-0.010335893,0.118474043
-0.00203855,-0.009537321,0.131971476
-0.002297232,-0.011516881,0.143594266
-0.002544667,-0.013114025,0.108725897
-0.002413451,-0.009387354,0.083230745
-0.002244746,-0.00585564,-0.052118516
-0.002552165,-0.009023685,-0.189717348
-0.002462188,-0.012116747,-0.270701948
-0.002240997,-0.007853946,-0.341188543
-0.002226001,-0.005030824,-0.388054631
-0.002151021,-0.007209089,-0.324316752
-0.002289734,-0.00900119,-0.267702518
-0.002199758,-0.006751691,-0.278200522
-0.002166017,-0.006084339,-0.157848409
-0.002091036,-0.007928929,-0.11998061
-0.001862347,-0.006129329,-0.165721912
-0.001933578,-0.006163072,-0.121480325
-0.001978566,-0.008037655,-0.117731038
-0.001817359,-0.006597975,-0.144725904
-0.001746127,-0.005308262,-0.176594844
-0.001779869,-0.006687955,-0.184093418
-0.001764873,-0.006537988,-0.20358971
-0.001753625,-0.006384272,-0.234708792
-0.001596167,-0.006706701,-0.157098552
-0.001667398,-0.006406767,-0.126354398
-0.001824857,-0.008701257,-0.133103115
-0.00158492,-0.008187621,-0.084737312
-0.001798614,-0.007857695,-0.091860958
-0.002522173,-0.010200923,-0.116231323
-0.002777105,-0.008858722,-0.098609674
-0.003122014,-0.008757495,-0.047619371
-0.003639378,-0.009612304,-0.034496867
-0.003583142,-0.012004272,-0.008626786
-0.00419798,-0.012056761,0.062234738
-0.004040522,-0.006140577,0.05886038
-0.00446416,-0.012769102,0.045362947
-0.004835312,-0.005334506,0.061859809
-0.004344191,-0.011228195,0.045362947
-0.005423906,-0.007688982,-0.020999433
-0.004036773,-0.00387608,-0.076488881
-0.005892533,-0.017755493,-0.088111671
-0.004280458,0.005508082,-0.130478614
-0.005138982,-0.028759295,-0.149599977
-0.005641349,0.00996584,-0.153349264
-0.003474421,-0.023068061,-0.142101404
-0.007812026,-0.002473892,-0.063741305
-0.000636421,0.005219396,-0.044245013
-0.011073664,-0.0548085,-0.052118516
0.005140804,0.112782969,-0.070490022
-0.047375328,-0.734194871,-0.11135725
-0.287593144,-1.634815779,-0.104233605
-0.522970988,-1.455661881,-0.109107678
-0.71768332,-1.459504777,-0.134227901
-0.911544627,-1.4890707,-0.100859247
-1.073456871,-1.514617517,0.010119649
-1.227349983,-1.595959422,0.043863232
-1.356203456,-1.58927091,0.040863802
-1.471020637,-1.606839502,0.102727038
-1.575479302,-1.560492312,0.104601681
-1.667442518,-1.570352619,0.091479177
-1.748128711,-1.553252672,0.10197718
-1.81110833,-1.539538223,0.097103107
-1.863283302,-1.538286002,0.069358383
-1.902812863,-1.505649512,0.042738446
-1.932531266,-1.490735329,0.027366369
-1.952014871,-1.46160056,-0.040870654
-1.960603852,-1.422845431,-0.035996581
-1.959625361,-1.38221197,-0.003752713
-1.94856953,-1.341061124,-0.023249006
-1.928789754,-1.28277284,0.024366939
-1.899423758,-1.213990641,-0.053243302
-1.861390052,-1.147247988,-0.144725904
-1.814962312,-1.074877837,-0.091486029
-1.759803128,-1.004727192,-0.151474621
-1.69662856,-0.923531504,-0.184468347
-1.625532335,-0.837709345,-0.144350976
-1.54716303,-0.74422764,-0.21221307
-1.460283472,-0.652777982,-0.319442679
-1.369981068,-0.576242508,-0.405301351
-1.275513514,-0.480335092,-0.437545219
-1.175347465,-0.392919538,-0.440919577
-1.06884184,-0.264923011,-0.455916725
-0.952037684,-0.151398264,-0.47466316
-0.833040358,-0.047377653,-0.490785095
-0.706387553,0.073874124,-0.536526396
-0.580012175,0.153270213,-0.514405603
-0.446626148,0.306693584,-0.403801636
-0.31165429,0.376416824,-0.352061476
-0.177780892,0.613607811,-0.276700807
-0.036057067,0.677298643,-0.214087714
0.011911516,0.185700498,-0.225335575
-0.006413645,0.059900982,-0.245581725
-0.000831369,0.099769614,-0.258704229
-0.003080775,0.026773352,-0.190842134
-0.003080775,0.05038185,-0.16047291
-0.002121028,0.019177541,-0.166846698
-0.003530656,0.028962865,-0.086986885
-0.001794865,0.01689055,-0.088486599
-0.003343206,0.011664213,-0.090736172
-0.002420949,0.016841811,-0.015375503
-0.002908321,0.001751418,-0.018749861
-0.002372212,0.009748389,0.016493437
-0.002285985,0.004510804,0.085105389
-0.002312228,0.00682029,0.08473046
-0.001933578,0.005388109,0.086980032
-0.002214754,0.002988643,0.100852394
-0.001588669,0.003419797,0.109475754
-0.001644904,0.001747669,0.15109284
-0.001468701,0.003562265,0.175088277
-0.001240011,0.001219036,0.179212492
-0.001030067,0.001755167,0.198708785
-0.000737644,0.003239837,0.103101966
-0.00082762,0.00142524,0.003370932
-0.000745142,-0.000126914,-0.037496296
-0.000771385,-0.000689289,-0.086237027
-0.000853863,0.001196541,-0.075364095
-0.001000074,-0.000359363,-0.089236457
-0.001105047,-0.001510357,-0.108732749
-0.001003823,0.000941598,-0.114731608
-0.001127541,-0.000175654,-0.166471769
-0.001296246,-0.001124193,-0.175844986
-0.001262505,-7.82e-05,-0.164597126
-0.000932592,0.002519997,-0.173220486
-0.000209033,0.002283799,-0.20358971
0.000274589,0.001402745,-0.268827304
0.000698227,0.003978422,-0.313443819
0.001155606,-0.002053986,-0.351686547
0.001350555,0.00263997,-0.366308766
0.002085361,0.004563292,-0.331440397
0.00197289,-0.000947982,-0.308194818
0.003007617,0.008616141,-0.288323597
0.002902645,-0.003347448,-0.240332723
0.003221311,0.009425961,-0.230209648
0.00416981,-0.002057735,-0.239207937
0.002797673,0.005283132,-0.178469487
0.005553195,0.008991057,-0.107607963
0.00277143,-0.014313759,-0.076113952
0.005740645,0.023732778,-0.043120227
0.003839897,-0.025924926,0.01274415
0.004364759,0.036506187,0.016868365
0.006932831,-0.030431423,0.003745861
0.000484533,0.022900463,0.05023702
0.013324893,0.006692819,0.056235879
-0.011527295,-0.061886926,0.064109382
0.109625713,1.232711341,0.071607955
0.449398489,2.012256682,0.088479747
0.751092571,1.709189099,0.11060054
1.027747015,1.829462344,0.011994292
1.300982361,1.844968895,0.206207359
1.543790743,1.925710934,0.385048349
1.783003824,1.976467143,0.285317315
2.002118463,1.928511561,0.510649463
2.215148458,1.997357496,0.591259134
2.411199187,2.037252372,0.513648893
2.592894956,2.119898987,0.684241451
2.760644409,2.178974596,0.752478475
2.912670513,2.250864854,0.684991309
3.053355863,2.303949295,0.781722913
3.176522088,2.307698461,0.761851692
3.286784221,2.305029055,0.571762841
3.382676399,2.308069629,0.521147467
3.465199607,2.299847707,0.370051201
3.536018406,2.262547255,0.345680835
3.594427982,2.21775222,-0.09710996
3.64146681,2.16290567,-0.424797643
3.676744994,2.095994305,-0.33631447
3.701364743,2.020006208,-0.78922834
3.716375779,1.959303461,-0.717616958
3.721898071,1.887821862,-1.008186701
3.718141563,1.803199437,-1.32275188
3.704813832,1.751104775,-0.525278535
3.682308525,1.700378559,-0.18071906
3.651754094,1.636110355,-0.151099692
3.613394223,1.573667996,-0.476912733
3.566857762,1.504728331,-0.490785095
3.511638594,1.436553497,-0.10835782
3.447879181,1.365173125,-0.19496635
3.376194361,1.288896343,0.120723615
3.29689905,1.219004391,-0.150349835
3.210188198,1.146034373,-0.759983901
3.116028063,1.069423915,-0.678999302
3.014906016,0.988141996,-0.747236325
2.907481884,0.90140504,-0.879961085
2.792683448,0.817506204,-0.781729766
2.671125548,0.740310876,-0.651629507
2.546234778,0.664270291,-0.963570185
2.417073885,0.582542221,-1.091795801
2.28224449,0.499914352,-0.821472208
2.138511195,0.396636076,-0.810599276
1.987381104,0.305130181,-0.444293936
1.832546991,0.214812772,-0.021749291
1.67195065,0.125376417,0.00974472
1.510233355,0.033394379,0.103101966
1.341464171,-0.074840294,0.173963491
1.171379086,-0.156725829,0.202458072
0.996112868,-0.286555698,0.084355531
0.817941168,-0.360624222,0.170589132
0.642228818,-0.499793264,0.244450086
0.457661307,-0.585604175,-0.146225619
0.285866673,-0.702986814,-0.18934242
0.093774898,-0.948609675,-0.306695103
-0.03123584,-0.482258414,-0.57851841
-0.021154752,-0.070952409,-0.394428419
-0.016427251,-0.157119491,-0.149225049
-0.02101229,-0.070839934,0.025866654
-0.016078593,-0.076602402,0.076856957
-0.02018001,-0.063476572,0.165340131
-0.0169971,-0.041708914,0.174338419
-0.019130287,-0.054073664,0.106851253
-0.01805807,-0.025966166,0.3269344
-0.018387983,-0.041543951,0.344556049
-0.018875354,-0.026704752,0.16833956
-0.017998086,-0.027113411,0.137220478
-0.019209016,-0.02730087,-0.028872936
-0.018522947,-0.020507381,-0.329190825
-0.019014068,-0.02159089,-0.435670576
-0.019029064,-0.019120189,-0.36218455
-0.019302741,-0.019183925,-0.438295077
-0.019272749,-0.016945673,-0.385055201
-0.01934398,-0.018366607,-0.322442108
-0.020030049,-0.018021684,-0.502407884
-0.01987634,-0.016619496,-0.439419863
-0.020243743,-0.016045873,-0.307819889
-0.020393703,-0.014336254,-0.183718489
-0.020232496,-0.013376467,-0.004502571
-0.020262488,-0.012919069,0.079856387
-0.019970065,-0.011936787,0.111350398
-0.019846348,-0.011715586,0.053986307
-0.01976387,-0.012900323,0.055486021
-0.020247492,-0.015202311,0.015368651
-0.021023537,-0.013912598,-0.077238738
-0.021255976,-0.013788875,-0.027373221
-0.021972036,-0.016840696,-0.053243302
-0.021987032,-0.013342725,-0.195716208
-0.022196977,-0.015967141,-0.267702518
-0.022973022,-0.011696841,-0.273326449
-0.022785572,-0.013556427,-0.274826163
-0.024138964,-0.015389769,-0.133478043
-0.023381664,-0.007479029,0.036364658
-0.024453881,-0.020278682,0.015743579
-0.024442634,-0.003058762,0.049862091
-0.024251435,-0.022494439,0.08473046
-0.025788529,-0.005214533,0.051361806
-0.023524127,-0.015584726,0.05586095
-0.027464336,-0.022145766,0.049862091
-0.022931783,0.007525133,0.090354391
-0.027681779,-0.049735879,0.013119078
-0.023794055,0.038489495,-0.068615378
-0.025586082,-0.081899974,-0.106108248
-0.028742748,0.081484931,-0.227960076
-0.01726328,-0.214189296,-0.191217063
-0.225337084,-1.58513558,-0.191591992
-0.58101691,-1.818869836,-0.141351546
-0.868659702,-1.567548242,-0.12298004
-1.155627672,-1.681909053,-0.220836431
-1.424660379,-1.624389348,0.062609667
-1.674640617,-1.689013722,0.070483169
-1.918131318,-1.610926093,0.007120219
-2.146820928,-1.555232232,0.328434115
-2.37088426,-1.55946879,0.212581147
-2.576584941,-1.550313326,0.184086566
-2.772084565,-1.589728308,0.403419855
-2.952843082,-1.596967948,0.22607858
-3.120839969,-1.631681476,0.187085995
-3.276018991,-1.640057113,0.299564605
-3.414391201,-1.641699247,0.142844409
-3.538805847,-1.65445391,0.061859809
-3.648231951,-1.655856098,0.124097974
-3.744337822,-1.653179194,0.053986307
-3.827179696,-1.636345438,-0.059992018
-3.896810059,-1.614315339,-0.111732179
-3.952779029,-1.592547681,-0.03337208
-3.995097854,-1.566685934,0.076482029
-4.025378608,-1.538368483,-0.392928704
-4.044464818,-1.510114768,-0.350186832
-4.052322743,-1.476960893,0.313062038
-4.049297292,-1.437947072,0.211831289
-4.036456933,-1.406094158,0.279318455
-4.014319028,-1.369251103,0.13947005
-3.983370951,-1.32350378,-0.2988216
-3.944122565,-1.279833494,-0.535776539
-3.895767834,-1.231555484,-0.468289373
-3.837815638,-1.180360622,0.024741868
-3.770828327,-1.121629937,-0.147350405
-3.695000851,-1.065193741,-0.281949809
-3.611064266,-1.007329113,-0.28719881
-3.519288501,-0.940500229,-0.548899043
-3.41954609,-0.882796815,-0.415424426
-3.313280402,-0.822900139,-0.011251287
-3.199329243,-0.754387879,-0.055117945
-3.077441429,-0.688739983,-0.340438686
-2.95008756,-0.625738997,-0.505407314
-2.818740994,-0.561875704,-0.921578171
-2.682595696,-0.486270022,-0.968444258
-2.538266309,-0.403589664,-0.540650612
-2.38660011,-0.318341128,-0.352061476
-2.227675827,-0.239207481,-0.16909627
-2.065141247,-0.16526268,-0.03074758
-1.898074115,-0.068440468,-0.436420433
-1.726931808,0.004454566,-0.560896761
-1.552670325,0.10441483,-0.51815489
-1.371203245,0.187631319,-0.487410736
-1.1905497,0.27483692,-0.250080869
-1.001989493,0.381271994,-0.170595985
-0.816994595,0.444141758,-0.061491733
-0.626237468,0.605873281,-0.272201662
-0.436852479,0.628660712,-0.300696244
-0.250676642,0.860910298,0.017618223
-0.052635189,0.895994994,0.103476895
0.017471298,0.24022462,0.295440389
-0.006938506,0.083355765,0.453660301
0.000529522,0.135529159,0.179212492
-0.002147272,0.040750243,-0.175470058
-0.002413451,0.079025478,-0.242207366
-0.000703903,0.033645573,-0.183718489
-0.002705874,0.03905187,-0.125604541
-0.000381488,0.027605667,0.13384612
-0.002143523,0.02264552,0.271819881
-0.000625173,0.025858555,0.15109284
-0.001337485,0.011596728,0.063359524
-0.000925094,0.019777408,-0.034871795
-0.000711401,0.009767135,-0.032247294
-0.000876357,0.013118889,-0.080238168
-0.000175292,0.010606948,0.04423816
-0.000531448,0.009133526,0.056610808
-2.16e-05,0.00709023,-0.243332153
0.000192111,0.005324373,-0.295447242
0.000398306,0.008098756,-0.317942964
0.000656988,0.00700025,-0.232834149
0.001076877,0.004630777,-0.025873506
0.002010381,0.006062959,0.042363517
0.002745187,0.008342452,0.033740157
0.003037609,0.005770524,-0.091860958
0.003839897,0.006554099,-0.306695103
0.004023599,0.003536021,-0.408300781
0.004447237,0.007251444,-0.356935549
0.004987094,0.00232504,-0.284199381
0.004837134,0.005935487,-0.208838712
0.006123045,0.004938209,-0.130478614
0.005500709,0.001174046,-0.170221056
0.006944078,0.01280021,-0.22683529
0.006010574,-0.008262605,-0.188592562
0.006839105,0.018049042,-0.061116804
0.007821346,-0.008854973,-0.021374362
0.006044315,0.010404493,-0.045744728
0.009992023,0.004042158,0.031865513
0.004878373,-0.011306927,-0.158223338
0.011469133,0.036187507,-0.305195388
0.004765903,-0.053293837,-0.183718489
0.010828052,0.086205131,-0.15184955
0.007911322,-0.133473502,-0.070490022
0.009763333,0.375449539,0.088479747
0.265726991,1.802757035,0.115849542
0.638194883,1.847717034,0.08173103
0.941066154,1.661057306,-0.020624505
1.256953988,1.784712299,-0.035996581
1.548795671,1.723061013,0.267695666
1.825671307,1.777258957,0.233202225
2.093830494,1.658736572,0.224953794
2.352815854,1.64656303,0.474281379
2.609334365,1.649206192,0.191210211
2.845968127,1.648216413,0.198708785
3.07449653,1.699126338,0.483279668
3.290806909,1.714239226,0.29244096
3.497253643,1.755438811,0.400795354
3.688996759,1.759214221,0.46828252
3.863903072,1.778031285,0.126722474
4.026411408,1.798186802,-0.075739024
4.175884437,1.813862065,-0.252330441
4.314455344,1.834388749,-0.156348694
4.440324606,1.837043158,-0.036746439
4.552063849,1.835119836,0.174338419
4.648780809,1.824682158,0.33555776
4.732061317,1.815924106,0.05586095
4.803828616,1.8103341,0.146968624
4.863591584,1.793177916,0.293190817
4.910881596,1.768036009,0.339307047
4.945469963,1.735624469,0.43378908
4.968185214,1.694871034,0.165340131
4.97952222,1.652899121,-0.115481466
4.979331021,1.617589475,-0.306695103
4.96839141,1.5794942,-0.466789658
4.946905833,1.530972493,-0.480287091
4.915530369,1.48720098,-0.522654034
4.875925827,1.443421969,-0.464915014
4.828035973,1.403144679,-0.463040371
4.772355677,1.365191871,-0.516655175
4.708866192,1.315552913,-0.434170861
4.635925454,1.266142655,-0.406801066
4.554500706,1.217455985,-0.323191966
4.464783147,1.159328915,-0.253080299
4.366386631,1.099357256,-0.182218774
4.260443357,1.042133735,-0.235083721
4.146694645,0.977111949,-0.297321885
4.025920288,0.916495433,-0.253455227
3.899263734,0.855545242,-0.361809622
3.765937691,0.783456278,-0.328066039
3.626088371,0.721370089,-0.235083721
3.481961431,0.659977496,-0.350186832
3.334231692,0.591975123,-0.508406743
3.180496039,0.51880265,-0.57851841
3.019123652,0.431027176,-0.673375371
2.849008575,0.349745257,-0.789978197
2.674124756,0.27703768,-0.703369667
2.495645637,0.191372987,-0.533526966
2.312907643,0.124109199,-0.452917296
2.127841513,0.037675926,-0.279700236
1.936428309,-0.049608407,-0.147350405
1.743298059,-0.128828285,-0.060741876
1.544135652,-0.229065987,0.089604533
1.344710814,-0.296828413,0.112100255
1.141990596,-0.419396148,0.056985736
0.936064975,-0.478291797,-0.051743587
0.734608174,-0.61268815,-0.149225049
0.522819101,-0.707515806,-0.276700807
0.325774884,-0.792970547,-0.36518398
0.107507522,-1.069509031,-0.33069054
-0.046291864,-0.590830513,-0.251205655
-0.041268191,-0.085143003,-0.075739024
-0.032510504,-0.176607656,0.032240442
-0.039393686,-0.091362869,0.072357813
-0.033174078,-0.084445658,0.065984025
-0.037706631,-0.077753396,0.037489444
-0.034197558,-0.048127487,0.043113374
-0.036263263,-0.063843991,-0.013875788
-0.035483468,-0.035241603,0.006370362
-0.035236034,-0.048843577,0.01836808
-0.036184533,-0.035380322,-0.041245583
-0.034917368,-0.040362964,-0.010876359
-0.036034573,-0.034499268,-0.054743016
-0.035584692,-0.027045926,-0.116231323
-0.035997083,-0.030802591,-0.075364095
-0.035914605,-0.02262191,-0.086986885
-0.036147043,-0.027203391,-0.169846127
-0.03634949,-0.024567728,-0.267327589
-0.036488203,-0.022933091,-0.347562331
-0.037286742,-0.026922204,-0.369683124
-0.037890333,-0.026566033,-0.271451805
-0.038688872,-0.024635213,-0.13722733
-0.03941618,-0.024429008,-0.038246154
-0.03998228,-0.021268461,0.019492866
-0.040012273,-0.021343445,0.015368651
-0.0408558,-0.024005353,-3.43e-06
-0.040792067,-0.016638241,-0.079113382
-0.041403155,-0.024147821,-0.127479184
-0.042235435,-0.016578255,-0.12860397
-0.041403155,-0.024488995,-0.165346983
-0.043011481,-0.022565673,-0.180344131
-0.041354418,-0.012090503,-0.191591992
-0.043690051,-0.032433478,-0.156723623
-0.042434133,-0.001165433,-0.11435668
-0.043217676,-0.039448167,-0.093735601
-0.044409861,0.001177795,-0.038621082
-0.041002011,-0.032159789,-0.03637151
-0.047697743,-0.018137908,-0.10273389
-0.038074034,0.006677822,-0.122605111
-0.051844148,-0.082912249,-0.202464924
-0.032266818,0.132841007,-0.222336145
-0.090320238,-0.815023141,-0.196840994
-0.419494563,-1.907916278,-0.19796578
-0.774312116,-1.67261487,-0.018374932
-1.076343609,-1.68596565,-0.142101404
-1.391950267,-1.735135963,-0.038246154
-1.675109243,-1.710785129,0.278193669
-1.953282036,-1.713184596,-0.017625075
-2.217650974,-1.589004719,0.111350398
-2.47930188,-1.617787067,0.250074017
-2.731254097,-1.596491804,-0.010126501
-2.965552226,-1.619264238,0.172463776
-3.192311096,-1.648087826,0.149968054
-3.40633083,-1.672611121,0.107601111
-3.611127999,-1.697749279,0.287191958
-3.79899089,-1.692406718,0.165715059
-3.972416344,-1.71419687,0.255697947
-4.132697768,-1.719745636,0.278193669
-4.281057341,-1.736166983,0.098977751
-4.418698494,-1.743526596,0.181087136
-4.542547039,-1.738783901,0.066733882
-4.652456766,-1.731188091,-0.015750432
-4.74711177,-1.718845836,0.102727038
-4.82932381,-1.714009412,0.146218767
-4.8997977,-1.703241807,0.255323019
-4.957899857,-1.690134723,0.242575443
-5.003742752,-1.667887172,0.202083143
-5.036389131,-1.642880235,0.317561183
-5.057184889,-1.618072003,0.196834141
-5.065631409,-1.585285547,0.004870647
-5.062358523,-1.555967069,0.019867795
-5.04828099,-1.521733434,-0.170970913
-5.023260098,-1.483368218,-0.364434123
-4.988915417,-1.448332262,-0.349436975
-4.946026743,-1.413723711,-0.427047216
-4.895456347,-1.376333278,-0.392928704
-4.83686307,-1.332318069,-0.340438686
-4.769913249,-1.287234348,-0.289073454
-4.694794336,-1.237580394,-0.135352687
-4.610460356,-1.182467653,-0.234333864
-4.517394931,-1.127343666,-0.202464924
-4.416396602,-1.069797717,-0.117731038
-4.307086717,-1.008727552,-0.304820459
-4.190170092,-0.947162497,-0.321692251
-4.066602722,-0.887801952,-0.348312189
-3.936452091,-0.825809492,-0.466789658
-3.799493257,-0.75645367,-0.522654034
-3.656333562,-0.692204212,-0.523403891
-3.509214911,-0.63543809,-0.48928538
-3.358242278,-0.563982735,-0.469414159
-3.200600157,-0.487668461,-0.408300781
-3.034162858,-0.404725662,-0.416174283
-2.860238786,-0.323331268,-0.41130021
-2.683064323,-0.253071897,-0.395928133
-2.500907425,-0.169248043,-0.449168009
-2.316036244,-0.099048659,-0.404551494
-2.127378562,-0.007906434,-0.328815896
-1.933026135,0.069326386,-0.32206718
-1.737549005,0.155872134,-0.242207366
-1.535826023,0.241675547,-0.133103115
-1.335516419,0.315466632,-0.158973195
-1.128477342,0.434570137,-0.140976617
-0.923567702,0.492292297,-0.066740735
-0.716015011,0.655549731,-0.129728756
-0.504998234,0.698792611,-0.203964639
-0.304493681,0.880128523,-0.158223338
-0.083886937,1.015552148,-0.110232464
0.019926899,0.353224483,-0.111732179
-0.003954294,0.067084384,0.007870077
-0.0001453,0.159253881,0.184461494
0.000222103,0.049054645,0.268070594
-0.002091036,0.07955786,0.310062609
0.001061881,0.043532124,0.319810755
-0.00196357,0.042171176,0.276693954
0.001121865,0.03918684,0.158591414
-0.001228764,0.018978836,0.067108811
0.000368314,0.032074672,-0.018749861
0.000244597,0.013287602,-0.159348124
-2.16e-05,0.022338088,-0.199090566
0.000818195,0.012256581,-0.236583436
0.000180864,0.008743612,-0.267702518
0.001001897,0.012324066,-0.199465495
0.000810697,0.009433459,-0.182593703
0.001440531,0.011161824,-0.167221626
0.00140679,0.006794046,-0.161222767
0.001605487,0.00362975,-0.172095699
0.002763932,0.003569763,-0.149225049
0.003442502,0.005433099,-0.161972625
0.004346014,0.010258275,-0.149974906
0.005283266,0.008499917,-0.114731608
0.005332003,0.002182572,-0.098609674
0.005879359,0.008608642,-0.089236457
0.006231766,0.001691431,-0.109482607
0.006467953,0.006610337,-0.126354398
0.007603903,0.004615781,-0.175095129
0.006749129,0.000581678,-0.257579443
0.008571148,0.010490724,-0.302945816
0.007461441,-0.007812705,-0.312319033
0.008544905,0.017805347,-0.278200522
0.008949798,-0.011884299,-0.217462072
0.00750268,0.015912018,-0.10573332
0.011112977,-0.002552625,-0.049494015
0.006085554,-0.009192398,-0.010876359
0.013279905,0.031628522,0.045737875
0.005553195,-0.054152396,0.014618793
0.013246164,0.087753537,-0.009376644
0.007060297,-0.142422761,-0.052118516
0.017396318,0.455333019,-0.071989737
0.289915604,1.837241864,-0.152224478
0.662166053,1.80493905,-0.093735601
0.965895848,1.658099214,-0.099359532
1.283688178,1.766873767,-0.184468347
1.575668575,1.705717371,0.157841557
1.855018557,1.74951138,0.056610808
2.1237251,1.618309315,0.004870647
2.385338516,1.613851557,0.290566316
2.644852486,1.610563538,0.026241583
2.884376735,1.604883552,0.145093981
3.115079563,1.642468941,0.306313322
3.333384416,1.653825165,0.092229034
3.543625147,1.691909193,0.301814177
3.739702119,1.687245231,0.269570309
3.918436171,1.693285137,0.110225612
4.084438585,1.708547992,0.245949801
4.237814333,1.722689846,0.117349257
4.380239223,1.735020853,0.083230745
4.510880974,1.735999385,0.099352679
4.628060031,1.735163321,-0.037121367
4.729639457,1.724976837,0.115474613
4.817280064,1.714186737,0.152217626
4.893235006,1.709496531,-0.025123649
4.95729434,1.698623949,0.174713348
5.008528311,1.680942883,0.292066031
5.047034393,1.66013876,0.169464346
5.072936303,1.632443671,0.338182261
5.086586448,1.604343672,0.227203366
5.088787117,1.577979537,0.013119078
5.079418341,1.545939164,0.037864373
5.058738802,1.505646877,-0.231709363
5.027854457,1.470472202,-0.372682554
4.987500114,1.440861289,-0.448418151
4.938519298,1.400554005,-0.529777679
4.882074203,1.361521438,-0.410175424
4.817628722,1.325454461,-0.487785665
4.745100374,1.277765069,-0.334814755
4.664331703,1.22871848,-0.169846127
4.574865328,1.178393424,-0.240707652
4.477316088,1.119542766,-0.041620512
4.371245348,1.059829799,-0.088861528
4.257009264,0.998725891,-0.295072313
4.135511348,0.93835682,-0.247831297
4.007692601,0.878373914,-0.353936119
3.873699235,0.811218852,-0.482911592
3.732766451,0.745690929,-0.376431841
3.587166149,0.686844019,-0.33069054
3.438671612,0.623880525,-0.343438115
3.284797246,0.550381875,-0.295072313
3.123601063,0.472339236,-0.364809051
2.95373342,0.383094088,-0.437545219
2.7771513,0.30405792,-0.499783383
2.597513737,0.229487008,-0.594640344
2.412908735,0.153705116,-0.590516129
2.22650046,0.081548667,-0.595015273
2.034689861,-0.013121524,-0.532027252
1.839801326,-0.082222402,-0.384680272
1.642584655,-0.181860238,-0.283824452
1.44034431,-0.25678732,-0.154474051
1.239352386,-0.352173602,-0.055117945
1.030251353,-0.452917441,-0.065615949
0.827306195,-0.53514415,-0.126729327
0.615813294,-0.696433271,-0.173970343
0.410386291,-0.718024718,-0.245956653
0.202953568,-0.996906431,-0.274826163
-0.002724619,-0.89639504,-0.196091136
-0.055180767,-0.201239677,-0.124479755
-0.030234854,-0.13038044,0.001871217
-0.040068508,-0.14804651,0.148468339
-0.035011093,-0.066299694,0.205457501
-0.036596924,-0.09859501,0.22607858
-0.036626917,-0.048588634,0.250823874
-0.03551721,-0.068136786,0.249699088
-0.037118037,-0.044078387,0.158216485
-0.034879878,-0.043384792,0.11060054
-0.036810618,-0.04442706,0.08772989
-0.035588441,-0.031961083,0.011619364
-0.036225772,-0.03691748,0.01836808
-0.03646196,-0.027334612,0.017243294
-0.036278259,-0.032714665,0.004495718
-0.036698148,-0.025531263,-0.005252428
-0.036473207,-0.025542511,-0.071239879
-0.036844359,-0.025516267,-0.154848979
-0.036821865,-0.023499215,-0.307070032
-0.037245503,-0.02685097,-0.387679702
-0.038216497,-0.026434812,-0.397802777
-0.039015036,-0.025047621,-0.402301921
-0.039941041,-0.026453558,-0.320942393
-0.040878294,-0.024399015,-0.248956083
-0.040615863,-0.022010796,-0.2152125
-0.041440645,-0.024091583,-0.170595985
-0.041583108,-0.018257881,-0.121105396
-0.042014244,-0.024747688,-0.12298004
-0.042497866,-0.014722418,-0.119605682
-0.042111718,-0.023592944,-0.121855254
-0.04365631,-0.020173705,-0.169471199
-0.041909272,-0.015086087,-0.163847268
-0.044559822,-0.031488688,-0.177344701
-0.042734054,-0.002417655,-0.179969202
-0.043918741,-0.041139041,-0.153349264
-0.044323634,0.005129416,-0.127104255
-0.042194196,-0.040689141,-0.125604541
-0.048023907,-0.011048235,-0.220461502
-0.038670127,-0.007733972,-0.217462072
-0.053148804,-0.068155531,-0.249331012
-0.030261098,0.119808906,-0.26995209
-0.107479457,-0.934587794,-0.21821193
-0.45150361,-1.925012475,-0.176969773
-0.801001318,-1.656669667,0.011619364
-1.104727364,-1.715696537,-0.056242731
-1.419914132,-1.748501739,0.13947005
-1.702596984,-1.740800952,0.404169712
-1.980822263,-1.727157737,0.10497661
-2.243695347,-1.613318061,0.28944153
-2.505781138,-1.657325771,0.331433545
-2.757013545,-1.633046172,0.037489444
-2.990565621,-1.661011202,0.232452368
-3.215543711,-1.689497365,0.174338419
-3.428434993,-1.715430346,0.109475754
-3.633400867,-1.742060672,0.248574302
-3.821327492,-1.739769932,0.156341842
-3.994265574,-1.757495989,0.215955505
-4.153748459,-1.760506569,0.191210211
-4.301313242,-1.777636508,0.1192239
-4.438838176,-1.789326408,0.195709355
-4.563380288,-1.787148142,0.095603392
-4.674051063,-1.77996849,0.090729319
-4.769744543,-1.769534561,0.211081432
-4.852398967,-1.764859351,0.252698518
-4.922940339,-1.754639124,0.216705362
-4.981057492,-1.741895709,0.194959498
-5.026649203,-1.72301116,0.22907801
-5.059224351,-1.70017124,0.250448945
-5.080263795,-1.68061934,0.17133899
-5.089538846,-1.652538086,0.020992581
-5.086742084,-1.624573057,-0.034871795
-5.073286887,-1.595659489,-0.197590851
-5.048907075,-1.558422772,-0.347562331
-5.013913816,-1.52521266,-0.400802207
-4.970279088,-1.490262934,-0.500158312
-4.918471519,-1.451744003,-0.384305344
-4.858547343,-1.413828687,-0.305945245
-4.79115514,-1.370188395,-0.275576021
-4.715200197,-1.321381752,-0.115481466
-4.630720006,-1.270434335,-0.128229042
-4.538288164,-1.215006665,-0.084362384
-4.437166117,-1.155233711,-0.037871225
-4.328081173,-1.095190818,-0.212962928
-4.211175795,-1.034011927,-0.323566894
-4.086877368,-0.970006165,-0.369308196
-3.956505545,-0.903848382,-0.480287091
-3.819393003,-0.834455069,-0.550023829
-3.675835912,-0.767768653,-0.479912162
-3.528529811,-0.707639529,-0.388054631
-3.377564676,-0.638354941,-0.314943534
-3.220496153,-0.56139581,-0.265827875
-3.055873375,-0.476034799,-0.27857545
-2.882594133,-0.389601526,-0.31606832
-2.70507476,-0.315266812,-0.387679702
-2.523487712,-0.229122224,-0.43717029
-2.338110414,-0.155987243,-0.434170861
-2.149876371,-0.064856265,-0.429671716
-1.955733888,0.016373165,-0.39705292
-1.760939078,0.100890614,-0.298446671
-1.560183341,0.198923807,-0.242582295
-1.360623539,0.265310289,-0.259079158
-1.155923844,0.390562427,-0.214462643
-0.950339383,0.453012285,-0.220086573
-0.74642698,0.610207317,-0.325816467
-0.534274253,0.683803446,-0.357310477
-0.336135325,0.816872595,-0.351311618
-0.114760034,1.048038672,-0.328066039
0.016845213,0.466029389,-0.236208507
0.00011713,0.057996406,-0.096360102
-0.002222252,0.159872494,0.054361235
0.002190333,0.059567307,0.17133899
-0.002409702,0.077207133,0.23470194
0.001856671,0.052095219,0.269570309
-0.001682394,0.037087307,0.270320167
0.000986901,0.04449191,0.210331575
-0.000388986,0.01684556,0.169839275
0.000360816,0.032517074,0.111350398
0.000806948,0.015522105,0.01836808
7.21e-05,0.020553485,-0.01912479
0.00110312,0.015222171,-0.026998293
0.00057451,0.013066401,0.000746431
0.001245583,0.012837702,-0.009376644
0.001196845,0.008469923,-0.051743587
0.001579244,0.01086564,-0.056242731
0.001807934,0.006644079,-0.147350405
0.002160341,0.010456981,-0.221586288
0.003168825,0.010764413,-0.223460931
0.003873639,0.007551378,-0.236208507
0.004732162,0.01041574,-0.229834719
0.005830622,0.008522412,-0.200965209
0.005916849,0.004462065,-0.120355539
0.00655793,0.007746334,-0.090736172
0.006850352,0.001410244,-0.081737883
0.006865349,0.009290991,-0.058492303
0.007783856,0.003378556,-0.089986314
0.00712403,0.004342091,-0.106483177
0.008931053,0.010681931,-0.136477473
0.007487684,-0.004434706,-0.161597696
0.009114754,0.017490417,-0.163097411
0.008818583,-0.015922151,-0.134977758
0.008327462,0.01949622,-0.090736172
0.011262937,-0.006747942,-0.09411053
0.006587922,0.003382305,-0.044619942
0.013894742,0.02066596,-0.083612526
0.005054577,-0.039830582,-0.20658914
0.01564553,0.085908947,-0.254954942
0.003584965,-0.155773541,-0.301071172
0.031578822,0.600392001,-0.289073454
0.329505149,1.902706051,-0.251205655
0.695532242,1.783250124,-0.078363524
0.998433505,1.700423549,-0.110982321
1.316803184,1.790178583,-0.077988596
1.605473205,1.754175342,0.317561183
1.884759454,1.791681999,0.116974328
2.151419037,1.662890648,0.119598829
2.412582571,1.684294637,0.37904949
2.669918367,1.682180107,0.092229034
2.908527857,1.691466791,0.211081432
3.136512653,1.724133275,0.308937823
3.35135717,1.739009966,0.160091129
3.559805875,1.784517342,0.38767285
3.754180796,1.785660838,0.360303055
3.932247524,1.798707936,0.295815318
4.095726854,1.808650724,0.372675702
4.24657202,1.823527415,0.181836993
4.387489808,1.840646107,0.180337279
4.516208318,1.841812097,0.172463776
4.632498859,1.84175586,0.070858098
4.733617156,1.831940543,0.182211922
4.820432981,1.823433686,0.206207359
4.895206986,1.818567268,0.253073446
4.957969162,1.809385561,0.316061468
5.008479574,1.794812552,0.204332715
5.045699745,1.772103854,0.3269344
5.070117047,1.751074782,0.368551486
5.082837438,1.719690513,0.10197718
5.084258313,1.688250007,0.117724186
5.074368424,1.665496319,-0.044619942
5.053355223,1.628383324,-0.328440967
5.0218223,1.59410095,-0.340813615
4.980478218,1.553459991,-0.524153749
4.930687616,1.511015683,-0.546274542
4.872896627,1.478667878,-0.452542367
4.806970286,1.432688107,-0.453292225
4.733257252,1.380064813,-0.286448953
4.651461351,1.333717623,-0.278950379
4.561672562,1.279587164,-0.256454657
4.464040843,1.214059241,-0.125979469
4.358532455,1.160060003,-0.245956653
4.245023679,1.09358354,-0.340438686
4.123863174,1.022930507,-0.400427278
3.996494308,0.971169521,-0.548899043
3.862789616,0.903680784,-0.592015844
3.722171749,0.823662334,-0.546649471
3.576189048,0.760635105,-0.478037519
3.427312112,0.704978735,-0.316818178
3.274258779,0.628780685,-0.253080299
3.114835878,0.54766373,-0.337064328
2.947075178,0.458302358,-0.336689399
2.771580271,0.374639719,-0.410175424
2.592827474,0.297736826,-0.534651752
2.409174721,0.21455408,-0.521904177
2.223351292,0.134273188,-0.450292795
2.032676643,0.037083558,-0.419173713
1.838549156,-0.031923591,-0.386554916
1.642303479,-0.134654489,-0.265452946
1.441049124,-0.215100344,-0.229459791
1.241796741,-0.308435831,-0.264703088
1.034491484,-0.418151425,-0.221961217
0.833570791,-0.495965365,-0.280075165
0.625050854,-0.666567415,-0.431921289
0.419755067,-0.694704906,-0.451042652
0.216202569,-0.962136666,-0.402301921
0.00678287,-0.930392477,-0.382055772
-0.057104009,-0.23741538,-0.199840423
-0.031262083,-0.121633635,0.038989159
-0.040297197,-0.155784788,0.15409227
-0.036248267,-0.064068941,0.294315603
-0.036945582,-0.100473342,0.299564605
-0.037650396,-0.049544671,0.227953223
-0.035858369,-0.06505872,0.225703651
-0.037875337,-0.047272677,0.133096262
-0.035745899,-0.041206526,0.082105959
-0.037571667,-0.044408314,0.068983455
-0.036484454,-0.030367687,0.037864373
-0.036859355,-0.037573584,0.038239301
-0.036836861,-0.027143405,-0.003752713
-0.036844359,-0.03166115,0.032990299
-0.03733173,-0.027653291,0.074607385
-0.036885598,-0.026573531,0.079481458
-0.037609157,-0.026562284,0.123348116
-0.037436703,-0.024863912,-0.037871225
-0.038066536,-0.02806195,-0.201340138
-0.039090016,-0.026431063,-0.253455227
-0.039592383,-0.024777681,-0.334439827
-0.040653353,-0.028346887,-0.317942964
-0.041324426,-0.025347554,-0.231334434
-0.041444394,-0.02275688,-0.170595985
-0.042276675,-0.024987634,-0.205464354
-0.041834291,-0.019097694,-0.226085432
-0.042692815,-0.02586119,-0.245956653
-0.043007732,-0.015633465,-0.293947527
-0.04282403,-0.025823698,-0.244456939
-0.044203666,-0.01808167,-0.173970343
-0.042606587,-0.018479082,-0.132728186
-0.045264636,-0.028586833,-0.152974336
-0.042857771,-0.004952091,-0.119605682
-0.045343365,-0.042953638,-0.041245583
-0.044218662,0.007116474,0.013868936
-0.043273911,-0.049143511,0.146593696
-0.047870198,0.002812432,0.151842697
-0.0393412,-0.02662602,0.070108241
-0.053936096,-0.045488074,-0.067490592
-0.028345353,0.084173083,-0.253455227
-0.132804019,-1.089492086,-0.417673998
-0.491722989,-1.932818238,-0.472788517
-0.831758196,-1.652425611,-0.326566324
-1.137808628,-1.767884928,-0.368933267
-1.450865959,-1.782176748,-0.042370369
-1.731565585,-1.7990255,0.284942386
-2.008973579,-1.772342686,0.033365228
-2.269889679,-1.678988453,0.302564035
-2.530873262,-1.735413401,0.406794213
-2.78009245,-1.721496497,0.241075728
-3.012917218,-1.755283981,0.517773109
-3.234948587,-1.777910197,0.415042645
-3.445421757,-1.816714066,0.331433545
-3.648254445,-1.844859055,0.412418144
-3.835168837,-1.848604472,0.281942956
-4.006918483,-1.864553424,0.376424989
-4.163323431,-1.869907233,0.332558331
-4.308560078,-1.890936305,0.277068883
-4.442898354,-1.898929527,0.337432404
-4.565251044,-1.906840267,0.127847261
-4.675644392,-1.902345017,0.079481458
-4.770044464,-1.890047752,0.146593696
-4.851911596,-1.889054223,0.092978891
-4.9221418,-1.877435558,0.327309329
-4.978909309,-1.863886072,0.530145756
-5.023758716,-1.845710115,0.288316744
-5.05540036,-1.824782271,0.364052342
-5.074895212,-1.804356814,0.428915007
-5.083259254,-1.772035254,0.087354961
-5.079716439,-1.738244021,0.12522276
-5.06562766,-1.707054709,0.01274415
-5.041217856,-1.668322075,-0.302945816
-5.0062096,-1.62892209,-0.364809051
-4.961918796,-1.593687428,-0.570269979
-4.909736326,-1.552240398,-0.672625514
-4.849377265,-1.507929005,-0.729989605
-4.780912844,-1.461866751,-0.664377083
-4.704564256,-1.410638147,-0.392178846
-4.619971594,-1.356215253,-0.452167438
-4.527356051,-1.297915722,-0.310819319
-4.426848842,-1.239496217,-0.093735601
-4.31873864,-1.176450242,-0.270701948
-4.202706781,-1.108665321,-0.231709363
-4.079315615,-1.043830993,-0.180344131
-3.949674849,-0.976016078,-0.375307055
-3.813368343,-0.906847715,-0.416174283
-3.670283628,-0.837743087,-0.451042652
-3.522617622,-0.769373296,-0.62201014
-3.372132361,-0.701412164,-0.600639204
-3.216387238,-0.623429511,-0.49490931
-3.053563985,-0.537142456,-0.490410166
-2.882421678,-0.449254506,-0.43717029
-2.705817064,-0.366915322,-0.414674568
-2.525088539,-0.283342663,-0.480287091
-2.34055102,-0.210410137,-0.542150326
-2.15351666,-0.113614169,-0.527528107
-1.960487633,-0.025913678,-0.43717029
-1.766705055,0.057970162,-0.375307055
-1.567126508,0.1611922,-0.230584577
-1.367716666,0.229895667,-0.117356109
-1.164779006,0.358938212,-0.191591992
-0.959734402,0.424469884,-0.182593703
-0.757970182,0.572760647,-0.164597126
-0.546713468,0.668293146,-0.286823882
-0.350407806,0.77665904,-0.328066039
-0.131724304,1.045549226,-0.286823882
0.013343638,0.529885185,-0.370432982
0.003270048,0.061280676,-0.371932697
-0.002979552,0.162035763,-0.177344701
0.00322506,0.067762984,-0.057742446
-0.002462188,0.070004985,0.081356102
0.002107855,0.058255099,0.315686539
-0.001236262,0.033578088,0.439038082
0.00091567,0.04480684,0.411668286
5.34e-05,0.017734112,0.344930978
0.000428298,0.030649989,0.255697947
0.001073128,0.013077648,0.104226752
0.000282087,0.01954496,0.039739016
0.001286822,0.014633552,0.010869506
0.000690729,0.011435514,-0.097484888
0.001511762,0.013088896,-0.095985173
0.001298069,0.007652605,-0.093735601
0.001706711,0.009849616,-0.130103685
0.002111604,0.004210871,-0.069365236
0.002149094,0.007738836,-0.022499148
0.003063852,0.008634887,0.009369791
0.003817403,0.007465147,-0.010126501
0.004477229,0.008226227,-0.089236457
0.005388239,0.009594673,-0.14322619
0.006164284,0.004308349,-0.155973765
0.006160535,0.004432071,-0.101984033
0.006846603,0.006947762,-0.075364095
0.006797866,0.000724146,-0.107233034
0.007742617,0.008661131,-0.111732179
0.007667637,-0.001795293,-0.184093418
0.007675135,0.010524466,-0.313818748
0.009039774,0.000150524,-0.342688258
0.007300234,0.001129056,-0.322817037
0.010231959,0.012009136,-0.315693392
0.00765639,-0.011936787,-0.233209078
0.010284446,0.027665653,-0.155973765
0.00928346,-0.024833918,-0.142476332
0.008544905,0.034080476,-0.043495155
0.01280378,-0.020207447,0.071607955
0.004653433,0.011158075,0.169839275
0.019169599,0.022491804,0.200958357
-0.006597346,-0.098272582,0.181462065
0.10145662,1.135686674,0.077606815
0.459022198,1.99293348,-0.056992589
0.794652318,1.677688606,-0.03074758
1.098787005,1.774372099,-0.252330441
1.408815136,1.78299893,-0.185593133
1.68751279,1.807076074,0.034115085
1.962030299,1.788408977,-0.238083151
2.220599518,1.694908526,-0.011251287
2.480124736,1.742357971,0.130096833
2.725853596,1.718472034,-0.002627927
2.956050308,1.758790565,0.398545782
3.176679547,1.787644147,0.438663153
3.385600627,1.818031137,0.415417573
3.585655298,1.841283465,0.631751433
3.768202093,1.844548988,0.430414721
3.936281459,1.865330616,0.410168572
4.090999352,1.871854164,0.392546923
4.234518953,1.890899928,0.235076869
4.366967728,1.900126625,0.352804481
4.486441178,1.895372683,0.24632473
4.592084531,1.887296979,0.17996235
4.682926792,1.881354551,0.236951512
4.761539783,1.877815338,0.145843838
4.828639564,1.864723251,0.283442671
4.883172663,1.847537074,0.256072876
4.92453924,1.825585707,0.066733882
4.953069206,1.800829964,0.358428411
4.970003484,1.775541839,0.328809044
4.975162122,1.744554982,0.030740727
4.968552617,1.712109699,0.238076298
4.951663327,1.677193717,0.077981743
4.924557985,1.637711249,-0.169846127
4.887375304,1.60017085,-0.11435668
4.841517413,1.557794027,-0.401177135
4.787546665,1.515833361,-0.536901325
4.725695498,1.472148079,-0.602138918
4.655304087,1.415783117,-0.700745167
4.576267458,1.367542598,-0.601014132
4.489279179,1.304702827,-0.691746878
4.394208034,1.24368515,-0.574394195
4.291886304,1.195602096,-0.425922429
4.18223526,1.123490637,-0.536151467
4.064943733,1.062390479,-0.445043793
3.941256395,1.003284877,-0.413924711
3.811311959,0.931792031,-0.520404462
3.674218162,0.860014248,-0.478787376
3.530960992,0.791157065,-0.452542367
3.38418725,0.729217093,-0.527153178
3.233649503,0.655099831,-0.429296788
3.077454499,0.576337351,-0.403426707
2.912989179,0.485101397,-0.509156601
2.740725919,0.401862413,-0.425172572
2.564912346,0.322792502,-0.454417011
2.384176323,0.236880363,-0.550398758
2.201273372,0.161042234,-0.513655745
2.01314805,0.060564585,-0.490785095
1.821296212,-0.014643685,-0.499408455
1.627359925,-0.114397745,-0.45741644
1.428002569,-0.197093099,-0.326191395
1.230782149,-0.291155925,-0.254580014
1.025857514,-0.402093747,-0.231709363
0.826770086,-0.482022217,-0.144350976
0.621159382,-0.649853633,-0.152974336
0.418787822,-0.681054192,-0.280075165
0.217705922,-0.948163524,-0.286823882
0.01007825,-0.924791223,-0.274451235
-0.054430965,-0.238322678,-0.333315041
-0.028847721,-0.11734084,-0.238083151
-0.037609157,-0.156782067,-0.106483177
-0.033725183,-0.064848767,-0.086611956
-0.034407503,-0.098111368,-0.011626216
-0.03502234,-0.049132263,0.144719052
-0.03335778,-0.063285365,0.20583243
-0.0355547,-0.04501193,0.212206218
-0.033249059,-0.040760375,0.309312751
-0.035183548,-0.044438307,0.271070024
-0.034092586,-0.030341443,0.129721904
-0.034666184,-0.039601883,0.121473473
-0.0347974,-0.02757081,0.059985166
-0.034471236,-0.030071503,0.040113945
-0.035067328,-0.026963445,0.130096833
-0.034617447,-0.026416066,0.088104818
-0.035266026,-0.025774959,0.028491155
-0.035262277,-0.022985579,0.00674529
-0.035453476,-0.024938895,-0.062991448
-0.036177035,-0.025793705,-0.103858676
-0.037020563,-0.028125686,-0.102358961
-0.0376354,-0.02487141,-0.101984033
-0.038610143,-0.024653958,-0.134602829
-0.039015036,-0.021605886,-0.177344701
-0.039048777,-0.024552731,-0.198340709
-0.03971985,-0.021036013,-0.244831867
-0.0393412,-0.021890823,-0.256829586
-0.040574624,-0.026217361,-0.227210218
-0.040038516,-0.013623912,-0.230584577
-0.040998262,-0.028635573,-0.272576591
-0.041028254,-0.01102574,-0.279700236
-0.040593369,-0.027038428,-0.262078588
-0.04274905,-0.014744913,-0.271076876
-0.039761089,-0.017729249,-0.189717348
-0.044102442,-0.034169342,-0.155223908
-0.039914798,0.00709023,-0.116231323
-0.044278646,-0.058298974,-0.057742446
-0.04183804,0.032322117,-0.064116234
-0.040897039,-0.080718987,-0.01612536
-0.04820011,0.054974578,-0.018374932
-0.029023924,-0.140248244,0.039739016
-0.226724218,-1.52772835,0.022117367
-0.606345221,-1.875411008,0.06748374
-0.920088621,-1.642816499,0.085105389
-1.231188969,-1.812792438,-0.096735031
-1.530026305,-1.776579243,0.156341842
-1.805829724,-1.834312651,0.124847831
-2.075930898,-1.748606716,-0.080613097
-2.332186979,-1.718103501,0.229827867
-2.588907936,-1.755411452,0.140594836
-2.826565178,-1.742874241,0.169089418
-3.052821681,-1.796584793,0.492277957
-3.268269788,-1.815878002,0.376799917
-3.473902986,-1.860166899,0.513648893
-3.668064214,-1.87045836,0.555265979
-3.844522617,-1.877510541,0.352804481
-4.007582058,-1.896833743,0.442037511
-4.156807652,-1.903567245,0.290941245
-4.295134874,-1.924446351,0.232452368
-4.422721182,-1.929657691,0.281942956
-4.536829799,-1.925143695,0.157841557
-4.636954609,-1.918893836,0.223454079
-4.723024381,-1.907901281,0.317186254
-4.796981101,-1.902183803,0.415792502
-4.85939462,-1.887509567,0.449911014
-4.908330447,-1.865606939,0.323560042
-4.944943279,-1.84447664,0.38167399
-4.969176879,-1.816339149,0.386173135
-4.981214951,-1.788535334,0.090729319
-4.982639574,-1.757975882,0.058110522
-4.972858407,-1.72265124,0.013494007
-4.952280091,-1.686801714,-0.268077447
-4.922048075,-1.647900368,-0.275950949
-4.882619737,-1.606876994,-0.379806199
-4.834662401,-1.566412245,-0.570644908
-4.779147061,-1.524234128,-0.545524685
-4.715462628,-1.476361027,-0.598014703
-4.643462891,-1.426594597,-0.536901325
-4.563196587,-1.371665566,-0.478787376
-4.473985145,-1.311566435,-0.541400469
-4.376840797,-1.253135683,-0.422548071
-4.271947247,-1.189306132,-0.450292795
-4.159491943,-1.126743799,-0.542525255
-4.039703575,-1.062516836,-0.517779961
-3.91339193,-0.993543429,-0.546274542
-3.781310559,-0.929196493,-0.548524114
-3.641712423,-0.853500832,-0.537651182
-3.496764449,-0.783462662,-0.502782813
-3.34888475,-0.718054712,-0.451417581
-3.196180074,-0.641500491,-0.419548642
-3.037057094,-0.557905337,-0.447293365
-2.868902748,-0.464494866,-0.502782813
-2.694869955,-0.387333281,-0.532777109
-2.516653267,-0.300322636,-0.602513847
-2.334215193,-0.222632418,-0.599514418
-2.149943854,-0.135438064,-0.485911021
-1.959370428,-0.042387514,-0.424797643
-1.767578575,0.037158541,-0.35956005
-1.570095724,0.144448425,-0.194591421
-1.372192984,0.212968183,-0.103483747
-1.171793403,0.338347792,-0.113231894
-0.96735239,0.413829751,-0.08248774
-0.767695114,0.548987185,-0.113981751
-0.557870522,0.660247436,-0.259829015
-0.363083209,0.74415752,-0.315693392
-0.147785063,1.034792868,-0.301071172
0.008709861,0.5893807,-0.321692251
0.006055562,0.063440195,-0.285699096
-0.003860569,0.153075256,-0.146600548
0.003854893,0.075894925,-0.006752143
-0.00230473,0.065543477,0.007870077
0.002291556,0.060838274,0.055486021
-0.000797628,0.029371524,0.112850112
0.0011781,0.047828668,0.068608526
0.000529522,0.01684556,0.127472332
0.000225852,0.031748495,0.160466057
0.001388045,0.0153159,0.106851253
0.00027084,0.016241944,0.120348687
0.001478021,0.017055513,0.089604533
0.001043136,0.009928349,0.085855246
0.001586742,0.013238862,0.147343553
0.001702962,0.008087508,0.089979462
0.001834177,0.006490364,0.043488303
0.002100357,0.003483532,0.028866084
0.002257815,0.006426628,-0.074614237
0.003011366,0.008589897,-0.158973195
0.003824901,0.00965466,-0.173595414
0.004758405,0.006891524,-0.142851261
0.00564692,0.006134193,-0.111732179
0.006258009,0.004379583,-0.029247865
0.006149288,0.003483532,0.026616511
0.007034054,0.004293352,0.016493437
0.006962823,-0.001176681,0.049862091
0.007491433,0.010112058,0.005620504
0.008023793,-0.000723032,-0.087736742
0.007480186,0.006482865,-0.152599407
0.009530895,0.005110671,-0.228709933
0.007862585,-0.003898575,-0.274451235
0.010261952,0.01572081,-0.340063757
0.008732355,-0.014636187,-0.342313329
0.00962462,0.025787321,-0.257954372
0.010693088,-0.019120189,-0.250080869
0.0076189,0.01985614,-0.18934242
0.01390224,-0.000756774,-0.136477473
0.004391002,-0.020766073,-0.124104826
0.018326072,0.061820555,-0.107982892
-0.002289734,-0.150805896,-0.128229042
0.062084517,0.86768879,-0.106483177
0.394659194,1.970393494,-0.056242731
0.745611518,1.719083148,0.163465487
1.046278371,1.7505424,0.130096833
1.359590635,1.806708656,0.200583428
1.640353994,1.802423359,0.497526959
1.915373869,1.825214539,0.193834712
2.175367713,1.714224229,0.262071735
2.433753231,1.756601052,0.365926985
2.683216105,1.744997384,-3.43e-06
2.914417552,1.773607269,0.203582858
3.136343948,1.810232872,0.232827297
3.346296006,1.840353672,0.108350968
3.548315159,1.874703531,0.361427841
3.733951138,1.873271349,0.332183402
3.904152443,1.893018206,0.389922422
4.060726097,1.90446441,0.499401602
4.205824031,1.919629787,0.359553197
4.339952361,1.929898752,0.402295069
4.461247831,1.929302635,0.319810755
4.569324291,1.921980514,0.219329863
4.66207105,1.91044433,0.341181691
4.742393589,1.904295698,0.281568028
4.811900234,1.897284757,0.43078965
4.868975163,1.878947586,0.570638055
4.91340468,1.855758995,0.19158514
4.945083815,1.832694126,0.3269344
4.963900096,1.796649644,0.453285372
4.97081327,1.762404761,-0.003752713
4.966711853,1.733854862,0.071233027
4.951520865,1.695692102,-0.041995441
4.925888883,1.656906979,-0.424047786
4.890850636,1.621990996,-0.382805629
4.846968474,1.580502725,-0.543650041
4.795355853,1.535404008,-0.638132074
4.735941543,1.492517298,-0.617510995
4.668185685,1.442522169,-0.616386209
4.592193252,1.389490216,-0.437545219
4.507409391,1.333357703,-0.560896761
4.414351465,1.271608939,-0.577768553
4.313465606,1.212379614,-0.431921289
4.204856786,1.149292398,-0.590516129
4.088929899,1.083048384,-0.562021548
3.966243547,1.018858913,-0.566895621
3.83819611,0.954178301,-0.792602698
3.703490432,0.882674207,-0.785853981
3.561706623,0.811927445,-0.742362252
3.416233788,0.747231836,-0.790353126
3.266903221,0.675034146,-0.59314063
3.112054112,0.600541967,-0.378306485
2.950160613,0.509148548,-0.381680843
2.779554415,0.420300812,-0.320192536
2.604831804,0.345812382,-0.319442679
2.425445425,0.258486807,-0.443544078
2.243014849,0.1852431,-0.490410166
2.057082698,0.089440661,-0.438670005
1.865639503,0.008357448,-0.417299069
1.67304911,-0.088056105,-0.415799355
1.473890452,-0.182141425,-0.248956083
1.276909968,-0.256584865,-0.164222197
1.073717375,-0.38221192,-0.202839853
0.872455522,-0.448767115,-0.10835782
0.669993986,-0.615440038,-0.061866662
0.462966156,-0.671295113,-0.196466065
0.267301575,-0.86052302,-0.292072884
0.051152404,-1.015288592,-0.259829015
-0.054689647,-0.382313147,-0.326191395
-0.031940654,-0.089443296,-0.316443249
-0.034707423,-0.174965522,-0.080988025
-0.035415986,-0.069126565,0.019867795
-0.032488009,-0.09715908,0.055111093
-0.035689664,-0.059768647,0.167214774
-0.032529249,-0.058475185,0.173588562
-0.035239783,-0.057087993,0.085105389
-0.033099098,-0.035549035,0.043488303
-0.034287534,-0.048101243,-0.015000574
-0.034122578,-0.030093998,-0.139101974
-0.033950123,-0.03853712,-0.117356109
-0.034763659,-0.029850302,-0.106483177
-0.034118829,-0.028193171,-0.113606822
-0.034808647,-0.029741577,0.033365228
-0.034471236,-0.025553758,0.075732171
-0.034804898,-0.027608301,0.116224471
-0.034917368,-0.025508768,0.150342983
-0.035033587,-0.025954919,0.109850683
-0.035892111,-0.026228608,0.046862661
-0.036814367,-0.026116133,-0.082112811
-0.037496687,-0.024758935,-0.12860397
-0.038272732,-0.025208835,-0.193091707
-0.038763852,-0.021268461,-0.209213641
-0.038741358,-0.022876854,-0.143976047
-0.039423678,-0.021092251,-0.161222767
-0.039217482,-0.019037708,-0.142851261
-0.040180978,-0.025572504,-0.07686381
-0.039862312,-0.013980083,-0.061116804
-0.040510891,-0.027848248,-0.119605682
-0.041148223,-0.013129022,-0.100109389
-0.040019771,-0.024046593,-0.048369229
-0.042884014,-0.022007047,-0.145475762
-0.039667364,-0.012630383,-0.104608533
-0.043251417,-0.042469995,-0.022874077
-0.040488397,0.009542185,-0.052118516
-0.04225793,-0.057751596,-0.009751572
-0.043303903,0.022390577,-0.043120227
-0.038287728,-0.058149007,-0.085862099
-0.050565736,0.003614753,-0.154474051
-0.024768798,-0.011321924,-0.19796578
-0.177593442,-1.336607115,-0.270327019
-0.552591916,-1.92040475,-0.253455227
-0.877672322,-1.64366756,-0.133103115
-1.185387314,-1.8050954,-0.247456368
-1.489926894,-1.789285167,0.101602252
-1.765850281,-1.834436373,0.315311611
-2.037957176,-1.777981432,0.179587421
-2.294726871,-1.721249052,0.551516692
-2.552744986,-1.771922779,0.527521255
-2.793675114,-1.754470412,0.428540078
-3.021258766,-1.805087902,0.651997583
-3.238630114,-1.828400216,0.469032378
-3.445185569,-1.871688087,0.415792502
-3.642473472,-1.889920281,0.418417003
-3.8218636,-1.894932916,0.185211352
-3.987674814,-1.91532463,0.173963491
-4.1393935,-1.92017605,0.065984025
-4.279643964,-1.941055156,-0.007876929
-4.409378455,-1.947188791,0.125972617
-4.52554153,-1.944039492,0.108725897
-4.62824191,-1.936402441,0.215205648
-4.716107457,-1.923951461,0.39629621
-4.792013663,-1.920442241,0.361052912
-4.857351409,-1.907121454,0.474656308
-4.90953013,-1.887712022,0.677492735
-4.949873227,-1.866619214,0.542518403
-4.977304733,-1.837701897,0.443162297
-4.992015848,-1.807727315,0.419541789
-4.995581157,-1.774479711,0.227578295
-4.987149633,-1.740294815,0.057360665
-4.968502058,-1.701764636,-0.09710996
-4.939893362,-1.659410308,-0.300321315
-4.901548488,-1.620640182,-0.517030104
-4.855300701,-1.581603866,-0.61601128
-4.801461168,-1.537989818,-0.722491031
-4.740044886,-1.491278958,-0.911080167
-4.670343292,-1.441055131,-0.832720069
-4.59211645,-1.385736186,-0.638881931
-4.505563056,-1.329539937,-0.604013562
-4.41030821,-1.268934669,-0.505032385
-4.307146702,-1.205839954,-0.364434123
-4.196370954,-1.141133098,-0.352811333
-4.07766605,-1.072744561,-0.363309337
-3.952666559,-1.008585083,-0.357685406
-3.821694895,-0.940035332,-0.544399899
-3.683693837,-0.866015548,-0.705994168
-3.540024275,-0.799737791,-0.690247163
-3.392950613,-0.734865972,-0.849216932
-3.241719299,-0.660636234,-0.907705809
-3.0843696,-0.57969549,-0.758109258
-2.918592127,-0.488946927,-0.724740603
-2.745500335,-0.405839164,-0.638132074
-2.568295879,-0.321921581,-0.493409595
-2.386663843,-0.242128081,-0.436045504
-2.203284768,-0.160969885,-0.37680677
-2.013926022,-0.063034171,-0.282699666
-1.822284129,0.011105587,-0.170221056
-1.626698277,0.116603369,-0.110232464
-1.427580858,0.187935001,-0.077988596
-1.22913826,0.295389848,0.012369221
-1.023433831,0.393902934,-0.01050143
-0.82470256,0.496427627,-0.090361243
-0.615507802,0.651290678,-0.045744728
-0.41621043,0.686135427,-0.109107678
-0.208312829,0.989795378,-0.238083151
-0.016367266,0.790924617,-0.224210789
0.015817984,0.128045824,-0.259829015
-0.00552513,0.124772802,-0.296572028
0.005073322,0.113157885,-0.130478614
-0.001003823,0.046790149,-0.013875788
0.002081612,0.076738487,0.005620504
0.000975654,0.027253245,0.161965772
0.000889427,0.041878741,0.250074017
0.001984137,0.021513272,0.232827297
0.000503279,0.026387188,0.263196521
0.002381533,0.017996554,0.187460924
0.001133112,0.012294073,0.054361235
0.002104106,0.015705814,-0.051368658
0.001912906,0.00830496,-0.175844986
0.002062867,0.011094339,-0.242582295
0.002332795,0.00493446,-0.261703659
0.002295305,0.010164546,-0.222336145
0.00295888,0.00538436,-0.18634299
0.00284641,0.003745974,-0.181093988
0.003671192,0.006940264,-0.097484888
0.004833385,0.005058182,-0.05361823
0.005403235,0.006711564,-0.034496867
0.006389224,0.009785881,-0.009376644
0.006872847,0.004810737,-0.009751572
0.007191512,0.003708482,-0.028872936
0.007885079,0.0020551,-0.037871225
0.00761515,0.004964453,0.007870077
0.009039774,0.007873806,-0.032997152
0.008308717,-0.002410156,-0.038996011
0.009373436,0.012402798,-0.005627357
0.009437169,-0.006223058,-0.099359532
0.008916057,0.009545934,-0.13722733
0.011060491,-0.005409489,-0.131978329
0.00814751,0.002081344,-0.16609684
0.012496362,0.014922238,-0.142851261
0.008038789,-0.026183618,-0.078738453
0.012593836,0.042527347,-0.068615378
0.009935788,-0.051835412,-0.079113382
0.009939537,0.069588827,-0.046494585
0.016012933,-0.080955184,-0.064491163
-0.001082553,0.158800232,-0.047619371
0.205086754,1.605993305,-0.045369799
0.585067663,1.921354403,0.037114515
0.898968521,1.67533413,0.094853535
1.2139266,1.838434099,-0.037871225
1.513877392,1.794021478,0.209581717
1.791911472,1.862023851,0.189710496
2.063568485,1.773809724,0.016493437
2.321976498,1.742376717,0.353554338
2.581805385,1.78120308,0.228328152
2.824272607,1.776910285,0.242950371
3.05571399,1.825424493,0.559015266
3.272774171,1.840286187,0.394796495
3.480379349,1.891143623,0.52602154
3.67933556,1.904048253,0.62987679
3.862755875,1.917811441,0.438288224
4.031813732,1.934423996,0.452910443
4.185613118,1.943718178,0.278568598
4.328874037,1.96245651,0.149218196
4.461056631,1.961290519,0.11060054
4.581347366,1.96906629,-0.010126501
4.68808543,1.964788491,0.1192239
4.779580019,1.949911801,0.233952083
4.858676632,1.943770667,0.266945808
4.926181306,1.934502728,0.430414721
4.981486702,1.910001928,0.518522966
5.025256393,1.887165758,0.519272823
5.056894289,1.871426759,0.485154312
5.075984248,1.837039409,0.248574302
5.083482268,1.803045721,0.17696292
5.07930962,1.770795395,0.166089988
5.063762475,1.730904269,-0.080238168
5.03757564,1.6885087,-0.165721912
5.001401443,1.64589193,-0.322442108
4.956282107,1.605787101,-0.479162305
4.903109899,1.560260978,-0.524153749
4.842698351,1.517884155,-0.743487038
4.774818776,1.471169546,-0.753235185
4.698897575,1.415910589,-0.739737751
4.614661069,1.359035741,-0.792977627
4.521903064,1.298992847,-0.680873945
4.420897236,1.240483363,-0.718366815
4.311995994,1.175480322,-0.685748019
4.195439273,1.108647689,-0.54402497
4.072171824,1.04292106,-0.531277394
3.943183386,0.973613977,-0.553773116
3.808069066,0.905697835,-0.602513847
3.66657393,0.8355022,-0.671125799
3.520178839,0.771421455,-0.771231762
3.37070581,0.704528835,-0.812473919
3.216460292,0.625188984,-0.806100131
3.054776737,0.540795258,-0.725115532
2.884612923,0.448558276,-0.611137207
2.708634393,0.371734115,-0.628008999
2.528764391,0.288581363,-0.584142341
2.345014164,0.207824327,-0.509156601
2.159348193,0.125226451,-0.476912733
1.967331399,0.03271578,-0.355060905
1.774028694,-0.044970689,-0.211838142
1.575919759,-0.151278291,-0.109107678
1.375463943,-0.221605147,-0.092610815
1.17408962,-0.339452682,-0.067865521
0.967534165,-0.421979324,-0.06224159
0.767636952,-0.540317999,-0.124104826
0.556117808,-0.676630177,-0.071239879
0.357948888,-0.733823704,-0.068990307
0.145181323,-1.042889952,-0.156723623
-0.032990377,-0.723348534,-0.167596555
-0.047836456,-0.118161908,-0.116231323
-0.030950915,-0.163211886,-0.096735031
-0.040529636,-0.115282548,-0.058117375
-0.033890139,-0.07845449,0.097852965
-0.037684137,-0.092228926,0.138345264
-0.035277273,-0.048183724,0.160091129
-0.036124549,-0.068099294,0.197583999
-0.036495701,-0.039148234,0.080606244
-0.035318512,-0.048176226,0.059235308
-0.036668156,-0.039950556,0.040863802
-0.035472221,-0.03786227,-0.035996581
-0.036491952,-0.037562337,-0.062991448
-0.036042071,-0.030273958,-0.166846698
-0.036323247,-0.036077667,-0.208838712
-0.036529442,-0.028358134,-0.239207937
-0.036585677,-0.028478108,-0.291323026
-0.036911841,-0.02720714,-0.280075165
-0.0370693,-0.028084445,-0.283074595
-0.038238991,-0.028395626,-0.226085432
-0.038921311,-0.025602497,-0.153724193
-0.039461168,-0.029291677,-0.133478043
-0.040732082,-0.027979469,-0.132353257
-0.040720835,-0.023360496,-0.0911111
-0.041294434,-0.029032984,-0.064491163
-0.041736817,-0.019397628,-0.014250717
-0.041703076,-0.024575226,0.032240442
-0.04278654,-0.021332197,-0.020624505
-0.041826793,-0.020983525,0.000371503
-0.043603824,-0.030022764,-0.023998863
-0.042400392,-0.011066981,-0.079113382
-0.043663808,-0.035646513,-0.061116804
-0.043611322,-0.006785433,-0.050243872
-0.042816532,-0.034832944,-0.014625646
-0.04570327,-0.011288182,-0.031872366
-0.040897039,-0.018291624,-0.019499719
-0.048218855,-0.038904538,-0.007876929
-0.039513654,0.024816287,-0.067115663
-0.049444782,-0.101796798,-0.09411053
-0.038778848,0.131641274,-0.086237027
-0.0628175,-0.574739092,-0.128229042
-0.358059536,-1.842343364,-0.149599977
-0.729350239,-1.752164675,0.04723759
-1.033706118,-1.716026463,-0.017625075
-1.352536925,-1.836704619,0.044988018
-1.641533109,-1.807056214,0.444662012
-1.920118293,-1.851112664,0.241825585
-2.186684152,-1.733096416,0.262446664
-2.446018169,-1.766655201,0.499026674
-2.701490707,-1.780178443,0.257572591
-2.93864933,-1.799362925,0.37305063
-3.165100781,-1.834230169,0.44241244
-3.377201022,-1.856706419,0.310437537
-3.582770487,-1.907627592,0.485154312
-3.775773271,-1.918069019,0.429289935
-3.954203653,-1.938307017,0.383548634
-4.117874183,-1.942209899,0.355054053
-4.267129769,-1.957570232,0.139844979
-4.406754148,-1.971689591,0.15109284
-4.533778105,-1.973301733,0.048737305
-4.649251362,-1.979930258,-0.029997722
-4.750913266,-1.965169792,0.148843268
-4.837410425,-1.954480919,0.206582288
-4.912604319,-1.948665963,0.296940104
-4.976037568,-1.932117144,0.541768545
-5.027376511,-1.914012422,0.521147467
-5.066718622,-1.890441415,0.480280239
-5.093733988,-1.864358467,0.624252859
-5.109071188,-1.834117694,0.328434115
-5.112494034,-1.799321684,0.020242724
-5.104617364,-1.763708357,0.000371503
-5.085827326,-1.722460032,-0.227210218
-5.05627388,-1.682861341,-0.398552634
-5.017711563,-1.642430335,-0.44316915
-4.970485284,-1.596611777,-0.517030104
-4.914913709,-1.554913553,-0.604013562
-4.852582668,-1.510403454,-0.652004436
-4.782487428,-1.458132582,-0.563521262
-4.703986908,-1.405449301,-0.652004436
-4.61778967,-1.349016855,-0.714617528
-4.523190901,-1.28668697,-0.55264833
-4.420295572,-1.224075898,-0.584892198
-4.309722271,-1.158832911,-0.630258571
-4.190829917,-1.09095426,-0.500533241
-4.06520809,-1.024702748,-0.538026111
-3.934120207,-0.958466232,-0.655003865
-3.79603667,-0.88816937,-0.575144052
-3.651729777,-0.817471347,-0.656128651
-3.503820086,-0.753653043,-0.807224917
-3.352483799,-0.682981264,-0.773481334
-3.195456515,-0.60693693,-0.867963367
-3.030713769,-0.516274598,-0.905831165
-2.857333303,-0.427505594,-0.780230051
-2.679690214,-0.355765303,-0.683123518
-2.497533316,-0.264934258,-0.57851841
-2.312028552,-0.189171112,-0.459666012
-2.123378369,-0.095408219,-0.291697955
-1.929228388,-0.012757855,-0.172470628
-1.734493561,0.07672349,-0.086986885
-1.533820303,0.170396403,0.010869506
-1.334744123,0.24094071,-0.009751572
-1.129617041,0.367426324,-0.05361823
-0.925532184,0.43684963,-0.083612526
-0.720753759,0.607474175,-0.152224478
-0.510595506,0.667273373,-0.194591421
-0.312700264,0.837740452,-0.100484318
-0.093064513,1.020504797,-0.072364665
0.020826662,0.389482667,-0.107607963
-0.00044897,0.060662063,0.04423816
0.001061881,0.160809785,0.092978891
0.002917641,0.051112937,0.095603392
-0.000302759,0.076922196,0.190835282
0.00326255,0.04471686,0.220829578
-5.91e-05,0.034991524,0.23170251
0.002861406,0.039434285,0.221204507
0.00114061,0.017944066,0.201708214
0.002010381,0.028509216,0.141344694
0.002104106,0.012627748,0.059985166
0.001916655,0.01905007,0.017243294
0.002711445,0.012777715,-0.083987455
0.002254066,0.011532992,-0.201715067
0.002752685,0.008496167,-0.240707652
0.002602724,0.003397302,-0.329940682
0.00326255,0.007716341,-0.403801636
0.003382518,0.006749056,-0.352436404
0.003967364,0.00493446,-0.310069461
0.005058326,0.006947762,-0.266577732
0.005451972,0.005346868,-0.156723623
0.006696643,0.006475367,-0.056992589
0.007371465,0.00619043,0.012369221
0.007562664,0.005459343,0.031865513
0.008252482,0.003131111,-0.009376644
0.007828844,0.00187514,-0.012751002
0.009309703,0.005598062,-0.037496296
0.008822332,-0.002923792,-0.061116804
0.009545891,0.011191818,-0.109107678
0.009992023,-0.007651491,-0.190092277
0.009384683,0.008338702,-0.161972625
0.011802795,0.000191765,-0.179594274
0.008818583,-0.000580563,-0.153724193
0.012946243,0.018911351,-0.029997722
0.008949798,-0.025688728,0.046112804
0.012582589,0.040604025,0.09635325
0.011244192,-0.053305085,0.089604533
0.009440918,0.061348161,0.0761071
0.017996159,-0.061703217,0.025491725
-0.003380696,0.089748093,0.033365228
0.183672409,1.522191947,-0.01050143
0.563057225,1.939676577,0.010119649
0.881501883,1.67371449,0.116599399
1.195758898,1.835824679,-0.018374932
1.499649899,1.796207242,0.224953794
1.779213575,1.86063666,0.281193099
2.053723585,1.781326802,0.078356672
2.31390113,1.733644909,0.400420425
2.574910955,1.776584107,0.286817029
2.819740053,1.770795395,0.200958357
3.05332962,1.818432298,0.454785087
3.27262421,1.82854005,0.316061468
3.481732741,1.880795925,0.421416433
3.682818391,1.904055751,0.508399891
3.868701804,1.910425584,0.415792502
4.040327733,1.928099153,0.560140052
4.196189075,1.931177218,0.403419855
4.340953347,1.94389064,0.247824445
4.474691781,1.956724035,0.193834712
4.596943248,1.965185903,-0.045744728
4.706946699,1.955104395,-0.044245013
4.80203284,1.944134336,-0.006377214
4.883318875,1.936973429,-0.038996011
4.952686807,1.920484597,0.184086566
5.010668996,1.905874097,0.35880334
5.056451906,1.879344998,0.334432974
5.089731867,1.851484946,0.527521255
5.111202448,1.829586067,0.543643189
5.121246045,1.795213713,0.281942956
5.119821422,1.757905762,0.212581147
5.107078537,1.718025883,0.016868365
5.083568495,1.676031475,-0.190467206
5.04973368,1.631052731,-0.317193106
5.00641012,1.589526968,-0.464540086
4.954790001,1.54869855,-0.526028392
4.895548145,1.501155376,-0.670001013
4.828864505,1.460000781,-0.637007288
4.754682844,1.410785479,-0.599889346
4.672583274,1.352692152,-0.757734329
4.582573293,1.297751873,-0.684623232
4.484637904,1.23469465,-0.633258001
4.378372216,1.170812611,-0.713117814
4.264222359,1.105172212,-0.647505291
4.142402029,1.03258086,-0.553398187
4.014140898,0.971911856,-0.574394195
3.880196269,0.908768402,-0.55264833
3.739540912,0.836004589,-0.502032956
3.593655686,0.770551649,-0.63925686
3.444883722,0.70491125,-0.714617528
3.291957855,0.63118765,-0.752860256
3.132444978,0.551187946,-0.882585586
2.964395604,0.462838849,-0.865713795
2.78873949,0.379881053,-0.80647506
2.609855478,0.299746379,-0.760733759
2.426131494,0.218250758,-0.649754863
2.239843187,0.144834589,-0.523403891
2.049101056,0.050025679,-0.39405349
1.854504943,-0.029077974,-0.282324737
1.65816554,-0.126852474,-0.153349264
1.456206371,-0.206492259,-0.037496296
1.25641788,-0.301687332,0.008619934
1.049146364,-0.410885541,0.033740157
0.847175948,-0.482558348,0.036364658
0.639578268,-0.656635874,-0.018000004
0.433064052,-0.689002424,-0.052868373
0.231097386,-0.940282777,-0.028123079
0.018097382,-0.961060655,-0.093360672
-0.057231475,-0.273538594,-0.094860387
-0.03089468,-0.113779133,-0.018374932
-0.038718864,-0.165232687,-0.045369799
-0.035944597,-0.066704604,0.051361806
-0.035610935,-0.10106946,0.1192239
-0.036923088,-0.052915172,0.120348687
-0.034534969,-0.063075412,0.213331004
-0.036968076,-0.049683391,0.203582858
-0.034658686,-0.042608714,0.189710496
-0.036255765,-0.048397427,0.173963491
-0.035487217,-0.03107628,0.082480888
-0.035652174,-0.039489408,0.041988588
-0.035940848,-0.03220103,-0.049494015
-0.035715907,-0.031417454,-0.137602259
-0.036218274,-0.027492077,-0.172845557
-0.035985836,-0.02981656,-0.274451235
-0.036668156,-0.028860523,-0.326191395
-0.036780626,-0.027282124,-0.371932697
-0.037676639,-0.029021737,-0.426297358
-0.038827585,-0.025718722,-0.382805629
-0.039228729,-0.028699308,-0.331815326
-0.040345934,-0.027593305,-0.280075165
-0.040803314,-0.02685097,-0.170595985
-0.041155721,-0.03076135,-0.088486599
-0.041380661,-0.019551343,-0.052493444
-0.041406904,-0.025561257,-0.01912479
-0.042501615,-0.021594639,-0.032247294
-0.041658088,-0.018809009,-0.056242731
-0.043333895,-0.028485606,-0.092985744
-0.042209192,-0.009972224,-0.109857535
-0.043213927,-0.034679228,-0.115106537
-0.043641314,-0.006313038,-0.127479184
-0.042381647,-0.032819642,-0.083237598
-0.045725764,-0.014883632,-0.050618801
-0.040604616,-0.01318526,0.000371503
-0.047701492,-0.045788007,0.043488303
-0.039926045,0.029202811,0.084355531
-0.048308832,-0.10574467,0.082480888
-0.041017007,0.126261221,0.060735023
-0.053954841,-0.482359642,0.053986307
-0.333409795,-1.797083432,-0.0479943
-0.708359532,-1.768739737,0.091104248
-1.01412129,-1.700714869,0.067108811
-1.33392309,-1.835156213,0.036739586
-1.625468602,-1.798376895,0.415417573
-1.905017281,-1.850100389,0.260197092
-2.17430867,-1.730959392,0.222704222
-2.434936096,-1.756180031,0.499026674
-2.692894227,-1.774764647,0.301814177
-2.932658412,-1.788764033,0.363677413
-3.161794154,-1.826060736,0.446536656
-3.375738908,-1.844686593,0.293940675
-3.582530551,-1.895075384,0.412418144
-3.778258865,-1.905824243,0.369676272
-3.959703451,-1.92498623,0.368926415
-4.126095762,-1.930898665,0.440912725
-4.277889428,-1.942483588,0.319810755
-4.418938431,-1.954049765,0.351304766
-4.54807308,-1.961195676,0.217830149
-4.666972932,-1.967175595,0.061109952
-4.77161155,-1.951901493,0.136845549
-4.861711508,-1.942858505,0.075732171
-4.939649677,-1.93191094,0.028116226
-5.005557272,-1.916254423,0.212581147
-5.059677981,-1.898670834,0.210331575
-5.101007067,-1.873802616,0.214080862
-5.130886677,-1.847974612,0.450285943
-5.148780702,-1.818622391,0.207332145
-5.155030301,-1.786454547,0.052861521
-5.150936382,-1.75169228,0.216705362
-5.135310509,-1.712296043,-0.084737312
-5.108966215,-1.670871508,-0.312319033
-5.072990715,-1.627921062,-0.349062046
-5.027770157,-1.582514913,-0.499783383
-4.97439925,-1.540051859,-0.586391913
-4.913290387,-1.494863161,-0.644505862
-4.844409827,-1.446022776,-0.558272261
-4.767757568,-1.395727714,-0.589391343
-4.683209895,-1.33887911,-0.65350415
-4.590748061,-1.281449385,-0.479912162
-4.490034656,-1.220457952,-0.538026111
-4.381605789,-1.155672364,-0.608887635
-4.265390228,-1.088007416,-0.449917866
-4.141380475,-1.023446777,-0.46903923
-4.011394801,-0.961787993,-0.583017555
-3.87510704,-0.887906928,-0.540275683
-3.731966089,-0.816237871,-0.62201014
-3.584191362,-0.755118967,-0.767857404
-3.433496156,-0.688762478,-0.727740033
-3.277777277,-0.613040572,-0.783604409
-3.115047749,-0.529096745,-0.817347992
-2.943939183,-0.440758896,-0.703744596
-2.766678493,-0.364549599,-0.669251156
-2.585650047,-0.279597246,-0.635882501
-2.400179024,-0.201472125,-0.546274542
-2.212083694,-0.118023188,-0.439419863
-2.017663785,-0.02640107,-0.347562331
-1.822389101,0.050168148,-0.259079158
-1.622289441,0.156040846,-0.150349835
-1.420446492,0.220766448,-0.122605111
-1.218217394,0.337489233,-0.073114523
-1.010042367,0.416630378,0.065984025
-0.808375621,0.535017793,0.096728178
-0.595090693,0.674183086,0.080981173
-0.395084759,0.72460187,0.164965202
-0.179887836,1.032877044,0.07910653
-0.001090051,0.701435773,-0.08548717
0.012500111,0.088218433,-3.43e-06
-0.003845573,0.14182026,-0.029247865
0.00598808,0.090801609,-0.032997152
-0.000688907,0.055709415,0.143594266
0.003618706,0.072288227,0.156341842
0.001163104,0.02750069,0.205082573
0.002227823,0.049065893,0.26057202
0.002760183,0.018281491,0.242950371
0.001766695,0.029637714,0.222329293
0.003345028,0.017100503,0.140594836
0.002145345,0.014446094,0.071233027
0.003146331,0.018993832,-0.038996011
0.002707696,0.003757222,-0.169471199
0.003191319,0.009909603,-0.208838712
0.00348749,0.006299156,-0.232834149
0.003442502,0.007307682,-0.23545865
0.003839897,0.007138969,-0.217087144
0.003952368,0.005796768,-0.273326449
0.004657182,0.007933793,-0.325816467
0.005530701,0.005691791,-0.329940682
0.006310495,0.00700025,-0.36218455
0.007318979,0.008706121,-0.343438115
0.007817597,0.002096341,-0.214087714
0.007783856,0.005403105,-0.173595414
0.008702363,0.005410604,-0.155223908
0.008439933,0.001027829,-0.06524102
0.00947091,0.008507415,-0.027373221
0.009332197,-0.002237695,-0.007876929
0.009669608,0.01064444,-0.010126501
0.010730578,-0.00387983,0.017618223
0.009324699,0.00538061,0.034490014
0.011956504,0.006276661,0.005245576
0.009257217,-0.009008689,0.059610237
0.012758792,0.024636327,0.053236449
0.010314438,-0.027866994,0.027366369
0.011596599,0.040641517,0.077981743
0.013441112,-0.0363776,-0.009001715
0.007382712,0.032142157,-0.051368658
0.020433016,-0.008483805,-0.04499487
-0.00575007,-0.036591303,-0.077238738
0.134260457,1.296180973,-0.127854113
0.502968093,1.966239418,-0.104233605
0.830001733,1.657638067,0.047987447
1.137563015,1.797290751,-0.050243872
1.444127061,1.77877362,0.174713348
1.721696264,1.821199183,0.385048349
1.995186543,1.778353714,0.181087136
2.252604817,1.700221094,0.466407877
2.511991321,1.748776543,0.495277387
2.756164342,1.726255303,0.317936111
2.985753714,1.768294701,0.509899606
3.205059552,1.791322079,0.390672279
3.413886907,1.828142638,0.368926415
3.613607917,1.84755582,0.440162868
3.796248437,1.851676153,0.257197662
3.96403538,1.864145879,0.276693954
4.118220914,1.869420956,0.169839275
4.262149157,1.88994764,0.0356148
4.39445172,1.89025882,0.080606244
4.514015147,1.886907066,-0.050993729
4.620389556,1.87672808,-0.020624505
4.711415519,1.865615552,0.109475754
4.790230957,1.856557567,0.059235308
4.857780619,1.837189376,0.179587421
4.91215626,1.817281304,0.361427841
4.954381359,1.794182692,0.308562894
4.984287212,1.763679478,0.443912155
5.002053771,1.727605003,0.485154312
5.008742004,1.699752448,0.131221619
5.004314424,1.666381122,0.033365228
4.989307137,1.625867634,-0.072739594
4.963341493,1.582516028,-0.372682554
4.927347248,1.538500819,-0.484786235
4.882719033,1.502025183,-0.5470244
4.829745522,1.453912135,-0.605138348
4.769037803,1.406087774,-0.670375942
4.700370936,1.36047917,-0.642256289
4.623639948,1.307619678,-0.550398758
4.538743617,1.252236998,-0.56989505
4.445775667,1.197304218,-0.460790799
4.34537343,1.137557508,-0.367808481
4.23703079,1.066777003,-0.460040941
4.120534053,1.006677872,-0.460040941
3.997157883,0.9463163,-0.398177706
3.867532113,0.875187122,-0.504282528
3.730869452,0.808770647,-0.56127169
3.588013426,0.744881109,-0.527903036
3.441937,0.679750597,-0.705994168
3.292403987,0.610181073,-0.812848848
3.137000025,0.537927146,-0.834969641
2.973528193,0.452712352,-0.932076174
2.801467379,0.365907911,-0.838718928
2.625320144,0.290294731,-0.688372519
2.444377925,0.212113373,-0.629133785
2.260339024,0.136552681,-0.512905888
2.072056244,0.040109135,-0.395928133
1.878532348,-0.03170239,-0.309694532
1.684119936,-0.122492194,-0.20358971
1.483577893,-0.211489897,-0.103858676
1.284962842,-0.288081609,0.009369791
1.079745783,-0.406060365,0.037864373
0.877554176,-0.468371504,0.011994292
0.673480566,-0.637886295,0.053986307
0.465425507,-0.684162251,-0.007502
0.267706468,-0.877071838,-0.092235886
0.050173912,-1.016274623,-0.063741305
-0.052462735,-0.368058818,-0.11435668
-0.02907641,-0.090980454,-0.12860397
-0.032649217,-0.17425318,-0.028872936
-0.032930393,-0.067341962,0.023992011
-0.030321082,-0.096739173,0.077981743
-0.033267804,-0.058921336,0.21445579
-0.030122384,-0.058482683,0.309312751
-0.032799177,-0.05476726,0.289066602
-0.030755967,-0.036681283,0.348680265
-0.032071869,-0.047711329,0.33555776
-0.031562004,-0.030573891,0.157466628
-0.031258334,-0.03642259,0.070483169
-0.032244324,-0.029059228,-0.055867803
-0.03184318,-0.031128768,-0.17771963
-0.032364292,-0.027154652,-0.192341849
-0.032053124,-0.024080336,-0.256079728
-0.032577986,-0.026033651,-0.33069054
-0.032697954,-0.022449449,-0.41130021
-0.032907899,-0.024447754,-0.429296788
-0.033796414,-0.026442311,-0.446543508
-0.034782404,-0.026367327,-0.454042082
-0.035322261,-0.023742911,-0.316443249
-0.035914605,-0.024841417,-0.231334434
-0.036401976,-0.019705059,-0.159348124
-0.036836861,-0.022348221,-0.083987455
-0.037395464,-0.018958975,-0.074989166
-0.037125535,-0.019922511,-0.070490022
-0.03828023,-0.022404459,-0.045369799
-0.037489189,-0.014894879,-0.017625075
-0.038647633,-0.027060923,-0.075364095
-0.038422692,-0.00855504,-0.077988596
-0.038497672,-0.029370409,-0.068615378
-0.039933543,-0.009466087,-0.100484318
-0.03752293,-0.022374465,-0.035621653
-0.041590606,-0.024886407,0.007495148
-0.036746885,0.001998863,0.054361235
-0.042587842,-0.05476726,0.06448431
-0.037860341,0.037507214,0.018743009
-0.040574624,-0.095696905,-0.007502
-0.042809034,0.088664584,-0.05361823
-0.03297913,-0.260315286,-0.017250146
-0.263861911,-1.651754511,-0.059992018
-0.643891556,-1.828460203,0.026241583
-0.951988947,-1.648766425,0.073482599
-1.266245961,-1.814179629,0.005245576
-1.561634208,-1.768477296,0.345305907
-1.838134943,-1.827069262,0.292066031
-2.107111414,-1.720487971,0.2002085
-2.364315994,-1.710893855,0.499776531
-2.621419351,-1.738139045,0.330308759
-2.8586717,-1.730569478,0.360303055
-3.085659259,-1.779436108,0.503150889
-3.300421297,-1.796393586,0.347555479
-3.506819294,-1.841376079,0.485154312
-3.70113798,-1.847093558,0.462283661
-3.878192475,-1.855596666,0.343431263
-4.042200416,-1.866218053,0.38467342
-4.192265788,-1.875332276,0.222329293
-4.332111359,-1.890021508,0.167964631
-4.460140051,-1.889665338,0.073857528
-4.575564571,-1.887682029,-0.127104255
-4.676585394,-1.870349634,-0.064491163
-4.76279013,-1.858243577,-0.03337208
-4.838074,-1.849399295,-0.058492303
-4.90146601,-1.829483725,0.143594266
-4.952280091,-1.808705847,0.206207359
-4.990707444,-1.781145728,0.206207359
-5.016725573,-1.751399845,0.408293928
-5.030983058,-1.721552734,0.266195951
-5.033761075,-1.688252642,0.078731601
-5.025985628,-1.652061942,0.125972617
-5.007551746,-1.611912124,-0.087736742
-4.97883058,-1.570682545,-0.299946386
-4.940973077,-1.530660198,-0.386554916
-4.894447863,-1.488624549,-0.517779961
-4.840030983,-1.444766805,-0.565770835
-4.777838656,-1.398929501,-0.625384498
-4.70697112,-1.345740083,-0.605888205
-4.627664563,-1.295501259,-0.565395906
-4.540308881,-1.239361247,-0.580767983
-4.444604153,-1.175824131,-0.438295077
-4.341502629,-1.119616634,-0.427422144
-4.230978065,-1.055685856,-0.534651752
-4.112456863,-0.991128967,-0.438670005
-3.987356149,-0.930782391,-0.400052349
-3.855690917,-0.859671959,-0.507281957
-3.71655016,-0.78810038,-0.475787947
-3.572074562,-0.725519301,-0.536151467
-3.424442297,-0.662285867,-0.696620951
-3.271943817,-0.591239172,-0.656878509
-3.113094515,-0.513563951,-0.714617528
-2.946031131,-0.426515814,-0.772356548
-2.771833381,-0.348578152,-0.650129792
-2.594145303,-0.273193671,-0.620510425
-2.411422305,-0.194884841,-0.590891057
-2.225977525,-0.110288659,-0.517030104
-2.034676792,-0.021857081,-0.477287661
-1.840744254,0.051701556,-0.379056342
-1.642942737,0.153528905,-0.262078588
-1.441767112,0.216154974,-0.134602829
-1.241753679,0.327471462,-0.02474872
-1.034459669,0.41662288,0.022867225
-0.834003853,0.511544265,0.136845549
-0.623590667,0.668848022,0.201333286
-0.422396296,0.692696467,0.127472332
-0.213002841,0.994523076,0.120348687
-0.017596942,0.808766898,0.056235879
0.017572521,0.137388745,-0.093360672
-0.004580379,0.122632028,-0.062616519
0.006134292,0.109937352,-0.015750432
-6.59e-06,0.046055312,-0.004877499
0.003026362,0.076955939,0.122973187
0.002449015,0.02808556,0.233577154
0.001927902,0.045965332,0.265071165
0.003251303,0.015477115,0.275569168
0.001811683,0.025329923,0.286442101
0.003382518,0.021505773,0.220454649
0.002325297,0.010089563,0.095978321
0.003311287,0.017389189,0.00974472
0.003090095,0.004544546,-0.114731608
0.003311287,0.011499249,-0.162347553
0.003618706,0.008863586,-0.145100833
0.003442502,0.007686348,-0.208838712
0.004079834,0.006085454,-0.256829586
0.004297277,0.005819263,-0.308944675
0.005163298,0.010539463,-0.364809051
0.006119296,0.007075234,-0.425547501
0.006629161,0.007037742,-0.44316915
0.007663888,0.006655327,-0.383555486
0.008143761,0.002714953,-0.325066609
0.008346207,0.009197261,-0.224585718
0.008919806,-0.001236668,-0.142851261
0.008908559,0.000319236,-0.104983462
0.009958282,0.001215287,-0.062616519
0.009185986,-0.005499469,-0.003002856
0.010768068,0.013906214,0.015743579
0.010295693,-0.010043458,-0.009001715
0.01056937,0.009246001,0.022492296
0.012117712,-0.007351557,-0.008251858
0.009425922,0.008057515,-0.053993159
0.01386475,0.009208509,-0.022874077
0.009009782,-0.019090196,0.006370362
0.014835744,0.03932181,0.025866654
0.010089497,-0.05921752,0.034115085
0.012871263,0.076449801,0.001871217
0.014903226,-0.109291381,-0.053243302
0.005661916,0.256713452,-0.050243872
0.237598169,1.693776278,-0.112482036
0.617129196,1.870913124,0.010119649
0.926310051,1.666538587,0.092978891
1.242306606,1.819245867,0.023242153
1.539081986,1.769775622,0.367801629
1.817787139,1.840068735,0.302564035
2.089335431,1.73310128,0.146593696
2.349130577,1.710883722,0.482529811
2.609101927,1.741514408,0.351304766
2.851385447,1.73903621,0.380174276
3.082305718,1.773959691,0.599132636
3.299002245,1.786271952,0.379424418
3.507803357,1.839048962,0.446911584
3.706257201,1.84611614,0.438288224
3.889201391,1.857112444,0.236201655
4.057696897,1.865743024,0.293940675
4.211537522,1.873027653,0.191960068
4.355109609,1.88931778,0.161965772
4.486831075,1.887072029,0.151467769
4.606983097,1.885347413,-0.014250717
4.713514965,1.875824531,0.010869506
4.805298228,1.860524185,0.005245576
4.884915953,1.846067401,-0.024373792
4.953196672,1.840968535,0.150342983
5.009484308,1.818053632,0.145093981
5.052781625,1.785702079,0.177337849
5.083643475,1.763671979,0.399295639
5.102186079,1.729269632,0.079856387
5.108863065,1.69709054,-0.018749861
5.104750401,1.665091409,0.227953223
5.089923067,1.621619829,-0.117356109
5.064339823,1.577795828,-0.266202803
5.029327818,1.539276896,-0.305945245
4.985513138,1.494286904,-0.583017555
4.933169461,1.45245371,-0.586391913
4.873518963,1.413357407,-0.670750871
4.805436941,1.357809763,-0.667001584
4.728859663,1.307188524,-0.550023829
4.644413213,1.256537291,-0.535776539
4.551445263,1.195770809,-0.35656062
4.450585647,1.137130103,-0.410925281
4.34223176,1.075220125,-0.494159453
4.22623739,1.006887826,-0.340813615
4.103322348,0.945791417,-0.412799925
3.974543855,0.884653767,-0.522279105
3.838934665,0.813303388,-0.503157742
3.696232348,0.749342617,-0.635882501
3.549316145,0.690394479,-0.769357119
3.399269517,0.623261913,-0.767857404
3.243696849,0.55035938,-0.860464793
3.080727385,0.470809576,-0.816598135
2.90919893,0.381496944,-0.640006717
2.73261681,0.310746432,-0.669251156
2.552458135,0.230608009,-0.641506432
2.367155817,0.152302928,-0.531277394
2.180027732,0.075797446,-0.517030104
1.986305138,-0.020991023,-0.465289943
1.790621812,-0.09396479,-0.362559479
1.590705854,-0.19093322,-0.240332723
1.388424271,-0.259370496,-0.172095699
1.185122956,-0.368377497,-0.111732179
0.976591773,-0.449858122,-0.007127072
0.774853796,-0.568358012,0.011994292
0.561861291,-0.695885893,0.037864373
0.362162775,-0.747234471,0.114724756
0.147700658,-1.050654475,0.025491725
-0.030699732,-0.722392497,-0.117731038
-0.044713531,-0.117846978,-0.035621653
-0.028120413,-0.165446389,-0.05661766
-0.037729125,-0.11581493,-0.083987455
-0.030950915,-0.07904311,0.15109284
-0.034921117,-0.089214597,0.233952083
-0.032394284,-0.046039201,0.295065461
-0.033279051,-0.067338213,0.386173135
-0.033515238,-0.038567113,0.338932119
-0.032420527,-0.050684418,0.302189106
-0.034013857,-0.039733104,0.202833001
-0.032727946,-0.034296813,0.087354961
-0.033743928,-0.034154345,-0.032247294
-0.033305294,-0.028943004,-0.156723623
-0.033642705,-0.035226606,-0.183718489
-0.033863896,-0.025452531,-0.242957224
-0.033785167,-0.027177147,-0.253080299
-0.034223801,-0.025576253,-0.212587999
-0.034497479,-0.025257574,-0.30744496
-0.035550951,-0.030600136,-0.400427278
-0.03627451,-0.027514572,-0.40267685
-0.036986821,-0.028193171,-0.431921289
-0.038141517,-0.028350636,-0.428172002
-0.038182756,-0.022449449,-0.299946386
-0.038801342,-0.025441283,-0.29319767
-0.038876323,-0.017751744,-0.279325308
-0.039116259,-0.023855386,-0.119230753
-0.040012273,-0.021287207,-0.069365236
-0.039209984,-0.023641684,-0.040120797
-0.040897039,-0.023874132,0.012369221
-0.039322455,-0.013481444,0.034490014
-0.041238199,-0.037558588,-0.006377214
-0.040244711,-0.003891077,-0.02474872
-0.040372177,-0.037082444,0.033365228
-0.042692815,-0.003133746,0.011619364
-0.03850892,-0.028110689,0.035989729
-0.045560807,-0.029580362,0.047987447
-0.035967091,0.014457341,-0.019499719
-0.048387561,-0.094433436,-0.058117375
-0.032589233,0.138194816,-0.050618801
-0.074413188,-0.709135446,-0.083237598
-0.390570951,-1.883422976,-0.156348694
-0.754288654,-1.708663101,0.01836808
-1.057909727,-1.717814816,-0.009001715
-1.376121946,-1.805702765,0.057735594
-1.661777763,-1.783597682,0.437538367
-1.940452924,-1.809699376,0.242950371
-2.206182753,-1.69010473,0.315686539
-2.466948892,-1.731548011,0.582260845
-2.721862827,-1.732803981,0.383548634
-2.959253889,-1.752854521,0.518522966
-3.18585905,-1.780568356,0.563889339
-3.398266709,-1.803513252,0.464908162
-3.604690949,-1.845084005,0.535019829
-3.797956163,-1.8493768,0.362927555
-3.976259079,-1.863124991,0.343431263
-4.139258536,-1.86722283,0.273319596
-4.289068975,-1.880543617,0.062984595
-4.428427175,-1.886309834,0.100852394
-4.555634833,-1.890722602,-0.034496867
-4.671985359,-1.887258373,-0.133103115
-4.773373585,-1.870570835,-0.004502571
-4.860418099,-1.860804258,0.00974472
-4.936298062,-1.848012103,0.065984025
-5.000181192,-1.83247181,0.253448375
-5.052078738,-1.810606674,0.224203936
-5.091941961,-1.786132118,0.228703081
-5.119294738,-1.755126516,0.375675131
-5.134347013,-1.721399018,0.097103107
-5.13795731,-1.687922715,-0.077988596
-5.130384309,-1.649771202,0.022492296
-5.112036655,-1.614259102,-0.221211359
-5.083866593,-1.571496114,-0.414674568
-5.046219035,-1.528785615,-0.47466316
-4.999862526,-1.488384602,-0.576268838
-4.946101723,-1.446064016,-0.617510995
-4.88442301,-1.402018814,-0.671875657
-4.814331519,-1.350220337,-0.58151784
-4.735988457,-1.299186689,-0.573644337
-4.64884272,-1.241228332,-0.559771975
-4.553535388,-1.181237927,-0.337064328
-4.450265158,-1.124063145,-0.392928704
-4.339324454,-1.06240811,-0.463040371
-4.220953213,-0.998038679,-0.271826734
-4.095826255,-0.93357177,-0.299196529
-3.964952065,-0.869461031,-0.456666583
-3.826789799,-0.798886731,-0.447668294
-3.68228046,-0.73478724,-0.583767412
-3.534108338,-0.673990764,-0.745736611
-3.381504886,-0.602321706,-0.725490461
-3.222775551,-0.527956999,-0.807224917
-3.056263272,-0.443698242,-0.80647506
-2.88150692,-0.365888051,-0.670001013
-2.703395204,-0.293199221,-0.631383357
-2.520754684,-0.207984427,-0.587516699
-2.334443883,-0.13964088,-0.495284239
-2.144447805,-0.043478521,-0.403801636
-1.948577028,0.031182371,-0.372682554
-1.751645282,0.115039967,-0.305945245
-1.548332721,0.20965392,-0.134227901
-1.347104609,0.275204338,-0.087736742
-1.139525674,0.400640185,-0.089611386
-0.933146423,0.463344987,0.020992581
-0.72665845,0.624094228,0.02136751
-0.514385755,0.683481017,-0.038996011
-0.315050893,0.847510779,0.017618223
-0.093383179,1.025191254,-0.077238738
0.022393748,0.395376356,-0.178469487
0.000731968,0.064966106,-0.035996581
0.002302803,0.160104942,-0.01050143
0.004233543,0.049024652,0.010869506
0.000758211,0.076689748,0.174338419
0.004469731,0.042088695,0.268445523
0.000998148,0.033923011,0.340431833
0.004091081,0.039404292,0.375300203
0.00246776,0.018165267,0.384298491
0.003270048,0.031549789,0.355054053
0.003213813,0.01378999,0.211081432
0.002992621,0.01860017,0.108350968
0.00386989,0.012822705,-0.005627357
0.003345028,0.011716701,-0.134602829
0.004001105,0.010696928,-0.11998061
0.003824901,0.006025467,-0.201715067
0.004331018,0.002250057,-0.27857545
0.004432241,0.000450457,-0.271076876
0.005129557,0.006482865,-0.409050638
0.006407969,0.00704524,-0.455916725
0.006827858,0.006846534,-0.39967742
0.007952561,0.005995474,-0.378306485
0.008552403,4.31e-06,-0.319817607
0.008886065,0.004274606,-0.270327019
0.009489656,0.002902412,-0.222336145
0.009373436,0.004743252,-0.162722482
0.010753072,0.005200651,-0.097484888
0.009977027,-0.002725086,-0.037121367
0.011184208,0.01378999,-0.016875218
0.010884287,-0.008918709,0.043113374
0.010696837,0.011829176,0.065609096
0.012788784,-0.003433679,-0.029247865
0.01007825,0.00254999,-0.055492874
0.014269643,0.013280103,-0.022124219
0.009594628,-0.021283458,-0.019874647
0.014858238,0.042902264,-0.058492303
0.01132667,-0.052502763,-0.080613097
0.012293915,0.074575218,-0.100859247
0.01704766,-0.089499533,-0.170970913
0.002265313,0.188696082,-0.15184955
0.217514722,1.623261964,-0.221961217
0.59852286,1.890360048,-0.092235886
0.911557697,1.658204191,0.133096262
1.227513012,1.812373646,0.048362376
1.527475052,1.764316836,0.357303625
1.80649887,1.829286134,0.397046067
2.079543017,1.731241694,0.187835853
2.34026042,1.698196544,0.515148608
2.601772612,1.731069232,0.424040934
2.846519232,1.725018078,0.37605006
3.0801013,1.767676089,0.60100728
3.298822292,1.773206109,0.458159445
3.508628139,1.813922051,0.46828252
3.70944386,1.83069582,0.437913295
3.894982365,1.842573178,0.360303055
4.066537062,1.851634912,0.391422137
4.223035736,1.858450896,0.186711066
4.36923213,1.873623771,0.106476325
4.504054027,1.870339501,0.017618223
4.626564176,1.872918928,-0.173595414
4.736170232,1.864138381,-0.084737312
4.830780249,1.842756887,0.028491155
4.912441184,1.836334566,0.064109382
4.983241238,1.825604453,0.248199373
5.042546828,1.802389617,0.297315033
5.089270739,1.775823026,0.161965772
5.123352989,1.74766679,0.268445523
5.14516098,1.715798879,0.1597162
5.155437017,1.677347432,-0.049119086
5.154177349,1.642045285,-0.006752143
5.141205775,1.608640216,-0.229834719
5.118149363,1.572235814,-0.415049497
5.085068099,1.523736603,-0.518904747
5.042546828,1.480501221,-0.602513847
4.992377576,1.44449798,-0.532027252
4.934185442,1.395248935,-0.635507573
4.868382819,1.353513219,-0.545149756
4.794414852,1.301197357,-0.389929274
4.711614217,1.241184457,-0.510281387
4.620738214,1.188924832,-0.430796503
4.52131072,1.129230611,-0.377931556
4.414242744,1.069453908,-0.482911592
4.299478049,1.001845197,-0.400427278
4.17700914,0.944093044,-0.375681984
4.049205389,0.888031765,-0.520779391
3.915238266,0.818244789,-0.585642056
3.774106784,0.75305804,-0.601014132
3.628019111,0.68553931,-0.659128081
3.478729784,0.626797377,-0.649005006
3.324514258,0.558615044,-0.635132644
3.162830704,0.478427881,-0.634382787
2.992861837,0.394675262,-0.611887065
2.816362195,0.314330635,-0.649005006
2.636709636,0.242474119,-0.625009569
2.452119631,0.16407156,-0.575518981
2.265164,0.093073603,-0.501658027
2.072989748,-0.001049209,-0.395553205
1.876766564,-0.072819494,-0.352436404
1.678522664,-0.16755717,-0.212962928
1.474359078,-0.24735067,-0.109482607
1.272501132,-0.329768586,-0.10273389
1.062556572,-0.44065017,-0.055117945
0.858228029,-0.512881602,-0.051368658
0.648002294,-0.679865707,-0.130103685
0.439088711,-0.706038635,-0.210338427
0.234940121,-0.953176159,-0.233209078
0.020406773,-0.967910381,-0.278200522
-0.054217271,-0.270704225,-0.183718489
-0.027970452,-0.112039519,-0.038246154
-0.036053318,-0.164546589,0.02999087
-0.033057859,-0.067124511,0.212956075
-0.032795428,-0.100784523,0.289066602
-0.034137574,-0.051205552,0.329558901
-0.032090614,-0.06451884,0.370051201
-0.034272538,-0.048221216,0.262071735
-0.031978144,-0.039429422,0.23770137
-0.033721434,-0.045521816,0.150342983
-0.032960385,-0.029779068,-0.003752713
-0.033267804,-0.041686419,-0.002252998
-0.033459003,-0.029977774,-0.045369799
-0.033267804,-0.030596386,-0.088111671
-0.033830155,-0.028594332,-0.099359532
-0.033623959,-0.025849942,-0.187467776
-0.034137574,-0.024755186,-0.251955513
-0.034377511,-0.024271543,-0.349062046
-0.035393492,-0.030588888,-0.436045504
-0.036203278,-0.024365273,-0.423297929
-0.036724391,-0.025576253,-0.357310477
-0.037882835,-0.027896987,-0.326566324
-0.038104026,-0.022498188,-0.26995209
-0.038640135,-0.026427314,-0.16609684
-0.038861326,-0.018280376,-0.093735601
-0.039007538,-0.027188395,-0.017625075
-0.03994479,-0.02289185,-0.01612536
-0.039172494,-0.019540096,0.028866084
-0.040788318,-0.025426287,0.05023702
-0.039427427,-0.013241497,-0.041245583
-0.041166968,-0.035087887,-0.047619371
-0.04073958,-0.002425153,-0.061866662
-0.040165982,-0.035459055,-0.0911111
-0.042891512,-0.007074119,-0.049119086
-0.038336465,-0.022359469,-0.032997152
-0.04547458,-0.036171396,-0.092985744
-0.03642447,0.020894659,-0.087736742
-0.04759652,-0.099513556,-0.123354969
-0.034913619,0.140777991,-0.186717919
-0.064830719,-0.619136716,-0.221961217
-0.36815562,-1.855015545,-0.263578302
-0.737275646,-1.725163181,-0.012001145
-1.04222012,-1.701839619,-0.035246724
-1.36179323,-1.805702765,0.002621075
-1.650294546,-1.775120818,0.435663723
-1.930109405,-1.808038495,0.244825015
-2.197567528,-1.681369173,0.295065461
-2.458948505,-1.71500669,0.613379927
-2.715988128,-1.720206784,0.386922992
-2.955718573,-1.737625409,0.45665973
-3.184816825,-1.768177362,0.528646041
-3.399042754,-1.785929664,0.356928696
-3.607191539,-1.82919129,0.444662012
-3.802904857,-1.834132691,0.408293928
-3.984289458,-1.85099269,0.377924703
-4.150573048,-1.852286153,0.358053482
-4.302655388,-1.861539094,0.16271563
-4.444780357,-1.870447113,0.101602252
-4.574990972,-1.873892596,-0.05361823
-4.694250729,-1.875066085,-0.11135725
-4.799267997,-1.856496466,0.069733312
-4.889592895,-1.844397907,0.067108811
-4.968003439,-1.831924432,0.076482029
-5.034405904,-1.81395093,0.262446664
-5.088871522,-1.795932438,0.255697947
-5.131152857,-1.769999457,0.15671677
-5.161429861,-1.739661206,0.178462635
-5.179822504,-1.708460646,0.089979462
-5.186840651,-1.674751895,0.011994292
-5.182705493,-1.637132763,-0.067865521
-5.16692591,-1.599003745,-0.301446101
-5.14079531,-1.558194073,-0.484786235
-5.105089739,-1.515899732,-0.539900754
-5.060454026,-1.476368525,-0.511781102
-5.008181579,-1.434306632,-0.589766271
-4.948381121,-1.388525566,-0.626509284
-4.88079022,-1.343291878,-0.433795932
-4.804820281,-1.29473268,-0.439044934
-4.720741234,-1.23773036,-0.490785095
-4.628245659,-1.179258367,-0.382805629
-4.526846186,-1.121108803,-0.375681984
-4.417794983,-1.059206323,-0.37680677
-4.30082962,-0.994454477,-0.337439256
-4.176591177,-0.933106873,-0.426297358
-4.046534271,-0.873116468,-0.630258571
-3.909781634,-0.803292001,-0.647505291
-3.766378252,-0.737351669,-0.634382787
-3.618723493,-0.683603625,-0.706369097
-3.467773355,-0.613614194,-0.610012421
-3.310491138,-0.535391595,-0.500908169
-3.145455969,-0.456003005,-0.529027822
-2.972262954,-0.367762634,-0.589016414
-2.793450173,-0.300918753,-0.582267697
-2.611289526,-0.21983554,-0.554522974
-2.424641314,-0.150149792,-0.508031815
-2.235676214,-0.078199547,-0.445793651
-2.04078018,0.01864516,-0.364809051
-1.844448276,0.088919527,-0.227210218
-1.642792777,0.192598964,-0.145100833
-1.439030334,0.253669129,-0.070115093
-1.234735532,0.362068765,0.023992011
-1.023902457,0.44593386,0.053986307
-0.819761364,0.558528813,0.011994292
-0.604017086,0.694713519,-0.127854113
-0.401889212,0.733937293,-0.180344131
-0.185421374,1.038275843,-0.19496635
-0.001858598,0.720777721,-0.257954372
0.014592058,0.094760728,-0.126354398
-0.002859583,0.143406157,0.019867795
0.007386461,0.099953323,0.147718482
0.000525773,0.056545479,0.310062609
0.00473966,0.06890273,0.343806192
0.00250525,0.025374913,0.359178268
0.003427506,0.047783678,0.308562894
0.003866141,0.018862611,0.217830149
0.002703947,0.027350723,0.154467198
0.004301026,0.017696621,0.022117367
0.002981374,0.015957008,-0.035246724
0.00428603,0.015443372,-0.021374362
0.003959866,0.005661798,-0.092235886
0.004267285,0.011195567,-0.121105396
0.0043985,0.005826761,-0.130478614
0.004450986,0.007341424,-0.231334434
0.005028334,0.004447068,-0.302945816
0.005159549,0.007427655,-0.365558909
0.006239264,0.011870417,-0.406426137
0.007067795,0.007660103,-0.352436404
0.0076189,0.007255193,-0.313443819
0.00871361,0.007821318,-0.273701377
0.009021029,0.005568069,-0.175470058
0.009602126,0.007255193,-0.101609104
0.010081999,0.001046575,-0.021749291
0.01000327,0.007018996,0.045362947
0.011352913,0.003693486,0.048737305
0.010426908,0.000922852,0.042738446
0.011851532,0.0090248,0.000746431
0.011191706,-0.00918115,-0.063741305
0.011986496,0.018656407,-0.093360672
0.012668816,-0.010519603,-0.089986314
0.011049244,0.007656354,-0.048369229
0.01492572,-0.003452425,-0.025873506
0.009804572,-0.010939509,-0.050618801
0.016537794,0.028835393,-0.0479943
0.009654612,-0.052184084,-0.043870084
0.016042925,0.087854764,-0.104983462
0.011967751,-0.141871633,-0.145100833
0.016376587,0.396692313,-0.131978329
0.278229939,1.786358183,-0.171345842
0.653487095,1.812887282,-0.006002285
0.95922261,1.67259349,0.004495718
1.275882739,1.795918556,-0.077238738
1.567465741,1.744307537,0.296565176
1.845499821,1.810097902,0.192334997
2.113966427,1.683882229,0.145093981
2.37354413,1.684887005,0.50577539
2.631670967,1.70253433,0.295440389
2.870587876,1.696393196,0.325059757
3.099356215,1.734394742,0.467157734
3.315074251,1.748941506,0.281942956
3.523324258,1.789278783,0.390297351
3.719026329,1.787156755,0.368926415
3.898656394,1.800987429,0.328809044
4.064493852,1.807256034,0.371550916
4.21699608,1.816160303,0.144719052
4.359229771,1.824734646,0.106476325
4.489061736,1.813757088,0.021742438
4.606998093,1.819069656,-0.089986314
4.710841921,1.799900171,0.021742438
4.799757191,1.779842132,-0.00187807
4.877264224,1.772096355,-0.002627927
4.943066847,1.749950032,0.075732171
4.996085347,1.7305406,0.095603392
5.037414433,1.707929379,0.2002085
5.066686703,1.672885925,0.218954935
5.083613483,1.636417787,0.010119649
5.08919201,1.605367194,0.04723759
5.083392291,1.571710931,0.020242724
5.066562986,1.532569638,-0.321317322
5.039540122,1.491512521,-0.363309337
5.002563636,1.449938019,-0.400427278
4.956653259,1.406800115,-0.485161164
4.903042416,1.364453285,-0.449917866
4.84206102,1.321705295,-0.550023829
4.772734327,1.271099052,-0.449542938
4.694848644,1.213346899,-0.44316915
4.609030056,1.159643845,-0.543275113
4.514854925,1.111182126,-0.398177706
4.412615673,1.049133428,-0.454042082
4.302323548,0.98497395,-0.443544078
4.184057279,0.929013899,-0.359934978
4.059207748,0.86418332,-0.478412447
3.928273573,0.796248432,-0.540275683
3.790759887,0.735463204,-0.542150326
3.647064082,0.675094133,-0.538775968
3.499960428,0.612932961,-0.571394765
3.349193991,0.545372989,-0.595015273
3.191248199,0.470352178,-0.590516129
3.025009598,0.388639105,-0.563896191
2.850736868,0.311406285,-0.578893339
2.672606407,0.238447515,-0.613011851
2.490138341,0.159077671,-0.529027822
2.303966254,0.094502035,-0.469789087
2.113928937,0.003697235,-0.455916725
1.918620512,-0.068620428,-0.389554346
1.722562285,-0.14858639,-0.270327019
1.520198223,-0.24379646,-0.203964639
1.319292526,-0.315323049,-0.159723052
1.112062249,-0.428821551,-0.02474872
0.906207859,-0.489340589,0.007120219
0.699656153,-0.652046895,-0.050243872
0.487207255,-0.706214845,-0.077613667
0.28743001,-0.872786542,-0.119605682
0.065646076,-1.044142174,-0.202839853
-0.050235823,-0.418650064,-0.18934242
-0.028873964,-0.091869006,-0.020624505
-0.030276094,-0.182111432,0.040113945
-0.032071869,-0.074975264,0.125597688
-0.028390342,-0.098823709,0.254198232
-0.031925658,-0.065819801,0.250448945
-0.028577792,-0.057627873,0.272569739
-0.03134831,-0.055697053,0.25494809
-0.029278857,-0.03714243,0.215205648
-0.030347325,-0.050594438,0.164215344
-0.030234854,-0.02986155,0.047987447
-0.029893695,-0.035354078,0.013494007
-0.03089468,-0.03156742,-0.036746439
-0.030133631,-0.030071503,-0.110232464
-0.030812202,-0.025759962,-0.133852972
-0.030647246,-0.024473998,-0.187467776
-0.031040892,-0.026198615,-0.235083721
-0.031104625,-0.0231168,-0.334814755
-0.031385801,-0.027222137,-0.430421574
-0.032574237,-0.026929702,-0.415424426
-0.033354031,-0.025298815,-0.377931556
-0.0340401,-0.029426647,-0.367058624
-0.034996097,-0.022910596,-0.307819889
-0.035029838,-0.020526127,-0.206214211
-0.035490966,-0.029531623,-0.158973195
-0.035607186,-0.016567007,-0.03937094
-0.036068314,-0.024166567,0.03861423
-0.036746885,-0.01988127,0.038239301
-0.036229521,-0.022393211,0.086980032
-0.037890333,-0.022610663,0.023992011
-0.03638698,-0.013758882,-0.013500859
-0.038426441,-0.030870076,-0.022124219
-0.037035559,-0.002740083,-0.041620512
-0.038179007,-0.04146147,-0.012376073
-0.038902566,0.003131111,-0.092610815
-0.035843373,-0.031904845,-0.105358391
-0.042494117,-0.017238108,-0.107982892
-0.032889154,0.000364226,-0.167596555
-0.046887957,-0.079238066,-0.187092848
-0.026485844,0.130377805,-0.177344701
-0.089184288,-0.845241419,-0.154099122
-0.422568751,-1.906705297,-0.142851261
-0.777262587,-1.670650307,0.02699144
-1.080647472,-1.720011827,-0.016875218
-1.396756497,-1.779128676,0.10197718
-1.680335363,-1.76841356,0.415042645
-1.958395686,-1.771757816,0.218580006
-2.221392486,-1.653411642,0.37305063
-2.482447299,-1.698086704,0.5346449
-2.734845649,-1.684567212,0.303313892
-2.969196264,-1.707234669,0.432664294
-3.19399815,-1.734723554,0.389922422
-3.406731974,-1.764072026,0.298439819
-3.612503886,-1.794414026,0.418417003
-3.802619932,-1.787942966,0.305188536
-3.977908643,-1.800390197,0.310437537
-4.138628702,-1.801496201,0.23770137
-4.287048259,-1.81426586,0.044613089
-4.425105552,-1.81831121,0.05586095
-4.551349715,-1.818164993,-0.0479943
-4.665608293,-1.81044546,-0.037496296
-4.764072291,-1.792063299,0.099352679
-4.849710927,-1.783380231,0.058110522
-4.923386471,-1.765174281,0.080981173
-4.984184166,-1.744208944,0.187835853
-5.033543632,-1.721950146,0.137595407
-5.069946519,-1.693703929,0.203957787
-5.094839946,-1.664561662,0.210706503
-5.108535079,-1.6302268,-0.084362384
-5.110454572,-1.595876941,-0.054368088
-5.102068037,-1.558576488,-0.135352687
-5.082468213,-1.517125709,-0.439419863
-5.052348666,-1.47702088,-0.379806199
-5.013302727,-1.435971262,-0.413924711
-4.965416622,-1.39520658,-0.440544649
-4.909785063,-1.352777268,-0.426297358
-4.846531766,-1.305830211,-0.484036378
-4.774974412,-1.257102301,-0.390679132
-4.695409173,-1.205506278,-0.479912162
-4.607581116,-1.152084412,-0.464540086
-4.511295292,-1.096596755,-0.316818178
-4.406870368,-1.03512543,-0.418423855
-4.29416388,-0.972259414,-0.39967742
-4.173486997,-0.909513372,-0.352436404
-4.046215606,-0.846126222,-0.496034096
-3.912424686,-0.781081941,-0.544774827
-3.771638113,-0.715014138,-0.516280246
-3.626588916,-0.657884347,-0.563896191
-3.478645484,-0.598763748,-0.58151784
-3.324737376,-0.525441308,-0.591640915
-3.163676158,-0.448283472,-0.62763407
-2.994187164,-0.365179459,-0.580018125
-2.817702519,-0.292126959,-0.534276824
-2.637825019,-0.216172605,-0.499033526
-2.452751391,-0.142523988,-0.404926422
-2.265709533,-0.070157586,-0.361059764
-2.072620522,0.019754913,-0.317568035
-1.876502311,0.081784864,-0.223086003
-1.677868514,0.185726743,-0.159348124
-1.474559702,0.251952011,-0.132353257
-1.272772988,0.342453129,-0.074239309
-1.062892161,0.444535421,-0.014625646
-0.859485874,0.528179314,-0.051368658
-0.646478373,0.690814386,-0.143601118
-0.440541505,0.709815159,-0.178094559
-0.231178041,0.988846839,-0.121105396
-0.026260904,0.860692847,-0.176594844
0.020995367,0.162751853,-0.136477473
-0.003496915,0.11542988,0.082855817
0.007356469,0.127063542,0.103101966
0.001642978,0.047330029,0.183711637
0.004027348,0.083322022,0.296940104
0.003937372,0.028989109,0.277443812
0.002943884,0.048885933,0.314561753
0.00481464,0.024100196,0.275569168
0.002707696,0.023080423,0.202083143
0.004713417,0.025607361,0.115474613
0.003584965,0.014524826,0.018743009
0.00428603,0.020793432,0.014243864
0.004484727,0.01109059,-0.084737312
0.004349763,0.012234086,-0.168346413
0.004717166,0.005058182,-0.178094559
0.004660931,0.0099246,-0.274451235
0.005242027,0.009107281,-0.334439827
0.005219533,0.004045907,-0.391428989
0.005493211,0.005815514,-0.401926993
0.005778136,0.001646441,-0.308944675
0.005939343,0.003108616,-0.271076876
0.006486698,0.005076928,-0.259829015
0.00663291,0.001706428,-0.16609684
0.006302997,0.001309016,-0.085862099
0.006104299,0.002808683,-0.058117375
0.005871861,0.000787882,0.032240442
0.005748144,0.002216314,0.066358954
0.005785634,0.000810377,0.034115085
0.005661916,-0.001802792,-0.002252998
0.005137055,-0.003096254,-0.043870084
0.005283266,-0.005030824,-0.051368658
0.005395737,0.002182572,-0.109482607
0.004987094,-0.005484473,-0.079863239
0.005170796,-0.008037655,-0.049119086
0.004784648,-0.002548876,-0.11998061
0.004649684,-0.010268408,-0.089611386
0.004840883,-0.002488889,-0.125604541
0.004428492,0.000960344,-0.170595985
0.004342265,-0.001885273,-0.143601118
0.004346014,-0.000351864,-0.13722733
0.004405998,-0.002245193,-0.078363524
0.004424743,-0.001169183,-0.090361243
0.004379755,-0.003778602,-0.103858676
0.004364759,-0.00199025,-0.095235316
0.004256038,-0.002083979,-0.129728756
0.004166061,-0.008761244,-0.097484888
0.004023599,-0.004254746,-0.032247294
0.003851144,0.001140304,-0.007876929
0.003719929,-0.003778602,-0.052118516
0.003749921,-0.00684542,-0.089611386
