0.002209078,-0.029554118,-0.083612526
0.003614957,0.017719116,-0.100109389
0.002295305,-0.050346993,-0.075739024
0.003348777,0.017569149,-0.119605682
0.002977625,-0.05040323,-0.071989737
0.002284058,0.006989003,-0.100484318
0.004795895,-0.000130664,-0.089986314
-0.000254021,-0.088311048,-0.078363524
0.007510178,0.119670187,-0.109107678
-0.005547624,-0.336892001,-0.074239309
0.038979368,1.648523844,-0.14885012
0.199403255,4.351545058,0.014243864
0.342435485,3.909432156,-0.12860397
0.473155965,3.544672047,0.109475754
0.608240294,3.3621439,0.26057202
0.725715522,3.015072356,-0.372307625
0.84326948,2.948112251,-0.220836431
0.943473019,2.780715739,-0.000378355
1.030963665,2.849891601,0.333683117
1.108733129,2.629943028,0.346055764
1.181197743,2.449248223,0.057360665
1.245676966,2.385103742,0.143594266
1.297405806,2.299933938,-0.136102544
1.340808095,2.23168412,0.050611948
1.37396059,2.120795038,0.16271563
1.399345137,2.051450463,-0.067115663
1.41606947,1.935335043,-0.079113382
1.424411018,1.86288241,-0.318692821
1.424474751,1.802974487,-0.389554346
1.415942004,1.717257304,-0.238458079
1.39952134,1.642266486,-0.071239879
1.374163037,1.546449051,0.152967483
1.340943059,1.454751949,0.00412079
1.300517484,1.355526521,-0.144725904
1.25244018,1.252690647,-0.222336145
1.197104792,1.142105247,-0.389554346
1.135381092,1.028655484,-0.28457431
1.067643979,0.9146246,-0.199090566
0.990673055,0.783366298,-0.164972054
0.910316774,0.674820444,-0.190467206
0.82709625,0.547326305,-0.184843275
0.739395659,0.428410258,-0.287573739
0.647619895,0.283838668,-0.368558338
0.546134194,0.138723448,-0.221586288
0.443377579,0.012481531,-0.293572598
0.33154836,-0.149984829,-0.318692821
0.224574108,-0.264293151,-0.322442108
0.111920107,-0.544127152,-0.496783954
0.007682633,-0.502710115,-0.469414159
-0.007920747,-0.096994116,-0.291697955
0.00416981,-0.070663724,-0.139476903
-0.001588669,-0.070371289,0.053611378
0.002085361,-0.031413705,0.143219337
0.000255844,-0.050864378,0.125972617
0.001054383,-0.019041457,-0.012751002
0.000960658,-0.031934839,-0.116231323
0.000390808,-0.016184592,-0.116606252
0.001361802,-0.018779015,-0.168721341
0.000105883,-0.018347861,-0.130103685
0.000855685,-0.01323025,-0.05961709
0.000503279,-0.017654265,-0.028498007
0.000428298,-0.009912238,-0.032997152
0.000349569,-0.01264538,-3.43e-06
3.09e-05,-0.011074479,0.016118508
7.21e-05,-0.011261937,0.072357813
-5.91e-05,-0.00990099,0.152592555
-0.000171543,-0.010347141,0.069733312
-0.000340249,-0.011033238,-0.017625075
-0.000535197,-0.011093225,-0.049119086
-0.000673911,-0.010073452,-0.050993729
-0.000861361,-0.011370663,-0.012376073
-0.000917596,-0.012142991,0.071607955
-0.000898851,-0.007460283,0.131971476
-0.000835118,-0.011291931,0.124472902
-0.000692656,-0.010969502,0.09635325
-0.000887604,-0.01201552,-0.004127642
-0.00079013,-0.012199229,-0.146975477
-0.000651417,-0.006380523,-0.193466635
-0.000632672,-0.009139909,-0.191591992
-0.000407731,-0.008794986,-0.173970343
-0.000426476,-0.006882912,-0.156723623
-0.000538946,-0.007445286,-0.145850691
-0.000362743,-0.007179096,-0.156348694
-0.000197786,-0.006151824,-0.195341279
-0.000445221,-0.007036627,-0.121480325
-0.000426476,-0.007040376,-0.101984033
-0.000321504,-0.00689041,-0.129728756
-0.00029901,-0.010823285,-0.117356109
-0.000152798,-0.008892464,-0.236958365
-0.000284014,-0.007212838,-0.303320745
-0.000269018,-0.007175346,-0.29019824
-0.000235276,-0.007816454,-0.294322456
-0.000137802,-0.011576867,-0.206964069
-0.000242774,-0.008783739,-0.078738453
-0.000430225,-0.004940844,-0.03337208
-0.000475213,-0.012934065,-0.073489451
-0.001172529,-0.016874439,-0.070115093
-0.001374975,-0.009147408,-0.116231323
-0.001689892,-0.010392131,-0.130478614
-0.001986064,-0.009076174,-0.074614237
-0.002121028,-0.011618108,-0.105358391
-0.002762109,-0.010152184,-0.083987455
-0.002319726,-0.008914959,-0.106483177
-0.003230735,-0.016038375,-0.130103685
-0.002672133,-0.005818148,-0.054743016
-0.003163253,-0.01579093,0.00674529
-0.003564397,-0.002256441,0.080606244
-0.002837089,-0.015862164,0.109850683
-0.004550387,-0.010538348,0.07310767
-0.001918582,-0.004520937,0.002246146
-0.004820316,-0.02208203,-0.05961709
-0.001959821,0.012057875,-0.078363524
-0.004295454,-0.043159842,-0.04499487
-0.003414437,0.032910736,0.013494007
-0.001187525,-0.056169448,0.021742438
-0.008066958,0.027976834,0.046487733
0.008589893,-0.049379708,-0.024373792
-0.121474511,-1.212944624,-0.074239309
-0.385787214,-1.683959847,-0.034871795
-0.595128183,-1.521587216,-0.093735601
-0.792311113,-1.664490428,-0.040870654
-0.969830486,-1.677575017,-0.027373221
-1.121421705,-1.793971625,-0.034496867
-1.261975839,-1.853414652,-0.032247294
-1.375750794,-1.882241989,-0.034121938
-1.481356657,-1.899791835,0.080231316
-1.572498839,-1.890317692,0.07310767
-1.652521458,-1.916906778,0.168714489
-1.71783671,-1.89189984,0.210331575
-1.769419339,-1.880543617,0.058485451
-1.811194557,-1.837544432,0.040863802
-1.841029179,-1.804443045,-0.067490592
-1.862657217,-1.770385621,-0.163847268
-1.873360641,-1.711943622,-0.128978899
-1.875096432,-1.65638848,-0.210338427
-1.868771853,-1.588303625,-0.206214211
-1.853805805,-1.514891206,-0.18934242
-1.830730648,-1.43328311,-0.197215922
-1.798170496,-1.350355307,-0.095235316
-1.757459997,-1.26335591,-0.114731608
-1.709243979,-1.182006506,-0.117356109
-1.653327495,-1.09715913,-0.099359532
-1.589774277,-0.998057425,-0.152974336
-1.519607806,-0.910668115,-0.157848409
-1.441710876,-0.807817244,-0.212587999
-1.35600101,-0.703399222,-0.332565183
-1.266913285,-0.606453287,-0.325066609
-1.173000585,-0.508138907,-0.215587429
-1.075477588,-0.405614214,-0.230209648
-0.969054441,-0.276485439,-0.248581154
-0.856842822,-0.174444388,-0.248956083
-0.738981446,-0.041723911,-0.362934408
-0.61577773,0.055079555,-0.424797643
-0.493260084,0.181628904,-0.44316915
-0.360710086,0.304436586,-0.44016972
-0.235658108,0.436126041,-0.342313329
-0.095895016,0.707614399,-0.270327019
0.00576314,0.43150332,-0.242582295
0.003067601,0.04934708,-0.218961787
-0.003639378,0.099533416,-0.116231323
0.001125614,0.046970109,-0.005252428
-0.002972054,0.038500743,-0.006377214
0.00019586,0.039160596,0.00674529
-0.001914833,0.01450983,-0.029997722
-0.000580185,0.028351751,-0.117356109
-0.000910098,0.007465147,-0.151099692
-0.001037565,0.01554085,-0.116231323
-0.000388986,0.007667602,-0.08248774
-0.00113129,0.007918796,-0.04499487
-0.000306508,0.006959009,0.074232456
-0.000508954,0.003704733,0.09635325
-0.000160296,0.004938209,0.063359524
-0.000235276,0.001665187,0.067108811
6.46e-05,0.003284827,0.054361235
0.000390808,0.001575207,0.057360665
0.000237099,0.002789937,0.074232456
0.000544518,0.003048629,0.080231316
0.000634494,0.003176101,0.05886038
0.000833191,0.001170297,0.059985166
0.001155606,-0.001251664,0.071607955
0.001058132,-0.00064055,0.074607385
0.00102814,0.002276301,0.08772989
0.001046885,-0.002050237,0.071233027
0.000893176,-0.007636494,0.02999087
0.000874431,-0.000599309,-0.040120797
0.000926917,8.3e-05,-0.128229042
0.000911921,-0.001487862,-0.208088855
0.000750713,0.000949096,-0.24408201
0.000675733,-0.002683846,-0.20358971
0.000814446,-0.000228142,-0.189717348
0.001579244,0.003839703,-0.191591992
0.002227823,-0.000111918,-0.190842134
0.002317799,0.001935127,-0.225710504
0.003210064,0.002924907,-0.24108258
0.003405012,0.000311738,-0.263203374
0.003899882,0.006756554,-0.280450094
0.004181057,0.000262999,-0.293947527
0.004383504,0.006220424,-0.282324737
0.005530701,0.002178823,-0.250830727
0.00466468,0.001912632,-0.257579443
0.006355483,0.00852991,-0.219336716
0.005264521,-0.006335533,-0.139851831
0.006610416,0.016684346,-0.056992589
0.006273005,-0.014684926,-0.016875218
0.005631924,0.01797031,-0.012751002
0.008653626,-0.008390076,-0.018374932
0.004214798,0.000266748,-0.069365236
0.010696837,0.020463505,-0.065615949
0.002490254,-0.043857187,-0.039745868
0.01223768,0.085852709,-0.016875218
0.001268077,-0.158049285,0.005245576
0.025839088,0.574399033,0.011994292
0.302699728,1.915269507,0.08772989
0.643720924,1.856850002,0.136095692
0.922426077,1.818192351,0.142094551
1.21010261,1.946769999,0.19420964
1.461949855,1.94546154,0.308562894
1.702400109,2.085084231,0.339307047
1.93047863,2.05142047,0.38467342
2.147666278,2.103170208,0.426290506
2.355267707,2.146566805,0.386173135
2.542343306,2.196959345,0.520022681
2.717549539,2.255142652,0.669244303
2.875843988,2.289252564,0.707861959
3.024263545,2.320794298,0.633251148
3.159779009,2.303548134,0.628002146
3.282424123,2.294827574,0.503525818
3.3913816,2.283760036,0.389172564
3.485163085,2.275541864,0.388047778
3.567427612,2.254966441,0.338932119
3.63661934,2.229352139,0.272569739
3.693698018,2.189674715,-0.111732179
3.739121023,2.115362496,-0.445043793
3.773210771,2.048623592,-0.525653464
3.796698318,1.993019711,-0.235083721
3.810280982,1.91583938,-0.292072884
3.814569849,1.843068068,-0.383930415
3.810011053,1.76663757,-0.291697955
3.797035729,1.686611622,-0.582267697
3.774792853,1.628788234,-0.531652323
3.744617071,1.566893253,-0.455166868
3.706530879,1.510595776,-0.197215922
3.659728238,1.448389614,-0.001503141
3.605041429,1.376915513,-0.160847839
3.54157069,1.301084882,-0.657253437
3.470050826,1.220462816,-1.144285819
3.390755516,1.151946807,-0.870962796
3.303441073,1.081001339,-0.526028392
3.209352169,1.010629493,-0.314193677
3.108121401,0.936343518,-0.48928538
3.000202399,0.859095702,-0.820347422
2.884931588,0.779935811,-0.86421408
2.762095276,0.701147088,-1.02280892
2.635986077,0.634003274,-0.800101272
2.505546772,0.553741128,-0.446543508
2.36865917,0.469594846,-0.479162305
2.224640951,0.373526217,-0.404926422
2.072509874,0.28396239,-0.452542367
1.916869724,0.197885288,-0.559771975
1.755171174,0.102154083,-0.268827304
1.591208222,0.022191871,0.088479747
1.421842946,-0.092453876,0.169089418
1.247892631,-0.164392874,0.144344123
1.07214654,-0.273452363,-0.014250717
0.889251087,-0.360927904,-0.44879308
0.711184359,-0.447691104,-0.556397617
0.52263165,-0.577693435,-0.382055772
0.345464685,-0.642842693,-0.272201662
0.157590547,-0.940638948,0.042363517
-0.007212184,-0.700564852,0.262446664
-0.026418362,-0.117502054,0.22607858
-0.009671535,-0.134856944,0.16271563
-0.018822868,-0.10295529,0.219704792
-0.012693237,-0.058411449,0.316436397
-0.016374764,-0.076876092,0.30668825
-0.01483767,-0.034188087,0.375300203
-0.015077607,-0.054714771,0.286442101
-0.015722437,-0.027758268,-0.027373221
-0.014665216,-0.034499268,-0.110607393
-0.016157322,-0.028358134,-0.090736172
-0.014995129,-0.023450476,-0.052868373
-0.016067346,-0.026790983,0.070858098
-0.015643708,-0.017376827,0.086230175
-0.015992365,-0.022078281,-0.023998863
-0.01639351,-0.017144379,-0.260578873
-0.016037354,-0.01763177,-0.42854693
-0.01650598,-0.016207087,-0.530527537
-0.016640944,-0.016656987,-0.542900184
-0.017019594,-0.016851944,-0.313068891
-0.01722579,-0.013762631,-0.199840423
-0.017357005,-0.015757187,-0.163847268
-0.017656926,-0.015993385,-0.127479184
-0.017645679,-0.014741163,-0.182593703
-0.01745073,-0.012832838,-0.195341279
-0.017360754,-0.011171957,-0.118105967
-0.01726328,-0.011464392,-0.055867803
-0.017589444,-0.013571424,-0.151474621
-0.018241771,-0.014328755,-0.228709933
-0.018534194,-0.011760576,-0.313443819
-0.019032813,-0.014729916,-0.418798784
-0.019606411,-0.012247968,-0.325441538
-0.019707634,-0.012829089,-0.145850691
-0.020416197,-0.015715947,0.003370932
-0.020213751,-0.010688315,0.097852965
-0.021128509,-0.020222444,0.145843838
-0.021480916,-0.007943925,0.031115656
-0.021263474,-0.016746967,-0.123354969
-0.022500647,-0.01062083,-0.070490022
-0.021109764,-0.008922458,-0.052118516
-0.023872784,-0.021665873,-0.022499148
-0.021473418,0.003955927,0.088479747
-0.023666589,-0.034030623,0.091854105
-0.023186716,0.013452565,0.046487733
-0.021713355,-0.035249101,0.038989159
-0.026347131,0.002898663,0.078731601
-0.017885616,-0.018212891,0.071233027
-0.031876921,-0.042994878,0.061484881
-0.008303146,0.099417192,0.028116226
-0.099745249,-1.018494129,-0.14022676
-0.435888983,-1.900275477,-0.245956653
-0.760275823,-1.612571977,-0.236583436
-1.04740875,-1.661896005,-0.212587999
-1.337435912,-1.643656312,-0.031497437
-1.593403319,-1.638838634,0.206582288
-1.846596458,-1.640349548,0.230202796
-2.085981994,-1.52970791,0.235076869
-2.321865954,-1.531837436,0.208082002
-2.542671396,-1.502458971,0.09635325
-2.748072156,-1.527308444,0.167214774
-2.941026203,-1.535740318,0.218580006
-3.118725528,-1.558786441,0.220829578
-3.286662431,-1.583947094,0.281942956
-3.438516081,-1.59273514,0.229452938
-3.57681706,-1.608942784,0.189335567
-3.698281234,-1.606067174,0.202833001
-3.805712865,-1.612504492,0.206957216
-3.900161674,-1.600319702,0.062609667
-3.979693172,-1.586012885,-0.058867232
-4.047085376,-1.572793326,-0.083612526
-4.100598745,-1.547568937,-0.265452946
-4.140776885,-1.525276396,-0.229459791
-4.169205628,-1.502522707,-0.197215922
-4.186102416,-1.475509966,-0.116981181
-4.191635954,-1.445685351,0.115099685
-4.186372344,-1.413764951,0.274819311
-4.171267583,-1.379947474,0.364802199
-4.14658785,-1.343756775,-0.284199381
-4.113199167,-1.304034361,-0.455916725
-4.071453941,-1.26322094,-0.19796578
-4.020887294,-1.217259914,-0.403051779
-3.961278035,-1.16589634,0.020992581
-3.89241247,-1.111394713,-0.266577732
-3.814601768,-1.054193688,-0.883710372
-3.728460765,-0.99673397,-0.701869953
-3.634368112,-0.934520309,-0.842843144
-3.532646224,-0.876543206,-0.539900754
-3.424056149,-0.82064689,-0.176969773
-3.308159254,-0.752959447,-0.373057483
-3.184355697,-0.684398449,-0.410550353
-3.054546225,-0.621869858,-0.543275113
-2.920687823,-0.562539306,-0.533526966
-2.782454327,-0.488781963,-0.227585147
-2.636366654,-0.402686115,-0.029997722
-2.482829698,-0.32547954,0.015743579
-2.322233357,-0.239878582,-0.068615378
-2.157051976,-0.167006042,-0.325816467
-1.989336265,-0.078023336,-0.465289943
-1.815768349,0.003296074,-0.348312189
-1.639943529,0.084439274,-0.388429559
-1.456365756,0.184860685,-0.297321885
-1.272266871,0.25029113,-0.10835782
-1.083354258,0.366740226,-0.323191966
-0.892252222,0.418737409,-0.349062046
-0.701858749,0.543187226,-0.207338997
-0.503566112,0.622095922,-0.193091707
-0.319261031,0.761999801,0.088854676
-0.112983003,1.002388827,0.404169712
0.014303384,0.470944546,0.445411869
0.000679482,0.058911203,0.28081817
-0.002563412,0.150803261,0.174338419
0.002077863,0.056481743,0.121473473
-0.002480933,0.071110989,-0.014250717
0.001650476,0.04305223,0.115474613
-0.001614912,0.024287655,0.145093981
0.000949411,0.042549842,-0.136852402
-0.000134053,0.013797488,-0.175844986
0.000319577,0.028141797,-0.209963498
0.000866932,0.010573205,-0.349811903
0.000240848,0.015897021,-0.209963498
0.00129432,0.013040157,0.005245576
0.000818195,0.006182932,0.008994863
0.001421786,0.009913352,0.0356148
0.001350555,0.00668532,-0.00187807
0.001815432,0.006362892,-0.19496635
0.00216409,0.004758249,-0.176969773
0.002287807,0.007438903,-0.11435668
0.002685202,0.004012165,-0.107233034
0.002718943,0.005005694,-0.028123079
0.003607459,0.008477422,-0.042370369
0.004679676,0.004735754,-0.140601689
0.005073322,0.004428322,-0.232834149
0.005710653,0.004237115,-0.236583436
0.005883108,0.001627695,-0.197590851
0.006299248,0.007397662,-0.197590851
0.007030305,0.000817875,-0.137977188
0.006760376,0.001620197,-0.122230182
0.008304968,0.008638636,-0.191591992
0.007603903,-0.003013772,-0.170970913
0.008443682,0.011769189,-0.080613097
0.008818583,-0.005896881,-0.03074758
0.008098773,0.011919156,0.053236449
0.010573119,0.001492725,0.116224471
0.007675135,-0.002365166,0.00412079
0.011915265,0.019788655,-0.118480895
0.007877581,-0.024638962,-0.203964639
0.01163034,0.044090749,-0.257204514
0.010415661,-0.047730075,-0.223460931
0.008132514,0.060287147,-0.148100263
0.017220114,-0.056975518,-0.085112241
-0.004557885,0.084551749,-0.119230753
0.179121111,1.511559312,-0.124104826
0.555847879,1.939560353,-0.038246154
0.872358048,1.641227967,-0.012376073
1.184448135,1.769524428,0.016118508
1.486348412,1.707940627,0.17996235
1.764168798,1.750377437,0.221954364
2.038356393,1.664379067,0.139844979
2.300423439,1.603841284,0.152217626
2.563461479,1.620018935,0.100852394
2.806641013,1.593317375,0.126347546
3.038464795,1.645277066,0.276693954
3.259596401,1.661930862,0.276693954
3.469424741,1.703201681,0.250448945
3.66653644,1.71903066,0.293940675
3.845709126,1.730394382,0.152217626
4.011644058,1.756945976,0.072732742
4.163430226,1.770787897,0.158216485
4.303140832,1.790197329,0.130096833
4.430547188,1.799562746,0.210331575
4.544588323,1.800942439,0.260946949
4.643490956,1.791648256,0.211081432
4.728364793,1.78511346,0.173963491
4.801376763,1.778282479,0.048362376
4.861353425,1.765572807,0.065234168
4.909243279,1.75818695,0.128597118
4.944675172,1.734432234,0.105351539
4.966843069,1.70406024,0.08772989
4.976905411,1.684572075,-0.056242731
4.975484537,1.655789728,-0.212962928
4.963071565,1.620161403,-0.185593133
4.940082635,1.583198376,-0.109482607
4.907732428,1.544169558,-0.092610815
4.866512063,1.502471333,-0.119230753
4.816882669,1.462186545,-0.200965209
4.759654031,1.418418781,-0.334814755
4.694380018,1.365143132,-0.43454579
4.621049382,1.31534296,-0.487410736
4.538983553,1.262288512,-0.48628595
4.448268758,1.20525245,-0.432296217
4.349741027,1.146652985,-0.46041587
4.243145425,1.085597817,-0.470164016
4.129044306,1.028216831,-0.519654604
4.008202467,0.964286052,-0.582642626
3.881380956,0.90329462,-0.5065321
3.748392325,0.837178078,-0.507656886
3.607890677,0.757028407,-0.504282528
3.46215916,0.696929276,-0.495659168
3.31344718,0.635311733,-0.529027822
3.159422854,0.556226825,-0.515905317
2.99800173,0.473846401,-0.517405032
2.828340282,0.387413128,-0.447668294
2.654018815,0.308474437,-0.332565183
2.475187289,0.222828489,-0.219336716
2.292827945,0.149408572,-0.179594274
2.107379416,0.057119101,-0.224585718
1.915501336,-0.029220443,-0.225335575
1.722611022,-0.114000333,-0.242207366
1.523444866,-0.213237008,-0.188217634
1.325088496,-0.279975912,-0.084362384
1.121813424,-0.402288704,-0.053993159
0.917518623,-0.461836707,-0.000753284
0.714880883,-0.591160439,0.038239301
0.503279261,-0.669360544,0.077981743
0.306988595,-0.82168166,0.109100826
0.088672496,-1.064323934,0.128222189
-0.045688274,-0.507509047,0.202083143
-0.031547008,-0.082979734,0.188210781
-0.028195393,-0.179314554,0.102727038
-0.032596731,-0.079867926,0.028491155
-0.027453089,-0.088565991,-0.065615949
-0.032019383,-0.070468767,-0.110982321
-0.02866027,-0.049578414,-0.089236457
-0.031082131,-0.062149368,-0.041995441
-0.029826212,-0.038720829,-0.011251287
-0.030156125,-0.047227687,0.010494577
-0.030572265,-0.030521403,-0.014625646
-0.029803718,-0.035815226,-0.049494015
-0.030737222,-0.029880296,-0.071239879
-0.030313584,-0.029884045,-0.135727616
-0.03096966,-0.029974025,-0.124479755
-0.03070723,-0.022873105,-0.142851261
-0.031089629,-0.025898681,-0.193466635
-0.031419542,-0.02343173,-0.235083721
-0.03134831,-0.025385046,-0.297696814
-0.031891917,-0.022235746,-0.26995209
-0.032727946,-0.024215306,-0.247456368
-0.033646454,-0.029460389,-0.22383586
-0.03422755,-0.025786206,-0.206964069
-0.034906121,-0.023649182,-0.233209078
-0.03494736,-0.021253465,-0.260953801
-0.035547202,-0.023221777,-0.283074595
-0.035959593,-0.01664574,-0.234333864
-0.035985836,-0.022100776,-0.160847839
-0.037118037,-0.020537374,-0.086611956
-0.036203278,-0.016994412,-0.004877499
-0.037852843,-0.025999909,0.009369791
-0.036934335,-0.00675544,-0.007127072
-0.038059038,-0.030810089,-0.035996581
-0.038418943,-0.004603419,-0.066365806
-0.036776877,-0.028354385,-0.113231894
-0.040522138,-0.016342057,-0.175844986
-0.035535955,-0.007471531,-0.18934242
-0.042561599,-0.043654732,-0.236208507
-0.034958607,0.033458115,-0.24408201
-0.042404141,-0.098501281,-0.19796578
-0.036551936,0.120127585,-0.149225049
-0.045763254,-0.434606515,-0.089986314
-0.318211309,-1.755388957,-0.049868943
-0.693625923,-1.763768343,0.049487162
-0.998574145,-1.651634537,0.027741298
-1.315886603,-1.765860378,0.049487162
-1.606314909,-1.708955536,0.19158514
-1.884330244,-1.7437328,0.140219908
-2.153722856,-1.617877047,0.173213633
-2.416011093,-1.619879101,0.241075728
-2.673969224,-1.616486106,0.165715059
-2.910662971,-1.619912844,0.174713348
-3.139652501,-1.663864317,0.188210781
-3.355940386,-1.67985451,0.110225612
-3.562240909,-1.718043515,0.120723615
-3.752848075,-1.717736083,0.158216485
-3.927424475,-1.73959747,0.116974328
-4.089505424,-1.752250905,0.145843838
-4.237430112,-1.76409827,0.155966913
-4.374238985,-1.780988263,0.117724186
-4.497506433,-1.780763313,0.147718482
-4.607427407,-1.778626288,0.175088277
-4.702727241,-1.768297336,0.196084284
-4.784470655,-1.764364461,0.208082002
-4.85477209,-1.755992573,0.19158514
-4.911719552,-1.739008851,0.191960068
-4.956190309,-1.724405849,0.108350968
-4.988345568,-1.699785076,0.034490014
-5.007637973,-1.671411388,0.039739016
-5.015012276,-1.64541842,-0.063366376
-5.011401979,-1.613719222,-0.143601118
-4.996769593,-1.57978552,-0.153724193
-4.971654975,-1.547070298,-0.237333293
-4.937426514,-1.511149538,-0.309319604
-4.894095456,-1.468461534,-0.319442679
-4.842704027,-1.427700601,-0.335564613
-4.784013276,-1.384543952,-0.360684836
-4.717393368,-1.331759443,-0.3824307
-4.642570626,-1.280819525,-0.386179987
-4.559110166,-1.223236084,-0.415049497
-4.467124456,-1.164126733,-0.452167438
-4.366849686,-1.109280184,-0.43154636
-4.258435815,-1.043141146,-0.431171431
-4.142707625,-0.978295571,-0.452917296
-4.020362433,-0.918642591,-0.41130021
-3.891880111,-0.855690345,-0.370432982
-3.756679563,-0.783556391,-0.41429964
-3.614333403,-0.712052297,-0.383555486
-3.467968303,-0.652144373,-0.329190825
-3.317974162,-0.585555436,-0.355810763
-3.161681684,-0.511820588,-0.311194247
-2.99738507,-0.422969103,-0.273326449
-2.825223033,-0.340228759,-0.274451235
-2.649465695,-0.26510672,-0.242207366
-2.468467241,-0.182085188,-0.242957224
-2.284825735,-0.111068485,-0.246331582
-2.096955346,-0.012544152,-0.204714496
-1.904068782,0.059706026,-0.192341849
-1.709675115,0.152010493,-0.197590851
-1.509095582,0.235946821,-0.154474051
-1.310503024,0.313160895,-0.107607963
-1.104108777,0.425654621,-0.074989166
-0.901152372,0.476298355,-0.031122508
-0.692984842,0.631506329,0.02699144
-0.483816327,0.672664673,0.090729319
-0.283034348,0.911029149,0.124847831
-0.06645404,0.989754137,0.153342412
0.021017861,0.297748073,0.192334997
-0.004520395,0.08288337,0.172463776
0.002074114,0.153907571,0.159341271
0.000739466,0.047671203,0.151467769
-0.000175292,0.080603877,0.067858669
0.001995385,0.03433167,0.047987447
-0.000512703,0.043925786,0.053611378
0.002257815,0.034837808,-0.02474872
0.000184613,0.017396688,-0.063741305
0.002070365,0.025742331,-0.074614237
0.001309316,0.010771911,-0.100109389
0.001571746,0.021367054,-0.095985173
0.002325297,0.009632165,-0.104608533
0.001845424,0.008657382,-0.107607963
0.002610222,0.009782131,-0.101234175
0.002306552,0.006809043,-0.148100263
0.002906394,0.009122278,-0.158598266
0.003045107,0.006497862,-0.160097981
0.003472494,0.003869697,-0.206964069
0.004623441,0.007701344,-0.185593133
0.005418231,0.009830871,-0.178094559
0.006332989,0.007963786,-0.222711074
0.007090289,0.003281078,-0.247831297
0.007311481,0.003502278,-0.271076876
0.008140012,0.009039796,-0.271826734
0.007986302,0.000165521,-0.245956653
0.008507415,0.008312458,-0.210338427
0.009519648,0.001537715,-0.196840994
0.008859822,0.005110671,-0.155598837
0.010486892,0.004233366,-0.118480895
0.008807336,-0.010204673,-0.102358961
0.011150467,0.01837522,-0.032622223
0.010198218,-0.014291264,-0.015000574
0.010149481,0.020234806,-0.006002285
0.012650071,-0.014849889,-0.014250717
0.008308717,0.00852991,-0.079488311
0.015334362,0.013100143,-0.141351546
0.00621677,-0.035537787,-0.184093418
0.018453538,0.080191469,-0.167221626
0.002790175,-0.158049285,-0.171720771
0.043309475,0.696243178,-0.153724193
0.355976909,1.927270587,-0.119605682
0.718974802,1.749402654,-0.05661766
1.023814303,1.705964816,-0.038621082
1.343376166,1.76344328,-0.032247294
1.631600055,1.723499666,0.115849542
1.913131961,1.745064869,0.087354961
2.181935978,1.60750047,0.097478036
2.446964742,1.625455226,0.166089988
2.707277252,1.615666153,0.046862661
2.949099644,1.62678243,0.1192239
3.180064903,1.65209305,0.195709355
3.397451247,1.676706325,0.149593125
3.60772572,1.71350064,0.228703081
3.80351027,1.716095063,0.233577154
3.983076602,1.737986443,0.175463205
4.14796181,1.741754355,0.182961779
4.299489297,1.756376102,0.140219908
4.439852231,1.767687336,0.122973187
4.56773846,1.76713246,0.154842127
4.683207968,1.766041452,0.151842697
4.784375003,1.752128297,0.164590273
4.871584474,1.738440092,0.184086566
4.946392219,1.726577731,0.188960639
5.008884467,1.707708179,0.248574302
5.059293655,1.684553329,0.221579436
5.097473573,1.656749514,0.152592555
5.12376538,1.621169929,0.149218196
5.138120339,1.592121391,0.005620504
5.140512208,1.561213266,-0.111732179
5.132065688,1.521055949,-0.153724193
5.112765785,1.483103142,-0.266952661
5.083204841,1.444051829,-0.314568606
5.044263874,1.401157621,-0.331440397
4.996523981,1.363021104,-0.384680272
4.941068625,1.328562519,-0.399302492
4.87784532,1.285210913,-0.380181128
4.806640373,1.237247832,-0.376431841
4.727348812,1.189153531,-0.395553205
4.639333304,1.133917068,-0.39405349
4.54232767,1.073787944,-0.374557198
4.437494104,1.013898766,-0.389179417
4.324941325,0.956798968,-0.421423285
4.204830543,0.898139517,-0.394428419
4.078912544,0.838823961,-0.357310477
3.946819926,0.77989457,-0.35956005
3.807716659,0.711633505,-0.289073454
3.662236326,0.649543567,-0.289448383
3.512872018,0.595281887,-0.326941253
3.359777446,0.525363691,-0.293572598
3.199379802,0.444063026,-0.34793726
3.030764328,0.357491034,-0.354311048
2.855284417,0.285233357,-0.312693962
2.675823058,0.214381618,-0.331440397
2.491525475,0.130928932,-0.33631447
2.30470106,0.062709108,-0.283449523
2.113017927,-0.030682617,-0.237333293
1.916097428,-0.104563682,-0.211838142
1.718517103,-0.192170444,-0.138352117
1.514488481,-0.275720609,-0.10835782
1.312686771,-0.344281607,-0.111732179
1.103589487,-0.454229649,-0.083237598
0.896854079,-0.504595946,-0.066740735
0.686988249,-0.652658009,-0.066365806
0.473092232,-0.700253672,-0.066365806
0.270461991,-0.91640059,-0.017250146
0.049356628,-1.038016036,0.014243864
-0.052144069,-0.367320232,0.03861423
-0.02790297,-0.096308019,0.12222333
-0.032495507,-0.177387483,0.116974328
-0.03244677,-0.066708353,0.116224471
-0.029972424,-0.096949126,0.160840986
-0.032975381,-0.060735932,0.130471761
-0.030002416,-0.059393731,0.110225612
-0.032814173,-0.056401896,0.088854676
-0.030587261,-0.037382377,0.041238731
-0.03203063,-0.046976493,0.011619364
-0.031670725,-0.033921897,-0.009376644
-0.031547008,-0.037607327,-0.035246724
-0.032375539,-0.027139655,-0.09710996
-0.031764451,-0.029974025,-0.156723623
-0.03237179,-0.02640107,-0.191217063
-0.032169344,-0.023990356,-0.255329871
-0.032607978,-0.027499575,-0.265452946
-0.032900401,-0.025175092,-0.260953801
-0.033421513,-0.027863244,-0.299946386
-0.034411252,-0.025654986,-0.280825023
-0.035239783,-0.022633158,-0.22683529
-0.036105804,-0.025711223,-0.191966921
-0.036844359,-0.02267065,-0.14322619
-0.037061802,-0.022359469,-0.086611956
-0.037665392,-0.023720416,-0.101984033
-0.037354224,-0.017620523,-0.115481466
-0.03843019,-0.027705779,-0.109107678
-0.038471429,-0.018246634,-0.117731038
-0.038358959,-0.024818922,-0.117731038
-0.03968236,-0.013845113,-0.125229612
-0.038347712,-0.018014185,-0.11998061
-0.04108074,-0.025550009,-0.140601689
-0.038452684,-0.004340977,-0.1747202
-0.04134692,-0.040411703,-0.199840423
-0.039577387,0.008691124,-0.200590281
-0.039734846,-0.049694638,-0.186717919
-0.043101457,0.011218062,-0.199465495
-0.035637178,-0.032508461,-0.172095699
-0.050010882,-0.028935506,-0.166846698
-0.023332927,0.062101743,-0.151474621
-0.144838341,-1.144383625,-0.139851831
-0.51235754,-1.903653476,-0.092610815
-0.850098353,-1.623384572,-3.43e-06
-1.160613856,-1.738412734,-0.059242161
-1.474128566,-1.722257577,0.067108811
-1.756852657,-1.73033703,0.145093981
-2.037619765,-1.675576711,0.014618793
-2.302828481,-1.576295047,0.112100255
-2.569518057,-1.619789121,0.099352679
-2.823483492,-1.594995887,0.052486592
-3.061425659,-1.622323558,0.157841557
-3.287539699,-1.63930353,0.138345264
-3.502575414,-1.676274056,0.148468339
-3.709524515,-1.700564903,0.202083143
-3.900259148,-1.703440513,0.175088277
-4.076496359,-1.716213922,0.191960068
-4.237707538,-1.71941196,0.212581147
-4.387274292,-1.730430759,0.181836993
-4.524645517,-1.731802954,0.152967483
-4.649326342,-1.737475442,0.137970335
-4.761927858,-1.728443701,0.135720763
-4.858933491,-1.712457257,0.163090558
-4.942903817,-1.708250693,0.164965202
-5.015349687,-1.693314016,0.196084284
-5.074467825,-1.674092042,0.227578295
-5.121454168,-1.654997539,0.118848972
-5.156192494,-1.629090802,0.12522276
-5.178199183,-1.602629189,0.118848972
-5.188853869,-1.572707095,-0.024373792
-5.18771417,-1.540288056,-0.038621082
-5.175454908,-1.509953554,-0.070115093
-5.15351945,-1.47527002,-0.161972625
-5.121176741,-1.437804604,-0.193466635
-5.07948775,-1.399375652,-0.219711644
-5.029610921,-1.361197895,-0.263953231
-4.9711826,-1.324572292,-0.288698525
-4.904888856,-1.279912227,-0.289823311
-4.830680952,-1.232912682,-0.332565183
-4.748232724,-1.184143531,-0.39967742
-4.65721051,-1.127876047,-0.415424426
-4.557640554,-1.074964067,-0.41130021
-4.450227668,-1.018482882,-0.431171431
-4.334754411,-0.957472703,-0.418048927
-4.211936844,-0.898247128,-0.353936119
-4.082547261,-0.837375669,-0.348312189
-3.946986809,-0.774637125,-0.341563472
-3.80448319,-0.705626226,-0.284199381
-3.655977406,-0.644811005,-0.298446671
-3.505169729,-0.589776997,-0.299196529
-3.349083447,-0.514403764,-0.28157488
-3.184880558,-0.432278283,-0.322442108
-3.013149657,-0.352016137,-0.319817607
-2.835232889,-0.278937393,-0.312693962
-2.653473387,-0.199871231,-0.331440397
-2.467083856,-0.122353475,-0.317568035
-2.278287462,-0.044798227,-0.286074024
-2.082956543,0.046062811,-0.271451805
-1.885492437,0.11228433,-0.266577732
-1.684785438,0.214021698,-0.225335575
-1.480318181,0.275755466,-0.213337856
-1.277283047,0.370451901,-0.178844416
-1.066071321,0.459513339,-0.109107678
-0.860974231,0.532697059,-0.054743016
-0.64478757,0.677418616,0.016118508
-0.437538548,0.709440243,0.10497661
-0.225033414,1.018221555,0.186711066
-0.023299186,0.848980452,0.163090558
0.01716013,0.153585142,0.197958927
-0.005870038,0.122249613,0.202083143
0.005170796,0.11862417,0.110975469
-0.000767636,0.048338554,0.129346975
0.002115353,0.077447079,0.088854676
0.001526758,0.028044319,0.049862091
0.001084375,0.050805506,0.040863802
0.002850159,0.024163932,-0.007876929
0.001091873,0.026342198,-0.014250717
0.002985123,0.023440343,-0.029997722
0.001871667,0.013992445,-0.028498007
0.002835163,0.017280463,-0.035996581
0.002793924,0.008878582,-0.074989166
0.002943884,0.013988696,-0.072739594
0.003258801,0.006584093,-0.083612526
0.003093844,0.010243279,-0.118105967
0.003877388,0.008792352,-0.119605682
0.003858642,0.00659534,-0.120730468
0.004465982,0.009767135,-0.134227901
0.005433227,0.008447428,-0.144725904
0.006224268,0.008211231,-0.191966921
0.007229002,0.008308709,-0.239957794
0.00799755,0.004956955,-0.227960076
0.008102522,0.005376861,-0.227960076
0.008972292,0.007806321,-0.225335575
0.008604889,-0.001289156,-0.229084862
0.009036025,0.008859837,-0.225335575
0.009950784,0.000847869,-0.184093418
0.009602126,0.006336648,-0.184468347
0.011274184,0.004642025,-0.125604541
0.009692102,-0.003816094,-0.036746439
0.012143955,0.016204453,-0.005627357
0.010449402,-0.01750055,0.019492866
0.011656583,0.021145854,-0.011626216
0.012511358,-0.017714252,-0.099359532
0.009632118,0.016673098,-0.176594844
0.01587422,-0.003707368,-0.253455227
0.006389224,-0.014546207,-0.275950949
0.020425518,0.05690165,-0.279325308
-0.000632672,-0.147262934,-0.294322456
0.066714544,0.87519837,-0.251580584
0.401523631,1.951197764,-0.213337856
0.753544423,1.69758543,-0.092610815
1.057675361,1.709931434,-0.049868943
1.373529454,1.738005189,0.00112136
1.657235786,1.716732421,0.167964631
1.936210867,1.707723175,0.098977751
2.201333356,1.581106341,0.114724756
2.46609594,1.609258829,0.18858571
2.720676213,1.580412745,0.119973758
2.956841349,1.602881497,0.221204507
3.184934867,1.630284152,0.282692814
3.400937827,1.65119325,0.210706503
3.608040637,1.679237012,0.24632473
3.798006723,1.675555331,0.200583428
3.972624362,1.687215237,0.086605104
4.133130727,1.683184884,0.079481458
4.28095794,1.699448766,0.028491155
4.41830667,1.713328178,0.039739016
4.542732563,1.708652968,0.082105959
4.653643275,1.699152582,0.074232456
4.749970338,1.684268393,0.139844979
4.832606017,1.67695377,0.177712778
4.902776237,1.66032247,0.198708785
4.96047725,1.64305756,0.262071735
5.005469119,1.622778321,0.232077439
5.038033019,1.596717868,0.182211922
5.059019977,1.575595067,0.168714489
5.068340016,1.535025342,0.015368651
5.065869419,1.50370106,-0.115481466
5.052369234,1.476969506,-0.146225619
5.028503036,1.435436245,-0.246706511
4.994574496,1.405041757,-0.310069461
4.951307171,1.360329203,-0.322817037
4.899615821,1.321379117,-0.353186262
4.839924084,1.293215382,-0.355810763
4.772325685,1.245297292,-0.36218455
4.696494459,1.199006339,-0.338938971
4.612175476,1.150357161,-0.328066039
4.519290004,1.095578097,-0.364059194
4.4183854,1.036397511,-0.357685406
4.309566635,0.978210455,-0.362559479
4.192717492,0.923303919,-0.392553775
4.069401306,0.858882,-0.352436404
3.939940492,0.799836384,-0.307070032
3.80358525,0.737270302,-0.314193677
3.660620502,0.669245434,-0.265452946
3.513156943,0.612134388,-0.279325308
3.362585454,0.542741075,-0.341188543
3.20582435,0.468852511,-0.322817037
3.040834169,0.392174568,-0.35356119
2.86811353,0.308579414,-0.374557198
2.690864086,0.238421271,-0.349436975
2.508755925,0.156846917,-0.349436975
2.323089954,0.086816245,-0.307819889
2.133757451,0.000161771,-0.240332723
1.938407787,-0.083819547,-0.238083151
1.742300823,-0.163215635,-0.200215352
1.539828039,-0.252524519,-0.161597696
1.338821119,-0.316324076,-0.163097411
1.132378135,-0.430808609,-0.145475762
0.925616484,-0.47994143,-0.163097411
0.719773341,-0.613025575,-0.125229612
0.505371208,-0.687041611,-0.073489451
0.306073837,-0.848308237,-0.026623364
0.084507346,-1.071773527,0.039739016
-0.045774501,-0.482832037,0.057360665
-0.028922701,-0.086050301,0.082855817
-0.026838251,-0.183704828,0.089604533
-0.030834696,-0.076145004,0.079856387
-0.026324637,-0.091621561,0.059985166
-0.030504783,-0.066479654,0.047612519
-0.026901985,-0.051115572,0.068983455
-0.029635013,-0.058718881,0.069358383
-0.02820664,-0.031627407,0.068233597
-0.028682764,-0.047643844,0.070858098
-0.029136395,-0.030022764,0.039364087
-0.028517808,-0.039189475,0.025116797
-0.029477554,-0.033427007,0.020617652
-0.02892645,-0.025741216,-0.009001715
-0.029601272,-0.030138988,-0.023998863
-0.02934259,-0.025043872,-0.07686381
-0.029541288,-0.027788261,-0.134977758
-0.029953679,-0.023772904,-0.18934242
-0.030167372,-0.023169289,-0.221211359
-0.030797206,-0.026416066,-0.224585718
-0.031666976,-0.024365273,-0.239957794
-0.032532998,-0.025733718,-0.211088284
-0.033376525,-0.025242577,-0.20358971
-0.033751426,-0.018617801,-0.184843275
-0.033957621,-0.022460696,-0.181093988
-0.034973603,-0.022194505,-0.21221307
-0.034534969,-0.018692784,-0.186717919
-0.035494715,-0.023015573,-0.158973195
-0.035314763,-0.011554372,-0.138727045
-0.035760895,-0.026603525,-0.142101404
-0.036548187,-0.011126967,-0.146600548
-0.03540099,-0.020458642,-0.109482607
-0.038032795,-0.023615439,-0.072739594
-0.035052332,-0.010084699,-0.046494585
-0.038891319,-0.035200362,-0.047244442
-0.035847122,0.012762718,-0.054743016
-0.037669141,-0.05463229,-0.116981181
-0.039045028,0.021865693,-0.225335575
-0.033563975,-0.054628541,-0.295822171
-0.046149402,0.006074206,-0.340438686
-0.020359962,-0.005923125,-0.317193106
-0.17184246,-1.308630838,-0.310069461
-0.54681844,-1.8923085,-0.212587999
-0.873889571,-1.615830002,-0.081737883
-1.184502547,-1.75465787,-0.094860387
-1.491805148,-1.719760633,0.044988018
-1.771050158,-1.748074334,0.107601111
-2.047524649,-1.674680661,0.050986877
-2.309779146,-1.60006101,0.169839275
-2.573911896,-1.633574805,0.167964631
-2.820364316,-1.604267574,0.129346975
-3.05252176,-1.645332189,0.228703081
-3.275104233,-1.663410668,0.199083714
-3.486942043,-1.698754056,0.197958927
-3.687735269,-1.710920099,0.299189676
-3.871361779,-1.71505168,0.270695095
-4.040865768,-1.730314535,0.285692243
-4.195801105,-1.732714001,0.271070024
-4.33953065,-1.745108744,0.155217056
-4.471342093,-1.747395735,0.120348687
-4.590271937,-1.745558644,0.107976039
-4.695184233,-1.731739218,0.117349257
-4.785632848,-1.723131133,0.194959498
-4.864084631,-1.716637577,0.240700799
-4.929857263,-1.698964009,0.232452368
-4.983066962,-1.681481648,0.184461494
-5.023481289,-1.657130815,0.091104248
-5.050957784,-1.633364851,0.085855246
-5.06717975,-1.606764519,0.046862661
-5.071547347,-1.575256528,-0.03937094
-5.064431726,-1.546845348,-0.045369799
-5.047774874,-1.51248799,-0.120730468
-5.020860731,-1.477028378,-0.21221307
-4.983685548,-1.439131809,-0.268452375
-4.937831407,-1.401883844,-0.308194818
-4.883616973,-1.364395933,-0.304070602
-4.821282184,-1.321070571,-0.339688828
-4.750680828,-1.279904728,-0.332565183
-4.671400513,-1.226239166,-0.328066039
-4.583741161,-1.171580075,-0.404926422
-4.487972701,-1.121285013,-0.405301351
-4.384522519,-1.062269391,-0.407550923
-4.273154428,-1.005053369,-0.460040941
-4.154490763,-0.941175079,-0.466789658
-4.028827697,-0.876055814,-0.445043793
-3.896521385,-0.816803995,-0.481036948
-3.757616816,-0.745378634,-0.475038089
-3.611341693,-0.677282531,-0.389179417
-3.462029871,-0.623609471,-0.374182269
-3.309291455,-0.554054943,-0.314568606
-3.149306202,-0.473166687,-0.256829586
-2.981609236,-0.389515295,-0.277825593
-2.807141557,-0.31495938,-0.262828445
-2.628786156,-0.242555486,-0.271451805
-2.445077168,-0.161914675,-0.294322456
-2.258938821,-0.078192049,-0.250830727
-2.06702325,0.015068455,-0.190467206
-1.871628598,0.083367012,-0.182968632
-1.673245985,0.182165035,-0.16609684
-1.470851931,0.248735226,-0.134602829
-1.270246155,0.339176358,-0.139476903
-1.061774956,0.430228603,-0.152599407
-0.859170958,0.50244129,-0.126729327
-0.646388397,0.648291345,-0.061866662
-0.441100107,0.688332438,-0.041245583
-0.232748877,0.995685318,-0.009376644
-0.028821478,0.867055181,0.056610808
0.01856226,0.166782207,0.077231886
-0.005701333,0.112456791,0.118099114
0.005197039,0.125256444,0.166089988
-6.66e-05,0.0481361,0.145468909
0.002284058,0.0807276,0.109850683
0.002092859,0.029633965,0.092229034
0.001121865,0.04827107,0.065984025
0.003067601,0.016223199,0.03861423
0.001275575,0.020774686,0.00974472
0.003367522,0.024343892,-0.018000004
0.002197831,0.009714646,-0.015000574
0.003026362,0.019312511,-0.01050143
0.003105091,0.006231671,-0.041245583
0.003116338,0.012267828,-0.040495726
0.003689937,0.007018996,-0.022124219
0.003633702,0.006422879,-0.006752143
0.004214798,0.006644079,-0.025498578
0.004049842,-0.000115667,-0.086237027
0.004574703,0.002666214,-0.112107107
0.005508207,0.005886748,-0.167221626
0.006396722,0.004548296,-0.185593133
0.007120281,-2.94e-05,-0.184093418
0.008151259,0.003910937,-0.205464354
0.008346207,0.002070097,-0.185593133
0.00863863,0.004308349,-0.191217063
0.009193484,-0.000704286,-0.196840994
0.009036025,0.002789937,-0.212962928
0.010366924,0.005226895,-0.208463783
0.009452165,-0.004907101,-0.187467776
0.010888036,0.010310764,-0.190842134
0.010449402,-0.006223058,-0.143601118
0.010865542,0.014783519,-0.09973446
0.012305162,-0.00792518,-0.087361813
0.010205716,0.005440597,-0.040495726
0.01416842,0.004885721,0.010119649
0.009126002,-0.020203698,0.016868365
0.015199398,0.031028655,-0.014250717
0.009534644,-0.052315305,-0.044245013
0.013947228,0.080255205,-0.126354398
0.013658555,-0.121127498,-0.250830727
0.008934802,0.303544284,-0.283074595
0.250997131,1.715997585,-0.308569746
0.62749146,1.844256553,-0.222336145
0.934329183,1.646712997,-0.114731608
1.250333236,1.775028203,-0.142101404
1.544877956,1.717126084,-0.002252998
1.822788318,1.7680735,0.032615371
2.093283139,1.650417173,-0.015750432
2.354559144,1.625650182,0.099727608
2.615085347,1.636042871,0.101227323
2.854752058,1.619441563,0.143219337
3.084832551,1.665695024,0.230202796
3.303411081,1.684257145,0.198708785
3.51214471,1.715161521,0.236201655
3.707149466,1.722779826,0.268445523
3.885058735,1.731009245,0.243700229
4.049212887,1.740393408,0.26357145
4.19927451,1.750553648,0.228328152
4.338325291,1.762644708,0.199458642
4.465641671,1.761564948,0.172463776
4.579679057,1.75373294,0.110975469
4.679144041,1.745690979,0.099352679
4.764925139,1.73152663,0.13084669
4.838443225,1.718284576,0.166839845
4.899222175,1.703557852,0.220079721
4.947157017,1.684965738,0.211831289
4.982693883,1.659381429,0.114349827
5.00588151,1.6262463,0.144719052
5.017136038,1.605254719,0.092229034
5.017079803,1.574121645,-0.020999433
5.006200176,1.534185529,0.016493437
4.985007022,1.501755243,-0.0479943
4.954002709,1.468020247,-0.173970343
4.913580884,1.429793751,-0.264703088
4.864236414,1.393869242,-0.360684836
4.806951541,1.355252832,-0.453667153
4.741602548,1.302906976,-0.502032956
4.667769545,1.257692034,-0.479912162
4.585669975,1.207224511,-0.499033526
4.494853957,1.148820003,-0.522654034
4.395745128,1.097985061,-0.481411877
4.289378217,1.040341634,-0.494534382
4.175524532,0.978517887,-0.510281387
4.054562724,0.916053032,-0.466414729
3.927373811,0.854712927,-0.432671146
3.793804083,0.790845884,-0.437920148
3.65286755,0.722693545,-0.424422715
3.506577431,0.65986877,-0.392178846
3.357479303,0.59441583,-0.407175994
3.20291137,0.522075672,-0.35356119
3.04102162,0.440010177,-0.315318463
2.870865303,0.355024082,-0.337064328
2.69546787,0.282920122,-0.296197099
2.515860299,0.197817803,-0.32206718
2.332001351,0.128904383,-0.345312759
2.145360637,0.043805813,-0.303320745
1.952001697,-0.046414118,-0.30182103
1.757315608,-0.121558652,-0.245956653
1.556694835,-0.222291244,-0.188592562
1.356194032,-0.28083822,-0.164222197
1.152446585,-0.393995549,-0.12298004
0.945647445,-0.457315213,-0.115481466
0.742792262,-0.573753062,-0.062991448
0.529421107,-0.671167642,-0.023249006
0.331915763,-0.791080967,0.002996003
0.11395207,-1.071128671,0.054361235
-0.037879086,-0.588914689,0.043863232
-0.031966897,-0.089821962,0.04161366
-0.023917773,-0.179382039,0.045737875
-0.030947166,-0.091685297,0.063734453
-0.024731308,-0.082499841,0.07310767
-0.02919263,-0.079942909,0.070108241
-0.026152183,-0.048956052,0.111725326
-0.028349102,-0.062471796,0.100852394
-0.027490579,-0.034645486,0.060360095
-0.027201905,-0.046234158,0.050611948
-0.028082923,-0.033603218,0.050611948
-0.027235646,-0.034098108,0.046487733
-0.02828162,-0.032347247,0.019492866
-0.027749261,-0.027724525,-0.015000574
-0.028499063,-0.028395626,-0.05361823
-0.028337855,-0.024155319,-0.088861528
-0.028420334,-0.02716215,-0.091486029
-0.028795235,-0.023574199,-0.056992589
-0.02888896,-0.023379242,-0.035246724
-0.029466307,-0.024039095,-0.09411053
-0.030129882,-0.025373798,-0.160847839
-0.031224593,-0.026374826,-0.230209648
-0.032049375,-0.024548982,-0.313068891
-0.032615476,-0.023731664,-0.302570887
-0.032476762,-0.023442978,-0.282699666
-0.033267804,-0.024833918,-0.270327019
-0.033440258,-0.015918402,-0.244831867
-0.033920131,-0.023742911,-0.253080299
-0.034733666,-0.019547594,-0.248206226
-0.033826406,-0.020237441,-0.215962357
-0.035715907,-0.019697561,-0.149599977
-0.034231299,-0.009473585,-0.079863239
-0.03615829,-0.03058139,-0.065990877
-0.034921117,-0.004573425,-0.053243302
-0.03547597,-0.038645846,-0.040120797
-0.037376719,0.000967842,-0.043120227
-0.033650203,-0.03094131,-0.050243872
-0.040480899,-0.02518634,-0.065990877
-0.030890931,0.010273272,-0.022124219
-0.043929988,-0.086039053,-0.050993729
-0.0262759,0.128484476,-0.102358961
-0.077217448,-0.758448226,-0.158223338
-0.400232149,-1.874586192,-0.22683529
-0.759368562,-1.689006224,-0.150349835
-1.061621247,-1.704707731,-0.193466635
-1.376894243,-1.765980351,-0.121855254
-1.660270661,-1.743470359,0.037864373
-1.938046059,-1.754999044,-0.018374932
-2.202819891,-1.633766012,0.069733312
-2.464624506,-1.666826158,0.126722474
-2.718046335,-1.649205078,0.100852394
-2.95194332,-1.668108373,0.233202225
-3.177633722,-1.703721701,0.277818741
-3.390858665,-1.728837364,0.243700229
-3.594921029,-1.76085899,0.303313892
-3.782765175,-1.758200832,0.281942956
-3.955575791,-1.77924865,0.233202225
-4.114938708,-1.784182552,0.255697947
-4.260092877,-1.792033306,0.230202796
-4.394674838,-1.802995867,0.208082002
-4.516787592,-1.79898426,0.234327011
-4.624372932,-1.792318242,0.222329293
-4.718480581,-1.781381925,0.212206218
-4.799571667,-1.772995041,0.236201655
-4.868575945,-1.76139887,0.184461494
-4.925275972,-1.739987383,0.187085995
-4.968640771,-1.717664849,0.152592555
-4.999630088,-1.692050547,0.077606815
-5.01802648,-1.662563356,0.085105389
-5.024549757,-1.632802477,-0.031122508
-5.020519571,-1.602370496,-0.092985744
-5.005894683,-1.568106868,-0.081362954
-4.981169962,-1.531664975,-0.14885012
-4.947196434,-1.495504268,-0.202464924
-4.904255273,-1.455241975,-0.276325878
-4.853058793,-1.415722016,-0.335939541
-4.794109359,-1.374008795,-0.412799925
-4.726390992,-1.32637939,-0.484411307
-4.649948678,-1.274850853,-0.48928538
-4.565101084,-1.220637912,-0.542150326
-4.471499551,-1.163804305,-0.544399899
-4.369980109,-1.105579757,-0.491160023
-4.260883918,-1.048738651,-0.488535522
-4.144578381,-0.986738693,-0.482911592
-4.021685833,-0.923362791,-0.43717029
-3.8924912,-0.861036655,-0.422173142
-3.756833273,-0.791613349,-0.427797073
-3.613366158,-0.719876806,-0.379056342
-3.465156546,-0.658308002,-0.412050068
-3.314078941,-0.59214647,-0.418798784
-3.156987924,-0.512431702,-0.361809622
-2.992095217,-0.429582632,-0.388429559
-2.819839454,-0.354074429,-0.369683124
-2.643605992,-0.275499408,-0.314193677
-2.462202645,-0.193190218,-0.291697955
-2.278276215,-0.120182708,-0.256079728
-2.089112417,-0.022138268,-0.216712215
-1.894902452,0.050528067,-0.205089425
-1.698795488,0.145899352,-0.183718489
-1.497109997,0.226262725,-0.168721341
-1.298067558,0.3023483,-0.17771963
-1.09126092,0.412521292,-0.145475762
-0.888746897,0.466096874,-0.096360102
-0.680017017,0.620303821,-0.032622223
-0.472111918,0.664757682,0.027741298
-0.270598882,0.914797061,0.080606244
-0.056541658,0.962793884,0.12522276
0.022150062,0.269168181,0.11060054
-0.003650625,0.084071856,0.109100826
0.00424854,0.148325063,0.100477465
0.00178544,0.042474859,0.05023702
0.00140679,0.078373123,0.007870077
0.003386267,0.031920957,0.013868936
0.001163104,0.035925066,0.057360665
0.003873639,0.025963532,0.048737305
0.001912906,0.020122331,0.057735594
0.003689937,0.028494219,0.085105389
0.002951382,0.010352005,0.061859809
0.003270048,0.020178569,0.043488303
0.003809905,0.011289296,-0.005252428
0.003476243,0.009478449,-0.065990877
0.004196053,0.0076751,-0.091860958
0.004031097,0.005373112,-0.121480325
0.00436101,0.00371973,-0.133103115
0.004469731,0.003637248,-0.117731038
0.005140804,0.009995834,-0.098984603
0.006040566,0.00843993,-0.086237027
0.006921584,0.004998196,-0.073489451
0.007828844,0.008751111,-0.089236457
0.00856365,0.006040464,-0.109107678
0.008758599,0.003588509,-0.101234175
0.009515899,0.007543879,-0.09710996
0.009692102,-0.001937762,-0.080238168
0.009887051,0.006839036,-0.094485459
0.010828052,0.002557488,-0.110982321
0.010130736,0.00353977,-0.109482607
0.011919014,0.006250417,-0.150724764
0.010573119,-0.008626274,-0.14322619
0.012398887,0.017516661,-0.135352687
0.011900269,-0.014182538,-0.179969202
0.011619093,0.016943038,-0.174345272
0.01431838,-0.010947007,-0.197590851
0.009583381,0.003940931,-0.209213641
0.016627771,0.012226588,-0.192716778
0.007727621,-0.03957189,-0.171720771
0.01905338,0.080371429,-0.12298004
0.005841869,-0.161997156,-0.114731608
0.037772187,0.632657323,-0.073489451
0.341104586,1.900486545,-0.044245013
0.707086691,1.763998157,0.051361806
1.010640282,1.713080733,0.071607955
1.328717537,1.789282532,0.027366369
1.616060409,1.747636797,0.144344123
1.895271678,1.786320691,0.062234738
2.162553597,1.655133624,0.014618793
2.425033034,1.679008313,0.057360665
2.683643492,1.680477986,-0.054743016
2.923201482,1.689614703,0.028491155
3.151864849,1.721921267,0.143969195
3.367264219,1.743771406,0.14809341
3.575476736,1.788772646,0.246699658
3.769671705,1.790654727,0.28944153
3.947967123,1.806562439,0.290941245
4.111296493,1.813708349,0.312312181
4.260443357,1.819017168,0.267695666
4.398159491,1.829338622,0.245949801
4.523788816,1.832131751,0.24632473
4.637275098,1.832664132,0.227578295
4.736350185,1.818574766,0.225328723
4.821598923,1.808290804,0.246699658
4.895012037,1.803998009,0.234327011
4.956623267,1.780104574,0.249324159
5.005360397,1.756196142,0.200583428
5.041320901,1.737292848,0.099352679
5.065254581,1.711176157,0.109100826
5.076576591,1.681284057,0.014618793
5.076006742,1.643349995,-0.056242731
5.064763461,1.612644326,-0.025123649
5.043139171,1.579569183,-0.084737312
5.011696224,1.534785395,-0.129353828
4.971131936,1.495861554,-0.157848409
4.922128626,1.454328293,-0.21221307
4.865271141,1.414051002,-0.290948097
4.800394523,1.368907295,-0.401552064
4.72712762,1.316801386,-0.449168009
4.645627892,1.270281734,-0.498283669
4.555482946,1.207097039,-0.585267127
4.45716141,1.147162872,-0.595765131
4.351105666,1.0989336,-0.612261993
4.23695581,1.033623128,-0.6737503
4.116162708,0.968541356,-0.65350415
3.989344946,0.907831111,-0.587516699
3.856495028,0.841729565,-0.586391913
3.717238051,0.7721188,-0.537651182
3.571285343,0.706943298,-0.482161734
3.421864801,0.644868357,-0.491534952
3.268492801,0.571928332,-0.442044364
3.107798986,0.49331207,-0.407925852
2.938891089,0.404899238,-0.392553775
2.763831067,0.328367512,-0.342313329
2.584632138,0.249792491,-0.342313329
2.400694461,0.169886516,-0.335564613
2.215272175,0.095281862,-0.276325878
2.022974205,-0.002436401,-0.265452946
1.827658282,-0.075312689,-0.222336145
1.629166948,-0.174541866,-0.160847839
1.426645428,-0.245768522,-0.152224478
1.225379826,-0.344664022,-0.115856395
1.016529977,-0.435843739,-0.130103685
0.814255891,-0.513683924,-0.128229042
0.601709518,-0.655499877,-0.069365236
0.398434447,-0.708816767,0.000371503
0.189820786,-1.020492435,0.10197718
-0.006691072,-0.842482033,0.128597118
-0.044597312,-0.169521733,0.163465487
-0.022268208,-0.141260519,0.196834141
-0.032900401,-0.136382854,0.144719052
-0.026856996,-0.069040335,0.123348116
-0.029713742,-0.093458653,0.082480888
-0.02873525,-0.044460802,0.020242724
-0.028199142,-0.067840602,-0.000378355
-0.029676252,-0.040647901,-0.055492874
-0.027992946,-0.041221523,-0.112856965
-0.029852455,-0.040138014,-0.100859247
-0.02847282,-0.032583444,-0.069365236
-0.029398825,-0.037224912,-0.047244442
-0.029368833,-0.026888461,-0.034496867
-0.029451311,-0.03013149,-0.034496867
-0.029811216,-0.023349249,-0.065990877
-0.029548786,-0.026599776,-0.100484318
-0.030039906,-0.025028875,-0.097859817
-0.030066149,-0.02127596,-0.067115663
-0.030808453,-0.026183618,-0.032247294
-0.031790694,-0.025343805,-0.044619942
-0.032461766,-0.02424155,-0.045744728
-0.033425262,-0.025849942,-0.075364095
-0.034070092,-0.022453198,-0.124854683
-0.034028853,-0.024102831,-0.117731038
-0.034966105,-0.022865606,-0.133852972
-0.034692427,-0.016424539,-0.146975477
-0.035498465,-0.023802898,-0.194591421
-0.035802134,-0.012859082,-0.250080869
-0.035730903,-0.026412317,-0.267702518
-0.03695308,-0.015011103,-0.276325878
-0.035460974,-0.017031904,-0.221586288
-0.038422692,-0.029767821,-0.158598266
-0.035734652,-0.005964366,-0.081362954
-0.03831772,-0.040119268,-0.028872936
-0.037174272,0.010704426,-0.02774815
-0.036570681,-0.050643177,-0.053243302
-0.040657102,0.005283132,-0.08548717
-0.032394284,-0.027398348,-0.061491733
-0.047285352,-0.038252183,-0.095610245
-0.021188493,0.076790975,-0.116231323
-0.131139459,-1.105624747,-0.18071906
-0.494347296,-1.917469153,-0.185968061
-0.835241027,-1.650442303,-0.071614808
-1.142941022,-1.771892786,-0.09411053
-1.455282293,-1.773613653,0.088854676
-1.73559577,-1.789693826,0.206207359
-2.013416156,-1.754312947,0.140219908
-2.275779374,-1.661749787,0.238076298
-2.538997366,-1.712948398,0.170964061
-2.789588693,-1.693606451,0.129346975
-3.023725614,-1.728949839,0.241075728
-3.246780462,-1.750140125,0.238451227
-3.458190885,-1.7893639,0.249324159
-3.661409721,-1.81876111,0.307438108
-3.848012945,-1.822675239,0.290941245
-4.020516142,-1.842077174,0.282317885
-4.178128271,-1.845560149,0.272569739
-4.32302001,-1.858449781,0.183711637
-4.456323558,-1.863657373,0.128597118
-4.577442825,-1.867474024,0.116974328
-4.68568799,-1.859518294,0.090354391
-4.77820231,-1.844997774,0.145468909
-4.858682308,-1.841098641,0.203207929
-4.927570366,-1.827103005,0.257572591
-4.983738034,-1.808132225,0.356553768
-5.028058831,-1.787215627,0.30668825
-5.059513024,-1.76041284,0.308562894
-5.078722952,-1.730963141,0.299564605
-5.086138493,-1.698300407,0.141719622
-5.08198459,-1.665142782,0.085855246
-5.066868582,-1.629443224,-0.000753284
-5.041765211,-1.591884079,-0.142476332
-5.007315558,-1.552469097,-0.265078017
-4.963947011,-1.51262671,-0.361434693
-4.912623064,-1.472848058,-0.402301921
-4.853205004,-1.429046552,-0.48628595
-4.786690069,-1.386568501,-0.51515546
-4.713115747,-1.337713119,-0.51815489
-4.63043883,-1.279282367,-0.559022118
-4.538441874,-1.220742889,-0.551523544
-4.43794966,-1.160445052,-0.548899043
-4.329640762,-1.099134941,-0.5496489
-4.213972556,-1.03755114,-0.564646048
-4.09156738,-0.97470387,-0.537276253
-3.963107552,-0.912647675,-0.538026111
-3.828293152,-0.84591252,-0.571019836
-3.686130693,-0.769969413,-0.511781102
-3.538427197,-0.705659969,-0.521154319
-3.387788226,-0.643022653,-0.521904177
-3.231596972,-0.562670527,-0.465664872
-3.067679007,-0.481257387,-0.466414729
-2.896019338,-0.396796176,-0.463415299
-2.719392229,-0.317984957,-0.457041512
-2.538435015,-0.236770523,-0.458916155
-2.354133683,-0.163448084,-0.427797073
-2.166570713,-0.076913583,-0.349811903
-1.97239074,0.008556154,-0.283824452
-1.777157295,0.095161889,-0.206964069
-1.575719239,0.194192359,-0.106108248
-1.375304662,0.255918628,-0.060366947
-1.170826159,0.371977811,-0.004877499
-0.964289449,0.431705775,0.041988588
-0.760298317,0.563875124,0.065984025
-0.545989909,0.654140044,0.097852965
-0.347805994,0.789773623,0.113974899
-0.127851577,1.056916697,0.169464346
0.015904212,0.529720221,0.177337849
0.004957102,0.064707413,0.206207359
-0.000456468,0.161567117,0.247824445
0.005500709,0.06696816,0.228328152
4.22e-05,0.067114378,0.209581717
0.004728413,0.056343024,0.127097403
0.001459276,0.031651017,0.082105959
0.004016101,0.03968173,0.016493437
0.002932637,0.016223199,-0.068615378
0.003221311,0.031298595,-0.080613097
0.004113575,0.014029936,-0.136852402
0.003255052,0.017809096,-0.13722733
0.004368508,0.010400744,-0.101609104
0.003959866,0.008953566,-0.089611386
0.004507221,0.011866668,-0.046119656
0.004394751,0.002223813,-0.050243872
0.004953353,0.006610337,-0.043870084
0.005212035,0.00583051,-0.056992589
0.005317007,0.007262692,-0.090736172
0.006535436,0.009782131,-0.079863239
0.007382712,0.007476394,-0.109857535
0.007907573,0.008728616,-0.153349264
0.008957296,0.007885053,-0.195341279
0.009422173,0.00367474,-0.195716208
0.009804572,0.007240197,-0.20658914
0.010111991,-0.001251664,-0.208088855
0.010138234,0.00461953,-0.155973765
0.011397902,0.002546241,-0.170221056
0.010483143,-0.002188956,-0.172470628
0.012151453,0.010670684,-0.159723052
0.011382906,-0.008742498,-0.138352117
0.012038982,0.018187762,-0.065615949
0.013174932,-0.009413599,-0.03337208
0.011169212,0.010929376,0.007120219
0.015281876,0.004776995,0.061859809
0.010220712,-0.012202978,0.044988018
0.016586531,0.035017768,-0.018000004
0.010201967,-0.055434611,-0.089611386
0.01583298,0.083097072,-0.157848409
0.013377379,-0.13019673,-0.24108258
0.013549833,0.358507058,-0.271826734
0.267905166,1.76681753,-0.289073454
0.645220528,1.842441957,-0.22683529
0.952759317,1.682839961,-0.097859817
1.270787835,1.815669163,-0.061491733
1.564702721,1.762843414,0.112100255
1.843977723,1.821619089,0.219329863
2.114933672,1.701300854,0.244075158
2.375801034,1.694398639,0.362927555
2.636615911,1.717193569,0.305188536
2.87943554,1.714434182,0.314561753
3.110097129,1.752720666,0.381299062
3.326538723,1.77059294,0.31268711
3.535755975,1.818938435,0.345680835
3.732905164,1.829154913,0.339681976
3.91434975,1.843502971,0.205457501
4.081240679,1.852036073,0.145468909
4.232663193,1.857524852,0.086605104
4.372553752,1.870834391,0.007495148
4.500533707,1.870373244,0.020242724
4.616925471,1.870133297,0.035989729
4.718954778,1.860846613,0.065234168
4.806704106,1.848920516,0.170964061
4.882486595,1.842535686,0.20883186
4.946002322,1.822147722,0.31268711
4.997562457,1.801486068,0.392171994
5.037275719,1.784164921,0.345680835
5.06457601,1.755633768,0.382423848
5.079317118,1.724050793,0.275944097
5.082256341,1.689502229,0.121848401
5.073802324,1.654942416,0.039364087
5.054284978,1.614571397,-0.098234746
5.024799014,1.574567796,-0.209963498
4.98611298,1.535010345,-0.311944105
4.938193134,1.491737471,-0.386929845
4.882374124,1.453147306,-0.452542367
4.819499478,1.406301476,-0.512530959
4.748770655,1.358780797,-0.522279105
4.670600047,1.306063774,-0.530527537
4.583892944,1.247141881,-0.527153178
4.488323181,1.194132423,-0.462665442
4.384992968,1.133362192,-0.430421574
4.273339952,1.069948798,-0.488535522
4.15470253,1.010651988,-0.524528678
4.029639306,0.944580436,-0.522279105
3.898652645,0.87811897,-0.587891628
3.761941247,0.815039252,-0.598014703
3.617570621,0.742770329,-0.569520122
3.46897486,0.679855574,-0.61901071
3.317676064,0.615354922,-0.603263705
3.16004144,0.533293177,-0.628008999
2.994676358,0.448925694,-0.649005006
2.821517084,0.365709206,-0.591640915
2.643761524,0.284524765,-0.581892769
2.461016032,0.203186609,-0.524153749
2.275642483,0.130115363,-0.411675139
2.08593133,0.035220223,-0.304445531
1.89117401,-0.040040536,-0.222711074
1.695198261,-0.133068592,-0.111732179
1.493141618,-0.219303159,-0.038621082
1.29352558,-0.293690361,-0.016500289
1.086673954,-0.407856215,0.015368651
0.882585347,-0.463823765,-0.021374362
0.675111385,-0.616317343,-0.025498578
0.465024363,-0.673042225,-0.032997152
0.265292106,-0.902937335,0.000371503
0.047564601,-1.017444363,0.068233597
-0.04907363,-0.35240605,0.074607385
-0.024708814,-0.096821655,0.161965772
-0.029687499,-0.177020065,0.209206788
-0.029158889,-0.067004537,0.216705362
-0.027423097,-0.096450487,0.23470194
-0.03002491,-0.059809888,0.197958927
-0.027040698,-0.059078801,0.153717341
-0.029972424,-0.055235905,0.084355531
-0.027625544,-0.037794785,0.029241012
-0.029136395,-0.047726326,-0.021749291
-0.02877649,-0.02869181,-0.081737883
-0.028675266,-0.037697307,-0.084362384
-0.029331343,-0.032677174,-0.132728186
-0.028780239,-0.028339389,-0.199465495
-0.029440064,-0.028669315,-0.203964639
-0.029140144,-0.027630796,-0.256079728
-0.029803718,-0.028568088,-0.257579443
-0.029863702,-0.024751437,-0.202839853
-0.030133631,-0.024140323,-0.181468917
-0.031359557,-0.026014906,-0.127104255
-0.032056873,-0.024369022,-0.058117375
-0.032870408,-0.025103858,-0.046494585
-0.033766422,-0.023154292,-0.046119656
-0.033743928,-0.022809369,-0.020999433
-0.03471867,-0.02554626,-0.054743016
-0.034711172,-0.016184592,-0.088486599
-0.034853635,-0.025216333,-0.124479755
-0.035595939,-0.015693452,-0.179219345
-0.035112316,-0.02253568,-0.233209078
-0.036866853,-0.025673732,-0.285699096
-0.035269775,-0.013080283,-0.275950949
-0.037556671,-0.033292037,-0.250455798
-0.03604582,-0.00410103,-0.169471199
-0.036814367,-0.040036786,-0.078738453
-0.038208999,-0.002511384,-0.006002285
-0.034954858,-0.034210582,0.049862091
-0.04145939,-0.017298095,0.02699144
-0.031693219,0.000435461,0.038239301
-0.04562829,-0.083782055,0.014243864
-0.025994724,0.13103016,-0.006377214
-0.085671465,-0.814393281,-0.060741876
-0.418426095,-1.894992902,-0.123354969
-0.77702265,-1.69554477,-0.053993159
-1.082120833,-1.745536149,-0.115481466
-1.399572004,-1.804011891,-0.01612536
-1.68348828,-1.791557162,0.140969765
-1.962560836,-1.798328155,0.077231886
-2.227758305,-1.680615591,0.202083143
-2.489694136,-1.726171707,0.252698518
-2.744499349,-1.720188038,0.193459783
-2.981459275,-1.744940032,0.315686539
-3.20691349,-1.773504927,0.364052342
-3.419013731,-1.804847955,0.369301343
-3.624496969,-1.845035265,0.438663153
-3.815070394,-1.84924183,0.416167431
-3.990377851,-1.868966192,0.379424418
-4.150809236,-1.873007793,0.350929837
-4.297789173,-1.887622042,0.26357145
-4.433941969,-1.896061415,0.1597162
-4.557550577,-1.896912475,0.095978321
-4.669151107,-1.89689373,0.025866654
-4.765586891,-1.882279481,-0.002627927
-4.848143841,-1.873450195,0.049112234
-4.91975743,-1.862480135,0.083605674
-4.978594393,-1.843149435,0.191960068
-5.025397033,-1.820706927,0.214080862
-5.060034137,-1.795388809,0.236951512
-5.082783129,-1.769482072,0.330683687
-5.094221359,-1.736301953,0.244825015
-5.093411573,-1.702008332,0.185211352
-5.081699666,-1.666020087,0.128222189
-5.059284335,-1.623647013,-0.013125931
-5.026615462,-1.584254526,-0.141351546
-4.984922721,-1.543711045,-0.263203374
-4.934626003,-1.50026196,-0.339688828
-4.876580081,-1.456876611,-0.448418151
-4.811268578,-1.413240068,-0.533901895
-4.73851529,-1.365273238,-0.571019836
-4.657540423,-1.309530638,-0.629508714
-4.567732889,-1.253458112,-0.628758856
-4.469463839,-1.194671189,-0.611137207
-4.363363107,-1.130485467,-0.624259712
-4.249284481,-1.06542244,-0.642631218
-4.128123976,-1.002991328,-0.576643767
-4.001002545,-0.941220069,-0.548524114
-3.867710243,-0.874597389,-0.554897902
-3.727808437,-0.802141007,-0.44316915
-3.58166078,-0.734993444,-0.450667724
-3.431899078,-0.673912031,-0.47466316
-3.278137182,-0.598430072,-0.453667153
-3.117645813,-0.516379574,-0.529402751
-2.948587956,-0.431367235,-0.565770835
-2.773370475,-0.353654522,-0.58151784
-2.594583938,-0.272301369,-0.587891628
-2.410856204,-0.196223293,-0.563896191
-2.225055269,-0.116737224,-0.505407314
-2.032911008,-0.014561203,-0.415049497
-1.838352385,0.057598995,-0.346437545
-1.639696094,0.156873161,-0.239207937
-1.438205552,0.223518336,-0.121855254
-1.237468561,0.323557332,-0.015375503
-1.029818395,0.41504823,0.049862091
-0.828339099,0.503146133,0.095603392
-0.615069167,0.638937176,0.161590844
-0.413402422,0.700269783,0.1597162
-0.202261927,1.020782235,0.22907801
-0.011482306,0.783205084,0.263946379
0.016609025,0.123348119,0.267695666
-0.003733103,0.129601728,0.349055194
0.006869098,0.105970734,0.304813607
0.000638243,0.047569975,0.257572591
0.004301026,0.071125985,0.23470194
0.00277143,0.022161877,0.203207929
0.003112589,0.045605412,0.163840416
0.004391002,0.017449176,0.095603392
0.002835163,0.023826507,0.076482029
0.004503472,0.019927375,0.027366369
0.003427506,0.011997888,-0.036746439
0.004713417,0.016493138,-0.065615949
0.004368508,0.007438903,-0.107607963
0.004687174,0.010674433,-0.103108819
0.005114561,0.003715981,-0.116981181
0.00485213,0.00816999,-0.173220486
0.005729398,0.007472645,-0.191966921
0.005774387,0.005912992,-0.242957224
0.006490448,0.009508442,-0.269577162
0.007603903,0.005504333,-0.265827875
0.008155008,0.004278356,-0.246706511
0.009298456,0.004195874,-0.215962357
0.009729592,-5.19e-05,-0.16609684
0.010111991,0.005939236,-0.113981751
0.010914279,0.004390831,-0.130103685
0.010509386,0.004387081,-0.099359532
0.011799046,0.006276661,-0.089986314
0.011112977,-0.00473089,-0.095610245
0.012117712,0.012384053,-0.089611386
0.012395138,-0.009421097,-0.128978899
0.011847783,0.009598422,-0.119605682
0.014010962,0.000630417,-0.112482036
0.011052993,-0.00819512,-0.068990307
0.015458079,0.013287602,-0.009376644
0.011371659,-0.026157374,0.023992011
0.015413091,0.039040623,0.024741868
0.013399873,-0.05085688,-0.035621653
0.012061476,0.058127627,-0.049119086
0.020275557,-0.068275505,-0.124104826
-0.000100312,0.106319407,-0.178094559
0.191860247,1.529930225,-0.175844986
0.571649956,1.929939993,-0.11135725
0.889243589,1.661750902,0.010869506
1.203643066,1.81563542,-0.00187807
1.506356878,1.774244628,0.137970335
1.785421936,1.828971204,0.247449516
2.059845719,1.743463975,0.238826156
2.320765568,1.690885671,0.361802769
2.583125036,1.724793128,0.34155662
2.829131324,1.715630166,0.319060898
3.062499698,1.76479298,0.370051201
3.281730556,1.771950138,0.307063179
3.491746347,1.820865507,0.307063179
3.692322131,1.838220396,0.35017998
3.876495996,1.842644412,0.314186824
4.046573584,1.868393684,0.316061468
4.201085282,1.86594173,0.273694525
4.34370512,1.880154818,0.16271563
4.474549318,1.888432976,0.10497661
4.593651617,1.890273817,0.05023702
4.699827329,1.883416592,0.024366939
4.790909527,1.863047373,0.085105389
4.86940255,1.85564652,0.113225041
4.935835007,1.836510777,0.196834141
4.989745771,1.820213152,0.305188536
5.031577224,1.800110124,0.24632473
5.061006953,1.767319918,0.305188536
5.078983456,1.743265269,0.31268711
5.085439251,1.708866671,0.151842697
5.080250621,1.676068967,0.100477465
5.06442605,1.634573197,-0.022124219
5.038239215,1.586347675,-0.208463783
5.002188735,1.55112801,-0.33631447
4.956926937,1.50666665,-0.39405349
4.90318113,1.465575791,-0.434920718
4.84171986,1.424608654,-0.502782813
4.77287304,1.375352111,-0.495284239
4.696235778,1.323763587,-0.484036378
4.61132445,1.26679501,-0.524528678
4.518442728,1.205331182,-0.53240218
4.417609355,1.14438474,-0.540650612
4.308576897,1.090040578,-0.573644337
4.192001431,1.024430173,-0.589391343
4.068561528,0.957488815,-0.574019266
3.938789546,0.89281945,-0.584142341
3.803180357,0.828551247,-0.602888776
3.6608192,0.758213143,-0.588266557
3.512842026,0.686431611,-0.606263134
3.361914382,0.629871693,-0.592765701
3.206176757,0.555518233,-0.584142341
3.043143559,0.471578155,-0.608137778
2.872094978,0.388215449,-0.587516699
2.695767791,0.30720347,-0.59314063
2.514593134,0.219701685,-0.596514988
2.329699458,0.143079979,-0.531652323
2.141971532,0.061314418,-0.439419863
1.947810304,-0.023754159,-0.361809622
1.752824294,-0.106918159,-0.251955513
1.551824871,-0.203631645,-0.143601118
1.351384052,-0.266958808,-0.079863239
1.147452904,-0.385484942,-0.028123079
0.941092397,-0.444174386,-0.020624505
0.737637374,-0.570937438,0.022867225
0.523756353,-0.672089937,0.0356148
0.326044813,-0.801961047,0.044613089
0.107158864,-1.07229841,0.111725326
-0.040345934,-0.565898559,0.097103107
-0.031891917,-0.08910962,0.175463205
-0.025087464,-0.178980878,0.263946379
-0.031333314,-0.08798487,0.268820452
-0.025616074,-0.089484537,0.325809614
-0.030051153,-0.073670555,0.323560042
-0.026733279,-0.052506513,0.302564035
-0.028881462,-0.064650061,0.252698518
-0.027880476,-0.033127074,0.167964631
-0.028184146,-0.052431529,0.116599399
-0.02888896,-0.029261683,0.032990299
-0.028022939,-0.041176533,-0.010126501
-0.028993932,-0.039770596,-0.055492874
-0.028311612,-0.026243605,-0.140601689
-0.029128897,-0.03709744,-0.16909627
-0.028918952,-0.027503325,-0.234708792
-0.029173885,-0.026179869,-0.288698525
-0.029488801,-0.026123631,-0.292072884
-0.029638762,-0.027964472,-0.322442108
-0.030680987,-0.029509128,-0.335189684
-0.031382052,-0.028410623,-0.310819319
-0.032173093,-0.028733051,-0.260953801
-0.033106596,-0.023356747,-0.21821193
-0.033267804,-0.024237801,-0.143601118
-0.033976366,-0.027945726,-0.061866662
-0.034306279,-0.017781737,-0.042745298
-0.034268789,-0.02249069,-0.059242161
-0.035382245,-0.020889796,-0.078738453
-0.034598702,-0.022513185,-0.133478043
-0.036259514,-0.02545628,-0.208838712
-0.035003595,-0.010238415,-0.215962357
-0.036132047,-0.035684005,-0.200590281
-0.036510697,-0.00374111,-0.168346413
-0.035532206,-0.032684672,-0.127479184
-0.038625139,-0.013807621,-0.09411053
-0.033665199,-0.016435786,-0.041995441
-0.040953274,-0.041536453,-0.040495726
-0.032757938,0.02876041,0.000371503
-0.041523124,-0.104919853,0.014243864
-0.032986628,0.127251,0.003370932
-0.049707212,-0.503898601,-0.013500859
-0.333942155,-1.79399412,-0.080238168
-0.707785934,-1.759344327,0.036364658
-1.013566436,-1.701858365,0.05023702
-1.332303518,-1.821344286,0.123348116
-1.622641848,-1.78140442,0.29806489
-1.90202932,-1.825352144,0.2002085
-2.170908317,-1.701678405,0.252698518
-2.431985625,-1.720577951,0.278568598
-2.690303661,-1.732264101,0.189710496
-2.930240301,-1.742244381,0.287566887
-3.158926162,-1.777475294,0.328809044
-3.373002131,-1.800592652,0.337057475
-3.580521081,-1.85027285,0.417292217
-3.775188426,-1.856680175,0.386922992
-3.953937473,-1.876854437,0.331433545
-4.118365303,-1.882035785,0.343431263
-4.267815838,-1.89064387,0.298814748
-4.40678414,-1.905295611,0.239201084
-4.533451941,-1.905231875,0.198708785
-4.648059177,-1.907170194,0.107601111
-4.749147483,-1.892582189,0.053236449
-4.835412203,-1.882088273,0.070108241
-4.910006255,-1.873322723,0.056985736
-4.972026127,-1.849369301,0.151842697
-5.021366848,-1.830034852,0.167964631
-5.058901936,-1.804371811,0.111350398
-5.084140271,-1.776538003,0.177712778
-5.098379011,-1.750350078,0.097103107
-5.101085796,-1.711437484,0.048737305
-5.092804233,-1.675426745,0.061859809
-5.074655276,-1.639161062,-0.01612536
-5.045997843,-1.596851724,-0.097484888
-5.007540499,-1.555895834,-0.215587429
-4.960164259,-1.51284791,-0.288698525
-4.904525202,-1.466575704,-0.409050638
-4.841020722,-1.422410528,-0.506157171
-4.770003225,-1.375144792,-0.485536093
-4.691146549,-1.320410718,-0.558272261
-4.603723385,-1.266666423,-0.587891628
-4.508217355,-1.211452456,-0.59314063
-4.404947125,-1.149489989,-0.636632359
-4.293931441,-1.083984561,-0.640006717
-4.175132812,-1.021988352,-0.600264275
-4.049593464,-0.9552382,-0.550773687
-3.918318129,-0.887951918,-0.558647189
-3.78017086,-0.818371146,-0.493034667
-3.634656786,-0.744340115,-0.487035808
-3.485251239,-0.685736901,-0.51515546
-3.333138908,-0.618368137,-0.484036378
-3.174683251,-0.53909952,-0.512530959
-3.008212211,-0.451301551,-0.512530959
-2.834816749,-0.369783434,-0.514780531
-2.657147416,-0.29315798,-0.545524685
-2.474293203,-0.210773806,-0.566520692
-2.289174587,-0.140158264,-0.543275113
-2.09894607,-0.038068474,-0.456666583
-1.903907574,0.033990496,-0.370058053
-1.707107043,0.128874389,-0.275950949
-1.504435563,0.215037722,-0.199090566
-1.304482114,0.288123964,-0.132728186
-1.096876937,0.399796623,-0.065990877
-0.893658101,0.458932218,-0.009751572
-0.685025694,0.618290519,0.084355531
-0.476213335,0.664435254,0.144719052
-0.274816518,0.915040757,0.247824445
-0.05906849,0.97562728,0.284192528
0.023799627,0.283744938,0.251573732
-0.002300981,0.085781475,0.325059757
0.005185792,0.148040126,0.278193669
0.003255052,0.047030096,0.246699658
0.002726441,0.079565358,0.259447234
0.005013338,0.03222089,0.217830149
0.002400278,0.043430896,0.216330434
0.005204537,0.0321759,0.158966343
0.00318757,0.020617221,0.120348687
0.004848381,0.026495913,0.109850683
0.004405998,0.009515941,0.073482599
0.004690923,0.017670377,0.083230745
0.005013338,0.009523439,0.04161366
0.004870875,0.010723172,-0.028498007
0.005673163,0.00547434,-0.073489451
0.00530576,0.00897981,-0.161597696
0.005973084,0.009369723,-0.185968061
0.005984331,0.000855367,-0.214087714
0.006340487,0.004956955,-0.269577162
0.007360218,0.009051044,-0.278950379
0.008151259,0.007243946,-0.290573169
0.009223476,0.007663853,-0.300321315
0.010239458,0.007525133,-0.281199951
0.010138234,-0.003077508,-0.239207937
0.010768068,-0.000314373,-0.207338997
0.011037997,-0.000880497,-0.142101404
0.011116726,0.005935487,-0.110982321
0.012155202,0.003322318,-0.128229042
0.011412898,0.002167575,-0.115856395
0.013249913,0.007063986,-0.106108248
0.011851532,-0.009132411,-0.095235316
0.013568578,0.01630568,-0.08248774
0.013531088,-0.01269037,-0.05361823
0.012605083,0.01590077,-0.012001145
0.015731757,-0.007587755,-0.012001145
0.010914279,0.001496474,-0.02474872
0.018149869,0.020628469,-0.071989737
0.00951215,-0.043478521,-0.075739024
0.019540751,0.082395978,-0.055867803
0.008882316,-0.159833888,-0.102358961
0.032062445,0.564936138,-0.0911111
0.324057838,1.875385879,-0.091860958
0.692218118,1.782541532,0.019492866
0.995239349,1.714014276,0.095228464
1.312548057,1.814844346,0.109850683
1.600457029,1.773862213,0.281568028
1.878667312,1.824213512,0.255323019
2.145323147,1.70010487,0.255697947
2.405939326,1.715622668,0.311187395
2.66339134,1.72244615,0.247824445
2.901490966,1.724062041,0.331058616
3.128388549,1.755896209,0.369301343
3.342194589,1.787164254,0.326184543
3.549169933,1.830553352,0.386173135
3.741771573,1.834909883,0.379424418
3.918346195,1.847233391,0.313436967
4.080502124,1.850225226,0.285317315
4.228280601,1.865668041,0.201708214
4.365321912,1.872731469,0.170214204
4.490298909,1.875325892,0.16271563
4.602892927,1.872645238,0.104601681
4.700873303,1.851679902,0.112100255
4.7847649,1.843210536,0.146218767
4.857300745,1.832296714,0.142094551
4.917029973,1.809936688,0.196834141
4.963701398,1.781229324,0.20583243
4.998972084,1.751067283,0.158216485
5.022103476,1.725670433,0.17996235
5.033245534,1.69646443,0.081356102
5.033519211,1.662099574,-0.011626216
5.023194438,1.625380242,-0.031872366
5.002488656,1.585042965,-0.124104826
4.971589315,1.545118097,-0.213712785
4.93146741,1.502962474,-0.297321885
4.882629057,1.45883854,-0.362559479
4.825539133,1.411794005,-0.45741644
4.760685009,1.361630163,-0.529402751
4.687489337,1.314945548,-0.519279676
4.60617706,1.263450753,-0.536151467
4.516710685,1.208113063,-0.533901895
4.41929266,1.150117214,-0.521154319
4.31466154,1.086141446,-0.531652323
4.201895068,1.023481634,-0.553773116
4.08203172,0.96362245,-0.563521262
3.956094977,0.899567949,-0.52377882
3.823713684,0.832611593,-0.54402497
3.684535437,0.763709421,-0.539525826
3.538571482,0.691481738,-0.510281387
3.38964206,0.631705035,-0.567645478
3.236749934,0.563912615,-0.589016414
3.076734689,0.477216901,-0.579643196
2.909018978,0.396261159,-0.599514418
2.734982435,0.32253381,-0.598389631
2.556623285,0.237360257,-0.563521262
2.373401668,0.162725609,-0.534276824
2.187885657,0.082830882,-0.477287661
1.995595185,-0.012311704,-0.413924711
1.801062805,-0.083684577,-0.347562331
1.602222813,-0.186306749,-0.247831297
1.400863486,-0.256506133,-0.182218774
1.19980408,-0.35739619,-0.100484318
0.992378854,-0.432446995,-0.042745298
0.79119948,-0.526341108,0.007120219
0.578626864,-0.658832886,0.062984595
0.378710905,-0.72718768,0.073857528
0.167056797,-1.044220906,0.152967483
-0.017222041,-0.761754991,0.187835853
-0.038576402,-0.132464976,0.236201655
-0.020097531,-0.156688337,0.299564605
-0.030234854,-0.118743028,0.261321878
-0.02362535,-0.072403337,0.266945808
-0.02741185,-0.089315824,0.256822733
-0.025559839,-0.044614518,0.2433253
-0.026039712,-0.064031449,0.221204507
-0.026530833,-0.035275346,0.178462635
-0.025274914,-0.047621349,0.190835282
-0.027149419,-0.035372824,0.141719622
-0.025882254,-0.029610356,0.103851824
-0.026755773,-0.033382017,0.085480317
-0.02650459,-0.024496493,0.002996003
-0.026871992,-0.032650929,-0.019874647
-0.027119427,-0.023705419,-0.072739594
-0.026991961,-0.025699976,-0.165346983
-0.027434344,-0.024560229,-0.220461502
-0.027475583,-0.021474666,-0.281199951
-0.028015441,-0.025336307,-0.314193677
-0.029027673,-0.024545233,-0.340063757
-0.029781224,-0.022809369,-0.326941253
-0.030572265,-0.024698948,-0.303320745
-0.031442036,-0.020672344,-0.275576021
-0.031340812,-0.021305953,-0.245581725
-0.03222183,-0.024451503,-0.232834149
-0.032090614,-0.018452838,-0.188592562
-0.032735444,-0.027229635,-0.181093988
-0.033110345,-0.014804899,-0.184468347
-0.03275044,-0.023975359,-0.166471769
-0.034235048,-0.015089836,-0.136477473
-0.032829169,-0.015869662,-0.103108819
-0.035412237,-0.028159429,-0.100484318
-0.033009122,-0.001127942,-0.072364665
-0.035412237,-0.048161229,-0.054743016
-0.0347974,0.006542852,-0.035996581
-0.033537732,-0.042803671,-0.011251287
-0.038373955,-0.001304153,-0.050618801
-0.029530041,-0.018347861,-0.074239309
-0.044353626,-0.048821082,-0.092235886
-0.019115291,0.094850708,-0.079863239
-0.116762005,-1.04353106,-0.113606822
-0.473026677,-1.922343068,-0.038996011
-0.816540965,-1.66029886,0.128972047
-1.122415193,-1.7734037,0.096728178
-1.435078878,-1.78990003,0.261696806
-1.715324873,-1.802512225,0.360677983
-1.992755362,-1.780215935,0.284567457
-2.254811161,-1.679528332,0.388797636
-2.516971933,-1.730044595,0.359553197
-2.7670309,-1.714343088,0.324309899
-3.000448011,-1.748329278,0.370051201
-3.22285428,-1.770464354,0.3269344
-3.433353694,-1.80824095,0.342681406
-3.636718741,-1.839272797,0.387297921
-3.822977056,-1.84339688,0.346805621
-3.995210325,-1.86164782,0.352054623
-4.152657497,-1.861527847,0.330683687
-4.296574493,-1.876801949,0.205082573
-4.429941775,-1.880547366,0.134970906
-4.550359976,-1.880746072,0.10497661
-4.658582648,-1.877240601,0.066358954
-4.751966738,-1.858521016,0.11359997
-4.831963113,-1.849815452,0.174713348
-4.90104987,-1.833978975,0.191210211
-4.956745162,-1.810295493,0.240325871
-5.000121208,-1.788047942,0.186336138
-5.031095529,-1.75654745,0.155591984
-5.049679371,-1.725770546,0.143969195
-5.057267367,-1.694367531,0.003745861
-5.053402138,-1.657681942,-0.055117945
-5.039677013,-1.624216886,-0.11998061
-5.016249449,-1.584378249,-0.258329301
-4.982658319,-1.543594821,-0.33069054
-4.940260765,-1.505799478,-0.374182269
-4.88915801,-1.456722895,-0.409050638
-4.829841174,-1.410203244,-0.431921289
-4.762782632,-1.364009769,-0.438295077
-4.68750626,-1.309571879,-0.468664301
-4.603723385,-1.25513024,-0.52677825
-4.511613958,-1.198810268,-0.560521833
-4.41178532,-1.139344746,-0.56127169
-4.304098756,-1.078030885,-0.533901895
-4.189131616,-1.019607631,-0.55264833
-4.067251301,-0.954799548,-0.498658597
-3.938731489,-0.888409316,-0.470913873
-3.804265747,-0.823440019,-0.51815489
-3.662002065,-0.747279461,-0.457791369
-3.514182349,-0.682970016,-0.485536093
-3.363862044,-0.621517436,-0.524903606
-3.208090679,-0.545761788,-0.5065321
-3.044967505,-0.462346594,-0.539525826
-2.87397141,-0.381443341,-0.541400469
-2.698573977,-0.308334604,-0.538026111
-2.518317827,-0.220581624,-0.526028392
-2.334327663,-0.152534261,-0.464915014
-2.147195829,-0.060016092,-0.379806199
-1.953143323,0.026777101,-0.314568606
-1.758082332,0.104935964,-0.256079728
-1.556749248,0.204371345,-0.188217634
-1.356660836,0.267709755,-0.155598837
-1.151833674,0.384511273,-0.113981751
-0.946054264,0.441896008,-0.06824045
-0.741658239,0.579197965,0.005620504
-0.529014392,0.654533707,0.071982884
-0.331512796,0.808560693,0.098227893
-0.111618364,1.049725796,0.181087136
0.020020625,0.47416133,0.207332145
0.004211049,0.063593911,0.25194866
0.001927902,0.163685396,0.319435826
0.006314244,0.060740796,0.29806489
0.001661723,0.074057833,0.280068313
0.005939343,0.048259822,0.238076298
0.00261772,0.033214419,0.209581717
0.005302011,0.041545066,0.167964631
0.003933623,0.012732725,0.123348116
0.004529715,0.02754568,0.15109284
0.004990844,0.008267468,0.12222333
0.004619692,0.016039489,0.09635325
0.005676912,0.01176544,0.087354961
0.005088318,0.009440957,0.011994292
0.0059131,0.012923932,-0.015000574
0.005853116,0.004360837,-0.072739594
0.005965586,0.006895274,-0.136102544
0.006190527,0.004705761,-0.164972054
0.00659542,0.006317902,-0.229459791
0.007476437,0.009212258,-0.274076306
0.00848867,0.007633859,-0.294697384
0.009144747,0.008919823,-0.275950949
0.010156979,0.007851311,-0.283824452
0.010603111,0.002137582,-0.245206796
0.010816805,0.006842785,-0.20358971
0.01159285,0.000941598,-0.225710504
0.011409149,0.002366281,-0.207713926
0.012605083,0.005208149,-0.230584577
0.011847783,-0.001101698,-0.257954372
0.013141191,0.012983919,-0.244831867
0.012800031,-0.00904618,-0.186717919
0.012934996,0.006854033,-0.107607963
0.014464592,-0.008971197,-0.066365806
0.012166449,0.007438903,-0.007502
0.016526547,0.008893579,0.031490585
0.0114054,-0.015914652,0.054736164
0.017182624,0.038467,0.017618223
0.012507609,-0.051471743,-0.015375503
0.015128167,0.077657033,-0.006377214
0.017190122,-0.113224256,-0.097484888
0.00795631,0.25816063,-0.110607393
0.239345208,1.677328687,-0.110982321
0.618902478,1.866901516,-0.021749291
0.928147066,1.677032502,0.113974899
1.244042398,1.822222705,0.076856957
1.540217937,1.770371739,0.203582858
1.818012079,1.831085733,0.236951512
2.08953038,1.720519079,0.199458642
2.349655439,1.69772415,0.297315033
2.610597782,1.724609419,0.250074017
2.852911294,1.716537465,0.281193099
3.083134249,1.754531513,0.369301343
3.300355637,1.772729965,0.369301343
3.50919424,1.821206681,0.430039793
3.706377169,1.826597982,0.464158304
3.887135687,1.839802544,0.424415862
4.05370795,1.847514579,0.368551486
4.205250432,1.849347921,0.281942956
4.345440912,1.866924011,0.194959498
4.473968222,1.867058981,0.127472332
4.590318747,1.865994218,0.063359524
4.692816681,1.851372471,0.048737305
4.780667232,1.833099035,0.111350398
4.856547194,1.823748615,0.099727608
4.920808975,1.803458129,0.145843838
4.972447839,1.78003334,0.21445579
5.011771204,1.760061533,0.143969195
5.038846555,1.730866777,0.19420964
5.053718877,1.691770474,0.132346405
5.056830556,1.655549781,-0.006752143
5.049111344,1.620022684,-0.009751572
5.030943642,1.58016905,-0.122230182
5.002923541,1.541368931,-0.239957794
4.965917063,1.502085169,-0.311194247
4.920111659,1.45820493,-0.382055772
4.86629462,1.411535312,-0.436045504
4.804285995,1.367632578,-0.510281387
4.733920826,1.32037809,-0.543650041
4.655307836,1.266483829,-0.569145193
4.567880922,1.209608981,-0.61601128
4.472116211,1.153877628,-0.617510995
4.368771001,1.093373587,-0.593515558
4.258148963,1.029071641,-0.574394195
4.140471288,0.971214511,-0.545524685
4.016221599,0.905619103,-0.488910451
3.886190936,0.839022667,-0.468664301
3.74950953,0.773490995,-0.476537804
3.605296362,0.704828769,-0.446543508
3.456989275,0.643634881,-0.46903923
3.305315578,0.571857098,-0.521154319
3.147324798,0.495452844,-0.547399328
2.981693536,0.41378851,-0.591640915
2.808717964,0.336304497,-0.625384498
2.631764692,0.259480336,-0.6306335
2.449720265,0.176717497,-0.605888205
2.265171498,0.108801355,-0.528277965
2.07540411,0.010445734,-0.436420433
1.880361865,-0.063157893,-0.379806199
1.683827514,-0.155286149,-0.304070602
1.481309742,-0.240246,-0.224585718
1.280767699,-0.315907919,-0.154099122
1.072933832,-0.42329903,-0.092985744
0.869403828,-0.48128738,-0.057742446
0.66058772,-0.635138156,0.012369221
0.452127768,-0.682118956,0.037864373
0.251244565,-0.932537,0.084355531
0.036482528,-0.986341282,0.178837564
-0.046284366,-0.301863543,0.208082002
-0.020457436,-0.105017332,0.245949801
-0.027771755,-0.16526268,0.259822163
-0.02585976,-0.064605071,0.224203936
-0.024903762,-0.098272582,0.204332715
-0.02699571,-0.053530035,0.198333856
-0.024427638,-0.062220602,0.143594266
-0.027021953,-0.047685085,0.095603392
-0.024843778,-0.036636293,0.128222189
-0.026354629,-0.047737573,0.127097403
-0.02597223,-0.029895292,0.116224471
-0.026020967,-0.036298868,0.168714489
-0.02642586,-0.028808034,0.137595407
-0.026324637,-0.031080029,0.08473046
-0.026733279,-0.026288595,0.05886038
-0.026628307,-0.024638962,-0.040120797
-0.027235646,-0.024777681,-0.107982892
-0.0270332,-0.022089529,-0.148475191
-0.02752432,-0.025418788,-0.21821193
-0.028544051,-0.023757908,-0.302570887
-0.029391327,-0.023259269,-0.296572028
-0.030159874,-0.025197587,-0.308944675
-0.030909676,-0.02181584,-0.343813044
-0.031074633,-0.01844159,-0.275950949
-0.031839431,-0.023188034,-0.263953231
-0.031936905,-0.015595973,-0.230209648
-0.03214685,-0.02271564,-0.237708222
-0.033042863,-0.01741057,-0.267327589
-0.032244324,-0.018284125,-0.2152125
-0.03407759,-0.02329676,-0.189717348
-0.032667962,-0.010770797,-0.132353257
-0.03445624,-0.02968159,-0.086237027
-0.033725183,-0.000962978,-0.019499719
-0.033878892,-0.036981216,0.014993722
-0.036068314,-0.002001497,-0.031872366
-0.031948152,-0.023176787,-0.012751002
-0.038951303,-0.026472304,-0.034496867
-0.029518794,0.015799543,-0.05661766
-0.041714323,-0.089608259,-0.083237598
-0.025942238,0.138314789,-0.135352687
-0.067871166,-0.700594846,-0.175844986
-0.383462828,-1.87423377,-0.199090566
-0.747671651,-1.716082701,-0.035996581
-1.051431437,-1.724503328,0.0356148
-1.368425229,-1.805421578,0.192709926
-1.653402475,-1.780200938,0.380174276
-1.931773966,-1.804323072,0.264321307
-2.197545033,-1.680203182,0.335182832
-2.459090967,-1.717803568,0.376424989
-2.714803441,-1.713409546,0.307813037
-2.951553423,-1.728286236,0.407918999
-3.177405032,-1.761627569,0.419541789
-3.390157601,-1.789528863,0.38167399
-3.596139457,-1.829971117,0.374175416
-3.787507673,-1.834087701,0.306313322
-3.963602421,-1.852931009,0.29244096
-4.125162258,-1.854464418,0.310437537
-4.27314693,-1.865160789,0.263946379
-4.409955803,-1.871339414,0.217830149
-4.533826842,-1.871211943,0.147343553
-4.645787277,-1.86870375,0.052111663
-4.74317531,-1.84978171,0.074982314
-4.827055659,-1.841559789,0.15409227
-4.899895175,-1.827474172,0.182586851
-4.959924323,-1.805991451,0.303688821
-5.007682961,-1.78419005,0.320560612
-5.043066118,-1.753458137,0.236576584
-5.065875094,-1.724469585,0.211831289
-5.077185858,-1.689726064,0.043863232
-5.076930925,-1.653314164,-0.068990307
-5.065965071,-1.619069282,-0.090736172
-5.045266786,-1.578184626,-0.229084862
-5.014708606,-1.539230792,-0.37680677
-4.974687924,-1.499778318,-0.470913873
-4.926618118,-1.454938292,-0.518529818
-4.870649148,-1.41080311,-0.573269409
-4.806649798,-1.367863912,-0.553773116
-4.734601324,-1.315139391,-0.47203866
-4.653693939,-1.257900873,-0.499783383
-4.564452505,-1.20369918,-0.498658597
-4.46703448,-1.145043478,-0.510656316
-4.361529841,-1.083335955,-0.571394765
-4.248785863,-1.020391207,-0.559771975
-4.128746312,-0.959853424,-0.483661449
-4.002029774,-0.898127155,-0.427422144
-3.869532262,-0.830949598,-0.440919577
-3.7300316,-0.760656485,-0.422548071
-3.583685246,-0.692916554,-0.46041587
-3.434024767,-0.6315727,-0.521904177
-3.280210384,-0.563300387,-0.539150897
-3.118972962,-0.480518801,-0.558647189
-2.949600188,-0.393095749,-0.569520122
-2.774735115,-0.323968626,-0.588641485
-2.595622413,-0.2436165,-0.577018696
-2.411924672,-0.164977743,-0.528277965
-2.226464897,-0.086114037,-0.425172572
-2.033829516,0.008376194,-0.329565754
-1.839000964,0.078463103,-0.230584577
-1.63963611,0.181021539,-0.132353257
-1.437433256,0.246991864,-0.133852972
-1.23561655,0.351683576,-0.119230753
-1.02646678,0.431807002,-0.107607963
-0.82375406,0.519132577,-0.100859247
-0.609408162,0.655478497,-0.028872936
-0.407295284,0.715600123,0.000371503
-0.195060079,1.029855217,0.102727038
-0.007287164,0.763124551,0.171713918
0.016998923,0.118500447,0.165715059
-0.002390957,0.134636857,0.247449516
0.008188749,0.103773723,0.280068313
0.001612985,0.05267634,0.299189676
0.005470717,0.076011149,0.29244096
0.003937372,0.026387188,0.264696236
0.004349763,0.042542344,0.236576584
0.005414482,0.020167321,0.137970335
0.004143567,0.02646592,0.092978891
0.005785634,0.018543932,0.076482029
0.00458595,0.014359863,0.061109952
0.005778136,0.017509162,0.085855246
0.005519454,0.007637608,0.049862091
0.005819375,0.010486975,0.031865513
0.006036817,0.007881304,0.01836808
0.005999327,0.007978783,-0.06224159
0.006629161,0.006869029,-0.119230753
0.006617914,0.007262692,-0.170595985
0.007637645,0.00700025,-0.192341849
0.008702363,0.008008776,-0.210338427
0.009212229,0.007236448,-0.246331582
0.01030694,0.008136247,-0.268827304
0.010903032,0.005361865,-0.257954372
0.011011754,0.004612031,-0.217837001
0.011881524,0.002257555,-0.197590851
0.011544113,0.002722452,-0.19796578
0.012695059,0.007195207,-0.248956083
0.012368895,-0.004142271,-0.296572028
0.012875012,0.010546961,-0.334439827
0.013441112,-0.006230557,-0.344187973
0.012698808,0.007277688,-0.251205655
0.01530437,0.00138025,-0.141726475
0.012308911,-0.004502191,-0.043870084
0.016267866,0.015848282,0.015743579
0.012848768,-0.029377908,0.048737305
0.015754251,0.043044732,0.062609667
0.015428087,-0.047801309,0.003745861
0.012042731,0.05316748,0.00412079
0.022641183,-0.046961496,-0.010876359
-0.001419964,0.039209335,-0.062991448
0.170078499,1.444490481,-0.111732179
0.548526062,1.945491534,-0.086611956
0.870644751,1.664847713,0.044613089
1.18328969,1.816842652,0.044613089
1.487885506,1.772448777,0.190085425
1.766298236,1.820453099,0.262071735
2.041344354,1.746879465,0.174713348
2.301701852,1.679416972,0.28081817
2.56466866,1.722202454,0.217830149
2.811822144,1.709159106,0.226828437
3.045194268,1.7449224,0.37305063
3.265643554,1.761111299,0.365926985
3.476041744,1.804864066,0.418417003
3.67736733,1.822481397,0.427415292
3.862197272,1.832319209,0.372300773
4.032938435,1.845924932,0.385423277
4.188649816,1.848706814,0.331058616
4.332098186,1.85915199,0.249324159
4.464059588,1.86139774,0.203582858
4.5842491,1.860100529,0.119973758
4.69103965,1.846798488,0.04423816
4.782792921,1.82692041,0.05886038
4.861732075,1.807987122,0.076482029
4.929068044,1.796510924,0.13947005
4.983983542,1.78169797,0.250448945
5.027033424,1.754040372,0.209956646
5.058165203,1.723518412,0.217830149
5.076576591,1.691155611,0.191210211
5.083542252,1.658185445,0.042738446
5.079279628,1.619137881,0.00112136
5.063976169,1.578174493,-0.09973446
5.03871159,1.544491986,-0.253830156
5.003594614,1.498534709,-0.376431841
4.959824922,1.455003143,-0.477287661
4.908317273,1.420255872,-0.550398758
4.848854226,1.368037488,-0.623509854
4.781619481,1.320025668,-0.582642626
4.706294372,1.276077945,-0.55264833
4.622252814,1.216589928,-0.606263134
4.529179892,1.152138015,-0.587516699
4.428012857,1.09754266,-0.577018696
4.319224085,1.037327304,-0.610012421
4.202817325,0.969437407,-0.604013562
4.080202204,0.916068029,-0.499783383
3.951607412,0.855050352,-0.422923
3.816811757,0.782380267,-0.435295647
3.675110426,0.713121924,-0.406051208
3.527924293,0.654642433,-0.421423285
3.377738953,0.592934909,-0.47766259
3.221671416,0.513643798,-0.53240218
3.057817185,0.431649537,-0.594265416
2.886210001,0.349036664,-0.616761138
2.709725355,0.276887714,-0.664377083
2.529019324,0.198365181,-0.689872234
2.344586777,0.125732588,-0.614511566
2.157282488,0.041098915,-0.502782813
1.963095017,-0.044978187,-0.392553775
1.767659126,-0.126312594,-0.274451235
1.566116098,-0.222523692,-0.191591992
1.364584316,-0.285318474,-0.155973765
1.159314772,-0.400560338,-0.117731038
0.951552135,-0.458653665,-0.097859817
0.747313569,-0.582012474,-0.03937094
0.532019171,-0.677736181,-0.002252998
0.333527837,-0.803378232,0.016118508
0.114192007,-1.079208123,0.111725326
-0.036949331,-0.58037034,0.117349257
-0.02972124,-0.087947379,0.163090558
-0.022114499,-0.177473714,0.221954364
-0.028810231,-0.088858426,0.207707074
-0.022845556,-0.083789554,0.228328152
-0.027591802,-0.075406418,0.20583243
-0.024127717,-0.048723604,0.203582858
-0.026377123,-0.062336826,0.161590844
-0.025544843,-0.032579695,0.107976039
-0.025496106,-0.047246433,0.111350398
-0.026560825,-0.031466193,0.086605104
-0.025376138,-0.033224552,0.107226182
-0.026369625,-0.030116493,0.127097403
-0.025886003,-0.027233385,0.102727038
-0.026377123,-0.031342471,0.095228464
-0.026279649,-0.022291984,0.051361806
-0.026583319,-0.02550127,-0.007502
-0.026928228,-0.022783125,-0.077613667
-0.027029451,-0.023068061,-0.145100833
-0.028180397,-0.026397321,-0.193091707
-0.028873964,-0.021718361,-0.247831297
-0.02953379,-0.023075559,-0.268077447
-0.030684736,-0.025512517,-0.302570887
-0.030808453,-0.019041457,-0.284199381
-0.031494522,-0.023832891,-0.248956083
-0.031861925,-0.017785486,-0.252330441
-0.031771949,-0.020413652,-0.238458079
-0.033121592,-0.021062257,-0.280825023
-0.032071869,-0.018205393,-0.318692821
-0.033672697,-0.025415039,-0.360309907
-0.032866659,-0.008671264,-0.320192536
-0.033657701,-0.03638135,-0.2152125
-0.03441875,-0.004082285,-0.196466065
-0.032641719,-0.027379602,-0.095235316
-0.036439466,-0.015524739,0.002621075
-0.031442036,-0.005173292,0.032615371
-0.038134019,-0.049559668,0.039739016
-0.031063386,0.036000049,0.037489444
-0.037924074,-0.103622642,0.052111663
-0.033597716,0.11480002,0.020617652
-0.038760103,-0.410161952,-0.025498578
-0.304478685,-1.751122406,-0.092985744
-0.682858766,-1.784973626,0.010119649
-0.989996411,-1.683067545,0.056985736
-1.308444818,-1.817115226,0.038989159
-1.601175017,-1.768252346,0.193084854
-1.879853926,-1.815934239,0.16833956
-2.149707666,-1.690989533,0.202083143
-2.410387578,-1.699470146,0.25194866
-2.670175226,-1.716326397,0.166839845
-2.910925401,-1.715992721,0.256447805
-3.140169865,-1.753341913,0.307813037
-3.355846661,-1.772117736,0.337432404
-3.564036684,-1.819169769,0.458909303
-3.759851226,-1.825397134,0.461908732
-3.939724977,-1.840776213,0.461908732
-4.105678653,-1.847933371,0.452160586
-4.257093669,-1.854288207,0.311187395
-4.397501592,-1.864062283,0.216330434
-4.525005422,-1.862416399,0.198708785
-4.640388702,-1.862003991,0.122598259
-4.742770417,-1.846636159,0.089604533
-4.830126099,-1.833202898,0.134221048
-4.905908587,-1.821846674,0.08772989
-4.969840454,-1.800034026,0.157466628
-5.020658285,-1.777644007,0.173963491
-5.059535518,-1.75052254,0.070108241
-5.086277207,-1.722280072,0.136470621
-5.10122451,-1.692253002,0.064109382
-5.104362431,-1.653089214,-0.031497437
-5.096594482,-1.614783985,-0.026248435
-5.078587987,-1.577723479,-0.14885012
-5.050316703,-1.538983347,-0.236208507
-5.013047794,-1.495568004,-0.298446671
-4.966987458,-1.454477145,-0.389554346
-4.91282551,-1.414814718,-0.463790228
-4.851281762,-1.367758935,-0.554148045
-4.781793862,-1.31986334,-0.602513847
-4.704065637,-1.266943862,-0.664002154
-4.617628463,-1.210503917,-0.677124658
-4.522726024,-1.152448081,-0.634007858
-4.419845691,-1.091077983,-0.615636352
-4.308665051,-1.028481907,-0.580767983
-4.190095111,-0.968210315,-0.522654034
-4.065061879,-0.907642538,-0.44879308
-3.933794043,-0.842039631,-0.438295077
-3.796145392,-0.772372629,-0.381305914
-3.651219912,-0.702881837,-0.351311618
-3.502324231,-0.643120131,-0.400802207
-3.35028313,-0.575473929,-0.415049497
-3.191403835,-0.497266326,-0.502032956
-3.024704106,-0.412343967,-0.560896761
-2.850480113,-0.337203182,-0.579268268
-2.672439628,-0.264630576,-0.592015844
-2.489544175,-0.178519731,-0.553023259
-2.303919443,-0.110209926,-0.492284809
-2.113844636,-0.015847167,-0.391803918
-1.918802391,0.058033898,-0.3393139
-1.722275538,0.148351307,-0.277825593
-1.519562818,0.227968596,-0.20658914
-1.319178234,0.297054478,-0.14885012
-1.110894485,0.417012793,-0.066365806
-0.905838634,0.470959543,-0.049119086
-0.696066528,0.622785769,-0.004502571
-0.484836058,0.677223659,0.013494007
-0.28276067,0.913372378,0.093728749
-0.064688256,0.994980475,0.189335567
0.024928079,0.303919201,0.178837564
-0.000602679,0.080303944,0.287566887
0.005883108,0.154574922,0.280068313
0.004608444,0.042564839,0.19720907
0.003551224,0.079985265,0.170589132
0.005976833,0.036787374,0.110225612
0.003240056,0.040604025,0.104226752
0.006183029,0.036232497,0.072732742
0.004244791,0.017033018,0.078356672
0.005781885,0.026353445,0.11060054
0.005069573,0.012500277,0.101227323
0.005485713,0.018386467,0.136470621
0.006149288,0.00969965,0.136470621
0.005755642,0.012402798,0.130471761
0.006471702,0.009557181,0.137220478
0.006126794,0.002047602,0.077231886
0.006951576,0.005328122,0.015743579
0.007045301,0.006752805,-0.072364665
0.007450194,0.009122278,-0.151474621
0.008533658,0.007596368,-0.192341849
0.00924597,0.004240864,-0.216337286
0.010220712,0.010082065,-0.229084862
0.01106424,0.003974673,-0.232084291
0.011206702,0.001035327,-0.244456939
0.011941508,0.008469923,-0.302570887
0.011937759,-0.006028102,-0.317942964
0.012248927,0.004911965,-0.358435263
0.013126195,0.001931378,-0.373057483
0.012623828,0.004064653,-0.323566894
0.014374616,0.008691124,-0.271451805
0.012665067,-0.007876441,-0.172470628
0.01485074,0.016358169,-0.128978899
0.014100938,-0.013788875,-0.078363524
0.014040954,0.01612572,0.014993722
0.01625287,-0.017515546,0.048737305
0.012140206,0.009392218,0.078356672
0.019409536,0.011667962,0.057735594
0.009860807,-0.03175113,0.047987447
0.021958863,0.079149201,0.021742438
0.006659153,-0.15730695,-0.086237027
0.047463378,0.700659696,-0.107233034
0.360543203,1.920270894,-0.112107107
0.723083717,1.746073394,0.005620504
1.026386124,1.719240613,0.055111093
1.343942267,1.803071965,0.025866654
1.6295381,1.77405342,0.127847261
1.907962076,1.796638396,0.068233597
2.173564439,1.676365151,0.119598829
2.435185353,1.705736117,0.195709355
2.691542657,1.697248005,0.190085425
2.929248636,1.709357812,0.358428411
3.156288681,1.742294235,0.404544641
3.370372148,1.76960316,0.421416433
3.57728001,1.805797609,0.509149748
3.768978138,1.805955074,0.437913295
3.945069138,1.819605787,0.395171424
4.106767688,1.821266668,0.359553197
4.254684878,1.832817848,0.207707074
4.391936134,1.840522384,0.147343553
4.517340519,1.839150189,0.108725897
4.630384417,1.833406467,0.025491725
4.7287172,1.813517141,0.053986307
4.812822491,1.797508203,0.140594836
4.885167137,1.787884094,0.163465487
4.945664911,1.768013514,0.238826156
4.993517275,1.741311953,0.233577154
5.028881686,1.715082788,0.137595407
5.052710394,1.678067272,0.137970335
5.065160856,1.640639348,0.040863802
5.065741952,1.607751664,-0.01612536
5.055537147,1.575347622,-0.032247294
5.034748887,1.533810612,-0.169846127
5.003613359,1.485303902,-0.268077447
4.963532693,1.448760781,-0.367058624
4.914900535,1.410039395,-0.459291084
4.858489182,1.364190844,-0.534276824
4.794463589,1.318732206,-0.606263134
4.722628808,1.268122214,-0.613386779
4.642711162,1.218516999,-0.645255719
4.554058323,1.161480937,-0.656878509
4.457255135,1.093036162,-0.611887065
4.352294102,1.032532121,-0.563146334
4.23888655,0.977569348,-0.507281957
4.118314639,0.916821611,-0.433795932
3.991973002,0.85348695,-0.356185691
3.8598204,0.789972328,-0.343813044
3.720660898,0.720878948,-0.318692821
3.575289286,0.658766515,-0.373057483
3.426543565,0.600811907,-0.501283098
3.273126578,0.526544678,-0.547399328
3.112346535,0.447163586,-0.623509854
2.943299925,0.363557184,-0.666626655
2.767996217,0.290092277,-0.658378223
2.588673571,0.212761979,-0.651629507
2.404465965,0.136117778,-0.581892769
2.218488826,0.060455859,-0.463790228
2.026104629,-0.03094131,-0.373057483
1.830957411,-0.098628753,-0.293947527
1.632274877,-0.198277836,-0.196840994
1.429862078,-0.26479179,-0.136477473
1.22812785,-0.362821233,-0.102358961
1.01920677,-0.447859816,-0.129353828
0.81619038,-0.529925311,-0.101609104
0.60230936,-0.670612765,-0.015000574
0.399109269,-0.724758221,0.014243864
0.188159974,-1.03656136,0.092229034
-0.006331167,-0.822993868,0.137595407
-0.03941618,-0.156793314,0.202083143
-0.017911859,-0.146910512,0.24632473
-0.028604035,-0.135164375,0.176213063
-0.022358184,-0.071979681,0.184461494
-0.025301157,-0.093151221,0.151842697
-0.024090227,-0.045810502,0.097478036
-0.024135215,-0.064938747,0.116599399
-0.025308655,-0.037326139,0.111350398
-0.023565366,-0.046151676,0.138345264
-0.025357392,-0.040692891,0.143594266
-0.024018996,-0.02806195,0.160091129
-0.025004986,-0.035039148,0.203207929
-0.024881268,-0.025208835,0.139844979
-0.025057472,-0.026925953,0.098227893
-0.025409879,-0.023525459,0.065984025
-0.02513995,-0.023810396,-0.029997722
-0.025777282,-0.025602497,-0.088111671
-0.02582227,-0.025283818,-0.128978899
-0.026459601,-0.024114078,-0.18071906
-0.027693026,-0.023491717,-0.212587999
-0.028236632,-0.020664846,-0.190842134
-0.028915203,-0.023229275,-0.210338427
-0.029601272,-0.019993745,-0.233209078
-0.029665005,-0.018794012,-0.236958365
-0.030662242,-0.019945006,-0.301446101
-0.030437301,-0.015303538,-0.321317322
-0.031352059,-0.023038068,-0.3393139
-0.031205848,-0.012626634,-0.349436975
-0.031175856,-0.027488328,-0.313443819
-0.03271295,-0.014160043,-0.24408201
-0.031187103,-0.017170623,-0.153349264
-0.033980115,-0.024593972,-0.119605682
-0.031340812,-0.00324622,-0.046494585
-0.034070092,-0.039508154,0.019492866
-0.032495507,0.013793739,0.062609667
-0.03263797,-0.049289728,0.074232456
-0.035802134,0.013223866,0.023242153
-0.028457824,-0.035204111,0.019867795
-0.042790289,-0.02347672,-0.05661766
-0.016337274,0.056350522,-0.07386438
-0.138453777,-1.181500368,-0.104233605
-0.505403127,-1.920813409,-0.082862669
-0.841359411,-1.647551696,0.05023702
-1.149509288,-1.785438523,-0.030372651
-1.460587142,-1.772946302,0.079481458
-1.740461985,-1.798598095,0.145093981
-2.017660036,-1.753683087,0.099727608
-2.279209718,-1.665641422,0.239201084
-2.541767885,-1.713334562,0.191960068
-2.791118289,-1.690562128,0.269945238
-3.024299213,-1.726659098,0.421791361
-3.246274346,-1.746818364,0.378674561
-3.457819733,-1.787830491,0.441662582
-3.660479967,-1.810554186,0.468657449
-3.846464604,-1.812102591,0.404169712
-4.018068038,-1.82631568,0.392171994
-4.174735417,-1.827826594,0.295440389
-4.319889587,-1.841548541,0.172463776
-4.453005685,-1.842129662,0.1192239
-4.573997484,-1.842185899,0.064109382
-4.682501332,-1.830387274,0.005245576
-4.775709218,-1.812417521,0.066358954
-4.856669089,-1.803786941,0.136095692
-4.925692112,-1.784767422,0.174713348
-4.981867278,-1.761646315,0.261321878
-5.025520751,-1.736414428,0.193834712
-5.057466065,-1.708959286,0.169464346
-5.077778201,-1.677173856,0.129721904
-5.086018525,-1.641556779,-0.012001145
-5.083559175,-1.60716193,-0.004127642
-5.070201452,-1.566640944,-0.082862669
-5.046590187,-1.527060999,-0.21221307
-5.01355766,-1.486802454,-0.296197099
-4.97110762,-1.443514584,-0.415424426
-4.920271044,-1.404155839,-0.457041512
-4.861479069,-1.359364553,-0.538775968
-4.794967883,-1.3106029,-0.587516699
-4.720253862,-1.259520513,-0.565770835
-4.637322012,-1.203470481,-0.599889346
-4.546086105,-1.149729936,-0.589766271
-4.446583631,-1.091149217,-0.559397047
-4.339298211,-1.027983268,-0.500533241
-4.224004907,-0.967314264,-0.43717029
-4.101704703,-0.902468689,-0.371182839
-3.973004938,-0.84177719,-0.309694532
-3.837819387,-0.776121795,-0.309319604
-3.695338262,-0.704066573,-0.341938401
-3.547822216,-0.648976328,-0.433421003
-3.397933047,-0.585454209,-0.495659168
-3.242101698,-0.509754798,-0.563146334
-3.078618619,-0.42851412,-0.620510425
-2.906951451,-0.344281607,-0.623509854
-2.730264358,-0.276605412,-0.643756004
-2.549202171,-0.195031058,-0.598389631
-2.363956089,-0.123084563,-0.513655745
-2.175643317,-0.034218081,-0.415049497
-1.980856004,0.048645986,-0.310819319
-1.785476348,0.12221962,-0.220461502
-1.583652144,0.220402779,-0.14885012
-1.382573993,0.280044512,-0.12298004
-1.177911788,0.395650045,-0.0911111
-0.970632774,0.449424333,-0.084362384
-0.765978067,0.577859513,-0.03337208
-0.550365004,0.672720911,0.025116797
-0.351078879,0.794587552,0.056610808
-0.129876042,1.065708491,0.150342983
0.017482545,0.544671895,0.175463205
0.007795103,0.06575718,0.2002085
0.001680468,0.164735162,0.211456361
0.007888828,0.068842743,0.187460924
0.002269062,0.067339328,0.180712207
0.007007811,0.057700222,0.117349257
0.003701184,0.033109442,0.12222333
0.006130543,0.045519182,0.12222333
0.005035832,0.017254219,0.097478036
0.005346999,0.027714392,0.165340131
0.006321742,0.011116834,0.185961209
0.00538449,0.018802625,0.190085425
0.006546683,0.014629803,0.209581717
0.006003076,0.010771911,0.151467769
0.006662902,0.009369723,0.118099114
0.006850352,0.00587925,0.055111093
0.007139026,0.008522412,-0.03337208
0.007345222,-0.002323926,-0.086237027
0.007555166,0.005403105,-0.149974906
0.008031291,0.007472645,-0.189717348
0.007982553,0.002624973,-0.200965209
0.008349956,0.005421851,-0.187467776
0.008717359,0.004072152,-0.211838142
0.008439933,0.003026134,-0.22383586
0.008338709,0.002932405,-0.257579443
0.008308717,0.000435461,-0.307819889
0.007847589,-0.001510357,-0.319442679
0.007933816,-0.000423098,-0.339688828
0.00795631,0.002362532,-0.306695103
0.007641394,-0.000378109,-0.28157488
0.0076189,-0.001011718,-0.243707081
0.007592656,0.001950124,-0.172845557
0.007603903,-0.006230557,-0.096735031
0.00727774,-0.005289516,-0.005627357
0.007135277,0.000720397,0.049112234
0.007258995,-0.000902992,0.071233027
0.007030305,-0.000243139,0.053611378
0.006985317,-0.002803819,0.016493437
0.006989066,-0.001390383,-0.046869514
0.006996564,-0.0004156,-0.092235886
0.006831607,-0.002818816,-0.091486029
0.006651655,-0.000479336,-0.115856395
0.006681647,-0.001622832,-0.125229612
0.006355483,-0.002376414,-0.12860397
0.006374228,-0.001259163,-0.166471769
0.006396722,-0.004475947,-0.173595414
0.006153037,-0.002552625,-0.163472339
0.00632924,-0.000299376,-0.171720771
0.006299248,-0.002001497,-0.165721912
