0.001403041,-0.000824259,-0.093735601
0.003045107,0.006209176,-0.113606822
0.000986901,-0.021684619,-0.097859817
0.003318785,0.027354472,-0.095985173
0.001174351,-0.049953331,-0.101234175
0.002490254,0.046347747,-0.097484888
0.002576481,-0.059716159,-0.099359532
-0.000250272,0.033686814,-0.090361243
0.006640408,-0.014527461,-0.10273389
-0.009244147,-0.08236862,-0.120355539
0.091056866,1.755585028,-0.124479755
0.319015419,2.723360997,-0.038996011
0.50521375,2.381583275,-0.059992018
0.673979184,2.577368473,-0.076113952
0.828974504,2.476542152,0.099727608
0.960647234,2.571969674,0.070108241
1.080889231,2.621938559,0.074982314
1.177718662,2.58133884,0.141719622
1.265591707,2.599443563,-0.036746439
1.340646887,2.486200004,-0.004502571
1.407911625,2.46814402,0.05023702
1.463426965,2.407452521,-0.075364095
1.505727045,2.370871908,0.000371503
1.539063241,2.301935993,-0.056242731
1.561092424,2.244431285,-0.161972625
1.574678836,2.194979785,-0.121105396
1.578352866,2.119730275,-0.236958365
1.573115499,2.087682404,-0.187467776
1.559544083,2.002973747,-0.133852972
1.537541143,1.929287638,-0.211838142
1.507579055,1.855991443,-0.127104255
1.46893426,1.739039959,-0.218586858
1.423466267,1.654859935,-0.233584006
1.370890151,1.545256816,-0.110232464
1.311179669,1.427180582,-0.203964639
1.245058379,1.315646642,-0.143976047
1.172492542,1.183908448,-0.108732749
1.093950782,1.053812387,-0.257204514
1.008188429,0.925485934,-0.295447242
0.921248888,0.805066471,-0.341938401
0.830432869,0.651440645,-0.377181698
0.736846333,0.52585858,-0.330315611
0.638371087,0.361517638,-0.311944105
0.531805478,0.201345768,-0.287948668
0.425104904,0.049204612,-0.282699666
0.310400194,-0.127249886,-0.289823311
0.203174759,-0.272440088,-0.182593703
0.085643296,-0.580066657,-0.14885012
-0.005052754,-0.459392251,-0.101234175
-0.006031246,-0.068976599,-0.008251858
0.001463025,-0.086342736,-0.054743016
-0.003163253,-0.062156866,-0.042370369
0.000398306,-0.034465526,-0.071989737
-0.002106032,-0.048701109,-0.120730468
-0.000329002,-0.022734385,-0.080613097
-0.001258756,-0.037086193,-0.059242161
-0.001202521,-0.015449756,-0.062616519
-0.000707652,-0.019933758,-0.077988596
-0.001386223,-0.016900683,-0.044245013
-0.000831369,-0.011149462,-0.060741876
-0.001543681,-0.014152544,-0.081362954
-0.001142537,-0.012784099,-0.014250717
-0.001431211,-0.015985887,-0.011251287
-0.001656151,-0.013961337,0.023242153
-0.001791116,-0.013305233,0.069733312
-0.002106032,-0.010193425,0.019867795
-0.001884841,-0.010152184,0.030740727
-0.002203507,-0.008697508,0.028866084
-0.002368463,-0.010178428,0.034115085
-0.002383459,-0.011805566,0.027741298
-0.00264589,-0.009368609,-0.025498578
-0.002634643,-0.00860003,-0.057367517
-0.002559663,-0.006211811,-0.145475762
-0.002390957,-0.009064926,-0.191966921
-0.002443443,-0.009132411,-0.220461502
-0.002443443,-0.007715226,-0.242957224
-0.002338471,-0.010590837,-0.197590851
-0.002462188,-0.008322591,-0.153349264
-0.002263491,-0.011303178,-0.164597126
-0.002323475,-0.008052651,-0.168721341
-0.002499678,-0.005529463,-0.125979469
-0.002312228,-0.012098001,-0.136102544
-0.002169766,-0.007658989,-0.146225619
-0.002049797,-0.006174319,-0.118480895
-0.002214754,-0.008660016,-0.142851261
-0.002233499,-0.008697508,-0.195341279
-0.001903586,-0.008086394,-0.211463213
-0.002004809,-0.008468809,-0.205464354
-0.00207604,-0.008090143,-0.209963498
-0.001944825,-0.006410517,-0.215962357
-0.001918582,-0.006346781,-0.170595985
-0.001896088,-0.005117054,-0.154474051
-0.002109781,-0.009432344,-0.156348694
-0.001978566,-0.009087421,-0.111732179
-0.001858598,-0.005289516,-0.111732179
-0.002390957,-0.009256134,-0.074614237
-0.002675882,-0.013072785,0.014993722
-0.002908321,-0.011516881,0.030740727
-0.003654374,-0.010718308,0.025116797
-0.003661872,-0.012769102,0.048362376
-0.003868067,-0.013781377,0.030740727
-0.004227972,-0.009188649,0.002246146
-0.00419798,-0.014493718,-0.001503141
-0.00491779,-0.010452118,-0.030372651
-0.004126749,-0.011036987,-0.065990877
-0.005210213,-0.018250383,-0.085112241
-0.004452913,0.001668936,-0.121855254
-0.004981523,-0.021845833,-0.147350405
-0.005502635,0.002167575,-0.079488311
-0.003995533,-0.017290596,-0.006377214
-0.006424892,-0.007419042,-0.055117945
-0.0026084,0.001665187,-0.062991448
-0.007463368,-0.03781728,-0.015750432
-0.002072291,0.039722971,-0.064866091
-0.006859777,-0.080730234,-0.069365236
-0.003391943,0.10729419,-0.052493444
-0.007249674,-0.346909773,-0.13722733
-0.194902621,-1.585619222,-0.153349264
-0.450476381,-1.733962474,-0.172845557
-0.643794082,-1.688942488,-0.213337856
-0.83485113,-1.817448902,-0.094860387
-0.997501929,-1.815896747,-0.06224159
-1.145227919,-1.93249581,-0.141351546
-1.275547255,-1.929339012,-0.092235886
-1.385175806,-1.962189205,-0.083612526
-1.486770228,-1.938119559,-0.128229042
-1.573361112,-1.939637971,-0.026623364
-1.649394783,-1.964251246,-0.029622793
-1.708434193,-1.955616917,-0.028872936
-1.755154355,-1.975956142,0.060735023
-1.789292841,-1.966444508,-0.004127642
-1.811397003,-1.972559398,0.012369221
-1.824012422,-1.951755276,-0.03074758
-1.824964671,-1.927644389,-0.091860958
-1.816338199,-1.907091461,-0.054743016
-1.79849666,-1.866750435,-0.118105967
-1.77123011,-1.824186153,-0.118855824
-1.734512306,-1.758444528,-0.135727616
-1.688744392,-1.684649693,-0.165721912
-1.635043573,-1.60932145,-0.080613097
-1.573953455,-1.519697637,-0.094485459
-1.504971671,-1.423381562,-0.118105967
-1.430302639,-1.320635668,-0.084737312
-1.34914407,-1.20316305,-0.171345842
-1.261192296,-1.084475702,-0.204339568
-1.168179358,-0.953528581,-0.227210218
-1.072613344,-0.833427797,-0.279325308
-0.9748879,-0.701355926,-0.260578873
-0.870920355,-0.555190941,-0.258329301
-0.763863625,-0.411781592,-0.258329301
-0.64755059,-0.241584452,-0.249331012
-0.531533727,-0.117798238,-0.249331012
-0.412382691,0.067751736,-0.262828445
-0.29018371,0.195534561,-0.240332723
-0.172434804,0.421493046,-0.28457431
-0.04350635,0.63325719,-0.269202233
0.01155536,0.253631637,-0.191217063
-0.004190482,0.030440036,-0.280075165
-0.001198772,0.092222543,-0.231709363
-0.001896088,0.025401157,-0.1747202
-0.002953309,0.036618662,-0.221586288
-0.001288748,0.016883052,-0.134227901
-0.002919568,0.016354419,-0.125604541
-0.001299995,0.016046988,-0.152974336
-0.002687129,0.002628723,-0.119230753
-0.001573673,0.012042878,-0.116231323
-0.001791116,0.003464787,-0.12298004
-0.001772371,0.008361197,-0.113231894
-0.00135623,0.001623946,-0.074239309
-0.001686143,0.002857422,-0.040120797
-0.001108796,0.001770164,0.013119078
-0.001195023,-0.00019065,0.045737875
-0.000951337,0.003779717,0.043488303
-0.001022569,-0.00055057,0.074607385
-0.000812624,0.00075414,0.068983455
-0.000527699,-0.001236668,0.077231886
-0.000643919,-0.008671264,0.077981743
-0.000284014,-0.005653185,0.020992581
-0.000152798,-0.000738028,0.019867795
-0.000317755,0.001252779,-0.0479943
-0.0003365,-0.000711784,-0.085862099
-0.00037399,-0.001750303,-0.041245583
-0.000370241,1.18e-05,-0.079488311
-0.000381488,-0.008405073,-0.045744728
-0.000471464,-0.003100003,-0.015000574
-0.000557691,-0.000513078,-0.068615378
-0.000568938,-0.008487555,-0.073489451
-0.000508954,-0.001896521,-0.077238738
-0.000531448,-0.001510357,-0.090736172
-0.000681409,-0.002158962,-0.106483177
-0.000456468,0.001507722,-0.1316034
0.000225852,0.003873446,-0.170970913
0.000604502,0.001912632,-0.241832438
0.001155606,0.00142524,-0.255329871
0.001455527,-0.002248942,-0.26132873
0.001414288,-0.003504913,-0.308569746
0.002572732,0.005504333,-0.317193106
0.002186584,0.000191765,-0.312693962
0.003007617,0.0090248,-0.320567465
0.003502487,-0.001844032,-0.312319033
0.002752685,0.00425961,-0.252330441
0.004480978,0.003116114,-0.193091707
0.002992621,-0.001187928,-0.14885012
0.005092067,0.013415073,-0.074614237
0.003123837,-0.015104833,-0.043870084
0.004638437,0.023796514,-0.029997722
0.004499723,-0.026839722,0.006370362
0.002782677,0.026102251,0.013494007
0.007663888,-0.012364192,0.00412079
-0.000745142,-0.004367221,-0.012751002
0.012556346,0.052875045,-0.005627357
-0.009330375,-0.139295956,-0.064866091
0.069421329,1.042879819,-0.092610815
0.384851784,2.185805576,0.002621075
0.691022183,2.037132398,-0.028498007
0.950318711,2.199827457,-0.002627927
1.209097875,2.310210402,0.173588562
1.433783543,2.43357296,0.184086566
1.651282358,2.601490607,0.20583243
1.847078154,2.602210447,0.359178268
2.032980313,2.724035847,0.282692814
2.203080395,2.821791601,0.3269344
2.356339923,2.959127301,0.481779953
2.495371959,3.078545737,0.393671709
2.615197817,3.197154352,0.4510358
2.721231067,3.309089452,0.388047778
2.809392786,3.359549477,0.226828437
2.884901596,3.380409837,0.137595407
2.947907458,3.356216469,-0.059992018
2.99834289,3.377110571,-0.123354969
3.036459075,3.369019871,-0.251580584
3.062218522,3.325297097,-0.450292795
3.076783426,3.306045129,-0.37680677
3.079587686,3.223432257,-0.35956005
3.07298193,3.163573072,-0.410925281
3.057970894,3.117387096,-0.290573169
3.034029716,3.039108259,-0.311569176
3.001544544,2.962970196,-0.258329301
2.961501369,2.868135042,-0.221961217
2.91453752,2.792904277,-0.396303062
2.860964167,2.718697035,-0.383555486
2.800867537,2.619269152,-0.395928133
2.733812744,2.520816053,-0.433795932
2.659552354,2.432875615,-0.343813044
2.578577487,2.328176406,-0.373432411
2.491169319,2.203921546,-0.389179417
2.398328835,2.089526993,-0.372307625
2.300086028,1.965395856,-0.498283669
2.196122232,1.834951123,-0.529027822
2.088739339,1.710115143,-0.545524685
1.976025353,1.565929717,-0.60176399
1.858137734,1.429148894,-0.538026111
1.736909746,1.295937277,-0.529777679
1.613792258,1.163977881,-0.480287091
1.4886653,1.013643823,-0.313818748
1.358079784,0.84930663,-0.215587429
1.224071421,0.696734319,-0.115106537
1.083108645,0.531875992,-0.002627927
0.942423296,0.389445176,0.006370362
0.798450065,0.213485568,-0.016500289
0.653389621,0.073900368,-0.027373221
0.508055499,-0.113194263,-0.083612526
0.355800705,-0.270666733,-0.083612526
0.214425538,-0.466489422,-0.051743587
0.059010329,-0.771641541,-0.091486029
-0.032229328,-0.438985541,0.007495148
-0.020015053,-0.074120455,0.011244435
-0.018189285,-0.134137104,-0.016875218
-0.020809843,-0.072283363,0.089604533
-0.017342009,-0.07355808,0.012369221
-0.020146269,-0.05656311,0.010119649
-0.017765647,-0.039354438,0.004870647
-0.019595164,-0.05085688,-0.064866091
-0.018369238,-0.029021737,-0.051743587
-0.019010319,-0.041495212,-0.060366947
-0.019235259,-0.02851185,-0.030372651
-0.018695402,-0.029291677,-0.036746439
-0.019482694,-0.02622111,-0.0479943
-0.019055307,-0.031417454,-0.034121938
-0.019501439,-0.028095693,-0.065990877
-0.019179024,-0.023326754,-0.110982321
-0.0194602,-0.033981883,-0.192716778
-0.019797611,-0.024354025,-0.239957794
-0.019737626,-0.025370049,-0.261703659
-0.020037547,-0.01938638,-0.268452375
-0.020078786,-0.020113718,-0.206214211
-0.020168763,-0.027904485,-0.21821193
-0.020378707,-0.017493051,-0.203964639
-0.020273735,-0.020128715,-0.211088284
-0.020135022,-0.019127688,-0.227960076
-0.020135022,-0.016540763,-0.168346413
-0.019928826,-0.019555093,-0.215962357
-0.019775117,-0.01678071,-0.220086573
-0.019820105,-0.020098722,-0.201715067
-0.019591415,-0.018021684,-0.216712215
-0.019546427,-0.01651077,-0.170595985
-0.019733877,-0.018047928,-0.104608533
-0.019887587,-0.019123939,-0.047244442
-0.020566158,-0.026772237,-0.013875788
-0.02089982,-0.022513185,0.026241583
-0.021518406,-0.018512824,0.028491155
-0.021840821,-0.016836947,-0.003752713
-0.02180708,-0.018426594,-0.034496867
-0.022808066,-0.020053732,-0.075364095
-0.022481902,-0.019821283,-0.089611386
-0.023445397,-0.024597721,-0.116231323
-0.023081743,-0.014021324,-0.103108819
-0.023542872,-0.02720714,-0.081362954
-0.023970259,-0.011591864,-0.098984603
-0.023137979,-0.024661457,-0.053993159
-0.025323651,-0.018115413,-0.032247294
-0.022523141,-0.013920096,0.006370362
-0.026114692,-0.039365686,0.040863802
-0.02290554,0.002812432,0.015368651
-0.025601078,-0.062700495,0.002246146
-0.024802539,0.024793792,-0.010126501
-0.021915801,-0.074855291,-0.02774815
-0.030800955,0.022101891,-0.048744157
-0.009731519,-0.070506259,-0.071239879
-0.17279096,-1.479195396,-0.108732749
-0.520901534,-2.088907266,-0.104983462
-0.806062482,-1.931164856,-0.124479755
-1.072009753,-2.141399339,-0.115856395
-1.325067928,-2.172348705,-0.055867803
-1.552441636,-2.319765912,-0.083612526
-1.772324821,-2.365910647,-0.052493444
-1.970463749,-2.369236157,-0.033747009
-2.162746723,-2.456944147,-0.087736742
-2.336127188,-2.517808108,0.033740157
-2.496517334,-2.626020286,0.0761071
-2.642110137,-2.692241805,0.054361235
-2.771199799,-2.777201656,0.184836423
-2.886725542,-2.842947031,0.152592555
-2.984034845,-2.893961932,0.103851824
-3.067705251,-2.952786347,0.102352109
-3.136045954,-2.985366599,0.021742438
-3.190125423,-3.017095791,-0.016500289
-3.231638211,-3.039065904,-0.071989737
-3.258803537,-3.044340981,-0.077988596
-3.273203485,-3.037142582,-0.041620512
-3.275437895,-3.016117259,-0.063366376
-3.265660477,-2.993333577,-0.004127642
-3.246548024,-2.960805813,0.017993151
-3.218138026,-2.911837956,-0.037496296
-3.180471722,-2.855457997,-0.003002856
-3.135119948,-2.795628806,-0.065990877
-3.082157684,-2.734734852,-0.162722482
-3.022267249,-2.662240979,-0.202839853
-2.956344657,-2.57879954,-0.256079728
-2.883662601,-2.488148455,-0.274451235
-2.803714962,-2.390077771,-0.286823882
-2.716959122,-2.286484565,-0.276325878
-2.623728741,-2.174058324,-0.286448953
-2.524432462,-2.063180489,-0.327316181
-2.419396449,-1.941561293,-0.340438686
-2.309467978,-1.817220203,-0.379056342
-2.196127908,-1.68960984,-0.430046645
-2.077183067,-1.547317743,-0.416924141
-1.953604451,-1.417480375,-0.444668864
-1.829242291,-1.226531601,-0.501283098
-1.705026343,-1.026232408,-0.480287091
-1.579591966,-0.87130937,-0.447668294
-1.446865765,-0.713060823,-0.436045504
-1.310011904,-0.574817825,-0.36818341
-1.167613257,-0.417757763,-0.290573169
-1.024753482,-0.291662063,-0.2988216
-0.879790513,-0.131370219,-0.286448953
-0.729755132,-0.006642965,-0.256829586
-0.582047887,0.143833562,-0.266577732
-0.424222064,0.307758347,-0.19796578
-0.27711841,0.434510151,-0.131978329
-0.11753805,0.767458587,-0.119230753
0.003165076,0.524587613,-0.011251287
0.004083583,0.050220636,-3.43e-06
-0.005049005,0.10284393,0.034490014
0.001110618,0.060422117,0.142094551
-0.003770593,0.032970723,0.070858098
-0.000430225,0.044461917,0.058485451
-0.002525922,0.014269883,0.053611378
-0.001157533,0.027560677,0.017243294
-0.00128125,0.007187708,0.008245005
-0.001603665,0.018630163,-0.003752713
-0.000857612,0.007997528,0.020992581
-0.001611163,0.0063254,0.016118508
-0.000613926,0.008139997,0.042363517
-0.001086302,0.002313793,0.076482029
-0.000733895,0.005361865,0.064109382
-0.000662664,0.000746641,0.052486592
-0.000482711,-0.003152491,0.058485451
-0.000302759,-0.004314733,0.051736734
-0.000358994,-0.001885273,0.01836808
0.000180864,-0.001435373,-0.010876359
0.000135876,0.000491698,-0.021374362
0.000304581,0.001526468,-0.075739024
0.0011781,0.004855727,-0.122230182
0.001995385,0.004147135,-0.155973765
0.002235321,0.000431711,-0.215587429
0.002767681,0.000173019,-0.25270537
0.003315036,-0.000355614,-0.295447242
0.003517483,0.003164853,-0.321692251
0.004274783,-0.003508662,-0.32769111
0.004136069,0.001927629,-0.318317893
0.005234529,0.005253139,-0.299571458
0.004765903,-0.008003912,-0.244831867
0.00564692,0.013152632,-0.183718489
0.006190527,-0.006470503,-0.159348124
0.005455721,0.011671711,-0.146975477
0.007570162,-0.003261217,-0.130853542
0.004874624,-0.008802485,-0.141351546
0.009197233,0.021134606,-0.154099122
0.005129557,-0.030307701,-0.127479184
0.008886065,0.041173898,-0.140601689
0.007735119,-0.055112183,-0.160847839
0.005376992,0.058974938,-0.133103115
0.014565815,-0.066198467,-0.098984603
-0.007320905,0.0865688,-0.104608533
0.177302841,1.656423337,-0.023998863
0.555765401,2.198811433,0.092603963
0.871675728,1.983620552,0.095228464
1.181778839,2.232962586,0.164965202
1.479356508,2.250002546,0.345680835
1.750856063,2.357393656,0.337432404
2.018404162,2.317165105,0.300689391
2.270318889,2.323699902,0.402295069
2.521828723,2.419198658,0.284567457
2.756490506,2.426479538,0.295815318
2.98065881,2.49817484,0.399670568
3.193448868,2.485341444,0.304438678
3.395696711,2.501777788,0.299939534
3.587529803,2.548867313,0.252323589
3.766297596,2.562214344,0.245574872
3.937132484,2.565194931,0.243700229
4.09581683,2.563155385,0.133096262
4.24225691,2.563451569,0.193834712
4.376583938,2.523882871,0.234327011
4.500739902,2.477869357,0.158966343
4.615230919,2.462456535,0.145843838
4.718557383,2.415828158,0.074607385
4.81237261,2.355279127,0.094853535
4.895296962,2.321866559,0.106101396
4.966029533,2.274728295,0.020992581
5.026107419,2.211536102,0.124847831
5.075646837,2.158477905,0.085855246
5.115416335,2.112505632,-0.163472339
5.144118755,2.057831544,-0.276700807
5.160351969,2.010007182,-0.275201092
5.165679312,1.968740112,-0.286448953
5.159290999,1.913799834,-0.196466065
5.142135529,1.86683778,-0.125604541
5.115720005,1.822818822,-0.156723623
5.079335863,1.76452304,-0.169471199
5.034478958,1.703715317,-0.237708222
4.981621666,1.64845261,-0.221961217
4.921026417,1.606030797,-0.190092277
4.853630465,1.553452493,-0.229084862
4.778672759,1.49084517,-0.282699666
4.695392251,1.436294804,-0.460040941
4.603402792,1.364273326,-0.628383927
4.503574154,1.29614723,-0.62201014
4.396183762,1.233971061,-0.606263134
4.281051665,1.161987074,-0.552273401
4.158901422,1.097876335,-0.427047216
4.030689029,1.026188532,-0.443544078
3.897280508,0.956596513,-0.493034667
3.757071283,0.875723253,-0.532777109
3.610728677,0.794531314,-0.597639774
3.461154425,0.736906633,-0.487785665
3.30738878,0.660296175,-0.320942393
3.147965879,0.574608986,-0.333689969
2.981033711,0.480055019,-0.319442679
2.806382331,0.392710699,-0.32206718
2.62836434,0.31587904,-0.392178846
2.445555114,0.224736815,-0.354311048
2.260136578,0.15202174,-0.289823311
2.070627871,0.052710082,-0.256829586
1.875773077,-0.032347247,-0.295822171
1.680273452,-0.126695009,-0.351686547
1.478464244,-0.217586041,-0.41130021
1.278728238,-0.293851575,-0.438295077
1.072360234,-0.416231852,-0.376056912
0.868301619,-0.479559015,-0.257579443
0.661982352,-0.648027789,-0.130478614
0.451775361,-0.712753391,-0.040120797
0.253471477,-0.921072051,0.033365228
0.035646498,-1.063724068,-0.013125931
-0.068096106,-0.400665315,-0.025873506
-0.044631053,-0.101403136,0.036739586
-0.047911437,-0.187037836,0.010494577
-0.048170118,-0.080512783,0.065609096
-0.04551207,-0.108297852,0.063359524
-0.048593756,-0.068466712,-0.06224159
-0.045238392,-0.064822523,-0.09973446
-0.047986417,-0.063795251,-0.137602259
-0.045819489,-0.042736186,-0.125229612
-0.046899204,-0.054868487,-0.028872936
-0.046752993,-0.037618574,-0.002252998
-0.04638559,-0.043223578,-0.023623934
-0.047019172,-0.035669008,-0.085862099
-0.046633024,-0.035556533,-0.162347553
-0.047086654,-0.03161241,-0.152974336
-0.046929196,-0.02972658,-0.11435668
-0.048185114,-0.03687624,-0.072364665
-0.048897426,-0.031563671,-0.015000574
-0.049433535,-0.034634238,-0.028872936
-0.050670708,-0.036591303,-0.067865521
-0.050888151,-0.029640349,-0.069365236
-0.051956618,-0.034904178,-0.113606822
-0.052796397,-0.027222137,-0.124479755
-0.05270642,-0.030641376,-0.081737883
-0.053711155,-0.03017648,-0.13722733
-0.052946357,-0.023128048,-0.185218204
-0.054614666,-0.032051063,-0.217087144
-0.053332505,-0.012112998,-0.286823882
-0.054457208,-0.04060666,-0.252330441
-0.054869599,-0.015476,-0.200215352
-0.05327627,-0.031649902,-0.155973765
-0.057171491,-0.018760269,-0.100859247
-0.051877889,-0.014651183,-0.118480895
-0.059057243,-0.046050449,-0.155223908
-0.051334283,0.029622718,-0.166471769
-0.058982263,-0.109373862,-0.173595414
-0.052833887,0.120742448,-0.179969202
-0.063368605,-0.462245366,-0.180344131
-0.342643607,-1.80010526,-0.191966921
-0.725694955,-1.79821943,-0.098609674
-1.040101929,-1.71195112,-0.135352687
-1.369553681,-1.834965006,-0.092610815
-1.671562679,-1.777970184,0.233952083
-1.962879502,-1.804930437,0.164590273
-2.246360893,-1.677500034,0.196834141
-2.520612221,-1.700504916,0.391422137
-2.791733126,-1.710698899,0.209956646
-3.044989999,-1.721046597,0.265071165
-3.289635395,-1.761927503,0.334058046
-3.519423465,-1.777021645,0.242200514
-3.738223187,-1.819747141,0.365926985
-3.944576195,-1.836175986,0.381299062
-4.140255772,-1.874758654,0.343806192
-4.325235675,-1.89459924,0.337432404
-4.496190531,-1.905719266,0.251198803
-4.653772668,-1.918121507,0.209581717
-4.797393492,-1.928742895,0.148843268
-4.929471115,-1.938303268,0.146593696
-5.049488172,-1.943030966,0.145468909
-5.157928286,-1.946214008,0.112850112
-5.253584276,-1.941977451,0.155966913
-5.335946277,-1.935018999,0.175838134
-5.405602883,-1.918938826,0.150717911
-5.462707803,-1.906757785,0.20883186
-5.508756893,-1.88785824,0.23770137
-5.543052836,-1.863957306,0.056985736
-5.565235728,-1.837836867,-0.000378355
-5.575991638,-1.798613092,-0.06224159
-5.575181852,-1.76153759,-0.29019824
-5.562997569,-1.723059899,-0.344187973
-5.54061598,-1.688252642,-0.374932126
-5.508157051,-1.648174057,-0.415799355
-5.465613286,-1.598984999,-0.438295077
-5.414371817,-1.560102399,-0.446543508
-5.355302415,-1.514223854,-0.395553205
-5.288690006,-1.462166684,-0.481786806
-5.215408107,-1.416591823,-0.461915585
-5.13484938,-1.366844139,-0.361434693
-5.045615444,-1.311986342,-0.393303633
-4.947976228,-1.249304036,-0.384680272
-4.841710539,-1.18477714,-0.383555486
-4.727583177,-1.121603692,-0.412424996
-4.60586032,-1.055835822,-0.45179251
-4.476628197,-0.996718973,-0.385805059
-4.341682582,-0.934681523,-0.363309337
-4.200333658,-0.861167876,-0.392928704
-4.052229018,-0.787770453,-0.32769111
-3.899280657,-0.727787547,-0.409425567
-3.742943191,-0.664752819,-0.43454579
-3.582223132,-0.588078625,-0.440919577
-3.413922575,-0.512382963,-0.477287661
-3.237962791,-0.428262926,-0.398552634
-3.055412247,-0.346358645,-0.404926422
-2.869232661,-0.27584808,-0.375307055
-2.68012135,-0.188327549,-0.323566894
-2.486331274,-0.114172795,-0.291697955
-2.289789425,-0.028271904,-0.246706511
-2.087252908,0.062352937,-0.238083151
-1.883872865,0.13282601,-0.147350405
-1.675555375,0.236497949,-0.10835782
-1.466214406,0.29924774,-0.133478043
-1.255445064,0.411554007,-0.106108248
-1.039010967,0.4765458,-0.10573332
-0.827589297,0.595113175,-0.100109389
-0.604875609,0.730907967,-0.055117945
-0.398432625,0.798944083,0.061109952
-0.174924146,1.10653316,0.08173103
0.001965392,0.706452157,0.034490014
0.00935844,0.091922609,0.116974328
-0.005060252,0.15908142,0.086980032
0.004612193,0.093778446,0.055486021
-0.002240997,0.063541423,0.088104818
0.002374035,0.071350935,0.007870077
-0.000280265,0.030406294,-0.063741305
0.001219339,0.049845719,-0.130853542
0.001166853,0.014761024,-0.200965209
0.00034582,0.028640436,-0.238083151
0.001875416,0.018232752,-0.223086003
0.000604502,0.015615834,-0.211838142
0.001875416,0.014363612,-0.216712215
0.001384296,0.00394468,-0.197590851
0.00189791,0.00861989,-0.210338427
0.002254066,0.005942985,-0.18071906
0.002876402,0.012695233,-0.12860397
0.004214798,0.006932765,-0.104608533
0.004660931,0.005646801,-0.087361813
0.005853116,0.010854393,-0.112107107
0.006224268,0.000540437,-0.081737883
0.00712403,0.005613059,-0.081362954
0.008316215,0.005534326,-0.128229042
0.007960059,0.005496835,-0.097484888
0.009294707,0.003284827,-0.124854683
0.008586144,-0.007996414,-0.146600548
0.009827066,0.011701704,-0.142476332
0.009572134,-0.009571064,-0.164972054
0.009459663,0.008402438,-0.163847268
0.011232945,-0.006466754,-0.139851831
0.008931053,0.004480811,-0.090736172
0.013294901,0.012695233,-0.095235316
0.008199996,-0.022209502,-0.065615949
0.0136773,0.033994245,-0.04499487
0.009538393,-0.058193997,-0.070490022
0.01151787,0.080236459,-0.066740735
0.014667038,-0.108245363,-0.115856395
0.002636465,0.223447102,-0.11998061
0.228480577,1.71138611,-0.20358971
0.61260789,1.938896751,-0.185218204
0.930306496,1.684560828,-0.124854683
1.255484376,1.811222652,-0.254205085
1.562453315,1.745169845,-0.02774815
1.851198316,1.784903507,-0.019874647
2.135815657,1.656805752,-0.152224478
2.408732338,1.622538375,0.089229604
2.681472816,1.645175839,0.027741298
2.936697918,1.633429702,0.05023702
3.183094103,1.663404284,0.20883186
3.415386511,1.670835131,0.177337849
3.635618355,1.709189099,0.241825585
3.846020294,1.71876072,0.288316744
4.04435417,1.755911206,0.298439819
4.231965877,1.773997183,0.276319026
4.404870219,1.778747376,0.264696236
4.564439331,1.790028616,0.307813037
4.71103312,1.787396702,0.219704792
4.845180196,1.794947522,0.213705933
4.968207708,1.789316275,0.235826726
5.07858981,1.78398871,0.1597162
5.175587945,1.777435168,0.184086566
5.260116874,1.760586416,0.225703651
5.331520518,1.746380826,0.210331575
5.390709888,1.73840635,0.169089418
5.438146112,1.720177905,0.193459783
5.473398053,1.698425244,0.082855817
5.49677313,1.680485484,-0.031872366
5.507682749,1.641130489,-0.022124219
5.506408086,1.607444232,-0.180344131
5.494205058,1.585511611,-0.254580014
5.471332348,1.5525227,-0.261703659
5.437771211,1.512729052,-0.305195388
5.394252703,1.471158299,-0.306320174
5.341609104,1.432688107,-0.336689399
5.280946373,1.388376714,-0.302945816
5.213066798,1.343690404,-0.299946386
5.137906646,1.298138037,-0.313818748
5.054577401,1.252649406,-0.271826734
4.963075314,1.207029554,-0.332940112
4.863235428,1.150645847,-0.411675139
4.754975266,1.094115922,-0.397802777
4.638999642,1.03298577,-0.401926993
4.51457,0.968226426,-0.442794221
4.383703308,0.910796701,-0.381680843
4.247677978,0.84665222,-0.340063757
4.104750721,0.776542816,-0.39967742
3.955547621,0.717182271,-0.400427278
3.801639514,0.661765848,-0.445418722
3.644619728,0.596852788,-0.484036378
3.482411312,0.514637327,-0.451417581
3.311962572,0.440081412,-0.453292225
3.134566917,0.36452072,-0.426672287
2.950959152,0.278469862,-0.404551494
2.764400917,0.20825923,-0.39105406
2.573591304,0.127652161,-0.390304203
2.378766501,0.058645012,-0.366308766
2.180391386,-0.03354698,-0.314943534
1.9767939,-0.111927045,-0.342313329
1.773166422,-0.187011592,-0.315318463
1.563525532,-0.279413537,-0.310069461
1.355826629,-0.342455764,-0.341563472
1.142575442,-0.457180243,-0.298446671
0.928998091,-0.51361269,-0.242582295
0.715222043,-0.671617542,-0.162722482
0.495113917,-0.748063036,-0.119230753
0.290009329,-0.915440803,0.008994863
0.062984279,-1.111533433,0.046862661
-0.062123934,-0.475791103,0.00674529
-0.042044236,-0.097057852,0.132721334
-0.041901774,-0.195143533,0.115849542
-0.044556073,-0.079987899,0.095228464
-0.040270954,-0.097099093,0.112100255
-0.044428606,-0.073055691,0.015743579
-0.040600867,-0.058460188,-0.040495726
-0.043296405,-0.062190608,-0.107233034
-0.041418151,-0.042687447,-0.166471769
-0.042096722,-0.052918921,-0.179219345
-0.042441631,-0.033509488,-0.157848409
-0.041714323,-0.041705165,-0.136852402
-0.042569097,-0.040063031,-0.155598837
-0.042017993,-0.037093691,-0.146600548
-0.042689066,-0.035016653,-0.104233605
-0.042760297,-0.029017988,-0.067490592
-0.043633816,-0.031503685,-0.070490022
-0.044589814,-0.033659455,-0.077988596
-0.045200902,-0.032268515,-0.074614237
-0.046258123,-0.027312117,-0.151099692
-0.046561793,-0.027308368,-0.178469487
-0.047731484,-0.033314532,-0.208463783
-0.048226353,-0.021155986,-0.298446671
-0.048440047,-0.025801203,-0.281199951
-0.049482272,-0.022528181,-0.313068891
-0.048605003,-0.021002271,-0.337814185
-0.050378285,-0.024777681,-0.274826163
-0.049043638,-0.013174012,-0.239957794
-0.050591979,-0.038390903,-0.215962357
-0.050067117,-0.005971864,-0.157848409
-0.050022129,-0.040126766,-0.05361823
-0.052294029,-0.007808956,-0.004877499
-0.047795217,-0.022044539,0.017993151
-0.0552445,-0.035237854,0.043113374
-0.045752007,0.018525186,0.038989159
-0.0575164,-0.096244283,-0.026998293
-0.043525095,0.138869666,-0.05961709
-0.078398386,-0.654206415,-0.077613667
-0.39034601,-1.878871489,-0.1747202
-0.762990106,-1.738641433,-0.119605682
-1.074495347,-1.712858418,-0.222336145
-1.402286287,-1.794822685,-0.223086003
-1.698698014,-1.747729411,0.049862091
-1.989171309,-1.756761152,-0.08248774
-2.268959925,-1.623095886,-0.032622223
-2.542412714,-1.648766425,0.150342983
-2.809750868,-1.644848547,0.074607385
-3.059903561,-1.661764784,0.249699088
-3.302288304,-1.687746504,0.331808473
-3.528222392,-1.698199179,0.27519424
-3.744255344,-1.738378991,0.343806192
-3.949742331,-1.756352493,0.303313892
-4.144064767,-1.787470571,0.275569168
-4.326116692,-1.796067408,0.231327582
-4.493105096,-1.803809436,0.166089988
-4.647496825,-1.812050103,0.155966913
-4.789126925,-1.813073625,0.075732171
-4.91865897,-1.819990837,0.068233597
-5.037071451,-1.820826901,0.095603392
-5.142268671,-1.813992171,0.124472902
-5.233950711,-1.807296161,0.183711637
-5.313283511,-1.797278389,0.241075728
-5.37929233,-1.782967822,0.235826726
-5.433626732,-1.769913226,0.244825015
-5.476256725,-1.752130932,0.268070594
-5.506226311,-1.727941313,0.086605104
-5.524513982,-1.702270773,0.055486021
-5.53038868,-1.671152696,0.044613089
-5.524832648,-1.64254281,-0.166471769
-5.509154288,-1.616681063,-0.216712215
-5.482809995,-1.577775967,-0.260953801
-5.446219657,-1.540906669,-0.326566324
-5.399983117,-1.505454555,-0.349436975
-5.344846427,-1.462657825,-0.354685976
-5.281773082,-1.4250087,-0.304445531
-5.211107993,-1.38585241,-0.370807911
-5.132899895,-1.34242957,-0.378681413
-5.046627677,-1.29338298,-0.330315611
-4.951938931,-1.235612081,-0.401177135
-4.849197312,-1.178920942,-0.3824307
-4.738522788,-1.118465641,-0.313068891
-4.619469227,-1.057073047,-0.312693962
-4.49248276,-0.999999493,-0.310069461
-4.359092984,-0.934546553,-0.248581154
-4.219573577,-0.867290264,-0.284199381
-4.073107254,-0.799775283,-0.362559479
-3.920728743,-0.731465479,-0.343813044
-3.765096091,-0.674346934,-0.413549782
-3.606051839,-0.607244361,-0.441294506
-3.439824485,-0.525842469,-0.456291654
-3.266009134,-0.447582378,-0.487410736
-3.085231872,-0.362974949,-0.415424426
-2.899389698,-0.294976325,-0.410550353
-2.710829491,-0.214459236,-0.360684836
-2.51724561,-0.135336837,-0.308194818
-2.320981188,-0.062171863,-0.275950949
-2.119111995,0.038868161,-0.234708792
-1.91558574,0.107091735,-0.304070602
-1.708842835,0.205481098,-0.290573169
-1.499419387,0.271976306,-0.268077447
-1.290655765,0.376390579,-0.285699096
-1.074424116,0.456562745,-0.241832438
-0.864397077,0.548271095,-0.188967491
-0.643085519,0.71826203,-0.188967491
-0.433875765,0.754242776,-0.143601118
-0.216496918,1.06508238,-0.047244442
-0.016929618,0.835078545,-0.116231323
0.01560804,0.135424182,-0.07086495
-0.006323669,0.134025743,0.014618793
0.004773401,0.108966318,0.003370932
-0.001779869,0.047468748,0.050986877
0.001657974,0.080386425,-0.012751002
0.000379561,0.024411377,-0.06524102
0.000469537,0.046523958,-0.090361243
0.001792938,0.020545987,-0.110982321
0.000102134,0.021359556,-0.064116234
0.001954145,0.016579369,-0.014625646
0.000705725,0.013163879,0.042363517
0.002055369,0.018716394,0.077606815
0.001706711,0.005320624,0.07310767
0.001864169,0.007375167,0.074232456
0.00243027,0.005418102,0.097103107
0.002235321,0.006662825,0.103476895
0.002831414,0.002193819,0.072357813
0.002752685,0.00156021,-0.020999433
0.003723678,0.004012165,-0.134227901
0.00492711,-0.00055057,-0.19796578
0.005448223,0.001462732,-0.245956653
0.006602918,0.004623279,-0.323941823
0.007116532,-0.002567621,-0.322442108
0.007341473,0.002654967,-0.306320174
0.008061283,0.001473979,-0.349811903
0.007821346,0.002223813,-0.351686547
0.008874818,0.000814126,-0.317942964
0.008316215,-0.003594893,-0.250830727
0.009594628,0.011652965,-0.187092848
0.009253468,-0.012480416,-0.075739024
0.009223476,0.012815207,0.025116797
0.010843048,-0.00711536,0.041988588
0.008312466,0.002115087,0.07310767
0.012661318,0.011064346,0.060735023
0.007885079,-0.023994105,0.033740157
0.013347387,0.041162651,-0.001503141
0.009294707,-0.053976186,-0.080238168
0.010888036,0.074886399,-0.164222197
0.014828246,-0.099959707,-0.263578302
0.001909157,0.212578269,-0.295072313
0.22104629,1.668439414,-0.426297358
0.599085211,1.910058166,-0.380930985
0.909829403,1.659928807,-0.198340709
1.224892454,1.783167643,-0.250080869
1.522807534,1.715408966,0.0761071
1.801535181,1.76137749,0.220079721
2.07408071,1.641269208,0.095978321
2.33537546,1.605074759,0.346055764
2.596377787,1.621556093,0.290566316
2.837131711,1.59545065,0.198333856
3.068276922,1.634396987,0.274819311
3.2883813,1.64616187,0.193084854
3.498738251,1.683331101,0.14809341
3.696097384,1.681194077,0.044988018
3.876589721,1.691939186,0.016868365
4.044601605,1.70653469,0.055486021
4.198663422,1.708379279,0.00974472
4.341635667,1.722172461,0.11060054
4.472209936,1.718978172,0.149218196
4.588770406,1.718198345,0.121098544
4.691215853,1.703576598,0.166839845
4.780228598,1.688643669,0.1597162
4.857173279,1.685779307,0.22307915
4.9218512,1.669001789,0.300689391
4.974194877,1.646596773,0.306313322
5.013773176,1.622714585,0.265821022
5.040571099,1.598832398,0.198708785
5.055424677,1.573705487,0.017243294
5.058705061,1.546599017,-0.176219915
5.051012092,1.51215168,-0.240707652
5.032548218,1.474273856,-0.369308196
5.003500888,1.439016699,-0.421048356
4.964533678,1.399234298,-0.393678561
4.916707558,1.362042572,-0.43154636
4.860884799,1.323317436,-0.423297929
4.79691919,1.283538785,-0.421798214
4.724649525,1.232985031,-0.328440967
4.643903347,1.180961603,-0.22683529
4.555010571,1.13296478,-0.206964069
4.457922459,1.069007757,-0.104608533
4.35238033,1.010843196,-0.091486029
4.238770331,0.952907334,-0.159723052
4.117808523,0.892849443,-0.185968061
3.990690841,0.835937104,-0.193466635
3.856798698,0.769535625,-0.248581154
3.715277319,0.703224126,-0.313443819
3.569133411,0.641254161,-0.375681984
3.420256475,0.583100847,-0.505032385
3.265681044,0.512309094,-0.547774257
3.104357395,0.431139651,-0.542900184
2.935033358,0.348931688,-0.478037519
2.759257275,0.277832504,-0.366683695
2.579863398,0.196738043,-0.321317322
2.394917236,0.119501474,-0.277450664
2.207492979,0.046842637,-0.267702518
2.013950338,-0.047985018,-0.265452946
1.817993334,-0.116995917,-0.251205655
1.618343556,-0.213581931,-0.247831297
1.41565333,-0.274989521,-0.24408201
1.213780389,-0.373750052,-0.266202803
1.0052717,-0.451946407,-0.313068891
0.80267145,-0.543219854,-0.342313329
0.588981629,-0.703455459,-0.37680677
0.386613818,-0.752835725,-0.352436404
0.174584809,-1.063862787,-0.297321885
-0.016802152,-0.826296883,-0.297321885
-0.045444588,-0.153973941,-0.216337286
-0.024997487,-0.157325696,-0.136477473
-0.035397241,-0.1305604,-0.059992018
-0.028641525,-0.07045377,0.05023702
-0.03195565,-0.096206791,0.126347546
-0.030546022,-0.045926726,0.209581717
-0.030737222,-0.064897506,0.228328152
-0.031685721,-0.037524845,0.190835282
-0.029942432,-0.04366223,0.140219908
-0.031621988,-0.035402817,0.090354391
-0.030362321,-0.028358134,0.028491155
-0.031483275,-0.030720109,-0.034871795
-0.031187103,-0.023416734,-0.089986314
-0.031325816,-0.028470609,-0.172845557
-0.031719462,-0.021605886,-0.231334434
-0.031629486,-0.02730087,-0.275201092
-0.031989391,-0.023667928,-0.284949238
-0.031846929,-0.023499215,-0.234333864
-0.032510504,-0.026014906,-0.186717919
-0.033230313,-0.024732691,-0.123354969
-0.034111331,-0.022614412,-0.063366376
-0.034812396,-0.020679842,-0.046869514
-0.035464723,-0.021980803,0.01836808
-0.035693413,-0.01664574,0.073482599
-0.036210776,-0.020079976,0.043113374
-0.036390729,-0.013204005,-0.00187807
-0.036713144,-0.02028618,-0.085862099
-0.037365471,-0.018269129,-0.19496635
-0.036720642,-0.01754554,-0.289823311
-0.038613892,-0.019033959,-0.36818341
-0.037065551,-0.00797017,-0.3824307
-0.039105012,-0.034236827,-0.400427278
-0.038643884,-0.001529102,-0.395553205
-0.038265234,-0.03197233,-0.332940112
-0.040634608,-0.003186234,-0.276700807
-0.036293255,-0.02716215,-0.191591992
-0.043540091,-0.031552424,-0.146225619
-0.034212554,0.024767548,-0.063741305
-0.045710768,-0.09634926,-0.007127072
-0.031723211,0.143203702,0.023242153
-0.065910434,-0.654532592,0.069733312
-0.372215798,-1.891742376,0.00674529
-0.737050706,-1.744298924,0.089604533
-1.039637052,-1.699552628,-0.006002285
-1.357080725,-1.777066635,-0.045744728
-1.643786264,-1.735218444,0.184461494
-1.922303966,-1.748516736,-0.026623364
-2.189008538,-1.616516099,-0.043870084
-2.450685687,-1.639985879,0.081356102
-2.704703608,-1.623871963,-0.103483747
-2.939264168,-1.633589801,-0.006377214
-3.166439178,-1.667504757,0.073857528
-3.381418658,-1.687206624,0.080981173
-3.587636702,-1.71954693,0.262821593
-3.778018928,-1.717589866,0.321685398
-3.953573819,-1.736935562,0.365177128
-4.115677263,-1.742285622,0.385048349
-4.264490466,-1.755636402,0.336682546
-4.402765202,-1.760742766,0.296565176
-4.52701864,-1.757226049,0.188960639
-4.637576945,-1.753975522,0.164590273
-4.733975239,-1.735615856,0.107976039
-4.817401959,-1.728571173,0.022492296
-4.8891955,-1.716337644,0.04161366
-4.948294894,-1.700152495,0.032615371
-4.995329973,-1.682104009,0.008245005
-5.029281008,-1.65323918,0.024741868
-5.050489157,-1.627066253,0.040863802
-5.060517759,-1.600064759,-0.038621082
-5.058898187,-1.569958956,-0.059242161
-5.046815128,-1.536508897,-0.042370369
-5.024744706,-1.503576223,-0.109857535
-4.992143315,-1.46564591,-0.133852972
-4.950334355,-1.428053023,-0.143976047
-4.900052633,-1.391798588,-0.15747348
-4.841455607,-1.346624887,-0.241457509
-4.774723229,-1.30484793,-0.314193677
-4.699334387,-1.252779512,-0.315318463
-4.615390304,-1.199398887,-0.445418722
-4.523258383,-1.151548281,-0.488910451
-4.423362263,-1.092461425,-0.446543508
-4.315570727,-1.028688111,-0.511031244
-4.199291433,-0.96719804,-0.523403891
-4.076117709,-0.909997014,-0.436795362
-3.946615657,-0.842429545,-0.361434693
-3.809161954,-0.776106798,-0.368558338
-3.665027516,-0.714579235,-0.281199951
-3.51751147,-0.650086081,-0.206964069
-3.366343889,-0.580940213,-0.202464924
-3.209114159,-0.505911903,-0.142101404
-3.044423898,-0.423730184,-0.141351546
-2.87181198,-0.343044383,-0.118855824
-2.695136135,-0.27472708,-0.136477473
-2.513564082,-0.189879704,-0.202464924
-2.328422973,-0.123013328,-0.250455798
-2.139052979,-0.03273716,-0.31906775
-1.943620837,0.048559755,-0.360684836
-1.747693826,0.12765966,-0.41130021
-1.54538225,0.22565536,-0.422548071
-1.344952677,0.29115704,-0.405301351
-1.138869598,0.408138517,-0.398177706
-0.933622547,0.45829486,-0.323941823
-0.727610699,0.613424102,-0.251580584
-0.515742896,0.69875512,-0.232834149
-0.317206574,0.865701732,-0.154474051
-0.096543594,1.052069025,-0.099359532
0.020080609,0.420870685,-0.122230182
-0.001022569,0.062397927,-0.104608533
0.000315828,0.166032374,-0.063741305
0.002583979,0.054847107,-0.027373221
-0.001183776,0.076817219,-0.021749291
0.002613971,0.045860356,-0.011626216
-0.00048646,0.033334392,0.007870077
0.002261564,0.039426787,-0.029622793
0.000342071,0.016410657,-0.063366376
0.001365551,0.027346974,-0.060741876
0.001459276,0.006411631,-0.067865521
0.001196845,0.006524106,-0.037871225
0.002167839,0.006670324,-0.004502571
0.001624233,0.011139329,-0.004877499
0.00223907,0.005133166,0.043113374
0.002122851,0.002490003,0.097103107
0.002666457,0.005598062,0.122598259
0.002790175,0.001601451,0.115099685
0.002966378,0.00565055,0.092978891
0.003783662,0.007761331,0.034115085
0.004792146,0.001837649,-0.097859817
0.00553445,-0.00113544,-0.22683529
0.006415467,0.004600784,-0.266952661
0.00693658,-4.07e-05,-0.262453516
0.007191512,0.00115905,-0.296197099
0.008020044,0.001777662,-0.272201662
0.007712625,0.001815154,-0.230209648
0.008781093,0.002013859,-0.222336145
0.008207494,-0.006163072,-0.18634299
0.009302205,0.010573205,-0.143976047
0.009572134,-0.005915627,-0.047244442
0.009185986,0.010749416,0.04723759
0.011000507,-0.006526741,0.049112234
0.008248733,-0.000719283,0.054736164
0.012672565,0.017441677,0.016118508
0.008083777,-0.025628742,-0.060366947
0.012567593,0.035568895,-0.146600548
0.01004076,-0.057204218,-0.254580014
0.009377185,0.063567667,-0.239957794
0.016192885,-0.08133385,-0.260953801
-0.001689892,0.148411293,-0.288698525
0.199159569,1.601824232,-0.343063187
0.5773522,1.939177938,-0.300321315
0.89094564,1.664675251,-0.109482607
1.204958968,1.801152392,-0.144350976
1.505340896,1.74312655,0.10497661
1.783686144,1.786215715,0.262071735
2.057322635,1.677632369,0.16271563
2.318088774,1.637838721,0.403794784
2.579537234,1.657248153,0.355428981
2.821618307,1.629763017,0.343056334
3.052452351,1.683143643,0.526771397
3.272223066,1.689367259,0.406044356
3.48257252,1.73094176,0.343431263
3.68122881,1.743553955,0.222704222
3.862770871,1.745016129,0.030740727
4.031435082,1.763784454,-0.048744157
4.186066748,1.776430391,-0.136852402
4.329102727,1.780603213,-0.078738453
4.459688243,1.775140678,-0.019874647
4.576961025,1.783969964,0.040863802
4.679687648,1.761707416,0.15671677
4.768546683,1.753399265,0.18858571
4.846346138,1.753837917,0.307438108
4.911773861,1.731530379,0.384298491
4.964297491,1.71853577,0.351304766
5.004546862,1.684913249,0.33855719
5.032102086,1.661019814,0.280068313
5.047413043,1.642341469,0.076482029
5.05136075,1.602885246,-0.109482607
5.044346352,1.575748783,-0.181093988
5.026617284,1.541346436,-0.286074024
4.99857094,1.500727971,-0.357310477
4.960792166,1.465388333,-0.425172572
4.914255705,1.423510148,-0.48628595
4.85951641,1.381080837,-0.488535522
4.796697999,1.336214567,-0.522279105
4.725414323,1.286451887,-0.459666012
4.645151768,1.233989807,-0.357310477
4.556506426,1.179083271,-0.32769111
4.459609514,1.126636188,-0.238458079
4.35521833,1.072873147,-0.23245922
4.243295386,1.012755271,-0.305195388
4.123383301,0.945727681,-0.314943534
3.997551529,0.879127496,-0.329565754
3.865357688,0.819298305,-0.390679132
3.725095976,0.752461923,-0.449917866
3.579180758,0.686993986,-0.459666012
3.430150113,0.623899271,-0.523403891
3.276459448,0.551379153,-0.557147474
3.116699136,0.477393112,-0.550773687
2.949103393,0.3902325,-0.533901895
2.77442577,0.315702829,-0.416924141
2.596381536,0.24008965,-0.321317322
2.413137425,0.161484635,-0.22683529
2.227156537,0.087074938,-0.107982892
2.035252213,-0.013642658,-0.034871795
1.839797577,-0.079924164,0.007120219
1.641306242,-0.179269564,0.0356148
1.438383578,-0.249004052,0.013119078
1.237421646,-0.340258752,-0.106858106
1.028867969,-0.438415667,-0.239582866
0.826732596,-0.507932703,-0.315693392
0.61582829,-0.684559663,-0.400052349
0.411578476,-0.729628387,-0.440544649
0.205656604,-1.011749379,-0.376431841
0.001702962,-0.912141537,-0.345687688
-0.049620985,-0.212044773,-0.296572028
-0.024858774,-0.132397491,-0.176219915
-0.034853635,-0.147922787,-0.112856965
-0.02979622,-0.06690331,-0.03337208
-0.03142704,-0.095846872,0.049487162
-0.031434538,-0.044884458,0.083230745
-0.030268596,-0.06308291,0.127472332
-0.032079367,-0.040486686,0.120348687
-0.030009914,-0.04294239,0.107226182
-0.031794443,-0.03745736,0.086605104
-0.030797206,-0.02779201,-0.000753284
-0.031498271,-0.036572557,-0.066740735
-0.031715713,-0.023454225,-0.144725904
-0.031734458,-0.031342471,-0.211838142
-0.031963148,-0.023109302,-0.241457509
-0.031903164,-0.019956253,-0.260203944
-0.03244677,-0.023679175,-0.179594274
-0.032248073,-0.024987634,-0.08248774
-0.032705452,-0.023506714,-0.021749291
-0.033511489,-0.023649182,0.043113374
-0.034519973,-0.025868688,0.05586095
-0.035232285,-0.02370167,0.035989729
-0.036012079,-0.022329475,0.03861423
-0.036023326,-0.017924205,0.059985166
-0.036435717,-0.019472611,0.020242724
-0.036851857,-0.01408131,-0.034121938
-0.037005567,-0.022404459,-0.072739594
-0.037950317,-0.01579093,-0.187092848
-0.037009316,-0.013473945,-0.257579443
-0.038898817,-0.026296093,-0.277825593
-0.037755369,-0.011119469,-0.275576021
-0.039093765,-0.029306673,-0.240332723
-0.039120008,-0.002072732,-0.210338427
-0.038062787,-0.032163538,-0.152599407
-0.041035752,-0.00680043,-0.127854113
-0.036338243,-0.019322644,-0.075739024
-0.043472609,-0.040434198,-0.062991448
-0.035131062,0.028569202,-0.087361813
-0.044859742,-0.098535024,-0.115856395
-0.034628694,0.137017578,-0.146225619
-0.056785343,-0.562355597,-0.18071906
-0.347985946,-1.855270489,-0.286448953
-0.718455616,-1.772698857,-0.133103115
-1.021746776,-1.699440153,-0.115856395
-1.338789305,-1.798564353,-0.104983462
-1.626893225,-1.755733881,0.18858571
-1.90539968,-1.782244233,0.048362376
-2.173034006,-1.653801555,0.076482029
-2.433755158,-1.67980952,0.268445523
-2.689602596,-1.670226652,0.161215915
-2.924736754,-1.673679633,0.340806762
-3.151023249,-1.711594949,0.495277387
-3.36535415,-1.731443034,0.485904169
-3.571617183,-1.773564914,0.569888198
-3.762951657,-1.772496402,0.475781094
-3.93903141,-1.795737482,0.360677983
-4.102432011,-1.803370784,0.272944667
-4.251732585,-1.812972398,0.140219908
-4.390618409,-1.824628555,0.088104818
-4.515749116,-1.816177935,-3.43e-06
-4.626809788,-1.811630196,-0.005252428
-4.723965382,-1.797600817,0.060735023
-4.807219647,-1.790863566,0.108725897
-4.879740497,-1.781734347,0.205457501
-4.939829629,-1.763352186,0.299939534
-4.987172127,-1.745284955,0.295065461
-5.022649009,-1.718774602,0.250823874
-5.044453251,-1.689328652,0.207707074
-5.054058215,-1.658592989,0.031490585
-5.053132209,-1.629690669,-0.037121367
-5.041454043,-1.594444759,-0.043495155
-5.019522335,-1.557676688,-0.158598266
-4.988158117,-1.524983961,-0.232084291
-4.94743637,-1.48160611,-0.357310477
-4.898125642,-1.443229647,-0.432671146
-4.841125694,-1.404309555,-0.508781672
-4.775844183,-1.353005967,-0.623884783
-4.702116152,-1.303951879,-0.568020407
-4.619626685,-1.251830973,-0.574769123
-4.528165837,-1.195975898,-0.586391913
-4.428648367,-1.13865115,-0.534276824
-4.321374195,-1.076891139,-0.577018696
-4.206305831,-1.01444503,-0.574019266
-4.084414268,-0.952954958,-0.503907599
-3.956565529,-0.8896053,-0.425172572
-3.821488699,-0.819450906,-0.401552064
-3.678516454,-0.751812202,-0.350561761
-3.531191608,-0.689081157,-0.321692251
-3.380702597,-0.618094448,-0.367808481
-3.224383876,-0.545218159,-0.361059764
-3.061264451,-0.462477815,-0.395553205
-2.890099651,-0.377604195,-0.39967742
-2.714289827,-0.309253149,-0.381305914
-2.534359841,-0.226081651,-0.391803918
-2.350350932,-0.154678784,-0.344187973
-2.163140369,-0.062977933,-0.266577732
-1.969080364,0.021235833,-0.167596555
-1.773644473,0.101959127,-0.074989166
-1.572123938,0.202834187,0.010494577
-1.371596891,0.262944566,0.024366939
-1.167152129,0.386989472,-0.067490592
-0.960731638,0.431492072,-0.151099692
-0.757152897,0.579250453,-0.221586288
-0.544164141,0.691444246,-0.278200522
-0.347104929,0.800237545,-0.239582866
-0.127806589,1.07299687,-0.193466635
0.01488823,0.543427172,-0.160847839
0.003476243,0.065232296,-0.055117945
-0.001929829,0.159137657,0.003745861
0.003843646,0.058622517,0.00974472
-0.001506191,0.06926265,0.037489444
0.003018864,0.050985466,0.056610808
-0.000381488,0.028186787,0.063359524
0.002156592,0.045627907,0.043863232
0.000930666,0.01064069,0.014618793
0.001384296,0.028295513,0.019867795
0.001946647,0.009283492,-0.013875788
0.000926917,0.01019079,-0.061866662
0.002257815,0.013688762,-0.07386438
0.00171046,0.009373472,-0.134227901
0.002546489,0.008897328,-0.151474621
0.002340293,0.004308349,-0.182968632
0.002464011,0.00394468,-0.233209078
0.002880151,0.000881611,-0.20658914
0.003015115,0.004570791,-0.152224478
0.003776164,0.007003999,-0.055117945
0.004619692,0.008938569,0.012369221
0.005564442,0.003967175,0.04423816
0.006347985,0.004072152,0.061484881
0.006981568,-0.000194399,0.078731601
0.007067795,-0.00046059,0.059235308
0.007933816,0.005755527,0.005245576
0.007888828,-0.000411851,-0.009376644
0.008664873,0.009309736,-0.057742446
0.008683618,-0.00590063,-0.185218204
0.008623634,0.001324013,-0.349811903
0.010250705,-0.002695093,-0.420298499
0.008499917,-0.000591811,-0.410925281
0.011255439,0.011218062,-0.398927563
0.008826081,-0.015832171,-0.294697384
0.011172961,0.025866053,-0.153724193
0.010655598,-0.026074892,-0.055867803
0.00951215,0.029202811,0.006370362
0.014145926,-0.019232664,0.038239301
0.005673163,0.006036715,0.115099685
0.020399275,0.03402049,0.12222333
-0.004936535,-0.111162215,0.117724186
0.094127305,1.091603981,0.066733882
0.447872642,2.009887209,-0.031872366
0.787304258,1.704750087,0.059235308
1.091540169,1.774623293,-0.064491163
1.4028917,1.77706775,-0.046869514
1.682425384,1.783317609,0.083605674
1.958869883,1.756353607,-0.151474621
2.220254609,1.646668007,-0.03937094
2.481853029,1.687451435,0.008245005
2.729898778,1.663040615,-0.076113952
2.961351408,1.696550661,0.206207359
3.184076343,1.714126751,0.287566887
3.395456774,1.737476557,0.330683687
3.597475927,1.776824054,0.480280239
3.782122168,1.773588524,0.512899035
3.953485666,1.785514621,0.577761701
4.110996572,1.798625454,0.527146326
4.255798334,1.809989176,0.434913866
4.38945054,1.825878142,0.371175987
4.509163928,1.810559049,0.229452938
4.615084707,1.788877623,0.13084669
4.707100409,1.795644867,0.012369221
4.786549429,1.785589604,-0.052868373
4.854132832,1.769681893,-0.01612536
4.909370745,1.756990966,-0.026623364
4.952263169,1.730424375,-0.063741305
4.982832596,1.706253502,-0.014250717
5.001217741,1.675978987,-0.004502571
5.007369867,1.640050729,-0.034121938
5.002466162,1.611392104,0.052111663
4.987125213,1.576104954,0.059985166
4.960979617,1.539565582,0.011619364
4.925184069,1.499179566,-0.060366947
4.880882018,1.460191988,-0.221586288
4.82857958,1.422955272,-0.352061476
4.76832924,1.372011604,-0.496034096
4.699849823,1.327070351,-0.579643196
4.622567731,1.270296731,-0.61601128
4.536254274,1.211337346,-0.708618669
4.441546783,1.161563418,-0.718366815
4.338940129,1.099151052,-0.745736611
4.228576772,1.043449693,-0.831220354
4.110659161,0.976305879,-0.797101842
3.986671902,0.911404066,-0.661377653
3.856873678,0.857134888,-0.5901412
3.719386234,0.777277652,-0.522279105
3.575866633,0.710774946,-0.376056912
3.428897943,0.657319337,-0.337814185
3.276931823,0.582452241,-0.280825023
3.11906851,0.505815539,-0.223086003
2.953575961,0.422992713,-0.271826734
2.78033046,0.343945297,-0.263953231
2.603815823,0.266592504,-0.311944105
2.422341244,0.188549865,-0.415424426
2.23835483,0.117057018,-0.473538374
2.049224773,0.016159463,-0.488535522
1.855505929,-0.054879735,-0.450292795
1.659601411,-0.150708418,-0.404176565
1.457675983,-0.232428989,-0.300696244
1.257973719,-0.314925638,-0.221211359
1.050660964,-0.418788783,-0.227585147
0.848334392,-0.482843284,-0.165721912
0.639866942,-0.659987629,-0.086611956
0.433592663,-0.708325626,-0.002252998
0.232244583,-0.965458427,0.137220478
0.021359021,-0.975097533,0.188210781
-0.050786927,-0.275214471,0.192709926
-0.024821284,-0.115732448,0.209956646
-0.033106596,-0.161513514,0.132346405
-0.029874949,-0.062108127,0.015368651
-0.029687499,-0.098418799,-0.086611956
-0.031014649,-0.047943778,-0.165721912
-0.028952693,-0.06007233,-0.155223908
-0.031322067,-0.045877987,-0.154099122
-0.029151391,-0.037022457,-0.171345842
-0.030872186,-0.041656426,-0.108732749
-0.030051153,-0.026067394,-0.095235316
-0.030306086,-0.032272264,-0.095610245
-0.030609755,-0.02509636,-0.057742446
-0.030452297,-0.029475386,-0.05361823
-0.030939668,-0.020593612,-0.022874077
-0.030770963,-0.021384686,-0.017250146
-0.031340812,-0.021313451,-0.035996581
-0.031307071,-0.022022044,-0.059992018
-0.031659478,-0.027728274,-0.095985173
-0.032308057,-0.020934786,-0.131978329
-0.033260306,-0.020934786,-0.19796578
-0.033976366,-0.022363218,-0.259829015
-0.034823643,-0.020398655,-0.30182103
-0.035232285,-0.016278322,-0.304445531
-0.0353635,-0.024436507,-0.309694532
-0.036154541,-0.017643018,-0.263578302
-0.035978338,-0.016619496,-0.155973765
-0.037110539,-0.024335279,-0.101984033
-0.036326996,-0.010088448,-0.039745868
-0.037305487,-0.027349609,-0.003002856
-0.037541675,-0.010785793,0.025866654
-0.037013065,-0.025441283,0.055111093
-0.039067522,-0.012630383,0.013868936
-0.035997083,-0.012210476,0.018743009
-0.040473401,-0.0318861,0.031115656
-0.036180784,0.008803599,0.005620504
-0.040113496,-0.057470408,-0.092985744
-0.038272732,0.035388935,-0.191217063
-0.03680312,-0.075957546,-0.238833008
-0.044758519,0.053729855,-0.315693392
-0.02464883,-0.123620693,-0.27295152
-0.218060255,-1.528024534,-0.268827304
-0.598464802,-1.906131675,-0.113981751
-0.914078958,-1.654476405,0.04723759
-1.226007837,-1.809178242,-0.001128212
-1.526284793,-1.760757763,0.317561183
-1.803025464,-1.804885447,0.353929267
-2.075597236,-1.709274215,0.233952083
-2.334856274,-1.670260394,0.472406736
-2.594152801,-1.701730893,0.322810185
-2.833707042,-1.679637058,0.240700799
-3.061946771,-1.724889492,0.320560612
-3.279528065,-1.741419565,0.149593125
-3.487032019,-1.781348183,0.181836993
-3.682591628,-1.793375507,0.21445579
-3.861310683,-1.810108035,0.189710496
-4.027388077,-1.824564819,0.240700799
-4.17964662,-1.831598255,0.15109284
-4.321153003,-1.84555265,0.134595977
-4.449522854,-1.840982417,0.122598259
-4.563830169,-1.838819148,0.152967483
-4.663958728,-1.825112197,0.300689391
-4.750088484,-1.81440083,0.37305063
-4.824869987,-1.805736507,0.478030666
-4.887590924,-1.791009783,0.502026103
-4.938596205,-1.77474965,0.376799917
-4.97735347,-1.74728326,0.277818741
-5.003004197,-1.718302207,0.2002085
-5.016515629,-1.687840233,0.00674529
-5.018300157,-1.654097739,-0.170221056
-5.009205059,-1.621180062,-0.243707081
-4.989612733,-1.583227255,-0.431171431
-4.959766864,-1.544772059,-0.560146904
-4.921035842,-1.505810726,-0.549273972
-4.873899539,-1.464419933,-0.551523544
-4.818774096,-1.427370675,-0.483286521
-4.756476797,-1.383666647,-0.456666583
-4.685714233,-1.329288743,-0.416549212
-4.606092759,-1.275803141,-0.394803347
-4.517927291,-1.222519994,-0.468289373
-4.420737956,-1.165011536,-0.418798784
-4.315791919,-1.10178935,-0.44879308
-4.202954216,-1.03534663,-0.523403891
-4.082464783,-0.971802016,-0.51815489
-3.956179381,-0.90839612,-0.588641485
-3.823310718,-0.841477256,-0.696620951
-3.683019015,-0.774235964,-0.718741744
-3.53742996,-0.71109626,-0.70261981
-3.388560522,-0.645223413,-0.747611254
-3.234498705,-0.570978679,-0.709743455
-3.073433738,-0.490352864,-0.675999872
-2.90415094,-0.401572613,-0.650504721
-2.729368345,-0.329003756,-0.539525826
-2.55114041,-0.253428068,-0.462290513
-2.368619858,-0.175749097,-0.318692821
-2.183313792,-0.090950461,-0.133478043
-1.991518189,-0.002188956,-0.0479943
-1.798140504,0.077657033,-0.009001715
-1.599008089,0.177279872,-0.000378355
-1.398927174,0.239373559,-0.004877499
-1.197226687,0.357667244,-0.015750432
-0.990277586,0.422299117,-0.027373221
-0.788652079,0.546107826,-0.018000004
-0.575948248,0.685663032,-0.071239879
-0.377974277,0.759202923,-0.094860387
-0.162312477,1.059424889,-0.078738453
0.004844632,0.666504794,-0.079113382
0.009182237,0.082332243,0.011994292
-0.00378184,0.1540013,0.125597688
0.005095816,0.088120955,0.181836993
-0.001382474,0.058573778,0.191210211
0.003281295,0.067523037,0.174713348
0.000507028,0.028063065,0.131971476
0.002246568,0.048687227,0.062234738
0.002081612,0.014671044,-0.003752713
0.001264328,0.022881717,-0.055867803
0.002621469,0.014648549,-0.12860397
0.001601738,0.012698983,-0.211838142
0.002812669,0.013745,-0.248581154
0.002284058,0.009407215,-0.290573169
0.002700198,0.012005387,-0.274076306
0.00277143,0.003727228,-0.184843275
0.003041358,0.005778022,-0.122230182
0.003435004,0.00457454,-0.070490022
0.003446251,0.005864253,-0.057367517
0.00428603,0.006501611,-0.07386438
0.005324505,0.006430377,-0.088861528
0.006138041,0.008128749,-0.119605682
0.006891592,0.00583426,-0.115856395
0.007345222,8.68e-05,-0.088111671
0.007450194,0.000386721,-0.096735031
0.008439933,0.001189043,-0.121480325
0.008248733,0.001627695,-0.146600548
0.009350942,0.007397662,-0.196466065
0.009140998,-0.00342993,-0.244456939
0.009523397,0.011353032,-0.227210218
0.010370673,-0.00365488,-0.227585147
0.009230974,0.006707815,-0.221961217
0.012016488,0.003168603,-0.152974336
0.009073515,-0.014958615,-0.046119656
0.012751294,0.02003985,0.060735023
0.009913294,-0.026843471,0.130096833
0.011682826,0.040349082,0.218954935
0.012961239,-0.041337747,0.22307915
0.00769388,0.037630936,0.184086566
0.02015184,-0.021519656,0.120348687
-0.005521381,-0.008033905,0.029241012
0.145316288,1.376581837,-0.102358961
0.518473998,2.003446142,-0.160847839
0.844472912,1.686420414,-0.10835782
1.15462476,1.815159276,-0.265827875
1.461421244,1.776955275,-0.115481466
1.740250114,1.808905667,0.058110522
2.016192246,1.746043401,-0.077238738
2.27656474,1.668274451,0.120348687
2.538410594,1.710718759,0.155217056
2.784671814,1.693978733,0.146968624
3.01701296,1.731331674,0.383173705
3.237930872,1.750519905,0.430039793
3.448434034,1.788558943,0.518897895
3.649785864,1.802340878,0.559390194
3.834304638,1.817869923,0.454785087
4.005105784,1.836435793,0.394046638
4.161818151,1.844331537,0.248199373
4.306661153,1.856512577,0.181836993
4.439323621,1.849580369,0.146593696
4.559644347,1.858462143,0.068233597
4.666607352,1.851496193,0.086605104
4.75867179,1.837691764,0.069358383
4.838128308,1.831880557,0.086605104
4.905644229,1.813442158,0.138345264
4.961350769,1.801489817,0.154467198
5.004760556,1.771548977,0.202458072
5.035892335,1.739321146,0.288316744
5.055143501,1.722476143,0.26657088
5.062270369,1.687372702,0.175088277
5.058408889,1.655133624,0.2002085
5.043495327,1.608876414,0.175838134
5.017372225,1.562225541,0.071607955
4.981726638,1.537364821,-0.034871795
4.937143411,1.492584783,-0.178844416
4.88398245,1.451760114,-0.38543013
4.823589647,1.408584718,-0.656878509
4.755755061,1.355496528,-0.767857404
4.679530189,1.311728764,-0.826346281
4.594862547,1.253901628,-0.903581593
4.501523445,1.193345098,-0.770106976
4.399842796,1.136297789,-0.680499017
4.290049289,1.068925276,-0.68537309
4.172071694,1.003131161,-0.641881361
4.047750773,0.944445466,-0.574394195
3.917918808,0.885384854,-0.535026681
3.780941229,0.813359626,-0.540275683
3.637470366,0.739890969,-0.500908169
3.490231747,0.686420364,-0.521904177
3.339255365,0.612996697,-0.563521262
3.182336803,0.533578113,-0.605513277
3.01792022,0.458381091,-0.653879079
2.845120851,0.368667298,-0.625384498
2.667773933,0.297399401,-0.644130933
2.486363088,0.215150197,-0.660252867
2.30167186,0.141977725,-0.617885924
2.113599024,0.050175646,-0.607762849
1.919835191,-0.031811116,-0.557897332
1.725070373,-0.110356144,-0.419548642
1.523793524,-0.20576492,-0.254954942
1.323720107,-0.272755018,-0.139476903
1.117974438,-0.394989078,-0.04499487
0.912041319,-0.449880617,0.08473046
0.707187915,-0.610551126,0.130471761
0.494915219,-0.704587707,0.128597118
0.297574831,-0.855401659,0.207332145
0.078149025,-1.078754474,0.23770137
-0.049013646,-0.488774465,0.202083143
-0.03180569,-0.086852622,0.230202796
-0.030159874,-0.183678583,0.177337849
-0.033807661,-0.076426192,0.063734453
-0.029368833,-0.091565324,0.032240442
-0.0330916,-0.065249928,-0.042370369
-0.029706244,-0.049938334,-0.06524102
-0.032330551,-0.060705939,-0.043120227
-0.03059101,-0.039684365,-0.041995441
-0.031333314,-0.049319721,0.036739586
-0.031494522,-0.025677481,0.045737875
-0.030752218,-0.034308061,0.010869506
-0.0317682,-0.02977157,0.00112136
-0.031352059,-0.024856413,-0.059992018
-0.031906913,-0.024230303,-0.077988596
-0.031711964,-0.022501937,-0.09973446
-0.03214685,-0.023750409,-0.152224478
-0.032131854,-0.020574866,-0.184093418
-0.032398033,-0.024935146,-0.236583436
-0.033459003,-0.023915373,-0.25270537
-0.034250044,-0.021564646,-0.257954372
-0.03502234,-0.021748355,-0.293572598
-0.036049569,-0.026378575,-0.298446671
-0.036293255,-0.019742551,-0.285324167
-0.03665316,-0.022340723,-0.301071172
-0.037185519,-0.020796067,-0.279325308
-0.037054304,-0.018074172,-0.201715067
-0.038216497,-0.019866273,-0.127104255
-0.03736922,-0.017043151,-0.062991448
-0.038880072,-0.025932424,-0.024373792
-0.038160262,-0.005814399,0.01274415
-0.038415194,-0.027402097,0.012369221
-0.039584885,-0.00504582,-0.000378355
-0.037537926,-0.021808341,0.036739586
-0.041669335,-0.019877521,0.029241012
-0.03657443,-0.005604446,0.030740727
-0.042910257,-0.051805419,0.031490585
-0.037016814,0.040394072,0.000371503
-0.04134692,-0.096802909,-0.038246154
-0.040833306,0.108242729,-0.072739594
-0.037013065,-0.327661554,-0.083987455
-0.283431743,-1.723442314,-0.201340138
-0.66372007,-1.840993665,-0.087736742
-0.972154872,-1.682085264,-0.016500289
-1.288916225,-1.82698678,-0.074239309
-1.583367219,-1.773872346,0.239950942
-1.861618741,-1.818067514,0.199833571
-2.132390989,-1.697723035,0.164590273
-2.392159892,-1.698281661,0.427790221
-2.650755354,-1.718523408,0.318685969
-2.889529801,-1.709337951,0.386922992
-3.117705797,-1.750844968,0.52302211
-3.33312766,-1.767712466,0.440912725
-3.540414172,-1.815645553,0.461908732
-3.735385186,-1.823578788,0.37904949
-3.914006768,-1.842088421,0.325809614
-4.079619285,-1.855214251,0.298439819
-4.230843101,-1.863050008,0.190460353
-4.371858363,-1.878890234,0.193834712
-4.500734331,-1.876194584,0.121848401
-4.615622742,-1.872685365,0.091854105
-4.716493605,-1.860841749,0.136470621
-4.803189462,-1.85072275,0.112100255
-4.877794761,-1.838815399,0.170964061
-4.940721894,-1.823260109,0.240700799
-4.991727175,-1.806017695,0.193459783
-5.030386966,-1.778333853,0.192709926
-5.056892466,-1.754950305,0.225703651
-5.071551096,-1.721811427,0.111725326
-5.074231638,-1.687667772,0.077606815
-5.066276238,-1.657516979,0.099352679
-5.047804866,-1.613700476,-0.010876359
-5.018761286,-1.578765747,-0.108732749
-4.980086499,-1.536925054,-0.220836431
-4.932886463,-1.492789872,-0.356185691
-4.877832251,-1.457210287,-0.502407884
-4.815235031,-1.407908754,-0.641881361
-4.744922348,-1.360912958,-0.614886494
-4.665964449,-1.309901806,-0.612636922
-4.578683747,-1.251823475,-0.626509284
-4.483039004,-1.196084624,-0.538775968
-4.378992729,-1.131805173,-0.58151784
-4.266987306,-1.066723401,-0.626884213
-4.146876524,-1.001712862,-0.56989505
-4.020324943,-0.937680856,-0.565020977
-3.888101109,-0.872006715,-0.604013562
-3.748353012,-0.797255843,-0.571394765
-3.60249028,-0.737962783,-0.604388491
-3.453755806,-0.676877622,-0.696620951
-3.300481281,-0.597826456,-0.651254578
-3.140552264,-0.523019347,-0.66512694
-2.97269409,-0.433091852,-0.679374231
-2.797611574,-0.356102728,-0.613386779
-2.618870024,-0.277508961,-0.614886494
-2.435685898,-0.195458463,-0.58151784
-2.250147393,-0.126901214,-0.52677825
-2.058704197,-0.024946393,-0.450667724
-1.864171817,0.045575419,-0.346812474
-1.666763947,0.140133135,-0.230584577
-1.465247161,0.213935468,-0.10273389
-1.265207486,0.311372543,-0.090361243
-1.057249901,0.412120131,-0.052868373
-0.855324473,0.488138221,0.019492866
-0.643955289,0.662613159,0.000746431
-0.439645492,0.707760616,0.071607955
-0.232647653,0.998984584,0.204707644
-0.029522543,0.891683453,0.204332715
0.019192093,0.180556643,0.202833001
-0.005195217,0.110769667,0.244450086
0.005272019,0.128983115,0.167214774
1.59e-05,0.045058034,0.091854105
0.002002883,0.081237486,0.068983455
0.002137847,0.028572951,0.059235308
0.001159355,0.049493298,0.068983455
0.003030111,0.019934873,0.05023702
0.001121865,0.017580397,0.069358383
0.003048856,0.026222224,0.077981743
0.002036624,0.009902105,0.035239872
0.00277143,0.020298542,0.028866084
0.002898896,0.005234393,-0.006752143
0.002865155,0.005001945,-0.062991448
0.003168825,0.008683626,-0.10273389
0.003131335,0.005496835,-0.167221626
0.003821152,0.00695526,-0.183343561
0.003637451,0.004964453,-0.193091707
0.004256038,0.007176461,-0.200215352
0.005298262,0.008334953,-0.170221056
0.006066809,-0.000246888,-0.201340138
0.007000313,0.003974673,-0.280825023
0.007637645,0.007416408,-0.326191395
0.007637645,0.003843452,-0.321692251
0.008469925,-0.002023992,-0.328815896
0.008473674,-0.004037295,-0.277075736
0.009242221,0.009212258,-0.172845557
0.009669608,-0.002162712,-0.138352117
0.00932095,0.009478449,-0.101234175
0.010824303,-0.003332451,-0.091860958
0.009350942,-0.002893799,-0.076113952
0.012001492,0.014044933,-0.054743016
0.009980776,-0.017178121,-0.045744728
0.011915265,0.0265559,0.026616511
0.011686575,-0.025722471,0.019492866
0.009714596,0.028644186,0.013494007
0.015176904,-0.014238775,0.017993151
0.00621677,-0.006777935,-0.003377784
0.020860403,0.044870576,-0.038246154
-0.003152006,-0.134463281,-0.027373221
0.082985248,1.012736525,0.002621075
0.431020842,2.005144514,-0.029997722
0.776270922,1.71970551,0.108725897
1.080859239,1.783756262,0.012369221
1.394767596,1.800222599,0.054736164
1.676134545,1.799060357,0.321685398
1.954378569,1.787662893,0.154842127
2.217041708,1.676661335,0.281568028
2.478737602,1.722528632,0.375675131
2.729501383,1.701387085,0.230577724
2.96323716,1.731462894,0.361802769
3.186970579,1.756312367,0.32993383
3.398703417,1.776809057,0.320560612
3.602934486,1.816508976,0.38767285
3.79120227,1.828794993,0.336682546
3.964818923,1.843517968,0.353554338
4.124159346,1.844890163,0.265821022
4.270741888,1.860940342,0.211081432
4.406774716,1.873657513,0.207332145
4.530094651,1.862537487,0.122973187
4.639479515,1.856913738,0.166089988
4.734993043,1.851664906,0.184461494
4.817924893,1.839727561,0.199833571
4.888529999,1.828873725,0.271444953
4.946939575,1.81069027,0.251198803
4.993067394,1.786860571,0.191210211
5.026621033,1.761778651,0.156341842
5.048354044,1.732531407,0.090729319
5.058243932,1.692928966,-0.032622223
5.05700301,1.661319748,-0.086986885
5.045399824,1.632642377,-0.122230182
5.022639584,1.590932905,-0.193841564
4.989779512,1.550888063,-0.271076876
4.947288232,1.504499632,-0.318317893
4.895919297,1.460195738,-0.336689399
4.836992358,1.421556833,-0.464915014
4.77007253,1.372896407,-0.510656316
4.695343513,1.322792553,-0.492284809
4.612299193,1.265988939,-0.61901071
4.520980807,1.20462259,-0.610012421
4.421924465,1.14478965,-0.550773687
4.314579062,1.081110065,-0.592765701
4.199030825,1.021370854,-0.588266557
4.076280739,0.963003838,-0.55264833
3.947520991,0.89753965,-0.54402497
3.812196726,0.824577131,-0.608887635
3.669816824,0.757133383,-0.618635781
3.523028086,0.699313745,-0.617510995
3.373303874,0.633017243,-0.649379935
3.218289809,0.559578579,-0.641506432
3.056651242,0.480621143,-0.646755434
2.886386204,0.389816343,-0.612636922
2.710261463,0.312898453,-0.608137778
2.530147776,0.234780831,-0.60176399
2.345261599,0.154402461,-0.530527537
2.158036039,0.069716299,-0.487410736
1.964549633,-0.011239442,-0.434920718
1.769938524,-0.091839013,-0.380556057
1.570018817,-0.192560358,-0.342688258
1.369641731,-0.254399102,-0.304070602
1.166992744,-0.371523048,-0.260203944
0.95922261,-0.433193079,-0.206214211
0.757132226,-0.561422055,-0.143976047
0.543592365,-0.69289031,-0.090736172
0.34525474,-0.780823249,0.002621075
0.129259278,-1.083789604,0.109475754
-0.035772142,-0.669821691,0.141344694
-0.038745107,-0.10628455,0.27219481
-0.026512088,-0.175569137,0.364802199
-0.034801149,-0.103491421,0.339681976
-0.02828162,-0.081397586,0.347555479
-0.032660464,-0.079736705,0.247074587
-0.029372582,-0.044385819,0.187460924
-0.031037143,-0.063232876,0.146968624
-0.030879684,-0.03134622,0.061484881
-0.030129882,-0.044891956,0.075732171
-0.031442036,-0.030348942,0.045362947
-0.03032858,-0.02936666,0.015368651
-0.031337063,-0.0300865,-0.026998293
-0.030887182,-0.024057841,-0.137602259
-0.031243338,-0.026438561,-0.148475191
-0.031239589,-0.021497161,-0.152224478
-0.031588247,-0.028579335,-0.185218204
-0.031970646,-0.023600443,-0.169846127
-0.032038128,-0.019798788,-0.192341849
-0.033031616,-0.021665873,-0.248956083
-0.03373643,-0.024072838,-0.276700807
-0.034295032,-0.024069088,-0.265452946
-0.035565947,-0.02235572,-0.305570317
-0.036128298,-0.020492384,-0.318317893
-0.036117051,-0.021212224,-0.306695103
-0.036844359,-0.017073145,-0.358435263
-0.036566932,-0.015209809,-0.34493783
-0.037552922,-0.020316173,-0.366308766
-0.036866853,-0.012709115,-0.358810192
-0.037755369,-0.025936173,-0.259079158
-0.038182756,-0.006144326,-0.153349264
-0.037312985,-0.02235572,-0.040870654
-0.039776085,-0.017170623,0.013119078
-0.036675654,-0.010422124,0.122598259
-0.040983266,-0.032800896,0.203207929
-0.037129284,0.011341784,0.222329293
-0.040147237,-0.05498846,0.257197662
-0.039517403,0.033274406,0.233577154
-0.036600673,-0.06937776,0.166839845
-0.046591785,0.036419956,0.053986307
-0.02370033,-0.075908807,-0.041620512
-0.202003246,-1.458687458,-0.236208507
-0.581616751,-1.915677051,-0.238833008
-0.901827193,-1.659586518,-0.148100263
-1.214633341,-1.819387221,-0.24708144
-1.518325645,-1.777422806,0.04423816
-1.796659645,-1.821606727,0.169464346
-2.071514564,-1.733362607,0.097852965
-2.331418432,-1.685568239,0.382423848
-2.592432006,-1.727442674,0.404169712
-2.835401595,-1.706878498,0.467532663
-3.065335876,-1.750177617,0.674118376
-3.283828179,-1.76544422,0.587884775
-3.492850483,-1.81202011,0.577011843
-3.691761706,-1.829240029,0.510274535
-3.873832377,-1.841394825,0.398170853
-4.042736524,-1.860808007,0.384298491
-4.197027031,-1.864549675,0.245949801
-4.340561628,-1.88057361,0.186711066
-4.472046906,-1.883370488,0.087354961
-4.590050745,-1.881143483,-0.03074758
-4.69458814,-1.870859521,-0.080238168
-4.784500647,-1.856503964,-0.138352117
-4.862442565,-1.846504939,-0.038621082
-4.928597595,-1.83265177,0.112475184
-4.982639574,-1.813459789,0.192709926
-5.024519765,-1.787920471,0.25194866
-5.05362333,-1.759025648,0.371550916
-5.070666329,-1.729171039,0.349055194
-5.076241107,-1.696095897,0.258322448
-5.070722564,-1.661412362,0.249324159
-5.055055452,-1.624861743,0.082105959
-5.029112302,-1.585615473,-0.117731038
-4.992675674,-1.54382352,-0.311944105
-4.947642566,-1.501615409,-0.523403891
-4.89461282,-1.458488753,-0.677499587
-4.833380239,-1.413135091,-0.817722921
-4.764390957,-1.365070783,-0.753610113
-4.687101367,-1.312597456,-0.674875086
-4.601496473,-1.257282261,-0.681623803
-4.507733733,-1.199807546,-0.548899043
-4.405809398,-1.142302838,-0.500158312
-4.296124612,-1.078360812,-0.487785665
-4.178439439,-1.010189726,-0.403051779
-4.053672386,-0.947522417,-0.347187402
-3.923015639,-0.881330891,-0.355435834
-3.784819632,-0.808297137,-0.38543013
-3.639856663,-0.742146852,-0.407925852
-3.49191323,-0.68344991,-0.524528678
-3.340100819,-0.61296184,-0.603263705
-3.182383717,-0.536505097,-0.649379935
-3.01722858,-0.451140337,-0.689122377
-2.84394184,-0.371721753,-0.669626084
-2.667074795,-0.299692776,-0.692496735
-2.485221567,-0.213930604,-0.6737503
-2.300009226,-0.13833617,-0.583017555
-2.1103843,-0.041757654,-0.501283098
-1.915300816,0.026717114,-0.406051208
-1.718620253,0.121072375,-0.277075736
-1.516102482,0.209084047,-0.148475191
-1.316400217,0.280168234,-0.09411053
-1.109923491,0.399781626,-0.058492303
-0.906326005,0.448846962,0.016493437
-0.69927943,0.622208397,0.059985166
-0.490099668,0.685243125,0.102352109
-0.289827554,0.899597942,0.160466057
-0.071916348,1.017033069,0.100102537
0.022483724,0.335940828,-0.022124219
-0.002525922,0.078369374,-0.04499487
0.002966378,0.157690479,-0.084362384
0.002317799,0.046763905,-0.092985744
0.000634494,0.081811109,0.02136751
0.003498738,0.038369522,0.118099114
0.000567012,0.040885212,0.234327011
0.003464996,0.035838835,0.313811896
0.001286822,0.011619223,0.324309899
0.002670206,0.022521797,0.352804481
0.002426521,0.011994139,0.337432404
0.002404027,0.017689122,0.296565176
0.003112589,0.007472645,0.180337279
0.002797673,0.010142051,0.02699144
0.003461247,0.008634887,-0.071989737
0.003251303,0.007918796,-0.192716778
0.003502487,0.003209843,-0.253830156
0.003502487,-0.003006274,-0.259829015
0.004158563,0.008065013,-0.31606832
0.005050828,0.005628055,-0.377556627
0.005879359,0.002385027,-0.408300781
0.006880345,0.008627388,-0.494534382
0.007682633,0.006719063,-0.527153178
0.007847589,0.003959677,-0.435295647
0.008466176,0.007123973,-0.392553775
0.008702363,-0.001562845,-0.318692821
0.008938551,0.006962759,-0.15747348
0.009939537,0.002647468,-0.037871225
0.009047272,-0.002372665,-0.025873506
0.010959267,0.00893482,-3.43e-06
0.009658361,-0.006676707,0.098977751
0.010993009,0.014048682,0.121473473
0.011244192,-0.01529604,0.121473473
0.009935788,0.017576647,0.187085995
0.013493598,-0.003684873,0.140594836
0.008398694,-0.005544459,0.041988588
0.015491821,0.026942064,-0.015000574
0.007637645,-0.049128514,-0.109857535
0.016230375,0.087254898,-0.160097981
0.008274976,-0.151263294,-0.173970343
0.0235222,0.504117167,-0.190842134
0.303209593,1.876743077,-0.31606832
0.673581789,1.828641277,-0.236958365
0.977165372,1.718963175,-0.129728756
1.294642785,1.829968482,-0.094485459
1.584250059,1.774173393,0.311187395
1.862767761,1.818121117,0.349055194
2.130728251,1.695260947,0.366301914
2.391014517,1.701983202,0.560140052
2.648117874,1.70253433,0.398920711
2.885392717,1.710883722,0.493777672
3.112249061,1.746399572,0.547392476
3.326621202,1.763432033,0.458534374
3.533787745,1.812748562,0.476530952
3.727176677,1.81968452,0.346430693
3.905037209,1.838460343,0.30668825
4.06912013,1.846644772,0.251198803
4.219294224,1.856358861,0.136095692
4.358637427,1.867673844,0.127847261
4.485069041,1.861990109,0.040863802
4.598581565,1.852778408,-0.004502571
4.697619162,1.84148592,-0.015750432
4.783572715,1.837264359,-0.022499148
4.858335472,1.8235949,0.109850683
4.920276615,1.804834073,0.268070594
4.970307154,1.784821025,0.370426129
5.008093426,1.754077864,0.420666575
5.032885629,1.724373221,0.379424418
5.045853454,1.693821268,0.204707644
5.04764923,1.660461189,0.036739586
5.038764076,1.626636213,-0.106483177
5.019389193,1.584064433,-0.275950949
4.990023197,1.544506983,-0.401926993
4.95074482,1.503629826,-0.542900184
4.902397587,1.45649906,-0.605138348
4.846293652,1.416975352,-0.618260853
4.782061864,1.371842892,-0.654628936
4.709544763,1.321015448,-0.528652893
4.628581143,1.26728615,-0.438670005
4.539399693,1.209995145,-0.390304203
4.442367817,1.154649956,-0.311944105
4.337650469,1.091633974,-0.374557198
4.225318883,1.028899179,-0.44316915
4.105185606,0.968826292,-0.463040371
3.978832722,0.905671591,-0.458541226
3.846095274,0.838137864,-0.526028392
3.705567383,0.765160348,-0.589766271
3.559663412,0.703179136,-0.62463464
3.410823966,0.640500578,-0.731114391
3.257508202,0.568156671,-0.733738892
3.098149034,0.493750723,-0.709743455
2.930489558,0.406353914,-0.65350415
2.755913158,0.331134397,-0.539525826
2.577887669,0.249717508,-0.535026681
2.394624814,0.170501379,-0.527153178
2.208805133,0.096200408,-0.475413018
2.016675868,0.000454206,-0.43717029
1.821776086,-0.070007619,-0.387304773
1.623134791,-0.171358824,-0.300696244
1.420849458,-0.237767801,-0.171345842
1.2201762,-0.338455403,-0.079488311
1.01185871,-0.426485821,-0.01912479
0.810570614,-0.51271289,-0.007876929
0.599160191,-0.682156447,-0.06224159
0.396863612,-0.725781743,-0.117731038
0.189209697,-1.032294809,-0.187842705
-0.007860763,-0.865419431,-0.258329301
-0.046786734,-0.17712879,-0.227585147
-0.023910275,-0.143157597,-0.109107678
-0.034407503,-0.136517824,-0.018000004
-0.028240381,-0.063727766,0.141719622
-0.030830947,-0.094898333,0.286442101
-0.030227356,-0.044644511,0.331433545
-0.029522543,-0.06191317,0.427790221
-0.030947166,-0.037074945,0.447661442
-0.029188881,-0.039613131,0.400795354
-0.030812202,-0.035657761,0.343806192
-0.029631264,-0.02613113,0.170214204
-0.03066974,-0.031848608,0.003370932
-0.030598508,-0.022944339,-0.124104826
-0.030501034,-0.025988661,-0.179219345
-0.030845943,-0.0201962,-0.138727045
-0.030943417,-0.022119522,-0.157098552
-0.031397048,-0.019648822,-0.194591421
-0.031303322,-0.019288902,-0.259454087
-0.03203063,-0.022786874,-0.397802777
-0.032915397,-0.021287207,-0.488910451
-0.033717685,-0.02078107,-0.473913303
-0.034527471,-0.022325726,-0.417299069
-0.03528852,-0.018767768,-0.283824452
-0.035299767,-0.016908181,-0.134977758
-0.036124549,-0.019570089,-0.160847839
-0.03597084,-0.011633105,-0.15747348
-0.036379482,-0.023990356,-0.078363524
-0.03676563,-0.016705726,-0.052868373
-0.036529442,-0.019247661,-0.041620512
-0.038223995,-0.015712197,-0.042745298
-0.036345741,-0.01161061,-0.006002285
-0.039127506,-0.026164872,-0.058867232
-0.037039308,0.001275274,-0.11998061
-0.038700119,-0.037521096,-0.081362954
-0.03915,0.009729643,-0.05661766
-0.036619418,-0.038529622,0.017618223
-0.042430384,-0.007186594,0.044988018
-0.033009122,-0.011524379,-0.000378355
-0.047682747,-0.067338213,-0.074239309
-0.024506367,0.121136111,-0.098984603
-0.104836404,-0.960374558,-0.18634299
-0.451158701,-1.950473061,-0.245956653
-0.79951671,-1.690235951,-0.03937094
-1.103688888,-1.766726435,-0.035621653
-1.4181446,-1.798223179,0.155217056
-1.699406577,-1.795081378,0.373800488
-1.977489394,-1.781370678,0.144344123
-2.240253755,-1.670361622,0.302564035
-2.501593493,-1.722272574,0.400420425
-2.75222231,-1.704396551,0.304813607
-2.984867126,-1.728867357,0.509899606
-3.207577065,-1.754046756,0.475781094
-3.418740053,-1.787493066,0.397795925
-3.622101351,-1.820931877,0.409418714
-3.809023241,-1.826439402,0.302938963
-3.982137527,-1.847749662,0.351304766
-4.141129292,-1.852541096,0.366676842
-4.287696838,-1.867144097,0.370051201
-4.423066091,-1.871136959,0.3269344
-4.545013888,-1.869551062,0.110225612
-4.654140071,-1.861520348,0.027741298
-4.748142748,-1.84569137,-0.018749861
-4.829492516,-1.837705646,-0.001503141
-4.899392807,-1.822712731,0.103101966
-4.956808895,-1.804806714,0.155966913
-5.002415602,-1.781186969,0.151467769
-5.035035738,-1.752153427,0.118474043
-5.055595309,-1.723491053,0.028866084
-5.064469216,-1.687772748,-0.078738453
-5.061604972,-1.654513897,-0.064866091
-5.048937067,-1.619357967,-0.097859817
-5.026188075,-1.57825586,-0.15747348
-4.993301759,-1.54377853,-0.236208507
-4.95156403,-1.501840359,-0.420298499
-4.901679703,-1.454698346,-0.496409025
-4.843690017,-1.414567273,-0.509906458
-4.777632461,-1.365321977,-0.47766259
-4.703015915,-1.310985315,-0.375307055
-4.619442984,-1.2555314,-0.384305344
-4.527858418,-1.196482036,-0.385805059
-4.42825847,-1.14234033,-0.443544078
-4.320875576,-1.080992726,-0.582267697
-4.2058522,-1.013766431,-0.584892198
-4.083660717,-0.95308243,-0.533901895
-3.955770739,-0.889372852,-0.524903606
-3.820465219,-0.815263088,-0.556022688
-3.67743299,-0.747639381,-0.569520122
-3.53035183,-0.692279195,-0.647505291
-3.379544153,-0.621108777,-0.655378794
-3.222921763,-0.543782229,-0.52677825
-3.059464927,-0.46375628,-0.465289943
-2.887895233,-0.379205089,-0.400052349
-2.71196919,-0.308870734,-0.401552064
-2.531967973,-0.224686961,-0.472413588
-2.34793657,-0.153733995,-0.502782813
-2.160354854,-0.065804804,-0.503157742
-1.966073658,0.018405213,-0.432296217
-1.770521547,0.097306412,-0.347187402
-1.568697343,0.19778406,-0.250455798
-1.36796785,0.261456147,-0.157098552
-1.163001975,0.379836063,-0.133103115
-0.956600229,0.436425975,-0.085862099
-0.752916516,0.586445103,-0.034871795
-0.540205187,0.686716548,-0.028123079
-0.343292185,0.814416891,0.028491155
-0.123723917,1.073251813,0.008994863
0.016627771,0.52496253,-0.0911111
0.004113575,0.067159368,-0.052118516
-0.000688907,0.164573948,-0.03074758
0.004870875,0.063215245,-0.018749861
-0.000370241,0.071988294,0.116974328
0.004173559,0.05541698,0.205082573
0.000859434,0.0337468,0.267320737
0.003221311,0.042729802,0.295815318
0.002040373,0.014266134,0.238451227
0.002396529,0.030769963,0.184461494
0.002962629,0.010483225,0.125597688
0.002291556,0.016680597,0.061109952
0.003352526,0.013921211,-0.002627927
0.002662708,0.009309736,-0.05661766
0.003371271,0.010164546,-0.046869514
0.003367522,0.005665547,-0.040870654
0.003629953,0.009504693,-0.10273389
0.003888635,0.004552045,-0.146975477
0.004154814,0.006902772,-0.197215922
0.005140804,0.006017969,-0.300321315
0.005969335,0.00560931,-0.363684265
0.006602918,0.008829843,-0.401926993
0.00757766,0.005905494,-0.403426707
0.007896326,0.001878889,-0.307819889
0.008248733,0.006040464,-0.224960646
0.009013531,0.002283799,-0.150349835
0.008589893,0.000457956,-0.05361823
0.009939537,0.001012832,-0.034496867
0.009410926,-0.004037295,-0.055492874
0.010505637,0.012087868,-0.067115663
0.010539378,-0.008408822,-0.069740164
0.01007825,0.012372805,-0.083237598
0.012402636,-0.002402658,-0.134977758
0.009440918,-0.000160657,-0.112107107
0.013688547,0.017584146,-0.098984603
0.009399679,-0.025789956,-0.107607963
0.01363981,0.041777514,-0.050993729
0.011416647,-0.050905619,-0.017250146
0.010753072,0.068883984,0.00974472
0.017752474,-0.074360401,-0.038246154
-0.000985078,0.132203649,-0.050618801
0.196910163,1.585811544,-0.10835782
0.575372723,1.944228065,-0.052868373
0.889869674,1.678254731,0.103476895
1.202615837,1.826174326,0.024366939
1.502262959,1.770360492,0.279318455
1.779978373,1.825169549,0.336307618
2.053134991,1.728624776,0.125972617
2.312735188,1.684114677,0.278943527
2.573223901,1.71673617,0.213331004
2.815492425,1.695635864,0.262821593
3.045482942,1.737900212,0.430414721
3.263600343,1.752934368,0.340431833
3.472607651,1.797598183,0.354304195
3.670836555,1.810161638,0.292815889
3.852164921,1.821675327,0.219329863
4.020281777,1.834572458,0.250074017
4.174643515,1.837639275,0.226453509
4.317105895,1.852759662,0.354304195
4.447350251,1.850153992,0.416917288
4.564506813,1.845066373,0.328809044
4.667582094,1.835198568,0.256822733
4.757198429,1.81882971,0.175463205
4.834982889,1.807968376,0.163465487
4.901029198,1.800068883,0.139095122
4.955011193,1.779002319,0.105726467
4.996340279,1.750703614,0.053986307
5.024637807,1.710756251,-0.010876359
5.040784793,1.673643256,-0.135352687
5.045804717,1.653772677,-0.208463783
5.039573863,1.61824183,-0.145475762
5.022838282,1.578826848,-0.182218774
4.996047857,1.541121486,-0.183718489
4.959532499,1.49718126,-0.260953801
4.914555626,1.458909774,-0.443544078
4.861274696,1.415955579,-0.503157742
4.799809677,1.369128495,-0.572144622
4.730145573,1.321397863,-0.48066202
4.65180626,1.26589521,-0.388804488
4.564701762,1.209324044,-0.439794791
4.469308202,1.151133238,-0.390304203
4.366082961,1.090940378,-0.476162875
4.255224735,1.030196391,-0.613761708
4.137040944,0.964912163,-0.655003865
4.012596306,0.906361438,-0.633632929
3.882348201,0.8424719,-0.613011851
3.74439588,0.768620828,-0.640006717
3.600130226,0.707696881,-0.622759997
3.452557945,0.645381993,-0.6737503
3.300243167,0.57364545,-0.625009569
3.142237392,0.500113057,-0.508031815
2.976838569,0.41374352,-0.434920718
2.803195672,0.336686912,-0.349811903
2.626212408,0.264331757,-0.365558909
2.444295447,0.182569945,-0.403051779
2.259109349,0.108272722,-0.422548071
2.069386949,0.014547321,-0.398552634
1.87447217,-0.057631622,-0.332190254
1.677679137,-0.153220359,-0.28157488
1.475273836,-0.232623946,-0.265078017
1.274690554,-0.315570494,-0.291697955
1.066800452,-0.423580217,-0.323941823
0.862985523,-0.479937681,-0.314943534
0.654405603,-0.656939557,-0.235833578
0.446579233,-0.706833458,-0.096735031
0.245767262,-0.944335626,0.036364658
0.031713787,-1.002642655,0.04423816
-0.050543242,-0.310595351,0.055111093
-0.024817535,-0.105695931,0.110225612
-0.03172696,-0.166983547,0.054736164
-0.029668754,-0.062291836,0.083980603
-0.028787737,-0.09760898,0.174338419
-0.030722226,-0.050725659,0.184836423
-0.028067927,-0.056855545,0.240325871
-0.030613504,-0.046759041,0.217830149
-0.028555298,-0.033813171,0.151842697
-0.030159874,-0.041352744,0.151842697
-0.029383829,-0.026262351,0.112850112
-0.029503798,-0.033644458,0.090729319
-0.030182368,-0.02284686,0.022492296
-0.029863702,-0.024522738,-0.078363524
-0.030298588,-0.023199282,-0.106108248
-0.030114886,-0.022498188,-0.147350405
-0.030650995,-0.020267434,-0.170595985
-0.030635999,-0.018464085,-0.145475762
-0.031070884,-0.022959335,-0.142476332
-0.032026881,-0.023390489,-0.190842134
-0.032840416,-0.023967861,-0.233584006
-0.033691442,-0.023293011,-0.329190825
-0.034534969,-0.025081363,-0.412050068
-0.034422499,-0.022790623,-0.367808481
-0.035236034,-0.022415706,-0.385055201
-0.035453476,-0.013346474,-0.355060905
-0.035299767,-0.01880151,-0.235083721
-0.03657443,-0.016094612,-0.163847268
-0.035640927,-0.01520606,-0.088861528
-0.037571667,-0.023233024,-0.03637151
-0.03627451,-0.007017881,0.04161366
-0.037425456,-0.029842804,0.087354961
-0.037804106,0.000521691,0.109475754
-0.036713144,-0.028987994,0.152592555
-0.039851065,-0.00630554,0.121848401
-0.03487238,-0.011348168,0.09335382
-0.041886778,-0.036317614,0.001871217
-0.033695191,0.031962197,-0.080238168
-0.043067716,-0.099925964,-0.142851261
-0.033560226,0.137894883,-0.210713356
-0.053298764,-0.538672115,-0.244831867
-0.341556394,-1.842748274,-0.35356119
-0.713008305,-1.772886315,-0.21821193
-1.01665937,-1.703800433,-0.181093988
-1.333671906,-1.813354813,-0.09710996
-1.62161087,-1.769069664,0.291316174
-1.899405013,-1.803910664,0.214080862
-2.166773159,-1.676127839,0.316811325
-2.426916963,-1.701056044,0.553766264
-2.682715665,-1.701892108,0.398545782
-2.918550888,-1.704430293,0.524896754
-3.145013586,-1.743657817,0.579636344
-3.359209523,-1.763862072,0.446161727
-3.565585026,-1.80729991,0.469032378
-3.757560581,-1.810786634,0.349055194
-3.934011485,-1.831152104,0.276319026
-4.097629529,-1.841428568,0.248574302
-4.247308753,-1.84874694,0.128972047
-4.386164585,-1.860695532,0.094853535
-4.512416246,-1.85481684,0.014993722
-4.624965275,-1.847922123,-0.003752713
-4.723575485,-1.834800042,0.050986877
-4.80819439,-1.821434266,0.133471191
-4.881326328,-1.812001364,0.274069454
-4.942757606,-1.793776668,0.346805621
-4.991674688,-1.771004234,0.365926985
-5.029041071,-1.745749851,0.356928696
-5.053233433,-1.714046904,0.278193669
-5.064919097,-1.680401888,0.102352109
-5.0658526,-1.648031589,-0.023998863
-5.05589523,-1.609475166,-0.168721341
-5.035215691,-1.56895418,-0.362934408
-5.004571283,-1.532054888,-0.469789087
-4.965341642,-1.490420399,-0.595390202
-4.917564259,-1.4490596,-0.64488079
-4.86223262,-1.408572356,-0.632133214
-4.799541675,-1.361317868,-0.616386209
-4.727853106,-1.309965541,-0.50353267
-4.647579304,-1.255921314,-0.481036948
-4.558360364,-1.196995672,-0.440919577
-4.460458717,-1.137383932,-0.366308766
-4.354762878,-1.07648248,-0.429671716
-4.240894197,-1.013875157,-0.445043793
-4.119981126,-0.95074295,-0.409800495
-3.993279584,-0.889983966,-0.439419863
-3.860204725,-0.829269972,-0.511781102
-3.71961685,-0.756067506,-0.539525826
-3.573930322,-0.689542304,-0.635132644
-3.424944664,-0.626800011,-0.712367956
-3.270312998,-0.553042669,-0.660627796
-3.109034337,-0.474805072,-0.696246022
-2.939166694,-0.387835669,-0.651629507
-2.763390611,-0.316335324,-0.571394765
-2.584435367,-0.236751777,-0.562021548
-2.401224998,-0.164197917,-0.439419863
-2.215723983,-0.08838978,-0.328440967
-2.023231065,0.004911965,-0.242957224
-1.828642449,0.079344157,-0.131228471
-1.628587778,0.184215829,-0.053993159
-1.426343684,0.246170797,-0.000378355
-1.223769678,0.355376504,0.003745861
-1.014619908,0.42997366,0.002621075
-0.812004663,0.536262516,-0.000378355
-0.598142387,0.686049196,-0.074614237
-0.397904014,0.746054598,-0.115856395
-0.184292922,1.052762621,-0.152974336
-0.003268226,0.735864365,-0.245956653
0.013467355,0.105262142,-0.192341849
-0.00370686,0.146600446,-0.083987455
0.006389224,0.101096818,-0.040495726
-0.000167794,0.055345746,0.082480888
0.004016101,0.073315498,0.190085425
0.001770444,0.025937288,0.250074017
0.002546489,0.04354712,0.353179409
0.003041358,0.018337728,0.401545212
0.0019354,0.028869135,0.374550345
0.003562471,0.018090283,0.280443241
0.002336544,0.013366334,0.137220478
0.003483741,0.012481531,0.019867795
0.003123837,0.006130444,-0.10573332
0.00348749,0.012822705,-0.154474051
0.003686188,0.005684293,-0.147725334
0.003727427,0.01001083,-0.200215352
0.004259787,0.002924907,-0.2557048
0.004301026,0.004117142,-0.311194247
0.005182043,0.007142718,-0.377556627
0.006093052,-0.001379136,-0.392553775
0.006767874,0.00560556,-0.320567465
0.00769388,0.010333259,-0.24970594
0.008170004,0.003041131,-0.113981751
0.008286223,0.002951151,-0.048744157
0.009212229,0.00142524,-0.122605111
0.009077264,0.001725174,-0.061866662
0.010179473,0.008421184,-0.007876929
0.010044509,-0.005195787,-0.035996581
0.010243207,0.009328482,-0.049868943
0.01094802,-0.003388689,-0.059992018
0.010074501,0.007078983,-0.091486029
0.012597585,0.006089203,-0.183718489
0.009605875,-0.008581284,-0.139101974
0.013557331,0.023087921,-0.06224159
0.010726829,-0.028523098,-0.055867803
0.012402636,0.042077447,0.024741868
0.013943479,-0.039249462,-0.022874077
0.008507415,0.038500743,-0.083987455
0.02102161,-0.015502244,-0.133852972
-0.004974025,-0.020181203,-0.156348694
0.143168105,1.35251969,-0.159348124
0.515860938,1.992097416,-0.151474621
0.842613403,1.678359707,0.063359524
1.151992955,1.812673579,0.031865513
1.458845674,1.777273954,0.157091699
1.737408364,1.815118035,0.274444382
2.013249273,1.750219972,0.073482599
2.273764229,1.661994598,0.277068883
2.535797534,1.704213956,0.28081817
2.782249953,1.684613316,0.228703081
3.014039995,1.726187818,0.430414721
3.234924166,1.740123468,0.377924703
3.44541983,1.780325775,0.405669427
3.646794154,1.803551858,0.433414151
3.831421649,1.81019538,0.385048349
4.002380254,1.826215567,0.423291076
4.159523757,1.827733979,0.352054623
4.304707918,1.841335953,0.328059186
4.438018965,1.841950816,0.199833571
4.558152241,1.842539435,0.025491725
4.664939042,1.831636861,0.05023702
4.757708295,1.810956461,0.016493437
4.837584702,1.808242065,0.059235308
4.905996636,1.790249817,0.163465487
4.962737903,1.762374768,0.181087136
5.00709244,1.747205642,0.159341271
5.038767825,1.715521441,0.169464346
5.058270175,1.682656251,0.107601111
5.066379284,1.649048727,-0.025498578
5.062630274,1.609247581,-0.040120797
5.047934155,1.577645861,-0.135352687
5.023273167,1.534204274,-0.269577162
4.988354888,1.493454589,-0.398177706
4.94449522,1.452412469,-0.505032385
4.892980074,1.40633147,-0.490410166
4.833966907,1.36780504,-0.527153178
4.766713417,1.314146976,-0.501283098
4.691137124,1.25969034,-0.425547501
4.6073505,1.213061962,-0.48628595
4.514371303,1.153247768,-0.508031815
4.412934339,1.085414108,-0.539900754
4.303819403,1.027114576,-0.631758286
4.186944016,0.968593844,-0.621635211
4.063702811,0.905199196,-0.575893909
3.934804349,0.847225842,-0.581142911
3.798685294,0.775927953,-0.606263134
3.655683056,0.707659389,-0.609637492
3.508905566,0.651729331,-0.633258001
3.358154125,0.583479513,-0.600264275
3.201336785,0.509905879,-0.543650041
3.037505048,0.426321972,-0.514780531
2.86515931,0.345362482,-0.464165157
2.68808232,0.275459282,-0.519654604
2.506937655,0.192988877,-0.539525826
2.322025235,0.124577845,-0.490410166
2.133959897,0.034957781,-0.458541226
1.939626215,-0.043849688,-0.342688258
1.744149084,-0.124153075,-0.253830156
1.542463594,-0.22199506,-0.175844986
1.34162163,-0.283335165,-0.081737883
1.136078408,-0.402179978,-0.076113952
0.928829386,-0.458323739,-0.05361823
0.723496108,-0.609756303,-0.022874077
0.509753801,-0.707279609,-0.045369799
0.311708599,-0.839520192,-0.031122508
0.091765429,-1.084014554,-0.082112811
-0.045395851,-0.533220828,-0.149225049
-0.031633235,-0.087602455,-0.064491163
-0.027434344,-0.181504067,-0.018749861
-0.032308057,-0.082173663,0.029241012
-0.027021953,-0.086391475,0.165340131
-0.031262083,-0.072699521,0.214080862
-0.027876727,-0.049342216,0.249324159
-0.030418556,-0.056668087,0.242575443
-0.028858968,-0.030881323,0.172088847
-0.02915514,-0.044460802,0.153342412
-0.02994993,-0.033374518,0.06748374
-0.029065163,-0.034094358,-0.006377214
-0.029953679,-0.025328808,-0.03937094
-0.029623766,-0.023397988,-0.093360672
-0.030178619,-0.02316179,-0.073489451
-0.029919938,-0.019056454,-0.101984033
-0.030407309,-0.021433425,-0.167971484
-0.030770963,-0.019506353,-0.220836431
-0.030939668,-0.022228248,-0.304820459
-0.031730709,-0.021800843,-0.357310477
-0.032622974,-0.020627354,-0.376056912
-0.03332029,-0.02096103,-0.374932126
-0.034133825,-0.021714612,-0.304070602
-0.034512475,-0.019438868,-0.160847839
-0.03490987,-0.021823338,-0.097859817
-0.035385994,-0.014561203,-0.030372651
-0.035164803,-0.016540763,0.045737875
-0.036360737,-0.016615746,-0.005252428
-0.035588441,-0.012817841,-0.037496296
-0.036975574,-0.024927647,-0.065990877
-0.036431968,-0.004329729,-0.09973446
-0.036750634,-0.02851185,-0.14322619
-0.038190254,-0.005203285,-0.170595985
-0.035802134,-0.019731303,-0.113606822
-0.039903551,-0.019240163,-0.109857535
-0.0347974,0.001890137,-0.050618801
-0.040908286,-0.052469021,-0.01050143
-0.035824628,0.039992911,-0.020624505
-0.039164996,-0.094294717,-0.000753284
-0.039959786,0.099672135,-0.060366947
-0.033125341,-0.292010735,-0.101984033
-0.271671098,-1.686749226,-0.202464924
-0.652593009,-1.844761576,-0.074614237
-0.96223874,-1.668850708,0.007870077
-1.278460236,-1.812042605,-0.052868373
-1.573728515,-1.764776869,0.290191388
-1.851800084,-1.807217428,0.214830719
-2.122666057,-1.687877725,0.075732171
-2.382307493,-1.681826571,0.299939534
-2.641345339,-1.701667158,0.172463776
-2.880494687,-1.690749586,0.261321878
-3.109412987,-1.732260352,0.424415862
-3.326083271,-1.750061392,0.314561753
-3.53436327,-1.794968903,0.37605006
-3.730346517,-1.800322712,0.356178839
-3.909755391,-1.815645553,0.313811896
-4.07657134,-1.827541657,0.330683687
-4.229099811,-1.834698815,0.296190247
-4.370984844,-1.848589475,0.365926985
-4.500348183,-1.844499135,0.300314463
-4.6161626,-1.840408795,0.185211352
-4.718308126,-1.826566874,0.14246948
-4.805956231,-1.81233129,0.073482599
-4.882409792,-1.803112091,0.057360665
-4.947147697,-1.78356394,0.092603963
-4.999198952,-1.763100992,0.058110522
-5.039669514,-1.738075309,0.001496289
-5.067161005,-1.705438819,0.044613089
-5.082494456,-1.675426745,-0.055117945
-5.086742084,-1.6407882,-0.117731038
-5.079401522,-1.605009909,-0.03937094
-5.061623717,-1.561864507,-0.116981181
-5.03374233,-1.520162533,-0.219336716
-4.996001046,-1.485613969,-0.322442108
-4.949689525,-1.443030941,-0.439419863
-4.895711279,-1.401910088,-0.501283098
-4.834126292,-1.355776601,-0.538775968
-4.764522173,-1.307029944,-0.4660398
-4.686868928,-1.255283955,-0.442794221
-4.600443001,-1.198240395,-0.48066202
-4.504974461,-1.141957915,-0.443544078
-4.401501785,-1.077254808,-0.512905888
-4.2895451,-1.013972635,-0.618260853
-4.169790473,-0.952490062,-0.589391343
-4.044179893,-0.890272652,-0.562021548
-3.912136012,-0.825678271,-0.62201014
-3.772931522,-0.755186452,-0.57851841
-3.62786358,-0.693613899,-0.566145763
-3.479863912,-0.634407069,-0.617510995
-3.327387926,-0.562749259,-0.527528107
-3.16760512,-0.485816373,-0.483286521
-2.999788185,-0.399559311,-0.446918437
-2.824413247,-0.323556218,-0.433795932
-2.645851649,-0.251920903,-0.507656886
-2.462854973,-0.173105935,-0.508031815
-2.277106524,-0.09962978,-0.488910451
-2.086056974,-0.005825647,-0.416549212
-1.891100956,0.063608908,-0.299196529
-1.693400663,0.158826477,-0.230584577
-1.490526736,0.231200377,-0.16047291
-1.289917211,0.320921669,-0.161222767
-1.080726202,0.422171646,-0.179219345
-0.876791305,0.488408161,-0.103483747
-0.665564583,0.669920284,-0.037871225
-0.458038135,0.707850596,0.054736164
-0.252869813,0.974082623,0.163840416
-0.042276675,0.9433957,0.121848401
0.022172556,0.228575961,0.067858669
-0.003924302,0.104302355,0.107601111
0.005399486,0.142971254,0.061859809
0.001526758,0.046673925,0.051736734
0.002464011,0.083224544,0.13947005
0.003558722,0.031369829,0.147718482
0.001627982,0.046842637,0.154467198
0.003929874,0.028186787,0.125597688
0.001995385,0.022169376,0.062609667
0.003787411,0.022514299,0.061859809
0.002831414,0.008252472,0.036739586
0.003416259,0.019514966,0.036739586
0.00375367,0.008443679,0.011244435
0.003498738,0.012031631,-0.05961709
0.004016101,0.006096701,-0.090736172
0.003847395,0.006089203,-0.155223908
0.004413496,0.006917769,-0.187467776
0.004492225,0.003528522,-0.172095699
0.005107063,0.008053766,-0.212587999
0.00621677,0.003828456,-0.230959505
0.006872847,0.000862865,-0.260953801
0.007727621,0.007097728,-0.357310477
0.008578646,0.004518302,-0.354685976
0.00852616,0.002591231,-0.300321315
0.009290958,0.005219396,-0.238458079
0.009253468,0.000904106,-0.145100833
0.010033262,0.008702372,-0.118105967
0.010168226,-0.002001497,-0.085112241
0.010093246,0.003626001,-0.055117945
0.011596599,-0.006061844,-0.045744728
0.01011574,0.000769136,0.000371503
0.012890008,0.011278049,0.014993722
0.010393167,-0.014354999,0.048737305
0.012983733,0.027178262,0.06448431
0.012241429,-0.026033651,0.042363517
0.011124224,0.031587281,0.048737305
0.015551805,-0.020499882,-0.018749861
0.007090289,0.008372445,-0.067490592
0.021872636,0.030211337,-0.149974906
-0.003526907,-0.108863976,-0.198340709
0.09868985,1.114050237,-0.211088284
0.45522445,2.007109077,-0.248956083
0.795687045,1.698878893,-0.086986885
1.101992409,1.78713426,-0.134602829
1.414738572,1.786838076,-0.001128212
1.695520676,1.798021838,0.2838176
1.973397297,1.7608826,0.116599399
2.23574177,1.654106352,0.269945238
2.497932533,1.70743074,0.400795354
2.747942763,1.684470848,0.281942956
2.982195904,1.712177184,0.416167431
3.205839346,1.730371887,0.395921281
3.418160779,1.766382627,0.361427841
3.622538059,1.793121678,0.401170283
3.810322221,1.797553193,0.31831104
3.984205054,1.817768696,0.269945238
4.143935374,1.821157942,0.194584569
4.2919013,1.832499169,0.189710496
4.428286535,1.830317154,0.164965202
4.551512745,1.831513138,0.068983455
4.661658659,1.821079209,0.108350968
4.756891011,1.801471071,0.112475184
4.839582924,1.795015007,0.105351539
4.910765377,1.778691138,0.186711066
4.970003484,1.761313754,0.244825015
5.017196022,1.734177291,0.2002085
5.051788137,1.703494116,0.226453509
5.073963531,1.675311635,0.199458642
5.084651959,1.625234025,0.002996003
5.084516994,1.594532105,-0.058492303
5.073101259,1.571564714,-0.19796578
5.050689677,1.526732187,-0.397802777
5.018163266,1.489026824,-0.484036378
4.976523012,1.443534444,-0.591265986
4.926518717,1.398053311,-0.620510425
4.868678991,1.362053819,-0.643756004
4.803389982,1.312088684,-0.589766271
4.72989439,1.259000493,-0.478037519
4.648368418,1.212150915,-0.542900184
4.558474656,1.154593719,-0.494159453
4.459628259,1.090816656,-0.429671716
4.353043904,1.032543369,-0.511781102
4.238144246,0.971008307,-0.520404462
4.115825297,0.911362825,-0.52677825
3.988223992,0.849951486,-0.549273972
3.853627035,0.781274263,-0.575518981
3.711936951,0.716792357,-0.560896761
3.565924259,0.655377269,-0.577393624
3.416402493,0.591352761,-0.611137207
3.261350937,0.520294818,-0.589016414
3.099483682,0.44076376,-0.624259712
2.929297373,0.357119866,-0.612636922
2.752861464,0.287092944,-0.575893909
2.573025203,0.208412946,-0.539900754
2.388438947,0.132582315,-0.446543508
2.201153403,0.054254738,-0.345687688
2.007423312,-0.033160816,-0.263203374
1.811893695,-0.102220454,-0.201715067
1.611734051,-0.204074046,-0.133852972
1.409302507,-0.264525599,-0.124479755
1.207017175,-0.370851947,-0.136102544
0.997604974,-0.446911277,-0.109482607
0.794547346,-0.547696358,-0.106108248
0.579987754,-0.70264189,-0.134227901
0.378084821,-0.761833723,-0.100484318
0.164320019,-1.069115368,-0.065990877
-0.021207238,-0.780155897,-0.140976617
-0.042059232,-0.133852167,-0.057742446
-0.023520378,-0.15834172,0.066733882
-0.033563975,-0.119605336,0.049487162
-0.026770769,-0.069951382,0.143219337
-0.03070723,-0.087767419,0.206582288
-0.028607784,-0.040857854,0.227203366
-0.029312598,-0.066618373,0.264321307
-0.02975873,-0.034877934,0.203957787
-0.028424083,-0.042676199,0.200583428
-0.030309835,-0.03790726,0.157466628
-0.028742748,-0.027911984,0.029241012
-0.029983671,-0.031769875,-0.041620512
-0.029792471,-0.023330503,-0.142476332
-0.029751232,-0.024725193,-0.188217634
-0.030021161,-0.01952135,-0.195341279
-0.030051153,-0.023176787,-0.248206226
-0.030411058,-0.019851277,-0.2557048
-0.030523528,-0.018542818,-0.285699096
-0.031333314,-0.022303231,-0.330315611
-0.032195587,-0.019236413,-0.356935549
-0.032896652,-0.020428648,-0.355810763
-0.033972617,-0.021740856,-0.313068891
-0.034501228,-0.015922151,-0.269577162
-0.034598702,-0.020158708,-0.227210218
-0.03540099,-0.016315813,-0.179969202
-0.035033587,-0.014501217,-0.090361243
-0.036173286,-0.019277654,-0.059242161
-0.035719656,-0.00900119,-0.060366947
-0.036491952,-0.023626687,-0.013500859
-0.036758132,-0.006571731,0.015743579
-0.035899609,-0.022449449,0.045737875
-0.038227744,-0.011254439,0.057735594
-0.035490966,-0.010902017,0.081356102
-0.039513654,-0.028879268,0.072732742
-0.035382245,0.011439263,0.037114515
-0.039254973,-0.054156146,-0.035621653
-0.037800357,0.036596167,-0.097484888
-0.036150792,-0.075466405,-0.125229612
-0.044177423,0.052098968,-0.242582295
-0.02362535,-0.1217911,-0.28157488
-0.214648656,-1.516833274,-0.401552064
-0.595473092,-1.894108099,-0.303320745
-0.913242929,-1.649190081,-0.099359532
-1.227188775,-1.810797882,-0.130478614
-1.529733882,-1.760315361,0.241825585
-1.808469027,-1.804480537,0.343056334
-2.083522643,-1.708498138,0.234327011
-2.34410883,-1.663553136,0.466782805
-2.605182389,-1.700763609,0.36442727
-2.848421907,-1.679322128,0.335182832
-3.078757332,-1.71775108,0.461158875
-3.297778245,-1.734948504,0.340806762
-3.507861519,-1.779274894,0.349430122
-3.707331345,-1.79196957,0.370801058
-3.89029428,-1.802317268,0.326184543
-4.059715791,-1.81727644,0.293190817
-4.21524347,-1.822067875,0.138345264
-4.359347917,-1.836262217,0.091104248
-4.491530511,-1.835024992,-0.005252428
-4.61063281,-1.828287741,-0.10573332
-4.71602123,-1.817542631,0.002621075
-4.807729513,-1.802144806,0.072732742
-4.886282519,-1.790027502,0.179212492
-4.953539759,-1.775848156,0.355428981
-5.00878517,-1.752415869,0.355428981
-5.051208967,-1.727581393,0.300689391
-5.081995837,-1.697962982,0.352054623
-5.100103556,-1.664812856,0.15671677
-5.106739303,-1.634279648,-0.060366947
-5.10296405,-1.598088949,-0.126729327
-5.088222943,-1.558947656,-0.34793726
-5.063142066,-1.520162533,-0.493034667
-5.028208791,-1.477680733,-0.550023829
-4.983962975,-1.435645084,-0.550773687
-4.93164554,-1.394805419,-0.519279676
-4.87185258,-1.349680457,-0.532777109
-4.80380055,-1.301379951,-0.408675709
-4.727654408,-1.251103635,-0.3824307
-4.643357918,-1.196560768,-0.443919007
-4.5504612,-1.139903372,-0.395178276
-4.449612831,-1.081487616,-0.424422715
-4.340527887,-1.017650567,-0.482911592
-4.223063905,-0.9541172,-0.490785095
-4.098649259,-0.893793119,-0.492284809
-3.968108731,-0.828970039,-0.577018696
-3.830115171,-0.760802702,-0.625759427
-3.685437126,-0.697276834,-0.609262564
-3.537688642,-0.639250992,-0.649379935
-3.386014945,-0.571379839,-0.631383357
-3.227840464,-0.495526713,-0.630258571
-3.062385405,-0.412880098,-0.606638063
-2.888566306,-0.33276042,-0.571394765
-2.710675781,-0.263865746,-0.563521262
-2.52841766,-0.182283894,-0.478037519
-2.342324302,-0.113235503,-0.404551494
-2.15226824,-0.024316533,-0.314568606
-1.956517432,0.050490576,-0.238083151
-1.760065559,0.132885997,-0.150349835
-1.557011679,0.224583099,-0.000753284
-1.356285935,0.287119188,0.05023702
-1.14991793,0.403838224,0.048362376
-0.943328734,0.45438448,0.043863232
-0.73654084,0.620075122,-0.068615378
-0.522907255,0.70298043,-0.215587429
-0.323609883,0.861678877,-0.224960646
-0.101454797,1.06508613,-0.234708792
0.021310284,0.445378983,-0.228335005
0.001702962,0.070319915,-0.029622793
0.001856671,0.167494548,0.071982884
0.004679676,0.057254071,0.131971476
0.000597004,0.077705772,0.257947519
0.004717166,0.046209028,0.294690532
0.00133181,0.036708642,0.3674267
0.00416981,0.037927121,0.349805051
0.002602724,0.013208869,0.248949231
0.003442502,0.030563758,0.153342412
0.003667443,0.007918796,-0.014250717
0.00337502,0.018004052,-0.093360672
0.004327269,0.012931431,-0.146600548
0.003738674,0.008286214,-0.164597126
0.004226045,0.007446401,-0.125229612
0.004012352,0.003011138,-0.20658914
0.004657182,0.007960037,-0.281199951
0.004784648,0.005118169,-0.361809622
0.004923361,0.006231671,-0.454042082
0.005283266,0.004345841,-0.416924141
0.005238278,0.0052044,-0.310069461
0.005583187,0.004087148,-0.193091707
0.005673163,0.00138025,-0.096360102
0.005549446,0.002478756,-0.021374362
0.005332003,-0.001435373,-0.026248435
0.005332003,-0.000396854,-0.041245583
0.005406984,0.000165521,0.028866084
0.005227031,-0.001547848,0.020242724
0.005009589,0.00034923,-0.051743587
0.004882122,0.000146775,-0.064116234
0.00481464,0.000851618,-0.109107678
0.004807142,-0.001566594,-0.194591421
0.004882122,-0.003692371,-0.167596555
0.004559707,-0.002320176,-0.070490022
0.004334767,-0.00014566,-0.015000574
0.004439739,-0.001626581,0.027741298
0.004353512,-0.004592171,0.005620504
0.004402249,-0.000629303,-0.086237027
0.004379755,-0.000198149,-0.146225619
0.004154814,-0.000753025,-0.156348694
0.00409483,-0.000764273,-0.180344131
0.003986109,-0.003171237,-0.221211359
0.003888635,-0.001281658,-0.164972054
0.003847395,-0.001716561,-0.126354398
0.003536228,-0.00531576,-0.187092848
0.003435004,-0.005645687,-0.20358971
0.003521232,-0.001986501,-0.216712215
0.003498738,-0.000798015,-0.225710504
0.003420008,-0.005375747,-0.1747202
0.003288793,-0.004989583,-0.129353828
