0.003588714,0.013774993,-0.095235316
0.003701184,-0.009728529,-0.09411053
0.002865155,-0.017133131,-0.122230182
0.004773401,0.027043292,-0.097484888
0.00186042,-0.066959548,-0.092235886
0.00595059,0.079685331,-0.088861528
0.000934415,-0.116302321,-0.0911111
0.005594434,0.111571988,-0.119605682
0.00129432,-0.141013074,-0.09411053
0.005853116,0.230360564,-0.110232464
0.148874098,2.86571683,-0.080988025
0.345389704,3.076858612,-0.046869514
0.515662241,2.379431254,-3.43e-06
0.683947802,2.678832153,0.114349827
0.827373677,2.372622769,0.088479747
0.961427028,2.505339496,0.155217056
1.076769069,2.455651799,0.23170251
1.17499688,2.443751946,0.204332715
1.260804221,2.497781177,0.268070594
1.333973649,2.339337673,0.22907801
1.4023256,2.304717874,0.121473473
1.456768723,2.216271299,0.074232456
1.50146442,2.168195743,0.027741298
1.536157759,2.083393358,-0.029622793
1.561737254,1.991655015,-0.06824045
1.580872201,1.879228774,-0.134602829
1.590739595,1.797182025,-0.238458079
1.592565363,1.730773048,-0.242582295
1.586469473,1.632964805,-0.202464924
1.571780852,1.568089237,-0.182968632
1.548803169,1.469756111,-0.163472339
1.51721776,1.367422625,-0.197590851
1.47790939,1.287306697,-0.188592562
1.430964287,1.19581205,-0.178094559
1.376150012,1.101959177,-0.217837001
1.314501291,1.001597752,-0.221211359
1.245362049,0.896261185,-0.280075165
1.169437099,0.789552422,-0.354685976
1.086104104,0.680755374,-0.434920718
1.000709154,0.585211627,-0.478037519
0.911433979,0.462478929,-0.464915014
0.815249379,0.353160747,-0.512905888
0.714697182,0.213316855,-0.518529818
0.602965437,0.067590522,-0.533526966
0.492290912,-0.03516662,-0.529402751
0.374009647,-0.192065468,-0.44316915
0.257340456,-0.294395205,-0.37380734
0.139216649,-0.567034556,-0.277450664
0.019818178,-0.584753115,-0.183343561
-0.010076428,-0.134463281,-0.072364665
0.005189541,-0.056233184,0.029241012
-0.00075264,-0.085949073,0.079481458
0.002486505,-0.030180229,0.097852965
0.001365551,-0.049034785,0.070483169
0.00133181,-0.023682924,0.058485451
0.001984137,-0.032335999,0.007870077
0.000814446,-0.016679482,-0.041995441
0.002032875,-0.017155626,-0.042370369
0.000776956,-0.020458642,-0.057742446
0.00151926,-0.012109249,-0.045369799
0.001088124,-0.017058148,-0.003377784
0.001035638,-0.008202618,0.056985736
0.001024391,-0.011198202,0.111350398
0.000634494,-0.009169903,0.13384612
0.000660737,-0.008180123,0.153342412
0.000312079,-0.009852251,0.141719622
0.000473286,-0.00877624,0.124097974
0.000180864,-0.010669569,0.096728178
-2.16e-05,-0.00792518,0.074607385
-0.000134053,-0.009027434,0.077231886
-0.000358994,-0.012019269,0.019867795
-0.00041148,-0.010500857,-0.007876929
-0.000351496,-0.009893492,-0.043870084
-0.000179041,-0.009919736,-0.110982321
-0.000250272,-0.008622525,-0.150724764
-0.000242774,-0.007842698,-0.223460931
-0.000287763,-0.007542765,-0.262453516
-0.000250272,-0.006313038,-0.299196529
-6.66e-05,-0.010437121,-0.304820459
9.11e-07,-0.01035089,-0.295447242
0.000177115,-0.006433012,-0.289448383
0.000132127,-0.007452785,-0.228335005
3.47e-05,-0.005282018,-0.206214211
-6.59e-06,-0.007017881,-0.176969773
-1.03e-05,-0.00824011,-0.149225049
6.09e-05,-0.004131024,-0.170595985
0.000139625,-0.005829396,-0.211463213
0.00019586,-0.007291571,-0.21821193
0.000147123,-0.006871664,-0.201715067
0.000252095,-0.007426541,-0.227960076
0.000222103,-0.006391771,-0.199090566
4.96e-05,-0.007733972,-0.161222767
0.000267091,-0.00725033,-0.155598837
0.000289585,-0.007329062,-0.10573332
-0.0001453,-0.010545847,-0.041995441
-0.000527699,-0.010377134,0.00412079
-0.000782632,-0.008817481,0.014618793
-0.001060059,-0.009616054,0.00974472
-0.001498693,-0.011100723,0.019117938
-0.001588669,-0.010624579,0.038989159
-0.002091036,-0.009604806,0.027741298
-0.002068542,-0.006590477,0.032240442
-0.002473435,-0.013773879,0.061109952
-0.002724619,-0.006459256,0.058485451
-0.002327224,-0.012971557,0.05886038
-0.003504413,-0.010549596,0.028491155
-0.002046048,-0.003257468,-0.009751572
-0.003804334,-0.018239135,-0.026623364
-0.002473435,0.002812432,-0.067115663
-0.003185747,-0.028088194,-0.085862099
-0.003695613,0.009902105,-0.112107107
-0.00154743,-0.028504352,-0.140601689
-0.005948768,-0.009848502,-0.129728756
0.001478021,0.007851311,-0.151099692
-0.008977968,-0.060196052,-0.14322619
0.006722886,0.111751948,-0.145100833
-0.042209192,-0.706833458,-0.155598837
-0.280522511,-1.627294952,-0.144350976
-0.519180739,-1.470002441,-0.146975477
-0.716506131,-1.453348646,-0.103483747
-0.912853032,-1.467306791,-0.115106537
-1.077415826,-1.485970139,-0.022874077
-1.234638058,-1.554921051,0.071607955
-1.368234029,-1.54148404,0.050611948
-1.487928672,-1.554006255,0.138720193
-1.596589978,-1.50983733,0.136845549
-1.691477421,-1.528534421,0.102727038
-1.774697945,-1.512251793,0.171713918
-1.840864222,-1.502620186,0.145843838
-1.895914685,-1.519525175,0.117724186
-1.9373225,-1.505758237,0.135345835
-1.968742953,-1.495200586,0.077981743
-1.989501222,-1.47652599,0.075357242
-1.998956225,-1.454027245,0.103476895
-1.998832507,-1.420168527,0.094853535
-1.988234056,-1.382856827,0.063359524
-1.967940665,-1.336790824,0.028866084
-1.936808886,-1.285213548,0.022492296
-1.896308331,-1.235492108,0.011244435
-1.847544958,-1.167992123,-0.025123649
-1.79043254,-1.095423266,-0.089986314
-1.726223245,-1.025655036,-0.153349264
-1.654343477,-0.93896682,-0.262453516
-1.57510815,-0.848521939,-0.31044439
-1.487242603,-0.753281875,-0.346062616
-1.394683295,-0.668292031,-0.388054631
-1.298719886,-0.571807244,-0.407925852
-1.196994249,-0.476383471,-0.488160594
-1.090252436,-0.362191373,-0.518904747
-0.973302069,-0.241097061,-0.557147474
-0.853322502,-0.140698144,-0.539900754
-0.726939626,-0.009698535,-0.494534382
-0.600129363,0.075744958,-0.522279105
-0.468951503,0.229314546,-0.495659168
-0.331887697,0.325833076,-0.45179251
-0.200818558,0.536277513,-0.437920148
-0.055818099,0.715281443,-0.383555486
0.013009976,0.266562511,-0.303320745
-0.00344068,0.031658515,-0.275201092
-0.001225015,0.096564077,-0.222336145
-0.000568938,0.020152325,-0.16909627
-0.002372212,0.041728775,-0.200965209
-0.00018279,0.014457341,-0.175095129
-0.00200106,0.010063319,-0.116606252
-0.000287763,0.015105947,-0.115856395
-0.001746127,0.001177795,-0.039745868
-0.000745142,0.011645467,0.058485451
-0.000872608,0.00021426,0.058110522
-0.00094009,0.006092952,0.07910653
-0.000216531,-7.07e-05,0.136095692
-0.000493958,0.002714953,0.145093981
-0.000186539,0.001713926,0.17696292
-0.000332751,-0.003257468,0.215205648
3.84e-05,0.003232338,0.185211352
2.34e-05,-0.004239749,0.179212492
0.000169617,-0.001844032,0.173588562
0.000683231,0.002752445,0.13084669
0.000934415,0.00052544,0.131971476
0.001016893,0.000735394,0.159341271
0.00095316,-0.003272465,0.144344123
0.001031889,-0.000655547,0.08772989
0.001181849,0.000551685,0.056235879
0.001230586,-0.00055057,0.018743009
0.000998148,-0.001379136,-0.071239879
0.000848187,-0.002830063,-0.1316034
0.000904423,-0.000164406,-0.167971484
0.000814446,1.18e-05,-0.233209078
0.000773207,0.000874113,-0.266202803
0.000701976,-0.004206007,-0.292072884
0.000746964,-0.000621804,-0.323941823
0.001493017,0.004702011,-0.342688258
0.002149094,-0.00307001,-0.339688828
0.00243027,0.003183599,-0.342313329
0.003142582,0.003659743,-0.386554916
0.003142582,0.00061542,-0.365558909
0.003806156,0.005706788,-0.367058624
0.004259787,-0.008562538,-0.400052349
0.004312273,-0.000768022,-0.368933267
0.005328254,0.00016927,-0.3393139
0.004732162,0.000180517,-0.288698525
0.00629175,0.006231671,-0.215587429
0.005095816,-0.00842007,-0.158973195
0.006602918,0.01271023,-0.127104255
0.006332989,-0.017294345,-0.087736742
0.005650669,0.016658102,-0.053243302
0.008342458,-0.010643325,-0.048744157
0.003719929,-0.000164406,-0.015750432
0.010558123,0.023706534,0.028866084
0.00258023,-0.047013984,0.031490585
0.011922763,0.078950495,0.050986877
0.001478021,-0.154105162,0.08473046
0.024654401,0.567766758,0.106476325
0.297072464,1.905532923,0.14809341
0.635870497,1.830782051,0.233577154
0.91230375,1.736081867,0.300314463
1.196504951,1.833234005,0.287941815
1.448802077,1.806543693,0.382798777
1.692371507,1.935679966,0.480655167
1.922388267,1.894052976,0.488903599
2.13909979,1.930693576,0.585260275
2.34457553,1.994170705,0.644873938
2.529881596,2.083029689,0.716110391
2.702939647,2.182660026,0.869831158
2.856960225,2.254452806,0.885953092
2.998369133,2.328041436,0.90095024
3.125408086,2.312459902,0.767100694
3.238935607,2.310180409,0.489653456
3.338321862,2.31557171,0.334807903
3.424796526,2.25551382,0.046487733
3.502138603,2.192100426,-0.113231894
3.567690043,2.132567419,-0.298446671
3.621840743,2.066132197,-0.442419292
3.663499742,2.032239737,-0.580767983
3.692303386,2.010727022,-0.655003865
3.709979968,1.963307571,-0.549273972
3.717984104,1.896486185,-0.72286596
3.716289552,1.828929963,-0.283449523
3.705080012,1.765809004,-0.538401039
3.684955326,1.704165217,-1.03443171
3.656417862,1.653618961,-0.556772546
3.62022492,1.596732865,-0.93057646
3.575472987,1.526934642,-0.845467645
3.522162065,1.460360701,-0.136477473
3.460749532,1.378767601,-0.095610245
3.390991703,1.302850739,-0.356935549
3.313495918,1.233041268,-0.375681984
3.228220936,1.155114853,-0.293947527
3.135830334,1.084514308,-0.658003295
3.03677774,1.012091668,-0.594265416
2.930965682,0.935091297,-0.576643767
2.818289187,0.845414995,-0.962445399
2.698017197,0.768215918,-0.97369326
2.573996197,0.702256841,-0.911830025
2.446203693,0.617806877,-0.732614106
2.312506499,0.536667426,-0.496034096
2.171821149,0.437397009,-0.158223338
2.022243148,0.341913249,0.105351539
1.868076359,0.2461558,-0.129728756
1.708563482,0.15107695,-0.163097411
1.547618482,0.072535672,-0.09973446
1.380810031,-0.041930115,-0.311194247
1.210425025,-0.124134329,-0.167971484
1.03719452,-0.240707147,0.109850683
0.858576687,-0.315986652,0.02999087
0.683392948,-0.423595214,0.073857528
0.497258351,-0.531308753,0.252698518
0.323829148,-0.609295155,0.08772989
0.135583858,-0.922897894,0.044613089
-0.013851681,-0.613336756,0.216705362
-0.020348715,-0.079774197,0.0761071
-0.008066958,-0.130117998,-0.094485459
-0.015928632,-0.078765671,-0.083612526
-0.010162655,-0.051880402,-0.21221307
-0.014129108,-0.062831716,-0.295822171
-0.011965929,-0.028429369,-0.050243872
-0.013236843,-0.047197694,0.175463205
-0.013079385,-0.022010796,0.184461494
-0.012558272,-0.033093331,0.227953223
-0.013821689,-0.023352998,0.272944667
-0.012614507,-0.018782764,-0.067865521
-0.013671728,-0.025115106,-0.275950949
-0.01317311,-0.022835613,-0.190092277
-0.013637987,-0.021748355,-0.447668294
-0.013945406,-0.017061897,-0.466789658
-0.013870426,-0.017331837,-0.27857545
-0.014361546,-0.015333532,-0.423297929
-0.014511507,-0.015967141,-0.389554346
-0.014751443,-0.013575173,-0.133478043
-0.014878909,-0.012844085,-0.069740164
-0.015115097,-0.013263992,-0.035621653
-0.01533254,-0.015764686,0.128972047
-0.01529505,-0.013635159,0.055486021
-0.015220069,-0.011111971,-0.137977188
-0.015156336,-0.0125554,-0.131228471
-0.015058862,-0.00909117,-0.139101974
-0.014972635,-0.011423152,-0.174345272
-0.015070109,-0.014782404,-0.043120227
-0.015793668,-0.014628688,0.085105389
-0.016157322,-0.014774906,-0.029247865
-0.016550968,-0.014403739,-0.041620512
-0.017345758,-0.012739109,0.012369221
-0.017252033,-0.013593919,-0.165346983
-0.01802058,-0.013627661,-0.128229042
-0.018080564,-0.012529156,-0.02774815
-0.018860358,-0.021373438,-0.181093988
-0.01908155,-0.007235333,-0.204339568
-0.018860358,-0.015524739,-0.14322619
-0.02036746,-0.009912238,-0.203214782
-0.018680406,-0.008675013,-0.145850691
-0.021248477,-0.021373438,0.053611378
-0.019216514,0.003247335,0.043488303
-0.021072274,-0.033299535,-0.041620512
-0.020644887,0.009182265,-0.044619942
-0.019317737,-0.038818308,-0.218961787
-0.02377531,0.006385387,-0.388804488
-0.015647457,-0.014909876,-0.357310477
-0.029207626,-0.047666339,-0.292072884
-0.006087481,0.103020141,-0.303695673
-0.095115222,-1.012041814,-0.249331012
-0.4256017,-1.930752448,-0.164972054
-0.746490713,-1.628509681,-0.134227901
-1.02809385,-1.639787173,-0.018374932
-1.312531239,-1.617247187,0.120723615
-1.565885586,-1.612560729,0.226453509
-1.817286698,-1.637076526,0.259072306
-2.052053453,-1.531934915,0.263196521
-2.280128226,-1.538630925,0.212206218
-2.49418545,-1.523161866,0.147343553
-2.692916721,-1.55474859,0.248574302
-2.880682138,-1.572114727,0.317936111
-3.052476772,-1.592300236,0.317561183
-3.213065615,-1.62006656,0.414667716
-3.356978862,-1.622034872,0.392546923
-3.485464933,-1.636600382,0.220829578
-3.599224892,-1.638388734,0.23170251
-3.698798598,-1.645313444,0.238076298
-3.785771881,-1.645313444,0.005620504
-3.859222485,-1.633402343,-0.104608533
-3.91854307,-1.618713111,0.013119078
-3.964029808,-1.592480196,0.04423816
-3.997028594,-1.567713206,0.074232456
-4.01821425,-1.543411112,0.138720193
-4.02775548,-1.518419171,0.095978321
-4.02658204,-1.491758852,0.083605674
-4.014862635,-1.455815597,0.190460353
-3.993437043,-1.424371342,0.1597162
-3.963966075,-1.389680309,-0.118480895
-3.925804902,-1.347389716,-0.188217634
-3.878724835,-1.304967903,-0.436795362
-3.822785857,-1.251092388,-0.957196397
-3.757005727,-1.197524304,-0.784354267
-3.681703112,-1.146235713,-0.379431271
-3.597991468,-1.083680878,-0.429296788
-3.506365664,-1.020769873,-0.444668864
-3.407178106,-0.960599508,-0.346437545
-3.301399789,-0.89850957,-0.510656316
-3.188820768,-0.828928798,-0.53240218
-3.068638754,-0.755606358,-0.277825593
-2.942180898,-0.689774753,-0.365933837
-2.81194029,-0.625555288,-0.478412447
-2.677062158,-0.548603656,-0.44316915
-2.534577283,-0.464866033,-0.638132074
-2.384999282,-0.374113721,-0.661377653
-2.226937272,-0.287013097,-0.362934408
-2.0653212,-0.216097622,-0.148475191
-1.900432242,-0.118319373,-0.113981751
-1.731078213,-0.043695972,-0.137602259
-1.559339814,0.055315752,-0.248956083
-1.379454816,0.147653962,-0.435670576
-1.200420844,0.222063659,-0.466414729
-1.014215015,0.341208406,-0.280075165
-0.829804962,0.389756356,-0.136477473
-0.641345979,0.525716112,-0.022499148
-0.450465134,0.565217325,0.178087706
-0.267573431,0.782526485,0.187460924
-0.067927401,0.918448749,0.106851253
0.0180299,0.294411316,0.244450086
-0.005112738,0.053399929,0.271819881
0.000177115,0.128750667,0.158966343
-0.000527699,0.02763566,0.170589132
-0.002057295,0.062750349,0.008245005
0.00064949,0.025622358,-0.272576591
-0.001903586,0.028021824,-0.287573739
0.000825693,0.021895687,-0.14885012
-0.001030067,0.010674433,-0.051368658
0.0004208,0.022671764,0.140594836
0.000143374,0.004885721,0.27519424
0.000139625,0.015784546,0.129721904
0.000791952,0.006445374,-0.015375503
0.00038331,0.006524106,-0.055492874
0.001099371,0.006314153,-0.164222197
0.001039387,0.00470951,-0.224960646
0.001414288,0.007105227,-0.125604541
0.001384296,0.000450457,-0.200590281
0.001661723,-0.001052958,-0.333689969
0.002085361,0.001800157,-0.240332723
0.002299054,0.004120891,-0.189717348
0.002850159,0.006040464,-0.181843846
0.003539977,0.006539103,-0.022499148
0.004181057,0.003086121,0.022117367
0.004623441,0.004135887,-0.177344701
0.005174545,0.002253806,-0.265078017
0.005264521,0.003562265,-0.331815326
0.006321742,0.006715314,-0.463790228
0.006381726,-0.001934012,-0.330315611
0.0066704,0.007967535,-0.172095699
0.007566413,-0.003403685,-0.183343561
0.006902839,0.002220064,-0.11135725
0.008593642,0.007240197,-0.067865521
0.007052799,-0.003913572,-0.171720771
0.009290958,0.011874166,-0.218586858
0.008196247,-0.017732998,-0.168346413
0.00897979,0.023841504,-0.209213641
0.010134485,-0.019405126,-0.273701377
0.006876596,0.015762051,-0.20658914
0.013628563,0.002257555,-0.228335005
0.004004854,-0.025714972,-0.247831297
0.017580019,0.0681379,-0.035996581
-0.001693641,-0.159983854,0.067858669
0.054886418,0.817772394,0.108350968
0.378823376,1.983886743,0.219329863
0.730015636,1.746527043,0.210331575
1.031466032,1.710891221,0.116974328
1.346529084,1.73045062,0.055111093
1.629515606,1.70226064,0.164590273
1.907126047,1.732985056,0.219329863
2.17087265,1.624682898,0.251573732
2.431436343,1.645854438,0.379799347
2.680486826,1.632649875,0.362927555
2.912048178,1.674516812,0.360303055
3.136853813,1.711985977,0.412793073
3.347975562,1.742211753,0.377924703
3.548566343,1.779992099,0.377924703
3.731544274,1.783647536,0.398170853
3.899758603,1.816711431,0.285692243
4.054622708,1.833533939,0.158966343
4.19602037,1.8514662,0.006370362
4.325844837,1.867313924,-0.148100263
4.441681748,1.875250909,-0.008251858
4.543444875,1.873623771,0.267695666
4.63037317,1.867523878,0.331058616
4.704341137,1.864577033,0.26357145
4.767167047,1.850990056,0.196084284
4.817418777,1.83784548,-0.011626216
4.855268782,1.813415914,-0.144725904
4.88045838,1.787145508,0.090729319
4.893208763,1.757673314,0.106101396
4.894877073,1.720215396,-0.137602259
4.885482054,1.687140254,-0.191966921
4.865649791,1.631232691,-0.3824307
4.836096345,1.583400831,-0.532777109
4.797541526,1.548908504,-0.427797073
4.75094883,1.500218085,-0.368558338
4.696786882,1.457158913,-0.400427278
4.635018194,1.405769095,-0.520779391
4.56508791,1.347045908,-0.745736611
4.486703609,1.288630152,-0.870962796
4.399992757,1.224935571,-0.753985042
4.304944106,1.159583859,-0.575144052
4.202120009,1.097085261,-0.409800495
4.091977844,1.024857578,-0.26132873
3.974671321,0.953574685,-0.228335005
3.85160257,0.900850164,-0.290573169
3.72269661,0.832094208,-0.334064898
3.586135172,0.752821843,-0.320567465
3.444658781,0.689955827,-0.27295152
3.300363135,0.628769438,-0.262828445
3.150365245,0.554603436,-0.277075736
2.993990289,0.470682104,-0.356185691
2.828981363,0.379952287,-0.509906458
2.657269207,0.304515318,-0.499033526
2.481159462,0.221804967,-0.361809622
2.301019532,0.144519659,-0.293947527
2.118757662,0.060039702,-0.210713356
1.930122475,-0.027540816,-0.100484318
1.740216373,-0.100420854,-0.190467206
1.544416828,-0.209431605,-0.276700807
1.348006194,-0.275079501,-0.182968632
1.148468886,-0.383992774,-0.18634299
0.944462757,-0.452846207,-0.145100833
0.74450556,-0.557207992,0.00674529
0.532926432,-0.646535621,-0.011626216
0.336005932,-0.7412583,-0.078738453
0.120111694,-1.04146152,-0.078738453
-0.036042071,-0.607810485,-0.108732749
-0.033976366,-0.071844711,-0.109482607
-0.024540108,-0.160894902,-0.02474872
-0.031824435,-0.088378533,0.04723759
-0.025409879,-0.068729154,-0.04499487
-0.030047404,-0.069310275,-0.10835782
-0.026879491,-0.038454638,-0.091860958
-0.028817729,-0.058062777,-0.170970913
-0.028251628,-0.02730087,-0.082112811
-0.027970452,-0.040760375,0.0761071
-0.029188881,-0.027049675,0.052111663
-0.028124162,-0.028699308,0.069733312
-0.029117649,-0.029955279,0.042738446
-0.028480318,-0.020946033,-0.100859247
-0.02903892,-0.02684722,-0.121105396
-0.029005179,-0.025377547,-0.08548717
-0.029177634,-0.024893905,-0.100109389
-0.029680001,-0.022093278,-0.109857535
-0.029672503,-0.024706447,-0.109482607
-0.030148627,-0.02091604,-0.1747202
-0.030527277,-0.020968528,-0.199090566
-0.031505769,-0.02523133,-0.109857535
-0.032416778,-0.021242217,-0.070490022
-0.032847914,-0.021845833,-0.046869514
-0.033159082,-0.019825033,-0.016875218
-0.033455254,-0.023390489,-0.06824045
-0.034332522,-0.020147461,-0.185593133
-0.033995111,-0.014726167,-0.233209078
-0.034977352,-0.023840389,-0.205089425
-0.034992348,-0.011730583,-0.183718489
-0.035296018,-0.027574559,-0.110607393
-0.036218274,-0.013740136,-0.091486029
-0.03498485,-0.018726527,-0.152974336
-0.037631651,-0.021114746,-0.178094559
-0.034744913,-0.004922098,-0.211088284
-0.038268983,-0.040752877,-0.224210789
-0.035899609,0.010633192,-0.20658914
-0.036821865,-0.052720215,-0.196466065
-0.039030032,0.020227308,-0.206964069
-0.032810424,-0.043336053,-0.256079728
-0.046149402,-0.010489609,-0.268077447
-0.019966316,0.027114526,-0.253455227
-0.157764928,-1.2586807,-0.209213641
-0.527106146,-1.932330847,-0.100859247
-0.855643139,-1.622777207,0.002246146
-1.163725534,-1.724259632,0.019867795
-1.471807929,-1.678943463,0.040488873
-1.750977958,-1.697940487,0.115099685
-2.027324983,-1.655777366,0.148468339
-2.288878415,-1.579489336,0.199458642
-2.55026689,-1.611447227,0.259822163
-2.794072509,-1.586601504,0.28944153
-3.02567135,-1.631374044,0.310062609
-3.247897667,-1.649591242,0.286442101
-3.457898462,-1.679622062,0.264321307
-3.656217342,-1.690622115,0.301439249
-3.836192316,-1.697760527,0.291316174
-4.003923024,-1.71658134,0.236576584
-4.157568701,-1.717713588,0.224953794
-4.300004838,-1.735297177,0.1597162
-4.430117979,-1.731484275,0.070483169
-4.545182594,-1.726992774,0.08772989
-4.646956968,-1.717983528,0.094478606
-4.733926502,-1.704059126,0.09335382
-4.80898918,-1.698975256,0.196084284
-4.872388688,-1.681804076,0.251198803
-4.9228991,-1.665303997,0.212956075
-4.961311456,-1.641710495,0.113225041
-4.986703501,-1.611439729,0.063359524
-5.000421129,-1.585750443,0.041988588
-5.002655539,-1.557432992,-0.078738453
-4.993534197,-1.528414448,-0.115481466
-4.974103079,-1.489775543,-0.156723623
-4.944174732,-1.449884417,-0.317942964
-4.905038816,-1.417375398,-0.451417581
-4.85757635,-1.382654372,-0.514030674
-4.80255213,-1.344622832,-0.487410736
-4.739598754,-1.301259978,-0.449917866
-4.667910185,-1.25400549,-0.444668864
-4.587925057,-1.199147693,-0.420298499
-4.498762352,-1.14400121,-0.449168009
-4.401051904,-1.090838036,-0.469789087
-4.295363563,-1.02573002,-0.382805629
-4.181434898,-0.966092036,-0.326941253
-4.060832996,-0.911316721,-0.291323026
-3.93418394,-0.847914574,-0.222711074
-3.801202806,-0.782532869,-0.244456939
-3.66122602,-0.715763971,-0.282699666
-3.516398014,-0.655541118,-0.277450664
-3.368525813,-0.590830513,-0.282699666
-3.214471494,-0.514460001,-0.24708144
-3.052641728,-0.430212492,-0.229084862
-2.882050526,-0.348833095,-0.259829015
-2.706221957,-0.280553284,-0.251955513
-2.526696864,-0.196185801,-0.26432816
-2.343827655,-0.123178292,-0.294697384
-2.157843018,-0.035920202,-0.23545865
-1.965395087,0.049208361,-0.170221056
-1.77225359,0.129463008,-0.152599407
-1.572993709,0.223660804,-0.126354398
-1.374337418,0.28670678,-0.127479184
-1.171133578,0.405274154,-0.155598837
-0.965477885,0.459205907,-0.134602829
-0.761625466,0.580558912,-0.090361243
-0.547298314,0.64516829,-0.062991448
-0.348282118,0.768980748,-0.032622223
-0.127667875,1.034586664,0.007120219
0.013853503,0.504229642,0.062234738
0.0019354,0.046239022,0.049487162
-0.002874579,0.141171654,0.059610237
0.0028839,0.05433722,0.135345835
-0.002372212,0.059574805,0.125597688
0.002119102,0.042834779,0.121473473
-0.001221266,0.025667348,0.117349257
0.00133181,0.03514149,0.046112804
0.000199609,0.003918436,-0.017250146
0.000671984,0.018277742,-0.068615378
0.001440531,0.004285854,-0.09710996
0.000563263,0.014198649,-0.089236457
0.001852922,0.008361197,-0.139101974
0.001320563,0.004548296,-0.18934242
0.001950396,0.007288936,-0.158973195
0.002021628,-0.001371637,-0.195716208
0.002261564,0.007427655,-0.207713926
0.002677704,0.004252112,-0.133852972
0.002861406,0.004488309,-0.115481466
0.00401985,0.008226227,-0.103108819
0.004904616,0.004634526,-0.0911111
0.005598183,0.009403466,-0.071239879
0.006925333,0.007851311,-0.05961709
0.006970321,0.003187348,-0.079863239
0.007543919,0.004353339,-0.050993729
0.007573911,-0.002335173,-0.082862669
0.00788133,0.006797795,-0.146225619
0.00897979,-0.003984806,-0.171720771
0.008372451,0.002681211,-0.242207366
0.010044509,0.008087508,-0.301446101
0.008421188,-0.00356115,-0.329940682
0.010535629,0.01513969,-0.283449523
0.00962462,-0.018344112,-0.209213641
0.010336932,0.021921931,-0.185218204
0.011825289,-0.015322284,-0.15184955
0.008301219,0.01131554,-0.11435668
0.014989453,0.003824707,-0.130103685
0.005425729,-0.025778708,-0.164222197
0.018742212,0.070087466,-0.147350405
9.09e-05,-0.156605856,-0.170970913
0.054215345,0.794921228,-0.184468347
0.379100802,1.977149492,-0.175470058
0.7365914,1.74137194,-0.132353257
1.042694317,1.699036358,-0.059242161
1.363437119,1.733116277,-0.050243872
1.65286444,1.694094957,0.077231886
1.937110629,1.713316931,0.158591414
2.206439508,1.590677962,0.142844409
2.472589226,1.618796707,0.193084854
2.732196921,1.609731224,0.184836423
2.974540425,1.634801897,0.195709355
3.205813103,1.655096132,0.260197092
3.423150711,1.667404644,0.305563464
3.634062516,1.717497251,0.377174846
3.831102983,1.718906937,0.362177698
4.01295996,1.731129219,0.276319026
4.179633447,1.741450673,0.300689391
4.332870482,1.750062507,0.265446093
4.474879231,1.762667203,0.179587421
4.603972642,1.758524375,0.157466628
4.720521865,1.75840815,0.134595977
4.823076033,1.753950392,0.131221619
4.911350223,1.735433261,0.136095692
4.987312663,1.728062401,0.151467769
5.05136075,1.716027578,0.199833571
5.102984618,1.696745617,0.200958357
5.142506681,1.678029781,0.175838134
5.16928586,1.652516706,0.181462065
5.18394074,1.622939535,0.062984595
5.186823728,1.595293185,-0.058117375
5.178579655,1.562979124,-0.117731038
5.160033303,1.520617297,-0.248956083
5.130776029,1.488187011,-0.360684836
5.091820066,1.452862369,-0.431921289
5.044031435,1.413679835,-0.498283669
4.988287406,1.375682038,-0.562021548
4.924887898,1.328360064,-0.570644908
4.853502998,1.28468228,-0.529402751
4.77393401,1.236824176,-0.496034096
4.68577604,1.183147367,-0.45741644
4.589224036,1.127918403,-0.415424426
4.484529183,1.073323047,-0.385055201
4.371905174,1.015150988,-0.377556627
4.251805638,0.951865066,-0.338938971
4.125134088,0.893947949,-0.240707652
3.992347903,0.831738038,-0.213712785
3.853087178,0.766892463,-0.205089425
3.70762559,0.702024392,-0.173595414
3.558504968,0.642573867,-0.18634299
3.406081468,0.577282141,-0.179969202
3.246827273,0.495482837,-0.214462643
3.079816375,0.412412566,-0.245206796
2.904703867,0.330002149,-0.262828445
2.724991324,0.257740723,-0.322817037
2.541447292,0.17548777,-0.360309907
2.353790597,0.101303023,-0.364059194
2.163370881,0.014888495,-0.318317893
1.966836529,-0.068755398,-0.290948097
1.769946022,-0.144454809,-0.258329301
1.567611953,-0.240549682,-0.204714496
1.365446588,-0.302182222,-0.181468917
1.159565955,-0.416704247,-0.162347553
0.950982286,-0.473114199,-0.148475191
0.744351851,-0.593653635,-0.11435668
0.526988,-0.670961438,-0.086986885
0.325205035,-0.787905423,-0.053993159
0.102502594,-1.067518224,-0.03637151
-0.044979711,-0.555303416,-0.025873506
-0.035397241,-0.070802443,0.013868936
-0.029162638,-0.168441973,-0.008251858
-0.035266026,-0.077044804,-0.002252998
-0.029391327,-0.07688359,-0.01912479
-0.034058845,-0.067053277,-0.050243872
-0.030583512,-0.040366713,-0.012376073
-0.032881656,-0.057605378,-0.05661766
-0.031981893,-0.032036066,-0.055867803
-0.032000638,-0.044314585,-0.018749861
-0.03263797,-0.029396653,-0.007502
-0.031824435,-0.034045619,0.042363517
-0.033072855,-0.028804285,0.054736164
-0.032375539,-0.025058868,0.058110522
-0.032851663,-0.029760322,0.034490014
-0.032847914,-0.024129075,-0.007876929
-0.033110345,-0.024762684,-0.029622793
-0.033503991,-0.021928315,-0.076113952
-0.034028853,-0.025107607,-0.146975477
-0.03517605,-0.026506046,-0.175844986
-0.035813381,-0.023675426,-0.165721912
-0.036735638,-0.025220082,-0.187842705
-0.037534177,-0.024882657,-0.200215352
-0.037631651,-0.023907874,-0.175095129
-0.038235242,-0.019573838,-0.158973195
-0.038160262,-0.017020656,-0.158223338
-0.039284965,-0.025088862,-0.160847839
-0.038955052,-0.015438508,-0.151474621
-0.039247475,-0.027732024,-0.161597696
-0.040345934,-0.014272518,-0.188592562
-0.039003789,-0.022288235,-0.164222197
-0.041751813,-0.023649182,-0.136477473
-0.038895068,-0.009162404,-0.12860397
-0.042392894,-0.043073611,-0.146600548
-0.040042265,0.010959369,-0.18634299
-0.040987015,-0.052892677,-0.209213641
-0.04320268,0.017374193,-0.285324167
-0.036844359,-0.047118961,-0.338938971
-0.050243321,-0.013867608,-0.35656062
-0.023857788,0.021869443,-0.356935549
-0.162773605,-1.254245436,-0.334439827
-0.535646391,-1.92008607,-0.296572028
-0.868382275,-1.628239742,-0.144725904
-1.181375873,-1.744370158,-0.049494015
-1.494669392,-1.701783382,0.052111663
-1.778855597,-1.721608972,0.207332145
-2.060466232,-1.672547385,0.233202225
-2.325682446,-1.595738221,0.23470194
-2.591610973,-1.643003957,0.2433253
-2.843990577,-1.626481383,0.235076869
-3.082075206,-1.659605264,0.21745522
-3.306783367,-1.672956044,0.218205077
-3.52091932,-1.714841727,0.244075158
-3.728093362,-1.738712667,0.248949231
-3.91971651,-1.74319292,0.222704222
-4.097123412,-1.756000071,0.224203936
-4.25841707,-1.757098577,0.255323019
-4.407496452,-1.771476629,0.226453509
-4.545231331,-1.776283059,0.184836423
-4.670448265,-1.781569383,0.221954364
-4.782637389,-1.777730237,0.228328152
-4.880104151,-1.763884567,0.216705362
-4.964198194,-1.75686238,0.282692814
-5.036062967,-1.748842913,0.296565176
-5.096095864,-1.735897043,0.283067742
-5.143633311,-1.719239499,0.230202796
-5.178232924,-1.695818459,0.166839845
-5.200367079,-1.672611121,0.101602252
-5.21054939,-1.6486577,-0.049868943
-5.209443432,-1.619365466,-0.109482607
-5.197847744,-1.59161039,-0.14885012
-5.175563629,-1.551985454,-0.272576591
-5.14287976,-1.513597744,-0.338189114
-5.100842111,-1.483878105,-0.374182269
-5.050001786,-1.443330874,-0.416924141
-4.991239803,-1.406840242,-0.400802207
-4.924334971,-1.365194506,-0.362559479
-4.849099838,-1.316672799,-0.353936119
-4.765901808,-1.269185863,-0.349811903
-4.674298498,-1.210492669,-0.35356119
-4.574406126,-1.157108294,-0.365558909
-4.46699699,-1.099326148,-0.360309907
-4.351519984,-1.035470353,-0.384680272
-4.228106324,-0.977122082,-0.386929845
-4.098604271,-0.91235524,-0.351311618
-3.963047568,-0.849646689,-0.346812474
-3.820588937,-0.780444583,-0.300696244
-3.672720484,-0.714800436,-0.254205085
-3.521972792,-0.65454384,-0.212587999
-3.366786272,-0.578836931,-0.192716778
-3.204517872,-0.504907126,-0.190467206
-3.033847941,-0.41682422,-0.161597696
-2.856069887,-0.332516724,-0.201340138
-2.675371354,-0.257788348,-0.239207937
-2.49017026,-0.178455995,-0.251205655
-2.30215366,-0.10174056,-0.248581154
-2.10826236,-0.000861751,-0.246331582
-1.911184403,0.068820248,-0.226085432
-1.712456881,0.164300259,-0.188592562
-1.508330784,0.241608062,-0.234333864
-1.306761512,0.325758093,-0.240707652
-1.097008152,0.429797449,-0.221211359
-0.892240975,0.487800796,-0.221211359
-0.679289709,0.631078924,-0.207713926
-0.468625339,0.650285902,-0.165346983
-0.261308835,0.925066027,-0.09411053
-0.047768974,0.926348242,-0.052868373
0.019829425,0.217504674,0.011994292
-0.0063949,0.080791335,0.052861521
0.003052605,0.129924156,0.085480317
-0.000625173,0.031107388,0.101227323
4.66e-06,0.073188027,0.070108241
0.001354304,0.023084172,0.081356102
-0.000250272,0.035793845,0.042738446
0.002212827,0.022476807,-0.035996581
0.000124629,0.016140717,-0.073114523
0.001984137,0.022008162,-0.10273389
0.000900674,0.005073179,-0.117356109
0.001650476,0.015799543,-0.100859247
0.002010381,0.006167935,-0.075364095
0.001665472,0.008447428,-0.040495726
0.002486505,0.006614086,0.008245005
0.00227656,0.00268496,0.049862091
0.002853908,0.002336288,0.057360665
0.002973876,0.003108616,0.049112234
0.003592463,0.005673045,0.043488303
0.004893369,0.00542935,0.034115085
0.005425729,0.003374807,0.000371503
0.006415467,0.005211898,-0.050618801
0.007375214,0.006542852,-0.067115663
0.007326477,0.002508749,-0.122605111
0.008274976,0.001099063,-0.182968632
0.008057534,0.00133901,-0.205839283
0.008863571,0.004589536,-0.275950949
0.008871069,-0.005255773,-0.318692821
0.009365938,0.0099246,-0.36218455
0.010355677,-0.003354946,-0.3824307
0.008961045,0.004615781,-0.292822741
0.011874026,0.006805294,-0.20658914
0.008998535,-0.0080564,-0.133103115
0.012218935,0.021674486,-0.05961709
0.009924541,-0.028579335,-0.049494015
0.01098926,0.040229108,-0.07686381
0.013009976,-0.039804338,-0.114731608
0.006914086,0.030649989,-0.156723623
0.020260561,-0.00275508,-0.208088855
-0.006154963,-0.043714718,-0.239957794
0.131722378,1.287917811,-0.257579443
0.50078242,1.988524461,-0.259829015
0.830350391,1.658961522,-0.181093988
1.141364512,1.75346675,-0.169471199
1.452532342,1.711862255,-0.09973446
1.734911524,1.734818398,0.052111663
2.014355231,1.693127672,0.064859239
2.277472,1.613765326,0.119598829
2.542313313,1.659336439,0.169089418
2.793043353,1.638176146,0.20883186
3.028481181,1.666471102,0.295065461
3.251753472,1.682056385,0.345680835
3.464704738,1.726277798,0.393671709
3.669951788,1.74784675,0.396671138
3.858808167,1.74173186,0.355054053
4.033050905,1.758576863,0.305938393
4.191739,1.767098717,0.263946379
4.337657967,1.778751125,0.218205077
4.472412383,1.780546976,0.185961209
4.594671348,1.781214327,0.193834712
4.703430128,1.77728895,0.18858571
4.797901431,1.763559505,0.162340701
4.879153725,1.752195782,0.195709355
4.948330457,1.743730166,0.240325871
5.005742796,1.734368498,0.257197662
5.050322274,1.704791327,0.223829008
5.081716484,1.680826658,0.182961779
5.101001391,1.664866459,0.14246948
5.108510658,1.627824699,0.002996003
5.104877868,1.599788435,-0.08548717
5.090725355,1.571628449,-0.162347553
5.065891913,1.536442527,-0.306320174
5.030752442,1.499535736,-0.398927563
4.986390407,1.45964461,-0.473538374
4.933686824,1.420795752,-0.545149756
4.872866635,1.375378355,-0.566520692
4.804196019,1.334849871,-0.548524114
4.726872688,1.281476744,-0.513280817
4.641042853,1.225899107,-0.466789658
4.547523798,1.179836853,-0.44879308
4.445978113,1.121383606,-0.446918437
4.336724464,1.058787531,-0.43717029
4.219924057,0.997781102,-0.433046075
4.096064265,0.934802611,-0.364809051
3.966273539,0.871299237,-0.275201092
3.830240711,0.808298252,-0.225335575
3.686829831,0.738473784,-0.154474051
3.538560235,0.674314307,-0.134227901
3.387771304,0.612753001,-0.142851261
3.231595045,0.53826832,-0.144350976
3.068310664,0.453443439,-0.175844986
2.896759715,0.367257611,-0.193841564
2.719540263,0.292184311,-0.241457509
2.538163159,0.208829103,-0.294322456
2.352913328,0.138412268,-0.302945816
2.164769261,0.050018181,-0.277075736
1.969502076,-0.039556893,-0.24708144
1.773916224,-0.112155744,-0.219711644
1.573014276,-0.212003533,-0.182218774
1.371722431,-0.274397153,-0.193841564
1.168398623,-0.388488024,-0.193466635
0.960729712,-0.449539443,-0.165721912
0.75737966,-0.560867178,-0.17771963
0.542148996,-0.651949417,-0.168721341
0.34177191,-0.744969974,-0.130853542
0.122724754,-1.05746671,-0.107982892
-0.03741046,-0.620561399,-0.099359532
-0.036177035,-0.077415971,-0.080613097
-0.025878505,-0.159650179,-0.049494015
-0.033833904,-0.086972596,-0.042370369
-0.027558061,-0.071814717,-0.07086495
-0.031970646,-0.068826632,-0.066740735
-0.028649023,-0.040126766,-0.051368658
-0.030583512,-0.058895091,-0.093735601
-0.030118635,-0.029220443,-0.089611386
-0.029848706,-0.042612463,-0.074989166
-0.030965911,-0.029610356,-0.098234746
-0.029867451,-0.032868381,-0.050993729
-0.030995903,-0.030079002,-0.016875218
-0.030306086,-0.025797454,-0.03637151
-0.031029645,-0.029344165,-0.035996581
-0.030920923,-0.021073505,-0.044619942
-0.030943417,-0.025422537,-0.018374932
-0.031584498,-0.023982858,0.001871217
-0.031532012,-0.02361169,-0.032247294
-0.032394284,-0.026513545,-0.023998863
-0.033376525,-0.023514212,-0.042745298
-0.034171315,-0.025092611,-0.067115663
-0.035183548,-0.026929702,-0.06224159
-0.035314763,-0.020687341,-0.056992589
-0.035753397,-0.027664539,-0.026248435
-0.03653694,-0.02203704,-0.068615378
-0.036270761,-0.021557147,-0.120730468
-0.037342977,-0.021527154,-0.182968632
-0.036604422,-0.015843418,-0.263953231
-0.037912827,-0.029662844,-0.277450664
-0.037477942,-0.008626274,-0.300696244
-0.037770365,-0.031994825,-0.29319767
-0.039356196,-0.011134466,-0.279700236
-0.037009316,-0.022494439,-0.288698525
-0.041103234,-0.024406513,-0.265078017
-0.036023326,0.001755167,-0.201340138
-0.041961758,-0.05391245,-0.138727045
-0.036975574,0.036431203,-0.149599977
-0.03998228,-0.094347205,-0.152224478
-0.041766809,0.089099487,-0.179969202
-0.032802926,-0.267161263,-0.233209078
-0.266456226,-1.651274617,-0.237333293
-0.647265665,-1.830443511,-0.184843275
-0.957991112,-1.639007346,-0.112482036
-1.276012132,-1.77030314,-0.057742446
-1.574755743,-1.703421767,0.058485451
-1.85594274,-1.757057336,0.102727038
-2.129571733,-1.657348266,0.121098544
-2.391166404,-1.647484211,0.161590844
-2.652869796,-1.676007866,0.149968054
-2.895010854,-1.667845931,0.203207929
-3.125529981,-1.707613335,0.221954364
-3.34320125,-1.724574562,0.224578865
-3.553288273,-1.770696802,0.285692243
-3.751982054,-1.777107876,0.343806192
-3.934093963,-1.790353679,0.376799917
-4.102143337,-1.799392919,0.410918429
-4.254776781,-1.805020417,0.434164008
-4.396950487,-1.822911437,0.357678554
-4.526606249,-1.821966647,0.271819881
-4.64297177,-1.823012664,0.250823874
-4.746335725,-1.815896747,0.215205648
-4.83492858,-1.803888169,0.210331575
-4.911438376,-1.797852011,0.259822163
-4.976378728,-1.783350237,0.280443241
-5.028808633,-1.766632706,0.232827297
-5.068668107,-1.745611132,0.173963491
-5.095252337,-1.716989999,0.159341271
-5.109817241,-1.692121781,0.079856387
-5.113056385,-1.661566078,-0.010126501
-5.105280938,-1.629765652,-0.089611386
-5.087420655,-1.599119969,-0.217462072
-5.059175614,-1.560852232,-0.324316752
-5.02120564,-1.524215382,-0.406051208
-4.974897869,-1.487173622,-0.421048356
-4.920274793,-1.445816571,-0.424797643
-4.857336413,-1.403968381,-0.434170861
-4.786093976,-1.354501884,-0.421798214
-4.705655218,-1.300690105,-0.431171431
-4.616841171,-1.248767905,-0.45741644
-4.520326657,-1.193066546,-0.495284239
-4.415946721,-1.135186921,-0.491909881
-4.304413673,-1.074292967,-0.479162305
-4.185180159,-1.010485911,-0.483286521
-4.059344639,-0.946195212,-0.448418151
-3.927649415,-0.883587889,-0.395553205
-3.788336204,-0.813392254,-0.334439827
-3.642634679,-0.742499274,-0.29019824
-3.493750245,-0.684057274,-0.234708792
-3.341180534,-0.612271993,-0.166846698
-3.182301239,-0.534060641,-0.146975477
-3.015421557,-0.44636015,-0.130853542
-2.840976373,-0.363117417,-0.146600548
-2.662950884,-0.290154898,-0.208463783
-2.480239133,-0.20432899,-0.250455798
-2.294764361,-0.13024172,-0.24108258
-2.103995987,-0.035042897,-0.226460361
-1.908638825,0.040277848,-0.218961787
-1.711613353,0.139064623,-0.171345842
-1.508668195,0.221171358,-0.155223908
-1.308643515,0.295449835,-0.185218204
-1.10103084,0.406046483,-0.198340709
-0.897178421,0.463622425,-0.185593133
-0.687470049,0.613131667,-0.161972625
-0.477776672,0.634299458,-0.142851261
-0.274835263,0.888080504,-0.093735601
-0.059458387,0.956963931,-0.050243872
0.021044104,0.254842618,-0.041995441
-0.005153978,0.069735045,-0.026998293
0.00261772,0.135780353,0.001496289
0.000645741,0.030972418,0.007495148
6.09e-05,0.073274258,-0.035246724
0.002081612,0.024696314,-0.048369229
-0.000134053,0.036532431,-0.078363524
0.002546489,0.022514299,-0.166846698
0.0004208,0.011353032,-0.211838142
0.002137847,0.023800263,-0.215587429
0.001425535,0.005178156,-0.169846127
0.001882914,0.013823732,-0.086237027
0.002602724,0.003824707,-0.004502571
0.002175337,0.008826094,0.051736734
0.002760183,0.0052044,0.086605104
0.002426521,0.004653272,0.128597118
0.002906394,0.007423906,0.131221619
0.003217562,0.001548963,0.104226752
0.00379116,0.007978783,0.072357813
0.004904616,0.005838009,0.031115656
0.005706904,0.003659743,-0.050993729
0.006509193,0.005208149,-0.159348124
0.007480186,0.001312765,-0.196466065
0.007558915,0.005264386,-0.18934242
0.008207494,0.003884693,-0.195716208
0.00825998,5.68e-05,-0.191217063
0.009024778,0.008927322,-0.178469487
0.009407177,-0.007913932,-0.208838712
0.009129751,0.005058182,-0.229459791
0.01072308,0.001054073,-0.217837001
0.009096009,-0.001514106,-0.165346983
0.011649085,0.014074926,-0.068990307
0.009632118,-0.016567007,-0.031122508
0.011795297,0.02570109,-0.009751572
0.011697822,-0.025448782,-0.012001145
0.009650863,0.02309542,-0.083612526
0.015240637,-0.012484166,-0.193841564
0.005935594,-0.006676707,-0.291323026
0.020729187,0.044971803,-0.344562902
-0.003077026,-0.132442481,-0.406426137
0.08142191,0.990867639,-0.41992357
0.427931658,1.987980832,-0.379806199
0.773571635,1.705649886,-0.267327589
1.079408372,1.739684815,-0.139476903
1.395075014,1.738773768,-0.037496296
1.67907002,1.741675623,0.13947005
1.959645928,1.748139185,0.26057202
2.224157329,1.640058227,0.313062038
2.487963916,1.687728873,0.349805051
2.741419486,1.682142616,0.329558901
2.978165718,1.706204763,0.347930407
3.203619932,1.731294182,0.407918999
3.416537457,1.761283761,0.418042074
3.62283798,1.796765868,0.425915577
3.813497632,1.801084907,0.353179409
3.989551142,1.804001758,0.237326441
4.150578619,1.814776861,0.184086566
4.297978445,1.83353019,0.082855817
4.434157485,1.834148802,0.041988588
4.557492416,1.83528105,0.096728178
4.668151944,1.836525773,0.149218196
4.764587728,1.82148037,0.202083143
4.847467092,1.810956461,0.270320167
4.918679537,1.808845681,0.346430693
4.977550241,1.789417502,0.42216629
5.024424113,1.76807725,0.403044926
5.058967491,1.745717224,0.339681976
5.080423076,1.719180627,0.310812466
5.089979302,1.688831128,0.124847831
5.088037315,1.653056586,-0.076488881
5.07548188,1.621432371,-0.202089996
5.052624166,1.584326875,-0.364809051
5.01947542,1.547075161,-0.451417581
4.977437771,1.510876964,-0.480287091
4.926979845,1.471297018,-0.545149756
4.868461548,1.42345766,-0.579268268
4.80192037,1.376218168,-0.586391913
4.726651496,1.333117756,-0.590891057
4.642951099,1.276122935,-0.545899613
4.55069921,1.218134584,-0.505782243
4.450263232,1.165473798,-0.469414159
4.342775366,1.106476922,-0.439419863
4.227755739,1.045699192,-0.484411307
4.105984145,0.983927933,-0.48928538
3.978532801,0.914827055,-0.429296788
3.84470814,0.850397637,-0.416174283
3.703872831,0.783639987,-0.393303633
3.557204062,0.714779055,-0.394803347
3.407254909,0.651995521,-0.388429559
3.252709469,0.577657058,-0.391428989
3.091442055,0.496393885,-0.459291084
2.921945564,0.406297677,-0.434170861
2.746293199,0.327643923,-0.388054631
2.567405437,0.250774773,-0.35956005
2.383782677,0.172788371,-0.26995209
2.197595593,0.09048293,-0.156348694
2.004881483,-0.002327675,-0.082862669
1.8099817,-0.073801775,-0.014625646
1.611006743,-0.177698664,0.038239301
1.409332499,-0.247159462,0.025491725
1.207695746,-0.352436043,-0.003377784
0.99940075,-0.43071488,-0.066365806
0.797704012,-0.514385018,-0.128978899
0.583991697,-0.639228497,-0.182593703
0.381927556,-0.686869149,-0.208838712
0.170104742,-1.015820974,-0.176594844
-0.017615687,-0.778847438,-0.119230753
-0.042932751,-0.127774769,-0.074614237
-0.023651593,-0.137560092,-0.058867232
-0.033818908,-0.111934543,-0.017625075
-0.027295631,-0.059502456,-0.031122508
-0.030992154,-0.082919747,-0.051743587
-0.029083908,-0.038829555,-0.011626216
-0.029421319,-0.063322856,-0.047244442
-0.030422305,-0.032842137,-0.086986885
-0.02888896,-0.039148234,-0.074239309
-0.030561018,-0.032365993,-0.079488311
-0.029338841,-0.027060923,-0.106483177
-0.030362321,-0.033288288,-0.136102544
-0.030126133,-0.023203031,-0.139101974
-0.030306086,-0.030187727,-0.157098552
-0.030635999,-0.023761657,-0.181843846
-0.03070723,-0.023750409,-0.151099692
-0.031205848,-0.022843111,-0.106108248
-0.031292075,-0.024657708,-0.06524102
-0.032008136,-0.029164205,-0.014250717
-0.032844165,-0.023165539,0.023992011
-0.033650203,-0.022550676,0.054736164
-0.034572459,-0.025340056,0.055486021
-0.034943611,-0.019168928,0.010119649
-0.035318512,-0.022888101,-0.055117945
-0.036053318,-0.020027488,-0.115481466
-0.035637178,-0.018137908,-0.149225049
-0.036900594,-0.024537734,-0.21221307
-0.036420721,-0.014853638,-0.283449523
-0.0370693,-0.027619549,-0.31044439
-0.03748544,-0.011528128,-0.323566894
-0.036698148,-0.031709889,-0.304820459
-0.039228729,-0.020233692,-0.237333293
-0.036143294,-0.010062204,-0.142851261
-0.040233464,-0.035320336,-0.063741305
-0.036634415,0.007525133,-0.01612536
-0.039764838,-0.058501429,-0.033747009
-0.039086267,0.02893662,-0.073114523
-0.035918354,-0.070603737,-0.086986885
-0.045969449,0.030057621,-0.141351546
-0.023029257,-0.072976959,-0.197215922
-0.19997878,-1.432267086,-0.24970594
-0.580158386,-1.897688553,-0.227960076
-0.901804699,-1.636450415,-0.175095129
-1.215255676,-1.779079937,-0.151474621
-1.520676274,-1.726242941,-0.001128212
-1.8006186,-1.774734654,0.088479747
-2.077160573,-1.711819899,0.131596548
-2.33842908,-1.668843209,0.208456931
-2.600811043,-1.717949786,0.221954364
-2.846693613,-1.70457651,0.28944153
-3.079034759,-1.744276429,0.356178839
-3.298381836,-1.759985435,0.404544641
-3.507929001,-1.80833468,0.487778813
-3.70893967,-1.828617668,0.548142333
-3.893582161,-1.837626913,0.521897324
-4.064252093,-1.851457587,0.474281379
-4.219629812,-1.85418698,0.406419285
-4.36338935,-1.872632876,0.257197662
-4.49539949,-1.873049034,0.159341271
-4.61366201,-1.872820335,0.1192239
-4.719264124,-1.867530261,0.04423816
-4.810293836,-1.8531972,0.065234168
-4.888415706,-1.848859415,0.171713918
-4.955492993,-1.836648381,0.212956075
-5.010251033,-1.819630917,0.266945808
-5.053113464,-1.799284193,0.272944667
-5.082513201,-1.768259844,0.23770137
-5.099218789,-1.742345609,0.206207359
-5.104988516,-1.712476003,0.071607955
-5.098967606,-1.676416525,-0.03337208
-5.082580683,-1.643052696,-0.10835782
-5.056543808,-1.606314619,-0.240707652
-5.020557062,-1.567941905,-0.324316752
-4.975636424,-1.527687109,-0.373057483
-4.922925343,-1.490566617,-0.453292225
-4.862213875,-1.446896331,-0.513655745
-4.793138366,-1.396113878,-0.536526396
-4.715781294,-1.347502191,-0.57289448
-4.629520322,-1.288006676,-0.600639204
-4.5343667,-1.230558206,-0.622759997
-4.431640077,-1.173593377,-0.652754293
-4.321595386,-1.108969003,-0.637757145
-4.203917711,-1.046620372,-0.641506432
-4.079870468,-0.982674597,-0.591640915
-3.949989766,-0.919452411,-0.491909881
-3.813878209,-0.849208037,-0.440544649
-3.670624788,-0.7781201,-0.350186832
-3.522546391,-0.715782717,-0.308569746
-3.371442543,-0.64739418,-0.318317893
-3.214250302,-0.575728872,-0.327316181
-3.049691257,-0.484226727,-0.350936689
-2.87680941,-0.394576669,-0.36218455
-2.699601206,-0.324860927,-0.377931556
-2.518486533,-0.234892191,-0.384680272
-2.334027743,-0.165450138,-0.349436975
-2.146232334,-0.07494902,-0.268827304
-1.951891153,0.011308042,-0.207338997
-1.756616469,0.09708896,-0.118480895
-1.555032202,0.194758483,-0.02774815
-1.355063757,0.25528127,-0.011251287
-1.149932926,0.37931118,-0.020624505
-0.944116026,0.43388404,-0.046494585
-0.738482828,0.566222102,-0.061866662
-0.525032943,0.628330786,-0.089611386
-0.325634348,0.787291675,-0.058492303
-0.105395007,1.025419953,0.020617652
0.018577256,0.430880958,0.026241583
0.000169617,0.040394072,0.083230745
-0.000302759,0.149491053,0.130471761
0.003052605,0.044495659,0.07310767
-0.000951337,0.060538341,0.03861423
0.003131335,0.035044012,0.005245576
-0.000254021,0.025494886,-0.007127072
0.002696449,0.033499355,-0.047244442
0.000979403,0.008361197,-0.133852972
0.001879165,0.02485003,-0.135352687
0.002381533,0.006366641,-0.132728186
0.001901659,0.013894966,-0.130103685
0.002786426,0.007146468,-0.094485459
0.002329046,0.00547059,-0.05961709
0.003018864,0.0094747,-0.067865521
0.002658959,0.003940931,-0.102358961
0.003288793,0.006756554,-0.110982321
0.003468745,0.002737448,-0.142476332
0.003738674,0.006456621,-0.139851831
0.004904616,0.006471618,-0.077988596
0.005624426,0.00165019,-0.029622793
0.006527938,0.007866308,0.007120219
0.007648892,0.007307682,0.059985166
0.007742617,0.002853673,0.070108241
0.008226239,0.004653272,0.041238731
0.008796089,-0.005548208,-0.005252428
0.008852324,0.003963426,-0.061866662
0.009823317,0.004713259,-0.133852972
0.008923555,-0.001960257,-0.253455227
0.010768068,0.005058182,-0.320192536
0.009733341,-0.007040376,-0.351311618
0.010783064,0.013853726,-0.323566894
0.011262937,-0.014257521,-0.248206226
0.009815819,0.015687068,-0.21221307
0.013294901,-0.007670236,-0.112856965
0.008417439,-0.006316787,-0.049119086
0.01549557,0.030353805,-0.06524102
0.007682633,-0.051734184,-0.052118516
0.015990439,0.080821329,-0.053993159
0.008949798,-0.153404068,-0.093360672
0.021583962,0.475492284,-0.116606252
0.298080947,1.854128108,-0.106483177
0.670470111,1.825222038,-0.043870084
0.975512058,1.694319907,0.036364658
1.294410347,1.791457049,0.052486592
1.5865557,1.731534129,0.086980032
1.866599249,1.791951939,0.080981173
2.135598215,1.681703963,0.071233027
2.396735506,1.698376504,0.092978891
2.655360961,1.71165605,0.063734453
2.895038919,1.717913408,0.125972617
3.123702286,1.758486883,0.232452368
3.338558049,1.77477326,0.313436967
3.546973013,1.826309296,0.388422707
3.742588857,1.831966787,0.422541219
3.921840272,1.843570456,0.456284802
4.086811708,1.853149575,0.509899606
4.237173252,1.850750109,0.479530381
4.376216535,1.860138021,0.384298491
4.503206751,1.871254298,0.310812466
4.617705265,1.872409041,0.234327011
4.71815249,1.861547707,0.155966913
4.80449594,1.850326453,0.143219337
4.878062763,1.83564097,0.165715059
4.940093882,1.820014446,0.136095692
4.990761752,1.802213406,0.106851253
5.028611757,1.779617182,0.0761071
5.053925073,1.75350799,0.048737305
5.067200317,1.719068152,0.01836808
5.068609945,1.685520614,-0.036746439
5.059229922,1.654942416,-0.07086495
5.03878657,1.616565953,-0.115481466
5.008048438,1.576359897,-0.190092277
4.96827519,1.537649758,-0.285699096
4.91972926,1.497533682,-0.373432411
4.863861513,1.456360341,-0.418423855
4.800300797,1.410631763,-0.473163446
4.728267319,1.35980057,-0.516280246
4.647911039,1.309100599,-0.516280246
4.558849557,1.248352862,-0.570644908
4.46144278,1.182667474,-0.652754293
4.356099348,1.12927935,-0.681248874
4.243231652,1.069195215,-0.707868812
4.123304572,1.004274657,-0.721741174
3.997311592,0.945000343,-0.662877368
3.865965027,0.880106028,-0.62763407
3.727780268,0.807282228,-0.601014132
3.583315916,0.740273384,-0.528277965
3.435376233,0.679083246,-0.438670005
3.282997721,0.605457124,-0.35356119
3.124459586,0.527946866,-0.325066609
2.957872327,0.438536755,-0.299196529
2.783453386,0.356235063,-0.305570317
2.605521622,0.279733331,-0.361809622
2.423034811,0.198653867,-0.39405349
2.238388571,0.124810293,-0.366683695
2.048576195,0.025281184,-0.303695673
1.854733632,-0.046702804,-0.260203944
1.658562935,-0.144192367,-0.203964639
1.456836205,-0.223817155,-0.168721341
1.257010223,-0.310947772,-0.143976047
1.049495022,-0.415965661,-0.087736742
0.846846035,-0.474280189,-0.063741305
0.636387861,-0.618930512,-0.031872366
0.42928505,-0.649658676,0.037114515
0.225042734,-0.932484512,0.080231316
0.016162893,-0.928270449,0.131971476
-0.048488784,-0.229992031,0.18558628
-0.022976771,-0.098651248,0.179587421
-0.03210561,-0.142134075,0.166464917
-0.02824413,-0.049293477,0.131971476
-0.028768992,-0.090166885,0.051361806
-0.02979622,-0.039695612,0.005995433
-0.028202891,-0.059517453,-0.043870084
-0.030309835,-0.044648261,-0.127854113
-0.028116664,-0.03336702,-0.158973195
-0.030043655,-0.040310476,-0.145850691
-0.029061414,-0.023742911,-0.152974336
-0.02949255,-0.034566753,-0.133852972
-0.02991244,-0.026097387,-0.10273389
-0.029601272,-0.025853691,-0.09973446
-0.030047404,-0.023367994,-0.09973446
-0.029961177,-0.022921844,-0.115481466
-0.030594759,-0.022246994,-0.088111671
-0.030617253,-0.020072478,-0.091860958
-0.031033394,-0.024995132,-0.143601118
-0.032161846,-0.023589195,-0.155223908
-0.032814173,-0.021482164,-0.186717919
-0.033515238,-0.024065339,-0.201340138
-0.03456871,-0.020537374,-0.194591421
-0.034549965,-0.019528848,-0.173220486
-0.035318512,-0.021789596,-0.133852972
-0.035281022,-0.015528488,-0.112482036
-0.035809632,-0.025467527,-0.099359532
-0.036413223,-0.015652211,-0.126354398
-0.035948346,-0.021440923,-0.156723623
-0.037391715,-0.017556787,-0.167221626
-0.035940848,-0.013706394,-0.173970343
-0.038643884,-0.0282869,-0.137977188
-0.036510697,-0.000134413,-0.101234175
-0.038119022,-0.039200722,-0.060741876
-0.038250238,0.007352672,0.002996003
-0.035907107,-0.039159482,-0.012001145
-0.041759311,-0.006335533,-0.073489451
-0.032480511,-0.008112638,-0.106858106
-0.047202874,-0.066310942,-0.145850691
-0.023839043,0.116393416,-0.225335575
-0.10470144,-0.948418467,-0.298071743
-0.451878511,-1.931209846,-0.263953231
-0.801304988,-1.674898112,-0.178469487
-1.1072392,-1.745386182,-0.088486599
-1.423464445,-1.766062833,0.062609667
-1.706417225,-1.756914868,0.190835282
-1.985890925,-1.768799724,0.268820452
-2.249221387,-1.673297219,0.370801058
-2.511179712,-1.727476416,0.392171994
-2.763596806,-1.722058872,0.410168572
-2.998453538,-1.74804809,0.49715203
-3.221842048,-1.774153533,0.440912725
-3.432757601,-1.809984313,0.368176557
-3.637168622,-1.846028794,0.377174846
-3.826291181,-1.852379882,0.311937252
-4.000560162,-1.869809754,0.290941245
-4.159634405,-1.874421229,0.296940104
-4.306269433,-1.889144203,0.232452368
-4.441706168,-1.894295558,0.209581717
-4.56367646,-1.895281588,0.202083143
-4.673188791,-1.889635344,0.147343553
-4.768162461,-1.878196639,0.142844409
-4.849620951,-1.868722496,0.224578865
-4.919390027,-1.856968861,0.286442101
-4.977634646,-1.846444952,0.312312181
-5.023867437,-1.821081844,0.294690532
-5.057057423,-1.792228262,0.27519424
-5.078138106,-1.765020565,0.2433253
-5.087383165,-1.732785235,0.133096262
-5.085152504,-1.700392441,0.050986877
-5.072398372,-1.664610401,-0.062991448
-5.048970808,-1.626413898,-0.228335005
-5.015668352,-1.58792496,-0.384680272
-4.973476994,-1.547632673,-0.545149756
-4.922846614,-1.506523067,-0.635132644
-4.864497022,-1.465638412,-0.651254578
-4.798563183,-1.415763257,-0.615636352
-4.724269052,-1.36427596,-0.556772546
-4.641843318,-1.313830932,-0.483661449
-4.550693638,-1.252558312,-0.478412447
-4.45052384,-1.190007226,-0.517405032
-4.342968492,-1.128824586,-0.490785095
-4.227517729,-1.06582735,-0.520779391
-4.105037572,-1.002106525,-0.55564776
-3.976960144,-0.938093264,-0.566520692
-3.842903044,-0.871144407,-0.592765701
-3.702157711,-0.800806304,-0.602138918
-3.55534273,-0.736785545,-0.640381646
-3.405738486,-0.669409283,-0.632133214
-3.25152296,-0.594628418,-0.608887635
-3.089775672,-0.511850582,-0.587891628
-2.919506885,-0.422582939,-0.531277394
-2.743494615,-0.346707318,-0.518904747
-2.563605868,-0.26119259,-0.499408455
-2.379645696,-0.189167362,-0.429671716
-2.193822267,-0.10205924,-0.322442108
-2.001085662,-0.009199896,-0.226460361
-1.806999415,0.062941556,-0.121480325
-1.607911988,0.169515349,0.001496289
-1.407579889,0.230165607,0.014243864
-1.205751936,0.347424523,0.01274415
-0.998514161,0.412303841,0.037114515
-0.796063872,0.516560649,0.017993151
-0.581463042,0.628495749,0.033365228
-0.381310896,0.695369623,0.059610237
-0.164486903,1.024328946,0.065984025
0.003821152,0.645445728,0.071982884
0.008908559,0.060204665,0.063359524
-0.004212976,0.132706037,0.071607955
0.004874624,0.07160213,0.105726467
-0.001374975,0.048983411,0.110225612
0.003131335,0.051652817,0.133096262
0.000319577,0.017137995,0.164965202
0.002029126,0.041080169,0.139095122
0.001834177,0.005954233,0.096728178
0.001249332,0.019559956,0.030740727
0.00265521,0.009875861,-0.028498007
0.001350555,0.006430377,-0.056992589
0.002831414,0.009579676,-0.106483177
0.002449015,0.003318569,-0.135352687
0.002943884,0.004833232,-0.181843846
0.00307135,0.002448763,-0.235833578
0.003202566,0.003303573,-0.198715637
0.00390738,0.004334593,-0.178094559
0.003708682,0.004368336,-0.186717919
0.00458595,0.001061571,-0.165346983
0.005661916,0.004953206,-0.144350976
0.006374228,0.005504333,-0.141351546
0.007547668,0.00457454,-0.129728756
0.007727621,-0.001281658,-0.086611956
0.007933816,0.003925934,-0.054743016
0.008863571,0.000937849,-0.01612536
0.008507415,-0.002140217,0.005995433
0.009830815,0.007603866,-0.01912479
0.009309703,-0.003553652,-0.070490022
0.010194469,0.010352005,-0.14022676
0.010640602,-0.010287154,-0.211463213
0.009857058,0.00529063,-0.247831297
0.012188943,-0.001240417,-0.235083721
0.009264715,-0.007254079,-0.237708222
0.013609817,0.017325453,-0.205839283
0.009553389,-0.026577281,-0.163847268
0.013021223,0.037600943,-0.172845557
0.012042731,-0.051599214,-0.167971484
0.009729592,0.05694289,-0.148475191
0.018828439,-0.057999041,-0.136852402
-0.00313701,0.079846546,-0.143601118
0.180095854,1.509092361,-0.118105967
0.55830348,1.95508565,-0.044245013
0.876770633,1.659445165,0.073482599
1.191057639,1.796417195,0.155217056
1.495477251,1.740802067,0.227953223
1.775112158,1.793241652,0.274444382
2.05014703,1.726911407,0.271819881
2.310080889,1.677786085,0.310062609
2.571623074,1.729738278,0.259822163
2.816099765,1.710501307,0.262821593
3.047417431,1.749841306,0.310437537
3.266498328,1.774792006,0.286442101
3.476154214,1.817978649,0.309312751
3.676253874,1.842404465,0.330308759
3.859794157,1.853003358,0.323560042
4.028863261,1.857881023,0.332933259
4.182737627,1.858589615,0.330683687
4.325185011,1.879374991,0.275569168
4.45610044,1.882520542,0.240700799
4.574351714,1.88086341,0.223454079
4.679192778,1.876225692,0.235076869
4.769236501,1.854263078,0.252323589
4.846271158,1.84121598,0.259072306
4.911901327,1.830800797,0.31831104
4.96536221,1.80938931,0.296565176
5.006582575,1.787902839,0.205457501
5.035768617,1.760515182,0.147343553
5.052924087,1.731207951,0.062609667
5.058641327,1.701075904,-0.028872936
5.053002816,1.669327966,-0.094485459
5.036724615,1.631753825,-0.185593133
5.009862958,1.584191905,-0.326566324
4.972567807,1.542609905,-0.408300781
4.926668677,1.502647544,-0.427797073
4.872679184,1.462010334,-0.478412447
4.810906747,1.424706132,-0.479912162
4.74193621,1.374039903,-0.468664301
4.664789082,1.317108817,-0.510656316
4.579461614,1.265831474,-0.529777679
4.485972552,1.204870035,-0.564646048
4.383928249,1.143556174,-0.613761708
4.273932295,1.086546356,-0.62201014
4.15617964,1.020924703,-0.635507573
4.031884963,0.95359718,-0.65350415
3.902008009,0.888267963,-0.668876227
3.765566539,0.822215156,-0.6737503
3.622755501,0.753710395,-0.65650358
3.476026748,0.69380997,-0.621635211
3.325826411,0.629241833,-0.580393054
3.169998811,0.549692029,-0.571019836
3.006354524,0.461489149,-0.550023829
2.833997539,0.375344562,-0.502782813
2.657231717,0.301201055,-0.465664872
2.475862111,0.215637589,-0.444293936
2.291706991,0.141707785,-0.382055772
2.104151519,0.053902317,-0.291323026
1.91067636,-0.024957641,-0.244831867
1.716425156,-0.113074289,-0.203964639
1.515774391,-0.204718903,-0.169846127
1.316788188,-0.274003491,-0.142476332
1.111484902,-0.392529625,-0.121480325
0.906721474,-0.444984206,-0.106483177
0.701155757,-0.585487951,-0.088861528
0.488444428,-0.641579224,-0.047619371
0.28985187,-0.821246757,0.014243864
0.070542283,-1.034967965,0.065234168
-0.047371579,-0.432818162,0.147343553
-0.027385607,-0.073940495,0.205082573
-0.02794046,-0.164760292,0.256072876
-0.030332329,-0.061230822,0.293940675
-0.02665455,-0.082319881,0.253073446
-0.030231105,-0.054759761,0.236576584
-0.027029451,-0.048089995,0.188960639
-0.02975873,-0.050984351,0.097103107
-0.027970452,-0.029940282,0.03861423
-0.028997681,-0.042196306,-0.041620512
-0.028903956,-0.022775626,-0.100109389
-0.028589039,-0.032913371,-0.144350976
-0.029451311,-0.025261323,-0.188592562
-0.028772741,-0.027514572,-0.181468917
-0.029601272,-0.025879936,-0.203214782
-0.029443813,-0.020593612,-0.224960646
-0.029874949,-0.028238161,-0.202464924
-0.029998667,-0.020728582,-0.185968061
-0.030354823,-0.028073198,-0.177344701
-0.031359557,-0.029812811,-0.181093988
-0.031891917,-0.02226199,-0.167596555
-0.032682958,-0.026224859,-0.158223338
-0.033721434,-0.026134879,-0.154848979
-0.033878892,-0.023604192,-0.116981181
-0.03453122,-0.026967194,-0.118105967
-0.034804898,-0.016743218,-0.15184955
-0.034726168,-0.021118495,-0.172095699
-0.035907107,-0.017331837,-0.230209648
-0.035056081,-0.016405793,-0.260203944
-0.03676563,-0.026682257,-0.278200522
-0.035783389,-0.007512771,-0.277450664
-0.036885598,-0.03831217,-0.188967491
-0.037061802,-0.007460283,-0.138352117
-0.035772142,-0.026592277,-0.096735031
-0.039476164,-0.015329783,-0.042370369
-0.034193809,-0.009274879,-0.042745298
-0.041286936,-0.046459108,-0.065990877
-0.033747677,0.026848335,-0.070115093
-0.0416131,-0.101425631,-0.073114523
-0.03490987,0.121237338,-0.115856395
-0.046659267,-0.461731731,-0.175095129
-0.322275235,-1.784876148,-0.2152125
-0.697213726,-1.784696188,-0.149225049
-1.003657803,-1.68277511,-0.067865521
-1.322634821,-1.793971625,0.047987447
-1.614615218,-1.743222914,0.24632473
-1.894411332,-1.797083432,0.30968768
-2.163526517,-1.690164716,0.348305336
-2.42378654,-1.714496804,0.40192014
-2.681512232,-1.731660486,0.431164579
-2.919720579,-1.735499632,0.524146896
-3.14700431,-1.778498816,0.560889909
-3.360915323,-1.800476428,0.551516692
-3.567943153,-1.848536987,0.532395328
-3.76199191,-1.855859108,0.454410158
-3.939927423,-1.870072196,0.374175416
-4.103852885,-1.877739241,0.316436397
-4.253183452,-1.886684751,0.275944097
-4.3925454,-1.901321495,0.241075728
-4.519010755,-1.897999734,0.189710496
-4.632227108,-1.896766258,0.126347546
-4.732284436,-1.884997626,0.071233027
-4.817416955,-1.871005738,0.130471761
-4.890882555,-1.863263711,0.233202225
-4.952786208,-1.846291236,0.282692814
-5.002254395,-1.827095506,0.320935541
-5.039909451,-1.799857815,0.32993383
-5.064675411,-1.773051278,0.305938393
-5.077643237,-1.746735882,0.181462065
-5.079513993,-1.708569372,0.048362376
-5.070373906,-1.673507172,-0.025123649
-5.050931541,-1.636217967,-0.148100263
-5.021239381,-1.593904879,-0.331065468
-4.981889772,-1.552311632,-0.517030104
-4.933658759,-1.512004348,-0.649379935
-4.877584816,-1.469616277,-0.74011268
-4.813825403,-1.422414277,-0.755484757
-4.74154449,-1.373900069,-0.706369097
-4.661334421,-1.321452986,-0.620135496
-4.573281423,-1.264094495,-0.551898473
-4.476721922,-1.202859367,-0.545149756
-4.37270189,-1.143974966,-0.526028392
-4.260887667,-1.082661105,-0.548149186
-4.140949339,-1.015022401,-0.550023829
-4.014802651,-0.951519028,-0.485911021
-3.882979961,-0.886782178,-0.478037519
-3.744075392,-0.813354762,-0.489660308
-3.59866629,-0.747568146,-0.504282528
-3.450479172,-0.685313245,-0.529402751
-3.298115656,-0.61309681,-0.545524685
-3.139123891,-0.537746071,-0.559022118
-2.972356679,-0.445546581,-0.541775398
-2.797735291,-0.362438818,-0.530152608
-2.619451121,-0.284516152,-0.568770264
-2.436551919,-0.205105067,-0.56989505
-2.251399562,-0.128730807,-0.490410166
-2.060552459,-0.030472664,-0.398927563
-1.866020079,0.039977914,-0.284949238
-1.668792161,0.139825703,-0.133852972
-1.467803986,0.21360929,-0.055492874
-1.268784041,0.30599249,-0.048369229
-1.061624996,0.401142573,-0.021374362
-0.860096963,0.472631671,0.014243864
-0.648274149,0.612906717,0.034115085
-0.442517233,0.638790959,0.044988018
-0.23523447,0.951182717,0.091104248
-0.031265832,0.863054821,0.107601111
0.018880926,0.161544622,0.088104818
-0.005723827,0.093111095,0.115849542
0.004540962,0.112749226,0.148843268
-0.000179041,0.030548762,0.171713918
0.001965392,0.069213911,0.198333856
0.001909157,0.019773659,0.238076298
0.001159355,0.039153098,0.241075728
0.00310884,0.016823065,0.177337849
0.001080626,0.015188429,0.111725326
0.003000119,0.01581079,0.06448431
0.001886663,0.003164853,0.013119078
0.002688951,0.012893939,-0.06524102
0.002805171,0.004203372,-0.132728186
0.002887649,0.008199983,-0.153724193
0.00349124,0.004042158,-0.165346983
0.00341251,0.004600784,-0.182593703
0.003941121,0.003146108,-0.18634299
0.003903631,0.001458983,-0.176594844
0.004799644,0.006906521,-0.162722482
0.005973084,0.006426628,-0.155223908
0.006452957,0.004454566,-0.164597126
0.00727774,0.007712592,-0.163097411
0.008132514,0.004128389,-0.136852402
0.008211243,0.002516248,-0.10835782
0.009189735,0.006021718,-0.08548717
0.009088511,-0.004374719,-0.078738453
0.009845811,0.002613726,-0.117731038
0.009917043,-0.002113972,-0.164972054
0.009617122,0.008203732,-0.221211359
0.011296678,-0.001139189,-0.275201092
0.009695851,-0.001652825,-0.285324167
0.012335154,0.012177848,-0.26132873
0.010138234,-0.014010076,-0.182968632
0.01254135,0.025592364,-0.142101404
0.011825289,-0.025505019,-0.105358391
0.010711833,0.02687083,-0.057367517
0.015255633,-0.0183966,-0.067865521
0.006692894,0.005991725,-0.044245013
0.02151648,0.033176927,-0.070115093
-0.003639378,-0.110367391,-0.092235886
0.095908085,1.077608344,-0.089236457
0.450444463,1.991580031,-0.121855254
0.791296954,1.695508392,0.003745861
1.098093438,1.765752767,0.094853535
1.412402939,1.757399625,0.138345264
1.69493583,1.769363213,0.233577154
1.973970896,1.771770178,0.227953223
2.236277878,1.676931275,0.26357145
2.498243701,1.728519799,0.275569168
2.749112454,1.71871573,0.301814177
2.983620528,1.747198144,0.37904949
3.20609053,1.772467523,0.375300203
3.416994837,1.813535887,0.41354293
3.621184666,1.845280076,0.444662012
3.809422458,1.849557874,0.425540648
3.983065355,1.865244385,0.454035229
4.141052385,1.864344585,0.483654597
4.286165315,1.87713299,0.449161156
4.420462351,1.883139154,0.342681406
4.542545113,1.885017486,0.221204507
4.652008707,1.881302063,0.170214204
4.746753688,1.864588281,0.166464917
4.828403376,1.855215366,0.19720907
4.897782555,1.839933765,0.224953794
4.955101169,1.822162718,0.25194866
5.000332975,1.796582159,0.238826156
5.032383261,1.764403067,0.182211922
5.05276288,1.741476917,0.139844979
5.061857978,1.70437517,0.045362947
5.059803521,1.672424777,-0.023249006
5.047491772,1.641974051,-0.100109389
5.024176679,1.596796601,-0.241457509
4.990776748,1.558757563,-0.395928133
4.948030536,1.514956056,-0.526403321
4.896447908,1.469486171,-0.559771975
4.837311024,1.428657753,-0.575144052
4.769933816,1.380420983,-0.57851841
4.694440002,1.328877449,-0.528277965
4.611541893,1.276160426,-0.541400469
4.520433452,1.219889194,-0.631008428
4.421253392,1.158597828,-0.692121806
4.314474089,1.0942134,-0.688372519
4.199855607,1.033818085,-0.686497876
4.077900311,0.97072337,-0.639631788
3.949845377,0.908198529,-0.531277394
3.816013218,0.842659358,-0.537276253
3.675024199,0.763124551,-0.556022688
3.52854288,0.701109596,-0.514030674
3.379534729,0.642536376,-0.479912162
3.225761585,0.56771052,-0.447668294
3.064929056,0.487369642,-0.459291084
2.895342589,0.396111193,-0.470913873
2.719686475,0.321810221,-0.528277965
2.539925194,0.241630557,-0.592015844
2.355792568,0.159831253,-0.565020977
2.169451775,0.074935138,-0.484036378
1.976272788,-0.009162404,-0.380556057
1.782385237,-0.083650835,-0.289448383
1.583504006,-0.186835381,-0.228709933
1.382643297,-0.249382718,-0.218586858
1.180875328,-0.365115723,-0.190467206
0.974042446,-0.431457215,-0.139476903
0.772368202,-0.530094023,-0.088486599
0.558142273,-0.638576142,-0.024373792
0.35797888,-0.71284712,-0.004502571
0.142219606,-1.039230766,0.04161366
-0.028990183,-0.680994206,0.107226182
-0.036934335,-0.090185631,0.130471761
-0.022883046,-0.149160012,0.200958357
-0.031959399,-0.097436518,0.280068313
-0.025151197,-0.066134731,0.284567457
-0.029552535,-0.073093183,0.262821593
-0.027063192,-0.037742297,0.214830719
-0.028427832,-0.056435639,0.118848972
-0.028371596,-0.028215666,0.039739016
-0.027625544,-0.041712664,0.005245576
-0.029050167,-0.030750102,-0.031872366
-0.027719269,-0.028301897,-0.061866662
-0.028810231,-0.029936533,-0.062616519
-0.028476569,-0.024631463,-0.031497437
-0.02900143,-0.027619549,-0.007502
-0.028971438,-0.020792317,-0.047244442
-0.028918952,-0.022783125,-0.060366947
-0.029537539,-0.023053064,-0.067490592
-0.029563782,-0.021654626,-0.139851831
-0.030298588,-0.023502964,-0.196466065
-0.031307071,-0.026494799,-0.231334434
-0.032004387,-0.023109302,-0.243332153
-0.033042863,-0.023446727,-0.242957224
-0.033635207,-0.019750049,-0.206964069
-0.033788916,-0.02163588,-0.153724193
-0.034407503,-0.02010622,-0.159348124
-0.034160068,-0.01772175,-0.150724764
-0.035292269,-0.022389462,-0.168721341
-0.034744913,-0.013845113,-0.226085432
-0.035730903,-0.026449809,-0.274076306
-0.035850871,-0.007902685,-0.284949238
-0.035322261,-0.027795759,-0.226460361
-0.03759791,-0.017530543,-0.167596555
-0.034692427,-0.014152544,-0.088486599
-0.039011287,-0.035290342,-0.013500859
-0.034688678,0.003813459,0.011244435
-0.038681374,-0.055592076,-0.026998293
-0.036859355,0.035029015,-0.089611386
-0.03547597,-0.077929607,-0.117356109
-0.043465111,0.050160649,-0.138352117
-0.023003014,-0.124378025,-0.174345272
-0.216774345,-1.505919452,-0.237708222
-0.598048662,-1.880941028,-0.194216493
-0.915248649,-1.642797753,-0.090736172
-1.230240469,-1.794429023,0.020242724
-1.533632853,-1.736448171,0.22307915
-1.81345521,-1.793851651,0.362177698
-2.088257643,-1.722699979,0.451410729
-2.348330216,-1.690378419,0.438663153
-2.609876149,-1.737602914,0.372675702
-2.853644278,-1.72629168,0.435663723
-3.084159655,-1.767217576,0.467907591
-3.301894658,-1.785993399,0.471656878
-3.510463332,-1.832842978,0.499026674
-3.709670727,-1.852406126,0.498651745
-3.892487451,-1.860508074,0.43078965
-4.06055182,-1.871024484,0.371925844
-4.213987552,-1.879767539,0.356928696
-4.355823847,-1.891806111,0.325434685
-4.485648315,-1.894576745,0.313811896
-4.603415966,-1.892166031,0.271819881
-4.70727479,-1.880243683,0.189710496
-4.79721354,-1.870319641,0.173963491
-4.874510628,-1.85607281,0.229827867
-4.939664673,-1.843404378,0.264321307
-4.993706652,-1.82447109,0.296190247
-5.034788303,-1.796116148,0.293565746
-5.063247038,-1.769950718,0.283067742
-5.080087591,-1.739128824,0.225703651
-5.08501379,-1.706702288,0.062234738
-5.079431515,-1.67238992,-0.041995441
-5.063348262,-1.631576499,-0.174345272
-5.03661782,-1.590508135,-0.352061476
-5.00052985,-1.55308396,-0.494534382
-4.955721683,-1.512409258,-0.650504721
-4.902508235,-1.469046404,-0.746861397
-4.841249411,-1.421349514,-0.751360541
-4.772038938,-1.371035706,-0.729989605
-4.694411937,-1.321805408,-0.680499017
-4.60828593,-1.265612908,-0.592765701
-4.514541935,-1.209300434,-0.571769694
-4.413089975,-1.149793672,-0.588266557
-4.303986286,-1.08789869,-0.580018125
-4.187804466,-1.024901454,-0.611137207
-4.064229599,-0.959635972,-0.582642626
-3.934498857,-0.899008209,-0.503157742
-3.797974908,-0.826443101,-0.461165727
-3.653904203,-0.752547039,-0.425547501
-3.506260691,-0.693062771,-0.424047786
-3.35505562,-0.629758103,-0.409425567
-3.197957105,-0.555565857,-0.425922429
-3.033802953,-0.466658135,-0.470913873
-2.861026078,-0.382234415,-0.482536663
-2.684301496,-0.30547399,-0.533901895
-2.503183074,-0.219771804,-0.550023829
-2.318495594,-0.150569698,-0.495659168
-2.130032861,-0.055832023,-0.395553205
-1.935530474,0.024688815,-0.300696244
-1.739749673,0.111358286,-0.210713356
-1.538079178,0.201210798,-0.081362954
-1.338766811,0.268598308,-0.037496296
-1.133474772,0.386393354,-0.054368088
-0.92937117,0.437595714,-0.043870084
-0.723475541,0.579899059,-0.053993159
-0.511334061,0.624435402,-0.091486029
-0.311819247,0.81302595,-0.065615949
-0.091546164,1.013906264,0.005620504
0.021111586,0.380653381,0.045737875
-0.000917596,0.048034872,0.092978891
0.001245583,0.146652935,0.144344123
0.003210064,0.037852137,0.213331004
3.47e-05,0.063815112,0.233952083
0.003723678,0.032018435,0.239950942
0.00030833,0.028291764,0.285317315
0.003352526,0.029150323,0.236576584
0.00163548,0.008503666,0.160840986
0.002797673,0.023594059,0.075357242
0.002880151,0.003431044,0.007120219
0.00250525,0.014127415,-0.026998293
0.003509985,0.008728616,-0.080238168
0.002928888,0.006569096,-0.056992589
0.003648698,0.006899023,-0.040870654
0.003517483,0.002261304,-0.051368658
0.00405734,0.008166241,-0.059242161
0.004428492,0.0029549,-0.104608533
0.004589699,0.001376501,-0.141351546
0.005635673,0.008012525,-0.162347553
0.006426714,0.003547268,-0.152224478
0.007322728,0.004713259,-0.16909627
0.008379949,0.008537408,-0.177344701
0.008327462,0.000982839,-0.124479755
0.009294707,0.002613726,-0.125604541
0.009474659,0.001234033,-0.122230182
0.009759584,0.005241891,-0.113231894
0.010614358,-0.005735667,-0.16609684
0.009864557,0.003123613,-0.224585718
0.011690324,0.00601047,-0.323941823
0.010186971,-0.005679429,-0.372682554
0.01238764,0.015057208,-0.360309907
0.01117671,-0.016004632,-0.289823311
0.011465384,0.02471131,-0.156723623
0.013572327,-0.016019629,-0.080988025
0.009583381,0.010891884,0.016868365
0.016635269,0.007288936,0.035239872
0.007176516,-0.031874852,0.025116797
0.019945644,0.076914698,0.028866084
0.002835163,-0.161888431,-0.059242161
0.04931164,0.74375261,-0.043495155
0.367265178,1.949728091,-0.071989737
0.726412838,1.749125215,-0.043120227
1.030296341,1.727413795,0.068983455
1.348988434,1.782582773,0.072732742
1.636027636,1.75418284,0.196084284
1.916472329,1.788660171,0.216705362
2.182445844,1.673347072,0.19720907
2.444430411,1.72069154,0.244450086
2.700135387,1.719716757,0.23470194
2.937927594,1.735009605,0.314936682
3.164667719,1.771856409,0.32131047
3.377529008,1.797804387,0.327309329
3.58424942,1.842175766,0.437913295
3.777120988,1.842119529,0.440537796
3.954677851,1.846344839,0.463783376
4.117118705,1.858049735,0.527521255
4.265313321,1.873260102,0.471656878
4.402489597,1.87722297,0.431164579
4.527477842,1.876791816,0.357678554
4.640011875,1.87965243,0.258322448
4.739000735,1.865548067,0.203207929
4.82441443,1.84319554,0.19158514
4.897377662,1.838812764,0.2433253
4.958606494,1.823070016,0.250074017
5.007538572,1.794377649,0.25194866
5.04337161,1.768497156,0.228328152
5.066600476,1.73656176,0.173588562
5.078376116,1.708263055,0.12522276
5.079215894,1.672244817,0.057735594
5.069618429,1.634891877,-0.028498007
5.049699939,1.597737641,-0.164972054
5.019749098,1.552725154,-0.314943534
4.980245779,1.50810633,-0.476537804
4.931909793,1.470355977,-0.599139489
4.875487193,1.430386119,-0.632508143
4.811034213,1.37922125,-0.666251726
4.73833716,1.330249644,-0.673375371
4.65733605,1.276486604,-0.657253437
4.568274568,1.220575291,-0.692496735
4.470849046,1.161713385,-0.754359971
4.366184184,1.100470758,-0.786978768
4.254388706,1.043273482,-0.759234044
4.134971491,0.980602423,-0.709743455
4.009465883,0.91363482,-0.620135496
3.877935616,0.846577237,-0.507656886
3.739345963,0.781465471,-0.446168579
3.594199292,0.713080683,-0.419173713
3.44561103,0.649472333,-0.371182839
3.293146291,0.58088509,-0.333689969
3.134323232,0.50248253,-0.349811903
2.967608506,0.41886863,-0.386929845
2.79328329,0.338209073,-0.472413588
2.61514908,0.260710063,-0.574394195
2.432249878,0.181936336,-0.580018125
2.247071278,0.105678299,-0.528652893
2.056062967,0.009425961,-0.476912733
1.861241914,-0.062089381,-0.354685976
1.664347658,-0.15802679,-0.242957224
1.461788647,-0.234506027,-0.219336716
1.261497788,-0.322348986,-0.186717919
1.053450227,-0.421938083,-0.1316034
0.850587547,-0.482794545,-0.081737883
0.63976197,-0.627519851,-0.051368658
0.432141796,-0.651492019,-0.008251858
0.227685787,-0.93671732,0.029615941
0.018041147,-0.929605152,0.041988588
-0.047281603,-0.233103839,0.080231316
-0.021623378,-0.104233756,0.110975469
-0.030680987,-0.144076143,0.192709926
-0.026973216,-0.050568194,0.261321878
-0.027483081,-0.087928633,0.205082573
-0.028326608,-0.038994518,0.167214774
-0.026632056,-0.054081162,0.134221048
-0.02888896,-0.037787287,0.052486592
-0.026845749,-0.033460749,-0.004127642
-0.028604035,-0.037577334,-0.037496296
-0.027576806,-0.02271189,-0.033747009
-0.028266624,-0.036490075,-0.024373792
-0.028442828,-0.024320283,-0.015000574
-0.028382844,-0.024342778,0.031115656
-0.028982685,-0.025422537,0.034115085
-0.028469071,-0.023120549,0.039364087
-0.029248865,-0.022213251,0.032615371
-0.029278857,-0.022678148,-0.01912479
-0.029953679,-0.026427314,-0.060366947
-0.031059637,-0.024878908,-0.155223908
-0.031367055,-0.022153265,-0.227210218
-0.032439272,-0.023255519,-0.236958365
-0.033316541,-0.0197463,-0.222711074
-0.033286549,-0.021669622,-0.185968061
-0.034137574,-0.021043511,-0.172845557
-0.033953872,-0.015247301,-0.191217063
-0.034906121,-0.025666233,-0.217087144
-0.034744913,-0.015393518,-0.248956083
-0.034932364,-0.025193838,-0.321317322
-0.036090808,-0.015041097,-0.346062616
-0.034546216,-0.021785846,-0.291697955
-0.037380468,-0.024751437,-0.222711074
-0.034632443,-0.005833145,-0.128229042
-0.037721627,-0.03795225,-0.041995441
-0.035820879,0.012256581,0.019867795
-0.036514446,-0.053290088,0.005620504
-0.039078769,0.015762051,-0.03637151
-0.032315555,-0.042200055,-0.03637151
-0.046243127,-0.019873772,-0.077238738
-0.019448953,0.04310097,-0.115106537
-0.149697058,-1.218590868,-0.179219345
-0.518922057,-1.930583735,-0.179969202
-0.852707664,-1.645572136,-0.089236457
-1.162435874,-1.773546168,-0.028123079
-1.473270043,-1.747478217,0.1597162
-1.754513275,-1.776890424,0.320560612
-2.032723558,-1.748250545,0.39329678
-2.294543169,-1.675321768,0.423291076
-2.557183814,-1.732560285,0.352804481
-2.806058094,-1.720709172,0.366301914
-3.040067549,-1.758673227,0.409418714
-3.261660283,-1.777096628,0.408668857
-3.471818536,-1.816800296,0.407918999
-3.674639977,-1.845773851,0.415417573
-3.861554369,-1.851457587,0.389922422
-4.034162538,-1.867916426,0.347555479
-4.191703437,-1.869791009,0.319435826
-4.336355238,-1.883119294,0.265071165
-4.470187397,-1.887693276,0.258322448
-4.591310413,-1.884487739,0.255323019
-4.698895753,-1.880768567,0.220829578
-4.792962162,-1.8637586,0.221954364
-4.873640858,-1.851056426,0.250074017
-4.942862578,-1.843303151,0.28944153
-5.000368643,-1.820403245,0.340431833
-5.045364261,-1.796798496,0.350929837
-5.077823189,-1.769534561,0.340056905
-5.097400519,-1.735124715,0.28081817
-5.105633345,-1.702746917,0.1192239
-5.102667879,-1.666983623,-0.014250717
-5.089478861,-1.631831443,-0.156348694
-5.066227501,-1.594246053,-0.329565754
-5.033086253,-1.552330378,-0.476912733
-4.99151723,-1.511209525,-0.609262564
-4.941201767,-1.468604002,-0.709368527
-4.883313303,-1.424048914,-0.761483616
-4.817731871,-1.379040176,-0.761858545
-4.742927875,-1.325895748,-0.745736611
-4.659411179,-1.265946583,-0.666251726
-4.567474207,-1.209622863,-0.616761138
-4.467383138,-1.153070443,-0.634382787
-4.35990277,-1.094096062,-0.607762849
-4.24516057,-1.032032368,-0.611137207
-4.12364016,-0.969934931,-0.608887635
-3.996132581,-0.906431557,-0.541775398
-3.862592845,-0.835965982,-0.462290513
-3.721592579,-0.764536872,-0.415049497
-3.574470179,-0.700032471,-0.420673428
-3.424599755,-0.640120798,-0.399302492
-3.269394491,-0.568912888,-0.410175424
-3.106724947,-0.483638108,-0.450292795
-2.93596129,-0.396038844,-0.447293365
-2.759394166,-0.319398393,-0.501283098
-2.57973036,-0.24312536,-0.527528107
-2.396130093,-0.174200692,-0.491160023
-2.209583105,-0.082747286,-0.413174854
-2.016066706,0.007236448,-0.29019824
-1.820814517,0.080390175,-0.195716208
-1.620268725,0.185561779,-0.093735601
-1.418706951,0.239516027,-0.034496867
-1.216166686,0.352598372,-0.013125931
-1.008145368,0.423817529,-0.017625075
-0.805271441,0.52293798,-0.052118516
-0.589643382,0.631963727,-0.078738453
-0.388782673,0.691275534,-0.07386438
-0.172404812,1.026848386,-0.026998293
0.001657974,0.675360324,-0.009001715
0.011120475,0.062030509,0.029241012
-0.003530656,0.128102061,0.077981743
0.005909351,0.075175085,0.125597688
-0.000580185,0.043318421,0.1597162
0.003813654,0.054820863,0.162340701
0.001358053,0.014258636,0.204332715
0.002872653,0.041590056,0.188210781
0.002835163,0.004510804,0.130471761
0.002186584,0.018071537,0.078731601
0.003779913,0.011101838,0.003745861
0.002336544,0.002613726,-0.022124219
0.003659945,0.011521744,-0.050618801
0.003401263,0.007408909,-0.051743587
0.003738674,0.008095007,0.002246146
0.003866141,0.003839703,0.002246146
0.004147316,0.006809043,0.00674529
0.004638437,0.0011553,-0.021749291
0.004642186,-7.07e-05,-0.104608533
0.005635673,0.004027162,-0.142476332
0.006437961,0.005166908,-0.172470628
0.007131528,0.004379583,-0.182593703
0.008274976,0.009692151,-0.170595985
0.008634881,0.001357755,-0.167596555
0.008612387,-0.003189983,-0.156348694
0.009763333,0.005189403,-0.160097981
0.009474659,-0.004813372,-0.179969202
0.010385669,0.001736421,-0.204339568
0.010348179,-0.005049569,-0.269577162
0.010794311,0.005313125,-0.328815896
0.01185903,-0.001394132,-0.360684836
0.010295693,0.002643719,-0.371932697
0.013129944,0.003371057,-0.294322456
0.010520633,-0.007524019,-0.208463783
0.013771025,0.023571564,-0.112107107
0.011379157,-0.026858468,0.017993151
0.012680063,0.035430176,0.072357813
0.01462205,-0.03858211,0.063359524
0.008481172,0.032820756,0.052861521
0.021561468,-0.013702644,0.016118508
-0.004561634,-0.034765459,-0.03074758
0.135587607,1.299491486,-0.064116234
0.505299977,1.975481113,-0.059242161
0.833439575,1.661822136,0.052861521
1.142669167,1.772992406,0.080981173
1.451238933,1.738578811,0.109100826
1.73076137,1.770259264,0.165715059
2.007018419,1.735965643,0.131971476
2.267544622,1.66841317,0.172088847
2.529660405,1.7136806,0.151467769
2.776210298,1.692430327,0.166839845
3.00780914,1.730206924,0.249699088
3.2283559,1.760039038,0.258697377
3.438615377,1.799041612,0.339681976
3.640087175,1.815106788,0.426665434
3.824579706,1.824299743,0.458159445
3.994792258,1.833406467,0.525646611
4.149832566,1.830755807,0.525271683
4.292722333,1.848380636,0.417667146
4.424440051,1.852302264,0.323934971
4.543231182,1.848241917,0.231327582
4.648912025,1.836593258,0.148468339
4.740665295,1.82166033,0.142094551
4.819368262,1.813355927,0.176587992
4.886891681,1.797793139,0.198708785
4.942616966,1.775395622,0.245199944
4.985471899,1.749177704,0.216330434
5.015745155,1.713894303,0.151467769
5.033537956,1.683166138,0.111350398
5.039611353,1.652126793,0.016868365
5.034711397,1.614833838,-0.043495155
5.019670369,1.575370117,-0.110232464
4.994297069,1.530571333,-0.245956653
4.959101363,1.495805316,-0.385805059
4.915500377,1.45636409,-0.460790799
4.863737796,1.410193111,-0.518904747
4.80415478,1.368277435,-0.569145193
4.736338938,1.314705602,-0.593515558
4.659885377,1.262730914,-0.660627796
4.575071524,1.21203844,-0.725490461
4.481799904,1.152621657,-0.795602128
4.380584132,1.094944488,-0.845842573
4.272016551,1.032967024,-0.807599846
4.155939704,0.971709401,-0.738238037
4.033287092,0.911542785,-0.631008428
3.904759783,0.841095956,-0.519279676
3.769637964,0.774645738,-0.462290513
3.627775426,0.714362898,-0.391428989
3.481324099,0.654946115,-0.344187973
3.331367448,0.584548025,-0.341188543
3.175431126,0.508514939,-0.383180558
3.011479421,0.426123266,-0.452542367
2.839144929,0.340349847,-0.485911021
2.662450339,0.269989248,-0.566895621
2.481354411,0.187376376,-0.617136066
2.297173048,0.116865811,-0.548524114
2.109133953,0.028246774,-0.47766259
1.915448849,-0.051700442,-0.373057483
1.72083774,-0.135205616,-0.250455798
1.519695856,-0.229452151,-0.216712215
1.320192289,-0.296404758,-0.180344131
1.114266667,-0.406896429,-0.111732179
0.909147083,-0.459639696,-0.088486599
0.702644114,-0.596431767,-0.068990307
0.489550386,-0.646029484,-0.025873506
0.290166787,-0.833798964,0.013868936
0.070332339,-1.032204829,0.037489444
-0.045035946,-0.413487463,0.055486021
-0.024157709,-0.071852209,0.120723615
-0.025402381,-0.160463748,0.208456931
-0.0275993,-0.059903617,0.218205077
-0.024015247,-0.087066325,0.151842697
-0.027419348,-0.05134802,0.099727608
-0.024371403,-0.049600909,0.034115085
-0.027205654,-0.050489461,-0.074239309
-0.025199934,-0.027353358,-0.118480895
-0.026354629,-0.043467273,-0.101609104
-0.026377123,-0.0235667,-0.073114523
-0.025964732,-0.030161483,-0.018374932
-0.02695822,-0.026232357,0.044613089
-0.026332135,-0.029190449,0.083980603
-0.02692073,-0.024245299,0.083980603
-0.026737028,-0.021684619,0.077606815
-0.027168164,-0.026059896,0.06448431
-0.027359364,-0.018089169,0.007870077
-0.027535567,-0.020248688,-0.048369229
-0.028349102,-0.022948088,-0.110982321
-0.029181383,-0.021440923,-0.183718489
-0.030103639,-0.020912291,-0.210338427
-0.031142115,-0.024593972,-0.201715067
-0.03127333,-0.02100602,-0.170221056
-0.031753204,-0.022685646,-0.163472339
-0.032353045,-0.017834225,-0.20958857
-0.032019383,-0.018745273,-0.290573169
-0.033309043,-0.019892518,-0.359185121
-0.032495507,-0.015416013,-0.388429559
-0.033837653,-0.026888461,-0.376056912
-0.033500242,-0.009792264,-0.301446101
-0.033668948,-0.033333278,-0.203964639
-0.034876129,-0.007059122,-0.097484888
-0.032731695,-0.02132095,-0.049119086
-0.037058053,-0.025355052,-0.027373221
-0.031824435,0.000352979,-3.43e-06
-0.037942819,-0.053563777,-0.028123079
-0.032791679,0.037117301,-0.035246724
-0.035997083,-0.092648833,-0.053243302
-0.037241754,0.095161889,-0.080238168
-0.029462558,-0.282562837,-0.123729897
-0.266178799,-1.669994203,-0.190842134
-0.646590844,-1.832198121,-0.093360672
-0.956154097,-1.650262343,0.04161366
-1.273031669,-1.787178136,0.150342983
-1.569439647,-1.723003661,0.283067742
-1.848178541,-1.782750371,0.251573732
-2.119329438,-1.688912495,0.24632473
-2.379094592,-1.685073349,0.245574872
-2.638893487,-1.714553041,0.181836993
-2.878650174,-1.706364863,0.271444953
-3.106848664,-1.750050145,0.331433545
-3.322934102,-1.768559777,0.359928126
-3.530895436,-1.813564766,0.41916686
-3.727096125,-1.821962898,0.388797636
-3.906579979,-1.829907381,0.343806192
-4.0721775,-1.840911183,0.360303055
-4.223356328,-1.844367914,0.355428981
-4.362830747,-1.856102804,0.274444382
-4.490540773,-1.858595999,0.212581147
-4.60514051,-1.849950422,0.184836423
-4.705876409,-1.8390366,0.141719622
-4.793363306,-1.825839536,0.182961779
-4.8679911,-1.811304019,0.264696236
-4.931341871,-1.795992425,0.328059186
-4.982823276,-1.772046502,0.375675131
-5.021254377,-1.746106022,0.321685398
-5.047767376,-1.716423875,0.23770137
-5.061998618,-1.681807825,0.097103107
-5.064607929,-1.647049307,-0.074614237
-5.056708765,-1.610449949,-0.178469487
-5.038079934,-1.571747308,-0.26432816
-5.009624948,-1.532680999,-0.387304773
-4.971763696,-1.490930286,-0.514405603
-4.925332208,-1.450368059,-0.559771975
-4.871646384,-1.410184498,-0.612261993
-4.80993768,-1.362963752,-0.632133214
-4.7401836,-1.315443073,-0.615261423
-4.661971753,-1.260079139,-0.612636922
-4.574334895,-1.198382863,-0.620510425
-4.478367737,-1.144237408,-0.699245452
-4.374478921,-1.087580011,-0.717242029
-4.262458502,-1.022194556,-0.693621521
-4.143543654,-0.956940322,-0.632508143
-4.018559159,-0.901497655,-0.511781102
-3.887392546,-0.837334428,-0.446543508
-3.749743895,-0.764105718,-0.383555486
-3.605628201,-0.705922411,-0.364059194
-3.457692267,-0.642617743,-0.398927563
-3.305504955,-0.567117038,-0.412050068
-3.146108297,-0.491106446,-0.47466316
-2.978216382,-0.402318697,-0.537651182
-2.80342254,-0.329168719,-0.546649471
-2.625378306,-0.255853778,-0.55564776
-2.442689048,-0.172337356,-0.520779391
-2.257836612,-0.101305657,-0.423672857
-2.067146968,-0.006804179,-0.296197099
-1.872892015,0.067181863,-0.170221056
-1.675709085,0.164150292,-0.074239309
-1.473982354,0.2333449,-0.060366947
-1.274006412,0.320655478,-0.064866091
-1.066018835,0.416510405,-0.042370369
-0.863602287,0.480441183,-0.086237027
-0.651048416,0.621949705,-0.098234746
-0.444440475,0.646450505,-0.080988025
-0.236820302,0.948055913,-0.054743016
-0.031775698,0.873889911,0.016868365
0.020043119,0.167614522,0.052486592
-0.004362936,0.094412055,0.132721334
0.005954339,0.118560434,0.221579436
0.000983152,0.028456727,0.208082002
0.003213813,0.071545892,0.184461494
0.003210064,0.017734112,0.148843268
0.002002883,0.036618662,0.072732742
0.004188555,0.020017355,0.007495148
0.002231572,0.015165934,-0.043495155
0.004353512,0.017966561,-0.054368088
0.003270048,0.007806321,-0.029622793
0.003952368,0.013894966,-0.009751572
0.003989858,-0.001304153,0.035239872
0.004023599,0.006269163,0.065609096
0.004690923,0.006392885,0.037114515
0.004368508,0.006782799,0.031865513
0.005069573,0.004855727,-0.01050143
0.005185792,0.000191765,-0.103858676
0.005718151,0.005275634,-0.13722733
0.006835356,0.004814486,-0.167221626
0.007690131,0.002636221,-0.18634299
0.008361203,0.003940931,-0.146600548
0.009140998,0.002471258,-0.11135725
0.00943342,0.003153606,-0.103108819
0.010239458,0.005575567,-0.124104826
0.010160728,-0.000475587,-0.182968632
0.010805558,0.00511442,-0.268827304
0.011049244,-0.003032518,-0.352061476
0.011060491,0.00893482,-0.407175994
0.012440126,-0.001064206,-0.415799355
0.010884287,-0.000471838,-0.323941823
0.013684798,0.011555487,-0.2152125
0.011232945,-0.015078588,-0.122230182
0.013527339,0.023462838,-0.013125931
0.012946243,-0.028091944,0.057360665
0.01200899,0.031557287,0.108725897
0.016620273,-0.018962724,0.058485451
0.008050036,0.002808683,0.015368651
0.022644932,0.028662931,0.002621075
-0.002525922,-0.11163461,-0.119230753
0.098071264,1.087622366,-0.165721912
0.453451169,1.986424928,-0.138352117
0.794566091,1.685029473,-0.029622793
1.101257603,1.760548924,0.081356102
1.415072234,1.745653488,0.088854676
1.697402679,1.756915982,0.127472332
1.975931628,1.753406763,0.121098544
2.238156132,1.656472076,0.12522276
2.500826769,1.710036411,0.13947005
2.75185298,1.697806631,0.145468909
2.986387297,1.721718812,0.242575443
3.209813297,1.741030766,0.335932689
3.421793569,1.787434194,0.413917859
3.626515758,1.815474206,0.478030666
3.815192185,1.809644253,0.459284231
3.989269966,1.828952458,0.455160016
4.148209245,1.829822264,0.457409588
4.294506862,1.84220576,0.353929267
4.429628681,1.84557626,0.23170251
4.551876399,1.843926627,0.155217056
4.66116004,1.836885693,0.103101966
4.756148707,1.815522945,0.085480317
4.837712168,1.805542665,0.152217626
4.907481244,1.787302973,0.22607858
4.96611951,1.766311392,0.30968768
5.012479767,1.744963641,0.342681406
5.046014662,1.714632888,0.266945808
5.067350278,1.686600374,0.200958357
5.076674066,1.645584498,0.085480317
5.074792063,1.607193038,-0.010126501
5.062026683,1.576382392,-0.092235886
5.038846555,1.534800392,-0.248206226
5.006080207,1.488359473,-0.391803918
4.964181271,1.447583543,-0.493409595
4.914413164,1.41379231,-0.581142911
4.857060809,1.372154072,-0.642256289
4.791843031,1.322773807,-0.661377653
4.718298702,1.265748992,-0.68237366
4.636060418,1.212297133,-0.687247733
4.545720524,1.163689195,-0.729614676
4.446626692,1.097651385,-0.786603839
4.339431249,1.034095523,-0.738987894
4.225135181,0.978844064,-0.696246022
4.103637265,0.917781397,-0.617510995
3.976467097,0.855680212,-0.461165727
3.843324756,0.790429727,-0.395178276
3.70251194,0.723548354,-0.373057483
3.556682949,0.659550091,-0.354311048
3.408263392,0.597430159,-0.398927563
3.254231567,0.529618994,-0.496034096
3.09286293,0.44682991,-0.569145193
2.922856574,0.356909913,-0.596889917
2.746806813,0.288375158,-0.655003865
2.567000544,0.209395228,-0.667376512
2.382384296,0.133395884,-0.596514988
2.195844805,0.057336553,-0.473163446
2.002669567,-0.035024152,-0.315318463
1.808028466,-0.102040494,-0.191591992
1.60893729,-0.201490871,-0.085862099
1.407454245,-0.266328948,-0.040495726
1.20552132,-0.369644715,-0.051368658
0.996918905,-0.447061244,-0.059992018
0.793966249,-0.538792089,-0.080988025
0.578503146,-0.651297062,-0.072739594
0.375805423,-0.707961957,-0.043120227
0.16045479,-1.034877985,-0.002627927
-0.020584903,-0.732162823,0.040113945
-0.036836861,-0.102921548,0.069733312
-0.019775117,-0.143086363,0.13947005
-0.029886197,-0.103997558,0.170964061
-0.023085492,-0.062944191,0.107601111
-0.027280635,-0.083005978,0.083605674
-0.02502748,-0.038859548,0.036739586
-0.025777282,-0.057819081,-0.059242161
-0.02642586,-0.027090916,-0.079488311
-0.025237424,-0.042128821,-0.06224159
-0.026744526,-0.035414065,-0.014250717
-0.025458616,-0.027083418,0.035989729
-0.026632056,-0.035612771,0.08173103
-0.026279649,-0.025340056,0.106476325
-0.026572072,-0.026483551,0.081356102
-0.026797012,-0.020488635,0.075732171
-0.026744526,-0.021553398,0.025491725
-0.027310627,-0.022344472,-0.051368658
-0.027258141,-0.019067701,-0.10573332
-0.02809417,-0.02298183,-0.199090566
-0.029222622,-0.025647487,-0.226085432
-0.029788722,-0.026138628,-0.185218204
-0.030748469,-0.024372771,-0.161222767
-0.031269581,-0.01799544,-0.116231323
-0.031412044,-0.023011824,-0.12298004
-0.032113108,-0.017335586,-0.169846127
-0.032019383,-0.016049622,-0.224960646
-0.033189074,-0.020829809,-0.308569746
-0.032405531,-0.01044087,-0.360684836
-0.033402768,-0.02720714,-0.382055772
-0.033867645,-0.011130717,-0.31606832
-0.033211568,-0.032407234,-0.238083151
-0.035352253,-0.017703005,-0.182218774
-0.032488009,-0.012889075,-0.097484888
-0.036671905,-0.033576973,-0.017625075
-0.032443021,0.010119556,0.068233597
-0.036431968,-0.057717853,0.032990299
-0.034808647,0.032487081,0.017243294
-0.033069106,-0.077614677,0.037864373
-0.041463139,0.045387961,-0.085862099
-0.020438691,-0.11176583,-0.14885012
-0.21028106,-1.49509186,-0.161222767
-0.59124046,-1.885829941,-0.102358961
-0.910161243,-1.636476659,0.031115656
-1.224654444,-1.785221071,0.061109952
-1.528211784,-1.725298151,0.122973187
-1.808334062,-1.779331131,0.157091699
-2.083181483,-1.706451093,0.138720193
-2.343419013,-1.668779474,0.147718482
-2.605279863,-1.713387051,0.129721904
-2.849347912,-1.697741781,0.221954364
-3.080485626,-1.739065089,0.326559472
-3.299176626,-1.75582761,0.349805051
-3.509038708,-1.801469957,0.419916718
-3.70950577,-1.816125446,0.454785087
-3.892963575,-1.822892691,0.441287654
-4.062306356,-1.832816733,0.461158875
-4.216334432,-1.832723004,0.41354293
-4.359134223,-1.84870195,0.281193099
-4.490169621,-1.845515159,0.175463205
-4.608087232,-1.844442897,0.146593696
-4.713689346,-1.837983084,0.104226752
-4.804434133,-1.815465593,0.099727608
-4.882068632,-1.804379309,0.193834712
-4.948677293,-1.789356401,0.260946949
-5.003259129,-1.768428557,0.292815889
-5.045596699,-1.743916509,0.221204507
-5.075540042,-1.711092561,0.160091129
-5.093632764,-1.681837819,0.097852965
-5.10012605,-1.647191776,-0.013875788
-5.095222345,-1.609227721,-0.041620512
-5.079960125,-1.572804573,-0.170221056
-5.054624315,-1.530532726,-0.304820459
-5.018877505,-1.489063201,-0.393678561
-4.974335517,-1.449696958,-0.51815489
-4.922014334,-1.406450328,-0.571394765
-4.861763994,-1.361696534,-0.623509854
-4.794368041,-1.316335375,-0.645255719
-4.718506824,-1.264150733,-0.643006147
-4.633854178,-1.208040715,-0.679749159
-4.540889977,-1.153029202,-0.707493883
-4.439186834,-1.090455621,-0.687997591
-4.32960702,-1.026941,-0.620135496
-4.212341737,-0.965972063,-0.559397047
-4.088219514,-0.903773399,-0.471288802
-3.958376301,-0.847194735,-0.390304203
-3.821912337,-0.778157592,-0.353936119
-3.678610179,-0.707575793,-0.34493783
-3.531382807,-0.653636542,-0.415424426
-3.380908793,-0.58558168,-0.462290513
-3.224083956,-0.508525071,-0.489660308
-3.058970057,-0.423966382,-0.553773116
-2.885113467,-0.341207291,-0.56127169
-2.70712172,-0.27122161,-0.580767983
-2.525137276,-0.186385481,-0.572519551
-2.33990619,-0.120295183,-0.45741644
-2.150956086,-0.030776346,-0.320192536
-1.956142531,0.047528735,-0.193841564
-1.760597918,0.127663409,-0.098984603
-1.55841006,0.220972652,-0.032997152
-1.358186683,0.28005201,-0.040120797
-1.152373532,0.400767657,-0.054743016
-0.94622297,0.454253259,-0.029997722
-0.739258873,0.587708572,-0.033747009
-0.524406859,0.640568063,-0.03637151
-0.323966039,0.802723242,-0.017625075
-0.10174722,1.027658205,0.046112804
0.021197814,0.421043147,0.097478036
0.001736703,0.046478968,0.146218767
0.001856671,0.146124302,0.189710496
0.004994593,0.036078782,0.164590273
0.001136861,0.062461663,0.104226752
0.005107063,0.038088335,0.022117367
0.001774193,0.026443425,-0.022874077
0.004818389,0.028126801,-0.036746439
0.003086346,0.008229977,-0.049494015
0.004076085,0.025697341,-0.025123649
0.004319771,-0.000850503,0.052861521
0.003918627,0.012638996,0.098602822
0.004953353,0.010520717,0.077231886
0.004226045,0.007746334,0.075357242
0.005159549,0.010142051,0.067108811
0.00485213,0.001976368,0.029241012
0.004972098,0.005553072,-0.015750432
0.005590685,0.004585787,-0.079488311
0.006089303,0.007480143,-0.160847839
0.007135277,0.007828816,-0.191966921
0.008001299,0.007236448,-0.174345272
0.008931053,0.005556821,-0.155223908
0.009842062,-0.00284506,-0.11998061
0.009958282,0.002178823,-0.103858676
0.010734327,0.005635554,-0.142476332
0.010696837,-0.004307234,-0.226460361
0.011266686,0.00497945,-0.280825023
0.011694073,-0.004877108,-0.304445531
0.011304176,0.004075901,-0.293572598
0.013054964,-0.005484473,-0.241457509
0.011637838,-0.005357001,-0.226085432
0.013924734,0.0150947,-0.184093418
0.011911516,-0.021313451,-0.09411053
0.013699794,0.026124746,-0.028498007
0.014044703,-0.023049315,0.053236449
0.011844034,0.018588922,0.106101396
0.017647501,-0.01152063,0.077981743
0.00829747,-0.00949608,0.066733882
0.02287737,0.053891069,-0.022124219
-8.91e-05,-0.142527737,-0.153724193
0.077995315,0.953672164,-0.180344131
0.421063471,1.974138911,-0.172470628
0.77002882,1.692704016,-0.041995441
1.076454152,1.747258131,0.014993722
1.393451693,1.760065282,-0.021374362
1.678069034,1.749485135,0.043488303
1.958791154,1.763019625,0.024366939
2.223317551,1.654155091,0.058110522
2.486543041,1.70253058,0.122973187
2.740643441,1.696978066,0.182961779
2.978090738,1.720762775,0.323560042
3.203784889,1.741585643,0.394796495
3.416724908,1.774990712,0.438663153
3.623445319,1.811567575,0.487778813
3.815105957,1.810300357,0.48552924
3.992355401,1.823343706,0.452160586
4.154241402,1.826916661,0.431914436
4.302840911,1.829184906,0.319060898
4.440632025,1.836938181,0.188960639
4.565800222,1.841118502,0.146968624
4.678225534,1.826178075,0.090354391
4.776550819,1.813325934,0.08772989
4.861300939,1.797740651,0.158966343
4.933926761,1.787816609,0.232077439
4.995193082,1.771698944,0.308187965
5.044387591,1.734548458,0.289066602
5.081259105,1.714194236,0.208456931
5.105905097,1.688733649,0.167964631
5.118827934,1.652490462,0.107601111
5.120556228,1.617855666,0.044988018
5.110981256,1.576738563,-0.051368658
5.091025276,1.531148704,-0.18934242
5.060819502,1.492940953,-0.352811333
5.020866303,1.455981675,-0.507281957
4.972489078,1.4030472,-0.589766271
4.916235183,1.361562678,-0.658378223
4.852565746,1.323647363,-0.703369667
4.780813443,1.274833221,-0.69399645
4.700532143,1.221336372,-0.682748589
4.611928041,1.160671117,-0.717242029
4.515106109,1.109716202,-0.694746307
4.410549969,1.049347131,-0.592765701
4.298030932,0.984524051,-0.536151467
4.178088855,0.928938915,-0.452917296
4.051919672,0.85811717,-0.358810192
3.919722082,0.797883069,-0.364809051
3.78059632,0.73575189,-0.393303633
3.635232207,0.664416508,-0.438295077
3.48696261,0.613442847,-0.514405603
3.334197951,0.544855605,-0.595390202
3.174441388,0.463210017,-0.654254008
3.007104326,0.378058958,-0.649379935
2.831609419,0.30050746,-0.64788022
2.65248547,0.232505087,-0.643381075
2.46874649,0.148598752,-0.555272831
2.281948318,0.078804277,-0.412424996
2.090328919,-0.010249663,-0.263203374
1.8940495,-0.085214237,-0.133852972
1.696352956,-0.171921199,-0.045744728
1.493130371,-0.250267521,-0.015375503
1.292400877,-0.329629867,-0.027373221
1.08415087,-0.432461992,-0.061866662
0.879533653,-0.489411823,-0.063741305
0.668524374,-0.633874688,-0.029247865
0.456874015,-0.660040117,-0.024373792
0.252519229,-0.914458522,0.022492296
0.035841447,-0.979701509,0.068983455
-0.046419331,-0.288524011,0.070483169
-0.020408699,-0.088056105,0.078356672
-0.027854233,-0.153955195,0.07910653
-0.025691054,-0.05373249,0.086230175
-0.025001237,-0.085292969,0.027366369
-0.02707069,-0.045559308,-0.031122508
-0.024551355,-0.056270675,-0.022874077
-0.027171913,-0.041468968,-0.018749861
-0.02491126,-0.034349302,0.016493437
-0.026568323,-0.044168367,0.079856387
-0.02593474,-0.023424232,0.12222333
-0.026283398,-0.032283511,0.111350398
-0.026703287,-0.024567728,0.085855246
-0.026144685,-0.023892878,0.061109952
-0.02688324,-0.021096,-0.01050143
-0.026662048,-0.022336974,-0.06524102
-0.027111929,-0.023712918,-0.109107678
-0.027329372,-0.020353665,-0.159348124
-0.028079174,-0.023240523,-0.170221056
-0.029046418,-0.021932064,-0.175844986
-0.029635013,-0.021047261,-0.152599407
-0.030733473,-0.025040122,-0.14022676
-0.031352059,-0.022269489,-0.156348694
-0.031532012,-0.019948755,-0.13722733
-0.032308057,-0.018381604,-0.173970343
-0.032056873,-0.018546567,-0.251955513
-0.033140337,-0.020904792,-0.271451805
-0.032776683,-0.011145713,-0.266202803
-0.033327788,-0.024972637,-0.250455798
-0.033837653,-0.00761025,-0.214837571
-0.033162831,-0.023056814,-0.182968632
-0.035674668,-0.017114386,-0.119605682
-0.032488009,-0.008648769,-0.046869514
-0.036578179,-0.033985633,0.001496289
-0.033170329,0.011821678,0.05586095
-0.03585462,-0.057522897,0.031115656
-0.035944597,0.027841864,0.014993722
-0.03218434,-0.064481349,-0.005252428
-0.042951496,0.024460116,-0.110607393
-0.018882852,-0.04964215,-0.122230182
-0.187588302,-1.40302734,-0.155973765
-0.566032117,-1.903098599,-0.101609104
-0.890070298,-1.634328387,0.032240442
-1.20403114,-1.78086454,-0.012376073
-1.511697395,-1.730175816,0.059985166
-1.792910635,-1.774734654,0.125597688
-2.07024365,-1.71316585,0.116599399
-2.332111998,-1.661273643,0.170964061
-2.595000078,-1.710166517,0.167589703
-2.84208608,-1.696673269,0.253448375
-3.075694391,-1.733430092,0.327684258
-3.296042454,-1.747230772,0.347555479
-3.507231685,-1.793154306,0.413168001
-3.710026883,-1.811521471,0.424790791
-3.896682593,-1.818498669,0.401545212
-4.069635671,-1.828212758,0.37605006
-4.226164337,-1.828160269,0.349805051
-4.371183541,-1.842508328,0.257197662
-4.504880736,-1.841177374,0.153717341
-4.625700081,-1.841923458,0.15109284
-4.734331395,-1.830087341,0.107601111
-4.828135374,-1.813283579,0.136095692
-4.90915148,-1.804521778,0.260946949
-4.978669373,-1.784763673,0.32993383
-5.035830528,-1.765864127,0.383923563
-5.081276027,-1.741633267,0.305938393
-5.11402363,-1.708745583,0.231327582
-5.134148315,-1.67868477,0.167964631
-5.143123445,-1.646726879,0.017243294
-5.141361411,-1.610247494,-0.081362954
-5.128892203,-1.572084733,-0.192341849
-5.105903274,-1.534098183,-0.32206718
-5.073253146,-1.491995049,-0.463790228
-5.031297975,-1.447136278,-0.563521262
-4.980671344,-1.408114958,-0.59314063
-4.922494207,-1.366555453,-0.6306335
-4.856147977,-1.315154387,-0.619385639
-4.781520184,-1.264953054,-0.605513277
-4.698835768,-1.211294991,-0.623884783
-4.607577367,-1.154322664,-0.620135496
-4.508581009,-1.09886875,-0.588266557
-4.401715479,-1.036842548,-0.521529248
-4.286497154,-0.978996665,-0.476912733
-4.164211946,-0.917101684,-0.423672857
-4.035665891,-0.849905382,-0.377931556
-3.900502834,-0.787627985,-0.372307625
-3.758164171,-0.71761231,-0.403801636
-3.610985537,-0.661524787,-0.499783383
-3.461197591,-0.600630833,-0.546649471
-3.305808625,-0.520717359,-0.599889346
-3.142790423,-0.443900697,-0.627259141
-2.971284462,-0.357073762,-0.575518981
-2.793633874,-0.289555031,-0.575144052
-2.612747891,-0.210357649,-0.536901325
-2.427520554,-0.135359332,-0.40567628
-2.239481459,-0.063285365,-0.254205085
-2.044776625,0.033941757,-0.142851261
-1.84848221,0.102112842,-0.043495155
-1.647857689,0.1976041,0.017243294
-1.444837551,0.25703588,-0.034496867
-1.241937381,0.36645529,-0.076488881
-1.032547674,0.44255961,-0.065615949
-0.828852714,0.526098527,-0.055867803
-0.612591072,0.649344861,-0.038996011
-0.40863743,0.689835854,0.007870077
-0.192788179,1.023492882,0.072732742
-0.005806305,0.744442457,0.117724186
0.015499319,0.088297166,0.130471761
-0.003032038,0.123884249,0.146968624
0.007435198,0.08616389,0.191960068
0.000930666,0.035947561,0.147343553
0.004979596,0.059196139,0.052486592
0.003142582,0.018341477,0.044613089
0.003941121,0.043517127,0.022117367
0.004559707,0.0090248,-0.01912479
0.003311287,0.015897021,0.008245005
0.005133306,0.013231364,0.063359524
0.003862391,0.008488669,0.089229604
0.005140804,0.006411631,0.059610237
0.004675927,0.003487282,0.033365228
0.005092067,0.011559236,-0.002627927
0.005556944,0.001980117,-0.080988025
0.005425729,0.007581371,-0.122605111
0.006021821,0.005624306,-0.148100263
0.00598808,0.000375474,-0.190467206
0.006400471,0.003292325,-0.197215922
0.006464204,0.003611004,-0.146975477
0.006640408,0.001987615,-0.112107107
0.007311481,0.004443319,-0.105358391
0.007292736,0.001166548,-0.099359532
0.007037803,-0.004041044,-0.118105967
0.006962823,-0.001499109,-0.159723052
0.006621663,-0.002623859,-0.228709933
0.006546683,-0.000723032,-0.258329301
0.006445459,-0.001420377,-0.272576591
0.006389224,-0.002503886,-0.275950949
0.006449208,0.001027829,-0.190467206
0.006123045,-0.003797348,-0.10573332
0.00606306,-0.002627608,-0.035996581
0.005991829,0.001279023,0.008619934
0.005871861,-0.002578869,0.057360665
0.005905602,-0.001394132,0.088479747
0.005819375,-0.000558068,0.013868936
0.005849367,-0.001472865,-0.021374362
0.005650669,-0.000314373,-0.063366376
0.005489462,-0.002683846,-0.151099692
0.005549446,-0.002863806,-0.176594844
0.005448223,-0.001367888,-0.182218774
0.005388239,-0.00324997,-0.155223908
0.005234529,-0.003628635,-0.129728756
0.005122059,-0.002188956,-0.164972054
0.005227031,-0.001487862,-0.185218204
0.005208286,0.000173019,-0.208463783
0.005092067,-0.001604086,-0.232084291
0.00508082,-0.003482418,-0.223460931
0.005058326,-0.000621804,-0.238083151
