0.002516497,0.002407522,-0.12860397
0.00398236,-0.008588782,-0.124104826
0.001597989,-0.010804539,-0.101984033
0.004612193,0.004210871,-0.127854113
0.001316814,-0.031248741,-0.121480325
0.004649684,0.034035486,-0.122605111
0.002557736,-0.051134318,-0.113981751
0.001496766,0.041901236,-0.10573332
0.007483935,-0.041660175,-0.110232464
-0.007422129,0.032078422,-0.116981181
0.120973966,1.850813845,-0.10835782
0.333977718,3.380379844,0.008245005
0.466895119,3.405979149,-0.067490592
0.607677942,3.091326643,-0.15747348
0.743665782,3.04791505,-0.10573332
0.840742647,3.57558767,-0.179969202
0.896981546,3.952206391,-0.128978899
0.940934939,3.722210054,-0.020249576
1.016679937,3.026001175,-0.023623934
1.08661397,3.009144925,0.155591984
1.128374192,3.281143169,0.198333856
1.154118644,3.21550277,-0.184093418
1.166291679,3.453796012,-0.265452946
1.164473409,3.276426718,-0.060366947
1.165054506,2.823250027,-0.181843846
1.172803709,2.448067236,-0.313068891
1.180271737,2.239891045,-0.236958365
1.188227137,1.883802756,-0.278950379
1.200842555,1.497334976,-0.230959505
1.204227911,1.555896949,-0.047244442
1.195458977,1.423765092,0.086230175
1.179930578,1.303469351,0.207332145
1.154051161,1.23887497,0.089979462
1.121562241,1.126729917,-0.059242161
1.079655807,1.050978018,-0.20358971
1.028931702,0.939286614,-0.3824307
0.972955233,0.848605536,-0.299196529
0.907887416,0.720717734,-0.183718489
0.837304805,0.619887664,-0.193841564
0.762916948,0.489214232,-0.151474621
0.684802576,0.390048791,-0.143601118
0.602305611,0.267038655,-0.279325308
0.509941251,0.125470147,-0.268452375
0.414918844,0.004285854,-0.230959505
0.310006548,-0.163927977,-0.341938401
0.209270649,-0.277340248,-0.271826734
0.103304882,-0.540737906,-0.246706511
0.005050828,-0.49558295,-0.301071172
-0.009296634,-0.108860227,-0.131978329
0.002437768,-0.080715238,0.015743579
-0.003144508,-0.078555718,0.131596548
0.00068698,-0.043024872,0.244450086
-0.001033816,-0.059423724,0.253823304
-0.000463966,-0.024586473,0.085480317
-0.000295261,-0.04110155,-0.156348694
-0.000973831,-0.035312837,-0.204714496
-0.000160296,-0.030937561,-0.299946386
-0.001052561,-0.023840389,-0.363309337
-0.000246523,-0.01813041,-0.225335575
-0.000786381,-0.026044899,-0.146225619
-0.000838867,-0.020064979,-0.093735601
-0.00071515,-0.022119522,0.007120219
-0.000951337,-0.021984552,0.067858669
-0.001003823,-0.017568035,0.064109382
-0.001236262,-0.019405126,0.094103678
-0.001284999,-0.010388382,0.067108811
-0.001476199,-0.018497828,-0.057367517
-0.001573673,-0.03318706,-0.118105967
-0.001663649,-0.016578255,-0.174345272
-0.001959821,-0.017777988,-0.180344131
-0.001978566,-0.01866654,-0.117731038
-0.001881092,-0.018055426,-0.058117375
-0.001847351,-0.018913985,-0.017250146
-0.001764873,-0.015142324,-0.074614237
-0.001809861,-0.018051677,-0.117731038
-0.001761124,-0.014238775,-0.180344131
-0.001719884,-0.028215666,-0.268452375
-0.001686143,-0.019870023,-0.270327019
-0.001569924,-0.016750716,-0.270327019
-0.00150994,-0.021763351,-0.244456939
-0.001551179,-0.007167848,-0.158973195
-0.001633657,-0.020308675,-0.069365236
-0.001494944,-0.015363525,-0.043120227
-0.001521187,-0.013882604,0.007495148
-0.001618661,-0.020574866,0.058485451
-0.001378724,-0.011524379,-0.043120227
-0.001225015,-0.018340363,-0.115481466
-0.001329987,-0.014287514,-0.154848979
-0.001427462,-0.011044486,-0.239957794
-0.00139747,-0.015933398,-0.26432816
-0.001202521,-0.00945109,-0.258329301
-0.001161282,-0.008000163,-0.191591992
-0.001367477,-0.021212224,-0.091860958
-0.001217517,-0.022273238,-0.01050143
-0.001273752,-0.011186954,0.029241012
-0.001779869,-0.018970223,0.025491725
-0.002207256,-0.020713585,0.017618223
-0.002582157,-0.015809676,-0.081362954
-0.003013293,-0.017912958,-0.154099122
-0.003002046,-0.01633081,-0.149974906
-0.00344068,-0.025490022,-0.153724193
-0.003556899,-0.015502244,-0.149225049
-0.003676868,-0.017463058,-0.144725904
-0.004332944,-0.027060923,-0.09973446
-0.00355315,-0.023532958,-0.06524102
-0.004827814,-0.019191423,-0.050618801
-0.00362813,-0.005956868,-0.033747009
-0.004704096,-0.033112077,-0.051743587
-0.004445415,-0.006612972,-0.069740164
-0.003725605,-0.02370167,-0.112107107
-0.005930023,-0.00729532,-0.151474621
-0.002203507,-0.013646407,-0.162722482
-0.007478364,-0.031781123,-0.131978329
-0.000666413,0.023477835,-0.071239879
-0.008018221,-0.081131395,-0.058117375
0.000210856,0.109532442,-0.049119086
-0.018174289,-0.466871837,-0.07086495
-0.227747697,-1.624809255,-0.094860387
-0.47399767,-1.738506463,-0.09710996
-0.660289726,-1.748490492,-0.116606252
-0.847878939,-1.836738361,-0.121480325
-1.005824731,-1.840048875,-0.07086495
-1.153655693,-1.905123149,-0.044619942
-1.281946815,-1.871065725,-0.046494585
-1.392212697,-1.897088686,0.07910653
-1.494568168,-1.853392157,0.124097974
-1.583217259,-1.843921763,0.092603963
-1.661935222,-1.829270022,0.125972617
-1.724097557,-1.792985594,0.1192239
-1.774937881,-1.792561938,0.077981743
-1.812832874,-1.759659257,0.008619934
-1.840624285,-1.742004435,-0.084737312
-1.85927561,-1.704254082,-0.19796578
-1.866953583,-1.638564945,-0.232084291
-1.866687403,-1.5785258,-0.227960076
-1.857502328,-1.523405562,-0.257579443
-1.839300885,-1.45665541,-0.196466065
-1.811816893,-1.379373852,-0.124104826
-1.775788907,-1.301912333,-0.114731608
-1.73128066,-1.221095311,-0.090361243
-1.678959476,-1.13959594,-0.089236457
-1.618709137,-1.05040703,-0.112107107
-1.550619617,-0.960352063,-0.16047291
-1.476636654,-0.86177899,-0.194216493
-1.393243675,-0.761788733,-0.233584006
-1.304714553,-0.673529616,-0.321692251
-1.212698852,-0.569977651,-0.308194818
-1.116461765,-0.478370529,-0.294697384
-1.014136286,-0.356818818,-0.323566894
-0.902700713,-0.236571817,-0.31606832
-0.787793556,-0.110963509,-0.31606832
-0.665167188,-0.000588062,-0.321317322
-0.544467811,0.100294497,-0.380181128
-0.415479373,0.271335199,-0.386554916
-0.28662215,0.346048579,-0.340063757
-0.154949421,0.609281273,-0.308569746
-0.022114499,0.61958773,-0.206964069
0.01212521,0.131097645,-0.123729897
-0.004902794,0.05249638,-0.066740735
0.001691715,0.081627399,-0.017250146
-0.001712386,0.013673766,0.032240442
-0.000550193,0.042999742,0.043863232
-0.000242774,0.021292071,-0.01612536
-0.001326238,0.024640076,-0.001503141
0.000162119,0.008199983,-0.06524102
-0.001105047,0.008683626,-0.113231894
-4.78e-05,0.012556514,-0.043120227
-0.000535197,0.007420157,-0.067115663
-6.28e-05,0.007903799,0.000371503
-2.53e-05,-0.010294653,0.099727608
-1.03e-05,-0.005870637,0.088854676
0.000210856,0.002966148,0.092603963
0.000169617,7.55e-05,0.085480317
0.000510777,-0.007482778,0.020617652
0.000529522,-0.004700897,-0.035621653
0.000825693,-0.005083312,-0.031122508
0.000934415,-0.003707368,-0.043870084
0.001125614,-0.00118043,-0.06524102
0.001219339,-0.008157628,-0.077238738
0.001286822,-0.008168875,-0.064491163
0.001448029,-0.007010383,-0.063741305
0.001384296,-0.00109045,-0.112856965
0.001260579,-0.006642965,-0.106108248
0.001200594,-0.009736027,-0.145475762
0.001181849,-0.005518215,-0.236958365
0.00110312,-0.011546874,-0.265078017
0.001129363,-0.006860417,-0.298446671
0.001204343,-0.00662047,-0.307070032
0.001163104,-0.010380883,-0.276700807
0.0011781,-0.007351557,-0.234333864
0.001826679,-0.003553652,-0.190842134
0.002471509,-0.000471838,-0.185593133
0.002741438,-0.002578869,-0.178844416
0.003420008,-0.004206007,-0.201340138
0.003547475,-0.001622832,-0.235083721
0.004267285,-0.001986501,-0.223460931
0.004447237,-0.000565567,-0.211838142
0.00488962,0.003922185,-0.175095129
0.005511956,-0.014707421,-0.144725904
0.004934608,0.004859476,-0.111732179
0.006475451,0.00380971,-0.026998293
0.005009589,-0.01188055,0.033365228
0.007326477,0.011930403,0.051736734
0.005980582,-0.020882297,0.052486592
0.006584173,0.02102588,0.042738446
0.007900075,-0.024818922,0.031865513
0.004409747,0.00695526,0.004870647
0.011008005,0.001350257,-0.028498007
0.00189791,-0.041026566,-0.023249006
0.014374616,0.060988241,-0.020624505
-0.003343206,-0.161715969,-0.020249576
0.047489621,0.77130898,-0.016500289
0.349858524,1.986428677,-0.012751002
0.676536009,1.847582064,0.066358954
0.949029052,1.877462917,0.034490014
1.2271831,1.977603141,0.033740157
1.470006477,2.032033533,0.178837564
1.706329072,2.149431168,0.101602252
1.926358469,2.083603311,0.130096833
2.138323745,2.123850608,0.247449516
2.337831061,2.147995237,0.16271563
2.519354376,2.215056569,0.223829008
2.689773124,2.278788642,0.340431833
2.843846188,2.311421383,0.341181691
2.987590729,2.350607666,0.301439249
3.114715909,2.343904157,0.244075158
3.228502112,2.338629081,0.137970335
3.329327987,2.318945959,-0.057742446
3.418430707,2.264714273,-0.134602829
3.497279886,2.224740665,-0.129353828
3.562820079,2.172226097,-0.26995209
3.618249191,2.094430902,-0.257579443
3.662172593,2.033210771,-0.161597696
3.694661513,1.963277577,-0.253455227
3.717995351,1.894540368,-0.182968632
3.731904179,1.824228509,0.076482029
3.735904372,1.746733247,0.050611948
3.729684765,1.660577413,-0.132728186
3.714778701,1.579010557,-0.118105967
3.691666054,1.519605022,-0.409425567
3.660418056,1.467855284,-0.672250585
3.620697295,1.419626012,-0.367058624
3.571551523,1.34721462,-0.247831297
3.513914243,1.26985058,-0.292072884
3.448104122,1.211382336,-0.238083151
3.373941206,1.147365327,-0.254580014
3.291905369,1.076802273,-0.361809622
3.202255293,1.005916792,-0.377931556
3.104912248,0.937502011,-0.265078017
3.000551057,0.871475448,-0.443544078
2.889437898,0.795041201,-0.536526396
2.770564289,0.719622978,-0.520404462
2.646918191,0.644508437,-0.6306335
2.520014202,0.5615094,-0.576643767
2.387044315,0.486424852,-0.370432982
2.247247481,0.387548098,-0.157098552
2.098479267,0.300481215,-0.174345272
1.944961056,0.224781805,-0.123729897
1.786422921,0.112561768,-0.18071906
1.624300733,0.036461197,-0.449168009
1.458856921,-0.067383203,-0.418798784
1.285780126,-0.153696503,-0.361809622
1.113096976,-0.247009495,-0.369683124
0.932432184,-0.354348118,-0.247831297
0.755557642,-0.412632653,-0.107233034
0.572474738,-0.567713155,-0.12298004
0.391063893,-0.604608698,-0.096360102
0.213289588,-0.850445262,0.074607385
0.025557912,-0.876228276,0.023242153
-0.038883821,-0.251418515,0.003745861
-0.01578617,-0.11428527,0.075357242
-0.02298052,-0.155537343,-0.115106537
-0.019977563,-0.057357933,-0.247456368
-0.020168763,-0.095202015,-0.200215352
-0.021402187,-0.059851129,-0.127854113
-0.0194602,-0.06263301,-0.043870084
-0.021638375,-0.046916506,0.124847831
-0.019632654,-0.048419922,0.227578295
-0.021255976,-0.049604658,0.116224471
-0.02059615,-0.02986155,0.092229034
-0.020869827,-0.040422951,0.014993722
-0.021109764,-0.032890876,-0.162722482
-0.020926063,-0.034814198,-0.182218774
-0.021574641,-0.03170614,-0.178469487
-0.021327207,-0.031327474,-0.219336716
-0.021702108,-0.025070116,-0.2152125
-0.021608382,-0.021568395,-0.145850691
-0.022050766,-0.035297841,-0.125604541
-0.022493149,-0.027743271,-0.068615378
-0.022275706,-0.025062617,0.05023702
-0.022470655,-0.033475746,0.017618223
-0.022650607,-0.023716667,-0.025873506
-0.022523141,-0.024908902,-0.094860387
-0.022474404,-0.02815193,-0.216337286
-0.022384428,-0.021898321,-0.233584006
-0.022343188,-0.022108275,-0.205089425
-0.022568129,-0.023465473,-0.120355539
-0.023126732,-0.022558175,-0.060366947
-0.023527876,-0.020233692,-0.032997152
-0.024052737,-0.023937868,-0.042370369
-0.02453261,-0.021733358,-0.130853542
-0.024588845,-0.024309035,-0.165346983
-0.025402381,-0.028433118,-0.167596555
-0.025207432,-0.024597721,-0.201340138
-0.026182175,-0.028710556,-0.244831867
-0.02612219,-0.020121217,-0.247831297
-0.0262759,-0.026472304,-0.242582295
-0.027479332,-0.011209449,-0.227585147
-0.026343382,-0.023150543,-0.113981751
-0.028731501,-0.021553398,-0.032622223
-0.026095947,-0.00554071,0.007495148
-0.029136395,-0.042931143,0.065984025
-0.027055694,0.004413326,0.037489444
-0.027846735,-0.053020148,-0.062616519
-0.02991244,0.009740891,-0.142101404
-0.023805302,-0.047846299,-0.135727616
-0.036248267,-0.01795045,-0.149974906
-0.011602275,0.017914072,-0.10573332
-0.139169838,-1.19488864,-0.058117375
-0.488667546,-1.859522043,-0.063741305
-0.800244018,-1.557328016,0.014618793
-1.085112543,-1.641275592,-0.041995441
-1.367075585,-1.60640085,0.094478606
-1.620178748,-1.621524985,0.234327011
-1.870961274,-1.596709255,0.084355531
-2.105139435,-1.499830806,0.191960068
-2.335118704,-1.507205416,0.153717341
-2.550124428,-1.478063148,0.016493437
-2.751862405,-1.493419732,0.164965202
-2.942263376,-1.500438171,0.209581717
-3.118650547,-1.514253848,0.257572591
-3.28272597,-1.521872153,0.333683117
-3.428982348,-1.52665234,0.307813037
-3.560148961,-1.536872566,0.206207359
-3.677283029,-1.543486095,0.088479747
-3.781093116,-1.546597903,0.091104248
-3.871069356,-1.536621372,0.012369221
-3.947432941,-1.52781833,-0.07686381
-4.009940185,-1.5061519,-0.007502
-4.058778538,-1.488425843,-0.010126501
-4.095098947,-1.47167082,-0.089236457
-4.119433771,-1.448594703,0.021742438
-4.132937705,-1.422597986,0.081356102
-4.135168366,-1.382718108,-0.092610815
-4.126200734,-1.355634133,-0.061866662
-4.107725613,-1.332209343,0.001496289
-4.080035425,-1.296311079,-0.143601118
-4.043456334,-1.259520513,-0.218586858
-3.997830883,-1.215921462,-0.250830727
-3.942319291,-1.172753564,-0.397427848
-3.877397685,-1.12611019,-0.421798214
-3.803283507,-1.073411913,-0.284949238
-3.7207528,-1.022595717,-0.337814185
-3.630356671,-0.967464231,-0.426297358
-3.531840187,-0.907072665,-0.426672287
-3.426234324,-0.850062847,-0.5065321
-3.313467852,-0.785903369,-0.566145763
-3.192641009,-0.718009722,-0.531652323
-3.065077195,-0.653276622,-0.455166868
-2.932643416,-0.585649165,-0.470913873
-2.796520612,-0.522524457,-0.487035808
-2.653559614,-0.439832852,-0.388429559
-2.502482009,-0.359128305,-0.434170861
-2.344693676,-0.275394431,-0.40567628
-2.181375553,-0.192039224,-0.203964639
-2.015987977,-0.115335036,-0.230209648
-1.844560746,-0.028088194,-0.250080869
-1.670010589,0.050524318,-0.194216493
-1.488674725,0.149753495,-0.284199381
-1.304755792,0.226067769,-0.296946957
-1.118707422,0.337849153,-0.170970913
-0.927271724,0.39509142,-0.109857535
-0.740788469,0.497646106,-0.085112241
-0.543976691,0.606255696,0.005620504
-0.36020397,0.680436695,0.037114515
-0.159013348,0.9766583,0.006370362
0.00114061,0.619793935,0.049112234
0.007945063,0.074886399,0.128972047
-0.005131484,0.136890106,0.104601681
0.003577467,0.075231322,0.103101966
-0.002439694,0.049358328,0.167589703
0.001804185,0.061726826,0.058110522
-0.00071515,0.024385133,-0.001128212
0.000814446,0.041773765,0.090729319
0.000788203,0.018720143,0.043488303
1.22e-05,0.020943399,0.040863802
0.001489268,0.005504333,0.092229034
0.00038331,0.010348255,-0.005252428
0.001346806,0.009658409,-0.067865521
0.001016893,0.009782131,-0.083237598
0.00174795,0.012916434,-0.133478043
0.001777942,-0.000389356,-0.147350405
0.00171046,0.004019663,-0.116981181
0.002242819,0.001140304,-0.147725334
0.002250317,-0.005375747,-0.196840994
0.002572732,-0.004509689,-0.194216493
0.002767681,0.002576234,-0.199840423
0.003420008,0.00749514,-0.175095129
0.004349763,0.002553739,-0.137602259
0.004945855,-0.004142271,-0.130478614
0.005545697,0.002227562,-0.154848979
0.006171782,0.002081344,-0.175844986
0.006205523,-0.001949009,-0.200590281
0.00708654,0.008428682,-0.228335005
0.007060297,0.000184266,-0.204339568
0.007573911,-0.006601724,-0.191966921
0.008342458,-0.012667875,-0.182968632
0.007832593,-0.002046487,-0.15747348
0.009523397,-0.002848809,-0.127479184
0.007941314,-0.004873359,-0.110607393
0.010411912,0.002381278,-0.156723623
0.008901061,-0.023581697,-0.138727045
0.00981207,0.027253245,-0.10273389
0.011037997,-0.02649105,-0.133852972
0.008050036,0.012181598,-0.086611956
0.014408357,-0.00832634,-0.071989737
0.004762154,-0.029902791,-0.067865521
0.018760957,0.053861076,-0.012001145
-0.001348732,-0.157134488,0.004495718
0.06078361,0.851136223,0.059985166
0.389830469,1.946147638,0.104601681
0.739549369,1.697487952,0.163840416
1.041292188,1.696070767,0.113225041
1.356658909,1.715817625,0.096728178
1.639038091,1.703374143,0.222329293
1.91616491,1.726097838,0.109100826
2.179150464,1.613945286,0.147718482
2.439530455,1.628184619,0.254198232
2.689416968,1.587862338,0.145093981
2.923062769,1.619715253,0.222704222
3.149772902,1.644309782,0.29806489
3.363016591,1.6570382,0.219704792
3.566044227,1.692569046,0.258322448
3.751530246,1.690866925,0.317561183
3.92283376,1.727185096,0.230952653
4.081143205,1.727826203,0.155966913
4.226867224,1.744191313,0.037489444
4.360946817,1.775635568,0.077981743
4.479400537,1.753631713,0.066733882
4.583135644,1.762820919,-0.042745298
4.673359319,1.770836636,0.204332715
4.751499934,1.755498798,0.029241012
4.817651216,1.747734275,-0.155223908
4.870553496,1.737795236,0.178087706
4.910431715,1.729858251,0.075732171
4.937537057,1.703246671,-0.007127072
4.952416878,1.680882896,0.172463776
4.955997183,1.656333357,-0.090361243
4.948690362,1.598761164,-0.201340138
4.930537656,1.557704047,-0.074614237
4.901895219,1.530631319,-0.351686547
4.863824023,1.481790934,-0.379056342
4.817137601,1.445251562,-0.184468347
4.76257451,1.415130762,-0.301446101
4.700130999,1.353640691,-0.501658027
4.628918554,1.2897624,-0.648255149
4.548922179,1.249646324,-0.560146904
4.460704225,1.195290916,-0.385055201
4.364493381,1.125721391,-0.351311618
4.260645804,1.068651586,-0.305195388
4.149228976,1.008140047,-0.334814755
4.030906471,0.946732457,-0.493409595
3.90654806,0.881620691,-0.40267685
3.775655125,0.810517758,-0.327316181
3.638280152,0.742110475,-0.409050638
3.495131703,0.676305114,-0.28457431
3.348125523,0.623831786,-0.349811903
3.196942946,0.553654897,-0.551523544
3.038509783,0.466411804,-0.508406743
2.871386415,0.374898411,-0.449168009
2.698485823,0.288116466,-0.448043223
2.521978683,0.213399337,-0.3824307
2.341268903,0.138352281,-0.320567465
2.15829847,0.054243491,-0.379806199
1.968433608,-0.032564699,-0.424797643
1.776154383,-0.113640413,-0.326191395
1.579383844,-0.222808629,-0.228335005
1.380127712,-0.278551229,-0.139851831
1.180691627,-0.382309398,0.052486592
0.974541065,-0.463066434,0.101227323
0.775071239,-0.555925777,-0.025123649
0.564125693,-0.694187521,0.045362947
0.365158234,-0.735038434,0.053611378
0.155528591,-1.039646924,-0.068990307
-0.029784973,-0.780148399,0.077606815
-0.053703657,-0.146310646,0.108350968
-0.034197558,-0.16998288,-0.025873506
-0.044286144,-0.137368885,0.02136751
-0.037762867,-0.082083683,-0.032997152
-0.041178215,-0.098246338,-0.113231894
-0.039547395,-0.063750261,0.005620504
-0.039626125,-0.093657359,0.023992011
-0.040282201,-0.059828634,-0.01912479
-0.03900004,-0.059476212,0.011994292
-0.040705839,-0.048712357,-0.041995441
-0.039427427,-0.046968994,-0.088111671
-0.040233464,-0.046845272,-0.104983462
-0.040038516,-0.03705245,-0.103858676
-0.04017348,-0.041585192,-0.052868373
-0.040229715,-0.03993181,-0.063366376
-0.040274703,-0.047718828,-0.079863239
-0.040803314,-0.036328861,-0.165346983
-0.040694592,-0.032238521,-0.277450664
-0.041054497,-0.032500963,-0.256829586
-0.041605602,-0.030963805,-0.238083151
-0.042554101,-0.036486326,-0.226460361
-0.043465111,-0.033839415,-0.205464354
-0.044102442,-0.032081056,-0.211838142
-0.04426365,-0.034199335,-0.225710504
-0.044458598,-0.033629462,-0.20658914
-0.045354612,-0.02864682,-0.163097411
-0.044987209,-0.032710916,-0.140601689
-0.046066924,-0.032722164,-0.090736172
-0.045692023,-0.026457307,-0.060366947
-0.046235629,-0.043407287,-0.061491733
-0.047146639,-0.021962057,-0.090361243
-0.045677027,-0.038465886,-0.10835782
-0.048515027,-0.03593145,-0.082862669
-0.045718266,-0.020664846,-0.095985173
-0.049167355,-0.047182697,-0.087361813
-0.046254374,0.002122585,-0.061866662
-0.048023907,-0.067551916,-0.121105396
-0.049399794,0.01163047,-0.158223338
-0.044027462,-0.061736959,-0.143976047
-0.056567901,-0.005893132,-0.175095129
-0.030695983,-0.010962004,-0.116981181
-0.180806343,-1.282532894,-0.08248774
-0.555654857,-1.862022737,-0.041620512
-0.882774724,-1.594920903,0.021742438
-1.191738137,-1.731746716,-0.067115663
-1.498369665,-1.699271441,0.118848972
-1.776771147,-1.725500606,0.206582288
-2.051993469,-1.653280421,0.116224471
-2.312399704,-1.582177488,0.304438678
-2.572929656,-1.612774432,0.217830149
-2.816049205,-1.57547023,0.12522276
-3.047666792,-1.621918648,0.233202225
-3.269990583,-1.639603464,0.131221619
-3.479788932,-1.658510508,0.138720193
-3.678006588,-1.675265531,0.20883186
-3.857947821,-1.689489866,0.15409227
-4.025869728,-1.705652521,0.160840986
-4.180831308,-1.712209812,0.090354391
-4.324032243,-1.732867717,-0.021374362
-4.45491768,-1.728229999,-0.087361813
-4.569341214,-1.722999912,-0.204339568
-4.66944353,-1.715790266,-0.143601118
-4.75714787,-1.695994669,0.097852965
-4.83254421,-1.698791547,0.162340701
-4.895546323,-1.692612922,0.131596548
-4.946232938,-1.669994203,0.18558628
-4.983779273,-1.651372096,0.100477465
-5.008072858,-1.628565919,0.092603963
-5.020969453,-1.602910376,0.148843268
-5.022424068,-1.57358065,-0.006377214
-5.012500439,-1.542979958,-0.071614808
-4.991925872,-1.50376743,-0.257579443
-4.961322704,-1.469773742,-0.533152038
-4.921804389,-1.43238331,-0.512530959
-4.874203209,-1.393159535,-0.398552634
-4.818860324,-1.36288502,-0.257204514
-4.754920958,-1.310464181,-0.199840423
-4.682527575,-1.260041647,-0.215962357
-4.601110325,-1.205603757,-0.274076306
-4.510309302,-1.146539396,-0.392553775
-4.41182281,-1.097290351,-0.331440397
-4.305178471,-1.033149619,-0.256829586
-4.190852411,-0.975299988,-0.234333864
-4.070276752,-0.916441831,-0.1747202
-3.94289289,-0.851146356,-0.170595985
-3.808880779,-0.78972002,-0.276325878
-3.668187931,-0.722347507,-0.341563472
-3.522160243,-0.657179503,-0.24970594
-3.372447277,-0.587647471,-0.278950379
-3.216792131,-0.517361856,-0.327316181
-3.053125351,-0.435899977,-0.304820459
-2.8815819,-0.346223675,-0.435295647
-2.706113236,-0.273227413,-0.52377882
-2.526528159,-0.191503093,-0.470164016
-2.343606463,-0.126747498,-0.363309337
-2.157111961,-0.036715025,-0.21221307
-1.963498088,0.056886653,-0.095235316
-1.769093175,0.124124196,-0.03937094
-1.568363681,0.213264367,-0.063366376
-1.36823028,0.290096026,-0.122230182
-1.16389049,0.399320479,-0.160847839
-0.958317276,0.45564045,-0.174345272
-0.75388751,0.60462106,-0.149974906
-0.54038139,0.666332332,-0.106483177
-0.342429913,0.790373489,-0.084737312
-0.121264566,1.042122488,-0.090361243
0.016301607,0.488029495,-0.026248435
0.002250317,0.058708748,0.039739016
-0.001378724,0.158571533,0.116974328
0.003614957,0.062064251,0.252698518
-0.001341234,0.068872737,0.233577154
0.003251303,0.046658928,0.165715059
-0.000216531,0.032783265,0.143969195
0.002377784,0.03563638,0.042738446
0.001174351,0.010888135,-0.015375503
0.001717958,0.02930029,0.008994863
0.002302803,0.00709023,0.031865513
0.001665472,0.014221144,0.020242724
0.002760183,0.010396995,-0.048369229
0.002197831,0.007105227,-0.097484888
0.003045107,0.010959369,-0.145850691
0.002857657,0.003003639,-0.179219345
0.003112589,-0.004738389,-0.166471769
0.00360371,0.000739143,-0.218586858
0.003817403,0.005819263,-0.232084291
0.004687174,-0.002533879,-0.22383586
0.005628175,0.003760971,-0.227585147
0.006396722,0.005583065,-0.173970343
0.00735272,-0.002327675,-0.118480895
0.007660139,-0.009357361,-0.055492874
0.008008797,0.001402745,-0.068990307
0.00886732,0.005575567,-0.126729327
0.008436184,-0.001960257,-0.194591421
0.009695851,-0.0017653,-0.280825023
0.0091335,-0.005525713,-0.323566894
0.010033262,0.003146108,-0.332190254
0.010329434,-0.012356694,-0.293947527
0.009935788,0.000791631,-0.224585718
0.011874026,-0.015580977,-0.158973195
0.009159743,-0.00374111,-0.101984033
0.013527339,0.001646441,-0.072364665
0.009036025,-0.02730087,-0.07086495
0.013422367,0.044746853,-0.085112241
0.011146718,-0.05314762,-0.119605682
0.010565621,0.06216173,-0.129353828
0.017280098,-0.086811381,-0.173220486
-0.000887604,0.134835563,-0.200965209
0.199339522,1.565056161,-0.1747202
0.578491899,1.900883957,-0.079863239
0.893607437,1.617968141,0.030740727
1.208621751,1.753358024,0.003745861
1.510788208,1.705574903,0.17133899
1.790351884,1.73849633,0.202083143
2.064134586,1.63249241,0.035239872
2.32552681,1.592912465,0.148843268
2.588643579,1.608051597,0.061859809
2.833435187,1.588278496,0.034490014
3.066563625,1.632065005,0.230952653
3.288325064,1.62202099,0.218205077
3.501471279,1.671517479,0.267695666
3.703111782,1.693645057,0.322435256
3.887300643,1.68338359,0.295065461
4.057951829,1.683439827,0.282692814
4.214652949,1.698091568,0.232827297
4.360969312,1.729757024,0.21745522
4.495206364,1.714141747,0.097478036
4.61481103,1.697555437,-0.013875788
4.719318432,1.703355397,-0.014250717
4.809917008,1.695662108,-0.043870084
4.889268554,1.6849095,0.030365798
4.956739487,1.670242763,0.167214774
5.01118261,1.652996599,0.19720907
5.052804119,1.645115852,0.127097403
5.081682743,1.618084365,0.154842127
5.098414575,1.582853452,0.078731601
5.103621949,1.557846515,-0.139851831
5.097661024,1.521220913,-0.146600548
5.080280613,1.48207587,-0.23245922
5.05215554,1.449315658,-0.404551494
5.014714177,1.419292337,-0.434170861
4.968462641,1.379423705,-0.43154636
4.914386921,1.329601038,-0.43717029
4.852603236,1.291820693,-0.397802777
4.782414271,1.247246858,-0.272576591
4.703846268,1.197060522,-0.296572028
4.61666679,1.141351664,-0.388054631
4.520905827,1.076940992,-0.351686547
4.417268195,1.021674536,-0.395928133
4.305671414,0.959427133,-0.455916725
4.186962761,0.895721305,-0.374557198
4.062109481,0.826725403,-0.267327589
3.930807904,0.764403016,-0.254580014
3.793519158,0.71233085,-0.200215352
3.650265737,0.647354054,-0.138727045
3.502614727,0.579239206,-0.203214782
3.351105986,0.508994832,-0.200590281
3.19268407,0.438885428,-0.221961217
3.025883117,0.356422521,-0.311194247
2.851362953,0.275193091,-0.337064328
2.673626138,0.206365901,-0.365933837
2.491754165,0.130520273,-0.407550923
2.3064406,0.058341329,-0.374182269
2.117243062,-0.037449862,-0.246331582
1.921717194,-0.108102895,-0.19796578
1.725943892,-0.187757676,-0.158598266
1.523418623,-0.280530789,-0.088861528
1.321980566,-0.342305797,-0.127854113
1.115323888,-0.456617868,-0.162347553
0.908168592,-0.511861829,-0.145850691
0.701414439,-0.649696168,-0.126729327
0.487447191,-0.713057073,-0.133103115
0.287576221,-0.876539457,-0.072364665
0.065661072,-1.07355813,-0.002252998
-0.059957006,-0.478351784,-0.025498578
-0.041676833,-0.106565737,0.042738446
-0.040694592,-0.196489484,0.107976039
-0.043682553,-0.095603176,0.071982884
-0.039333702,-0.112189486,0.046487733
-0.043206429,-0.088603483,0.038989159
-0.039581136,-0.069808914,0.016118508
-0.04221669,-0.072785751,-0.04499487
-0.040623361,-0.058658894,-0.04499487
-0.041354418,-0.06950898,-0.025873506
-0.041519375,-0.052394038,-0.043120227
-0.041058246,-0.048048754,-0.002627927
-0.04172557,-0.045488074,-0.015000574
-0.041050748,-0.048476159,-0.049494015
-0.041856785,-0.034731717,-0.047619371
-0.041523124,-0.038983271,-0.122230182
-0.042025491,-0.043628487,-0.188217634
-0.042272926,-0.034990409,-0.246331582
-0.042464125,-0.033756933,-0.29019824
-0.043558836,-0.036272624,-0.285699096
-0.044057454,-0.033040843,-0.275576021
-0.044844746,-0.03138746,-0.24108258
-0.046010689,-0.043725966,-0.193841564
-0.046036932,-0.03651632,-0.118855824
-0.046719251,-0.04100782,-0.102358961
-0.047034168,-0.032928368,-0.121480325
-0.047154137,-0.029561617,-0.122605111
-0.048057648,-0.031631156,-0.159348124
-0.046981682,-0.028260656,-0.189717348
-0.048728721,-0.033959388,-0.215587429
-0.047439061,-0.0188465,-0.171345842
-0.048856187,-0.043399788,-0.119230753
-0.048758713,-0.015191063,-0.11435668
-0.04774648,-0.04348227,-0.081362954
-0.051409263,-0.021399682,-0.091860958
-0.046209386,-0.022217,-0.10573332
-0.053354999,-0.049630902,-0.152974336
-0.045088432,0.016294433,-0.200590281
-0.054254762,-0.108938959,-0.225710504
-0.045392102,0.122103396,-0.250830727
-0.063226142,-0.517414344,-0.21221307
-0.35107513,-1.765181779,-0.17771963
-0.726249808,-1.70637611,-0.023998863
-1.032615156,-1.650667253,-0.023998863
-1.352533176,-1.752798284,0.013494007
-1.643928727,-1.70161092,0.263196521
-1.924474643,-1.723074896,0.108725897
-2.193518597,-1.599299929,0.116974328
-2.455660623,-1.622780956,0.212581147
-2.714548509,-1.607240663,0.016868365
-2.953555394,-1.604578755,0.09635325
-3.184145752,-1.635981769,0.115099685
-3.402158182,-1.646524424,0.080981173
-3.612323933,-1.683667412,0.163090558
-3.808085988,-1.678785998,0.161215915
-3.987569842,-1.693433989,0.227953223
-4.153864679,-1.702836897,0.201708214
-4.306543111,-1.717458645,0.154842127
-4.449515356,-1.730153321,0.150717911
-4.579246098,-1.717608611,0.076856957
-4.694235733,-1.711253775,0.074232456
-4.794791679,-1.698491614,0.083980603
-4.881862437,-1.683273749,0.088854676
-4.957918602,-1.679817018,0.108350968
-5.021951693,-1.659076632,0.165340131
-5.07300946,-1.627883571,0.115849542
-5.111395574,-1.619099275,0.049112234
-5.137331225,-1.594283545,0.108350968
-5.151674937,-1.553788803,-0.02474872
-5.154711635,-1.529254261,-0.117356109
-5.146373837,-1.491650126,-0.113981751
-5.127205149,-1.453472368,-0.251955513
-5.097464253,-1.416614318,-0.326191395
-5.05835458,-1.376397014,-0.332190254
-5.011068317,-1.341244833,-0.293947527
-4.955631706,-1.29909296,-0.269577162
-4.892550864,-1.259591747,-0.254205085
-4.821117228,-1.21075886,-0.193841564
-4.740989637,-1.165397701,-0.253455227
-4.652216829,-1.110052512,-0.309694532
-4.554690083,-1.044374622,-0.2988216
-4.448881774,-0.992486165,-0.335189684
-4.334799399,-0.928709102,-0.376056912
-4.213680133,-0.871564314,-0.343813044
-4.086090076,-0.809643088,-0.301071172
-3.95175555,-0.74525866,-0.32206718
-3.811178922,-0.682013979,-0.232834149
-3.664915046,-0.615552513,-0.161597696
-3.515097108,-0.568343015,-0.193091707
-3.360367967,-0.489569288,-0.140601689
-3.197241044,-0.405666702,-0.169471199
-3.026005012,-0.334230093,-0.2557048
-2.848909278,-0.258343224,-0.255329871
-2.668409442,-0.188162586,-0.266577732
-2.483639485,-0.112609393,-0.290573169
-2.29601653,-0.037108688,-0.252330441
-2.101941529,0.054430949,-0.191217063
-1.905122253,0.1218597,-0.199465495
-1.705513714,0.215701325,-0.176219915
-1.501035211,0.278492357,-0.15184955
-1.298341236,0.365090593,-0.197215922
-1.087062028,0.460071965,-0.206214211
-0.881447575,0.522600555,-0.179969202
-0.666539326,0.684305834,-0.176219915
-0.45741205,0.707348208,-0.162722482
-0.247879881,0.973190322,-0.038996011
-0.037061802,0.89124855,0.004495718
0.020253063,0.184062113,0.014993722
-0.005438902,0.107237952,0.123723045
0.004743409,0.13871595,0.113974899
0.000225852,0.031347334,0.102352109
0.001684217,0.076179861,0.10197718
0.002107855,0.035291457,0.022867225
0.000956909,0.044323198,-0.025873506
0.003191319,0.030893685,-0.071239879
0.001148108,0.02458009,-0.103483747
0.003142582,0.026019769,-0.093360672
0.002205329,0.013381331,-0.074614237
0.002932637,0.015840784,-0.035621653
0.003045107,0.009459703,-0.008251858
0.002940135,0.006659076,-0.020624505
0.003476243,0.00641538,-0.010876359
0.003386267,0.010063319,-0.001503141
0.004136069,-0.003804846,-0.031122508
0.004218547,-0.000130664,-0.050243872
0.004848381,0.003371057,-0.103108819
0.005601932,0.005260637,-0.137602259
0.006377977,0.01082065,-0.14885012
0.007476437,-6.69e-05,-0.199090566
0.008263729,0.003794713,-0.172845557
0.008237486,0.002523746,-0.159348124
0.00905477,0.002722452,-0.191966921
0.009167241,-0.002728836,-0.219336716
0.009437169,-0.000423098,-0.274076306
0.010186971,-0.003909823,-0.284199381
0.00966211,-0.002616361,-0.270327019
0.011502874,0.00129402,-0.240332723
0.009984525,-0.003954813,-0.145100833
0.012005241,0.015244666,-0.076113952
0.010693088,-0.020473638,-0.033747009
0.011409149,0.014648549,-0.004127642
0.013006227,-0.01754179,-0.023249006
0.00939593,0.001406495,-0.006752143
0.016357842,-0.003234973,-0.07086495
0.006587922,-0.029857801,-0.12860397
0.019791935,0.060572083,-0.166846698
0.001882914,-0.153520292,-0.280450094
0.05404289,0.765943924,-0.290948097
0.376978863,1.929741287,-0.294322456
0.733873368,1.709061628,-0.168721341
1.036515949,1.670463964,-0.125979469
1.353918383,1.729633301,-0.095985173
1.639682921,1.68841872,0.11359997
1.918054411,1.709012888,-0.019874647
2.18253582,1.591041631,0.032240442
2.445026504,1.597085287,0.165715059
2.699149398,1.579156775,0.034864943
2.935160824,1.583442072,0.199458642
3.163779203,1.59779013,0.265071165
3.380426993,1.617574479,0.201333286
3.588103402,1.648190168,0.261321878
3.779486613,1.632237467,0.210331575
3.956286176,1.639604578,0.161965772
4.119810494,1.651924338,0.128222189
4.271289243,1.664802723,0.117724186
4.411727158,1.665556305,0.130096833
4.537615165,1.645130849,0.041988588
4.649208196,1.627509769,0.023617082
4.746584982,1.624529182,0.037114515
4.831762489,1.619606527,0.022867225
4.905846676,1.602577815,0.118474043
4.966880559,1.587671131,0.200958357
5.01459046,1.542928584,0.144344123
5.050071091,1.496097751,0.102727038
5.073191235,1.469227479,0.103476895
5.084584477,1.442735872,-0.061491733
5.085071848,1.436965905,-0.165721912
5.07404601,1.407148788,-0.146225619
5.051803133,1.359508136,-0.258704229
5.019572894,1.326594207,-0.334439827
4.978247557,1.284592301,-0.335564613
4.928359481,1.2508798,-0.383555486
4.87015985,1.216852369,-0.416924141
4.803944835,1.16533133,-0.351311618
4.729234564,1.121169904,-0.299571458
4.646002793,1.075302607,-0.355060905
4.55436949,1.019451281,-0.318317893
4.454424633,0.962936353,-0.282324737
4.346576862,0.908475967,-0.349062046
4.230522509,0.858540825,-0.347187402
4.108076093,0.798880347,-0.281199951
3.979125145,0.732096453,-0.217837001
3.843039831,0.674359297,-0.198340709
3.701323504,0.619197817,-0.122605111
3.554917165,0.559338633,-0.135727616
3.405361659,0.500218034,-0.241457509
3.249384098,0.422794007,-0.197590851
3.084746323,0.334482402,-0.226460361
2.912378091,0.264365499,-0.277075736
2.734967439,0.205994734,-0.248581154
2.553789033,0.123363115,-0.274451235
2.368089321,0.047431256,-0.290948097
2.179015499,-0.028770543,-0.251955513
1.983377162,-0.109242642,-0.194591421
1.787210213,-0.175805335,-0.199090566
1.58572342,-0.269770682,-0.158973195
1.383381852,-0.327721541,-0.114731608
1.178967082,-0.442985901,-0.185968061
0.969269957,-0.50776774,-0.20658914
0.764525273,-0.616264855,-0.192716778
0.547581312,-0.725245612,-0.206964069
0.34574586,-0.795613709,-0.154848979
0.125761452,-1.087951178,-0.059242161
-0.043307652,-0.67369458,-0.053993159
-0.046835471,-0.109820013,-0.043870084
-0.034122578,-0.188248817,0.025491725
-0.042839026,-0.12363569,-0.023249006
-0.035850871,-0.099925964,-0.064116234
-0.040312193,-0.096892889,-0.018000004
-0.03737297,-0.056240682,-0.004127642
-0.038827585,-0.081952462,-0.014625646
-0.038415194,-0.048468661,-0.059992018
-0.037804106,-0.052274064,-0.093360672
-0.039045028,-0.04734766,-0.087361813
-0.037837847,-0.048266206,-0.058117375
-0.039108761,-0.049106019,-0.01912479
-0.038452684,-0.037794785,-0.042370369
-0.038861326,-0.041225272,-0.037496296
-0.03896255,-0.041930115,-0.010876359
-0.039078769,-0.035781483,-0.071239879
-0.039408682,-0.031807367,-0.085112241
-0.039333702,-0.033352023,-0.040120797
-0.040162233,-0.035102884,-0.041245583
-0.040990764,-0.036280122,-0.063741305
-0.041871782,-0.038068474,-0.134602829
-0.042797787,-0.038660843,-0.208838712
-0.043206429,-0.033633211,-0.19796578
-0.043330146,-0.036148901,-0.203214782
-0.04410994,-0.029790316,-0.211463213
-0.043858757,-0.023735413,-0.204339568
-0.044859742,-0.033685699,-0.250830727
-0.044668543,-0.024665206,-0.254954942
-0.044788511,-0.034877934,-0.292822741
-0.045946955,-0.019626327,-0.291323026
-0.044736025,-0.030431423,-0.145100833
-0.047371579,-0.035046647,-0.086611956
-0.0444511,-0.015712197,-0.028123079
-0.047701492,-0.046935252,0.003745861
-0.045662031,0.006557849,-0.030372651
-0.046295613,-0.056953023,-0.040120797
-0.048822446,0.011071844,-0.067490592
-0.042175451,-0.049143511,-0.047619371
-0.055990553,-0.025332557,-0.097859817
-0.029387578,0.029416514,-0.11135725
-0.161472699,-1.207916992,-0.180344131
-0.532617191,-1.874211275,-0.2152125
-0.866226594,-1.594545987,-0.148100263
-1.17517501,-1.728005049,-0.266952661
-1.485795485,-1.698641581,-0.06224159
-1.765842783,-1.726569118,0.035989729
-2.042399753,-1.670436605,-0.126354398
-2.303866957,-1.583935847,0.045362947
-2.56602023,-1.616261156,0.010869506
-2.812217717,-1.570926241,0.011244435
-3.044851286,-1.609876326,0.22307915
-3.268925864,-1.628235992,0.219329863
-3.482132063,-1.651915725,0.264321307
-3.684803544,-1.662177192,0.289816459
-3.869554756,-1.661183663,0.219704792
-4.041158191,-1.671220181,0.193834712
-4.198852799,-1.675344263,0.130471761
-4.345937708,-1.695735977,0.137220478
-4.48123573,-1.684177298,0.131221619
-4.601282779,-1.674433216,0.0761071
-4.70765344,-1.670942742,0.106476325
-4.799624153,-1.649726212,0.094478606
-4.880265358,-1.644136205,0.08173103
-4.94937086,-1.630811669,0.161215915
-5.004481307,-1.598220169,0.1597162
-5.047324993,-1.581926294,0.070483169
-5.077542014,-1.547985094,0.082105959
-5.095825935,-1.517380652,0.030740727
-5.103500159,-1.504232327,-0.09710996
-5.099642427,-1.464821094,-0.087736742
-5.084586403,-1.430771168,-0.120730468
-5.059295582,-1.398745792,-0.194591421
-5.024542259,-1.361651544,-0.2152125
-4.980457651,-1.322956402,-0.256454657
-4.928057738,-1.283653894,-0.302570887
-4.868133562,-1.250447531,-0.374557198
-4.799234256,-1.196883197,-0.323566894
-4.721903427,-1.150543505,-0.286823882
-4.636137325,-1.105845948,-0.395928133
-4.54140734,-1.040666697,-0.379431271
-4.439160591,-0.988920708,-0.38543013
-4.328366098,-0.932791944,-0.425922429
-4.209514983,-0.872535348,-0.36818341
-4.084148089,-0.815596764,-0.289073454
-3.951729307,-0.748794124,-0.242207366
-3.812693522,-0.693613899,-0.201715067
-3.667753046,-0.630635408,-0.101984033
-3.519067309,-0.564466377,-0.123354969
-3.366141443,-0.504370996,-0.167971484
-3.205451376,-0.426377095,-0.169846127
-3.036359778,-0.343475537,-0.242957224
-2.860816134,-0.26955698,-0.254954942
-2.681793408,-0.203421692,-0.246331582
-2.497953205,-0.12984056,-0.253080299
-2.31108755,-0.046894011,-0.231334434
-2.118358444,0.03860197,-0.167596555
-1.921602901,0.100170774,-0.147350405
-1.723430233,0.198983794,-0.167596555
-1.519626551,0.272594919,-0.131228471
-1.3183572,0.350633809,-0.130478614
-1.109042474,0.449900477,-0.165721912
-0.903765431,0.497612364,-0.178469487
-0.692070084,0.652261712,-0.136477473
-0.481023315,0.688579883,-0.105358391
-0.275607559,0.930914726,-0.062991448
-0.057482659,0.951643865,0.000746431
0.022404995,0.261651103,-0.026623364
-0.004201729,0.080258954,-0.031122508
0.003854893,0.14002066,-0.03937094
0.001702962,0.050835499,-0.127104255
0.00125683,0.073739154,-0.168721341
0.003063852,0.031598528,-0.143976047
0.000945662,0.046827641,-0.113231894
0.003629953,0.01909506,-0.089611386
0.001373049,0.009947095,-0.043495155
0.003221311,0.02633095,0.011994292
0.002643963,0.013193872,0.032615371
0.002947633,0.009812125,0.083980603
0.003258801,0.004098396,0.073857528
0.003101342,0.015597088,0.005620504
0.003851144,-0.000880497,-0.009751572
0.003517483,0.006869029,-0.061491733
0.004162312,-0.000546821,-0.07086495
0.004214798,-0.011531877,-0.093735601
0.00473966,0.007528883,-0.156723623
0.00553445,-0.004599669,-0.125979469
0.006460455,-0.001472865,-0.109857535
0.007592656,0.006771551,-0.128978899
0.008316215,0.000465454,-0.079113382
0.008511164,-0.002578869,-0.032247294
0.008916057,-0.000520577,-0.049119086
0.009463412,-0.000831758,-0.078738453
0.009545891,0.002936154,-0.121105396
0.010591864,-0.005319509,-0.148100263
0.009797074,-0.011528128,-0.147350405
0.011375408,0.003442292,-0.192716778
0.010753072,-0.01264163,-0.206964069
0.011281682,0.011098089,-0.164972054
0.01246262,-0.01287033,-0.188967491
0.010261952,0.006554099,-0.159723052
0.014352121,-0.001154186,-0.125229612
0.009305954,-0.024065339,-0.127479184
0.015604291,0.03424169,-0.133852972
0.009924541,-0.056353157,-0.185218204
0.014149675,0.079921529,-0.16609684
0.013920985,-0.114334009,-0.187842705
0.009204731,0.283939895,-0.146225619
0.251060864,1.68477453,-0.065990877
0.627521452,1.834238782,0.040113945
0.934254203,1.616337254,0.095228464
1.250224515,1.741791847,-0.003002856
1.545387821,1.692385337,0.149593125
1.82319696,1.730158185,0.063359524
2.092619564,1.622069729,-0.098234746
2.352677141,1.593692291,0.00412079
2.611482548,1.597651411,-0.164222197
2.850219505,1.581050104,-0.146225619
3.080753628,1.614987554,0.008994863
3.300051968,1.610514799,-0.013875788
3.5099103,1.639053451,0.100477465
3.705972276,1.663505511,0.198333856
3.885291174,1.661286005,0.207707074
4.051810951,1.661720908,0.218205077
4.205044237,1.672376038,0.184086566
4.347814035,1.675052943,0.187085995
4.476997422,1.675232903,0.129346975
4.591049804,1.660352463,0.095228464
4.690882192,1.645547006,0.161215915
4.778485308,1.642798868,0.151467769
4.854563968,1.616884632,0.1597162
4.91806095,1.586677602,0.167214774
4.968788805,1.556444327,0.085105389
5.006083956,1.5365625,0.013494007
5.031071108,1.536191332,0.029241012
5.04405393,1.511379352,-0.079488311
5.045579777,1.469058766,-0.221586288
5.036803344,1.43482888,-0.176969773
5.01659618,1.403512097,-0.221211359
4.986090486,1.36560053,-0.287948668
4.946624658,1.319197103,-0.234333864
4.898659824,1.295588604,-0.193091707
4.842630869,1.258269406,-0.211838142
4.777851725,1.19459732,-0.253830156
4.704599819,1.163134319,-0.250455798
4.622593974,1.104399884,-0.322442108
4.532089124,1.045331774,-0.409800495
4.434097501,1.003243636,-0.39705292
4.328124235,0.928957661,-0.464165157
4.214570471,0.88648336,-0.531652323
4.094021054,0.833515142,-0.495284239
3.966333523,0.760998774,-0.467539515
3.832190196,0.703726514,-0.466789658
3.691422369,0.635641659,-0.368558338
3.545342194,0.582744676,-0.247831297
3.396274058,0.525359941,-0.248206226
3.241676133,0.444936581,-0.179594274
3.07904033,0.368303628,-0.115856395
2.908359152,0.293522763,-0.143601118
2.732759272,0.223863259,-0.110982321
2.553185442,0.144133495,-0.11135725
2.36865917,0.075523757,-0.159723052
2.180826271,-0.002402658,-0.155973765
1.985817767,-0.093631114,-0.126354398
1.790029469,-0.159256516,-0.14322619
1.589566155,-0.254076673,-0.155598837
1.38763323,-0.308863236,-0.14322619
1.185059223,-0.415939417,-0.195716208
0.976494299,-0.491185179,-0.224210789
0.773684105,-0.585870366,-0.199090566
0.558843338,-0.708839262,-0.212587999
0.357802677,-0.774464663,-0.185968061
0.141151138,-1.07202847,-0.089986314
-0.036049569,-0.723993391,-0.035996581
-0.047510293,-0.128307151,0.001496289
-0.031816937,-0.179606989,0.058110522
-0.041519375,-0.118922988,0.037114515
-0.034557463,-0.088329794,-0.046494585
-0.038711366,-0.103618893,-0.074239309
-0.036019577,-0.05970866,-0.092985744
-0.037016814,-0.08366958,-0.178469487
-0.037305487,-0.055337133,-0.211463213
-0.036282008,-0.058381456,-0.170970913
-0.037650396,-0.041360242,-0.155223908
-0.036345741,-0.043628487,-0.117356109
-0.037586663,-0.049724631,-0.029247865
-0.03710679,-0.038270929,0.010494577
-0.037504185,-0.03930195,0.017243294
-0.037717878,-0.035725246,0.039364087
-0.037612906,-0.034701723,-0.003377784
-0.038059038,-0.030191477,-0.06224159
-0.037961564,-0.037704805,-0.074239309
-0.03862139,-0.034383044,-0.116231323
-0.039509905,-0.033280789,-0.116606252
-0.040297197,-0.036613798,-0.125229612
-0.041099485,-0.031319976,-0.190842134
-0.04172557,-0.0321073,-0.182968632
-0.041631845,-0.028463111,-0.195716208
-0.042655325,-0.035395319,-0.200590281
-0.042625333,-0.034997907,-0.146600548
-0.042606587,-0.032767154,-0.126354398
-0.043495103,-0.031143765,-0.09710996
-0.042809034,-0.037716053,-0.107982892
-0.044548575,-0.03184111,-0.154474051
-0.043041473,-0.02203704,-0.075364095
-0.045122173,-0.034919175,-0.002627927
-0.044222411,-0.017800483,0.028866084
-0.044552324,-0.05566331,0.059235308
-0.046010689,-0.007134106,-0.014250717
-0.042426635,-0.041431476,-0.088486599
-0.049201096,-0.028740549,-0.189717348
-0.039693607,0.000596675,-0.236208507
-0.052863879,-0.087291275,-0.253830156
-0.034838639,0.125072735,-0.242582295
-0.085600234,-0.763258406,-0.230209648
-0.409109805,-1.841121136,-0.266202803
-0.768872303,-1.657610708,-0.124854683
-1.071968514,-1.678669773,-0.147725334
-1.388838588,-1.734044955,0.009369791
-1.673654627,-1.72098661,0.286067172
-1.951347547,-1.728799872,0.121473473
-2.215292847,-1.60882656,0.221954364
-2.475841544,-1.634864518,0.262071735
-2.727246405,-1.608860302,0.060735023
-2.960985932,-1.623313337,0.164590273
-3.187726057,-1.648916392,0.151467769
-3.401903249,-1.672179967,0.092978891
-3.607000339,-1.697299379,0.116599399
-3.795358099,-1.688515083,0.006370362
-3.969199693,-1.704385303,-0.026248435
-4.129642325,-1.711362501,-0.031122508
-4.277739467,-1.720562954,-0.018749861
-4.415384369,-1.717998525,0.041988588
-4.538246925,-1.710012801,0.053986307
-4.646525832,-1.698161687,0.113225041
-4.740434783,-1.685137085,0.147343553
-4.822920501,-1.68605938,0.133471191
-4.894009229,-1.666848653,0.195334427
-4.951522791,-1.637897593,0.284192528
-4.996799585,-1.624374351,0.202458072
-5.028921103,-1.598310149,0.162340701
-5.048543421,-1.566554713,0.170214204
-5.05733485,-1.541142866,-0.0479943
-5.054800519,-1.505724495,-0.142851261
-5.041562765,-1.47086475,-0.139101974
-5.018142699,-1.440267806,-0.251580584
-4.984832745,-1.406592797,-0.325816467
-4.942907566,-1.365254492,-0.349062046
-4.892730817,-1.325423353,-0.350561761
-4.833710152,-1.288374094,-0.415049497
-4.766261713,-1.239901127,-0.395553205
-4.690239288,-1.188781249,-0.27295152
-4.604994299,-1.131853912,-0.292072884
-4.51153148,-1.082421159,-0.277825593
-4.410476915,-1.030109045,-0.26132873
-4.30124576,-0.965810849,-0.385055201
-4.18472278,-0.911762871,-0.460790799
-4.061436586,-0.848308237,-0.403426707
-3.931177234,-0.786469493,-0.380556057
-3.794267138,-0.722849895,-0.412050068
-3.650496353,-0.653741518,-0.328815896
-3.502560418,-0.597455289,-0.358060335
-3.350995442,-0.534675504,-0.421048356
-3.192431064,-0.456801577,-0.352436404
-3.025682597,-0.37614202,-0.323566894
-2.85181851,-0.306028867,-0.262828445
-2.67451658,-0.229283439,-0.169846127
-2.492265957,-0.148365189,-0.113981751
-2.306986133,-0.074881535,-0.103483747
-2.116206513,0.01635067,-0.059992018
-1.919934592,0.086921222,-0.042370369
-1.722807897,0.174239298,-0.083237598
-1.519660292,0.245109783,-0.034121938
-1.318743348,0.329735958,-0.038621082
-1.110890736,0.440328856,-0.114731608
-0.906217284,0.492509749,-0.145475762
-0.696760095,0.649862246,-0.160847839
-0.486605591,0.681681418,-0.147350405
-0.284065326,0.901195087,-0.089611386
-0.065419313,0.972451736,-0.005252428
0.022941103,0.287396626,-0.002252998
-0.00298705,0.066222076,-0.018000004
0.003832399,0.153555149,0.034490014
0.002400278,0.0467864,-0.014250717
0.001290571,0.069465105,-0.075739024
0.003877388,0.039040623,-0.043120227
0.001181849,0.038305786,-0.049868943
0.003959866,0.030545013,-0.078738453
0.001845424,0.018588922,-0.112856965
0.003637451,0.023597808,-0.125979469
0.003112589,0.012822705,-0.157098552
0.003045107,0.017767855,-0.187842705
0.003783662,0.01055446,-0.157848409
0.003420008,0.004000917,-0.161222767
0.004076085,0.004713259,-0.106483177
0.004128571,0.010438235,-0.046119656
0.004630939,0.003382305,-0.045744728
0.004668429,-0.005188288,-0.003752713
0.005185792,-0.00127041,0.027741298
0.00610055,0.006152939,0.033365228
0.006940329,-0.00208023,0.031865513
0.007825095,0.005590564,-0.013500859
0.00879234,0.003667242,-0.048744157
0.008886065,-0.009972224,-0.09710996
0.009508401,0.006572845,-0.208088855
0.010010768,-0.002698842,-0.225710504
0.00977458,6.8e-05,-0.242207366
0.010884287,-0.0094061,-0.281949809
0.010213214,-0.012472918,-0.222336145
0.011795297,0.009872111,-0.24408201
0.010794311,-0.012697868,-0.200215352
0.011967751,0.012833952,-0.043870084
0.012323907,-0.015764686,0.010869506
0.011041746,0.004983199,0.137595407
0.014816999,-0.006444259,0.249699088
0.009785827,-0.008708755,0.255323019
0.016886452,0.0252062,0.191210211
0.009219727,-0.04883233,0.080231316
0.016946436,0.086081409,0.028866084
0.010599362,-0.154131406,-0.111732179
0.021141579,0.452843573,-0.217087144
0.294103248,1.814439436,-0.262453516
0.666668614,1.77940348,-0.245581725
0.970638345,1.654661229,-0.254954942
1.288246974,1.758190699,-0.323566894
1.57947382,1.697259253,-0.118105967
1.857879052,1.754681479,-0.098234746
2.125820797,1.632938561,-0.066365806
2.386440725,1.640785566,0.155591984
2.644665035,1.626295039,0.079856387
2.883008346,1.603293906,0.182211922
3.112481499,1.648017707,0.325434685
3.32973288,1.663685471,0.290191388
3.539062602,1.706009806,0.388797636
3.734303545,1.70428519,0.37305063
3.912880138,1.714152995,0.274819311
4.078387683,1.72820112,0.184461494
4.230485018,1.728261107,0.033365228
4.371893927,1.730236917,-0.063366376
4.500799886,1.706392221,-0.205089425
4.614814779,1.706234756,-0.256454657
4.713694917,1.699497505,-0.172470628
4.80051824,1.681951408,-0.163097411
4.876334469,1.687106511,-0.073489451
4.939906432,1.661008567,0.117724186
4.9903906,1.64265265,0.147343553
5.027966928,1.62256087,0.167589703
5.052657907,1.591480283,0.339307047
5.065187099,1.555432052,0.263196521
5.067155329,1.51013088,0.118474043
5.057265441,1.485153936,0.106851253
5.036574655,1.45101403,-0.072739594
5.006203925,1.419464798,-0.241457509
4.966067024,1.382655486,-0.290573169
4.918087194,1.346262332,-0.332940112
4.861882036,1.310877703,-0.430046645
4.797410311,1.247258105,-0.498283669
4.724293369,1.198987593,-0.44879308
4.642040089,1.161076027,-0.488160594
4.551516494,1.100579484,-0.519654604
4.4526551,1.031553589,-0.438670005
4.346235702,0.976133417,-0.469414159
4.232265798,0.926820637,-0.478787376
4.111742625,0.87578324,-0.369308196
3.985314761,0.815372928,-0.314943534
3.851850005,0.747119361,-0.31906775
3.711712011,0.683979656,-0.259829015
3.566014235,0.608313988,-0.234708792
3.416668673,0.549339607,-0.322817037
3.262344425,0.493364559,-0.32769111
3.100199743,0.409851886,-0.385805059
2.929721011,0.329829687,-0.483286521
2.754357319,0.261864806,-0.467914444
2.575600773,0.187432613,-0.487785665
2.391644351,0.111826932,-0.481036948
2.205221079,0.027913098,-0.396303062
2.01148349,-0.064170168,-0.265078017
1.815488996,-0.131261494,-0.165346983
1.61579048,-0.226025413,-0.075364095
1.412931549,-0.286649428,0.038239301
1.210852412,-0.389204114,0.031490585
1.001391474,-0.469803685,0.016868365
0.799267349,-0.553882482,0.069733312
0.585824963,-0.695143558,0.057360665
0.382928542,-0.736523103,0.026241583
0.172046729,-1.042871206,0.049862091
-0.021435928,-0.820995563,0.00412079
-0.052698922,-0.162113381,-0.055867803
-0.031329565,-0.160396263,-0.031497437
-0.04191677,-0.148668871,-0.035621653
-0.035385994,-0.086260254,-0.063741305
-0.038452684,-0.104319987,-0.059992018
-0.037001818,-0.060735932,-0.047619371
-0.036960578,-0.076010034,-0.088111671
-0.038100277,-0.050669421,-0.103858676
-0.036450713,-0.061860682,-0.032247294
-0.03813027,-0.051606713,0.004870647
-0.036810618,-0.043973411,-0.014250717
-0.037871588,-0.049195999,-0.023623934
-0.03752293,-0.033914398,-0.066365806
-0.037650396,-0.040445446,-0.122605111
-0.037995305,-0.039680616,-0.151099692
-0.037897831,-0.037056199,-0.219336716
-0.038377704,-0.036909982,-0.250455798
-0.038220246,-0.032257267,-0.245206796
-0.038778848,-0.031050036,-0.290948097
-0.039618626,-0.03629137,-0.277075736
-0.040529636,-0.037798534,-0.213712785
-0.041388159,-0.037262404,-0.182968632
-0.042122965,-0.027593305,-0.086986885
-0.042055483,-0.031327474,0.008245005
-0.042722807,-0.039331943,-0.007127072
-0.042809034,-0.027053425,-0.039745868
-0.043300154,-0.033258294,-0.081737883
-0.043652561,-0.022726887,-0.124479755
-0.043330146,-0.036070169,-0.133103115
-0.045043444,-0.028721803,-0.12298004
-0.043217676,-0.022059535,-0.072364665
-0.045800744,-0.041067807,-0.082862669
-0.044001219,-0.005589449,-0.093360672
-0.045407098,-0.05822774,-0.044245013
-0.046014438,-0.010313398,-0.035246724
-0.043112704,-0.041888874,0.000746431
-0.049411041,-0.018152905,0.006370362
-0.040004775,-0.009818508,-0.018374932
-0.054258511,-0.07854447,-0.083237598
-0.03218434,0.108591401,-0.098984603
-0.105293784,-0.892488409,-0.095235316
-0.44733846,-1.873483937,-0.07086495
-0.799959094,-1.645354684,0.083230745
-1.104442439,-1.703530493,0.00974472
-1.419561725,-1.739706196,0.145093981
-1.701745959,-1.74822805,0.295065461
-1.979180197,-1.737827864,0.047987447
-2.241847085,-1.628164758,0.134595977
-2.503100596,-1.666679941,0.129721904
-2.753148315,-1.63916856,-0.025873506
-2.986115546,-1.661851015,0.095978321
-3.2112286,-1.686846704,0.077231886
-3.424483536,-1.710837618,0.07310767
-3.629348188,-1.73213663,0.175838134
-3.81716984,-1.735068478,0.172463776
-3.990838979,-1.74777815,0.215955505
-4.150303119,-1.754065502,0.22907801
-4.297777926,-1.77178406,0.178087706
-4.435122907,-1.763011012,0.107601111
-4.557408115,-1.761552586,-0.012376073
-4.665319619,-1.751313614,-0.017250146
-4.758681215,-1.733741273,0.025116797
-4.84049586,-1.738731413,0.023992011
-4.911719552,-1.722460032,0.074232456
-4.969821709,-1.698859032,0.11060054
-5.015555882,-1.679438352,0.039364087
-5.047932333,-1.648635205,0.043113374
-5.067903309,-1.622072363,0.043863232
-5.076646,-1.592382718,-0.103108819
-5.073609302,-1.554538636,-0.12298004
-5.060146607,-1.522993154,-0.14022676
-5.035987987,-1.483983081,-0.253830156
-5.002153171,-1.447289994,-0.276700807
-4.960302973,-1.414139868,-0.2557048
-4.909905031,-1.3719655,-0.222336145
-4.851465463,-1.335231171,-0.245956653
-4.784928034,-1.28362765,-0.228335005
-4.709213028,-1.231720447,-0.21821193
-4.62475908,-1.183764865,-0.363309337
-4.531731146,-1.120066534,-0.410550353
-4.430545366,-1.067998117,-0.443544078
-4.32165537,-1.010605884,-0.553773116
-4.204997426,-0.948193517,-0.591640915
-4.081999906,-0.892893319,-0.575144052
-3.95247536,-0.82366122,-0.580018125
-3.816165105,-0.760600247,-0.569520122
-3.673620247,-0.697677995,-0.444668864
-3.526302899,-0.636195421,-0.3824307
-3.375472728,-0.580857731,-0.350561761
-3.217999312,-0.495567954,-0.292072884
-3.051985652,-0.40760877,-0.326566324
-2.878417736,-0.333982648,-0.325441538
-2.701108308,-0.259456727,-0.287573739
-2.519408789,-0.184870818,-0.29019824
-2.334515114,-0.113985337,-0.2988216
-2.145343818,-0.018392851,-0.227585147
-1.949817951,0.058063891,-0.171720771
-1.753572273,0.140365583,-0.176219915
-1.55098702,0.233067462,-0.109482607
-1.349998845,0.298092997,-0.105358391
-1.142967266,0.406447643,-0.128978899
-0.936722978,0.468068936,-0.074989166
-0.729638913,0.616528411,-0.045369799
-0.516623914,0.670527649,-0.047244442
-0.317255311,0.845737424,0.010494577
-0.095718812,1.022439366,0.112850112
0.021673938,0.396148684,0.118848972
0.000765709,0.065483491,0.158591414
0.00205162,0.157750466,0.212206218
0.004420994,0.043689589,0.147343553
0.000964407,0.079366652,0.105726467
0.004795895,0.042744799,0.070483169
0.001526758,0.031696007,0.020992581
0.00447348,0.040600276,-0.042745298
0.002767681,0.008781104,-0.107982892
0.003644949,0.024512605,-0.104233605
0.003701184,0.008293712,-0.089611386
0.003577467,0.017306708,-0.079113382
0.00458595,0.011641718,-0.0911111
0.003997356,0.004049657,-0.088861528
0.00462719,0.004821985,-0.072364665
0.004615942,0.007060237,-0.107982892
0.00504333,0.007993779,-0.143976047
0.005189541,-0.004952091,-0.176594844
0.005538199,0.00592049,-0.194216493
0.006284252,0.006929016,-0.211463213
0.007210257,-0.000876748,-0.200215352
0.007990052,0.005811765,-0.184468347
0.008871069,0.003086121,-0.168721341
0.009407177,0.000184266,-0.103858676
0.009530895,-0.000696788,-0.086237027
0.010280697,-0.008153879,-0.071239879
0.010303191,-0.000119416,-0.0911111
0.011570356,0.002703706,-0.132728186
0.010850546,-0.003816094,-0.128229042
0.011694073,0.006587842,-0.190842134
0.012166449,-0.015895907,-0.20658914
0.011544113,0.010359503,-0.117356109
0.01371479,-0.008986194,-0.071989737
0.010640602,-0.009642298,-0.029622793
0.015173155,0.018926347,0.019492866
0.011270435,-0.025088862,0.016118508
0.014580811,0.038035846,0.011619364
0.013549833,-0.06681333,0.001496289
0.011135471,0.052998768,-0.002627927
0.020309298,-0.057590382,-0.026248435
-0.001479948,0.067815472,-0.046869514
0.180796918,1.47551483,-0.074614237
0.558790852,1.918512535,-0.022124219
0.876534445,1.634119548,0.095603392
1.18787473,1.75638735,0.0761071
1.490431084,1.722247444,0.277443812
1.767640381,1.771076582,0.302938963
2.039297395,1.67879461,0.080606244
2.298350237,1.634220776,0.186711066
2.558711483,1.660037533,0.05586095
2.80059011,1.639465859,-0.029622793
3.031281692,1.673684497,0.145093981
3.251438555,1.681733957,0.082855817
3.461945466,1.718382054,0.109100826
3.660957913,1.708937905,0.153717341
3.84239875,1.728823482,0.082855817
4.010987981,1.734863388,0.092978891
4.165600902,1.730094449,0.061859809
4.309180487,1.769899344,0.086605104
4.44038459,1.745840946,0.061859809
4.556802598,1.744423761,-0.041620512
4.658711937,1.721463869,0.004495718
4.747252306,1.692407832,-0.025498578
4.824838068,1.723469672,-0.038996011
4.890715672,1.686206712,0.097852965
4.943989104,1.66971413,0.15409227
4.984444671,1.648355132,0.095228464
5.011883675,1.592042658,0.086980032
5.027801971,1.578860591,0.01836808
5.031982117,1.550175722,-0.131228471
5.024731532,1.526657203,-0.117356109
5.00675128,1.478375444,-0.128978899
4.977531496,1.429643784,-0.203964639
4.939415311,1.408378514,-0.220086573
4.893212512,1.361288989,-0.237333293
4.838581938,1.326530471,-0.285699096
4.776337125,1.285975743,-0.336689399
4.705597056,1.235965617,-0.275576021
4.626290498,1.191339295,-0.274076306
4.538173767,1.125136521,-0.348687117
4.441355584,1.06670202,-0.349062046
4.336724464,1.014119967,-0.440544649
4.224062964,0.954860649,-0.548899043
4.104810705,0.895091445,-0.558647189
3.979350086,0.832821547,-0.534276824
3.847493655,0.766753743,-0.550023829
3.709653804,0.693221351,-0.546274542
3.565478127,0.638314815,-0.457041512
3.417485957,0.584206851,-0.487410736
3.265422362,0.509493471,-0.499783383
3.105560827,0.430554781,-0.430796503
2.936896616,0.343641614,-0.427047216
2.762470177,0.269141937,-0.375681984
2.584613393,0.201750678,-0.329940682
2.401770427,0.126471174,-0.362934408
2.216460611,0.045342971,-0.369683124
2.024560036,-0.041330249,-0.295447242
1.829765226,-0.115380026,-0.241832438
1.631862486,-0.212865841,-0.193841564
1.429877074,-0.278746186,-0.10273389
1.229278796,-0.377000579,-0.09973446
1.020612649,-0.454983232,-0.150724764
0.818421041,-0.539017039,-0.140976617
0.606365789,-0.691619342,-0.09973446
0.402093481,-0.717196153,-0.057367517
0.194240868,-1.014868686,0.035239872
-0.007812026,-0.876651932,0.142094551
-0.053696159,-0.196032085,0.198333856
-0.029751232,-0.147986523,0.257572591
-0.039952288,-0.157363187,0.259447234
-0.034336271,-0.079091849,0.180712207
-0.03642447,-0.101418132,0.124847831
-0.036015828,-0.062130622,0.111350398
-0.035299767,-0.089889447,0.082105959
-0.036908092,-0.059300001,-0.001503141
-0.03498485,-0.05562207,-0.037121367
-0.036724391,-0.054201136,-0.074239309
-0.035460974,-0.042320029,-0.12860397
-0.036469458,-0.04721269,-0.098234746
-0.036102055,-0.033873158,-0.102358961
-0.036079561,-0.041626433,-0.11135725
-0.03672814,-0.037464859,-0.099359532
-0.036458211,-0.033839415,-0.167221626
-0.037095543,-0.0381772,-0.221211359
-0.036746885,-0.028489355,-0.217087144
-0.037234256,-0.03754734,-0.229459791
-0.038134019,-0.04357225,-0.226460361
-0.038906315,-0.030990049,-0.196466065
-0.039929794,-0.040610409,-0.209213641
-0.040533385,-0.034289315,-0.223086003
-0.040544632,-0.02478143,-0.220836431
-0.041264442,-0.036025179,-0.234333864
-0.041519375,-0.028399375,-0.221211359
-0.041523124,-0.032283511,-0.198715637
-0.04259534,-0.027195893,-0.195716208
-0.041560614,-0.023660429,-0.201340138
-0.043348891,-0.032126046,-0.223460931
-0.04233291,-0.015513492,-0.162347553
-0.043228923,-0.039418174,-0.084362384
-0.04392249,-0.015640963,-0.040495726
-0.042494117,-0.040134265,0.065234168
-0.046175645,-0.02258067,0.116599399
-0.040964521,-0.017103138,0.118848972
-0.047813962,-0.048588634,0.067858669
-0.040327189,0.026289709,0.044613089
-0.047776472,-0.108901468,0.045737875
-0.042355404,0.112498032,-0.035246724
-0.050565736,-0.443593266,-0.099359532
-0.321990311,-1.745956056,-0.151099692
-0.699260685,-1.740875936,-0.052493444
-1.004752514,-1.646089521,-0.063366376
-1.32165258,-1.780137202,-0.009376644
-1.612463286,-1.727761353,0.282317885
-1.88938391,-1.770771785,0.211456361
-2.156380904,-1.660876232,0.268445523
-2.415156319,-1.669855484,0.383548634
-2.670490143,-1.666623703,0.203582858
-2.905654293,-1.663230708,0.317561183
-3.133061742,-1.699327678,0.38467342
-3.348817267,-1.714309345,0.271070024
-3.555234009,-1.750818724,0.302564035
-3.747363273,-1.744261433,0.213705933
-3.923083121,-1.757874654,0.117724186
-4.086041339,-1.768855962,0.080981173
-4.236387887,-1.781370678,-0.016500289
-4.375671106,-1.790706101,-0.032997152
-4.5014204,-1.778491318,-0.083987455
-4.611839991,-1.7700332,-0.146975477
-4.707949612,-1.753338163,-0.131978329
-4.792219858,-1.742349358,-0.138727045
-4.864909413,-1.735833307,-0.078738453
-4.925504662,-1.717863555,0.086980032
-4.973611958,-1.694476257,0.111725326
-5.009186314,-1.665787639,0.113225041
-5.03203653,-1.632386319,0.179212492
-5.043287309,-1.599037488,0.048362376
-5.043710947,-1.575447735,-0.01050143
-5.032700105,-1.539302026,0.003370932
-5.010967094,-1.495493021,-0.131228471
-4.979216728,-1.463418906,-0.242957224
-4.93831128,-1.423595265,-0.34793726
-4.889277978,-1.38360666,-0.395553205
-4.83296035,-1.341769717,-0.448418151
-4.768518617,-1.297495815,-0.467539515
-4.69519548,-1.249172815,-0.330315611
-4.613553289,-1.191664358,-0.342313329
-4.523010948,-1.136975273,-0.355810763
-4.424108316,-1.081817543,-0.30744496
-4.3169991,-1.019855076,-0.388804488
-4.201627066,-0.958691182,-0.41429964
-4.079656775,-0.900481631,-0.361434693
-3.951478123,-0.835939738,-0.357685406
-3.816644978,-0.771337859,-0.415799355
-3.674943647,-0.704040329,-0.385055201
-3.528814735,-0.646666842,-0.404176565
-3.379570396,-0.584606897,-0.52677825
-3.223926497,-0.503872356,-0.514030674
-3.060188485,-0.424086355,-0.515530389
-2.888266385,-0.340082541,-0.559771975
-2.711939198,-0.270288067,-0.510656316
-2.531431864,-0.194288723,-0.516280246
-2.347336728,-0.123868138,-0.540650612
-2.159597554,-0.035177867,-0.423297929
-1.965376342,0.051172924,-0.300696244
-1.770660261,0.131603782,-0.215962357
-1.569597106,0.217111011,-0.077238738
-1.369486199,0.275429288,-0.022124219
-1.164557814,0.406170205,-0.041995441
-0.958021104,0.454811885,-0.023249006
-0.752954006,0.581128786,-0.00187807
-0.538698085,0.668086942,0.050611948
-0.339914327,0.802816971,0.106101396
-0.118231617,1.045987878,0.142844409
0.018817192,0.483676714,0.128597118
0.004184806,0.054790869,0.113225041
0.000776956,0.162883074,0.158216485
0.00602557,0.061273177,0.131221619
0.00087818,0.073056806,0.100477465
0.005249525,0.054892097,0.120348687
0.001999134,0.031336087,0.138345264
0.004717166,0.034811564,0.123348116
0.003326283,0.009111031,0.077981743
0.003862391,0.025318675,0.103851824
0.00458595,0.002403773,0.081356102
0.003779913,0.012631498,0.022867225
0.004945855,0.013032658,0.019117938
0.004507221,0.008788602,-0.050243872
0.005017087,0.011064346,-0.116606252
0.005125808,0.006321651,-0.164972054
0.005564442,0.00906979,-0.224960646
0.005793132,0.003468536,-0.253455227
0.006021821,0.006179183,-0.240707652
0.006505444,0.00470951,-0.256829586
0.007281489,-0.001570343,-0.28157488
0.008196247,0.003149857,-0.246331582
0.00905477,0.005365614,-0.262078588
0.009902047,-0.00190027,-0.229459791
0.009860807,0.004402078,-0.185968061
0.010640602,0.007738836,-0.173595414
0.010663096,-0.008809983,-0.116606252
0.01125169,0.001391498,-0.141351546
0.011506623,-0.003223726,-0.128978899
0.011409149,0.003288576,-0.097484888
0.012875012,-0.007276574,-0.098984603
0.0112142,-0.008847475,-0.038996011
0.014044703,0.013688762,-0.04499487
0.011978998,-0.020578615,-0.010126501
0.013819762,0.01671059,0.0356148
0.013662304,-0.023056814,-0.014625646
0.012020237,0.021494526,0.001871217
0.017291345,-0.023356747,-0.022499148
0.008278725,-0.005536961,-0.033747009
0.0227649,0.038129575,-0.072364665
-0.001247509,-0.129986777,-0.145475762
0.086681771,1.011206865,-0.113231894
0.434874824,1.955100646,-0.095610245
0.778951464,1.660206245,0.042738446
1.082557541,1.737427817,0.02999087
1.395258716,1.746695756,0.11359997
1.675493464,1.755026403,0.34718055
1.950449607,1.756676036,0.172838705
2.210143529,1.636016626,0.242200514
2.469972417,1.666126178,0.328809044
2.717313351,1.639402123,0.215955505
2.949137134,1.666129928,0.374925274
3.173245453,1.691909193,0.347555479
3.384873319,1.713958038,0.251573732
3.58724113,1.732385189,0.285317315
3.772093566,1.723983308,0.182586851
3.942898461,1.739861026,0.110975469
4.100949225,1.755007657,0.068233597
4.247093133,1.76312835,0.016118508
4.38176507,1.756934728,0.009369791
4.502078299,1.757425869,-0.109107678
4.607410484,1.745488524,-0.140976617
4.698653889,1.727511273,-0.090736172
4.778609026,1.723349699,-0.108732749
4.847137179,1.697934103,-0.010876359
4.903076158,1.665515064,0.076856957
4.945983577,1.645700722,0.028491155
4.976594244,1.62040135,0.04161366
4.995279309,1.597542685,0.055486021
5.002038774,1.560643393,-0.067490592
4.998016087,1.505691867,-0.100109389
4.98263015,1.476339646,-0.086611956
4.956180884,1.452693656,-0.184843275
4.920111659,1.408817167,-0.282699666
4.875266001,1.362706174,-0.346062616
4.822787359,1.328888697,-0.367808481
4.762330824,1.294493848,-0.40267685
4.693671455,1.246035877,-0.369308196
4.616951714,1.190368261,-0.267327589
4.53168798,1.126628689,-0.313818748
4.437970228,1.081286276,-0.294697384
4.336053391,1.023785317,-0.256454657
4.226008701,0.954699435,-0.37680677
4.108368516,0.906785094,-0.416549212
3.984426245,0.833631367,-0.40267685
3.854373088,0.771777626,-0.438295077
3.717556717,0.715615119,-0.493034667
3.574944377,0.647114107,-0.449542938
3.428478054,0.592278805,-0.462665442
3.277842832,0.522788013,-0.558272261
3.120474389,0.449270617,-0.495659168
2.954232038,0.359751781,-0.484786235
2.780840326,0.283306286,-0.523028963
2.604201971,0.214902752,-0.475038089
2.422554938,0.134404409,-0.463790228
2.237946188,0.067181863,-0.470538945
2.047740165,-0.030656373,-0.377556627
1.853443973,-0.101403136,-0.296946957
1.657355754,-0.191233153,-0.29319767
1.456108897,-0.264038207,-0.196466065
1.256804028,-0.344982701,-0.135352687
1.049708715,-0.45337484,-0.150724764
0.8473559,-0.517485578,-0.087736742
0.637842477,-0.674440664,-0.011251287
0.430690929,-0.708618061,0.007120219
0.226988471,-0.962099174,0.01836808
0.015221892,-0.956018027,0.088479747
-0.055034556,-0.265695339,0.100102537
-0.028982685,-0.122762134,0.112100255
-0.037376719,-0.170736462,0.163465487
-0.033995111,-0.075590128,0.121848401
-0.034100084,-0.11266563,0.106101396
-0.03509732,-0.057747847,0.173213633
-0.033080353,-0.075653863,0.206207359
-0.035622182,-0.06339784,0.155966913
-0.033335286,-0.041990102,0.157841557
-0.035029838,-0.052903924,0.161965772
-0.034062594,-0.037048701,0.0761071
-0.034355016,-0.043546006,0.037114515
-0.034808647,-0.040051783,-0.028872936
-0.034553714,-0.035417814,-0.107233034
-0.035134811,-0.03206606,-0.130853542
-0.034902372,-0.032092304,-0.170595985
-0.035344755,-0.034349302,-0.224210789
-0.035442229,-0.036340109,-0.282699666
-0.035772142,-0.032047314,-0.302570887
-0.036308251,-0.03076135,-0.350936689
-0.037196766,-0.036310115,-0.370432982
-0.03793907,-0.032328501,-0.321692251
-0.038838832,-0.029734078,-0.298446671
-0.039191239,-0.025864939,-0.23545865
-0.039221231,-0.034495519,-0.184843275
-0.040064759,-0.033348274,-0.113231894
-0.039554893,-0.024803925,-0.048744157
-0.040747079,-0.029970276,-0.088861528
-0.040465903,-0.01997125,-0.08548717
-0.04112198,-0.037554839,-0.109107678
-0.041568112,-0.018977721,-0.128978899
-0.04070209,-0.031638655,-0.087361813
-0.043273911,-0.02586119,-0.100859247
-0.040237213,-0.018104165,-0.032247294
-0.044199917,-0.044393317,0.008994863
-0.04062711,0.000855367,-0.000753284
-0.043637565,-0.067795612,0.001871217
-0.043168939,0.017899076,-0.015375503
-0.039922296,-0.078476985,-0.005252428
-0.050070866,0.019136301,-0.080238168
-0.026871992,-0.075728847,-0.086611956
-0.201744564,-1.409494651,-0.132353257
-0.581200611,-1.856267767,-0.072364665
-0.902112118,-1.610322477,0.034115085
-1.212890051,-1.771765314,-0.04499487
-1.515941274,-1.735593361,0.242575443
-1.792820659,-1.780673333,0.311562324
-2.064856323,-1.698364142,0.191960068
-2.322645748,-1.657906892,0.356553768
-2.580993776,-1.680368146,0.221579436
-2.820649241,-1.649478767,0.224578865
-3.049560042,-1.700471174,0.366301914
-3.26890337,-1.704707731,0.26357145
-3.477303338,-1.738525209,0.309312751
-3.673534019,-1.752164675,0.297315033
-3.852331804,-1.753686836,0.217080291
-4.018544163,-1.761762539,0.228328152
-4.17127883,-1.771442886,0.1192239
-4.313756206,-1.784377509,0.113974899
-4.443134541,-1.779259897,0.100477465
-4.557336884,-1.772875067,-0.022124219
-4.657094291,-1.748752933,-0.043495155
-4.743418995,-1.747253267,-0.07086495
-4.819152746,-1.738667677,-0.117731038
-4.882432286,-1.711171293,-0.064491163
-4.933175136,-1.696249613,-0.005252428
-4.971707461,-1.665843877,-0.074239309
-4.997433168,-1.636780342,-0.019874647
-5.011746888,-1.608541623,-0.023998863
-5.014933547,-1.572493392,-0.161222767
-5.007169347,-1.535132953,-0.102358961
-4.988416799,-1.504431033,-0.142101404
-4.959534426,-1.470486084,-0.244456939
-4.92142199,-1.425222403,-0.276700807
-4.874555616,-1.385166313,-0.311194247
-4.819865058,-1.341908436,-0.339688828
-4.7568442,-1.295103847,-0.412050068
-4.685594265,-1.24649591,-0.305570317
-4.606220225,-1.191675605,-0.271451805
-4.518470897,-1.138190003,-0.331065468
-4.422488743,-1.088277356,-0.259829015
-4.318446218,-1.025876237,-0.299946386
-4.206204607,-0.962039188,-0.371932697
-4.086045088,-0.903462218,-0.422548071
-3.959504753,-0.843711759,-0.424422715
-3.826354914,-0.781415617,-0.461540656
-3.686063211,-0.707324599,-0.479537234
-3.540912791,-0.646411899,-0.391803918
-3.392590708,-0.585900359,-0.446918437
-3.238783824,-0.513713917,-0.450667724
-3.077156505,-0.437245927,-0.375307055
-2.907093913,-0.350733922,-0.392928704
-2.73222884,-0.276151763,-0.403426707
-2.553018664,-0.196661945,-0.40567628
-2.369497126,-0.128438372,-0.442044364
-2.183208819,-0.040085526,-0.448418151
-1.989388751,0.048031123,-0.395178276
-1.794811383,0.116982035,-0.377931556
-1.595094123,0.2164849,-0.32769111
-1.394971969,0.271852584,-0.238458079
-1.19263415,0.377744028,-0.20958857
-0.986029958,0.439410311,-0.158223338
-0.783448454,0.566398312,-0.087736742
-0.569211277,0.673845661,0.004870647
-0.370405026,0.755063844,0.061859809
-0.151136678,1.048739766,0.075357242
0.010505637,0.60551711,0.131221619
0.009279711,0.068167893,0.128972047
-0.001213768,0.156820673,0.146593696
0.006970321,0.072333217,0.184086566
0.000679482,0.054565919,0.141719622
0.005388239,0.060062197,0.146218767
0.002355289,0.024966254,0.172088847
0.004327269,0.043438395,0.165340131
0.003952368,0.016950537,0.136470621
0.003708682,0.025963532,0.116599399
0.004825887,0.010119556,0.124847831
0.003802407,0.009152271,0.067108811
0.004930859,0.006194179,0.011619364
0.004604695,0.006021718,-0.023998863
0.005290764,0.009096034,-0.082112811
0.005065824,-0.000123165,-0.088111671
0.005444474,0.006287909,-0.116981181
0.006010574,0.006475367,-0.173970343
0.005939343,0.006152939,-0.193841564
0.006790368,0.006246668,-0.263578302
0.007817597,0.007221451,-0.317193106
0.008522411,0.005927989,-0.325816467
0.009384683,0.006677822,-0.353936119
0.009917043,0.003689737,-0.320942393
0.010089497,0.002572485,-0.273326449
0.01098551,0.003191098,-0.210338427
0.010618108,-0.003343699,-0.156348694
0.011772803,0.001387749,-0.146975477
0.011499125,-0.007197841,-0.091486029
0.011990245,0.006265414,-0.056992589
0.012856266,-0.002976281,-0.028872936
0.011889022,0.004732005,0.022117367
0.014415855,-0.001975253,0.028491155
0.011540364,-0.011996774,0.043863232
0.01534186,0.010794406,0.040863802
0.012065225,-0.033565726,0.029615941
0.01462205,0.038879409,0.02136751
0.014929469,-0.042286286,-0.03074758
0.010629355,0.038437007,-0.07386438
0.021973859,-0.044363324,-0.180344131
-0.002443443,0.021771964,-0.220461502
0.160117379,1.395477634,-0.253455227
0.535149595,1.93314553,-0.212587999
0.858168045,1.630179175,-0.038996011
1.169380863,1.775230658,-0.07086495
1.475397554,1.745233581,0.138720193
1.754263913,1.784052446,0.283067742
2.028470254,1.724174516,0.189710496
2.287864256,1.651748127,0.401170283
2.549260229,1.679098293,0.350929837
2.793984355,1.659876319,0.290566316
3.025414491,1.686420414,0.42516572
3.246399886,1.700299827,0.313811896
3.458035249,1.744135075,0.292066031
3.659664505,1.748641573,0.270320167
3.8437259,1.756578557,0.163090558
4.013923456,1.770405482,0.149968054
4.169638586,1.774762013,0.099352679
4.31458656,1.793931498,0.100102537
4.448823612,1.792064414,0.062984595
4.568428278,1.780014594,-0.014250717
4.673524275,1.753819171,0.019117938
4.764733939,1.744479999,0.008245005
4.843946772,1.732823842,-0.015000574
4.912677372,1.72002044,0.066733882
4.968140226,1.701537051,0.132346405
5.010324087,1.663351796,0.053611378
5.040874769,1.646904204,0.075732171
5.059038723,1.622587114,0.050611948
5.06590316,1.588064793,-0.143976047
5.062202887,1.545275562,-0.139101974
5.047064385,1.501863969,-0.188217634
5.021226208,1.470123529,-0.33631447
4.985726832,1.42525351,-0.39705292
4.941109864,1.386663345,-0.457041512
4.888496258,1.350202706,-0.463415299
4.827953495,1.303259398,-0.479537234
4.758855492,1.253785403,-0.39705292
4.681265981,1.20035229,-0.290573169
4.596020991,1.148887488,-0.323191966
4.502539427,1.091776442,-0.258329301
4.400885021,1.028190587,-0.238833008
4.291961284,0.975207373,-0.348312189
4.175074651,0.920364573,-0.404176565
4.051364819,0.848538051,-0.430046645
3.92120669,0.787565364,-0.475038089
3.784090398,0.730832984,-0.507656886
3.640908208,0.661855828,-0.493034667
3.493459645,0.603481313,-0.558647189
3.342771937,0.540465331,-0.555272831
3.185677171,0.461196714,-0.461915585
3.020000921,0.378587591,-0.488910451
2.846909129,0.304759014,-0.475787947
2.670083323,0.230409303,-0.39405349
2.488537514,0.150863248,-0.406051208
2.303321424,0.082684664,-0.439044934
2.113666506,-0.013327728,-0.377556627
1.917896953,-0.082732289,-0.36818341
1.721812483,-0.163852994,-0.34793726
1.519380939,-0.256412404,-0.262078588
1.319082582,-0.321111761,-0.245581725
1.113333164,-0.43768458,-0.205464354
0.907636232,-0.486266273,-0.162347553
0.70228046,-0.634440812,-0.110607393
0.489347939,-0.69702189,-0.104233605
0.290549186,-0.86425344,-0.09411053
0.069207636,-1.070153887,-0.012001145
-0.054644659,-0.45849995,-0.029247865
-0.035532206,-0.096720427,0.054736164
-0.034977352,-0.193568883,0.13384612
-0.037961564,-0.084741842,0.113974899
-0.033822657,-0.102959039,0.191210211
-0.037579165,-0.073977986,0.232077439
-0.034043849,-0.067968073,0.279693384
-0.036806869,-0.067413197,0.278193669
-0.035108567,-0.04393217,0.233577154
-0.03597084,-0.07175848,0.208456931
-0.036015828,-0.048914812,0.109100826
-0.035356002,-0.044438307,0.061859809
-0.036371984,-0.040422951,-0.009751572
-0.035775891,-0.037884765,-0.095985173
-0.036390729,-0.035020402,-0.093360672
-0.036278259,-0.036178895,-0.123729897
-0.036578179,-0.037532344,-0.17771963
-0.036551936,-0.027994465,-0.222336145
-0.036881849,-0.032658428,-0.257204514
-0.037867839,-0.03606267,-0.32469168
-0.038617641,-0.038544618,-0.346062616
-0.039494909,-0.034765459,-0.343438115
-0.040319691,-0.029925286,-0.338189114
-0.040447158,-0.030228968,-0.233584006
-0.041046999,-0.03220103,-0.197215922
-0.041425649,-0.025778708,-0.140976617
-0.041238199,-0.030637627,-0.093735601
-0.04252036,-0.029584112,-0.137602259
-0.041485633,-0.02208203,-0.09411053
-0.042992735,-0.036355105,-0.103858676
-0.042396643,-0.019258908,-0.097859817
-0.042846524,-0.037566086,-0.036746439
-0.044042458,-0.014606193,-0.065990877
-0.042081726,-0.031897347,-0.034121938
-0.045999442,-0.025325059,-0.000753284
-0.040972019,-0.014853638,-0.003377784
-0.047409069,-0.061017119,-0.009376644
-0.041144474,0.027560677,-0.009001715
-0.046325605,-0.105354757,-0.030372651
-0.04460481,0.098161221,-0.108732749
-0.043457613,-0.357399939,-0.129728756
-0.296358329,-1.690952041,-0.201340138
-0.676605418,-1.768717242,-0.087736742
-0.984560346,-1.643498847,-0.03074758
-1.301940286,-1.79313931,-0.017625075
-1.596267563,-1.746784621,0.297689962
-1.874455352,-1.789393893,0.238451227
-2.143720497,-1.677237592,0.21445579
-2.402923299,-1.681222955,0.308562894
-2.660922669,-1.682171494,0.153717341
-2.898744868,-1.673765864,0.267320737
-3.126950856,-1.713098365,0.308187965
-3.34308878,-1.724904489,0.223454079
-3.551155086,-1.765710411,0.256072876
-3.746246068,-1.765961605,0.185211352
-3.924968873,-1.779319884,0.209206788
-4.090285218,-1.78918019,0.229452938
-4.241591513,-1.800435187,0.160466057
-4.383465298,-1.811626447,0.221204507
-4.51209758,-1.802677188,0.193459783
-4.626434887,-1.791392198,0.097103107
-4.726001095,-1.773130011,0.047987447
-4.811733455,-1.766583967,-0.019874647
-4.887733386,-1.757795922,-0.03337208
-4.951125396,-1.737651653,0.04161366
-5.001808262,-1.715760273,0.030740727
-5.04052054,-1.68578569,-0.03074758
-5.065905086,-1.656669667,-0.001503141
-5.079960125,-1.627954805,-0.114731608
-5.083146783,-1.591689122,-0.179594274
-5.075487556,-1.558134087,-0.116981181
-5.057406081,-1.518179224,-0.188592562
-5.028808633,-1.476574729,-0.256829586
-4.991134831,-1.441430047,-0.304820459
-4.945074494,-1.395795199,-0.333315041
-4.890211482,-1.355120497,-0.384305344
-4.827524286,-1.315694267,-0.404926422
-4.756289347,-1.262486103,-0.275201092
-4.676161756,-1.20841938,-0.30182103
-4.588000037,-1.15434141,-0.34493783
-4.491410543,-1.099757302,-0.306695103
-4.387525476,-1.045109459,-0.391803918
-4.275808727,-0.984174264,-0.470164016
-4.156391511,-0.920880843,-0.488910451
-4.030192337,-0.85822853,-0.476537804
-3.896990012,-0.796269813,-0.526028392
-3.757121946,-0.726752777,-0.504657456
-3.610651875,-0.654922505,-0.472788517
-3.461028886,-0.601331927,-0.541400469
-3.307360715,-0.532186058,-0.46041587
-3.145778384,-0.45031552,-0.373057483
-2.976446849,-0.37304146,-0.369308196
-2.801454309,-0.298275591,-0.354685976
-2.622401592,-0.221248976,-0.353186262
-2.438703851,-0.142985136,-0.388054631
-2.252479277,-0.062715492,-0.43154636
-2.058677954,0.029915153,-0.396677991
-1.862612229,0.097238927,-0.378681413
-1.663131156,0.194282339,-0.344187973
-1.459822344,0.255401244,-0.268452375
-1.25852675,0.351668579,-0.250080869
-1.049361984,0.43986396,-0.201715067
-0.846683005,0.513400102,-0.125979469
-0.633495552,0.661409677,-0.03637151
-0.429361957,0.699298749,0.024741868
-0.218532631,1.001672736,0.105351539
-0.019025315,0.823332408,0.152967483
0.019503261,0.141385356,0.103101966
-0.003309465,0.122103396,0.141719622
0.007626398,0.115718566,0.149968054
0.001837926,0.045575419,0.136470621
0.004600946,0.076622263,0.172463776
0.003922376,0.024823785,0.211831289
0.003783662,0.047828668,0.233952083
0.00511831,0.022083145,0.188960639
0.003386267,0.021524519,0.16271563
0.005350748,0.018697648,0.128972047
0.004166061,0.011030604,0.083980603
0.005163298,0.016830563,0.060360095
0.005009589,0.00628041,-0.008626786
0.005174545,0.00709023,-0.071239879
0.00560943,0.002568736,-0.070115093
0.005493211,0.00547434,-0.109482607
0.006198025,0.000367976,-0.157098552
0.006302997,-0.000494333,-0.163097411
0.007206508,0.009260997,-0.224960646
0.008083777,0.002936154,-0.290573169
0.008642379,-0.00235017,-0.338938971
0.009913294,0.008406187,-0.39405349
0.01041941,-0.004760884,-0.371932697
0.010576868,-0.002252692,-0.305570317
0.011349164,0.002591231,-0.250080869
0.011337917,-0.003748609,-0.182218774
0.012413883,0.004705761,-0.150349835
0.011750309,-0.005844393,-0.128978899
0.012890008,0.005894246,-0.072364665
0.012826274,-0.014872384,-0.04499487
0.012597585,0.003884693,-0.006752143
0.014528325,-0.004438455,0.034490014
0.011761556,-0.006140577,0.044613089
0.016140399,0.003607255,0.031115656
0.011656583,-0.026656013,-0.005627357
0.01636534,0.039884185,-0.012751002
0.013501096,-0.058595158,-0.042745298
0.013429865,0.068958967,-0.074614237
0.019510759,-0.082094931,-0.13722733
0.002426521,0.158132881,-0.173220486
0.207583595,1.585436628,-0.205464354
0.587410794,1.882145625,-0.189717348
0.902008968,1.641689115,-0.080238168
1.217345697,1.793084187,-0.07386438
1.518796093,1.739613581,0.18558628
1.798153574,1.808002118,0.298439819
2.071595116,1.712360894,0.198708785
2.331858888,1.666744791,0.361802769
2.593224869,1.690087098,0.267695666
2.837566596,1.666261148,0.288316744
3.070136431,1.699812435,0.43078965
3.289614724,1.707899386,0.310437537
3.500567768,1.754070365,0.302564035
3.701619676,1.768024761,0.225328723
3.886498355,1.763971913,0.117724186
4.057621916,1.7835838,0.111725326
4.21400812,1.782241599,0.080606244
4.359286006,1.781229324,0.130471761
4.492705774,1.797909363,0.120348687
4.612910282,1.779800892,0.068608526
4.719153476,1.76416312,0.071607955
4.810989225,1.768369684,0.048737305
4.891341756,1.756128657,0.037114515
4.960683445,1.738293875,0.114724756
5.016809874,1.713399413,0.170589132
5.060238406,1.680541722,0.095228464
5.091029025,1.656929474,0.092229034
5.109856553,1.632976053,-0.028872936
5.11789818,1.583213372,-0.187467776
5.114396604,1.549954521,-0.15184955
5.100334068,1.525607437,-0.235083721
5.075504374,1.480523716,-0.314568606
5.040293673,1.443695658,-0.34493783
4.996486491,1.402574805,-0.415049497
4.944120319,1.357955981,-0.469414159
4.883922465,1.314791833,-0.510281387
4.815424304,1.260713862,-0.379806199
4.738052235,1.214137973,-0.296572028
4.652462337,1.158747795,-0.316443249
4.55849715,1.102866475,-0.237333293
4.456988956,1.05276637,-0.274451235
4.348222678,0.982364531,-0.401177135
4.231819666,0.924211217,-0.450292795
4.109062083,0.87038819,-0.450292795
3.979957425,0.807154756,-0.523403891
3.843680912,0.745398494,-0.560146904
3.700869874,0.674872932,-0.523028963
3.553188872,0.61702705,-0.631008428
3.402171251,0.556380541,-0.641881361
3.245421394,0.475571017,-0.563146334
3.080682397,0.395608804,-0.533152038
2.908092972,0.314240655,-0.451042652
2.730922258,0.245769636,-0.395553205
2.550047521,0.168619298,-0.39105406
2.364505267,0.093695965,-0.396303062
2.175768857,0.009193512,-0.346437545
1.98005179,-0.07670363,-0.334814755
1.783337486,-0.142407764,-0.325816467
1.581543274,-0.239012524,-0.233209078
1.37869559,-0.303535671,-0.243332153
1.174067126,-0.415392039,-0.251955513
0.964782392,-0.48191724,-0.193091707
0.761102427,-0.593848591,-0.173220486
0.545942994,-0.701644612,-0.144725904
0.346079522,-0.782439139,-0.050243872
0.128438245,-1.079103147,0.043488303
-0.040559628,-0.671632538,-0.011251287
-0.045073436,-0.111885804,0.034490014
-0.031771949,-0.183352406,0.083980603
-0.04062711,-0.113512942,0.025491725
-0.033815159,-0.094077265,0.134595977
-0.038149015,-0.102869059,0.205457501
-0.035228536,-0.061294558,0.25194866
-0.036638164,-0.079170581,0.281193099
-0.036503199,-0.050695665,0.241450657
-0.035637178,-0.057612877,0.230952653
-0.036926837,-0.040925339,0.156341842
-0.035922103,-0.04186263,0.095228464
-0.036968076,-0.044108381,0.019492866
-0.036514446,-0.034772957,-0.067865521
-0.036795622,-0.040272984,-0.101609104
-0.036791873,-0.03372694,-0.151099692
-0.037001818,-0.03161241,-0.165346983
-0.03737297,-0.0305364,-0.197215922
-0.037616655,-0.034724218,-0.242207366
-0.038448935,-0.035290342,-0.282699666
-0.039288714,-0.032932117,-0.321692251
-0.040255958,-0.035380322,-0.30744496
-0.041106983,-0.031619909,-0.33631447
-0.041279438,-0.034799202,-0.285699096
-0.041894276,-0.037562337,-0.211838142
-0.042115467,-0.027851997,-0.190092277
-0.042239184,-0.039110742,-0.105358391
-0.043045222,-0.026674759,-0.101234175
-0.042362902,-0.024560229,-0.116606252
-0.044061203,-0.033085833,-0.135352687
-0.04259534,-0.015918402,-0.151474621
-0.044409861,-0.042158814,-0.106108248
-0.044012466,-0.008723752,-0.100109389
-0.043097708,-0.037824779,-0.064491163
-0.04634435,-0.015547234,-0.041245583
-0.041508128,-0.022464445,-0.061491733
-0.048991151,-0.044974438,-0.07086495
-0.040147237,0.018191511,-0.045744728
-0.049999635,-0.104072542,-0.020624505
-0.039404933,0.124821541,-0.012001145
-0.063552306,-0.56629597,-0.041245583
-0.359375438,-1.803082098,-0.107233034
-0.731892068,-1.714215616,0.004870647
-1.037035239,-1.680765557,-0.008626786
-1.355742328,-1.792813132,0.071233027
-1.644944708,-1.755831359,0.346055764
-1.924324683,-1.793011838,0.227578295
-2.192285172,-1.671298913,0.258697377
-2.453100049,-1.69217052,0.299189676
-2.710252143,-1.682973816,0.092978891
-2.948824143,-1.686138112,0.212581147
-3.176970147,-1.720810399,0.270320167
-3.391882145,-1.741292093,0.226828437
-3.600060922,-1.78099951,0.296565176
-3.79478825,-1.779526088,0.218954935
-3.973765987,-1.798313159,0.209206788
-4.139119822,-1.802789663,0.191210211
-4.290546085,-1.809616894,0.106476325
-4.432116201,-1.821479256,0.147343553
-4.561374568,-1.815484339,0.160091129
-4.67629672,-1.808045994,0.158591414
-4.776901404,-1.786173359,0.143969195
-4.863601009,-1.776642979,0.070858098
-4.939810884,-1.769939471,0.022117367
-5.004672506,-1.740935922,0.074607385
-5.056101425,-1.725541847,0.013494007
-5.095477277,-1.7055213,-0.064116234
-5.121967782,-1.666391255,-0.026248435
-5.136292749,-1.635790562,-0.170221056
-5.140023014,-1.599487387,-0.235083721
-5.132573731,-1.561568323,-0.203964639
-5.114181088,-1.529464214,-0.245206796
-5.085921051,-1.488748271,-0.229084862
-5.048438449,-1.449010861,-0.248206226
-5.002595555,-1.410240735,-0.270701948
-4.948969716,-1.36782642,-0.366683695
-4.886743648,-1.319169744,-0.408300781
-4.815924849,-1.272492627,-0.316818178
-4.736700769,-1.22307487,-0.356185691
-4.648557795,-1.162604572,-0.350561761
-4.552260724,-1.110075007,-0.335564613
-4.448150717,-1.049383508,-0.412799925
-4.336025326,-0.988035905,-0.461915585
-4.217117975,-0.93114606,-0.486660879
-4.091796069,-0.866536682,-0.484786235
-3.959767184,-0.807078658,-0.517405032
-3.82069016,-0.735049681,-0.476162875
-3.674842424,-0.668636955,-0.478787376
-3.525271921,-0.615290072,-0.543275113
-3.371390057,-0.542799947,-0.491909881
-3.210306344,-0.464213679,-0.484411307
-3.041507169,-0.384071506,-0.43454579
-2.866038505,-0.314974377,-0.352436404
-2.687679354,-0.241220783,-0.35656062
-2.504409,-0.155987243,-0.366308766
-2.317877007,-0.091171662,-0.368558338
-2.125916448,0.007832565,-0.36218455
-1.928658538,0.078013203,-0.378306485
-1.729976004,0.164682674,-0.31906775
-1.52527256,0.255697428,-0.270701948
-1.323159682,0.322282616,-0.268827304
-1.113777474,0.424267429,-0.237708222
-0.908148024,0.475439796,-0.200590281
-0.697566132,0.641685315,-0.097859817
-0.48603949,0.685156895,0.00674529
-0.282903132,0.898027042,0.158966343
-0.063859725,0.978829067,0.183336708
0.02477062,0.289188728,0.139844979
-0.000895102,0.071973297,0.195334427
0.005894355,0.148208838,0.105351539
0.004338516,0.041676287,0.069358383
0.003206315,0.085897699,0.117349257
0.005635673,0.034894045,0.13947005
0.00315008,0.036000049,0.173588562
0.005856865,0.027358222,0.172463776
0.003652447,0.014671044,0.163840416
0.005463219,0.030642491,0.125972617
0.004975847,0.00790005,0.115474613
0.00526827,0.015030964,0.112100255
0.005808128,0.006336648,0.062984595
0.005493211,0.007825067,0.005620504
0.006239264,0.007416408,-0.05361823
0.005796881,0.00165019,-0.113606822
0.006539185,0.005658049,-0.146975477
0.006734133,0.00448456,-0.151099692
0.006854101,0.00763011,-0.179594274
0.007870083,0.003161104,-0.220836431
0.008777344,0.001668936,-0.257204514
0.009530895,-0.000130664,-0.337439256
0.010550625,-0.003141244,-0.353186262
0.010741825,0.005084426,-0.316818178
0.011187957,0.001893886,-0.317193106
0.011686575,-0.01179057,-0.24408201
0.0114054,-0.005420737,-0.202089996
0.012732549,1.56e-05,-0.188217634
0.011881524,-0.004625914,-0.115856395
0.013306148,0.005031938,-0.075364095
0.013084956,-0.012154239,-0.019499719
0.013167434,0.009163519,0.012369221
0.014723273,-0.008558789,0.016868365
0.012188943,-0.000700537,0.049487162
0.016361591,-0.002571371,0.005995433
0.011566607,-0.023143044,-0.045744728
0.017280098,0.030428789,-0.065615949
0.012837521,-0.059240015,-0.095235316
0.0150007,0.080585131,-0.110982321
0.01738882,-0.108639026,-0.172095699
0.007453943,0.240074653,-0.186717919
0.234778913,1.664810221,-0.201715067
0.613638868,1.851728641,-0.113981751
0.922707252,1.632372437,0.008245005
1.236398166,1.77454831,0.00674529
1.532045095,1.722157464,0.268820452
1.808474598,1.790482266,0.305938393
2.077327352,1.690405778,0.187460924
2.33548793,1.652970355,0.34718055
2.5932961,1.65753309,0.250448945
2.831193279,1.647961469,0.292815889
3.06018281,1.686120481,0.441287654
3.27785033,1.689603456,0.271444953
3.485807915,1.732576397,0.257572591
3.680805172,1.737094142,0.217830149
3.858763179,1.745930926,0.080606244
4.024120763,1.754816449,0.094853535
4.176383055,1.758261933,0.060735023
4.317934426,1.765565308,0.097478036
4.446015603,1.754299064,0.072732742
4.559449399,1.747569312,-3.43e-06
4.659038101,1.734728418,0.062609667
4.745988889,1.712949513,0.025491725
4.821531441,1.708308045,0.037864373
4.884885961,1.684542082,0.144719052
4.935388875,1.631487634,0.132346405
4.97308517,1.620633798,0.011244435
4.998379741,1.60156554,-0.021749291
5.011609997,1.562581712,-0.112482036
5.013690698,1.530443861,-0.271076876
5.005011739,1.490301541,-0.226085432
4.985291947,1.457818766,-0.2557048
4.955322361,1.406683891,-0.370432982
4.916306414,1.366027935,-0.416924141
4.868877688,1.336342039,-0.458916155
4.813534803,1.291378291,-0.472788517
4.750094055,1.243119026,-0.451417581
4.677884374,1.187785085,-0.31906775
4.597006981,1.137182592,-0.2557048
4.507743053,1.081200045,-0.271451805
4.410212558,1.026713416,-0.230584577
4.304794146,0.970565906,-0.317942964
4.191855219,0.908858382,-0.42854693
4.072164326,0.850480119,-0.433795932
3.945983897,0.789668646,-0.446918437
3.81354262,0.733648608,-0.518904747
3.674818003,0.66665476,-0.537276253
3.530064978,0.604017444,-0.520029533
3.381847868,0.545627933,-0.610762279
3.228393391,0.472297995,-0.599514418
3.066597366,0.389238971,-0.504282528
2.896486037,0.307263457,-0.482536663
2.721343537,0.244063766,-0.432296217
2.542290819,0.1629918,-0.378306485
2.358982975,0.093568493,-0.372307625
2.173373239,0.015072205,-0.331065468
1.980198001,-0.074469127,-0.254954942
1.785541904,-0.141061813,-0.249331012
1.586023341,-0.239511163,-0.21821193
1.384379089,-0.298875458,-0.171720771
1.181561397,-0.408943473,-0.18071906
0.973112692,-0.47895165,-0.20358971
0.770212522,-0.58630152,-0.191966921
0.555874122,-0.702248228,-0.110607393
0.356115622,-0.769343303,-0.098609674
0.140693758,-1.071053687,-0.052493444
-0.032641719,-0.700002477,0.015368651
-0.042164204,-0.116482281,0.016118508
-0.027531818,-0.17847849,0.071233027
-0.03649945,-0.120137718,0.068608526
-0.029597523,-0.087527472,0.05886038
-0.03407759,-0.094609647,0.128222189
-0.031382052,-0.056416893,0.215580576
-0.032506755,-0.078349514,0.238451227
-0.032544245,-0.047771316,0.199083714
-0.031603243,-0.056225685,0.221954364
-0.032900401,-0.043238574,0.196834141
-0.0317682,-0.039238214,0.129721904
-0.033031616,-0.043163591,0.077606815
-0.03240928,-0.035042897,-0.014625646
-0.032840416,-0.038417147,-0.05661766
-0.033039114,-0.035594025,-0.09710996
-0.033065357,-0.033629462,-0.140601689
-0.033567724,-0.028575586,-0.175095129
-0.033522736,-0.034120603,-0.224960646
-0.034058845,-0.03683125,-0.259829015
-0.034849886,-0.029959028,-0.2988216
-0.035798385,-0.028796787,-0.305570317
-0.036585677,-0.030802591,-0.327316181
-0.037253001,-0.028508101,-0.299571458
-0.037200515,-0.025201337,-0.238833008
-0.037916576,-0.026633518,-0.204714496
-0.038149015,-0.021684619,-0.160097981
-0.03843019,-0.029497881,-0.191966921
-0.039179992,-0.020998522,-0.168721341
-0.038208999,-0.027735773,-0.138727045
-0.040057261,-0.030382684,-0.16047291
-0.038797593,-0.016619496,-0.076488881
-0.040469652,-0.044513291,-0.06224159
-0.039689858,-0.009728529,-0.03074758
-0.039678611,-0.042166313,0.026241583
-0.041890527,-0.011685593,-0.022499148
-0.037819102,-0.031949835,0.013119078
-0.044788511,-0.035174118,-0.006752143
-0.035644676,0.009954593,-0.027373221
-0.047664002,-0.098879947,-0.061491733
-0.032326802,0.132518579,-0.119230753
-0.071886356,-0.685508202,-0.138352117
-0.385134886,-1.850295345,-0.188967491
-0.750513401,-1.68268513,-0.034496867
-1.052582383,-1.680600594,-0.053243302
-1.367900368,-1.766179057,0.053611378
-1.652345254,-1.741168371,0.32993383
-1.928707275,-1.76800865,0.158966343
-2.192243933,-1.65036357,0.229827867
-2.450880635,-1.67697515,0.310437537
-2.702360477,-1.656538447,0.17696292
-2.93527897,-1.670466598,0.317186254
-3.16097687,-1.70242074,0.313811896
-3.374258049,-1.720817898,0.267695666
-3.578346656,-1.752265902,0.3269344
-3.766344511,-1.743031706,0.232077439
-3.939365072,-1.76050282,0.21745522
-4.099766464,-1.765965355,0.189710496
-4.24784861,-1.774967102,0.131971476
-4.385733449,-1.783039057,0.160466057
-4.508704726,-1.762009984,0.065234168
-4.616455023,-1.746312226,-0.014250717
-4.710525182,-1.737629158,-0.028872936
-4.792426054,-1.726182954,-0.066740735
-4.863297339,-1.710473949,-0.030372651
-4.92176315,-1.687847732,0.055111093
-4.96747108,-1.663339434,-0.02474872
-5.000477364,-1.632123878,-0.03337208
-5.021393091,-1.600758355,0.037489444
-5.031084282,-1.569936461,-0.133103115
-5.029393478,-1.532174861,-0.164222197
-5.016973008,-1.495204335,-0.144350976
-4.99405531,-1.457041574,-0.253455227
-4.961191488,-1.417349154,-0.314943534
-4.920334777,-1.378402818,-0.403801636
-4.871380205,-1.337330704,-0.392178846
-4.814106579,-1.292535669,-0.400052349
-4.748986275,-1.240463502,-0.392928704
-4.674665901,-1.191536886,-0.283449523
-4.591422883,-1.140671951,-0.319817607
-4.499493409,-1.082582373,-0.319817607
-4.399042435,-1.025628792,-0.32206718
-4.290789771,-0.963587593,-0.435295647
-4.174956609,-0.906589022,-0.499408455
-4.052716389,-0.847063514,-0.483661449
-3.923870413,-0.790766037,-0.483286521
-3.7883512,-0.7318179,-0.516280246
-3.646346199,-0.655256181,-0.447668294
-3.499977351,-0.597481533,-0.447668294
-3.349814504,-0.5380685,-0.47466316
-3.192292351,-0.454154666,-0.402301921
-3.026421152,-0.372494082,-0.378306485
-2.853374349,-0.307805971,-0.371557768
-2.676541045,-0.236035687,-0.360309907
-2.495208929,-0.155409872,-0.357685406
-2.311230013,-0.086995091,-0.382055772
-2.12220118,0.007296434,-0.359934978
-1.927432612,0.080832576,-0.304820459
-1.731486855,0.165537484,-0.294697384
-1.529107798,0.241506834,-0.209963498
-1.328749456,0.318432222,-0.167971484
-1.121342976,0.428976382,-0.181468917
-0.916395846,0.476485813,-0.117731038
-0.707939643,0.638610999,-0.044619942
-0.496311778,0.68203009,-0.003002856
-0.295079917,0.888237969,0.025116797
-0.074833077,0.998028546,0.080981173
0.02480811,0.3234786,0.056985736
0.000147123,0.075032616,0.036364658
0.005062075,0.151823034,0.106101396
0.005189541,0.03806209,0.075732171
0.002985123,0.083591962,0.063734453
0.005965586,0.035370189,0.147718482
0.003116338,0.030462531,0.163090558
0.006014323,0.034946534,0.142844409
0.003824901,0.017756607,0.137595407
0.005376992,0.026360943,0.133096262
0.005215784,0.008005027,0.111350398
0.005122059,0.020002358,0.079481458
0.005931845,0.012564013,0.04423816
0.005594434,0.012316568,-0.011626216
0.006344236,0.007191458,-0.040120797
0.006010574,0.000311738,-0.033747009
0.006550432,0.005073179,-0.072739594
0.006790368,0.002958649,-0.146600548
0.006970321,0.006816541,-0.189717348
0.007937565,0.002452512,-0.290948097
0.008852324,0.00093035,-0.356935549
0.009538393,0.004057155,-0.350186832
0.010666845,0.005586815,-0.366683695
0.010918028,0.001406495,-0.291697955
0.011023001,0.001488976,-0.211088284
0.011817791,-0.000123165,-0.163472339
0.01170532,-0.003062511,-0.116231323
0.012890008,-0.001694066,-0.107607963
0.012110213,-0.011359416,-0.05361823
0.01333614,0.001747669,-0.0479943
0.013418618,-0.00819512,-0.050993729
0.013351136,0.013782491,0.014618793
0.014989453,-0.004809623,0.00412079
0.012518856,-0.002342671,-0.009751572
0.016702751,0.004090897,-0.017250146
0.01200899,-0.020998522,-0.020249576
0.017126389,0.036412457,-0.032247294
0.013231167,-0.060447246,-0.104608533
0.01477576,0.077327106,-0.141726475
0.018955906,-0.098542522,-0.212962928
0.005069573,0.19531336,-0.226085432
0.221818586,1.633999575,-0.236208507
0.601836985,1.866069201,-0.175470058
0.913683385,1.627914679,-0.021374362
1.227108119,1.776269177,0.008245005
1.52486949,1.722843562,0.257947519
1.802202504,1.791438303,0.305938393
2.072078738,1.683998453,0.190835282
2.330659205,1.654106352,0.356178839
2.589843262,1.675596572,0.245574872
2.829431244,1.642315225,0.217080291
3.058990625,1.685528113,0.321685398
3.277722864,1.688441215,0.208456931
3.487427487,1.723132248,0.222329293
3.684546684,1.73220148,0.193834712
3.864285471,1.725677931,0.116224471
4.031195145,1.745878438,0.142094551
4.184889559,1.751719638,0.125972617
4.328075498,1.749128965,0.145843838
4.458113659,1.750189979,0.106851253
4.573583167,1.736970419,0.0356148
4.674555253,1.720912741,0.049112234
4.762214605,1.716946124,0.02136751
4.839402972,1.706339733,0.005620504
4.904759463,1.686465404,0.083605674
4.957343077,1.650889568,0.09635325
4.99716881,1.618729222,0.017618223
5.024127941,1.594895774,0.024741868
5.039487635,1.553759924,-0.057742446
5.043828989,1.518776456,-0.205839283
5.036844583,1.487369693,-0.23245922
5.018781853,1.44467419,-0.266577732
4.99016566,1.399909148,-0.343813044
4.951888268,1.359226948,-0.429671716
4.905797939,1.328232593,-0.44016972
4.85160225,1.290943388,-0.432671146
4.789203728,1.243381468,-0.418798784
4.718932284,1.186780309,-0.281949809
4.639775687,1.132878549,-0.225335575
4.552161323,1.084829238,-0.25270537
4.456336628,1.02984022,-0.214087714
4.35238033,0.968143944,-0.302945816
4.240284931,0.904003212,-0.462665442
4.121107652,0.847784468,-0.499033526
3.995954451,0.791839413,-0.512905888
3.864116765,0.73035684,-0.600639204
3.725635834,0.669451638,-0.583767412
3.581621364,0.607969065,-0.51515546
3.434094071,0.546478993,-0.562021548
3.281947998,0.480782358,-0.499783383
3.121857773,0.400553954,-0.425547501
2.952833657,0.31511796,-0.413549782
2.777822373,0.249590036,-0.350936689
2.599182046,0.175720219,-0.328815896
2.415709246,0.099717125,-0.371557768
2.229964545,0.027646907,-0.382805629
2.037505368,-0.06024854,-0.302195958
1.842496864,-0.125990166,-0.305195388
1.644556634,-0.226479062,-0.262078588
1.442271301,-0.286769401,-0.168346413
1.241298122,-0.374061233,-0.196840994
1.03193091,-0.468540216,-0.16609684
0.82883954,-0.546226685,-0.13722733
0.61533717,-0.701622117,-0.134227901
0.409662732,-0.732470255,-0.109482607
0.201214027,-1.017260654,-0.05961709
-0.002668384,-0.886129824,-0.005252428
-0.050157094,-0.199470071,0.00112136
-0.025923493,-0.145560813,0.076856957
-0.036180784,-0.157209471,0.13384612
-0.030755967,-0.076808607,0.125597688
-0.032990377,-0.103333956,0.164590273
-0.032604229,-0.053230102,0.234327011
-0.031573251,-0.073505591,0.245949801
-0.033275302,-0.052978907,0.182211922
-0.031258334,-0.050500709,0.147343553
-0.033151584,-0.046384124,0.111725326
-0.03195565,-0.038300923,0.040488873
-0.032596731,-0.046864018,0.00974472
-0.0325255,-0.037806033,-0.047244442
-0.032581735,-0.040760375,-0.09710996
-0.03316658,-0.038548368,-0.067115663
-0.032844165,-0.037108688,-0.091486029
-0.03332029,-0.029467887,-0.154848979
-0.033380274,-0.03161616,-0.187467776
-0.033856398,-0.03458175,-0.263953231
-0.034898623,-0.031061283,-0.329940682
-0.035644676,-0.033329528,-0.353936119
-0.036222023,-0.031192504,-0.373432411
-0.037125535,-0.026292344,-0.310069461
-0.03710679,-0.026232357,-0.211838142
-0.037852843,-0.027278375,-0.163847268
-0.038066536,-0.025070116,-0.131228471
-0.038160262,-0.037191169,-0.110232464
-0.039168745,-0.024192811,-0.099359532
-0.038325218,-0.02990654,-0.098234746
-0.0400985,-0.033059589,-0.104233605
-0.03869637,-0.015284793,-0.06524102
-0.040383425,-0.041971356,-0.041995441
-0.039967284,-0.003703619,-0.043495155
-0.039734846,-0.04114279,-0.005252428
-0.042411639,-0.012982805,0.012369221
-0.037736623,-0.025066367,0.005995433
-0.044882237,-0.037888514,-0.011626216
-0.035993334,0.0166656,-0.043495155
-0.047056662,-0.104451208,-0.145475762
-0.033762673,0.130471534,-0.196091136
-0.065707987,-0.635535568,-0.233958935
-0.370026376,-1.839910156,-0.268077447
-0.738317871,-1.70084609,-0.083612526
-1.041807729,-1.676690214,-0.087736742
-1.358546588,-1.770426862,0.036739586
-1.645267123,-1.744621353,0.351679694
-1.922169002,-1.768589771,0.214080862
-2.186507948,-1.647165532,0.265071165
-2.44582697,-1.679168412,0.343806192
-2.69901636,-1.662312162,0.15109284
-2.933025815,-1.667677219,0.270695095
-3.159713454,-1.699983782,0.27519424
-3.374134332,-1.717466143,0.178837564
-3.579685052,-1.746904595,0.254573161
-3.770041035,-1.740433534,0.183336708
-3.944561199,-1.754327943,0.187085995
-4.106398463,-1.761050198,0.210331575
-4.255597814,-1.772867569,0.162340701
-4.394618603,-1.777276588,0.19420964
-4.520172948,-1.767071359,0.128597118
-4.630183897,-1.752790785,0.049112234
-4.725884876,-1.734821033,0.033365228
-4.809285352,-1.72247128,0.002621075
-4.881566265,-1.707219673,0.010494577
-4.9414567,-1.684998366,0.072357813
-4.988757959,-1.659417806,0.012369221
-5.023844943,-1.631951416,-0.028123079
-5.046650171,-1.597890243,-0.003377784
-5.05790095,-1.567536995,-0.146225619
-5.058459553,-1.534795528,-0.181468917
-5.048292237,-1.4924412,-0.170595985
-5.026589219,-1.450045631,-0.280825023
-4.995232499,-1.40680275,-0.344187973
-4.955174327,-1.368733719,-0.388429559
-4.906204758,-1.332074373,-0.370807911
-4.850104573,-1.292925582,-0.386554916
-4.785981506,-1.2469908,-0.352811333
-4.712737097,-1.19336273,-0.229459791
-4.6314998,-1.140267041,-0.275201092
-4.541328611,-1.084550685,-0.273326449
-4.442564692,-1.03103134,-0.258329301
-4.336055318,-0.969203844,-0.390304203
-4.22111442,-0.90493564,-0.487410736
-4.099466544,-0.853560818,-0.503157742
-3.971441601,-0.789168892,-0.526028392
-3.836645947,-0.718635832,-0.565020977
-3.695180803,-0.657400704,-0.48628595
-3.548894433,-0.60122695,-0.466414729
-3.399638847,-0.54197888,-0.488535522
-3.243226401,-0.468371504,-0.389554346
-3.078524893,-0.382283154,-0.331440397
-2.906434087,-0.300776285,-0.330315611
-2.729469568,-0.236714286,-0.317568035
-2.54867731,-0.159650179,-0.300696244
-2.364199775,-0.09293377,-0.364434123
-2.175763285,-0.007272825,-0.366308766
-1.980563582,0.070938527,-0.297696814
-1.784737793,0.143994776,-0.291697955
-1.582951079,0.24166055,-0.210338427
-1.381726716,0.292139321,-0.161222767
-1.176475917,0.408565922,-0.150724764
-0.968926974,0.468792525,-0.116606252
-0.763365007,0.593137364,-0.085862099
-0.54822057,0.682442498,-0.032247294
-0.348480815,0.809048085,-0.005627357
-0.125748382,1.056466797,0.069358383
0.018442291,0.51152177,0.067858669
0.006880345,0.056305532,0.05586095
0.001706711,0.157533014,0.143594266
0.007435198,0.061070722,0.137220478
0.002077863,0.071260955,0.136470621
0.006722886,0.051694058,0.19158514
0.003251303,0.029633965,0.222704222
0.006048064,0.045601663,0.201708214
0.004923361,0.009028549,0.147343553
0.005163298,0.022210617,0.114724756
0.005931845,0.008267468,0.050611948
0.005144553,0.015548349,0.008619934
0.006269256,0.011248055,0.00674529
0.005710653,0.005556821,-0.065990877
0.006509193,0.008409937,-0.083237598
0.006355483,0.003678489,-0.050993729
0.00670789,0.007742585,-0.116981181
0.007139026,0.000165521,-0.187092848
0.007288987,0.000472952,-0.227210218
0.007592656,-0.001712812,-0.286823882
0.007641394,-0.002387661,-0.328440967
0.008113769,0.001312765,-0.368933267
0.008289972,-0.002211451,-0.370058053
0.008289972,-0.002946287,-0.271451805
0.008057534,-0.008982444,-0.193841564
0.007828844,-0.006043098,-0.140976617
0.007716374,-0.003186234,-0.092610815
0.007603903,-0.006822925,-0.082112811
0.007600154,-0.004659656,-0.057742446
0.007408955,-0.007640243,-0.067865521
0.007221504,-0.003733612,-0.067865521
0.007240249,-0.00599061,-0.034496867
0.007157771,-0.008120136,-0.048744157
0.007082791,0.001391498,-0.025498578
0.006992815,-0.002410156,-3.43e-06
0.006831607,-0.00576566,-0.017250146
0.006929082,-0.00280007,-0.014250717
0.006749129,-0.002965033,-0.03074758
0.0066704,-0.007051624,-0.084737312
0.006752878,-0.007898936,-0.164972054
0.006535436,-0.002293932,-0.208838712
0.006374228,-0.007482778,-0.217462072
0.006258009,-0.007681484,-0.213337856
0.006243013,-0.001060457,-0.16047291
0.006209272,-0.00527077,-0.095235316
0.006239264,-0.002953786,-0.037121367
0.006093052,-0.007201591,-0.015750432
0.005969335,-0.012217975,-0.038246154
0.006051813,-0.004813372,-0.093735601
0.005841869,-0.009514826,-0.138727045
0.005778136,-0.01084578,-0.139101974
