0.00470217,0.014213646,-0.126729327
0.005317007,-0.009552318,-0.118480895
0.00360371,0.009096034,-0.107233034
0.006209272,-0.000644299,-0.118480895
0.00254274,-0.006238055,-0.116606252
0.007120281,0.028764159,-0.109482607
0.002209078,-0.050283257,-0.112856965
0.006029319,0.081274978,-0.115856395
0.003959866,-0.127714783,-0.113231894
0.005054577,0.332975237,-0.101234175
0.182326515,1.812992258,-0.085862099
0.417783088,2.576412436,-0.063366376
0.573228289,2.828802542,-0.211088284
0.733415988,2.629879292,-0.142851261
0.87840895,2.417267837,0.175088277
1.010520314,2.432860619,0.016118508
1.131257181,2.317607507,0.072357813
1.23225551,2.354064397,0.181836993
1.325722078,2.308789468,-0.073489451
1.405680964,2.263420811,0.102352109
1.476008642,2.255221385,0.100852394
1.530388032,2.212645855,0.046862661
1.57322797,2.192295382,0.167589703
1.604573442,2.166039973,-0.051743587
1.624604403,2.133980854,-0.002252998
1.636646223,2.077930823,-0.064116234
1.638307034,2.026421031,-0.217462072
1.632439834,1.956154162,-0.026998293
1.618287321,1.884796285,-0.19796578
1.595399615,1.821757808,-0.248956083
1.563765468,1.743535209,-0.152224478
1.522837526,1.651433197,-0.304445531
1.474449054,1.556080658,-0.260203944
1.418247645,1.454733203,-0.19796578
1.355189297,1.35103502,-0.1747202
1.285982572,1.231196678,-0.135727616
1.211208568,1.113791545,-0.131228471
1.130698578,0.989626665,-0.192716778
1.043680307,0.861911326,-0.305195388
0.956129677,0.749807513,-0.303695673
0.863191719,0.601572988,-0.340438686
0.766538492,0.4740751,-0.377931556
0.663905594,0.309831636,-0.328815896
0.553223572,0.165271293,-0.295447242
0.44265402,0.014337368,-0.337814185
0.323566717,-0.146348138,-0.384305344
0.212187379,-0.278210055,-0.298071743
0.089733466,-0.583129726,-0.243332153
-0.003163253,-0.431753399,-0.234708792
-0.003264477,-0.049240989,-0.101984033
0.003911129,-0.087793663,-0.023998863
-0.00067766,-0.058193997,-0.162347553
0.003311287,-0.030847581,-0.04499487
0.000634494,-0.043860936,0.064859239
0.002160341,-0.01615085,-0.133852972
0.001234335,-0.031668648,0.06448431
0.001485519,-0.013796374,0.111350398
0.001646727,-0.019570089,-0.044619942
0.001009395,-0.016473278,0.036739586
0.001684217,-0.012577895,-0.098609674
0.000926917,-0.016049622,-0.076488881
0.001305567,-0.011351917,-0.03074758
0.000968156,-0.011895546,-0.095610245
0.000855685,-0.012491664,0.064859239
0.000855685,-0.012199229,-0.011626216
0.000623247,-0.008828729,-0.035621653
0.000559514,-0.009661044,0.092978891
0.000248346,-0.009064926,-0.02774815
0.00019586,-0.009057428,0.031115656
0.000147123,-0.009184899,0.09635325
-0.000186539,-0.010197174,0.013868936
-0.000284014,-0.008495053,0.004870647
1.59e-05,-0.007621497,-0.081737883
6.84e-05,-0.012161737,-0.161597696
-0.000100312,-0.008678762,-0.161222767
-6.66e-05,-0.011261937,-0.17771963
7.96e-05,-0.013293985,-0.218586858
3.84e-05,-0.006969142,-0.209213641
0.00015837,-0.008108889,-0.241832438
0.000297083,-0.00886622,-0.279325308
0.000180864,-0.011389409,-0.236208507
0.00011713,-0.00900119,-0.22683529
0.000177115,-0.005484473,-0.188592562
0.000304581,-0.007756467,-0.165346983
0.000222103,-0.005386994,-0.161222767
0.00034582,-0.009076174,-0.117731038
0.000465788,-0.010512104,-0.163847268
0.00038331,-0.007662738,-0.149974906
0.000454541,-0.009507328,-0.098234746
0.000488282,-0.009124913,-0.138352117
0.00057451,-0.009964726,-0.125604541
0.000540769,-0.008251357,-0.088861528
0.000634494,-0.006204312,-0.109107678
0.00072447,-0.007130356,-0.150724764
0.0004208,-0.007542765,-0.084362384
-2.91e-05,-0.013395213,-0.048744157
-0.00029901,-0.011393158,-0.055117945
-0.000778883,-0.010129689,0.014618793
-0.00128125,-0.011273185,-0.019874647
-0.001183776,-0.010422124,-0.040495726
-0.001764873,-0.013653905,-0.011626216
-0.00150994,-0.006091837,-0.012001145
-0.001997311,-0.019641323,0.026616511
-0.002345969,-0.013076534,0.025866654
-0.001817359,-0.011723085,-0.016500289
-0.002945811,-0.010857027,-0.034496867
-0.001539932,-0.005885633,-0.058117375
-0.003388194,-0.020477387,-0.110607393
-0.00177612,0.006411631,-0.125229612
-0.002582157,-0.029355413,-0.10573332
-0.002930815,0.008447428,-0.082862669
-0.001082553,-0.026888461,-0.08248774
-0.005266448,-0.003782351,-0.107607963
0.001987886,0.003670991,-0.085112241
-0.008366879,-0.056169448,-0.117731038
0.008192498,0.116228452,-0.148100263
-0.046258123,-0.77497455,-0.135727616
-0.287326964,-1.711100059,-0.179219345
-0.520736578,-1.596334339,-0.116981181
-0.711538693,-1.683378726,-0.131978329
-0.89903793,-1.730044595,-0.116231323
-1.054085736,-1.786825714,-0.001503141
-1.200405848,-1.892788393,-0.101234175
-1.321345161,-1.910668165,0.004495718
-1.428360652,-1.974306509,0.049112234
-1.5241741,-1.949655743,-0.059242161
-1.605996244,-1.973436703,0.087354961
-1.675757822,-1.973702893,-0.006377214
-1.728840054,-1.96737805,-0.028123079
-1.771121389,-1.959336089,0.097478036
-1.800378663,-1.93236084,-0.011251287
-1.820207177,-1.924127671,0.041988588
-1.829647184,-1.888806779,0.034115085
-1.828822402,-1.855071783,-0.062991448
-1.820132197,-1.815686794,-0.03337208
-1.801514613,-1.762186195,-0.128229042
-1.773940645,-1.705847478,-0.126729327
-1.737623985,-1.641080635,-0.095235316
-1.691661122,-1.566895887,-0.167221626
-1.637727864,-1.486052621,-0.097484888
-1.576247849,-1.393526953,-0.099359532
-1.506726208,-1.296854708,-0.16909627
-1.431633538,-1.193340235,-0.143976047
-1.349781402,-1.078330818,-0.161597696
-1.261582193,-0.965087259,-0.227210218
-1.168524267,-0.845177683,-0.257204514
-1.073749294,-0.738971309,-0.259079158
-0.975581467,-0.601815569,-0.317568035
-0.869998098,-0.466425686,-0.36218455
-0.760643226,-0.324268559,-0.351686547
-0.642110777,-0.169967883,-0.353186262
-0.524189416,-0.054579801,-0.340063757
-0.400333373,0.121642248,-0.299571458
-0.276818489,0.211446021,-0.277450664
-0.153348594,0.483395526,-0.275201092
-0.02600972,0.607695376,-0.226460361
0.013201175,0.16276685,-0.192341849
-0.003268226,0.039539262,-0.155598837
0.001912906,0.084038113,-0.172095699
-0.000610177,0.01720548,-0.109482607
-0.00010781,0.043085973,-0.003002856
0.000600753,0.012938929,-0.157848409
-0.000613926,0.023387855,-0.050993729
0.000881929,0.012905187,0.023242153
-0.000445221,0.006970257,-0.127854113
0.000641992,0.014866,0.034115085
0.000132127,0.001189043,-0.006002285
0.000559514,0.01005957,-0.047244442
0.000623247,0.000334233,0.037489444
0.000495781,-0.000464339,-0.042370369
0.001013144,0.003401051,0.083605674
0.000818195,0.001657689,0.068233597
0.00133181,0.000251751,0.016868365
0.001313065,0.001230284,0.175088277
0.001339308,0.0020551,0.072732742
0.001642978,-0.002526381,0.054736164
0.001717958,0.000765387,0.092978891
0.002021628,0.003588509,-0.019874647
0.002100357,0.001451485,-0.021374362
0.001781691,-0.000951731,-0.082112811
0.001830428,-4.82e-05,-0.124854683
0.001886663,0.002711204,-0.123354969
0.001924153,0.000229256,-0.162722482
0.002017879,0.000514193,-0.165346983
0.001695464,0.000352979,-0.182593703
0.001500515,-0.002811317,-0.191966921
0.00148177,9.05e-05,-0.182218774
0.00151926,0.000656661,-0.20958857
0.001470523,-0.001142938,-0.208838712
0.001380547,0.000990337,-0.187467776
0.001845424,0.001384,-0.229834719
0.002475258,4.18e-05,-0.218586858
0.002812669,-0.000625553,-0.199090566
0.003502487,0.001657689,-0.240707652
0.003922376,0.001586454,-0.218961787
0.00416981,0.006812792,-0.19496635
0.004765903,0.001578956,-0.206964069
0.004570954,0.001275274,-0.217837001
0.005736896,0.008717368,-0.200215352
0.005260772,-0.001904019,-0.151474621
0.006051813,0.013685013,-0.153724193
0.006299248,-0.005079563,-0.086611956
0.005781885,0.009909603,-0.010876359
0.007596405,-0.001169183,-0.041995441
0.004709668,-0.001195427,0.00974472
0.008706112,0.021183345,0.027366369
0.004833385,-0.023536707,-0.005252428
0.008087526,0.045564172,0.022492296
0.006580424,-0.04793253,0.00674529
0.005088318,0.063631403,-0.005627357
0.012680063,-0.058422697,-0.040495726
-0.006706068,0.090644144,-0.058117375
0.16659192,1.575347622,-0.032997152
0.510237423,2.136770234,-0.006002285
0.788890089,1.982600779,0.000746431
1.055017313,2.220050458,-0.01050143
1.302943094,2.277907588,0.154467198
1.525911714,2.466089477,0.113225041
1.740478804,2.537571076,0.107601111
1.933252898,2.574271662,0.29806489
2.11963493,2.678292273,0.166839845
2.285307431,2.75463654,0.303688821
2.43678618,2.872562807,0.376424989
2.573066443,2.958639909,0.276693954
2.695017989,3.049152275,0.373425559
2.802869508,3.099788511,0.199083714
2.893513072,3.147972792,0.226828437
2.970727682,3.175776608,0.193459783
3.032968746,3.170887695,-0.043870084
3.083771581,3.162062158,-0.012001145
3.123477346,3.119865295,-0.205839283
3.151801116,3.110364908,-0.290948097
3.167367006,3.119066723,-0.238458079
3.16992758,3.078920653,-0.29319767
3.162778217,3.037859787,-0.14885012
3.14603139,2.965752077,-0.103858676
3.120110735,2.881163394,-0.111732179
3.086467119,2.811740087,-0.177344701
3.044669406,2.720294179,-0.214462643
2.995478646,2.655137423,-0.172845557
2.940356952,2.574065458,-0.27295152
2.878745722,2.480527515,-0.283824452
2.810405019,2.397086077,-0.33631447
2.73564601,2.292341877,-0.432296217
2.654633653,2.190218344,-0.411675139
2.567210489,2.068947821,-0.494159453
2.473620203,1.949495643,-0.527153178
2.373934027,1.835524746,-0.483661449
2.268103224,1.713009499,-0.508406743
2.158609638,1.59518071,-0.467539515
2.043563768,1.46220904,-0.505782243
1.923355511,1.33759426,-0.48928538
1.800920343,1.210250088,-0.3824307
1.676471956,1.085290385,-0.338938971
1.548956879,0.943152004,-0.229834719
1.414697333,0.792877932,-0.167971484
1.276763757,0.649131158,-0.173220486
1.131512113,0.480849843,-0.161597696
0.985750605,0.348826711,-0.202089996
0.83773969,0.181793867,-0.237708222
0.686939512,0.05258636,-0.182593703
0.537706419,-0.121232475,-0.18634299
0.381170256,-0.271570282,-0.169471199
0.235270034,-0.437534613,-0.182968632
0.07585838,-0.761548786,-0.222336145
-0.027528069,-0.455721818,-0.152224478
-0.01942271,-0.062610515,-0.11135725
-0.014721451,-0.131325229,-0.064491163
-0.018819119,-0.066577133,0.001496289
-0.014717702,-0.059971102,0.10197718
-0.017930604,-0.059011316,0.061484881
-0.015527488,-0.035016653,0.038989159
-0.017053335,-0.048599882,0.10497661
-0.016112334,-0.026116133,0.011244435
-0.016322278,-0.036178895,0.068983455
-0.016753415,-0.026341083,0.071982884
-0.016112334,-0.027315866,-0.025498578
-0.017019594,-0.0269372,0.009369791
-0.016592207,-0.023679175,-0.094860387
-0.017008347,-0.023907874,-0.09973446
-0.016862136,-0.020567367,-0.090361243
-0.017015845,-0.022648155,-0.158973195
-0.0171883,-0.020233692,-0.057367517
-0.017203296,-0.022539429,-0.124854683
-0.01733826,-0.020931037,-0.172845557
-0.017357005,-0.019146434,-0.11435668
-0.017885616,-0.021729609,-0.163097411
-0.018061819,-0.019603832,-0.156348694
-0.01790811,-0.018182898,-0.159348124
-0.017881867,-0.020349916,-0.140976617
-0.017664424,-0.018314119,-0.13722733
-0.017570699,-0.016499522,-0.176969773
-0.017514464,-0.016334559,-0.198340709
-0.017308268,-0.014752411,-0.23245922
-0.017282025,-0.020878548,-0.222336145
-0.017195798,-0.022205753,-0.185218204
-0.017132065,-0.01597089,-0.172470628
-0.017615687,-0.020117467,-0.191217063
-0.018320501,-0.019450116,-0.171345842
-0.018620421,-0.01687069,-0.151474621
-0.019388969,-0.020109969,-0.163847268
-0.019602662,-0.017508048,-0.122230182
-0.01991383,-0.021673371,-0.09973446
-0.0202175,-0.015127328,-0.101234175
-0.020191257,-0.02051113,-0.059992018
-0.021151003,-0.017215613,-0.057367517
-0.020457436,-0.015273545,-0.085112241
-0.022069511,-0.02927668,-0.069365236
-0.020997294,-0.00841632,-0.026248435
-0.022159487,-0.032347247,-0.007127072
-0.022391926,-0.008180123,0.00674529
-0.021076023,-0.029786567,0.019117938
-0.024367654,-0.014504966,-0.001128212
-0.019752622,-0.012244219,0.007495148
-0.02597223,-0.041825139,-0.01050143
-0.018650414,0.030008882,-0.026623364
-0.02654208,-0.099071154,-0.029622793
-0.019366474,0.124750307,-0.066365806
-0.032720448,-0.481418601,-0.101234175
-0.291454624,-1.854798094,-0.160847839
-0.634294091,-1.952467617,-0.089986314
-0.9036942,-1.925882281,-0.158223338
-1.174766368,-2.093642463,-0.139851831
-1.417312319,-2.126353936,0.12522276
-1.646211874,-2.284692464,-0.059242161
-1.861513769,-2.25683991,0.015743579
-2.062749379,-2.271904059,0.145093981
-2.256250781,-2.257840937,-0.071614808
-2.433803895,-2.218103527,0.167589703
-2.603791506,-2.196673294,0.19720907
-2.760957503,-2.147739179,0.210706503
-2.908162381,-2.138887398,0.307063179
-3.041544659,-2.113550534,0.250074017
-3.161063098,-2.084569481,0.428915007
-3.268217301,-2.056267027,0.200958357
-3.362268715,-2.01372524,0.103851824
-3.444960629,-1.978325615,-0.084737312
-3.515550738,-1.944234449,-0.678999302
-3.573772863,-1.905258119,-0.447293365
-3.619297092,-1.871163203,0.04723759
-3.653079421,-1.823177628,0.287941815
-3.675967127,-1.768151118,0.51439875
-3.68860504,-1.71231104,0.35017998
-3.691131872,-1.654772589,-0.213337856
-3.683768817,-1.600180983,-0.223086003
-3.666969503,-1.542994954,0.322810185
-3.641712423,-1.487874716,0.359553197
-3.608616162,-1.428592903,0.119598829
-3.567369554,-1.363413652,-0.135727616
-3.517897618,-1.295647477,-0.617885924
-3.459967916,-1.222055097,-0.774981049
-3.393797889,-1.148125293,-0.371932697
-3.319773687,-1.079939211,-0.004877499
-3.237415435,-1.013620213,0.111350398
-3.146685644,-0.941452517,-0.037871225
-3.048611543,-0.864418403,-0.467164586
-2.943931685,-0.789127652,-0.965444829
-2.831581354,-0.709930269,-1.000688127
-2.711849221,-0.637271432,-0.569145193
-2.588896689,-0.5731307,-0.344187973
-2.461587808,-0.494769381,-0.246331582
-2.328040574,-0.415586996,-0.186717919
-2.186882849,-0.322277752,-0.370432982
-2.037177382,-0.234371057,-0.56427112
-1.882811895,-0.148473915,-0.312693962
-1.722376761,-0.060690942,-0.078738453
-1.559995891,0.021220837,-0.112856965
-1.39110299,0.121244837,-0.075739024
-1.219773233,0.189978297,-0.344562902
-1.044990638,0.30913804,-0.776105835
-0.865566769,0.373012581,-0.845842573
-0.690206826,0.489319209,-0.596889917
-0.504458376,0.591615203,-0.270327019
-0.33119413,0.656457029,0.117349257
-0.138716208,0.941446133,0.360677983
0.007547668,0.571223489,0.173213633
0.008664873,0.065775926,-0.02474872
-0.001911084,0.141764022,-0.041245583
0.005440725,0.076727239,-0.05661766
-0.000407731,0.058802477,0.097103107
0.003892384,0.062124238,0.203582858
0.001316814,0.030560009,0.127472332
0.002880151,0.048514765,-0.049868943
0.00265521,0.019612445,-0.15184955
0.002299054,0.031875967,-0.099359532
0.003352526,0.019387495,-0.057742446
0.002156592,0.018079036,0.260197092
0.003360024,0.018525186,0.409418714
0.002917641,0.011671711,0.163465487
0.003348777,0.012961424,-0.012001145
0.003524981,0.009500944,-0.233958935
0.003562471,0.012406548,-0.366308766
0.004053591,0.007735087,-0.182218774
0.004072336,0.010217035,0.066358954
0.005020836,0.012942678,0.120723615
0.006051813,0.00897981,0.119973758
0.006640408,0.009928349,0.079856387
0.00780635,0.011964146,-0.138352117
0.008038789,0.005208149,-0.202464924
0.00848867,0.008132498,-0.101984033
0.009223476,0.004555794,-0.116606252
0.00905477,0.005819263,-0.148100263
0.010239458,0.005755527,-0.216712215
0.009493405,-0.001499109,-0.410550353
0.011169212,0.013002665,-0.562771405
0.010610609,-0.006286794,-0.415424426
0.011004256,0.018030297,-0.184093418
0.012230182,-0.005578202,-0.070490022
0.010104493,0.006160437,0.058485451
0.014704528,0.008477422,-0.021749291
0.009474659,-0.01318526,-0.225710504
0.015653028,0.040049148,-0.314568606
0.01007825,-0.05350754,-0.340063757
0.014254647,0.088435885,-0.287948668
0.01435587,-0.119035463,-0.187467776
0.009215978,0.309745405,-0.055867803
0.254416228,1.783760011,-0.115856395
0.63714891,1.919483569,-0.063741305
0.951139744,1.710396331,0.039364087
1.277329857,1.843514219,-0.048369229
1.5820119,1.786032006,0.389547493
1.870884368,1.854128108,0.486279098
2.154024599,1.7487428,0.230577724
2.426097752,1.734357251,0.428165149
2.69717367,1.757887016,0.143219337
2.950621742,1.770015568,0.090354391
3.195064692,1.830677074,0.408668857
3.425295145,1.85326205,0.343806192
3.643213849,1.895837579,0.603631781
3.848295943,1.921440634,0.570638055
4.041373707,1.965208398,0.281568028
4.224854005,1.987797123,0.33555776
4.394935342,1.99931831,0.119598829
4.551479004,2.003149958,0.15671677
4.693457761,1.993034708,0.213331004
4.822877336,1.994905542,0.026241583
4.941825925,1.987141019,0.12222333
5.050052346,1.983343114,0.114349827
5.1460345,1.977498164,0.122973187
5.229584936,1.946113895,0.195709355
5.300163799,1.906766398,0.26919538
5.358194724,1.873091389,0.29806489
5.405312282,1.846682264,0.199833571
5.441329021,1.812426134,0.0761071
5.465810057,1.766551339,-0.155598837
5.47912654,1.721025216,-0.445793651
5.481675867,1.667112209,-0.787728625
5.473705472,1.626130076,-0.768607261
5.455136625,1.586377669,-0.536151467
5.42656542,1.532239711,-0.416549212
5.388561705,1.483103142,-0.299196529
5.341106737,1.431855792,-0.410550353
5.285471428,1.387608135,-0.382805629
5.222165646,1.340098703,-0.32769111
5.151238125,1.283062641,-0.346062616
5.072595143,1.234904604,-0.122230182
4.985723083,1.18295241,-0.172470628
4.890858134,1.123633106,-0.304820459
4.788356452,1.067350626,-0.369308196
4.678330506,1.006171735,-0.461165727
4.560472879,0.940801277,-0.344187973
4.43553712,0.880739637,-0.230959505
4.304104328,0.820160613,-0.124479755
4.166688115,0.754332756,-0.213712785
4.022902335,0.687357655,-0.422173142
3.873016915,0.625380192,-0.617510995
3.719888602,0.565925917,-0.770481905
3.562988784,0.501950149,-0.596514988
3.399078318,0.426550671,-0.495659168
3.227587353,0.344867592,-0.325816467
3.049156971,0.26526155,-0.065990877
2.865163059,0.19684302,-0.147725334
2.677974989,0.120873669,-0.125604541
2.486044422,0.045144265,-0.029622793
2.291189628,-0.029944032,-0.028498007
2.090580103,-0.123253275,0.031115656
1.88768743,-0.182988737,-0.012001145
1.681953009,-0.27975846,-0.127479184
1.472240887,-0.345901247,-0.332565183
1.264770674,-0.430932332,-0.482536663
1.049228842,-0.531897372,-0.413174854
0.840671416,-0.614090339,-0.305195388
0.622516524,-0.761871215,-0.145475762
0.410637475,-0.764713083,0.040863802
0.195620504,-1.043193635,-0.025498578
-0.01661845,-0.92602095,-0.162722482
-0.068857155,-0.207313326,-0.104233605
-0.043318899,-0.142853915,-0.185968061
-0.053546199,-0.159747657,-0.183718489
-0.048020158,-0.075867566,-0.035246724
-0.04960224,-0.11073481,-0.146600548
-0.049257331,-0.057391676,-0.17771963
-0.048128879,-0.079380534,-0.176969773
-0.049748452,-0.055453357,-0.280450094
-0.047753978,-0.05359752,-0.176219915
-0.04960224,-0.055025952,-0.058117375
-0.048128879,-0.04100782,-0.006752143
-0.048852438,-0.047415145,-0.026248435
-0.048859936,-0.038709582,-0.172095699
-0.048702478,-0.04118778,-0.221961217
-0.049294821,-0.037472357,-0.288698525
-0.049827181,-0.041244018,-0.246331582
-0.050978127,-0.040314225,-0.079113382
-0.051330534,-0.038938281,-0.037871225
-0.052436492,-0.035455306,0.046112804
-0.052781401,-0.033460749,0.077231886
-0.053748645,-0.037596079,-0.018749861
-0.054318495,-0.030161483,-0.03074758
-0.054809615,-0.037254905,0.013494007
-0.055544421,-0.024852664,-0.015750432
-0.05479087,-0.027994465,-0.029997722
-0.056601642,-0.030363938,-0.055867803
-0.055079544,-0.021883325,-0.145100833
-0.057152746,-0.042754932,-0.184093418
-0.055975557,-0.008502551,-0.133103115
-0.05634296,-0.046327887,-0.022874077
-0.058258704,-0.008071397,0.022867225
-0.054078558,-0.034191837,0.0356148
-0.061175434,-0.029471637,-0.012001145
-0.051581717,0.004514553,-0.138352117
-0.064658264,-0.098111368,-0.253080299
-0.047157886,0.132432348,-0.29019824
-0.095313919,-0.742514271,-0.322442108
-0.422864923,-1.87445872,-0.343813044
-0.793162138,-1.679097178,-0.160097981
-1.107156722,-1.684987118,-0.271826734
-1.437594463,-1.743515349,-0.234708792
-1.735288351,-1.706897244,0.166089988
-2.029304461,-1.701224756,-0.017250146
-2.311867344,-1.568830457,0.029241012
-2.589200359,-1.604256327,0.319435826
-2.860493719,-1.590864306,0.102727038
-3.115715073,-1.612579475,0.083230745
-3.362786079,-1.63660788,0.209581717
-3.59506724,-1.643855018,0.155217056
-3.816708711,-1.670879006,0.165340131
-4.024805009,-1.679820767,0.208082002
-4.222760235,-1.711212534,0.284942386
-4.410064524,-1.718227224,0.214080862
-4.583771153,-1.721781433,0.117724186
-4.743917614,-1.718808345,0.137595407
-4.890372689,-1.714972948,-0.001503141
-5.024557255,-1.713548265,-0.031497437
-5.146793726,-1.708543128,0.033365228
-5.258338021,-1.705397578,0.091479177
-5.356618318,-1.692020554,0.113225041
-5.441807072,-1.678977205,0.199833571
-5.514759058,-1.662897032,0.279693384
-5.574390811,-1.643858767,0.239576013
-5.622644318,-1.623512043,0.373800488
-5.65899097,-1.597830256,0.261696806
-5.682860917,-1.571721064,0.111725326
-5.695236399,-1.54220388,0.037864373
-5.696402341,-1.510658397,-0.236958365
-5.686399983,-1.478824229,-0.338564042
-5.665716694,-1.447087539,-0.383555486
-5.635319721,-1.41206283,-0.377556627
-5.594864154,-1.373277708,-0.365558909
-5.545268501,-1.337000777,-0.344187973
-5.487511253,-1.300922553,-0.18634299
-5.421318732,-1.2611514,-0.217462072
-5.347275785,-1.218530881,-0.228709933
-5.264895039,-1.171640062,-0.106108248
-5.173576654,-1.120910097,-0.16609684
-5.073886729,-1.072065962,-0.28157488
-4.966192667,-1.020053782,-0.253080299
-4.850820634,-0.963681322,-0.229834719
-4.72780062,-0.910124486,-0.349811903
-4.597777455,-0.851157603,-0.298071743
-4.461141036,-0.791530867,-0.176594844
-4.318000086,-0.733606252,-0.277450664
-4.168290869,-0.670646508,-0.288323597
-4.012429527,-0.613524214,-0.259079158
-3.852995379,-0.555269673,-0.376056912
-3.689343595,-0.485328981,-0.455166868
-3.518010089,-0.410960525,-0.468289373
-3.339710922,-0.337671828,-0.44879308
-3.154798502,-0.257128495,-0.415424426
-2.964881153,-0.190453326,-0.397802777
-2.772365741,-0.117355837,-0.316443249
-2.574339284,-0.039504405,-0.246331582
-2.373486073,0.032951977,-0.234333864
-2.167125566,0.121807211,-0.191217063
-1.958965535,0.184384541,-0.171345842
-1.747783802,0.280700616,-0.207338997
-1.533692837,0.339386311,-0.259079158
-1.320681587,0.436459717,-0.28157488
-1.099819909,0.527361996,-0.245581725
-0.886407515,0.614537604,-0.219336716
-0.662029267,0.765212836,-0.167596555
-0.447889564,0.769790568,0.01836808
-0.225820706,1.060935803,0.10497661
-0.017473224,0.855305295,0.107601111
0.020770427,0.143098725,0.286442101
-0.002698376,0.13503052,0.313062038
0.008788591,0.125875057,0.230577724
0.002475258,0.055540702,0.248949231
0.005598183,0.088852042,0.083605674
0.004507221,0.0368961,-0.05961709
0.004278532,0.058596273,-0.104233605
0.005740645,0.029607721,-0.239957794
0.004076085,0.03568137,-0.240332723
0.006171782,0.028546707,-0.203214782
0.004953353,0.017644132,-0.212962928
0.005905602,0.026319703,-0.154848979
0.005755642,0.015795794,-0.197590851
0.006029319,0.020163572,-0.201715067
0.00632924,0.012537768,-0.128229042
0.006134292,0.013092645,-0.130478614
0.006681647,0.013550043,-0.076488881
0.007034054,0.013111391,-0.061866662
0.008406192,0.015705814,-0.046494585
0.009084762,0.01131554,0.006370362
0.009845811,0.014513579,-0.037121367
0.01094802,0.010760664,0.002996003
0.010936773,0.007333926,0.05586095
0.01170532,0.008087508,-0.026998293
0.011686575,0.000337982,-0.130478614
0.012473867,0.01037075,-0.208088855
0.012608832,-0.000175654,-0.275201092
0.012290166,0.009770884,-0.329190825
0.013894742,0.004165881,-0.280825023
0.012323907,0.002366281,-0.190467206
0.015128167,0.011293045,-0.131228471
0.012916251,-0.014744913,-0.038621082
0.015004449,0.030717474,0.020242724
0.014535823,-0.023525459,0.030365798
0.012961239,0.028794152,0.030740727
0.018071139,-0.011963031,-0.016875218
0.009407177,0.00443957,-0.068615378
0.023878356,0.040997687,-0.18634299
-0.000767636,-0.115608726,-0.235083721
0.093088829,1.04346094,-0.247831297
0.444401059,1.971102087,-0.313818748
0.787019333,1.652580442,-0.154474051
1.093560885,1.692737759,-0.229834719
1.408511466,1.683529807,-0.113981751
1.691471745,1.67434435,0.175838134
1.971777725,1.653446499,-0.061491733
2.23782247,1.525307504,0.099352679
2.504853206,1.542238737,0.115474613
2.759560945,1.516054562,-0.03074758
2.997165701,1.53301204,0.153717341
3.225619123,1.544971879,0.034115085
3.442870504,1.567324407,0.188210781
3.651817827,1.584863005,0.171713918
3.843759641,1.578298216,0.019867795
4.021009085,1.583768249,0.237326441
4.18348368,1.576963513,0.011244435
4.333807734,1.586542632,-0.035621653
4.474095688,1.58677508,0.055486021
4.600617278,1.568775334,-0.168346413
4.713368753,1.55674801,-0.074614237
4.812462586,1.540622847,-0.038246154
4.898097472,1.523132987,-0.020249576
4.971739276,1.509819699,0.101602252
5.033579196,1.489011827,0.144344123
5.082425047,1.465658272,0.207332145
5.118460531,1.443009561,0.171713918
5.142251748,1.416015565,0.186336138
5.153761209,1.383922705,0.085855246
5.154334808,1.355222839,-0.05661766
5.144306206,1.323174968,-0.116606252
5.123101805,1.287636623,-0.274826163
5.091771329,1.253417985,-0.380930985
5.051458224,1.218475758,-0.396677991
5.002642365,1.183608514,-0.31606832
4.945334998,1.143042538,-0.306695103
4.879468642,1.10001336,-0.271451805
4.804765868,1.054982127,-0.06824045
4.721196686,1.006737859,-0.097484888
4.629038523,0.952078768,-0.144725904
4.528816238,0.902383573,-0.030372651
4.420608563,0.851038744,-0.084362384
4.304666679,0.790590941,-0.180344131
4.182358977,0.740700789,-0.155973765
4.053486758,0.683867181,-0.16909627
3.917930055,0.621244862,-0.296197099
3.775628882,0.563638926,-0.295072313
3.627895394,0.50801255,-0.271826734
3.476971499,0.451880037,-0.356185691
3.319385612,0.3810208,-0.369683124
3.154144247,0.309419227,-0.366683695
2.981397365,0.231729009,-0.376431841
2.802168444,0.16065607,-0.436795362
2.619587908,0.091611428,-0.436045504
2.432047431,0.023106667,-0.389179417
2.241597723,-0.0485174,-0.383930415
2.044853428,-0.131786377,-0.262078588
1.846152149,-0.193643867,-0.182968632
1.643154504,-0.288569001,-0.180344131
1.437120162,-0.346362394,-0.146225619
1.231355748,-0.444841738,-0.151099692
1.018655665,-0.524376545,-0.196091136
0.81323616,-0.61934292,-0.230959505
0.596460904,-0.749802649,-0.231334434
0.390992662,-0.764285678,-0.21821193
0.174273641,-1.062696796,-0.175095129
-0.019902583,-0.802932081,-0.167221626
-0.046985431,-0.140075783,-0.035621653
-0.026493342,-0.158424201,0.139844979
-0.03703181,-0.131580173,0.174713348
-0.030238603,-0.081150141,0.288691673
-0.033878892,-0.100608312,0.25494809
-0.03210561,-0.050658174,0.226453509
-0.032180591,-0.074236679,0.247074587
-0.033012871,-0.044003404,0.060735023
-0.03153951,-0.054253624,0.073482599
-0.033087851,-0.045664285,0.055486021
-0.031723211,-0.0366063,-0.059242161
-0.032885405,-0.040362964,-0.006377214
-0.03240928,-0.029329168,-0.075364095
-0.032671711,-0.034926673,-0.119230753
-0.032855412,-0.029362911,-0.073114523
-0.032727946,-0.029809062,-0.085862099
-0.03335778,-0.027158401,-0.095610245
-0.033211568,-0.028410623,-0.142476332
-0.033998861,-0.030701363,-0.139476903
-0.034996097,-0.02698219,-0.139851831
-0.035637178,-0.029565366,-0.183718489
-0.036589426,-0.027870743,-0.145100833
-0.037178021,-0.022734385,-0.100484318
-0.037414209,-0.028193171,-0.109107678
-0.03797656,-0.022524432,-0.126729327
-0.037759118,-0.022228248,-0.141351546
-0.038831334,-0.0253663,-0.205464354
-0.038272732,-0.014906127,-0.259454087
-0.039217482,-0.029921537,-0.294697384
-0.039344949,-0.011179456,-0.320942393
-0.038752605,-0.029674092,-0.302945816
-0.041133227,-0.017732998,-0.2988216
-0.038171509,-0.014718668,-0.219711644
-0.042385396,-0.034495519,-0.171720771
-0.038448935,0.006876528,-0.121855254
-0.042239184,-0.062977933,-0.058492303
-0.04062711,0.028070563,-0.108732749
-0.038433939,-0.07414295,-0.086611956
-0.047334089,0.042621076,-0.135352687
-0.025983477,-0.106546991,-0.14885012
-0.213141554,-1.469046404,-0.218961787
-0.594359636,-1.857043844,-0.202839853
-0.913734049,-1.586177848,-0.107233034
-1.228047298,-1.717563621,-0.286074024
-1.532035774,-1.658739207,0.055111093
-1.812214288,-1.693388999,0.12222333
-2.089134911,-1.594628468,-0.0911111
-2.352825279,-1.539586962,0.196084284
-2.618412645,-1.560934714,0.028116226
-2.865157487,-1.528838103,0.017993151
-3.099279413,-1.562351898,0.132721334
-3.322851624,-1.56913039,0.054361235
-3.537021318,-1.602366747,0.205457501
-3.739906493,-1.604005133,0.076856957
-3.925748667,-1.606685786,0.124847831
-4.098334343,-1.612403264,0.196459213
-4.255631555,-1.607315646,-0.008251858
-4.40235656,-1.618866827,0.120723615
-4.537440888,-1.608852804,0.061109952
-4.658155261,-1.596885466,-0.03337208
-4.765185747,-1.583692151,0.075732171
-4.858427375,-1.566539717,0.020617652
-4.939454728,-1.553818796,0.095978321
-5.008391524,-1.538143533,0.163840416
-5.065556429,-1.517785562,0.165340131
-5.109404849,-1.494045843,0.161590844
-5.140195469,-1.471584589,0.165340131
-5.159810289,-1.444088206,0.124472902
-5.166513519,-1.412632703,-0.049494015
-5.162445843,-1.385732437,-0.104608533
-5.148240844,-1.352781017,-0.162722482
-5.122522635,-1.316864007,-0.243332153
-5.088204198,-1.285847157,-0.279325308
-5.045281782,-1.250799953,-0.275201092
-4.993399233,-1.215175377,-0.256829586
-4.933673755,-1.175302997,-0.305570317
-4.865228079,-1.126383879,-0.208463783
-4.787544843,-1.080415355,-0.135352687
-4.700676532,-1.031027591,-0.173595414
-4.605380447,-0.978490528,-0.088486599
-4.502046484,-0.929099015,-0.049119086
-4.390367226,-0.872460364,-0.107982892
-4.271662322,-0.815015643,-0.12860397
-4.14658785,-0.759929147,-0.051368658
-4.014817647,-0.699747534,-0.071989737
-3.875781862,-0.636892766,-0.164597126
-3.73014407,-0.575863842,-0.142851261
-3.580895982,-0.524144097,-0.235083721
-3.426950385,-0.463456347,-0.310819319
-3.265559253,-0.385443701,-0.326191395
-3.096722588,-0.306594991,-0.348687117
-2.920567855,-0.234832204,-0.321692251
-2.740300458,-0.169349271,-0.361809622
-2.55538054,-0.09787892,-0.322817037
-2.367079015,-0.030978801,-0.2988216
-2.174091227,0.062885319,-0.311944105
-1.975206246,0.129039353,-0.275201092
-1.775908875,0.206290918,-0.289823311
-1.570196947,0.296105939,-0.26132873
-1.366220811,0.356853675,-0.242957224
-1.156235012,0.473636447,-0.237333293
-0.947692582,0.528254297,-0.217087144
-0.737849245,0.686056694,-0.205089425
-0.522183696,0.725752864,-0.195716208
-0.319800889,0.868329898,-0.158973195
-0.093619367,1.050584355,-0.106483177
0.024785616,0.406410152,-0.097859817
0.002752685,0.060575832,0.004870647
0.004432241,0.167539538,0.034490014
0.006449208,0.058892457,0.053236449
0.002868904,0.085736485,0.129346975
0.006614165,0.052668841,0.079481458
0.003258801,0.04265107,0.172088847
0.006194276,0.0427373,0.169464346
0.004154814,0.020519743,0.082105959
0.005414482,0.036412457,0.157841557
0.00538449,0.017141744,0.058485451
0.005035832,0.026274713,0.001871217
0.006160535,0.018146521,0.011244435
0.005369494,0.015188429,-0.086986885
0.006096801,0.017235473,-0.049119086
0.006093052,0.011649216,-0.041995441
0.006512942,0.011068095,-0.084362384
0.006711639,0.008207482,-0.092610815
0.006947827,0.011458009,-0.131228471
0.007742617,0.012365307,-0.079488311
0.008653626,0.01185542,-0.071989737
0.009478408,0.01023953,-0.09973446
0.010340681,0.010693179,-0.026623364
0.010974263,0.006947762,-0.020249576
0.011296678,0.008514913,-0.083237598
0.011866528,0.006482865,-0.092610815
0.011600348,0.0038547,-0.108732749
0.012638824,0.009902105,-0.160847839
0.012147704,0.000195514,-0.145850691
0.013114948,0.010449483,-0.142851261
0.013497347,-0.003849836,-0.182593703
0.012860015,0.011281798,-0.181843846
0.014974457,-0.000141911,-0.189717348
0.012121461,0.000555434,-0.18071906
0.016342846,0.018622665,-0.208838712
0.012492613,-0.022839362,-0.222336145
0.015967945,0.044109495,-0.227585147
0.014640795,-0.050530702,-0.292072884
0.012530103,0.06130692,-0.258704229
0.021167822,-0.057886566,-0.277450664
-0.000201535,0.084570495,-0.256829586
0.182907611,1.497706143,-0.254580014
0.559626881,1.9105793,-0.173595414
0.87689435,1.605978308,-0.032997152
1.188084674,1.721077705,-0.242957224
1.490059932,1.661154784,0.014993722
1.768240223,1.70752072,0.074982314
2.042225372,1.612408128,-0.194216493
2.304052481,1.549174694,0.117724186
2.566663133,1.56052342,0.007870077
2.809936392,1.524898844,0.035239872
3.042577459,1.571141058,0.200958357
3.265373625,1.577810824,0.076856957
3.477252674,1.607980363,0.28081817
3.676868712,1.605712118,0.155966913
3.859396762,1.6026453,0.10197718
4.028338399,1.61186075,0.216330434
4.182891337,1.604474893,-0.029247865
4.326977038,1.617049596,0.052486592
4.459020919,1.608583979,0.074232456
4.576687347,1.593399856,-0.056242731
4.680343724,1.579827876,0.106851253
4.77056365,1.562128063,0.10497661
4.848284376,1.548034948,0.15109284
4.914251956,1.530035202,0.252698518
4.968361418,1.510142127,0.224953794
5.009296858,1.482495777,0.234327011
5.037601883,1.458966011,0.206582288
5.053542674,1.432845572,0.13384612
5.057737816,1.391612244,0.003745861
5.051259527,1.36452077,-0.064491163
5.033402992,1.337249337,-0.129728756
5.005281668,1.296113488,-0.208088855
4.968222704,1.261493689,-0.253080299
4.922372312,1.230589313,-0.275201092
4.86875772,1.193307607,-0.233584006
4.806595385,1.150169703,-0.305570317
4.735386689,1.105479644,-0.295822171
4.655667741,1.056987931,-0.225710504
4.566999905,1.007630161,-0.303695673
4.469964279,0.953585933,-0.262828445
4.364594604,0.896834807,-0.184093418
4.251438235,0.842970539,-0.221586288
4.13160488,0.783572502,-0.232084291
4.004952075,0.726525192,-0.107233034
3.872004682,0.670733853,-0.097484888
3.732369056,0.609547464,-0.202464924
3.58727862,0.554116045,-0.139851831
3.438851565,0.493387054,-0.193466635
3.284287381,0.422677783,-0.275950949
3.122221427,0.352021,-0.314568606
2.951768939,0.271207727,-0.385055201
2.774635714,0.202770451,-0.339688828
2.594233353,0.129980393,-0.386554916
2.409006016,0.061625599,-0.373432411
2.221030655,-0.01089077,-0.321692251
2.026899419,-0.10030463,-0.367433552
1.830788706,-0.159530205,-0.295447242
1.63040787,-0.260379021,-0.274076306
1.426566698,-0.321696631,-0.330315611
1.222931722,-0.418245154,-0.318317893
1.012559775,-0.503118774,-0.334439827
0.808932297,-0.598073901,-0.337064328
0.594361459,-0.735765772,-0.26995209
0.390692741,-0.752190868,-0.245581725
0.17643682,-1.047550166,-0.189717348
-0.016453494,-0.80298082,-0.115106537
-0.044960966,-0.141039318,-0.065990877
-0.024315168,-0.155946003,0.027741298
-0.034838639,-0.131730139,0.082480888
-0.028022939,-0.077206018,0.105351539
-0.03131082,-0.099464817,0.060360095
-0.029901193,-0.050680669,0.041238731
-0.029665005,-0.073059441,0.096728178
-0.030737222,-0.04316734,0.023617082
-0.029226371,-0.053226352,0.027741298
-0.030800955,-0.044753237,0.108725897
-0.029672503,-0.037033704,0.066733882
-0.030695983,-0.039448167,0.070108241
-0.030519779,-0.030885072,0.062609667
-0.030658493,-0.038454638,0.053986307
-0.030875935,-0.026614772,0.058485451
-0.0308197,-0.028856773,0.033740157
-0.031209597,-0.027360856,0.073857528
-0.031025896,-0.026453558,0.015368651
-0.031505769,-0.029066727,-0.050243872
-0.032405531,-0.027394599,-0.051368658
-0.033211568,-0.027102164,-0.127104255
-0.033965119,-0.026551036,-0.151474621
-0.034891125,-0.029441643,-0.112107107
-0.034662435,-0.022033291,-0.136102544
-0.035262277,-0.027192144,-0.187842705
-0.035719656,-0.023169289,-0.187842705
-0.035509712,-0.023427981,-0.239207937
-0.036754383,-0.024057841,-0.282324737
-0.035974589,-0.019243912,-0.237333293
-0.03756042,-0.026888461,-0.209213641
-0.036495701,-0.010204673,-0.116981181
-0.037511683,-0.033082084,-0.043120227
-0.037912827,-0.009196147,-0.043495155
-0.036645662,-0.031357467,-0.034496867
-0.040038516,-0.015168568,-0.089986314
-0.035164803,-0.015667207,-0.109857535
-0.042212941,-0.044978187,-0.183343561
-0.034415001,0.031890963,-0.245206796
-0.042610336,-0.100986978,-0.273701377
-0.035708409,0.119910133,-0.370058053
-0.04778397,-0.47189572,-0.383180558
-0.324067262,-1.776931665,-0.458541226
-0.698263448,-1.743571586,-0.302570887
-1.002829272,-1.623433311,-0.274826163
-1.319466907,-1.726621607,-0.274826163
-1.609212894,-1.671381395,0.130096833
-1.886872073,-1.704880193,-0.022499148
-2.15560111,-1.576212565,-0.031872366
-2.417356988,-1.576849923,0.191210211
-2.674111687,-1.568702985,0.070858098
-2.910557998,-1.567188322,0.232452368
-3.13973498,-1.605797234,0.240325871
-3.357170062,-1.615537567,0.288691673
-3.564985184,-1.644612349,0.385798206
-3.757609318,-1.638879875,0.17696292
-3.934442621,-1.647720408,0.26357145
-4.09792945,-1.650787226,0.18558628
-4.248028563,-1.65499379,0.013119078
-4.387338025,-1.658727959,0.146968624
-4.513312259,-1.646614404,0.022117367
-4.625351423,-1.633368601,-0.005252428
-4.723301808,-1.62019778,0.063359524
-4.808389339,-1.60505115,0.067858669
-4.881045152,-1.589825787,0.200958357
-4.941752871,-1.576197568,0.25194866
-4.990396276,-1.551981705,0.311937252
-5.026030616,-1.525602573,0.30968768
-5.049866822,-1.501352967,0.276693954
-5.061619968,-1.4713109,0.154467198
-5.06134629,-1.439019334,-0.032247294
-5.050342946,-1.408568607,-0.072364665
-5.028658672,-1.372516627,-0.151099692
-4.996799585,-1.337818096,-0.245206796
-4.956171564,-1.308289664,-0.316818178
-4.907573147,-1.268720966,-0.320192536
-4.850558203,-1.229399713,-0.349811903
-4.785261696,-1.187030388,-0.425547501
-4.71128998,-1.137740103,-0.315318463
-4.628039464,-1.090931765,-0.248956083
-4.536218711,-1.03525665,-0.267702518
-4.435715251,-0.979412823,-0.195341279
-4.326900235,-0.923242818,-0.163847268
-4.210422244,-0.86537819,-0.232834149
-4.087226026,-0.814157084,-0.198340709
-3.958008898,-0.750638713,-0.068990307
-3.821368731,-0.685163278,-0.0911111
-3.678212784,-0.627193674,-0.101234175
-3.531742712,-0.567705657,-0.087736742
-3.380942534,-0.506710475,-0.224960646
-3.223019237,-0.432079577,-0.331440397
-3.057414218,-0.349642915,-0.392928704
-2.883651354,-0.276447947,-0.444293936
-2.70534094,-0.204141531,-0.435670576
-2.52239675,-0.128779546,-0.427422144
-2.336067204,-0.063011676,-0.377556627
-2.14601864,0.023342865,-0.340813615
-1.950515267,0.090737873,-0.323566894
-1.753782218,0.180822833,-0.240332723
-1.550473406,0.261186207,-0.22383586
-1.34910658,0.324798306,-0.20958857
-1.141340195,0.451377649,-0.184843275
-0.934923454,0.503416073,-0.253080299
-0.727438244,0.66431903,-0.231709363
-0.514258289,0.702849209,-0.198340709
-0.313292607,0.858649551,-0.215962357
-0.089622922,1.038103382,-0.118480895
0.025078039,0.392080839,-0.040870654
0.002823916,0.061884291,-0.007502
0.00485213,0.162980552,0.01836808
0.0064792,0.056492991,0.051361806
0.003367522,0.077364598,0.070858098
0.006985317,0.04350213,0.031490585
0.00360371,0.041466333,0.138345264
0.006561679,0.039434285,0.17996235
0.004465982,0.022540543,0.105351539
0.005759391,0.034384159,0.169464346
0.005729398,0.018446454,0.127847261
0.00542198,0.02354532,0.054361235
0.006445459,0.00956468,0.059610237
0.005691908,0.017059263,0.016118508
0.006377977,0.016129469,-0.000378355
0.006276754,0.009647161,-0.046119656
0.006835356,0.010224533,-0.074614237
0.007067795,0.00614919,-0.124479755
0.007180265,0.008533659,-0.211463213
0.007697629,0.004420824,-0.163472339
0.008492419,0.008814847,-0.110607393
0.009620871,0.010618195,-0.113981751
0.010284446,0.009242251,-0.070490022
0.011019252,0.009174766,-0.019499719
0.011180459,0.004428322,-0.007876929
0.011855281,0.006201678,0.016118508
0.011997743,0.003067375,0.035989729
0.012391389,0.010535714,0.008619934
0.013088705,-0.000824259,-0.039745868
0.012353899,0.002519997,-0.124104826
0.014160922,0.007825067,-0.225335575
0.012762541,-0.00635053,-0.250455798
0.014704528,0.01253027,-0.227585147
0.013744782,-0.01471117,-0.200965209
0.014085942,0.024651324,-0.19496635
0.016057921,-0.011929289,-0.248206226
0.011982747,0.010918129,-0.265452946
0.01886593,0.008409937,-0.301071172
0.00951215,-0.036347607,-0.275576021
0.02170393,0.074380262,-0.223460931
0.005680661,-0.153310339,-0.214087714
0.049064205,0.706613372,-0.146225619
0.362192767,1.905990321,-0.193091707
0.721820301,1.719926711,-0.056992589
1.022824564,1.667040975,-0.09411053
1.337104073,1.719911714,-0.120355539
1.620844146,1.688291248,0.243700229
1.896939987,1.712567098,0.002996003
2.16125269,1.584409356,-0.014250717
2.422270013,1.591034133,0.133096262
2.673671126,1.564891198,-0.08248774
2.907106983,1.581128836,0.137220478
3.134165773,1.614822591,0.128972047
3.348230495,1.625413985,0.205082573
3.552037926,1.645104605,0.372300773
3.739349712,1.647492823,0.137595407
3.911886651,1.659640121,0.271444953
4.070664722,1.653446499,0.204707644
4.217048567,1.666186165,0.052111663
4.352923936,1.661203524,0.267320737
4.473911987,1.646919201,0.135720763
4.581051195,1.638352357,0.112850112
4.674780194,1.618560509,0.140594836
4.755533869,1.607965366,0.02699144
4.82467686,1.591641498,0.107976039
4.881463115,1.573979177,0.09335382
4.925780162,1.550400672,0.118848972
4.957361822,1.521952,0.151842697
4.976481773,1.498223528,0.14246948
4.98436969,1.465054657,0.060360095
4.980579441,1.433284224,-0.121480325
4.965639636,1.399260543,-0.094860387
4.940341317,1.358315901,-0.094860387
4.904958161,1.321930245,-0.207713926
4.861267198,1.288401453,-0.257204514
4.809470876,1.250954783,-0.282324737
4.749599186,1.214006752,-0.348312189
4.681652129,1.170253985,-0.413924711
4.604490005,1.111238363,-0.328066039
4.518948844,1.065723488,-0.308194818
4.424938669,1.016470694,-0.362934408
4.322069584,0.954159555,-0.271451805
4.211312581,0.90050899,-0.280450094
4.093020069,0.838808965,-0.407550923
3.968410474,0.777296398,-0.338564042
3.837734982,0.722153665,-0.192716778
3.699910127,0.660779817,-0.217087144
3.556439264,0.600684435,-0.187092848
3.409605538,0.54442445,-0.134602829
3.257939338,0.474281304,-0.225710504
3.099198757,0.399867857,-0.299196529
2.931899186,0.321600268,-0.352436404
2.757570221,0.241146914,-0.338189114
2.578622475,0.165518738,-0.289823311
2.394842256,0.099091015,-0.286448953
2.208745149,0.022068148,-0.254580014
2.016244732,-0.066041002,-0.257954372
1.821869811,-0.128727057,-0.247456368
1.623835856,-0.226520303,-0.208088855
1.422454034,-0.287579221,-0.250080869
1.221559585,-0.391611079,-0.256079728
1.013219601,-0.480357587,-0.253830156
0.811901513,-0.574082988,-0.304445531
0.599493853,-0.72053666,-0.251205655
0.396619926,-0.733478781,-0.203964639
0.185194507,-1.028256957,-0.216337286
-0.010548803,-0.82361623,-0.100109389
-0.044327383,-0.154540065,0.002621075
-0.022478153,-0.151334528,-0.025498578
-0.033035365,-0.138512381,0.002621075
-0.026639554,-0.07292822,0.013868936
-0.029560033,-0.101095704,-0.099359532
-0.028405338,-0.052041616,-0.085862099
-0.028146656,-0.071912196,0.045362947
-0.029361335,-0.050343244,0.028116226
-0.027610547,-0.052007873,0.042363517
-0.029428817,-0.046983991,0.126722474
-0.028210389,-0.041386486,0.055486021
-0.029136395,-0.042428754,-0.014625646
-0.028892709,-0.031233745,-0.075739024
-0.028948944,-0.038072223,-0.161597696
-0.029372582,-0.030918815,-0.16909627
-0.029162638,-0.028020709,-0.128229042
-0.029706244,-0.031946086,-0.055867803
-0.029687499,-0.032797147,-0.029622793
-0.029998667,-0.028256907,0.026241583
-0.030452297,-0.026461056,0.103851824
-0.031509518,-0.031065032,0.092229034
-0.032293061,-0.026011156,0.116224471
-0.032731695,-0.028759295,0.127847261
-0.033361529,-0.026056146,0.067858669
-0.033192823,-0.02240071,0.019867795
-0.033953872,-0.026993438,-0.096735031
-0.033803912,-0.023266767,-0.242207366
-0.034542467,-0.030071503,-0.296572028
-0.034591204,-0.018835253,-0.305945245
-0.034853635,-0.030153985,-0.358810192
-0.035967091,-0.016023378,-0.39705292
-0.034467487,-0.023229275,-0.357310477
-0.037249252,-0.030303952,-0.352061476
-0.034362514,-0.007786461,-0.285699096
-0.037537926,-0.045019428,-0.179594274
-0.035835875,0.009193512,-0.085112241
-0.035993334,-0.050740655,-3.43e-06
-0.038977546,0.012222838,-0.040495726
-0.031738207,-0.037596079,-0.018749861
-0.045808242,-0.021763351,-0.06524102
-0.019617658,0.045766627,-0.10573332
-0.144800851,-1.193280248,-0.084737312
-0.511457778,-1.910173276,-0.086237027
-0.844853488,-1.608894045,-0.006002285
-1.15052527,-1.718714615,-0.208838712
-1.458187775,-1.700178739,-0.069740164
-1.735367081,-1.718752107,0.080231316
-2.009667146,-1.674643169,-0.223460931
-2.269893428,-1.588723532,-0.018749861
-2.52962859,-1.616471109,0.013868936
-2.772695654,-1.588761024,-0.013500859
-3.002956099,-1.634365879,0.206957216
-3.225122431,-1.650389814,0.202833001
-3.43454213,-1.674155778,0.466407877
-3.632564838,-1.686393055,0.487778813
-3.812955952,-1.682921328,0.409793643
-3.979839384,-1.696808239,0.566888768
-4.133417578,-1.701415964,0.261696806
-4.275808727,-1.709098005,0.150342983
-4.405531971,-1.699440153,0.146218767
-4.520742797,-1.689362395,-0.092610815
-4.622824591,-1.678084904,-0.031872366
-4.710547676,-1.661168667,-0.006377214
-4.785749067,-1.65004864,0.062234738
-4.84966219,-1.631591496,0.130096833
-4.900798686,-1.608822811,0.092978891
-4.939645928,-1.58967582,0.179587421
-4.966728776,-1.561410858,0.179212492
-4.981473632,-1.531736209,0.164590273
-4.984817749,-1.502185282,0.104601681
-4.977375964,-1.467239306,0.029615941
-4.958398476,-1.430433743,-0.013125931
-4.929058723,-1.393789395,-0.140601689
-4.89108875,-1.360530543,-0.238458079
-4.844083663,-1.323979924,-0.295447242
-4.789115678,-1.285453494,-0.311944105
-4.726567195,-1.241310814,-0.44016972
-4.655227284,-1.193029054,-0.538775968
-4.575673292,-1.144353632,-0.466414729
-4.4874066,-1.088326095,-0.55564776
-4.390397218,-1.033959439,-0.576268838
-4.285162507,-0.975202509,-0.445418722
-4.171567504,-0.916108155,-0.416924141
-4.050815641,-0.858108557,-0.381680843
-3.92357799,-0.797237098,-0.233958935
-3.78956213,-0.739342476,-0.138727045
-3.648813048,-0.67198496,-0.174345272
-3.503921309,-0.611319705,-0.086986885
-3.355464262,-0.549166031,-0.055867803
-3.200836345,-0.476023551,-0.134602829
-3.038714156,-0.397643487,-0.139476903
-2.867849276,-0.316635257,-0.198715637
-2.691713289,-0.245925987,-0.281199951
-2.510673596,-0.165990018,-0.427047216
-2.326169818,-0.096952876,-0.502032956
-2.138209452,-0.011396907,-0.454417011
-1.944426874,0.061880542,-0.466789658
-1.749965726,0.139379552,-0.35956005
-1.549011292,0.229288302,-0.234333864
-1.349777653,0.301819668,-0.202464924
-1.14522417,0.419434754,-0.142101404
-0.940363267,0.47308532,-0.150349835
-0.736255916,0.636027823,-0.118105967
-0.524421855,0.690443219,-0.04499487
-0.326117971,0.823441133,-0.035621653
-0.1040941,1.03968553,0.013868936
0.023289761,0.440118903,0.056985736
0.005084569,0.061430642,0.038239301
0.003974862,0.162999298,0.004870647
0.00765639,0.05973227,0.059985166
0.003165076,0.081597406,0.02699144
0.007311481,0.049988188,-0.10273389
0.004113575,0.039475526,-0.080988025
0.006696643,0.046197781,-0.140976617
0.005148302,0.021978168,-0.217837001
0.006066809,0.038163318,-0.167596555
0.006059311,0.015514606,-0.113981751
0.005594434,0.019916127,0.001496289
0.006550432,0.012249083,0.080606244
0.005856865,0.010756915,0.175463205
0.006771623,0.014243639,0.245949801
0.006509193,0.009051044,0.186336138
0.007071544,0.010430737,0.174338419
0.007360218,0.008432432,0.115099685
0.007300234,0.009264746,0.046862661
0.008113769,0.0101458,0.031115656
0.008949798,0.012301571,-0.073489451
0.009725843,0.007202705,-0.157848409
0.010408163,0.004675767,-0.189717348
0.011221698,0.004503306,-0.207713926
0.011356662,0.007063986,-0.193091707
0.012087719,0.005912992,-0.140601689
0.0121627,-0.001030463,-0.061866662
0.012796282,0.006385387,-0.054368088
0.01314494,-0.007494026,-0.073489451
0.012961239,0.008098756,-0.058492303
0.014603305,0.003596007,-0.050618801
0.012788784,-0.002218949,0.002246146
0.015360605,0.014854753,0.013868936
0.013576076,-0.018006687,0.02699144
0.015064433,0.025224946,0.063734453
0.015476824,-0.022700643,-0.035996581
0.013264909,0.020392271,-0.145100833
0.018910918,-0.008727501,-0.298446671
0.009688353,-0.006163072,-0.36518398
0.024009571,0.051150429,-0.379806199
0.001474272,-0.138504882,-0.457791369
0.07888758,0.945266533,-0.412050068
0.419811302,1.957282661,-0.355435834
0.767085847,1.674359347,-0.150349835
1.070590701,1.713324429,-0.16909627
1.384360344,1.736153101,-0.018000004
1.665251169,1.726690206,0.388047778
1.942156797,1.730664322,0.1597162
2.204853676,1.614035266,0.296940104
2.466692033,1.643068808,0.363677413
2.716870968,1.615561177,0.107226182
2.949399564,1.63442698,0.307063179
3.174235192,1.667093463,0.172463776
3.387014004,1.689382255,0.22307915
3.590487772,1.71696112,0.28081817
3.777443403,1.717212314,-0.008626786
3.949290523,1.72141138,0.074232456
4.106925147,1.726948899,-0.077988596
4.252409229,1.737131633,-0.144350976
4.387189887,1.73283134,0.080981173
4.508834015,1.722033742,0.01274415
4.616164422,1.71188475,0.108725897
4.709316074,1.699343789,0.235451797
4.789758581,1.67695377,0.268070594
4.857750627,1.662541976,0.369301343
4.914038263,1.653971382,0.397420996
4.958029146,1.628015906,0.402669998
4.989367121,1.604523632,0.351679694
5.008940702,1.571785914,0.247824445
5.016686157,1.534230519,0.055486021
5.013173334,1.50977096,-0.106483177
4.998814626,1.468027745,-0.205839283
4.9735388,1.426959381,-0.332190254
4.938556788,1.400696473,-0.408675709
4.894955802,1.361116528,-0.435295647
4.8427021,1.316089044,-0.390679132
4.782358036,1.276554089,-0.454042082
4.714021081,1.233603643,-0.505782243
4.637005169,1.185951743,-0.318692821
4.551692697,1.127052345,-0.26432816
4.458466066,1.072704435,-0.279700236
4.357137823,1.025828612,-0.184093418
4.247385556,0.962887614,-0.238083151
4.130112774,0.90230484,-0.378306485
4.006185499,0.841958264,-0.416549212
3.875671214,0.775916705,-0.423297929
3.738423707,0.712713265,-0.491160023
3.594592938,0.648928704,-0.459666012
3.447613001,0.591285276,-0.404926422
3.29678658,0.527609441,-0.458916155
3.139088223,0.458527308,-0.492659738
2.973948082,0.370448151,-0.477287661
2.800800055,0.287029208,-0.395178276
2.623115726,0.221111371,-0.340438686
2.440126548,0.139814456,-0.239957794
2.254156907,0.069675058,-0.084362384
2.063227326,-0.019798788,-0.049119086
1.868166335,-0.092746311,-0.02474872
1.671538259,-0.182107683,0.003745861
1.469222934,-0.2615975,-0.018749861
1.269456936,-0.344394082,-0.034871795
1.062444102,-0.450457988,-0.115481466
0.860398706,-0.519135211,-0.248206226
0.652441121,-0.686164306,-0.313068891
0.444955912,-0.707988201,-0.38543013
0.241789562,-0.943765752,-0.411675139
0.026498914,-0.973845311,-0.309319604
-0.050978127,-0.282019208,-0.162347553
-0.024840029,-0.115256304,-0.025123649
-0.032536747,-0.172074915,0.056235879
-0.029612519,-0.071409808,0.109850683
-0.029402574,-0.108177879,0.067858669
-0.030905927,-0.059086299,0.032615371
-0.028386593,-0.069497733,0.123348116
-0.030864688,-0.055247153,0.10497661
-0.028607784,-0.045180642,0.071233027
-0.03024985,-0.0485174,0.117724186
-0.029376331,-0.034870436,0.01274415
-0.029799969,-0.043635986,-0.097484888
-0.030096141,-0.028571837,-0.146975477
-0.029792471,-0.039223217,-0.188967491
-0.030662242,-0.035012904,-0.167971484
-0.030148627,-0.02698219,-0.180344131
-0.030710979,-0.02986155,-0.148475191
-0.030793457,-0.025295066,-0.116606252
-0.030943417,-0.026922204,-0.074989166
-0.031678223,-0.026483551,0.030740727
-0.032656715,-0.030540149,0.091104248
-0.033417764,-0.031155012,0.154842127
-0.033882641,-0.030273958,0.158216485
-0.034441244,-0.029122964,0.102352109
-0.034684929,-0.026794732,0.028116226
-0.035449727,-0.021917067,-0.040870654
-0.035044834,-0.021508408,-0.099359532
-0.036038322,-0.028249409,-0.209213641
-0.035828377,-0.019048955,-0.266202803
-0.03615829,-0.03161616,-0.344562902
-0.036855606,-0.016304566,-0.390679132
-0.036042071,-0.028178174,-0.318692821
-0.038197752,-0.019765046,-0.26432816
-0.035348504,-0.013841364,-0.129353828
-0.039382439,-0.038885792,-0.013875788
-0.035944597,0.005125667,0.098227893
-0.038628888,-0.063461576,0.178462635
-0.038572653,0.023170403,0.146593696
-0.034696176,-0.067874344,0.198708785
-0.045369608,0.021535767,0.090729319
-0.021529653,-0.054714771,0.007870077
-0.189935182,-1.39390187,-0.058867232
-0.567340521,-1.882766872,-0.118855824
-0.889298002,-1.610974832,-0.103483747
-1.200158413,-1.756779898,-0.365558909
-1.5042931,-1.718684622,-0.153349264
-1.781412422,-1.759419311,-0.084737312
-2.055082653,-1.685733202,-0.377181698
-2.315158975,-1.62829223,-0.075739024
-2.575531469,-1.65993894,-0.018749861
-2.816791509,-1.636765345,0.043113374
-3.04589351,-1.681601621,0.26057202
-3.265503018,-1.700504916,0.319060898
-3.474555314,-1.735694588,0.540643759
-3.671873208,-1.745277457,0.471656878
-3.852185593,-1.751069918,0.479530381
-4.018765354,-1.759955441,0.553391335
-4.170731475,-1.762054974,0.244450086
-4.311986673,-1.773317469,0.185211352
-4.441166311,-1.768601018,0.099352679
-4.557063206,-1.759528037,-0.140601689
-4.658852577,-1.745836082,-0.129728756
-4.747029292,-1.73487727,-0.136477473
-4.823205426,-1.717863555,-0.09973446
-4.886451225,-1.700339953,-0.040120797
-4.937966371,-1.684102315,0.02136751
-4.977222255,-1.657708186,0.10497661
-5.003652775,-1.629293257,0.155591984
-5.018153946,-1.600563398,0.226828437
-5.021906705,-1.571563599,0.223454079
-5.014622379,-1.533835742,0.253823304
-4.995997297,-1.499178451,0.204707644
-4.967561056,-1.466800654,0.05586095
-4.929343648,-1.421754424,-0.065990877
-4.882597243,-1.384510209,-0.19496635
-4.828127876,-1.342643272,-0.275950949
-4.764844587,-1.294350265,-0.479537234
-4.693137273,-1.251186117,-0.542525255
-4.613403328,-1.197850481,-0.460790799
-4.525196621,-1.143495073,-0.606638063
-4.428925793,-1.089792019,-0.608887635
-4.325051973,-1.031327524,-0.482911592
-4.21267165,-0.970054904,-0.500158312
-4.092620851,-0.908613572,-0.475787947
-3.966376689,-0.84842821,-0.295822171
-3.833721719,-0.784489933,-0.208838712
-3.693463757,-0.715756473,-0.241457509
-3.54739108,-0.654405121,-0.129353828
-3.398697845,-0.594598425,-0.12298004
-3.245033424,-0.520904818,-0.253080299
-3.084425835,-0.44555033,-0.283824452
-2.91539797,-0.362678765,-0.33631447
-2.740060522,-0.288580248,-0.465664872
-2.56003681,-0.209615314,-0.571394765
-2.375510538,-0.134527017,-0.55264833
-2.188787346,-0.056803057,-0.529402751
-1.995173474,0.029963892,-0.52377882
-1.800596106,0.105847012,-0.382805629
-1.600777622,0.20655336,-0.282699666
-1.399819439,0.267829729,-0.253830156
-1.197511612,0.383570232,-0.131978329
-0.990577507,0.454695661,-0.078738453
-0.78929316,0.575565023,-0.032247294
-0.576368137,0.692715213,0.087354961
-0.377805572,0.748412823,0.098602822
-0.160010585,1.046212828,0.11060054
0.009257217,0.652741605,0.13947005
0.013707292,0.075992403,0.15109284
0.000754462,0.153153988,0.129721904
0.009722094,0.091187773,0.080981173
0.003082597,0.06193303,0.0356148
0.007682633,0.07056736,-0.11435668
0.004870875,0.032817007,-0.114731608
0.006490448,0.052106466,-0.041995441
0.006377977,0.024088949,-0.077613667
0.005658167,0.027939342,0.041238731
0.006970321,0.018663906,0.122973187
0.005898104,0.019567455,0.100102537
0.007064046,0.018900103,0.124097974
0.006569177,0.012785213,0.097478036
0.007221504,0.01221534,0.07910653
0.007341473,0.011615474,0.069358383
0.007300234,0.012938929,0.036739586
0.007810099,0.007157715,-0.045369799
0.007821346,0.007341424,-0.147350405
0.008709861,0.010292018,-0.174345272
0.009834564,0.013306347,-0.215587429
0.010404414,0.006250417,-0.228709933
0.011431643,0.003506027,-0.190842134
0.011945257,0.003952178,-0.187467776
0.012143955,0.006066708,-0.184843275
0.012706306,0.003123613,-0.161222767
0.012582589,0.005714286,-0.113606822
0.01390224,0.006899023,-0.058492303
0.013122446,0.001406495,0.005245576
0.014220906,0.012957675,0.057735594
0.014104687,-0.006549236,0.061484881
0.014292137,0.016605613,0.066733882
0.015881718,-0.006061844,0.056235879
0.013471104,0.003753472,0.059235308
0.017654999,0.010411991,0.074982314
0.012923749,-0.017313091,0.066733882
0.018509774,0.039599249,-0.000378355
0.013969722,-0.051700442,-0.141351546
0.01629036,0.080060248,-0.237333293
0.018907169,-0.108661521,-0.354685976
0.008304968,0.240697014,-0.366308766
0.23528503,1.671030088,-0.34493783
0.614969767,1.867790068,-0.18634299
0.926111353,1.655223604,-0.071989737
1.243446305,1.793185414,-0.199465495
1.541800019,1.733116277,0.200958357
1.821273718,1.796158503,0.183711637
2.094464077,1.689011088,-0.007127072
2.355417667,1.65649832,0.38167399
2.617679662,1.685119453,0.237326441
2.862002643,1.679979347,0.261696806
3.093950143,1.713943042,0.318685969
3.312251246,1.726738945,0.145843838
3.522297029,1.774240878,0.307438108
3.722182996,1.780089577,0.191210211
3.906045693,1.791258343,0.242950371
4.075902089,1.803315661,0.31831104
4.229952659,1.798640451,0.071982884
4.372242585,1.806183773,0.135720763
4.503679126,1.806738649,0.016118508
4.62215534,1.803315661,-0.118855824
4.727026397,1.790613486,0.041988588
4.81831479,1.774578303,0.091104248
4.896777821,1.755480052,0.222704222
4.963195282,1.739369885,0.325059757
5.017267253,1.724575676,0.346430693
5.059072464,1.698204043,0.348680265
5.088730882,1.674711769,0.332558331
5.105965081,1.645104605,0.287191958
5.111768548,1.616389742,0.138720193
5.106647401,1.581938656,0.036739586
5.090646626,1.54388837,-0.127479184
5.064366066,1.51165679,-0.346812474
5.028161876,1.4671092,-0.465664872
4.983301223,1.42768297,-0.471663731
4.930290221,1.390202558,-0.425172572
4.868993908,1.345167576,-0.410925281
4.799292314,1.29884663,-0.308569746
4.720938005,1.250343669,-0.229084862
4.634223403,1.187338934,-0.326191395
4.53926098,1.128896935,-0.30182103
4.436830529,1.077522113,-0.21221307
4.326688364,1.012541568,-0.319817607
4.208935709,0.959772057,-0.356935549
4.084865972,0.903782012,-0.304820459
3.954647859,0.836589459,-0.421423285
3.817647786,0.770187979,-0.51515546
3.673442117,0.701132091,-0.507656886
3.524812615,0.639495802,-0.557897332
3.372988957,0.575595017,-0.605138348
3.215478051,0.50675658,-0.635882501
3.0509415,0.424394901,-0.658753152
2.877965928,0.340833489,-0.671875657
2.700079152,0.269381884,-0.689497306
2.517719808,0.185471799,-0.568395335
2.331319031,0.11614972,-0.409800495
2.14148416,0.024718809,-0.322817037
1.944919817,-0.056551863,-0.173220486
1.74814178,-0.131512688,-0.086986885
1.545417813,-0.229654606,-0.064491163
1.343732322,-0.294346465,-0.018000004
1.138290323,-0.416490545,-0.059992018
0.931356218,-0.482805793,-0.065990877
0.728047406,-0.629795595,-0.045369799
0.51490869,-0.704565212,-0.114731608
0.316304885,-0.814944409,-0.123729897
0.095135789,-1.069524028,-0.146600548
-0.047311595,-0.534394317,-0.147350405
-0.035423484,-0.088266058,-0.026248435
-0.030047404,-0.186198023,-0.00187807
-0.035505963,-0.089297079,0.08173103
-0.029938683,-0.094992062,0.164965202
-0.03415257,-0.076819854,0.124472902
-0.030800955,-0.059502456,0.195709355
-0.032982879,-0.068590435,0.118848972
-0.031663227,-0.040565419,0.05023702
-0.032060622,-0.057736599,0.160466057
-0.032323053,-0.037989742,0.059235308
-0.031535761,-0.044314585,-0.012376073
-0.032532998,-0.038184698,-0.020624505
-0.031831933,-0.032171036,-0.126729327
-0.032592982,-0.032343498,-0.126354398
-0.032244324,-0.032077307,-0.134602829
-0.032626723,-0.038289675,-0.1316034
-0.032907899,-0.026884712,-0.137977188
-0.033200321,-0.028620576,-0.206214211
-0.03426504,-0.029842804,-0.185218204
-0.034808647,-0.03071636,-0.194216493
-0.035794636,-0.033569475,-0.169846127
-0.036821865,-0.028035706,-0.041995441
-0.036818116,-0.025819949,0.031115656
-0.03741046,-0.027244632,0.047987447
-0.037654145,-0.021257214,0.058110522
-0.037781612,-0.026059896,0.032615371
-0.038381453,-0.020458642,-0.029997722
-0.037924074,-0.02707217,-0.073114523
-0.039667364,-0.027150903,-0.132728186
-0.03797656,-0.013740136,-0.159348124
-0.0400985,-0.036167647,-0.151474621
-0.039344949,-0.004970837,-0.140601689
-0.039202486,-0.040857854,-0.114731608
-0.041493131,-0.008172625,-0.124854683
-0.037129284,-0.028088194,-0.083987455
-0.044297391,-0.030431423,-0.113981751
-0.034842388,0.015837034,-0.114731608
-0.046929196,-0.095929353,-0.0911111
-0.031914411,0.135709119,-0.141726475
-0.070611692,-0.683157475,-0.179219345
-0.383582796,-1.867556506,-0.274826163
-0.749317467,-1.706357364,-0.069740164
-1.053947023,-1.696362088,-0.115856395
-1.372702849,-1.77861879,-0.086986885
-1.659149707,-1.752877016,0.416167431
-1.938660897,-1.781171972,0.193084854
-2.205882832,-1.657385758,0.197958927
-2.467972372,-1.69343024,0.444287083
-2.724498381,-1.693471481,0.198333856
-2.962286838,-1.708329426,0.255323019
-3.189045708,-1.738030319,0.259447234
-3.402206919,-1.765050558,0.296940104
-3.609111032,-1.80747987,0.322435256
-3.802260027,-1.810366727,0.188210781
-3.980622927,-1.827646634,0.354304195
-4.144450915,-1.826308181,0.198708785
-4.293706501,-1.83382151,0.041238731
-4.432224922,-1.839239055,0.149218196
-4.558161666,-1.834016467,-0.041620512
-4.67137427,-1.828775133,-0.079113382
-4.77040062,-1.81237628,-0.009001715
-4.856076746,-1.802328516,0.023242153
-4.930160932,-1.791122258,0.124472902
-4.992068335,-1.773006288,0.225703651
-5.042012646,-1.750818724,0.322060327
-5.079191578,-1.724484582,0.335182832
-5.103927546,-1.696302101,0.388047778
-5.11712781,-1.666005091,0.290566316
-5.118631163,-1.633091162,0.137220478
-5.109404849,-1.598955006,0.062609667
-5.089842515,-1.564222732,-0.098609674
-5.060052882,-1.524365348,-0.249331012
-5.021250628,-1.4859214,-0.346437545
-4.974031847,-1.446393943,-0.327316181
-4.918257826,-1.402161283,-0.400052349
-4.854685863,-1.35928582,-0.454042082
-4.782869828,-1.30979308,-0.296572028
-4.702007431,-1.254522875,-0.32206718
-4.613219627,-1.199500114,-0.380930985
-4.516034041,-1.143772511,-0.298071743
-4.41076184,-1.085952873,-0.325816467
-4.298190317,-1.02518639,-0.445793651
-4.178150765,-0.962815265,-0.456291654
-4.051876611,-0.899638069,-0.431171431
-3.919307868,-0.835898497,-0.563146334
-3.779514783,-0.766403956,-0.586766842
-3.633145935,-0.700726066,-0.542525255
-3.483313001,-0.640664427,-0.626509284
-3.329468627,-0.568564216,-0.638507002
-3.168846042,-0.492429902,-0.594265416
-3.000354286,-0.404376989,-0.553023259
-2.824833136,-0.331264503,-0.561646619
-2.645409266,-0.25845195,-0.521904177
-2.460613065,-0.171954941,-0.430421574
-2.273736164,-0.106981895,-0.411675139
-2.081108281,-0.009758522,-0.314193677
-1.884645161,0.063860102,-0.203214782
-1.686105089,0.160322394,-0.09710996
-1.482372639,0.238068849,-0.003752713
-1.281320731,0.31970319,0.025866654
-1.072290929,0.433629097,0.019867795
-0.869169567,0.51376752,-0.03937094
-0.65876013,0.676335107,-0.078363524
-0.452620815,0.694870984,-0.164597126
-0.246766425,0.95256616,-0.181468917
-0.036034573,0.911820223,-0.181093988
0.025554163,0.210317522,-0.162347553
-0.000400233,0.105299634,0.01274415
0.009268464,0.14132537,0.076856957
0.004972098,0.047689949,0.177337849
0.006261758,0.087776032,0.262071735
0.006951576,0.033360636,0.263196521
0.005328254,0.049148374,0.339307047
0.007697629,0.032584559,0.247449516
0.005451972,0.02759067,0.191210211
0.007408955,0.030380049,0.173588562
0.006606667,0.015653325,0.031115656
0.007146524,0.025401157,0.025491725
0.007585158,0.014007441,-0.012376073
0.007210257,0.012102865,-0.078363524
0.007495182,0.008308709,-0.06224159
0.007738868,0.011761691,-0.124479755
0.00814751,0.010674433,-0.170221056
0.008012546,0.007386414,-0.242957224
0.008619885,0.008023772,-0.289073454
0.009429671,0.01064444,-0.227585147
0.010355677,0.011285547,-0.208463783
0.01087304,0.006194179,-0.140976617
0.011765305,0.009542185,-0.005627357
0.012128959,0.007611364,0.045362947
0.012623828,0.00884484,0.066358954
0.012875012,0.002711204,0.09335382
0.012927498,0.005661798,0.034115085
0.013995966,0.001376501,-0.069365236
0.013264909,0.00538061,-0.142851261
0.014989453,0.0099246,-0.21821193
0.01378977,-0.011175707,-0.304445531
0.015356856,0.017029269,-0.346812474
0.015184402,-0.013526434,-0.309319604
0.014307133,0.017824092,-0.235083721
0.017396318,-0.005113305,-0.172470628
0.012672565,-0.001600337,-0.06224159
0.019986884,0.022949202,-0.018374932
0.011390404,-0.044667006,0.016118508
0.021115336,0.082051055,0.077231886
0.010809307,-0.15195689,0.055111093
0.033659523,0.561168226,0.099727608
0.324702667,1.872229081,0.030740727
0.69330908,1.776981519,0.137970335
0.995996649,1.683657279,0.097103107
1.31246183,1.780711939,-0.063366376
1.599744717,1.745544762,0.298814748
1.876849042,1.793147923,0.074982314
2.142953772,1.667622096,-0.050618801
2.403472477,1.68616922,0.179587421
2.659623585,1.685636838,-0.050993729
2.895631263,1.688178773,0.094478606
3.122026479,1.729772021,0.119598829
3.336046213,1.745079865,0.148843268
3.542380476,1.783775008,0.37605006
3.734063608,1.784716048,0.220079721
3.909993401,1.797601932,0.337807333
4.071624469,1.801111151,0.325809614
4.218649394,1.798366762,0.100102537
4.355803176,1.813134727,0.241825585
4.481080094,1.812913526,0.123348116
4.59250442,1.797980598,0.004870647
4.689723747,1.779032313,0.064109382
4.773502874,1.765441586,-0.045369799
4.845157702,1.747932981,-0.031497437
4.905085627,1.73395609,-0.004502571
4.953020469,1.714527912,0.020992581
4.988557335,1.678588406,0.071982884
5.011752459,1.654979908,0.106101396
5.022842031,1.623520656,0.098227893
5.022493373,1.582399803,0.003745861
5.011366311,1.545620485,0.017993151
4.989659543,1.510828224,-0.001128212
4.957650496,1.47704449,-0.098984603
4.91677504,1.431432136,-0.137977188
4.868262851,1.390693698,-0.151474621
4.811562823,1.354068096,-0.239957794
4.746738691,1.306446189,-0.357685406
4.673074394,1.257422095,-0.311569176
4.590558684,1.201683244,-0.345312759
4.499963857,1.141557868,-0.461915585
4.400768802,1.082459765,-0.409800495
4.293940762,1.022113189,-0.398927563
4.179352271,0.965493284,-0.515530389
4.05810179,0.906207722,-0.514405603
3.931437738,0.843604148,-0.429296788
3.797950488,0.782012849,-0.496034096
3.657842486,0.714704072,-0.453667153
3.511942264,0.648441312,-0.348312189
3.362311777,0.58906577,-0.400802207
3.208092501,0.51619698,-0.412799925
3.046491425,0.433876542,-0.424047786
2.876275124,0.351428632,-0.446543508
2.700397818,0.275091863,-0.497158882
2.520347864,0.19711296,-0.530152608
2.336323959,0.126328706,-0.486660879
2.149668249,0.044709362,-0.49790874
1.956223082,-0.037172424,-0.484786235
1.761754435,-0.119800293,-0.396303062
1.561377349,-0.219805547,-0.356935549
1.360302947,-0.278228801,-0.31606832
1.157001632,-0.400579084,-0.208838712
0.950194994,-0.469533745,-0.184093418
0.748910647,-0.60086703,-0.152974336
0.536742924,-0.701948295,-0.091486029
0.339203838,-0.775315724,-0.115856395
0.121626294,-1.065774862,-0.037496296
-0.037774114,-0.621011299,0.051736734
-0.036270761,-0.097072849,0.094853535
-0.025814772,-0.18364859,0.185961209
-0.033511489,-0.100447098,0.203207929
-0.027089435,-0.091726538,0.170589132
-0.031475777,-0.088847179,0.083605674
-0.028202891,-0.057481656,0.062984595
-0.029919938,-0.076066272,0.076482029
-0.029406323,-0.044839468,-0.027373221
-0.028978936,-0.054718521,0.004870647
-0.029841208,-0.038203444,0.024741868
-0.028772741,-0.042544979,-0.035621653
-0.02983371,-0.038518374,0.028866084
-0.029188881,-0.033198308,0.032990299
-0.029766228,-0.03633261,0.023617082
-0.029852455,-0.030026513,0.013119078
-0.029983671,-0.034982911,-0.014250717
-0.030201113,-0.031158761,-0.052118516
-0.03024985,-0.02905173,-0.147725334
-0.031033394,-0.029572864,-0.134602829
-0.03188067,-0.034529262,-0.150349835
-0.032671711,-0.029265433,-0.201715067
-0.033683944,-0.027540816,-0.161972625
-0.034351267,-0.028605579,-0.164597126
-0.034242546,-0.025587501,-0.232084291
-0.035198544,-0.027012184,-0.235833578
-0.034741164,-0.019956253,-0.224210789
-0.035408488,-0.03013149,-0.259079158
-0.035865867,-0.02141093,-0.193466635
-0.035577194,-0.027465833,-0.161222767
-0.037151778,-0.019686313,-0.134977758
-0.035430982,-0.019450116,-0.055492874
-0.038077783,-0.031912344,-0.034871795
-0.035820879,-0.005334506,0.057360665
-0.037860341,-0.042432504,0.085855246
-0.037241754,0.006734059,0.101602252
-0.036023326,-0.046661563,0.134970906
-0.040919533,-0.001097948,0.040488873
-0.032075618,-0.021984552,0.039739016
-0.046752993,-0.052150342,-0.048369229
-0.02180708,0.092893643,-0.123354969
-0.118812714,-1.045015729,-0.176969773
-0.474500037,-1.924562575,-0.272201662
-0.818250513,-1.646824357,-0.109107678
-1.123404931,-1.741745742,-0.254205085
-1.435172603,-1.757694694,-0.083612526
-1.714451354,-1.77056933,0.26357145
-1.991038316,-1.7511524,-0.021374362
-2.252651731,-1.65499379,0.217830149
-2.514051454,-1.705438819,0.345680835
-2.762906989,-1.681942795,0.19158514
-2.994183415,-1.713803208,0.412793073
-3.215618691,-1.741712,0.38467342
-3.426054371,-1.775896895,0.438663153
-3.628036034,-1.801672412,0.371925844
-3.813387089,-1.803269556,0.224203936
-3.984356941,-1.818344953,0.313436967
-4.140953088,-1.817913799,0.108350968
-4.285087527,-1.828227754,0.043113374
-4.417581289,-1.826713091,0.076482029
-4.537324669,-1.821557988,-0.06824045
-4.643372914,-1.807914773,-0.031122508
-4.734931237,-1.792790637,-0.032622223
-4.814743911,-1.784482485,-0.015375503
-4.88249227,-1.765736655,0.102727038
-4.93842375,-1.747470719,0.166464917
-4.982560845,-1.722197591,0.19720907
-5.01355766,-1.69329527,0.209206788
-5.032257722,-1.662912029,0.192709926
-5.039602032,-1.629713164,0.064109382
-5.035781791,-1.595157101,-0.011626216
-5.021250628,-1.557451738,-0.031497437
-4.996469672,-1.520694915,-0.137602259
-4.961813824,-1.478936704,-0.258329301
-4.918385292,-1.440016612,-0.311944105
-4.86708009,-1.40244247,-0.355060905
-4.808089418,-1.357958615,-0.492284809
-4.740899661,-1.308942019,-0.481411877
-4.665102176,-1.259513015,-0.349436975
-4.580562001,-1.201888333,-0.383180558
-4.486885488,-1.14283147,-0.360309907
-4.385186094,-1.087441292,-0.233209078
-4.275842468,-1.023113102,-0.228335005
-4.158674659,-0.966448207,-0.272201662
-4.035437202,-0.906371571,-0.192716778
-3.906212576,-0.840577457,-0.156348694
-3.769804847,-0.772908759,-0.276325878
-3.626712634,-0.704130309,-0.310819319
-3.479728948,-0.65081342,-0.389179417
-3.329029993,-0.579710486,-0.556772546
-3.171987713,-0.502882577,-0.615636352
-3.007061265,-0.425391065,-0.644505862
-2.834108186,-0.338481648,-0.667001584
-2.65660381,-0.262785986,-0.686122947
-2.474053266,-0.186760398,-0.649005006
-2.289084611,-0.114356504,-0.562396476
-2.099482179,-0.021838335,-0.478787376
-1.905051022,0.049710749,-0.367433552
-1.709052779,0.143477391,-0.247456368
-1.507146097,0.226191491,-0.139101974
-1.307560052,0.307368433,-0.10573332
-1.100206057,0.419592219,-0.119230753
-0.897084696,0.484943932,-0.129728756
-0.689618231,0.660776068,-0.081362954
-0.480937088,0.679255707,-0.04499487
-0.279855187,0.88998883,-0.034496867
-0.06191024,0.980677406,0.022117367
0.027050018,0.296015959,-0.009376644
0.001365551,0.080607626,-0.023249006
0.007690131,0.154402461,-0.000753284
0.00659542,0.048409789,0.016118508
0.005493211,0.085286585,0.016118508
0.00776886,0.037720916,0.00674529
0.005185792,0.047183811,0.134970906
0.007952561,0.040367828,0.142094551
0.005886857,0.023968975,0.144344123
0.007311481,0.033810536,0.271819881
0.00693658,0.016624359,0.22307915
0.007064046,0.022341837,0.200583428
0.007371465,0.014532325,0.188960639
0.007457692,0.015289656,0.070858098
0.008031291,0.011176821,-0.014625646
0.007637645,0.012267828,-0.101984033
0.008286223,0.011015607,-0.140601689
0.008207494,0.006107949,-0.199840423
0.008586144,0.0043046,-0.269577162
0.009268464,0.007690097,-0.233584006
0.010213214,0.011098089,-0.250830727
0.010936773,0.004390831,-0.280825023
0.011889022,0.010741918,-0.224210789
0.012346401,0.000637915,-0.23545865
0.012185194,-0.000884246,-0.253830156
0.013291152,0.006779049,-0.149225049
0.013253662,0.003461037,-0.076113952
0.014070946,0.006722812,-0.044619942
0.013632312,0.00106907,0.036364658
0.014768262,0.012121611,0.073857528
0.014637046,-0.003531157,0.115474613
0.014404608,0.012129109,0.147343553
0.016459065,-0.00495584,0.100477465
0.013722288,0.004207122,0.094478606
0.017977414,0.015668322,0.064109382
0.013456108,-0.020548622,-0.000753284
0.018097382,0.043839555,-0.110232464
0.015210645,-0.052746459,-0.22383586
0.015435585,0.06652201,-0.241832438
0.021471491,-0.086402722,-0.36518398
0.004612193,0.157986663,-0.386554916
0.210837736,1.591172852,-0.377181698
0.590687429,1.902177419,-0.238458079
0.904460821,1.647342857,-0.035621653
1.218031766,1.790433526,-0.149225049
1.516501699,1.733195009,0.233952083
1.793114904,1.791929444,0.317561183
2.063845912,1.707415744,0.091104248
2.322917499,1.670130288,0.453285372
2.583424957,1.700011141,0.343056334
2.824025172,1.680496732,0.311937252
3.053007205,1.72096148,0.421041504
3.270547259,1.744405015,0.263196521
3.478947227,1.781071859,0.345305907
3.676006439,1.787606655,0.239201084
3.855853947,1.7981943,0.259822163
4.021398982,1.799146588,0.311187395
4.171936729,1.804462906,0.032615371
4.312295915,1.817468762,-0.016875218
4.441505544,1.812403639,-0.151474621
4.557158754,1.805812605,-0.294697384
4.658423263,1.783906228,-0.097484888
4.745171605,1.765464081,0.010869506
4.819926865,1.755150125,0.163840416
4.882951472,1.741908071,0.328434115
4.933949255,1.716792408,0.349805051
4.973186394,1.690638226,0.386922992
5.000014309,1.66364798,0.328434115
5.014871636,1.63173133,0.191210211
5.01811078,1.598292518,0.025116797
5.010189122,1.554847182,-0.098609674
4.991732746,1.514764849,-0.198715637
4.962449229,1.475353616,-0.379806199
4.923901908,1.435627453,-0.467539515
4.877339204,1.404093218,-0.395928133
4.822622403,1.36254496,-0.332565183
4.760433825,1.307087297,-0.352436404
4.690199872,1.265351581,-0.276325878
4.611466913,1.21621876,-0.204339568
4.524422399,1.149671064,-0.350186832
4.428605201,1.099780912,-0.367433552
4.324371476,1.037818445,-0.26132873
4.212058634,0.972886639,-0.311944105
4.092611427,0.918411257,-0.302195958
3.967484469,0.855796436,-0.21221307
3.836250374,0.797684363,-0.328066039
3.697990634,0.726540189,-0.469789087
3.553822455,0.661450918,-0.473163446
3.406216433,0.606885556,-0.566145763
3.254017874,0.534646626,-0.659128081
3.094767427,0.457151364,-0.661377653
2.926961739,0.370579372,-0.668501298
2.752100415,0.29493245,-0.686497876
2.573066443,0.217470931,-0.673000443
2.389428686,0.143604863,-0.557522403
2.204122619,0.069765038,-0.420298499
2.012683173,-0.022246994,-0.31044439
1.818664407,-0.08901964,-0.192341849
1.620855393,-0.192294167,-0.123354969
1.419046184,-0.261158848,-0.122230182
1.218088001,-0.363304876,-0.080238168
1.009976707,-0.456449156,-0.084362384
0.809104751,-0.549330994,-0.132728186
0.598035488,-0.697528028,-0.156723623
0.396166296,-0.719775579,-0.312319033
0.18647292,-1.015922201,-0.394428419
-0.009431598,-0.831080819,-0.35656062
-0.044878488,-0.164464108,-0.283074595
-0.022631862,-0.149954835,-0.125979469
-0.03297913,-0.140360719,0.010869506
-0.02665455,-0.073231902,0.153717341
-0.029578778,-0.099820987,0.160091129
-0.028514059,-0.052304058,0.187460924
-0.028041684,-0.073561829,0.311187395
-0.029110151,-0.045015679,0.274819311
-0.027576806,-0.048667367,0.34418112
-0.029500049,-0.04573177,0.35880334
-0.027914217,-0.034814198,0.195709355
-0.028843972,-0.040974078,0.121098544
-0.028679015,-0.033280789,0.02699144
-0.028836474,-0.03651632,-0.005627357
-0.029290104,-0.029531623,-0.035996581
-0.029027673,-0.029610356,-0.103108819
-0.029537539,-0.029160456,-0.199465495
-0.029398825,-0.025561257,-0.391428989
-0.03009989,-0.028545593,-0.455166868
-0.030984656,-0.032054812,-0.43454579
-0.031678223,-0.029651597,-0.363309337
-0.03256299,-0.029524125,-0.167221626
-0.03335778,-0.02756706,0.043113374
-0.033444007,-0.022835613,0.104226752
-0.034036351,-0.026269849,0.072732742
-0.034073841,-0.018505326,0.0761071
-0.034235048,-0.026326086,0.010494577
-0.03528852,-0.022745633,-0.020624505
-0.034388758,-0.022134519,-0.007876929
-0.036255765,-0.028470609,-0.081362954
-0.034827392,-0.011873051,-0.116981181
-0.036184533,-0.0348067,-0.159723052
-0.036154541,-0.004933345,-0.161222767
-0.035041085,-0.037588581,-0.094860387
-0.038265234,-0.014594946,-0.025873506
-0.033530234,-0.018599055,0.090729319
-0.040585871,-0.039819335,-0.018374932
-0.032368041,0.021464533,-0.106108248
-0.041935515,-0.100968232,-0.143976047
-0.031524514,0.132743529,-0.280450094
-0.053696159,-0.557830354,-0.240332723
-0.344926754,-1.821947901,-0.26132873
-0.71605625,-1.739747437,-0.009376644
-1.020108459,-1.679100928,0.046862661
-1.336922298,-1.783938856,-0.035246724
-1.62429891,-1.747429478,0.346805621
-1.901133307,-1.785745954,0.063734453
-2.166874383,-1.664756618,0.001871217
-2.426609544,-1.689478619,0.315686539
-2.681336029,-1.689512361,0.126722474
-2.915307994,-1.698090453,0.244450086
-3.140702224,-1.73887763,0.276693954
-3.354017144,-1.758815695,0.302189106
-3.559110485,-1.798223179,0.396671138
-3.749627675,-1.79664478,0.320560612
-3.924264059,-1.812106341,0.563139481
-4.085797653,-1.816384139,0.496402173
-4.232773841,-1.81862614,0.284567457
-4.368937884,-1.82860642,0.248199373
-4.493322538,-1.819552184,-0.095235316
-4.603123543,-1.807281164,-0.217462072
-4.69932314,-1.794196575,-0.171345842
-4.782416197,-1.778048917,-0.169471199
-4.85333247,-1.76495308,-0.052868373
-4.912994216,-1.748213054,0.013868936
-4.959643147,-1.722467531,0.047987447
-4.994523936,-1.69410509,0.01274415
-5.017561603,-1.66461415,0.07310767
-5.028426233,-1.634107186,0.089979462
-5.028504963,-1.601159516,0.028116226
-5.017362905,-1.564762612,0.074232456
-4.995491181,-1.524020425,-0.005627357
-4.963808297,-1.481703588,-0.180344131
-4.923176527,-1.443319627,-0.290573169
-4.874060747,-1.404272063,-0.230584577
-4.817341974,-1.360189369,-0.253455227
-4.752915238,-1.311926355,-0.352061476
-4.679719566,-1.262718552,-0.207713926
-4.598707209,-1.212835898,-0.287948668
-4.508753463,-1.154288922,-0.516280246
-4.410072022,-1.0934737,-0.4660398
-4.303975039,-1.035897758,-0.454791939
-4.189472776,-0.974280214,-0.524903606
-4.068072334,-0.915553278,-0.41429964
-3.940452284,-0.853838257,-0.269577162
-3.806158997,-0.782581608,-0.378681413
-3.665083751,-0.718137193,-0.43154636
-3.518928596,-0.656819583,-0.335939541
-3.369852962,-0.59093174,-0.387679702
-3.215303774,-0.523341776,-0.383555486
-3.053084112,-0.439611651,-0.324316752
-2.882061773,-0.354580566,-0.389179417
-2.70575708,-0.2800284,-0.506907029
-2.524679897,-0.198866455,-0.577768553
-2.339703744,-0.134062121,-0.578893339
-2.151960821,-0.040887847,-0.545524685
-1.957990793,0.033023211,-0.456291654
-1.763375934,0.105265891,-0.355060905
-1.562605202,0.211239817,-0.269202233
-1.363086639,0.275969168,-0.20358971
-1.159219224,0.398604388,-0.145850691
-0.95345481,0.458830991,-0.085112241
-0.749992288,0.604336123,-0.012001145
-0.537187234,0.683619737,0.01836808
-0.339007067,0.792041868,-0.053243302
-0.117403086,1.047243849,-0.08248774
0.021861389,0.503888468,-0.124854683
0.008394945,0.059691029,-0.140601689
0.004188555,0.164825142,-0.028123079
0.009343444,0.062090495,0.050986877
0.0043985,0.073266759,0.083980603
0.008803587,0.0544272,0.089604533
0.005361995,0.030267574,0.145468909
0.008031291,0.044101997,0.131221619
0.006779121,0.014401104,0.032990299
0.007375214,0.033683065,0.109850683
0.007858836,0.018318982,0.125597688
0.007079042,0.020849669,0.062609667
0.008207494,0.015690817,0.100852394
0.007611401,0.013898716,0.103101966
0.008432435,0.01617071,0.091104248
0.008016295,0.007577622,0.055486021
0.008282474,0.012279076,0.023617082
0.008781093,0.007401411,-0.057367517
0.00867612,0.004806988,-0.232834149
0.009455914,0.009485947,-0.302570887
0.010276948,0.011026854,-0.36818341
0.011105479,0.007247695,-0.393678561
0.012023986,0.011105587,-0.266577732
0.012665067,0.00583051,-0.172470628
0.012593836,0.002621224,-0.066365806
0.013403622,0.011979143,0.030365798
0.013388626,-0.002612611,0.05586095
0.013894742,0.004694513,0.059985166
0.014457094,-3.32e-05,0.016493437
0.014074695,0.004248362,-0.002627927
0.015990439,0.006610337,-0.038996011
0.014303384,-0.003992305,-0.073489451
0.016736492,0.016313179,-0.088111671
0.0150007,-0.01597089,-0.104608533
0.01602418,0.021490777,-0.076488881
0.017261353,-0.01673572,-0.067115663
0.013947228,0.0153159,-0.028123079
0.020384279,-0.005237028,-0.063366376
0.011082985,-0.02262191,-0.07086495
0.024811859,0.059758514,-0.097484888
0.004462233,-0.146145683,-0.18934242
0.068600296,0.857389831,-0.159723052
0.400815068,1.949881807,-0.183718489
0.753660642,1.702781774,0.022117367
1.056138267,1.720777771,0.005620504
1.36972046,1.764279344,0.037864373
1.650824979,1.752390739,0.389172564
1.926343472,1.766390125,0.050986877
2.187941892,1.65092706,0.050986877
2.44833688,1.685625591,0.218205077
2.698107173,1.667453383,0.041238731
2.929514815,1.693911248,0.241450657
3.153311967,1.72469565,0.206582288
3.365116036,1.749702587,0.233577154
3.56773878,1.781229324,0.281942956
3.753622193,1.772508764,0.124847831
3.924899464,1.788697663,0.31268711
4.081660568,1.787407949,0.268820452
4.225123934,1.792199384,0.2433253
4.359023575,1.801212379,0.415792502
4.480498997,1.786853073,0.204332715
4.5874695,1.775759291,0.140594836
4.679916337,1.760646403,0.086230175
4.759818987,1.746943201,-0.044619942
4.827514861,1.733000052,0.008619934
4.88345009,1.710133889,-0.031497437
4.927500958,1.685648086,-0.025498578
4.958838932,1.65434255,-0.07386438
4.978461251,1.628072144,-0.110607393
4.98637916,1.588912105,-0.146975477
4.983451183,1.554341045,-0.190842134
4.969962245,1.522143207,-0.065990877
4.945451218,1.465493309,-0.089611386
4.911185266,1.42907766,-0.191966921
4.867786726,1.395203945,-0.24108258
4.816170357,1.352467202,-0.246331582
4.756643576,1.309981653,-0.313818748
4.689022683,1.257553315,-0.367433552
4.613453888,1.209365285,-0.204714496
4.529686009,1.157086914,-0.236583436
4.437715295,1.09879863,-0.357310477
4.337433027,1.040030453,-0.332565183
4.228569274,0.979845091,-0.418798784
4.111896334,0.920484546,-0.541400469
3.988827583,0.858150912,-0.518529818
3.859595459,0.794658786,-0.433421003
3.723888795,0.730015666,-0.494534382
3.581696344,0.667817002,-0.494534382
3.435593675,0.609851146,-0.40567628
3.286094403,0.540607799,-0.449917866
3.130045611,0.466707988,-0.428172002
2.965786487,0.382925376,-0.344562902
2.793541972,0.30558383,-0.300321315
2.616138818,0.232748783,-0.332565183
2.433614518,0.152779072,-0.408675709
2.249136982,0.085069134,-0.393303633
2.059380841,-0.011063232,-0.422173142
1.865583267,-0.079140588,-0.419548642
1.670154874,-0.170136596,-0.332940112
1.468611846,-0.251917154,-0.349062046
1.269756857,-0.330248479,-0.343063187
1.063111426,-0.444628035,-0.334439827
0.861448429,-0.512799121,-0.350186832
0.654461838,-0.676146534,-0.235083721
0.447561474,-0.703339235,-0.156723623
0.24573727,-0.935622564,-0.123729897
0.030975232,-0.97367285,-0.012376073
-0.048245099,-0.288677726,0.011619364
-0.022226969,-0.111075984,-0.014625646
-0.029515045,-0.16984791,0.024741868
-0.027149419,-0.072774504,0.068608526
-0.026527084,-0.108361588,0.079481458
-0.027861731,-0.058685138,0.118474043
-0.025736042,-0.067686886,0.202833001
-0.02828162,-0.05782283,0.144344123
-0.025871007,-0.044393317,0.08173103
-0.027543065,-0.050410729,0.132721334
-0.026714534,-0.038908287,0.084355531
-0.026950722,-0.04303237,0.048362376
-0.027494328,-0.036730022,0.039739016
-0.027089435,-0.037843524,0.011994292
-0.027651787,-0.027953224,-0.026998293
-0.027321874,-0.030690116,-0.089611386
-0.02771552,-0.030682617,-0.07386438
-0.027936711,-0.026532291,-0.10273389
-0.028165401,-0.026464806,-0.141351546
-0.028907705,-0.027589555,-0.151474621
-0.02994993,-0.031533678,-0.247831297
-0.030564767,-0.027008435,-0.319817607
-0.031295824,-0.028789288,-0.322817037
-0.031711964,-0.02464646,-0.360684836
-0.03188067,-0.024009102,-0.363684265
-0.032720448,-0.021350943,-0.230209648
-0.032311806,-0.02383664,-0.135727616
-0.033339035,-0.032965859,-0.074239309
-0.033159082,-0.015063592,0.032615371
-0.033548979,-0.032785899,0.070858098
-0.034347518,-0.01772175,0.116224471
-0.033069106,-0.023806647,0.180712207
-0.035599688,-0.024301537,0.180712207
-0.032817922,-0.011441897,0.167214774
-0.036326996,-0.043815946,0.147718482
-0.033612712,0.010232031,0.078731601
-0.035442229,-0.057721602,-0.058867232
-0.036818116,0.014937235,-0.145475762
-0.031127119,-0.058973824,-0.17771963
-0.043866255,-0.007321564,-0.304070602
-0.01790811,-0.002196454,-0.351686547
-0.164708094,-1.302744648,-0.417673998
-0.538154478,-1.908336184,-0.354311048
-0.865866689,-1.622117353,-0.14022676
-1.17445895,-1.767022619,-0.201340138
-1.480426903,-1.744306423,0.136095692
-1.75740751,-1.78171935,0.343056334
-2.031268942,-1.723183621,0.146968624
-2.290209314,-1.654150228,0.433414151
-2.550184412,-1.695537271,0.436038652
-2.792302976,-1.670455351,0.340056905
-3.020801386,-1.718189732,0.421791361
-3.240189703,-1.737509185,0.313811896
-3.448739631,-1.772661365,0.347555479
-3.6465299,-1.786964433,0.24632473
-3.826504875,-1.788437856,0.179587421
-3.993654485,-1.803681965,0.197958927
-4.145928025,-1.800813853,-0.009376644
-4.286729593,-1.813309823,-0.020624505
-4.41617541,-1.809729369,-0.063366376
-4.532049811,-1.798268169,-0.164222197
-4.634746442,-1.786788223,-0.017625075
-4.722225842,-1.766861405,0.065984025
-4.798289506,-1.753825555,0.163090558
-4.862585027,-1.735270933,0.263946379
-4.913740269,-1.711654936,0.294690532
-4.953824684,-1.687187879,0.294690532
-4.981271186,-1.654746345,0.235076869
-4.996788338,-1.626946279,0.169464346
-5.001302146,-1.593878635,-0.020249576
-4.994718885,-1.554853566,-0.129353828
-4.977784606,-1.518831579,-0.185968061
-4.95031561,-1.479521574,-0.400802207
-4.913492834,-1.439397999,-0.506157171
-4.868129813,-1.397939722,-0.475787947
-4.814316523,-1.357437481,-0.43454579
-4.752510345,-1.309313187,-0.476537804
-4.682343873,-1.257919619,-0.41130021
-4.603850851,-1.20999403,-0.260578873
-4.516978791,-1.153854018,-0.331440397
-4.421836415,-1.096866695,-0.309319604
-4.318982326,-1.037232461,-0.209213641
-4.207962893,-0.975236252,-0.256454657
-4.08925424,-0.914507261,-0.285324167
-3.963951079,-0.852942206,-0.253455227
-3.832143386,-0.791219686,-0.341563472
-3.693010126,-0.719438154,-0.485911021
-3.547814718,-0.65768939,-0.466789658
-3.399875035,-0.601744335,-0.513280817
-3.24769897,-0.528860548,-0.5901412
-3.08842228,-0.44964067,-0.517030104
-2.920811541,-0.367841366,-0.508406743
-2.746774998,-0.295366239,-0.546274542
-2.567722281,-0.213083292,-0.503157742
-2.384230735,-0.145680786,-0.441294506
-2.198298584,-0.064218907,-0.347562331
-2.005408271,0.028201784,-0.259829015
-1.811307027,0.093283557,-0.184468347
-1.612189608,0.198916309,-0.095235316
-1.411617573,0.253459176,-0.06224159
-1.210591908,0.363186017,-0.012376073
-1.003545333,0.445967602,-0.041995441
-0.802962051,0.55629431,-0.101234175
-0.590603128,0.691058082,-0.107607963
-0.391339498,0.724391917,-0.245956653
-0.175816411,1.029945197,-0.326941253
0.00398236,0.709923885,-0.320567465
0.017868693,0.092353763,-0.296197099
0.001260579,0.149476057,-0.176969773
0.011386655,0.098318686,-0.007876929
0.004833385,0.059402343,0.145843838
0.00875485,0.074526479,0.15109284
0.0064792,0.027099529,0.216705362
0.007671386,0.049054645,0.336307618
0.007911322,0.018502691,0.28081817
0.006985317,0.02741071,0.29244096
0.008631132,0.016163212,0.293940675
0.00731523,0.017876581,0.178837564
0.008556152,0.022064399,0.109850683
0.008140012,0.007986281,0.032240442
0.008436184,0.011484253,-0.007502
0.008702363,0.008608642,-0.059992018
0.00879234,0.010693179,-0.133852972
0.009290958,0.004420824,-0.211838142
0.009167241,0.005399356,-0.375307055
0.009958282,0.011919156,-0.44879308
0.011015503,0.007108976,-0.422173142
0.011720316,0.007202705,-0.388054631
0.012593836,0.008852338,-0.32206718
0.013103701,3.06e-05,-0.175470058
0.013216171,0.00569929,-0.02774815
0.014059699,0.004360837,0.02699144
0.013861001,0.000150524,0.116974328
0.014802003,0.010580704,0.140969765
0.01458456,-0.00563069,0.144719052
0.01511317,0.008481171,0.199083714
0.015990439,-0.004037295,0.101227323
0.014685783,0.00317985,0.035239872
0.017606262,0.004791991,-0.025873506
0.014712026,-0.0107558,-0.107982892
0.0182211,0.026368442,-0.146600548
0.015802988,-0.026730996,-0.176969773
0.016878954,0.038958141,-0.140601689
0.018922165,-0.035500296,-0.221211359
0.012991231,0.033439369,-0.268827304
0.026030288,-0.008914959,-0.340813615
-0.000246523,-0.038064725,-0.354311048
0.139374107,1.292990432,-0.257954372
0.509030242,1.961039325,-0.160097981
0.838253304,1.649179948,0.1192239
1.147977765,1.774630792,0.040488873
1.456435061,1.748754048,0.216330434
1.735638832,1.789949884,0.431539508
2.011749669,1.736857944,0.110225612
2.272703259,1.658807806,0.340806762
2.535212689,1.70702958,0.32131047
2.782864791,1.676676332,0.150717911
3.0157233,1.714891581,0.245199944
3.236558734,1.733509939,0.075732171
3.447481786,1.774173393,0.228328152
3.650172012,1.794276422,0.197958927
3.836321605,1.79401398,0.211081432
4.008881037,1.817468762,0.365177128
4.165604651,1.803368149,0.052861521
4.309244221,1.808796941,0.079856387
4.441677999,1.823384946,0.033365228
4.562860998,1.812163693,-0.136102544
4.671173646,1.800972432,0.070108241
4.763991636,1.778496182,0.121473473
4.844696574,1.764680505,0.172463776
4.913768334,1.756001186,0.202083143
4.970097209,1.729693288,0.190460353
5.014339276,1.699782442,0.098602822
5.046067148,1.666857266,-0.023249006
5.065655725,1.63721261,0.034490014
5.073914794,1.606259496,-0.079113382
5.071541671,1.577165968,-0.144350976
5.058322662,1.536195082,-0.156723623
5.034467711,1.492172374,-0.254954942
5.001172753,1.459205958,-0.268077447
4.958651482,1.413323664,-0.24408201
4.907559973,1.371722918,-0.155223908
4.848730509,1.3306733,-0.191217063
4.781668218,1.280970606,-0.223460931
4.70592322,1.23150411,-0.20958857
4.6219304,1.17351201,-0.38543013
4.529802228,1.116899604,-0.454791939
4.430044821,1.061745623,-0.401177135
4.322358258,0.997316205,-0.435295647
4.206607574,0.938623011,-0.520029533
4.084284875,0.886037209,-0.502407884
3.955303935,0.82089545,-0.537651182
3.819810965,0.750872276,-0.652004436
3.677487298,0.687762565,-0.548524114
3.530001245,0.629706729,-0.482911592
3.379939622,0.564647452,-0.445043793
3.224224491,0.495171657,-0.376056912
3.061581191,0.418857383,-0.401177135
2.890690068,0.333687579,-0.436045504
2.713508106,0.260803792,-0.493784524
2.532078516,0.182446222,-0.446918437
2.346285079,0.108857592,-0.409800495
2.15761615,0.018900103,-0.379806199
1.96251767,-0.054403591,-0.277450664
1.766680635,-0.127433595,-0.223460931
1.565280068,-0.231562932,-0.204714496
1.363452115,-0.291129681,-0.237708222
1.159037345,-0.415392039,-0.217087144
0.951897044,-0.481092424,-0.240332723
0.749413014,-0.615447537,-0.283449523
0.536079349,-0.710398915,-0.300696244
0.337483042,-0.787777952,-0.334439827
0.1174349,-1.071833514,-0.220461502
-0.038827585,-0.605984642,-0.151099692
-0.034257542,-0.093908553,-0.020249576
-0.025076217,-0.184758343,0.125972617
-0.032180591,-0.101939266,0.147718482
-0.02578478,-0.089030888,0.199833571
-0.030336078,-0.081697519,0.132346405
-0.026999459,-0.057466659,0.169464346
-0.029042669,-0.074427886,0.171713918
-0.028210389,-0.044284592,0.059235308
-0.02794046,-0.053361322,0.128597118
-0.028990183,-0.038293424,0.05586095
-0.027831739,-0.043628487,0.053986307
-0.028978936,-0.038027233,0.136470621
-0.028427832,-0.036508821,0.030740727
-0.028877713,-0.034971663,0.027741298
-0.028873964,-0.026014906,-0.083612526
-0.029087657,-0.033329528,-0.231334434
-0.029537539,-0.025471277,-0.295822171
-0.029473805,-0.02900674,-0.382805629
-0.030238603,-0.028748048,-0.285699096
-0.031337063,-0.027803258,-0.199090566
-0.032023132,-0.033175813,-0.155223908
-0.032922895,-0.02671225,-0.068615378
-0.033297796,-0.025973665,-0.025873506
-0.033650203,-0.030071503,-0.020624505
-0.034130076,-0.019712558,-0.026623364
-0.033950123,-0.026922204,0.00974472
-0.035164803,-0.032261016,0.008994863
-0.034253793,-0.021081003,-0.046494585
-0.035539704,-0.030780096,-0.119605682
-0.035063579,-0.014130049,-0.149974906
-0.035453476,-0.034885432,-0.116231323
-0.036851857,-0.012397935,-0.095610245
-0.034250044,-0.028275653,-0.009001715
-0.038628888,-0.030183978,0.047612519
-0.033556477,-0.000580563,0.05023702
-0.039292463,-0.055325885,-0.028498007
-0.034370012,0.033773045,-0.135727616
-0.037605408,-0.097492755,-0.141351546
-0.039063773,0.088417139,-0.190842134
-0.030699732,-0.279593497,-0.136852402
-0.265905121,-1.656988346,-0.195716208
-0.647063219,-1.815825513,-0.125979469
-0.957440008,-1.642396592,-0.052868373
-1.274456293,-1.795677495,-0.202839853
-1.570706812,-1.744426396,0.155591984
-1.84874839,-1.800446434,0.114724756
-2.120454141,-1.687292855,-0.019874647
-2.380492972,-1.676611481,0.303688821
-2.64077549,-1.70579124,0.173963491
-2.8817731,-1.693269026,0.17996235
-3.110428968,-1.733006436,0.272944667
-3.326521905,-1.749772707,0.288316744
-3.534625701,-1.796337348,0.398920711
-3.731542451,-1.805777748,0.335182832
-3.912158506,-1.814502058,0.45965916
-4.079139411,-1.822843952,0.435288795
-4.231596652,-1.824084926,0.241075728
-4.372000826,-1.829581203,0.266195951
-4.500989264,-1.825509609,0.061484881
-4.61782716,-1.819987087,-0.087736742
-4.720505046,-1.804761724,-0.083987455
-4.80895169,-1.786623259,-0.152974336
-4.885622694,-1.773921085,-0.136102544
-4.950716754,-1.756165035,-0.107982892
-5.002940464,-1.732305342,-0.040870654
-5.043414775,-1.707793295,-0.027373221
-5.07153235,-1.67751503,0.067858669
-5.08713573,-1.644514871,0.116974328
-5.091758259,-1.608815312,0.024741868
-5.085268723,-1.572767081,0.072357813
-5.068409425,-1.536557636,0.002246146
-5.041648992,-1.496389072,-0.147350405
-5.005313587,-1.457071568,-0.229084862
-4.960449184,-1.418252703,-0.236958365
-4.907625633,-1.376044592,-0.301446101
-4.846606747,-1.327646608,-0.43717029
-4.777017623,-1.278243848,-0.348687117
-4.698884505,-1.223183596,-0.37380734
-4.611993701,-1.169371816,-0.50953153
-4.516615137,-1.116688536,-0.46041587
-4.413614837,-1.055029752,-0.433046075
-4.30294781,-1.000385657,-0.491534952
-4.18506394,-0.93892183,-0.48628595
-4.060881733,-0.875380965,-0.354685976
-3.930015041,-0.816020419,-0.389179417
-3.792272664,-0.741970642,-0.401177135
-3.647489647,-0.67778492,-0.257579443
-3.49835028,-0.619417903,-0.308944675
-3.345896789,-0.549308499,-0.332940112
-3.186882529,-0.478243058,-0.328066039
-3.020261529,-0.394164261,-0.40567628
-2.846191246,-0.31743383,-0.473538374
-2.667685884,-0.243290323,-0.529777679
-2.484441773,-0.165993767,-0.511406173
-2.298277183,-0.105013582,-0.504657456
-2.10674776,-0.006384272,-0.461165727
-1.910352122,0.068325358,-0.380930985
-1.712584347,0.158061647,-0.31044439
-1.508960618,0.241184406,-0.187467776
-1.307931204,0.317798613,-0.10273389
-1.099928631,0.429306308,-0.071239879
-0.896087459,0.490593925,-0.029997722
-0.687694989,0.663865381,-0.003752713
-0.478833893,0.69241528,-0.046494585
-0.276544811,0.898008296,-0.074614237
-0.058082501,0.972804158,-0.109857535
0.028545873,0.293151596,-0.135352687
0.002299054,0.084289307,-0.038621082
0.009287209,0.15620206,-0.022874077
0.007761362,0.049362077,-0.014625646
0.006842854,0.088473377,0.004495718
0.009189735,0.042437367,-0.023998863
0.006467953,0.044098248,0.061859809
0.009148496,0.039194339,0.057735594
0.007067795,0.023361611,0.07910653
0.008841077,0.027511937,0.167964631
0.008203745,0.013958702,0.099727608
0.008484921,0.023717781,0.115849542
0.009073515,0.015098449,0.122598259
0.008529909,0.012159103,0.066358954
0.009234723,0.007746334,0.082855817
0.008919806,0.009785881,0.000746431
0.00951215,0.010483225,-0.088111671
0.009677106,0.003067375,-0.179594274
0.010175724,0.008811097,-0.286823882
0.011195455,0.012399049,-0.32206718
0.011791548,0.006745307,-0.355435834
0.012800031,0.013257608,-0.300321315
0.013437363,0.006951511,-0.179594274
0.013576076,0.002947402,-0.118105967
0.014603305,0.009437208,-0.073114523
0.014352121,-0.004884606,-0.007127072
0.015150661,0.009309736,0.033740157
0.015334362,0.000158022,0.054361235
0.01496321,0.004522051,0.062609667
0.016935189,0.00785506,0.03861423
0.015060684,-0.005529463,0.001871217
0.017737477,0.011251804,-0.053993159
0.015844227,-0.014816147,-0.05961709
0.017452553,0.016073232,-0.042370369
0.017744976,-0.023135546,-0.0479943
0.01579549,0.02278049,-0.028123079
0.021186567,-0.012941564,-0.110607393
0.0119715,-0.0022152,-0.144350976
0.026528906,0.041897487,-0.178469487
0.003060103,-0.134005883,-0.228709933
0.086475576,0.98555882,-0.172845557
0.432895347,1.961552961,-0.171345842
0.78006492,1.671127566,0.047612519
1.085200593,1.745664735,-0.002252998
1.399525089,1.766101439,0.028866084
1.681345669,1.759694114,0.342306477
1.959514713,1.766067697,0.053236449
2.222683968,1.654110101,0.150342983
2.48552331,1.693738786,0.291316174
2.738592732,1.681681468,0.074232456
2.974525429,1.710493809,0.195709355
3.198731223,1.733787377,0.115849542
3.410857707,1.763953167,0.134595977
3.616277212,1.798681692,0.194959498
3.806393258,1.800886201,0.143594266
3.982139349,1.810963959,0.333683117
4.142447017,1.808946908,0.245574872
4.289310734,1.80232963,0.208082002
4.424706231,1.801332352,0.272944667
4.548693489,1.813618369,0.073857528
4.660571446,1.796942079,0.095228464
4.757179684,1.775545588,0.077231886
4.8411875,1.764211859,0.028866084
4.913382186,1.752518211,0.098977751
4.973257625,1.731556624,0.068233597
5.02136867,1.696899333,0.052111663
5.056913034,1.678202242,0.005245576
5.079677023,1.639233411,0.034864943
5.090826578,1.606986834,-0.03637151
5.090942798,1.578256975,-0.134977758
5.079804489,1.528190612,-0.121105396
5.058795037,1.502471333,-0.244831867
5.027704497,1.45195882,-0.311944105
4.987271424,1.408963384,-0.310819319
4.939059155,1.3816957,-0.27857545
4.882209168,1.320216876,-0.318692821
4.817647467,1.282399038,-0.354685976
4.744523027,1.234889607,-0.251580584
4.662644648,1.173886927,-0.3824307
4.572882102,1.12666993,-0.455916725
4.474290637,1.061888091,-0.379806199
4.36843359,1.008402489,-0.466789658
4.254954807,0.953023558,-0.521529248
4.134285422,0.890701171,-0.471663731
4.007985024,0.835209765,-0.439419863
3.87504138,0.762164764,-0.516280246
3.734952124,0.691781671,-0.458916155
3.588605769,0.630081646,-0.382055772
3.439128992,0.570717352,-0.449168009
3.284842234,0.510112083,-0.392178846
3.123301142,0.428736435,-0.359934978
2.954063333,0.344106511,-0.380930985
2.777571189,0.274964392,-0.392928704
2.596996373,0.193776202,-0.41429964
2.412087702,0.12329938,-0.370058053
2.224914629,0.051431616,-0.369683124
2.031072067,-0.043332303,-0.350936689
1.834995095,-0.108425323,-0.304820459
1.635506524,-0.205978623,-0.334814755
1.431759077,-0.27315243,-0.330315611
1.229593713,-0.373521353,-0.302945816
1.020110281,-0.467617921,-0.293947527
0.817689984,-0.560784696,-0.234333864
0.605379799,-0.709004225,-0.182218774
0.402082234,-0.727461369,-0.167596555
0.191931478,-1.019513902,-0.123729897
-0.00658235,-0.844199151,-0.130478614
-0.044563571,-0.17074771,-0.067865521
-0.02161588,-0.146393128,0.059610237
-0.032263069,-0.141725416,0.089604533
-0.026114692,-0.078357012,0.184086566
-0.028690262,-0.102651608,0.19420964
-0.027704273,-0.049818361,0.167214774
-0.027231897,-0.075507646,0.165715059
-0.028630278,-0.047208941,0.060735023
-0.026778267,-0.051929141,0.103101966
-0.028637776,-0.050665672,0.098977751
-0.027228148,-0.03534658,0.015368651
-0.027914217,-0.040479188,0.023617082
-0.027932962,-0.033648208,-0.065990877
-0.028067927,-0.038750823,-0.102358961
-0.028386593,-0.027660789,-0.079863239
-0.028259126,-0.029437894,-0.113231894
-0.02873525,-0.029434145,-0.130103685
-0.028712756,-0.025152597,-0.200590281
-0.029515045,-0.030240216,-0.248206226
-0.030429803,-0.027004685,-0.322442108
-0.03104839,-0.027634545,-0.415799355
-0.032098112,-0.029749075,-0.313818748
-0.032682958,-0.025902431,-0.200590281
-0.032866659,-0.026644766,-0.130103685
-0.033481497,-0.021695866,-0.034496867
-0.033162831,-0.022959335,0.026241583
-0.034366263,-0.03040143,0.071607955
-0.033852649,-0.018456587,0.086605104
-0.034426248,-0.028283151,0.118848972
-0.03490987,-0.014789903,0.144344123
-0.034055096,-0.028789288,0.124472902
-0.036469458,-0.020739829,0.049112234
-0.033578971,-0.01862155,-0.006002285
-0.037526679,-0.039324445,-0.049119086
-0.033702689,0.009354726,-0.119605682
-0.036964327,-0.059761149,-0.143601118
-0.036626917,0.02116085,-0.233209078
-0.033215317,-0.071439801,-0.285699096
-0.04339388,0.029551484,-0.2988216
-0.020348715,-0.071837212,-0.313443819
-0.19543498,-1.426125952,-0.378306485
-0.575607088,-1.887010928,-0.254580014
-0.898171909,-1.622923424,-0.026248435
-1.210828096,-1.781171972,-0.103108819
-1.514865309,-1.743545342,0.270320167
-1.792801914,-1.790233706,0.418042074
-2.067776801,-1.711126303,0.143594266
-2.328314251,-1.659755231,0.403794784
-2.590467525,-1.704164102,0.336682546
-2.83614015,-1.68452972,0.182586851
-3.067870207,-1.725826783,0.300689391
-3.286872375,-1.738004075,0.267695666
-3.496427038,-1.783601431,0.28944153
-3.697246508,-1.801200017,0.195709355
-3.881375385,-1.804173105,0.104601681
-4.052019073,-1.81620043,0.053986307
-4.207501765,-1.81251125,-0.094485459
-4.350770182,-1.821051851,-0.007876929
-4.482791569,-1.818922324,0.030740727
-4.602358745,-1.813740977,0.032990299
-4.70886437,-1.797705794,0.179212492
-4.800415194,-1.780095961,0.184836423
-4.879871712,-1.770269397,0.235451797
-4.948336133,-1.750766236,0.280443241
-5.004136398,-1.730861913,0.288316744
-5.047763627,-1.704872695,0.209581717
-5.079345287,-1.672457405,0.106851253
-5.09876141,-1.642674031,0.053986307
-5.106619335,-1.609685119,-0.172470628
-5.103518904,-1.573063266,-0.224960646
-5.08929516,-1.533228377,-0.213337856
-5.064622925,-1.49392212,-0.305195388
-5.030540675,-1.456325484,-0.305945245
-4.988045647,-1.416025698,-0.285699096
-4.937583972,-1.373461417,-0.303695673
-4.879005691,-1.33087464,-0.435670576
-4.812348293,-1.284276256,-0.405301351
-4.73673451,-1.229804623,-0.329565754
-4.652561738,-1.172749815,-0.408675709
-4.559784987,-1.120943839,-0.319442679
-4.458419255,-1.063270419,-0.271076876
-4.349266829,-0.997296345,-0.39405349
-4.232215239,-0.937287194,-0.44879308
-4.109165232,-0.880678536,-0.413174854
-3.980341751,-0.821659165,-0.460040941
-3.844485126,-0.752899461,-0.516280246
-3.701959013,-0.684630897,-0.412424996
-3.554461713,-0.627576089,-0.450667724
-3.403459088,-0.564128952,-0.54102554
-3.246229358,-0.488973171,-0.487410736
-3.081167945,-0.408890985,-0.492659738
-2.908207369,-0.33006477,-0.455541797
-2.730073159,-0.255355139,-0.371557768
-2.547788795,-0.181601545,-0.337814185
-2.36190913,-0.115207565,-0.276325878
-2.172722838,-0.022861857,-0.211088284
-1.977346931,0.046523958,-0.152599407
-1.780857568,0.127922101,-0.07686381
-1.577919908,0.232452598,-0.033747009
-1.376001978,0.286598054,-0.07086495
-1.170200074,0.411730218,-0.173970343
-0.962561155,0.475098622,-0.286823882
-0.758075154,0.61913783,-0.328066039
-0.544066667,0.697851571,-0.357310477
-0.345099208,0.791130821,-0.295822171
-0.122794162,1.057314108,-0.132728186
0.022011349,0.527039568,-0.074989166
0.01072308,0.058997433,0.036739586
0.005238278,0.16371164,0.11060054
0.011296678,0.068659034,0.127472332
0.005710653,0.073836632,0.197958927
0.009947035,0.051859021,0.177712778
0.006666651,0.033150683,0.218580006
0.00928346,0.051889015,0.192709926
0.008196247,0.01909506,0.10497661
0.008552403,0.037567201,0.139095122
0.009268464,0.019927375,0.057735594
0.008522411,0.02219562,0.01836808
0.009557138,0.018457701,0.04723759
0.008968543,0.014637301,-0.10273389
0.009620871,0.010940624,-0.188217634
0.009500903,0.00659534,-0.274451235
0.009973278,0.014622305,-0.3824307
0.010224461,0.005369363,-0.352811333
0.010205716,0.008454927,-0.299196529
0.010584366,0.0085749,-0.168346413
0.010543127,0.007498889,-0.118480895
0.010869291,0.008316207,-0.094485459
0.011146718,0.003149857,0.020617652
0.011008005,0.004064653,0.046862661
0.010876789,0.005853005,0.085480317
0.010801809,0.003112365,0.13947005
0.010468147,-0.002425153,0.137970335
0.010224461,-0.000351864,0.080981173
0.010250705,0.001106561,0.007120219
0.010220712,-0.000558068,-0.059242161
0.010134485,0.002756194,-0.125604541
0.009950784,0.00124528,-0.115856395
0.009797074,-0.003624886,-0.102358961
0.009920792,4.55e-05,-0.095985173
0.009864557,0.000266748,-0.084362384
0.009759584,-0.003028769,-0.12860397
0.009744588,-0.000205647,-0.190842134
0.009553389,0.00084037,-0.224585718
0.009384683,-0.002252692,-0.185218204
0.009377185,-0.003917321,-0.137977188
0.009410926,0.00079538,-0.101234175
0.009193484,-0.004982084,-0.086986885
0.009077264,-0.004273492,-0.139851831
0.008938551,0.00214508,-0.162722482
0.008818583,-0.003231224,-0.170595985
0.008871069,0.000994086,-0.149974906
0.008627383,-0.006365527,-0.119605682
0.008593642,-0.006901657,-0.169846127
0.008443682,-0.000591811,-0.207338997
0.008357454,-0.00976602,-0.283074595
