0.002389031,-0.009376107,-0.116231323
0.004387253,-0.007452785,-0.101984033
0.002137847,-0.017466807,-0.106483177
0.004709668,0.002471258,-0.109857535
0.002490254,-0.032530956,-0.098609674
0.003558722,0.02017482,-0.115481466
0.0043985,-0.04572802,-0.095610245
0.000282087,0.021584506,-0.099359532
0.008949798,-0.042631209,-0.098234746
-0.008486847,-0.017571784,-0.087736742
0.088676245,1.637711249,-0.089986314
0.296817531,3.196419516,-0.013500859
0.435834571,3.110946029,0.008994863
0.578870549,2.703861585,0.018743009
0.727582529,2.473149157,0.086230175
0.853714221,2.292638061,0.042363517
0.977656492,2.222509911,0.000746431
1.078935997,2.247513099,0.028116226
1.171960182,2.259712885,-0.041620512
1.249365992,2.23208903,-0.041995441
1.318876386,2.171648725,0.013868936
1.380408887,2.097029074,-0.057367517
1.428141283,2.059856093,-0.023998863
1.466294957,2.009696002,0.019117938
1.493628989,1.95184637,-0.036746439
1.513757424,1.904899314,-0.041995441
1.52456582,1.830943265,-0.032997152
1.528044901,1.763375795,-0.074614237
1.523373635,1.696933076,-0.166471769
1.509296102,1.638509822,-0.183718489
1.487634322,1.57980913,-0.151474621
1.45753727,1.481813429,-0.168346413
1.420294605,1.392253351,-0.147725334
1.375433951,1.298164281,-0.147350405
1.32264789,1.205841069,-0.208088855
1.263158599,1.111013413,-0.213337856
1.197097294,1.007686398,-0.266952661
1.125322498,0.898221998,-0.298446671
1.044336384,0.773839667,-0.322817037
0.960336066,0.673088329,-0.377931556
0.873291552,0.549890734,-0.351311618
0.780436072,0.434562639,-0.350936689
0.682092042,0.291749408,-0.289448383
0.574337996,0.153555149,-0.211088284
0.465890384,0.026683372,-0.184468347
0.347789071,-0.12916571,-0.151474621
0.235176308,-0.25701602,-0.135727616
0.114885574,-0.552379066,-0.137602259
0.007705127,-0.495328007,-0.118105967
-0.005056503,-0.106265804,-0.133852972
0.006261758,-0.086024057,-0.176594844
0.000368314,-0.077592182,-0.108732749
0.004413496,-0.040734131,-0.079113382
0.001680468,-0.053248847,-0.09411053
0.002711445,-0.023514212,-0.007502
0.002632716,-0.036846246,0.028491155
0.001901659,-0.021058508,-0.010876359
0.002610222,-0.02370167,0.005245576
0.001571746,-0.021669622,0.00412079
0.002340293,-0.013372718,-0.018000004
0.001646727,-0.018062925,-0.049119086
0.00163548,-0.013312731,-0.046494585
0.001343057,-0.012585393,-0.010876359
0.001088124,-0.013526434,-0.018374932
0.001136861,-0.013293985,0.026241583
0.000833191,-0.012585393,0.050611948
0.000728219,-0.016893185,0.008994863
0.000244597,-0.013518935,0.015368651
-6.59e-06,-0.01291157,-0.011251287
-2.53e-05,-0.011561871,-0.08548717
-0.000197786,-0.010467114,-0.110607393
-0.000392735,-0.010077201,-0.160847839
-0.000463966,-0.00882498,-0.172845557
-0.000392735,-0.013833865,-0.144350976
-0.000332751,-0.009649796,-0.177344701
-0.000505205,-0.009068675,-0.165721912
-0.000542695,-0.010118442,-0.154099122
-0.000512703,-0.013728889,-0.191591992
-0.000587683,-0.015670957,-0.175844986
-0.000437723,-0.008967448,-0.193091707
-0.00048646,-0.011798068,-0.202839853
-0.000606428,-0.008952451,-0.212587999
-0.000512703,-0.006642965,-0.26132873
-0.000452719,-0.008723752,-0.200965209
-0.000358994,-0.00495584,-0.205089425
-0.000456468,-0.006684206,-0.189717348
-0.000546444,-0.010032211,-0.124479755
-0.000403982,-0.007651491,-0.115106537
-0.000370241,-0.007314066,-0.134602829
-0.000490209,-0.010043458,-0.107233034
-0.000557691,-0.007827701,-0.054743016
-0.000520201,-0.008018909,0.033365228
-0.00052395,-0.00720534,0.175088277
-0.000456468,-0.004269743,-0.121855254
-0.00052395,-0.008986194,-0.172095699
-0.000996325,-0.011404406,-0.004127642
-0.001596167,-0.009938482,-0.136852402
-0.001832355,-0.012386687,-0.01912479
-0.002248495,-0.01219548,-0.003002856
-0.00237971,-0.008914959,-0.060741876
-0.002544667,-0.010163432,-0.092610815
-0.002882078,-0.005409489,-0.079113382
-0.002837089,-0.013263992,0.016868365
-0.00344068,-0.011329422,-0.075739024
-0.002960807,-0.006211811,0.016118508
-0.004108004,-0.013425206,0.052111663
-0.003226986,-0.000449343,-0.205464354
-0.003703111,-0.021785846,-0.117731038
-0.004066765,0.001687682,-0.030372651
-0.002762109,-0.017658015,-0.144725904
-0.005390165,-0.013773879,-0.019874647
-0.001603665,0.004383332,0.004495718
-0.006387402,-0.030487661,-0.127479184
-0.00113129,0.033716807,-0.179594274
-0.005682588,-0.068294251,-0.208838712
-0.002612149,0.085770228,-0.278950379
-0.006364908,-0.280369575,-0.308944675
-0.190340076,-1.375598441,-0.208838712
-0.439236849,-1.554662359,-0.161972625
-0.622720897,-1.515573554,-0.182593703
-0.805818796,-1.670590321,-0.086237027
-0.962583649,-1.687457819,0.010494577
-1.1021293,-1.77713412,-0.013875788
-1.225827885,-1.785033613,0.082105959
-1.33210482,-1.8032958,0.222704222
-1.431412346,-1.76009791,0.030740727
-1.515517636,-1.741715749,0.007870077
-1.591112674,-1.763595882,0.056985736
-1.65262643,-1.732189118,-0.130103685
-1.703046865,-1.711609946,0.022492296
-1.741860366,-1.675606705,0.064109382
-1.770199133,-1.64869894,-0.041245583
-1.790777448,-1.621356273,0.038239301
-1.801293422,-1.577700984,-0.021374362
-1.803595314,-1.532156115,-0.101234175
-1.796284744,-1.486435036,-0.164222197
-1.780497663,-1.426778307,-0.157098552
-1.75669145,-1.355180483,-0.097484888
-1.724314999,-1.281794308,-0.166846698
-1.684346804,-1.209266692,-0.109107678
-1.636396966,-1.136892791,-0.065615949
-1.579764421,-1.05584707,-0.185218204
-1.515712585,-0.980725031,-0.096360102
-1.445568608,-0.89135991,-0.091486029
-1.366400764,-0.792239459,-0.258704229
-1.280788371,-0.702143251,-0.230209648
-1.190354752,-0.601744335,-0.320192536
-1.097300575,-0.508750021,-0.434170861
-0.997052047,-0.385158764,-0.398177706
-0.888105817,-0.273384878,-0.470913873
-0.774000948,-0.147600359,-0.449917866
-0.651258361,-0.028481857,-0.360684836
-0.529947895,0.076153617,-0.260203944
-0.398875008,0.219154307,-0.228709933
-0.27192978,0.327655171,-0.251955513
-0.136421814,0.606679352,-0.138352117
-0.012873189,0.538279567,-0.197215922
0.004912114,0.114904997,-0.249331012
-0.008655553,0.08634385,-0.098984603
-0.001974817,0.077090909,-0.10273389
-0.006151214,0.03527646,-0.124479755
-0.003429433,0.049485799,-0.014250717
-0.004340442,0.014978475,-0.021374362
-0.00404802,0.032843251,-0.017625075
-0.003167002,0.018765133,0.019117938
-0.004179235,0.014884746,0.019117938
-0.003159504,0.013317595,0.054361235
-0.00370686,0.007836314,0.006370362
-0.002844587,0.00718021,0.022492296
-0.003114516,0.00439458,0.035239872
-0.002769607,0.006287909,-0.006377214
-0.002372212,-0.001060457,0.106851253
-0.002330973,0.003704733,0.124097974
-0.001993562,0.005909243,0.07310767
-0.00173488,0.00439458,0.126722474
-0.001363728,0.002793686,0.059985166
-0.001382474,0.001942625,-0.003752713
-0.000891353,0.005211898,-0.007502
-0.000478962,-0.003366194,-0.094860387
-0.000542695,-0.002976281,-0.140976617
-0.000617675,0.003423546,-0.132353257
-0.000527699,-0.00626055,-0.185218204
-0.000407731,-0.002226447,-0.229459791
-0.000400233,0.001046575,-0.217837001
-0.000501456,-0.005034573,-0.213712785
-0.000613926,0.000139276,-0.229459791
-0.000426476,0.001016581,-0.238083151
-0.000400233,0.001391498,-0.204714496
-0.000407731,-0.002342671,-0.254205085
-0.00029901,-0.003456174,-0.304445531
6.84e-05,0.003577262,-0.281949809
0.000900674,-0.001525353,-0.321317322
0.001253081,-0.000696788,-0.316818178
0.001886663,0.006239169,-0.242582295
0.002261564,0.001642692,-0.239957794
0.002647712,0.005714286,-0.229834719
0.003393765,0.003408549,-0.175470058
0.003202566,0.00241502,-0.170595985
0.004376006,0.006809043,-0.124479755
0.00379116,-0.001555347,-0.082862669
0.004848381,0.007693846,-0.057742446
0.004765903,-0.006391771,-0.015000574
0.004672178,0.010996861,-0.014250717
0.006288001,-0.001589089,0.028116226
0.003896133,0.000832872,0.032615371
0.00784384,0.012335313,0.046112804
0.00341251,-0.015723445,0.10197718
0.008068781,0.033034459,0.037489444
0.004874624,-0.046534091,0.052486592
0.00549696,0.062641623,0.053611378
0.009883302,-0.071094878,-0.052118516
-0.003463174,0.154229999,-0.045744728
0.193089922,1.469459927,-0.040870654
0.538606182,1.829852258,0.037114515
0.812321402,1.630554091,0.04161366
1.080581813,1.806764893,0.024366939
1.333557509,1.851364972,0.26919538
1.566892143,2.000210612,0.242575443
1.790040716,2.02880925,0.215205648
1.994069338,2.034792919,0.458159445
2.191278511,2.112408153,0.305938393
2.369150291,2.177816103,0.247824445
2.536506097,2.263979436,0.441662582
2.688783385,2.311530109,0.249699088
2.827391783,2.37576457,0.154842127
2.951997628,2.393809306,0.232077439
3.061712406,2.367981301,-0.000378355
3.159546571,2.352077339,-0.1747202
3.242834577,2.335670989,-0.079488311
3.315404164,2.307615979,-0.146600548
3.376850438,2.253178089,-0.283449523
3.428373082,2.182914969,-0.283074595
3.469953352,2.132372462,-0.367433552
3.499802969,2.101663044,-0.230959505
3.519995137,2.046887728,-0.103858676
3.531332144,1.963022634,-0.190467206
3.533135417,1.898660701,-0.139851831
3.525075046,1.861607694,-0.216712215
3.507870839,1.815871618,-0.246331582
3.482636253,1.756852247,-0.141726475
3.449517498,1.698226538,-0.094860387
3.408319627,1.641096746,-0.080238168
3.359121369,1.580180297,-0.196091136
3.302443836,1.519192614,-0.317193106
3.237754668,1.458534857,-0.470538945
3.165271309,1.375573312,-0.569520122
3.086178445,1.295779812,-0.417299069
2.999388864,1.225374224,-0.421423285
2.904880071,1.142341444,-0.497158882
2.804395356,1.068659085,-0.446168579
2.697331128,0.983901689,-0.462665442
2.582558936,0.902511044,-0.339688828
2.461833316,0.828959906,-0.205839283
2.336972538,0.741915519,-0.112482036
2.208981336,0.655411012,-0.020999433
2.07313221,0.55143914,-0.139101974
1.929245206,0.455205547,-0.259829015
1.779037372,0.349674023,-0.26995209
1.622771137,0.252619362,-0.307070032
1.464937816,0.149386077,-0.260953801
1.299962631,0.043089722,-0.179969202
1.134068938,-0.048581136,-0.206214211
0.961149601,-0.175820331,-0.233958935
0.787911598,-0.249109028,-0.281199951
0.613050273,-0.408339858,-0.266577732
0.433423957,-0.485733891,-0.186717919
0.264613535,-0.66285949,-0.146225619
0.076458221,-0.863241165,-0.067865521
-0.021210987,-0.382133187,-0.052118516
-0.003245731,-0.096551715,-0.081362954
-0.004932786,-0.155874768,-0.034871795
-0.006169959,-0.070596239,-0.019874647
-0.00404802,-0.089375811,0.060360095
-0.007534599,-0.055925752,0.088479747
-0.004441666,-0.052457773,0.025116797
-0.007542097,-0.050009568,0.034490014
-0.006289928,-0.028770543,-0.134227901
-0.007279666,-0.039673117,-0.29319767
-0.007557093,-0.024339028,-0.224585718
-0.007425878,-0.031721136,-0.204714496
-0.008460604,-0.025040122,-0.282699666
-0.008265656,-0.026438561,-0.216712215
-0.008996713,-0.027593305,-0.140601689
-0.008906737,-0.021759602,-0.199465495
-0.009712774,-0.021935813,-0.124479755
-0.010080177,-0.019015213,-0.039745868
-0.010072679,-0.020409902,-0.045369799
-0.010620034,-0.019806287,-0.009001715
-0.010811234,-0.018186647,-0.000753284
-0.011351091,-0.017234359,-0.005252428
-0.011782227,-0.014561203,-0.047244442
-0.011651012,-0.015022351,-0.103483747
-0.011737239,-0.014669929,-0.071614808
-0.011849709,-0.013155266,-0.055492874
-0.01173349,-0.015832171,-0.034871795
-0.011763482,-0.013080283,-0.015000574
-0.012010917,-0.012791597,-0.080613097
-0.012730727,-0.015344779,-0.117356109
-0.013518019,-0.014362498,-0.133478043
-0.013922912,-0.016473278,-0.159723052
-0.014623977,-0.013878855,-0.109482607
-0.014728949,-0.012975306,-0.121480325
-0.01551999,-0.017834225,-0.139101974
-0.016018609,-0.010527101,-0.068615378
-0.016161071,-0.017020656,-0.128229042
-0.017195798,-0.0134552,-0.178094559
-0.016423502,-0.013114025,-0.130103685
-0.018110556,-0.018464085,-0.127854113
-0.017113319,-0.006403018,-0.167596555
-0.018545441,-0.025178842,-0.188217634
-0.018481708,0.002302545,-0.192716778
-0.017893114,-0.026922204,-0.239957794
-0.020461185,-0.007692731,-0.245206796
-0.016389761,-0.012604139,-0.178469487
-0.022961775,-0.028504352,-0.144725904
-0.015002627,0.018292738,-0.125604541
-0.024487622,-0.085157999,-0.096735031
-0.013521768,0.120521247,-0.101609104
-0.039806077,-0.508843751,-0.138727045
-0.315834436,-1.651072162,-0.154474051
-0.653931405,-1.583943345,-0.041620512
-0.924328751,-1.484552955,-0.089986314
-1.202823959,-1.55910887,-0.085862099
-1.455690935,-1.542361345,0.140594836
-1.701254839,-1.606779515,0.020242724
-1.933146103,-1.504524762,0.084355531
-2.153599138,-1.489501854,0.250823874
-2.365369466,-1.496246603,0.137220478
-2.560141783,-1.520046309,0.316436397
-2.746849979,-1.561414607,0.371550916
-2.91717875,-1.582237475,0.26657088
-3.074813373,-1.618885572,0.349430122
-3.216660916,-1.633398594,0.309312751
-3.342942569,-1.653614097,0.245949801
-3.454869262,-1.663159474,0.233952083
-3.551796167,-1.673008533,0.157841557
-3.636295103,-1.675850401,0.114724756
-3.70757503,-1.670935244,0.10497661
-3.766352009,-1.669574297,0.019492866
-3.812671028,-1.653010481,-0.140601689
-3.847113182,-1.635381903,-0.154848979
-3.870585734,-1.617877047,-0.028872936
-3.883223647,-1.5920153,-0.097859817
-3.884955689,-1.564695127,-0.139851831
-3.876542911,-1.53460807,0.001871217
-3.859571143,-1.49590168,-0.08548717
-3.834250329,-1.45382479,-0.214087714
-3.800509239,-1.410900589,-0.093735601
-3.75805545,-1.363687341,-0.505407314
-3.706862718,-1.32089436,-0.848842003
-3.647714588,-1.274022287,-0.1316034
-3.580003718,-1.220285491,-0.131228471
-3.503797592,-1.168085853,-0.597639774
-3.419797274,-1.106310844,-0.403801636
-3.327882796,-1.040036837,-0.514780531
-3.228541529,-0.979165378,-0.592390772
-3.122422051,-0.914664726,-0.395178276
-3.009295675,-0.844431599,-0.317193106
-2.888082683,-0.769073363,-0.413174854
-2.761516106,-0.700317407,-0.637007288
-2.631594164,-0.632787429,-0.604763419
-2.495456364,-0.551756705,-0.542525255
-2.351936763,-0.461176854,-0.483661449
-2.19937455,-0.372898991,-0.07086495
-2.041503739,-0.291444611,0.019867795
-1.87783321,-0.194112512,-0.103483747
-1.710267459,-0.118094423,-0.112107107
-1.538948949,-0.011734332,-0.212587999
-1.360421093,0.074908894,-0.204714496
-1.182508074,0.159572561,-0.065990877
-0.995773635,0.272988581,0.039739016
-0.812608253,0.339843709,-0.035246724
-0.62331324,0.496840036,0.079856387
-0.436342614,0.542741075,0.092978891
-0.252142505,0.776407846,-0.060741876
-0.05808625,0.834351206,0.073857528
0.007862585,0.252791824,0.168714489
-0.015325042,0.102615231,0.066733882
-0.007579587,0.140901714,0.02136751
-0.010275125,0.051562837,0.088854676
-0.009026705,0.082699661,-0.140601689
-0.007508356,0.031696007,-0.36818341
-0.009322877,0.043768321,-0.059992018
-0.006627338,0.036427454,0.0356148
-0.008254409,0.023084172,-0.135727616
-0.0063949,0.030395046,0.100102537
-0.006878522,0.015338395,0.123348116
-0.006139967,0.020032351,-0.216712215
-0.005701333,0.00533937,-0.224960646
-0.005521381,0.007645107,-0.121480325
-0.00461412,0.013617528,-0.347562331
-0.004629116,0.007978783,-0.305195388
-0.003759346,0.003517275,-0.141351546
-0.00381933,0.005575567,-0.328066039
-0.003298218,0.010400744,-0.300321315
-0.002582157,0.006857782,-0.224960646
-0.00219226,0.00799003,-0.193841564
-0.000917596,0.010363252,-0.043120227
0.000135876,0.002531244,0.0356148
0.000492032,0.002163826,0.011619364
0.001204343,0.007183959,-0.067865521
0.001538005,0.001897635,-0.086611956
0.00231405,0.007326428,-0.183343561
0.002962629,0.002613726,-0.178469487
0.002936386,-0.001525353,0.016868365
0.00436101,0.004881971,-0.077988596
0.003573718,0.00326983,-0.086237027
0.005260772,0.003517275,0.068983455
0.004859628,-0.010523352,-0.074989166
0.005508207,0.014479836,-0.195341279
0.006876596,-0.008206367,-0.07086495
0.004983345,0.003419797,-0.031122508
0.008841077,-0.004629663,-0.181468917
0.004027348,-0.012157988,-0.095235316
0.010580617,0.036093778,-0.10573332
0.004495974,-0.049503431,-0.236958365
0.009834564,0.072925585,-0.127479184
0.00799755,-0.111567125,-0.064866091
0.008042538,0.310521482,-0.011251287
0.2600135,1.627794705,-0.026623364
0.632683839,1.739703561,0.094478606
0.930752628,1.552732653,0.055111093
1.241598043,1.670898867,-0.184468347
1.532671179,1.635390516,0.091104248
1.809895473,1.695193462,0.06748374
2.079220602,1.583708262,-0.009751572
2.335765357,1.568340431,0.279318455
2.589891999,1.597958842,0.161590844
2.826319566,1.605217228,0.17696292
3.053674528,1.666647313,0.255697947
3.266876978,1.696670634,0.248199373
3.469878372,1.752102053,0.327684258
3.660672989,1.781529257,0.332183402
3.835897967,1.817176327,0.371175987
3.997574023,1.847649549,0.196459213
4.144868877,1.864633271,0.156341842
4.280511808,1.900636512,-0.025123649
4.403423101,1.911572829,-0.058492303
4.512969173,1.923697632,0.407169142
4.60844896,1.937457071,0.183336708
4.68937134,1.925264783,0.238826156
4.756699811,1.925950881,0.241450657
4.812222649,1.930011227,-0.081737883
4.85641223,1.908569747,0.295815318
4.889471,1.884676312,-0.023249006
4.911413956,1.861034071,0.064859239
4.92173498,1.818001144,0.303313892
4.921944925,1.783557556,-0.451417581
4.912714862,1.748709058,-0.352061476
4.893343728,1.698927632,-0.368558338
4.864416366,1.660341215,-0.629883642
4.826551365,1.62615632,-0.263578302
4.780393554,1.589826901,-0.182593703
4.72690268,1.541391426,-0.393678561
4.665583872,1.48990038,-0.498658597
4.596200944,1.437502036,-0.277075736
4.519110051,1.379408709,-0.364809051
4.434464904,1.329762252,-0.455916725
4.342389218,1.276850273,-0.165346983
4.242838006,1.214201709,-0.274451235
4.13595748,1.150994519,-0.414674568
4.021440221,1.086355148,-0.470913873
3.900384688,1.018532735,-0.54102554
3.773184528,0.957743758,-0.538026111
3.638782519,0.887398156,-0.485161164
3.498228385,0.815935303,-0.401552064
3.353332898,0.751648354,-0.468289373
3.204219774,0.680065527,-0.449542938
3.049633096,0.6069118,-0.499033526
2.886416196,0.514112443,-0.553398187
2.715780006,0.432744294,-0.34793726
2.540135139,0.34136962,-0.270327019
2.359297892,0.251753305,-0.19496635
2.176334957,0.180031759,-0.025123649
1.986432605,0.083310775,-0.052868373
1.794329583,0.003869697,-0.137977188
1.597607782,-0.09913489,-0.088861528
1.397860529,-0.173585829,-0.092610815
1.198150766,-0.280845719,-0.197590851
0.991958965,-0.367530186,-0.143601118
0.791638114,-0.466058268,-0.165346983
0.580220193,-0.599498584,-0.271826734
0.381695117,-0.660141345,-0.321692251
0.171105728,-0.962402857,-0.287573739
-0.010676269,-0.734779741,-0.151474621
-0.031018398,-0.159736409,-0.101234175
-0.013735461,-0.172044921,0.033740157
-0.023816549,-0.133049846,0.082855817
-0.017758149,-0.086057799,0.030365798
-0.022395675,-0.101913022,-0.049494015
-0.020431193,-0.056086966,-0.154099122
-0.021233481,-0.077232262,-0.073114523
-0.022481902,-0.050500709,-0.120355539
-0.021458422,-0.052349048,-0.079113382
-0.023407907,-0.047943778,-0.018000004
-0.022706842,-0.042316279,-0.146600548
-0.023861537,-0.039721857,-0.056992589
-0.023677836,-0.033160816,-0.088486599
-0.024300172,-0.038398401,-0.043495155
-0.02487377,-0.030765099,0.077231886
-0.025098711,-0.030108995,-0.007876929
-0.02585976,-0.027630796,0.017243294
-0.026185924,-0.030225219,-0.082112811
-0.026984463,-0.033089582,-0.151099692
-0.027992946,-0.027911984,-0.126354398
-0.028900207,-0.027012184,-0.076113952
-0.029994918,-0.03638135,0.038239301
-0.030917174,-0.032384739,0.028866084
-0.030984656,-0.025422537,0.033740157
-0.031929407,-0.031717387,0.008994863
-0.032165595,-0.021812091,-0.106858106
-0.032926644,-0.025699976,-0.107233034
-0.033605214,-0.020004993,-0.050243872
-0.033256557,-0.02284686,-0.134602829
-0.035172301,-0.022918094,-0.137602259
-0.033635207,-0.015333532,-0.116606252
-0.036184533,-0.031938588,-0.237708222
-0.034827392,-0.006046847,-0.187092848
-0.035835875,-0.039530649,-0.182218774
-0.037215511,-0.004206007,-0.253455227
-0.033968868,-0.032748408,-0.196466065
-0.040908286,-0.02190582,-0.287948668
-0.031457032,0.00084037,-0.356935549
-0.045050942,-0.075968793,-0.415799355
-0.02589725,0.112130614,-0.417299069
-0.084947906,-0.724334565,-0.358810192
-0.415291923,-1.723078645,-0.350936689
-0.769419658,-1.546260478,-0.100109389
-1.066285015,-1.556368229,-0.139851831
-1.377891479,-1.618893071,-0.070490022
-1.660413124,-1.613543011,0.215205648
-1.939759357,-1.610138768,0.035989729
-2.204439463,-1.497918731,0.181836993
-2.462873718,-1.535474127,0.324309899
-2.713420057,-1.533063413,0.179587421
-2.948512976,-1.564042772,0.318685969
-3.174387079,-1.596473058,0.331433545
-3.385838741,-1.625439115,0.213331004
-3.588997593,-1.670207906,0.272569739
-3.777737752,-1.68637431,0.366301914
-3.952539093,-1.715381607,0.306313322
-4.113352877,-1.72988713,0.297315033
-4.260598993,-1.749618991,0.383548634
-4.396313155,-1.76256861,0.19158514
-4.519100731,-1.770685555,0.134221048
-4.629524071,-1.776860431,0.203582858
-4.724790165,-1.769755761,0.120348687
-4.805348891,-1.766868904,0.163840416
-4.873610866,-1.760229131,0.205082573
-4.93005596,-1.749420285,0.22607858
-4.975284017,-1.73492226,-0.046869514
-5.008807664,-1.712577231,0.096728178
-5.030851843,-1.690359673,0.18558628
-5.041641494,-1.665836378,-0.371932697
-5.04176896,-1.639779674,-0.013125931
-5.03177035,-1.610629909,-0.115481466
-5.011278262,-1.579324373,-0.634757715
-4.981136221,-1.546560411,-0.333315041
-4.942345215,-1.511959358,-0.522279105
-4.895711279,-1.476503495,-0.637007288
-4.84121567,-1.433343096,-0.396677991
-4.779049586,-1.392615906,-0.415049497
-4.709051821,-1.347798376,-0.447293365
-4.630993683,-1.294264034,-0.410175424
-4.545381291,-1.244471361,-0.274826163
-4.451573563,-1.189486092,-0.430421574
-4.350129101,-1.135700557,-0.520029533
-4.240965428,-1.079418077,-0.27295152
-4.124108786,-1.012866631,-0.367058624
-4.000938812,-0.954638334,-0.376056912
-3.87101687,-0.894737909,-0.208463783
-3.734061786,-0.824039885,-0.287948668
-3.590887094,-0.758133296,-0.283074595
-3.443221088,-0.69374137,-0.153724193
-3.291030027,-0.625873967,-0.170970913
-3.132176975,-0.548832355,-0.233209078
-2.963898913,-0.459347261,-0.134602829
-2.788812648,-0.382673067,-0.133852972
-2.609332543,-0.299257873,-0.269577162
-2.424899996,-0.220157969,-0.21821193
-2.237801903,-0.138084976,-0.086986885
-2.043603185,-0.045255626,-0.133103115
-1.847664926,0.03001638,-0.143976047
-1.646448062,0.12734473,-0.002252998
-1.443217978,0.194518537,-0.103108819
-1.239084384,0.307927059,-0.211088284
-1.029181063,0.378846283,-0.035621653
-0.824822528,0.483612978,-0.109482607
-0.608782078,0.611279579,-0.185968061
-0.407752663,0.673418256,0.031490585
-0.191251085,0.972946626,0.005995433
-0.014548997,0.681062805,-0.121480325
-0.002938313,0.1270298,0.022117367
-0.017394495,0.156217057,0.025116797
-0.007534599,0.09915475,-0.152599407
-0.013907916,0.071092243,-0.087361813
-0.008614314,0.076266092,-0.078363524
-0.010953696,0.038388268,-0.244456939
-0.009442845,0.056849161,-0.241457509
-0.008550581,0.021648242,-0.224585718
-0.009202908,0.033533098,-0.374932126
-0.007294662,0.025329923,-0.283074595
-0.007931994,0.021220837,-0.066740735
-0.006417394,0.019604946,-0.191217063
-0.006608593,0.014907241,-0.115856395
-0.005851293,0.017152992,0.085855246
-0.005273946,0.004012165,-0.076113952
-0.005011515,0.003839703,-0.004877499
-0.004209227,0.002441264,0.117724186
-0.003721856,0.008826094,-0.053993159
-0.002525922,0.013460063,-0.049119086
-0.001386223,0.00682029,0.006370362
-0.000497707,0.007825067,-0.09710996
0.000788203,0.008552405,-0.18934242
0.001286822,-0.000734279,-0.096735031
0.00205162,0.006486614,-0.082862669
0.002910143,0.00614544,-0.172095699
0.002891398,0.004004667,-0.028123079
0.004338516,0.000270497,0.013494007
0.003761168,-0.003321204,-0.085862099
0.005361995,0.008537408,-0.01912479
0.005065824,-0.010339643,0.014243864
0.005553195,0.014836007,-0.015000574
0.006944078,-0.006492998,0.015368651
0.004934608,0.005208149,0.04723759
0.009178488,0.00556057,-0.009751572
0.004338516,-0.013144019,-0.093735601
0.010471896,0.032562064,-0.135727616
0.005249525,-0.05332758,-0.247831297
0.009182237,0.076573524,-0.288698525
0.009598377,-0.102902802,-0.287573739
0.004724664,0.265051597,-0.332940112
0.244785021,1.563740204,-0.370058053
0.621429311,1.702830514,-0.253830156
0.924881678,1.517542981,-0.206964069
1.236000771,1.625987607,-0.253080299
1.529574497,1.584743032,0.103101966
1.80918691,1.643556199,0.091104248
2.082051105,1.524257737,0.002621075
2.341527585,1.493938232,0.24632473
2.59950821,1.517288037,0.082105959
2.84084698,1.5239728,0.103476895
3.073315592,1.563249063,0.238451227
3.291834138,1.576989757,0.199833571
3.500447799,1.621683565,0.191960068
3.69796814,1.641310449,0.160466057
3.880919828,1.663707966,0.233577154
4.050806216,1.675435358,0.181836993
4.206007732,1.690327045,0.173963491
4.349497341,1.709267832,0.291691102
4.480037869,1.708158079,0.199458642
4.598326633,1.714884082,0.163465487
4.703122709,1.709957678,0.224578865
4.792851515,1.697566685,0.123723045
4.868960167,1.699853676,0.190835282
4.932479643,1.68706902,0.199083714
4.98497703,1.675041695,0.025491725
5.026189897,1.663130595,0.299189676
5.055938291,1.641921563,0.107601111
5.073907296,1.611650797,-0.199465495
5.080288111,1.575126421,0.162340701
5.076779038,1.56115328,-0.125229612
5.062813976,1.52401779,-0.313818748
5.038490399,1.490046597,-0.065990877
5.004790548,1.469744863,-0.362559479
4.962572946,1.423825078,-0.361809622
4.912639882,1.396546146,-0.229459791
4.854691434,1.362237528,-0.511781102
4.788442679,1.312538584,-0.395928133
4.713972344,1.273712221,-0.23545865
4.631895268,1.219379307,-0.388429559
4.541787813,1.165976187,-0.415799355
4.444062369,1.120956201,-0.422923
4.339093838,1.063136563,-0.461915585
4.225862489,1.006010521,-0.451417581
4.105864177,0.951051496,-0.379431271
3.979413819,0.887548123,-0.395928133
3.845907824,0.821832741,-0.377181698
3.706103492,0.758426846,-0.278950379
3.561088036,0.69736043,-0.313443819
3.412124873,0.632136189,-0.342313329
3.257313254,0.562412949,-0.27295152
3.09498487,0.484550269,-0.205089425
2.924033763,0.400179038,-0.215962357
2.747177965,0.327707659,-0.246706511
2.565778367,0.247974146,-0.21821193
2.380127392,0.174674201,-0.202839853
2.190986088,0.08800848,-0.222711074
1.99470667,0.003730977,-0.218961787
1.797797418,-0.073700548,-0.196091136
1.594792275,-0.171951192,-0.265452946
1.391179793,-0.233576234,-0.323191966
1.184673075,-0.346452374,-0.251205655
0.974649786,-0.409535842,-0.311569176
0.768671679,-0.533445778,-0.296197099
0.551945159,-0.634392072,-0.142476332
0.351755523,-0.729088507,-0.111732179
0.131160026,-1.008720053,-0.089986314
-0.026759522,-0.606085869,-0.002627927
-0.023977757,-0.127887244,0.054361235
-0.015396273,-0.191446855,-0.05661766
-0.022691846,-0.111109726,0.002621075
-0.017105821,-0.096540467,0.04723759
-0.022309447,-0.087546218,-0.106858106
-0.01904406,-0.058718881,0.006370362
-0.021627128,-0.072050915,-0.029247865
-0.021297215,-0.041851383,-0.184093418
-0.021364697,-0.054148647,-0.034496867
-0.022744332,-0.039170729,-0.040870654
-0.022039519,-0.042365019,-0.097484888
-0.02366284,-0.042286286,0.048362376
-0.023212959,-0.030990049,0.025116797
-0.02411647,-0.034551757,-0.042745298
-0.024483873,-0.029989022,0.069733312
-0.024806288,-0.033603218,0.056610808
-0.025492357,-0.032812144,-0.031122508
-0.025852262,-0.027855746,0.02136751
-0.027138172,-0.032954612,0.00112136
-0.028142907,-0.031229996,-0.084362384
-0.029057665,-0.02819692,-0.122230182
-0.03047854,-0.029347914,-0.109107678
-0.030830947,-0.023454225,-0.156348694
-0.031640733,-0.027094665,-0.226085432
-0.032004387,-0.025988661,-0.133852972
-0.032435523,-0.029077974,-0.204339568
-0.033372776,-0.01880151,-0.252330441
-0.032934142,-0.022344472,-0.123729897
-0.034786153,-0.02473644,-0.162347553
-0.033399019,-0.015326033,-0.130478614
-0.035588441,-0.033408261,-0.054368088
-0.034688678,-0.003662378,-0.06224159
-0.035217289,-0.036565059,-0.025873506
-0.037316734,-0.002443899,-0.045369799
-0.033638956,-0.029539122,-0.118480895
-0.040499644,-0.032883378,-0.199090566
-0.031457032,0.00682029,-0.233958935
-0.044394865,-0.084220708,-0.277075736
-0.027190658,0.115411134,-0.323941823
-0.07611149,-0.65908408,-0.332565183
-0.398038979,-1.703343035,-0.318692821
-0.757677759,-1.54926356,-0.202464924
-1.055697811,-1.543467349,-0.242582295
-1.368443974,-1.614371577,-0.107607963
-1.652903857,-1.600458421,0.106476325
-1.933326056,-1.604098862,-0.049494015
-2.199910659,-1.480335143,0.085105389
-2.459015987,-1.51307286,0.161965772
-2.711751747,-1.516690806,0.020992581
-2.949127813,-1.540291806,0.212206218
-3.177078868,-1.570082679,0.316436397
-3.390783685,-1.59147542,0.24632473
-3.596300664,-1.633975966,0.265446093
-3.788546148,-1.646839354,0.319810755
-3.966924044,-1.668708239,0.210706503
-4.131850492,-1.682017779,0.154842127
-4.283767875,-1.697048185,0.303688821
-4.42352347,-1.705277605,0.15109284
-4.550768618,-1.712730947,0.127097403
-4.665791994,-1.71730118,0.25194866
-4.766261713,-1.708460646,0.118848972
-4.852245258,-1.699953789,0.196084284
-4.924556162,-1.690344676,0.237326441
-4.98504269,-1.681016751,0.233202225
-5.034690829,-1.663601875,0.038989159
-5.07251834,-1.648365265,0.1192239
-5.098633944,-1.634729548,0.279693384
-5.11360749,-1.607383131,-0.304070602
-5.117405237,-1.583793379,-0.063366376
-5.110698258,-1.557571712,0.099352679
-5.09395143,-1.525497596,-0.495284239
-5.067037287,-1.494754435,-0.271826734
-5.031140517,-1.459793462,-0.267327589
-4.986845964,-1.428311715,-0.645630648
-4.934577266,-1.392454692,-0.487410736
-4.874716823,-1.351592532,-0.413924711
-4.806627304,-1.311600178,-0.608512706
-4.730698604,-1.2643007,-0.560896761
-4.646851996,-1.22042421,-0.342313329
-4.55477631,-1.173308441,-0.428172002
-4.45491768,-1.117453366,-0.518904747
-4.34695369,-1.066078544,-0.296197099
-4.231255492,-1.007392849,-0.273701377
-4.108809077,-0.943968207,-0.292822741
-3.979633188,-0.884187756,-0.125604541
-3.843731575,-0.820688131,-0.159348124
-3.701074247,-0.754327893,-0.21821193
-3.553798138,-0.698798995,-0.121480325
-3.402413114,-0.632393767,-0.178844416
-3.244313614,-0.553128899,-0.255329871
-3.078213726,-0.479645246,-0.140601689
-2.903389891,-0.394872853,-0.114731608
-2.723883543,-0.318629814,-0.214837571
-2.53958971,-0.243162851,-0.164222197
-2.351865532,-0.161805949,-0.049119086
-2.158937728,-0.07580383,-0.154099122
-1.960828793,0.001552712,-0.157848409
-1.761250246,0.097917526,0.007495148
-1.555148421,0.173455722,-0.117731038
-1.351258512,0.254467701,-0.220836431
-1.14014801,0.363542188,-0.017625075
-0.932025469,0.424244934,-0.024373792
-0.719621558,0.578080714,-0.15184955
-0.50694397,0.618058071,0.013119078
-0.303256508,0.834579906,0.089604533
-0.082975927,0.939084159,-0.129353828
0.00811002,0.330414557,-0.070115093
-0.01695961,0.106060714,0.008245005
-0.009982702,0.162346943,-0.306320174
-0.010979939,0.061318167,-0.245956653
-0.011519797,0.089260701,-0.142851261
-0.008708039,0.044015766,-0.313443819
-0.011201131,0.041552564,-0.223460931
-0.007557093,0.042718555,-0.141351546
-0.009319128,0.026113498,-0.207338997
-0.007272168,0.029315286,-0.167971484
-0.007395886,0.018611417,0.022117367
-0.007024734,0.023459089,-0.013500859
-0.005993756,0.014397355,-0.029622793
-0.006271183,0.014603559,0.139844979
-0.005382667,0.011169323,-0.029622793
-0.005217711,0.010044573,-0.018000004
-0.004344191,0.0101458,0.138720193
-0.003733103,0.007513886,-0.051368658
-0.002807097,0.009808376,-0.079863239
-0.001419964,0.011652965,-0.035621653
-0.000246523,0.011300544,-0.144350976
0.00083694,0.012609003,-0.239207937
0.001541754,0.008687375,-0.159348124
0.002295305,0.010048322,-0.090361243
0.003112589,0.007281438,-0.178094559
0.002812669,0.003138609,-0.026623364
0.004241041,0.01235031,0.052111663
0.004068587,-0.008427568,-0.058867232
0.004848381,0.001222785,0.069358383
0.005725649,6.05e-05,0.132721334
0.004897118,0.004533299,0.02999087
0.007690131,0.00111406,0.049112234
0.004953353,-0.002818816,0.070108241
0.008901061,0.013801237,-0.044245013
0.006029319,-0.025070116,-0.131228471
0.008672371,0.03815582,-0.176969773
0.0089423,-0.040524178,-0.306695103
0.005028334,0.041552564,-0.351686547
0.016144148,-0.028980496,-0.328815896
-0.007602081,0.025442398,-0.313443819
0.156825749,1.275867991,-0.313818748
0.532067908,1.788547696,-0.170595985
0.851014934,1.508514989,-0.028498007
1.156090623,1.61505129,-0.145475762
1.458909408,1.600744473,0.145843838
1.738165665,1.641835332,0.227953223
2.014906336,1.557160418,0.001496289
2.274757717,1.483538045,0.212956075
2.534080488,1.526544728,0.097103107
2.779175765,1.520373601,0.007120219
3.013458898,1.56618466,0.169089418
3.235497764,1.576588596,0.165340131
3.445476066,1.611118415,0.134221048
3.646599205,1.640564365,0.070483169
3.832816281,1.651916839,0.110225612
4.006050535,1.675082936,-0.008251858
4.164704889,1.690720707,-0.051743587
4.311103729,1.706729646,0.112475184
4.445393268,1.709582762,0.04723759
4.56720985,1.714336704,0.109100826
4.676639703,1.713620613,0.256822733
4.771350942,1.69835026,0.254198232
4.851354816,1.687436438,0.290191388
4.918623302,1.682941188,0.392546923
4.974427316,1.667678333,0.187835853
5.01883059,1.647669034,0.189710496
5.051514459,1.637816226,0.418042074
5.072966295,1.61388155,-0.130478614
5.083441029,1.588735894,-0.075364095
5.083201092,1.567661832,0.218580006
5.072636382,1.536352547,-0.23245922
5.051244531,1.509347304,-0.056992589
5.020213975,1.47313036,0.017993151
4.980646923,1.43078728,-0.265078017
4.932697086,1.404010736,-0.179219345
4.877073024,1.37032073,-0.296946957
4.81362103,1.320561799,-0.469789087
4.74208617,1.28064068,-0.370432982
4.662610907,1.244037572,-0.309694532
4.575453923,1.18704275,-0.402301921
4.48048775,1.125698896,-0.503907599
4.377558681,1.08868338,-0.46903923
4.266977882,1.024966304,-0.497158882
4.148970294,0.955149335,-0.477287661
4.024105767,0.913428616,-0.420298499
3.892717963,0.841774555,-0.494159453
3.754461972,0.778537372,-0.466414729
3.610031361,0.722524832,-0.395553205
3.461803004,0.657941699,-0.43454579
3.308760918,0.593534776,-0.530152608
3.148775665,0.504004692,-0.371932697
2.980325148,0.421980438,-0.274451235
2.804402854,0.356801187,-0.342688258
2.624281668,0.2776263,-0.239207937
2.439065578,0.203400311,-0.17771963
2.251236428,0.125552628,-0.128978899
2.05692524,0.035775099,-0.161222767
1.860034733,-0.034660482,-0.100109389
1.659668893,-0.136933982,-0.046494585
1.455040429,-0.202791832,-0.279700236
1.251161768,-0.30655375,-0.190467206
1.03980758,-0.394235495,-0.120730468
0.834455557,-0.470594759,-0.256079728
0.618703781,-0.619016743,-0.087736742
0.413711663,-0.6614648,0.07910653
0.202387467,-0.954368394,0.082480888
0.004177308,-0.814363288,0.084355531
-0.033485246,-0.196838156,0.20583243
-0.011992172,-0.160624962,0.064109382
-0.022658105,-0.148297704,-0.056992589
-0.017015845,-0.082274891,0.070858098
-0.020918565,-0.103116504,-0.11435668
-0.019973814,-0.059247513,-0.095235316
-0.01976387,-0.077194771,0.039364087
-0.021758343,-0.048599882,-0.096735031
-0.02036746,-0.050077053,-0.0479943
-0.02237318,-0.048209968,0.048737305
-0.021484665,-0.039755599,-0.063366376
-0.022856803,-0.042777427,-0.104608533
-0.022890544,-0.03453676,-0.02474872
-0.023366668,-0.034360549,-0.133478043
-0.024056486,-0.029696587,-0.191591992
-0.024131466,-0.038214692,-0.034121938
-0.025046225,-0.032039815,-0.07086495
-0.025267416,-0.030603885,-0.095985173
-0.026512088,-0.036718775,0.042363517
-0.027651787,-0.029029235,-0.001128212
-0.028442828,-0.031136266,-0.122605111
-0.029878699,-0.031222497,-0.104233605
-0.030163623,-0.023731664,-0.113606822
-0.030729724,-0.029014238,-0.254954942
-0.031580749,-0.021508408,-0.218961787
-0.031708215,-0.024530236,-0.188592562
-0.032907899,-0.026674759,-0.297696814
-0.032439272,-0.018715279,-0.242582295
-0.034283785,-0.029344165,-0.196091136
-0.033590218,-0.016488275,-0.193841564
-0.034351267,-0.037431116,-0.129728756
-0.035397241,-0.014058815,-0.063741305
-0.03388639,-0.028178174,-0.015375503
-0.037657894,-0.024249048,-0.009751572
-0.03263797,-0.010110943,-0.004877499
-0.03941618,-0.049225992,-0.05961709
-0.032915397,0.022716754,-0.082112811
-0.038898817,-0.089593263,-0.09411053
-0.036270761,0.096121675,-0.139851831
-0.038602645,-0.337758059,-0.115481466
-0.297284335,-1.557350511,-0.18071906
-0.675491962,-1.634590829,-0.080613097
-0.977860865,-1.508270179,-0.15184955
-1.289448584,-1.629034565,-0.227585147
-1.580716669,-1.600983305,0.062609667
-1.860317835,-1.644094965,-0.112856965
-2.132199789,-1.521695942,-0.095985173
-2.390780256,-1.52148224,0.125597688
-2.64683389,-1.546065521,-0.041245583
-2.886661809,-1.555220985,0.102727038
-3.117405876,-1.597789015,0.343431263
-3.333749996,-1.610933591,0.363302484
-3.540774077,-1.656017312,0.383923563
-3.736198722,-1.673769613,0.439787939
-3.91755708,-1.695312321,0.340056905
-4.085801402,-1.709506664,0.123348116
-4.239829478,-1.721608972,0.172088847
-4.382865457,-1.736365689,0.139844979
-4.512487477,-1.740096109,-0.034871795
-4.629921467,-1.743759044,0.062609667
-4.734053968,-1.738543954,0.008994863
-4.823692797,-1.729568451,-0.085112241
-4.8999889,-1.720750413,0.056610808
-4.963257193,-1.710443955,-0.021749291
-5.015780823,-1.696785744,-0.013125931
-5.056626287,-1.678201128,-0.012376073
-5.085478668,-1.657363263,-0.043870084
-5.103222732,-1.633349855,0.250823874
-5.109641037,-1.606138408,-0.077238738
-5.106053235,-1.57884073,-0.083237598
-5.092234384,-1.547962599,0.32993383
-5.068113253,-1.515828497,-0.161972625
-5.034784554,-1.480897518,-0.126729327
-4.992986842,-1.4443394,0.031490585
-4.942922562,-1.409194718,-0.467164586
-4.884910382,-1.370195893,-0.413174854
-4.819343946,-1.331260804,-0.245581725
-4.745668401,-1.286027117,-0.545149756
-4.66395123,-1.241029626,-0.57851841
-4.574364887,-1.197801742,-0.256079728
-4.477306767,-1.142149122,-0.362934408
-4.372649404,-1.085184294,-0.546274542
-4.259744219,-1.029456691,-0.268827304
-4.13965968,-0.97146834,-0.301446101
-4.012744444,-0.909280924,-0.344187973
-3.87878107,-0.8442029,-0.098984603
-3.738016991,-0.779582275,-0.216712215
-3.591715625,-0.717623558,-0.287948668
-3.441485297,-0.652099383,-0.147350405
-3.285597712,-0.57969174,-0.204339568
-3.121833457,-0.499350862,-0.456291654
-2.949427734,-0.41767903,-0.380556057
-2.771597194,-0.345068932,-0.29019824
-2.588851701,-0.260795179,-0.538026111
-2.402031035,-0.198274087,-0.385055201
-2.211123948,-0.107143109,-0.300321315
-2.013603607,-0.015498495,-0.428921859
-1.815344711,0.055480716,-0.268452375
-1.610581283,0.155111053,-0.227210218
-1.40681884,0.221887449,-0.188217634
-1.198576331,0.33421996,-0.184093418
-0.988451818,0.388875302,-0.101234175
-0.780175568,0.519083837,0.111725326
-0.563220359,0.608074042,-0.007127072
-0.362772041,0.734046019,0.137595407
-0.139282308,0.992363557,0.248949231
0.002167839,0.514513604,0.041988588
-0.01021889,0.090906585,0.103851824
-0.01389292,0.168664288,0.039364087
-0.008243162,0.078804277,-0.151099692
-0.012779464,0.081841102,-0.162347553
-0.007819524,0.062600382,-0.150724764
-0.01105117,0.040881463,-0.161972625
-0.008033217,0.052173951,-0.068615378
-0.008603067,0.025723585,0.034490014
-0.007748292,0.033720556,0.000371503
-0.007118459,0.016500637,0.005245576
-0.00726467,0.022656767,0.114724756
-0.005791309,0.018577675,0.02699144
-0.006214947,0.010367001,-0.035246724
-0.004899045,0.015297155,0.169464346
-0.004951531,0.009725894,0.090354391
-0.004445415,0.007480143,0.00112136
-0.003620632,0.007011498,0.148468339
-0.003260728,0.005942985,-0.014625646
-0.002274738,0.008218729,-0.170970913
-0.001078804,0.010123305,-0.131228471
0.000132127,0.010854393,-0.219711644
0.001121865,0.010456981,-0.309319604
0.002044122,0.004926961,-0.28719881
0.002246568,0.005418102,-0.244456939
0.003112589,0.005489336,-0.280825023
0.003153829,0.001852645,-0.185593133
0.004023599,0.007371418,0.005995433
0.004642186,-0.003092505,-0.034871795
0.004589699,0.003007388,0.015743579
0.006194276,-0.002818816,0.129346975
0.004829636,0.003112365,-0.028872936
0.007633896,0.011660464,-0.076488881
0.005860614,-0.011888048,-0.025873506
0.008027542,0.021843198,-0.151099692
0.007761362,-0.026134879,-0.174345272
0.00636673,0.024047708,-0.167221626
0.011386655,-0.012401684,-0.350936689
0.003135084,0.001151551,-0.375681984
0.0172726,0.035613885,-0.316443249
-0.006526115,-0.103502669,-0.36818341
0.086261882,0.927769176,-0.284199381
0.435257223,1.794786308,-0.135727616
0.774246456,1.537301086,0.011244435
1.070088334,1.576063713,-0.033747009
1.375478939,1.597917601,0.092603963
1.652950667,1.608344032,0.347930407
1.927813084,1.58807979,0.179212492
2.186232344,1.480969866,0.299564605
2.44155867,1.5224019,0.403794784
2.685383033,1.512976497,0.199083714
2.916022128,1.546531532,0.281193099
3.138259692,1.577417162,0.291691102
3.346479707,1.595668102,0.143219337
3.544989787,1.625713918,0.116974328
3.727232912,1.634348247,0.134221048
3.896541953,1.650810835,0.060735023
4.052778195,1.666002456,0.004870647
4.196260306,1.676807552,0.136470621
4.328214211,1.68329361,0.100852394
4.446491728,1.687972569,0.114349827
4.551250314,1.678445938,0.281568028
4.641102837,1.666069941,0.184086566
4.71758639,1.658241682,0.220454649
4.782260561,1.643342497,0.152967483
4.835076614,1.632923564,0.122973187
4.876829338,1.617064592,-0.069365236
4.906540243,1.590393025,-0.1316034
4.924707945,1.568509143,0.227578295
4.932397165,1.544904394,-0.374557198
4.929379212,1.52132214,-0.2557048
4.916062728,1.485821287,0.169089418
4.892264013,1.44674373,-0.491160023
4.858916569,1.420240876,-0.321317322
4.817621224,1.387435673,-0.179594274
4.768081805,1.349722812,-0.5470244
4.710230832,1.31300723,-0.414674568
4.64434573,1.270934089,-0.235833578
4.570448994,1.227083843,-0.35956005
4.488855541,1.177849795,-0.383180558
4.399265449,1.12496406,-0.051743587
4.302143596,1.080438964,-0.167221626
4.197017606,1.02327543,-0.384680272
4.08384999,0.959813297,-0.187842705
3.964207834,0.907459943,-0.348312189
3.837719986,0.843322961,-0.447668294
3.704465174,0.774881935,-0.340438686
3.56459336,0.718708181,-0.415424426
3.419885323,0.660907289,-0.415799355
3.271053375,0.592466264,-0.260953801
3.115769381,0.521434565,-0.235083721
2.951903903,0.437280785,-0.428921859
2.780000547,0.356958652,-0.276325878
2.603317204,0.282755159,-0.193466635
2.421512713,0.20803428,-0.433046075
2.237188888,0.135409186,-0.331065468
2.046413016,0.043074725,-0.251205655
1.852409246,-0.030236467,-0.326191395
1.654900152,-0.128903268,-0.335189684
1.452483604,-0.202675608,-0.254954942
1.2514167,-0.293896565,-0.182968632
1.042634333,-0.37843651,-0.34793726
0.839779151,-0.455676828,-0.176219915
0.627251523,-0.606607003,-0.03337208
0.423001709,-0.646741825,-0.24408201
0.214942902,-0.931663445,-0.044619942
0.01401846,-0.833678991,0.037864373
-0.030988405,-0.213401971,-0.103483747
-0.008329389,-0.150933368,0.043863232
-0.01892784,-0.149426203,0.079481458
-0.013686724,-0.083017225,-0.072739594
-0.016805901,-0.10241541,-0.035246724
-0.016573462,-0.0536875,0.031865513
-0.016018609,-0.073336879,-0.021749291
-0.018215528,-0.047733824,0.027741298
-0.016704677,-0.048558641,0.097478036
-0.018680406,-0.044895706,0.044988018
-0.017893114,-0.039238214,0.001871217
-0.019074052,-0.045338107,0.083605674
-0.019340231,-0.030585139,-0.031872366
-0.019906332,-0.036722524,-0.108732749
-0.020618644,-0.03273716,0.158966343
-0.020588652,-0.030892571,0.058110522
-0.021450924,-0.026194866,0.00112136
-0.021675865,-0.023604192,0.248574302
-0.022264459,-0.024815172,0.027366369
-0.023145477,-0.025576253,-0.082862669
-0.02419145,-0.025651237,-0.009376644
-0.025259918,-0.024312784,-0.184843275
-0.026174677,-0.031226246,-0.297696814
-0.02654208,-0.022591917,-0.31906775
-0.027074439,-0.024991383,-0.263578302
-0.028000445,-0.027837,-0.341188543
-0.028000445,-0.02114099,-0.31044439
-0.029383829,-0.025834946,-0.11998061
-0.029016426,-0.015550983,-0.222336145
-0.02998742,-0.030825086,-0.151474621
-0.030321082,-0.018366607,0.017243294
-0.029919938,-0.027945726,-0.118855824
-0.032394284,-0.021062257,-0.093735601
-0.029447562,-0.013833865,0.017618223
-0.033691442,-0.034450529,-0.079488311
-0.030066149,0.004739503,-0.039745868
-0.033563975,-0.05121305,-0.021374362
-0.03278793,0.022236861,-0.173595414
-0.03047854,-0.066745845,-0.155223908
-0.039637372,0.022101891,-0.188217634
-0.018294258,-0.08609904,-0.251580584
-0.198992791,-1.302111039,-0.29319767
-0.576653062,-1.715437844,-0.237708222
-0.891419942,-1.483454449,-0.188967491
-1.19426122,-1.613921677,-0.373432411
-1.490451755,-1.593829896,-0.086611956
-1.765152965,-1.637428947,-0.000378355
-2.036450074,-1.552978983,-0.172095699
-2.291592698,-1.502695169,0.169839275
-2.544894559,-1.539054581,0.182961779
-2.78176076,-1.5331234,0.159341271
-3.009674325,-1.583362225,0.406794213
-3.226753251,-1.597301624,0.428540078
-3.431175519,-1.633799755,0.369301343
-3.624526961,-1.651968213,0.385423277
-3.801960106,-1.665836378,0.415417573
-3.967220216,-1.688312628,0.267320737
-4.118950149,-1.695308572,0.208082002
-4.258083408,-1.707245917,0.292066031
-4.384957404,-1.712517244,0.151842697
-4.498537411,-1.712292294,0.155966913
-4.59828732,-1.703211814,0.149218196
-4.683622286,-1.692770387,0.053236449
-4.755726995,-1.684076071,0.059610237
-4.816340989,-1.674868119,-0.089986314
-4.865265569,-1.659541528,0.00412079
-4.902275796,-1.639850909,-0.075364095
-4.927802805,-1.619387961,-0.193841564
-4.941527931,-1.594429763,0.062609667
-4.944639609,-1.569212872,-0.077613667
-4.938168818,-1.541592766,-0.125979469
-4.921167057,-1.512341773,0.02699144
-4.894391628,-1.480863775,-0.149599977
-4.858869758,-1.447331235,-0.255329871
-4.814920114,-1.413105098,-0.21821193
-4.763142537,-1.375388488,-0.406051208
-4.703514533,-1.335936014,-0.618635781
-4.636542218,-1.29275687,-0.436795362
-4.561824449,-1.251909706,-0.398552634
-4.478877603,-1.205168853,-0.562771405
-4.387780409,-1.150119849,-0.377556627
-4.288697823,-1.097170378,-0.354311048
-4.181678584,-1.036103962,-0.458916155
-4.066763929,-0.979229114,-0.297321885
-3.945119802,-0.92260171,-0.298446671
-3.816465026,-0.854764301,-0.395928133
-3.680477186,-0.792340687,-0.265827875
-3.53852842,-0.729864585,-0.188592562
-3.391983368,-0.664805307,-0.309694532
-3.240470878,-0.599622307,-0.263953231
-3.081891504,-0.525103884,-0.144350976
-2.914108311,-0.439716628,-0.236208507
-2.739966796,-0.359589452,-0.278200522
-2.560269249,-0.277321503,-0.248206226
-2.376162866,-0.203151752,-0.338189114
-2.188678625,-0.118784269,-0.372307625
-1.994446166,-0.036670035,-0.293572598
-1.79929145,0.043742077,-0.325816467
-1.597909629,0.140654269,-0.322442108
-1.396876466,0.207059497,-0.218586858
-1.191711894,0.318301001,-0.225710504
-0.983836787,0.376098145,-0.197215922
-0.778559745,0.508544932,-0.109857535
-0.56370773,0.60803655,-0.044619942
-0.365152663,0.722014946,-0.000753284
-0.144489683,0.987144718,0.004495718
0.000889427,0.53664868,0.037864373
-0.008955474,0.088750815,-0.018374932
-0.013982896,0.166980913,-0.099359532
-0.00779703,0.075253817,-0.087361813
-0.012614507,0.077072163,-0.137977188
-0.007395886,0.06629706,-0.171345842
-0.010916206,0.033413125,-0.085112241
-0.007875759,0.050756767,-0.008626786
-0.008119444,0.022521797,-0.003377784
-0.007553344,0.033803038,0.04723759
-0.006548609,0.01999111,0.097103107
-0.006983494,0.019916127,0.038239301
-0.0054464,0.016703092,0.0761071
-0.00575007,0.013587535,0.116974328
-0.004869053,0.018210257,0.01836808
-0.004737837,0.007078983,0.07910653
-0.004171737,0.008728616,0.137595407
-0.003451927,0.009141024,0.014618793
-0.003017042,0.008458676,-0.013125931
-0.001997311,0.012234086,-0.05961709
-0.00075264,0.009238502,-0.187842705
0.000334573,0.0090248,-0.24708144
0.001508013,0.010828149,-0.262078588
0.00208911,0.000907855,-0.28157488
0.002347791,0.003431044,-0.250455798
0.003502487,0.007202705,-0.160097981
0.003330032,-4.07e-05,-0.193841564
0.004623441,0.000690404,-0.140601689
0.004503472,-0.002147715,0.035989729
0.005257023,0.010888135,0.020242724
0.006362981,-0.005023325,-0.009751572
0.00545947,0.007506388,0.067858669
0.007930067,0.004368336,0.032615371
0.005287015,-0.003943565,-0.007876929
0.009324699,0.015979503,0.03861423
0.00625426,-0.025486273,0.023617082
0.008736104,0.039453031,0.003370932
0.009410926,-0.035582777,-0.041245583
0.005302011,0.041522571,-0.110982321
0.016620273,-0.026251103,-0.238083151
-0.007437125,0.017666627,-0.329940682
0.15371407,1.261842361,-0.370807911
0.527917754,1.79108963,-0.363309337
0.846883525,1.510745743,-0.287948668
1.1497398,1.624071783,-0.341563472
1.450327924,1.613172958,-0.129728756
1.727102336,1.65249796,-0.013500859
2.0014099,1.58394446,-0.104233605
2.258666966,1.521254655,0.142844409
2.515354183,1.562353013,0.145468909
2.757461499,1.554412279,0.159341271
2.988239308,1.603237668,0.371175987
3.20737644,1.61271556,0.362177698
3.414737933,1.649858547,0.385798206
3.612918099,1.683196131,0.410168572
3.795457396,1.694244923,0.407918999
3.96475519,1.711622308,0.383923563
4.120080423,1.725434235,0.377549775
4.263573781,1.74146192,0.358428411
4.394466716,1.744172567,0.176213063
4.512238116,1.744307537,0.104226752
4.616962961,1.743017824,-0.025498578
4.707051672,1.731687844,-0.083237598
4.783463993,1.713298185,0.014243864
4.84781575,1.70738575,-0.100109389
4.901257888,1.693986231,-0.018374932
4.943265545,1.68041425,0.026241583
4.973385091,1.656772009,-0.003002856
4.991938942,1.629901737,0.099727608
4.999384475,1.612486861,0.048737305
4.99656522,1.57531013,0.089229604
4.983177505,1.550685608,0.072732742
4.959427527,1.521337137,-0.043120227
4.926256286,1.482612001,-0.163847268
4.884327358,1.446792469,-0.293572598
4.834671721,1.402803504,-0.367433552
4.776674536,1.364978169,-0.514030674
4.710688211,1.329196128,-0.459291084
4.637792461,1.284419839,-0.361809622
4.556821343,1.229179627,-0.443544078
4.467909822,1.187886313,-0.413174854
4.371612751,1.135420484,-0.424797643
4.267510241,1.071733401,-0.542900184
4.155493571,1.023354163,-0.504657456
4.036320042,0.965140862,-0.410925281
3.910664473,0.903553312,-0.463040371
3.778238193,0.839573795,-0.443544078
3.639067444,0.771417706,-0.373432411
3.494546857,0.706163472,-0.391428989
3.346026077,0.642896295,-0.373432411
3.191908025,0.578519366,-0.355810763
3.030052016,0.495737781,-0.340438686
2.859756986,0.412026402,-0.361809622
2.683947162,0.336203269,-0.408675709
2.502780003,0.254827621,-0.457041512
2.318362452,0.184178337,-0.467539515
2.12917991,0.094059634,-0.391428989
1.934028943,0.015600837,-0.311944105
1.738236896,-0.076384951,-0.234708792
1.53539671,-0.164977743,-0.188217634
1.334472268,-0.231218008,-0.143601118
1.127590649,-0.343213095,-0.101609104
0.921402597,-0.399360605,-0.062991448
0.714202312,-0.553635037,-0.038621082
0.501378513,-0.622203534,-0.050993729
0.30219736,-0.795703689,-0.028498007
0.081328185,-0.988095891,-0.070490022
-0.034673682,-0.435135147,-0.149225049
-0.014582738,-0.11711589,-0.143601118
-0.016460992,-0.188083853,-0.116981181
-0.018253019,-0.085041775,-0.087361813
-0.015441261,-0.104679907,-0.050618801
-0.019512686,-0.070719961,-0.015750432
-0.016423502,-0.065973517,0.007870077
-0.01968514,-0.068238013,-0.01050143
-0.018136799,-0.043725966,0.016493437
-0.019628905,-0.053053891,0.074982314
-0.019947571,-0.033760683,0.071233027
-0.020045045,-0.045443084,0.114349827
-0.021218485,-0.03548155,0.119598829
-0.02082109,-0.033490743,0.07310767
-0.022050766,-0.035942697,0.079481458
-0.021990781,-0.026566033,0.079856387
-0.022493149,-0.028114439,0.091854105
-0.023059249,-0.025714972,0.007495148
-0.023520378,-0.030390182,-0.084362384
-0.024566351,-0.026843471,-0.183718489
-0.025634819,-0.026569782,-0.313068891
-0.026632056,-0.035091637,-0.314943534
-0.027693026,-0.027758268,-0.313068891
-0.028090421,-0.024429008,-0.24970594
-0.028757745,-0.028410623,-0.154848979
-0.02945506,-0.018494079,-0.130853542
-0.029541288,-0.025872437,-0.138352117
-0.030999653,-0.025733718,-0.136852402
-0.030392313,-0.02217201,-0.104233605
-0.031921909,-0.029242938,-0.112107107
-0.031400797,-0.009983472,-0.056992589
-0.031996889,-0.031503685,-0.046869514
-0.033065357,-0.009166154,-0.080613097
-0.031468279,-0.029554118,-0.022874077
-0.035404739,-0.022599415,-0.043495155
-0.030602257,-0.006819176,-0.020624505
-0.037016814,-0.047017734,-0.025873506
-0.030980907,0.027598168,-0.084362384
-0.036626917,-0.090358093,-0.131228471
-0.034182562,0.094337072,-0.211088284
-0.035918354,-0.328456378,-0.218961787
-0.291503361,-1.552521585,-0.271076876
-0.669189876,-1.640679474,-0.155598837
-0.971090153,-1.513440279,-0.210338427
-1.280372231,-1.645268454,-0.249331012
-1.569638345,-1.621217554,0.074982314
-1.846536474,-1.663808079,-0.061491733
-2.115370483,-1.550268336,-0.088861528
-2.371214173,-1.551483066,0.08173103
-2.624328583,-1.578008415,-0.037871225
-2.860010097,-1.587816234,0.074607385
-3.087387553,-1.632802477,0.225703651
-3.301347303,-1.649276312,0.250074017
-3.505390921,-1.693820153,0.290941245
-3.697838851,-1.710567678,0.366301914
-3.875122036,-1.73209164,0.369676272
-4.039651089,-1.747676923,0.279318455
-4.190338797,-1.75946805,0.324309899
-4.32945706,-1.773070024,0.318685969
-4.45571247,-1.77421352,0.221579436
-4.568823851,-1.777992679,0.226828437
-4.668678732,-1.772237709,0.140594836
-4.754084929,-1.759651759,-0.03074758
-4.826193387,-1.751118657,0.046112804
-4.886724903,-1.740433534,0.011244435
-4.93588942,-1.726779072,-0.244831867
-4.973323285,-1.710267744,-0.051368658
-4.999217697,-1.685710707,0.029241012
-5.013317723,-1.662717072,-0.194216493
-5.016305684,-1.638996099,-0.020999433
-5.009208808,-1.605238608,0.013494007
-4.991569716,-1.572137222,-0.117356109
-4.964246931,-1.542110151,-0.032247294
-4.928102726,-1.50781653,-0.103483747
-4.883658212,-1.472630607,-0.257579443
-4.831352025,-1.433395585,-0.341938401
-4.770865497,-1.392792117,-0.367808481
-4.702461061,-1.353088449,-0.377556627
-4.626000002,-1.302883367,-0.41992357
-4.541733504,-1.252779512,-0.343438115
-4.44969156,-1.205356312,-0.307070032
-4.350091611,-1.151222104,-0.359185121
-4.242944905,-1.090384387,-0.413549782
-4.127974016,-1.029070526,-0.451042652
-4.006412366,-0.968645218,-0.432671146
-3.87798628,-0.905415533,-0.428921859
-3.742392086,-0.840731172,-0.406051208
-3.600499556,-0.77533447,-0.396303062
-3.454040731,-0.712738394,-0.324316752
-3.30309809,-0.644867242,-0.255329871
-3.145999575,-0.568271781,-0.307070032
-2.98019211,-0.483405659,-0.260953801
-2.80641425,-0.40679895,-0.250455798
-2.628092589,-0.324995897,-0.340063757
-2.444496071,-0.247384412,-0.377181698
-2.258443952,-0.169926643,-0.337814185
-2.065954782,-0.076107513,-0.305570317
-1.870567628,-0.003549903,-0.36218455
-1.67114279,0.097951268,-0.211838142
-1.468077664,0.168083167,-0.178844416
-1.265544896,0.271593891,-0.286823882
-1.055476619,0.351908526,-0.113606822
-0.851987854,0.442229684,-0.073114523
-0.637885642,0.592083849,-0.106483177
-0.435022962,0.635787877,-0.000378355
-0.224313604,0.938064385,0.062609667
-0.029702495,0.770934064,-0.042370369
0.003371271,0.159842501,-0.095985173
-0.017364503,0.140924209,-0.053993159
-0.006533613,0.122302101,-0.184093418
-0.012400814,0.060024705,-0.142851261
-0.008078205,0.082557193,-0.065990877
-0.009086689,0.035148989,-0.152224478
-0.00900796,0.0488072,-0.032622223
-0.007167196,0.026998302,0.037864373
-0.008381875,0.030634993,-0.015000574
-0.006083732,0.027298235,0.095603392
-0.006987243,0.017704119,0.193084854
-0.005611357,0.018049042,0.151467769
-0.005517632,0.014071177,0.132721334
-0.004981523,0.015169683,0.110225612
-0.004167988,0.00551933,0.001871217
-0.004190482,0.012616501,0.023617082
-0.003159504,0.011607975,0.080606244
-0.002750862,0.004027162,0.004495718
-0.002012307,0.007626361,-0.088111671
-0.000733895,0.012309069,-0.187467776
0.000319577,0.007870057,-0.295447242
0.001571746,0.004885721,-0.393678561
0.002662708,0.00785506,-0.309319604
0.002872653,0.002396274,-0.228709933
0.003956117,-0.001993999,-0.251580584
0.00394487,0.000791631,-0.139101974
0.00473966,0.007356421,-0.062616519
0.005144553,-0.001727808,-0.007876929
0.005200788,0.009530937,0.045362947
0.006749129,0.000802879,0.105351539
0.005369494,0.002572485,0.164215344
0.008263729,0.010715674,0.084355531
0.006168033,-0.009083672,0.07310767
0.008642379,0.024767548,0.037114515
0.007933816,-0.021328448,-0.047244442
0.007326477,0.030158849,-0.041995441
0.011619093,-0.017313091,-0.147350405
0.003888635,0.009163519,-0.253830156
0.018074888,0.023627801,-0.315693392
-0.006927259,-0.088603483,-0.385055201
0.099169724,1.002066398,-0.445418722
0.456071727,1.808658222,-0.422923
0.792005517,1.539291893,-0.272576591
1.090261756,1.605674626,-0.274076306
1.39618847,1.631240189,-0.051743587
1.674582455,1.658672836,0.179212492
1.950629559,1.635308034,0.074607385
2.209678652,1.542088771,0.277068883
2.466298387,1.585579096,0.322810185
2.711404912,1.575272639,0.207707074
2.943374905,1.613124219,0.364052342
3.164798934,1.641584138,0.39329678
3.373138918,1.675367873,0.324309899
3.573287314,1.713125723,0.30106432
3.758233476,1.728636023,0.344930978
3.92987815,1.753095582,0.290566316
4.087494028,1.757954501,0.230952653
4.232764417,1.771770178,0.292066031
4.365944248,1.786129484,0.163465487
4.485717619,1.773419811,0.049487162
4.592928058,1.770510458,0.035989729
4.685828526,1.776471632,0.034864943
4.764812669,1.757650819,0.089604533
4.831181393,1.750021266,0.091479177
4.885943182,1.74123697,0.199083714
4.929870332,1.718816957,0.202083143
4.962055583,1.7028905,0.17133899
4.982131531,1.668420668,0.219704792
4.991114159,1.642480189,0.053611378
4.989888233,1.621713558,-0.004502571
4.978521235,1.581353786,-0.023623934
4.956709495,1.55355372,-0.20658914
4.925229058,1.524036536,-0.329940682
4.88500218,1.483935457,-0.36818341
4.836838649,1.446616258,-0.439044934
4.780738463,1.406020289,-0.551898473
4.716424197,1.362091311,-0.445043793
4.644229511,1.319557023,-0.328066039
4.564124414,1.274312087,-0.409050638
4.476330098,1.22156882,-0.357310477
4.38093279,1.169155479,-0.353936119
4.278052457,1.114237696,-0.485536093
4.16738918,1.055338298,-0.456666583
4.049494063,0.997166238,-0.409425567
3.925506804,0.932778061,-0.495284239
3.794658857,0.862364975,-0.495284239
3.656852747,0.797328192,-0.426672287
3.513670557,0.738335065,-0.482536663
3.366177006,0.675900204,-0.467539515
3.21355106,0.60763164,-0.395178276
3.054098167,0.52424269,-0.39705292
2.885475195,0.436639677,-0.371182839
2.7106926,0.36861106,-0.352061476
2.530995052,0.28598694,-0.403426707
2.346899916,0.206669584,-0.418798784
2.159771831,0.125541381,-0.311944105
1.965951763,0.037473471,-0.270327019
1.770752059,-0.04842742,-0.230584577
1.569685155,-0.139217224,-0.080238168
1.368550769,-0.205052579,-0.05661766
1.163288722,-0.319450881,-0.082862669
0.955923481,-0.379954922,-0.042745298
0.75132126,-0.514711195,-0.072364665
0.537005355,-0.618829284,-0.121480325
0.33900514,-0.736526853,-0.074614237
0.119451868,-1.000303176,-0.08248774
-0.027400603,-0.565872315,-0.163097411
-0.019115291,-0.121686124,-0.130478614
-0.013206851,-0.192417889,-0.105358391
-0.01942271,-0.104068793,-0.083612526
-0.014324056,-0.094707125,-0.002627927
-0.019478945,-0.085806605,0.032615371
-0.016273541,-0.056548114,0.055111093
-0.018856609,-0.071177359,0.040488873
-0.018417975,-0.048213718,0.014618793
-0.018732892,-0.051726686,0.025116797
-0.019756372,-0.038105966,0.023242153
-0.019358976,-0.040085526,0.05586095
-0.020757357,-0.035099135,0.059985166
-0.020449938,-0.031743631,0.020992581
-0.021293466,-0.030821336,0.049112234
-0.021514657,-0.02698594,0.031865513
-0.022062013,-0.030258962,-0.014250717
-0.022684348,-0.026104886,-0.051743587
-0.023167971,-0.025714972,-0.132728186
-0.024277678,-0.02703093,-0.208463783
-0.025387385,-0.028879268,-0.273701377
-0.02635088,-0.026745993,-0.308194818
-0.027389356,-0.030528901,-0.358060335
-0.027786751,-0.031732384,-0.341938401
-0.02809417,-0.027413345,-0.22383586
-0.029098904,-0.021695866,-0.156723623
-0.029162638,-0.022516934,-0.102358961
-0.03032858,-0.025171343,0.002246146
-0.03009989,-0.016480776,0.054736164
-0.031299573,-0.026903458,0.040488873
-0.031513267,-0.013174012,0.087354961
-0.031479526,-0.029621603,0.085855246
-0.033324039,-0.015352278,0.049862091
-0.030849692,-0.016791957,0.106101396
-0.035198544,-0.031421203,0.046112804
-0.030778461,0.005170657,-0.037121367
-0.035284771,-0.053177613,-0.07386438
-0.032870408,0.025056234,-0.155223908
-0.032465515,-0.075170221,-0.24708144
-0.039472415,0.042538595,-0.341188543
-0.02176959,-0.125720226,-0.363684265
-0.222105437,-1.366218028,-0.442419292
-0.60263745,-1.70529635,-0.315318463
-0.913797782,-1.500325696,-0.222336145
-1.219537046,-1.649898674,-0.253080299
-1.515708836,-1.630496739,0.152592555
-1.792093351,-1.680086958,0.186336138
-2.064039038,-1.591644132,0.119973758
-2.319893975,-1.558171578,0.365177128
-2.574635455,-1.601879355,0.191960068
-2.813424898,-1.602651684,0.158216485
-3.041777097,-1.650847213,0.280068313
-3.257517627,-1.66744477,0.199458642
-3.46282841,-1.71253599,0.181836993
-3.657555739,-1.73451735,0.242950371
-3.836638449,-1.751890985,0.288316744
-4.003150728,-1.772537643,0.15409227
-4.155630462,-1.784516228,0.149968054
-4.296649474,-1.800663886,0.174713348
-4.424959341,-1.804315574,0.005245576
-4.540320128,-1.808807074,0.020617652
-4.642683097,-1.801874867,0.013868936
-4.730154998,-1.793263032,0.072357813
-4.804614086,-1.78500362,0.205457501
-4.867128827,-1.773167502,0.190460353
-4.918081622,-1.764731879,0.277068883
-4.95785112,-1.742889238,0.299189676
-4.985695018,-1.719089532,0.253448375
-5.002168167,-1.696965703,0.196084284
-5.007934145,-1.668622009,0.091854105
-5.003097922,-1.642209134,-0.004877499
-4.988008157,-1.60837666,-0.15184955
-4.96296477,-1.573779356,-0.263953231
-4.928710066,-1.542395088,-0.363309337
-4.886447476,-1.505345829,-0.343813044
-4.836195746,-1.466654436,-0.305195388
-4.777729935,-1.424487566,-0.380930985
-4.711518669,-1.37974127,-0.291697955
-4.637288271,-1.334080177,-0.293572598
-4.555053737,-1.283833854,-0.408675709
-4.465152477,-1.23166421,-0.365933837
-4.367524508,-1.179295859,-0.427422144
-4.262226064,-1.119582892,-0.529777679
-4.149287138,-1.058835155,-0.467164586
-4.029247586,-0.997600027,-0.46903923
-3.902725997,-0.93654111,-0.569520122
-3.769317476,-0.876554454,-0.493034667
-3.629063263,-0.80406058,-0.410550353
-3.483830364,-0.739784878,-0.420298499
-3.334278607,-0.676037808,-0.349062046
-3.179054597,-0.600878278,-0.317193106
-3.01560151,-0.518899014,-0.349436975
-2.843480711,-0.435405087,-0.365558909
-2.666467455,-0.355109199,-0.390304203
-2.484171844,-0.273763544,-0.426672287
-2.298989495,-0.196347015,-0.363684265
-2.108026173,-0.101766805,-0.227585147
-1.913141386,-0.031417454,-0.161972625
-1.71583099,0.0681379,-0.062991448
-1.512462193,0.150465836,0.016493437
-1.31139154,0.233877282,-0.020999433
-1.102189284,0.34087473,-0.006377214
-0.897744521,0.407366189,0.00412079
-0.686577784,0.569581354,-0.089986314
-0.478560215,0.614860032,-0.187842705
-0.274685302,0.863673434,-0.199465495
-0.062232655,0.896152459,-0.197590851
0.008447431,0.265943898,-0.152599407
-0.016854638,0.112336818,-0.018000004
-0.007815775,0.148681233,0.023242153
-0.010743751,0.056103077,0.05886038
-0.009487833,0.088882036,0.085480317
-0.007931994,0.040326587,0.016868365
-0.00976526,0.049587027,0.007495148
-0.006743558,0.031377328,-0.007876929
-0.008306895,0.023361611,-0.01050143
-0.006136218,0.030927428,0.040113945
-0.006672327,0.013658769,0.068233597
-0.005731325,0.024021464,0.134970906
-0.005075248,0.010494473,0.153717341
-0.00503026,0.013032658,0.119973758
-0.004104255,0.012121611,0.108725897
-0.004089259,0.011480504,0.043488303
-0.00324948,0.010696928,-0.076113952
-0.002885827,0.001661438,-0.193466635
-0.002083538,0.011128082,-0.290573169
-0.000932592,0.011566734,-0.353936119
0.000173366,0.006737809,-0.357685406
0.001380547,0.009707148,-0.289448383
0.002490254,0.009084786,-0.195716208
0.002741438,0.007648856,-0.153724193
0.003682439,0.007191458,-0.083987455
0.00405734,0.002872418,-0.012001145
0.004709668,0.008466174,-0.014250717
0.005485713,0.00124903,0.00674529
0.005092067,0.005556821,-0.004127642
0.006869098,0.003697235,-0.038621082
0.005545697,-0.000216894,-0.023249006
0.008083777,0.015777048,-0.051368658
0.006524189,-0.01282534,-0.041620512
0.007682633,0.015634579,0.00974472
0.00917099,-0.018625299,-0.019499719
0.006074307,0.019263772,-0.032622223
0.01265382,-0.001697815,-0.088861528
0.00341251,-0.016529516,-0.162722482
0.016897699,0.061513124,-0.247831297
-0.002679631,-0.136926483,-0.347562331
0.060581164,0.763334504,-0.372682554
0.39206113,1.792847989,-0.347187402
0.743568308,1.583438322,-0.143976047
1.040103752,1.590426768,-0.121855254
1.34938208,1.656970715,0.003745861
1.629579339,1.661379734,0.306313322
1.906743648,1.671712436,0.160466057
2.168810694,1.549710825,0.239950942
2.425366696,1.584833012,0.296190247
2.673862325,1.603605086,0.088479747
2.907178214,1.635030596,0.175838134
3.131031601,1.664491542,0.184461494
3.340927424,1.692467819,0.156341842
3.542909086,1.730023215,0.218580006
3.730415822,1.745109859,0.343056334
3.904448615,1.759274208,0.41654236
4.064745035,1.771414007,0.371175987
4.211605004,1.798737929,0.408293928
4.347127967,1.808107095,0.264696236
4.469446916,1.807638449,0.107601111
4.579071717,1.807709683,0.04723759
4.674637731,1.802648309,-0.031497437
4.756219938,1.790219824,0.047987447
4.824875558,1.777240211,0.069733312
4.881718048,1.769134514,0.164215344
4.92768091,1.752049565,0.232077439
4.962070579,1.730956757,0.199458642
4.984680858,1.707078319,0.252698518
4.995736689,1.678322215,0.125597688
4.996197817,1.649281176,0.045362947
4.986727818,1.621349889,0.013868936
4.966903053,1.583948209,-0.152224478
4.937240886,1.5385833,-0.295447242
4.898836027,1.510854469,-0.314943534
4.852561997,1.478101754,-0.273326449
4.798452535,1.435739928,-0.346437545
4.736050264,1.39733722,-0.297321885
4.666097486,1.346037382,-0.209213641
4.5882268,1.296214715,-0.348687117
4.50199957,1.250268686,-0.405301351
4.408308061,1.197450435,-0.446168579
4.30720101,1.134078282,-0.613011851
4.198468473,1.074132867,-0.627259141
4.08226041,1.021078419,-0.551148615
3.959686528,0.955861676,-0.585267127
3.830368177,0.891432259,-0.55264833
3.694016684,0.828809939,-0.434920718
3.551966695,0.762352223,-0.418423855
3.405399149,0.697754092,-0.404926422
3.254085356,0.629642994,-0.374557198
3.09661194,0.553441195,-0.399302492
2.930463315,0.470457154,-0.449917866
2.756531745,0.392898157,-0.472788517
2.57800014,0.310566472,-0.490410166
2.394654806,0.235466928,-0.520779391
2.208576443,0.151159432,-0.419173713
2.016121015,0.061543117,-0.277825593
1.821269969,-0.013248995,-0.172845557
1.621800143,-0.115305043,-0.045744728
1.419687265,-0.179610738,0.000371503
1.217128255,-0.293172976,0.02999087
1.008278406,-0.369715949,0.052111663
0.805745638,-0.464119949,-0.013875788
0.591958343,-0.609535102,-0.100859247
0.391105132,-0.670549029,-0.134977758
0.178573756,-0.96962375,-0.135727616
-0.005971262,-0.742596752,-0.169846127
-0.027704273,-0.164081693,-0.069740164
-0.010117667,-0.168610685,0.066733882
-0.020434942,-0.132251273,0.043113374
-0.014144104,-0.086987592,0.036364658
-0.018766633,-0.101954263,0.008994863
-0.016974606,-0.054741016,-0.02474872
-0.017728157,-0.073036946,-0.012001145
-0.019047809,-0.049717133,-0.020624505
-0.018103058,-0.052536506,0.020992581
-0.019973814,-0.045094411,0.041238731
-0.019092797,-0.038589608,0.073482599
-0.020554911,-0.039868074,0.146593696
-0.020509923,-0.03211105,0.142094551
-0.021139756,-0.034769208,0.128972047
-0.021627128,-0.031095026,0.057360665
-0.021799582,-0.033464498,-0.079863239
-0.022594372,-0.029910289,-0.211463213
-0.022954277,-0.027604552,-0.34493783
-0.023985255,-0.029902791,-0.417299069
-0.025012484,-0.0291867,-0.409800495
-0.02597223,-0.02806195,-0.334064898
-0.027014455,-0.027529569,-0.235833578
-0.027812994,-0.022434452,-0.117356109
-0.028146656,-0.023367994,-3.43e-06
-0.028881462,-0.023315506,0.074232456
-0.028971438,-0.020503632,0.082480888
-0.030182368,-0.026611023,0.032240442
-0.030114886,-0.019765046,-0.013875788
-0.030830947,-0.030982551,-0.10835782
-0.031925658,-0.014598695,-0.139851831
-0.030815951,-0.023079309,-0.144350976
-0.033541481,-0.024012851,-0.199465495
-0.03085719,-0.010369636,-0.099359532
-0.034437495,-0.03804223,-0.071989737
-0.031959399,0.00542935,-0.106858106
-0.03347025,-0.054703524,-0.076488881
-0.035217289,0.013482558,-0.112856965
-0.029436315,-0.048299948,-0.09973446
-0.042347906,-0.006320537,-0.137977188
-0.017042088,0.004645774,-0.136852402
-0.161956321,-1.161850989,-0.172470628
-0.535267741,-1.743751546,-0.127479184
-0.860674311,-1.502342747,-0.00187807
-1.162372141,-1.638418727,-0.107233034
-1.464954738,-1.642291616,0.128597118
-1.741886609,-1.685448266,0.161590844
-2.016876493,-1.62788732,-0.091860958
-2.274066077,-1.562093206,0.04161366
-2.529778551,-1.615113911,-0.095610245
-2.771769648,-1.61174716,-0.156723623
-3.001872635,-1.658926665,0.089604533
-3.22035744,-1.68156413,0.142094551
-3.426661711,-1.72323236,0.198333856
-3.624373251,-1.750848717,0.319060898
-3.806466416,-1.767296308,0.422541219
-3.975674233,-1.792258256,0.394421566
-4.130898243,-1.802864646,0.45665973
-4.274095429,-1.818389943,0.553391335
-4.405029604,-1.822930183,0.399670568
-4.522819749,-1.828763885,0.311937252
-4.628140687,-1.825869529,0.193459783
-4.719001693,-1.814097148,0.043863232
-4.795815159,-1.804660497,-0.010126501
-4.860133175,-1.794522752,0.082105959
-4.913451595,-1.78167436,0.035989729
-4.95557922,-1.763532146,-0.140601689
-4.985728759,-1.741996936,0.089604533
-5.004717494,-1.715535323,-0.024373792
-5.01253418,-1.691885584,-0.199465495
-5.010059834,-1.663425664,0.075732171
-4.997474407,-1.627201223,0.00674529
-4.974181808,-1.595723225,-0.055492874
-4.941749122,-1.559127616,0.050611948
-4.901117352,-1.52255825,-0.067865521
-4.852605163,-1.485958892,-0.250455798
-4.796385009,-1.443638306,-0.282699666
-4.732434396,-1.401928834,-0.202089996
-4.660584619,-1.35362458,-0.325066609
-4.580760698,-1.304964154,-0.418423855
-4.493138837,-1.256150013,-0.376056912
-4.397651552,-1.199582596,-0.510281387
-4.294636255,-1.141650483,-0.608887635
-4.183721794,-1.079365588,-0.578143482
-4.065478019,-1.021650927,-0.552273401
-3.940879672,-0.962054184,-0.527153178
-3.809503114,-0.890677562,-0.388804488
-3.671329602,-0.830173521,-0.399302492
-3.527476339,-0.768338526,-0.468664301
-3.379304217,-0.697760476,-0.312319033
-3.22614966,-0.630519184,-0.343438115
-3.065804502,-0.546781561,-0.373432411
-2.896038083,-0.45908107,-0.30182103
-2.72037447,-0.384498911,-0.374932126
-2.539402259,-0.297776952,-0.45179251
-2.354463596,-0.222279997,-0.456666583
-2.165839656,-0.134422041,-0.352436404
-1.970864893,-0.055269648,-0.382055772
-1.774885395,0.032269629,-0.351686547
-1.572183922,0.132248639,-0.154848979
-1.37054342,0.19868386,-0.220461502
-1.163819259,0.31497924,-0.18934242
-0.957158832,0.373226283,-0.037871225
-0.750430922,0.521719501,-0.073489451
-0.537078512,0.604542327,-0.061116804
-0.338725891,0.749983724,0.074607385
-0.117909202,0.973763944,0.089229604
0.006490448,0.451542612,-0.025123649
-0.011456063,0.088615845,0.055486021
-0.011246119,0.167134628,0.025491725
-0.007879508,0.065464745,-0.121105396
-0.011302354,0.084165585,-0.031497437
-0.006781048,0.057182837,-0.03637151
-0.010065181,0.039400543,-0.065990877
-0.00661984,0.041695032,0.053986307
-0.007684559,0.020489749,0.055111093
-0.006649833,0.034807814,0.021742438
-0.006064987,0.016500637,0.139095122
-0.006158712,0.026244719,0.178837564
-0.00495528,0.013745,0.088479747
-0.005078997,0.009395967,0.134595977
-0.004018028,0.014371111,0.13384612
-0.003995533,0.006306654,-0.003377784
-0.003223237,0.009493446,-0.022124219
-0.002679631,0.008376194,-0.055867803
-0.002091036,0.011131831,-0.181843846
-0.000812624,0.011922905,-0.262828445
0.000237099,0.009568429,-0.266577732
0.001354304,0.010584453,-0.326191395
0.002625218,0.007435153,-0.354685976
0.00310884,0.001593953,-0.230584577
0.003847395,0.003892192,-0.200965209
0.004196053,-0.001656574,-0.14322619
0.004552209,0.006419129,-0.00187807
0.00560943,0.003329817,0.020617652
0.00504333,0.005106921,0.016118508
0.006989066,0.010228282,0.034115085
0.005928096,-0.005938122,0.048362376
0.007738868,0.01527466,-0.026248435
0.00750268,-0.016169596,-0.056242731
0.007127779,0.015874526,-0.015000574
0.010104493,-0.009139909,-0.096735031
0.005778136,-0.00298003,-0.112107107
0.013039968,0.01743043,-0.145475762
0.004454735,-0.037071196,-0.200965209
0.015049437,0.076108627,-0.205464354
0.003360024,-0.138546123,-0.21821193
0.031949974,0.544364464,-0.221586288
0.329977524,1.729449592,-0.280075165
0.695734689,1.638671036,-0.09411053
0.992903716,1.566979484,-0.078363524
1.303899091,1.661957106,-0.092985744
1.588703883,1.658339161,0.220454649
1.86644554,1.699718706,0.121848401
2.132119133,1.57746965,0.153717341
2.388753864,1.598862391,0.285317315
2.640252451,1.613622858,0.11359997
2.875536569,1.63402207,0.227578295
3.101965526,1.670066552,0.313062038
3.313687117,1.697000561,0.286817029
3.517025921,1.744734942,0.296190247
3.707696821,1.759709111,0.316436397
3.884503882,1.786661865,0.348305336
4.047608311,1.79491378,0.248199373
4.196848901,1.812279917,0.336682546
4.334973676,1.825979369,0.344930978
4.459759474,1.815309243,0.2433253
4.571911108,1.822860063,0.310062609
4.67096745,1.822642611,0.23470194
4.755597602,1.806138783,0.172088847
4.826513875,1.800230097,0.095228464
4.885826962,1.78452859,0.213331004
4.934170446,1.763143347,0.115474613
4.970974478,1.747655542,-0.139101974
4.996059104,1.721872528,0.161215915
5.009540543,1.696269473,0.00412079
5.012491014,1.671078827,-0.18934242
5.005079222,1.637313838,0.063734453
4.987402639,1.596886581,-0.066740735
4.960091102,1.564763727,-0.215962357
4.923324561,1.531433641,-0.132353257
4.878246464,1.486773575,-0.245956653
4.825389172,1.447321102,-0.491909881
4.764606473,1.409177087,-0.413549782
4.696310758,1.366151658,-0.33631447
4.620175863,1.315148003,-0.503907599
4.536276768,1.264106857,-0.447668294
4.444804673,1.209841429,-0.347562331
4.345605869,1.155167341,-0.448418151
4.238740338,1.100523247,-0.435670576
4.124204334,1.038542034,-0.397802777
4.003010088,0.979687626,-0.501658027
3.875375042,0.9161955,-0.501658027
3.740680611,0.849381613,-0.408675709
3.599635357,0.783238826,-0.513280817
3.454057549,0.720721483,-0.5496489
3.304295847,0.652756602,-0.400802207
3.148899382,0.57553503,-0.450292795
2.985303833,0.494050656,-0.471288802
2.813130549,0.418280011,-0.375307055
2.63605356,0.337702936,-0.424422715
2.453559251,0.253564152,-0.470164016
2.268530611,0.182903621,-0.39967742
2.07794219,0.084566746,-0.331815326
1.882978674,0.011251804,-0.376431841
1.68588572,-0.08232363,-0.319817607
1.483015542,-0.164475355,-0.179594274
1.282413515,-0.244984946,-0.248206226
1.073901077,-0.351378779,-0.206214211
0.870037411,-0.420787089,-0.05961709
0.659597982,-0.58050531,-0.106108248
0.452131517,-0.628093474,-0.080238168
0.249336319,-0.878039123,0.053236449
0.037329804,-0.914364793,-0.005627357
-0.03502234,-0.293892816,-0.086611956
-0.010215141,-0.135085643,-0.007876929
-0.018751637,-0.170429031,-0.095610245
-0.015812413,-0.082181161,-0.142476332
-0.016813399,-0.109088926,-0.012751002
-0.018189285,-0.058951329,0.00112136
-0.016386012,-0.068766646,0.045737875
-0.019373972,-0.054403591,0.118848972
-0.017454479,-0.043710969,0.137220478
-0.019538929,-0.048461162,0.125597688
-0.019032813,-0.034071863,0.183711637
-0.019872591,-0.040745379,0.196084284
-0.020618644,-0.030052757,0.003745861
-0.020686126,-0.033715693,0.019867795
-0.021589637,-0.031132517,0.006370362
-0.021364697,-0.02599616,-0.166846698
-0.022211973,-0.028920509,-0.068615378
-0.022628113,-0.029756573,-0.03337208
-0.023464142,-0.034450529,-0.137977188
-0.02479879,-0.029329168,-0.188217634
-0.025582333,-0.024552731,-0.229834719
-0.026725781,-0.03166115,-0.308194818
-0.02771552,-0.025565006,-0.34493783
-0.027974201,-0.025028875,-0.265827875
-0.028810231,-0.025130102,-0.233958935
-0.028768992,-0.02217576,-0.178469487
-0.029694997,-0.033876907,-0.084362384
-0.030148627,-0.018943979,-0.062991448
-0.030384815,-0.030285206,-0.072364665
-0.031801941,-0.022052037,0.009369791
-0.030381066,-0.020233692,0.08473046
-0.033252808,-0.032231023,0.016118508
-0.031029645,-0.004629663,0.040113945
-0.033335286,-0.038623351,0.008994863
-0.032844165,0.003880944,-0.11135725
-0.031959399,-0.045664285,-0.087736742
-0.036420721,-0.005383245,-0.087361813
-0.028202891,-0.022194505,-0.09411053
-0.042827779,-0.046511596,-0.106858106
-0.018144297,0.077199634,-0.087736742
-0.118272856,-0.952118894,-0.217837001
-0.475002405,-1.754211719,-0.26432816
-0.815588716,-1.521898397,-0.109107678
-1.114328578,-1.618971803,-0.310819319
-1.421503712,-1.654682609,-0.123729897
-1.700126387,-1.67985451,0.09635325
-1.97704701,-1.657052082,-0.129353828
-2.236819662,-1.565519944,0.069733312
-2.492910786,-1.618495659,0.122973187
-2.738320981,-1.619054285,0.097103107
-2.969859839,-1.662563356,0.361427841
-3.191040181,-1.685646971,0.431539508
-3.398791571,-1.720128051,0.414292787
-3.598497584,-1.759966689,0.385423277
-3.783679933,-1.774273506,0.394796495
-3.955984433,-1.800266474,0.291316174
-4.114065189,-1.810044299,0.211081432
-4.259256848,-1.827447928,0.349055194
-4.3933027,-1.835246193,0.275569168
-4.513795882,-1.837087034,0.206207359
-4.62180486,-1.838402991,0.21745522
-4.715979991,-1.827950316,0.127097403
-4.795657701,-1.816849036,0.043113374
-4.86287745,-1.80559029,0.181836993
-4.918471519,-1.796929717,0.190460353
-4.96288979,-1.780962019,-0.055867803
-4.996076026,-1.754196722,0.147718482
-5.017404144,-1.731525516,0.099727608
-5.027597702,-1.70507515,-0.127479184
-5.027762659,-1.676266558,0.0761071
-5.017512865,-1.644331162,0.053986307
-4.997114502,-1.60977135,-0.03074758
-4.967043693,-1.577858449,-0.051368658
-4.928009001,-1.536767589,-0.18634299
-4.881502532,-1.497787511,-0.361434693
-4.827025667,-1.459317318,-0.499033526
-4.764394706,-1.415185885,-0.440544649
-4.693857083,-1.371076947,-0.47203866
-4.615472782,-1.32026825,-0.55264833
-4.529620453,-1.267907397,-0.426672287
-4.435816474,-1.214545518,-0.421423285
-4.334638192,-1.157280756,-0.490785095
-4.225823177,-1.097841478,-0.403426707
-4.109270205,-1.037386177,-0.356935549
-3.986257689,-0.977144577,-0.400427278
-3.856395731,-0.911376707,-0.339688828
-3.719283189,-0.84280821,-0.382055772
-3.576048512,-0.782810307,-0.497533811
-3.428753659,-0.718995752,-0.43154636
-3.276761295,-0.645245908,-0.424422715
-3.118121937,-0.568909139,-0.453667153
-2.95061617,-0.480203872,-0.393678561
-2.775912304,-0.400927756,-0.335564613
-2.596503431,-0.32215028,-0.382805629
-2.412299573,-0.244737501,-0.427047216
-2.225122751,-0.158555422,-0.323566894
-2.030984017,-0.069351515,-0.373057483
-1.835195719,0.00407965,-0.418048927
-1.634428735,0.108812602,-0.231334434
-1.43188847,0.175600245,-0.263578302
-1.228111032,0.277869995,-0.300696244
-1.019167457,0.355129059,-0.131228471
-0.815000122,0.473359009,-0.108732749
-0.599844438,0.593216097,-0.116231323
-0.399883491,0.669946528,0.042738446
-0.183306933,0.977475618,0.099727608
-0.010608787,0.666152372,-0.035246724
-0.001603665,0.118740394,0.025116797
-0.015287552,0.160108691,-0.029622793
-0.006005003,0.102525251,-0.205839283
-0.012018415,0.063683891,-0.075364095
-0.006724813,0.070859795,-0.020999433
-0.009217904,0.032933231,0.005620504
-0.007519603,0.046014072,0.129346975
-0.006844781,0.021775713,0.135720763
-0.007257172,0.036637407,0.085855246
-0.00540891,0.023856501,0.131596548
-0.006233692,0.015548349,0.215580576
-0.004692849,0.018472698,0.134970906
-0.004839061,0.013276354,0.121848401
-0.004104255,0.015304653,0.125597688
-0.003519409,0.007806321,-0.03337208
-0.003253229,0.011203065,-0.038621082
-0.002597153,0.008057515,0.013494007
-0.002196009,0.003678489,-0.030372651
-0.001232513,0.011679209,-0.114731608
1.59e-05,0.009298489,-0.170970913
0.001200594,0.003884693,-0.248581154
0.002265313,0.008387442,-0.36818341
0.00307135,0.004098396,-0.348312189
0.003401263,0.005894246,-0.335189684
0.004458484,0.008803599,-0.280825023
0.004432241,0.002808683,-0.164222197
0.005369494,0.010719423,-0.121480325
0.005628175,0.00187514,-0.069740164
0.005973084,0.008383692,-0.049119086
0.007345222,-0.003208729,-0.015750432
0.005935594,0.001957622,0.007870077
0.008882316,0.009223506,-0.002252998
0.006681647,-0.011573118,-0.000378355
0.009669608,0.023009189,-0.072364665
0.008499917,-0.022550676,-0.117731038
0.008263729,0.033364385,-0.136852402
0.012117712,-0.021081003,-0.220086573
0.004657182,0.014866,-0.188217634
0.018655985,0.019447481,-0.142851261
-0.006724813,-0.078030835,-0.137602259
0.107121374,1.049917004,-0.126729327
0.467187541,1.802794527,-0.082862669
0.800114625,1.530417617,0.018743009
1.09827714,1.629778014,-0.095985173
1.40240058,1.646375572,0.040113945
1.67921998,1.6867091,0.208082002
1.954059903,1.648535092,0.00674529
2.211496922,1.550951799,0.146968624
2.466879483,1.611838255,0.197583999
2.710051519,1.606083285,0.075357242
2.939978302,1.648913757,0.238451227
3.159831496,1.672229821,0.348305336
3.366720612,1.707723175,0.307813037
3.56504699,1.746290846,0.307813037
3.747912451,1.751089778,0.391797065
3.917577648,1.774645788,0.295065461
4.073390252,1.786811832,0.224953794
4.216857367,1.801388589,0.30668825
4.348443869,1.813198462,0.242950371
4.466342736,1.804766588,0.25494809
4.571776144,1.800683746,0.359178268
4.662847095,1.795356181,0.287566887
4.739514349,1.778567416,0.193834712
4.804241007,1.770930365,0.286817029
4.857799364,1.758303174,0.136845549
4.900039459,1.736355556,-0.142851261
4.930646377,1.709830207,0.045737875
4.949717591,1.68729397,-0.02774815
4.958137867,1.661338494,-0.281199951
4.956255864,1.626126326,-0.09411053
4.943782908,1.596237975,-0.124854683
4.921315091,1.562233039,-0.253080299
4.889317291,1.521805782,-0.133103115
4.848786744,1.482454536,-0.179219345
4.800510742,1.44876828,-0.349062046
4.744009412,1.404359408,-0.370058053
4.679612667,1.360419183,-0.356935549
4.607309261,1.314300692,-0.454791939
4.527129184,1.26072511,-0.530152608
4.439169911,1.214884057,-0.47203866
4.343543913,1.154380016,-0.439419863
4.240562357,1.100804434,-0.459291084
4.129610406,1.045496737,-0.420673428
4.01144536,0.976782023,-0.408675709
3.886985726,0.921778008,-0.466414729
3.755714141,0.860010499,-0.429296788
3.617593115,0.792428032,-0.433046075
3.474129749,0.729648248,-0.524528678
3.326744919,0.66148466,-0.432296217
3.174107726,0.592844929,-0.401177135
3.013976262,0.514003718,-0.44879308
2.84504962,0.426801866,-0.348312189
2.670297017,0.351004977,-0.314568606
2.490055863,0.270120469,-0.367058624
2.306470592,0.191410478,-0.331440397
2.118821395,0.101145558,-0.235833578
1.925083805,0.027373218,-0.301071172
1.729955333,-0.060274785,-0.359934978
1.52838981,-0.150438478,-0.248581154
1.328095202,-0.221721371,-0.32206718
1.121719699,-0.334852455,-0.365933837
0.917023753,-0.393054508,-0.21221307
0.710873191,-0.545746792,-0.218586858
0.499485263,-0.614956396,-0.212587999
0.301342586,-0.794136537,-0.015000574
0.081890537,-0.98301952,0.011619364
-0.032218081,-0.430433693,-0.061866662
-0.012310838,-0.114978866,0.073482599
-0.014335303,-0.186306749,0.017993151
-0.016059848,-0.083782055,-0.134227901
-0.013581752,-0.102546631,-0.078363524
-0.017593193,-0.072399587,-0.115106537
-0.014324056,-0.060510982,-0.12298004
-0.017581946,-0.061433277,-0.000753284
-0.016187314,-0.040074278,0.040863802
-0.017551954,-0.05418239,0.030365798
-0.018061819,-0.037892264,0.116974328
-0.017870619,-0.037779789,0.193834712
-0.01904406,-0.036298868,0.127472332
-0.018860358,-0.035470302,0.147343553
-0.019752622,-0.031046286,0.178837564
-0.020086284,-0.028856773,0.029241012
-0.020618644,-0.027735773,-0.001503141
-0.021188493,-0.025490022,0.031490585
-0.021570892,-0.028823031,-0.049494015
-0.022481902,-0.026573531,-0.09710996
-0.023876533,-0.028703058,-0.108732749
-0.024705065,-0.029111717,-0.194591421
-0.025672309,-0.024354025,-0.319817607
-0.026024716,-0.022078281,-0.319817607
-0.026482095,-0.027739522,-0.326191395
-0.027460587,-0.019742551,-0.331065468
-0.027513073,-0.02105101,-0.240707652
-0.028885211,-0.023956613,-0.185968061
-0.028277871,-0.014696173,-0.136102544
-0.029635013,-0.033528234,-0.087736742
-0.02972124,-0.011723085,-0.026998293
-0.029635013,-0.026427314,-0.010126501
-0.031790694,-0.016844446,0.007495148
-0.029016426,-0.015839669,0.051736734
-0.033162831,-0.029317921,-0.043870084
-0.028978936,0.003157355,-0.074614237
-0.033803912,-0.053575025,-0.099359532
-0.03085719,0.025464893,-0.193841564
-0.031299573,-0.075080241,-0.190467206
-0.036975574,0.054179755,-0.152974336
-0.021413434,-0.156984521,-0.147350405
-0.230342012,-1.405258094,-0.219336716
-0.610960252,-1.700384943,-0.066365806
-0.920126111,-1.509181226,-0.059992018
-1.22603408,-1.659976432,-0.179969202
-1.51974652,-1.638568694,0.126347546
-1.794972591,-1.691705624,0.048362376
-2.065763583,-1.599596113,-0.082112811
-2.320538805,-1.5733557,0.15109284
-2.573720697,-1.612834418,0.071982884
-2.810331965,-1.615698781,0.082855817
-3.037270787,-1.666619954,0.265446093
-3.252107805,-1.683907358,0.285692243
-3.456211408,-1.729365996,0.284567457
-3.649352905,-1.749439031,0.355054053
-3.827224684,-1.768874707,0.406419285
-3.992364826,-1.788981485,0.277818741
-4.143727356,-1.800603899,0.264321307
-4.283362982,-1.814333345,0.281193099
-4.410094516,-1.815356867,0.137220478
-4.524199385,-1.818191237,0.253073446
-4.624980271,-1.811450236,0.285692243
-4.711297478,-1.801762392,0.241825585
-4.784500647,-1.789528863,0.381299062
-4.845602012,-1.775911892,0.253823304
-4.89555757,-1.76328845,0.118099114
-4.933947432,-1.741625769,0.116599399
-4.960782846,-1.716498858,0.004870647
-4.976378728,-1.69050589,-0.090361243
-4.980652599,-1.663448159,-0.115481466
-4.975029084,-1.633904731,-0.140976617
-4.959616904,-1.597387855,-0.16909627
-4.933977425,-1.561654553,-0.19796578
-4.89938156,-1.526712326,-0.260203944
-4.856560368,-1.48983178,-0.252330441
-4.805806271,-1.450150607,-0.281949809
-4.747235487,-1.405021896,-0.390304203
-4.680713054,-1.364032264,-0.400052349
-4.606171488,-1.316196655,-0.481786806
-4.523629535,-1.2643007,-0.569520122
-4.433488339,-1.215471562,-0.485161164
-4.33585662,-1.155878568,-0.473913303
-4.230423212,-1.097012913,-0.510281387
-4.117233102,-1.037986043,-0.388054631
-3.997268531,-0.978295571,-0.351686547
-3.870656965,-0.91729664,-0.413549782
-3.736944775,-0.847041019,-0.40267685
-3.596668067,-0.785535951,-0.421048356
-3.451626369,-0.724863197,-0.406051208
-3.302299551,-0.651495768,-0.423297929
-3.14707929,-0.580242868,-0.454417011
-2.983236306,-0.496321536,-0.425547501
-2.811010536,-0.414158563,-0.415424426
-2.633862315,-0.335478566,-0.386929845
-2.451304273,-0.257439675,-0.35956005
-2.266058191,-0.181496569,-0.244831867
-2.07433382,-0.085240481,-0.167596555
-1.879490272,-0.010943258,-0.220836431
-1.681385086,0.089868066,-0.169846127
-1.4783537,0.15494609,-0.185968061
-1.27666446,0.251670823,-0.292822741
-1.067503443,0.351833542,-0.200965209
-0.864562034,0.424987269,-0.139101974
-0.651959426,0.586130173,-0.17771963
-0.447780843,0.629867944,-0.074239309
-0.24008194,0.913383626,0.005995433
-0.038958801,0.82372607,-0.032622223
0.006213021,0.19239276,0.022867225
-0.016700928,0.13098517,0.061484881
-0.005828799,0.129035603,-0.070490022
-0.010867469,0.057524011,-0.101984033
-0.00768081,0.088405892,-0.141351546
-0.007774536,0.03424544,-0.226460361
-0.008396871,0.05227143,-0.106858106
-0.006083732,0.031103638,-0.064866091
-0.00741838,0.026031017,-0.023998863
-0.005202715,0.025048735,0.112850112
-0.006012501,0.017872832,0.136845549
-0.004786575,0.023087921,0.16833956
-0.004490403,0.012897688,0.188210781
-0.004396678,0.01671059,0.190085425
-0.003425684,0.009587175,0.140969765
-0.003226986,0.01001458,0.080231316
-0.002578408,0.01158548,0.037489444
-0.00203855,0.007412658,-0.093735601
-0.001240011,0.008364947,-0.126354398
-6.28e-05,0.009935847,-0.112856965
0.000994399,0.007885053,-0.158223338
0.002066616,0.008702372,-0.184093418
0.003232558,0.007825067,-0.22683529
0.003382518,0.006156688,-0.289823311
0.004480978,0.007206454,-0.309694532
0.004668429,0.00124528,-0.280450094
0.005287015,0.010869389,-0.24108258
0.006070558,0.002201318,-0.191966921
0.005594434,0.00781007,-0.197215922
0.00776886,0.006062959,-0.170221056
0.006273005,-0.004367221,-0.05361823
0.00863863,0.015642078,-0.007502
0.007536421,-0.011914292,0.048737305
0.00856365,0.02125083,0.112475184
0.009823317,-0.01466618,0.069733312
0.007105285,0.018067788,0.02136751
0.013456108,0.000454206,-0.062991448
0.004301026,-0.01731684,-0.133478043
0.01787994,0.058037647,-0.177344701
-0.002158519,-0.132569952,-0.187467776
0.062151999,0.777191422,-0.19796578
0.394021862,1.786200718,-0.223086003
0.744708007,1.573401805,-0.067115663
1.040673601,1.592248862,-0.106483177
1.349419571,1.649686086,-0.072739594
1.629511857,1.670490208,0.103101966
1.90594136,1.676083963,-0.048369229
2.167082401,1.556110651,0.083605674
2.422753636,1.60287025,0.172088847
2.669877128,1.595176961,0.044613089
2.902034572,1.630599081,0.237326441
3.12508942,1.657053197,0.372675702
3.334242939,1.688182522,0.388797636
3.53524611,1.736359305,0.436413581
3.721916816,1.742204255,0.484779383
3.895046098,1.773592273,0.43378908
4.054528983,1.783595048,0.290941245
4.200830349,1.799757702,0.294690532
4.335464796,1.805977569,0.217830149
4.456659043,1.801512312,0.124097974
4.565174137,1.807019837,0.221204507
4.6599866,1.79284424,0.110225612
4.740605311,1.780250792,0.099727608
4.808316181,1.76748863,0.256072876
4.864825008,1.748214168,0.088854676
4.910547934,1.738327617,0.037489444
4.944663925,1.710452568,0.179212492
4.966730598,1.68360854,0.04161366
4.977842664,1.663220575,-0.057742446
4.978997359,1.626572477,0.047987447
4.969399893,1.593021191,-0.022874077
4.949642611,1.554382286,-0.074614237
4.920284113,1.523995295,-0.080238168
4.881763036,1.495422901,-0.253455227
4.835627719,1.453627199,-0.366308766
4.781402038,1.410084385,-0.452167438
4.719112237,1.364138356,-0.526403321
4.648942017,1.317183801,-0.554148045
4.570606453,1.268774569,-0.604763419
4.484960319,1.218059601,-0.556772546
4.391587476,1.164581497,-0.497533811
4.29034921,1.113356642,-0.495284239
4.18147796,1.051521647,-0.47766259
4.065123685,0.989971589,-0.444293936
3.942407341,0.933445413,-0.407175994
3.813055249,0.867036436,-0.39405349
3.676520054,0.801039866,-0.420673428
3.53441383,0.738286326,-0.427797073
3.387988746,0.674516761,-0.39705292
3.236633714,0.60987739,-0.446918437
3.079201538,0.533506879,-0.473913303
2.912576788,0.44143486,-0.449168009
2.738990127,0.370069486,-0.461915585
2.560687211,0.292825419,-0.456666583
2.377394364,0.215577602,-0.407550923
2.191469711,0.132522328,-0.290948097
1.998324464,0.042572337,-0.265827875
1.803443427,-0.029074225,-0.256829586
1.603448739,-0.129761827,-0.147350405
1.40175575,-0.193610124,-0.18071906
1.198634388,-0.304094297,-0.212962928
0.990256915,-0.376089532,-0.103858676
0.787233027,-0.486108808,-0.087736742
0.572935866,-0.613685429,-0.112856965
0.373754714,-0.688848709,-0.013125931
0.158366592,-0.989779267,0.019867795
-0.013795446,-0.675906588,-0.055867803
-0.022991767,-0.141110553,-0.01912479
-0.009394108,-0.18279378,-0.051743587
-0.018567935,-0.115470006,-0.19496635
-0.012472045,-0.090995451,-0.208463783
-0.017626934,-0.094084764,-0.234333864
-0.014852666,-0.050077053,-0.223460931
-0.016648442,-0.072114651,-0.068615378
-0.017428236,-0.04123277,-0.02474872
-0.01673092,-0.054414838,0.006370362
-0.018331748,-0.044037147,0.140219908
-0.017439483,-0.035837721,0.178837564
-0.019100295,-0.037438614,0.162340701
-0.018879103,-0.029445393,0.174713348
-0.019482694,-0.033873158,0.135345835
-0.019977563,-0.026738495,0.034864943
-0.020356213,-0.029580362,-0.010126501
-0.021008541,-0.028995493,-0.014250717
-0.02131596,-0.02608614,-0.064116234
-0.022466906,-0.029962777,-0.117731038
-0.023527876,-0.029250436,-0.136852402
-0.024408893,-0.027338361,-0.21221307
-0.025417377,-0.024927647,-0.31044439
-0.026212167,-0.022468195,-0.279700236
-0.026639554,-0.025606247,-0.294697384
-0.027546814,-0.020784819,-0.288323597
-0.027404352,-0.019277654,-0.188967491
-0.028645274,-0.024181563,-0.196840994
-0.028607784,-0.016570756,-0.18071906
-0.029200128,-0.029910289,-0.163472339
-0.030339827,-0.014302511,-0.081362954
-0.029286355,-0.023011824,0.031115656
-0.032019383,-0.021305953,0.017243294
-0.029335092,-0.011749329,0.079856387
-0.032907899,-0.037659815,0.068233597
-0.030336078,0.007303933,-0.019874647
-0.032000638,-0.052836439,-0.07086495
-0.033264055,0.010914379,-0.142101404
-0.028401589,-0.053706246,-0.158598266
-0.040544632,0.003536021,-0.184093418
-0.015891142,-0.015704699,-0.183343561
-0.168070956,-1.197108147,-0.259079158
-0.542878231,-1.743031706,-0.192341849
-0.866477778,-1.503531233,-0.100109389
-1.168494275,-1.641129374,-0.228709933
-1.469442303,-1.640150842,0.030365798
-1.745470663,-1.68520457,0.082105959
-2.01983821,-1.624681783,-0.101984033
-2.276559168,-1.562486868,0.114349827
-2.531683048,-1.610521183,0.068983455
-2.772257019,-1.607495606,0.048362376
-3.001167821,-1.658225571,0.317186254
-3.219131513,-1.67544924,0.38767285
-3.425102123,-1.717544876,0.348305336
-3.621846419,-1.748565475,0.386548064
-3.803395977,-1.766171559,0.418417003
-3.972491324,-1.787676775,0.241825585
-4.127235461,-1.793053079,0.194584569
-4.270316427,-1.809800603,0.304813607
-4.400976924,-1.811772665,0.184836423
-4.517957283,-1.813167354,0.180337279
-4.622513423,-1.809834346,0.17996235
-4.712422181,-1.798823045,0.082855817
-4.78869204,-1.790106234,0.207332145
-4.852758872,-1.773827356,0.177337849
-4.905484949,-1.757874654,0.042738446
-4.947316402,-1.740868437,0.128222189
-4.97742845,-1.71689627,0.109850683
-4.99575736,-1.690314683,-0.0479943
-5.003052934,-1.662267172,-0.002627927
-5.000136204,-1.633706026,0.032990299
-4.987108394,-1.602636687,-0.054743016
-4.964505613,-1.564492672,-0.044245013
-4.932282872,-1.5266036,-0.138727045
-4.89157987,-1.490930286,-0.278950379
-4.843660025,-1.451642775,-0.332940112
-4.787267416,-1.41134299,-0.445793651
-4.72268697,-1.366465473,-0.478037519
-4.650353571,-1.319900831,-0.468664301
-4.570165996,-1.270959218,-0.500908169
-4.482098002,-1.218504637,-0.445043793
-4.386172083,-1.164970296,-0.422923
-4.283010575,-1.106018409,-0.481786806
-4.171893668,-1.049207297,-0.43154636
-4.053316231,-0.988122135,-0.380181128
-3.928170528,-0.922864152,-0.443919007
-3.79619038,-0.859641966,-0.429671716
-3.657671958,-0.794114042,-0.420298499
-3.513586257,-0.733388801,-0.48628595
-3.36512921,-0.666394953,-0.465289943
-3.211734717,-0.594425963,-0.448043223
-3.050609765,-0.514763684,-0.448043223
-2.880194766,-0.432372012,-0.411675139
-2.704639875,-0.356691347,-0.406426137
-2.523795131,-0.27355734,-0.398552634
-2.338987683,-0.202326935,-0.343813044
-2.149407745,-0.109283882,-0.288323597
-1.954283022,-0.029314172,-0.294322456
-1.757508734,0.059990962,-0.222711074
-1.554042463,0.148475029,-0.15184955
-1.352795606,0.220788943,-0.20358971
-1.144676814,0.329979654,-0.121480325
-0.93845877,0.387371887,-0.053243302
-0.730302488,0.548334831,-0.081737883
-0.518220992,0.604999726,0.020992581
-0.318769911,0.792772955,0.111725326
-0.098579307,0.964147333,0.064859239
0.009148496,0.384350059,0.030740727
-0.013079385,0.096114177,0.01274415
-0.009379112,0.166111106,-0.12298004
-0.008310644,0.062008014,-0.200215352
-0.010237635,0.087284891,-0.158223338
-0.006304924,0.048960916,-0.173220486
-0.009521574,0.035850083,-0.104233605
-0.006147465,0.036281237,0.000371503
-0.007500858,0.023447841,-0.016875218
-0.005930023,0.033251911,0.03861423
-0.005761317,0.012222838,0.097478036
-0.005573867,0.021681984,0.110975469
-0.004370434,0.018371471,0.176213063
-0.004584128,0.01320512,0.175838134
-0.003500664,0.011746694,0.094853535
-0.003568146,0.010711925,0.03861423
-0.002829591,0.008323706,0.051361806
-0.002124777,0.00394468,0.016493437
-0.001652402,0.010876888,-0.031872366
-0.000400233,0.008657382,-0.064491163
0.000743215,0.001398996,-0.173970343
0.001890412,0.008578649,-0.314568606
0.003090095,0.011120584,-0.395553205
0.00333753,0.004848229,-0.409425567
0.004319771,0.006077955,-0.393303633
0.004784648,0.00066416,-0.272201662
0.005077071,0.009650911,-0.178844416
0.006224268,0.002846174,-0.107607963
0.005466968,0.001908883,-0.015375503
0.007517676,0.011053099,-0.0479943
0.006490448,-0.006474252,-0.005627357
0.007967557,0.015844533,0.023992011
0.008226239,-0.010988248,0.001496289
0.00750268,0.01095562,0.034864943
0.010666845,-0.007595253,-0.055867803
0.006171782,0.00272995,-0.110982321
0.01329865,0.021753218,-0.184843275
0.005313258,-0.037262404,-0.274826163
0.014955712,0.076224851,-0.245956653
0.005039581,-0.141305509,-0.219711644
0.026971289,0.495760276,-0.184468347
0.31575378,1.694998506,-0.203214782
0.683299223,1.635889155,-0.06524102
0.980430759,1.560707129,-0.03637151
1.290616349,1.662691942,-0.029997722
1.575608591,1.650795839,0.246699658
1.852817888,1.693577572,0.141344694
2.118319028,1.568160471,0.156341842
2.373851549,1.586403913,0.29806489
2.625357634,1.606716894,0.123348116
2.86000817,1.624068034,0.17133899
3.085811042,1.659141482,0.255323019
3.297615111,1.682656251,0.269945238
3.500905178,1.728928458,0.276319026
3.691561082,1.737656517,0.289816459
3.868083218,1.763574501,0.286817029
4.031236384,1.779654674,0.146593696
4.180851875,1.781997903,0.181836993
4.319598986,1.792131899,0.178462635
4.444965881,1.800065134,0.131596548
4.557346204,1.795693606,0.294315603
4.656166359,1.788532699,0.344930978
4.740361625,1.774113407,0.283067742
4.811409114,1.760151513,0.299564605
4.870887158,1.754561506,0.334058046
4.91942559,1.729880746,0.066358954
4.956844459,1.711667298,0.003370932
4.982558919,1.682352569,0.128972047
4.996793909,1.643781149,-0.185968061
5.000490433,1.632113745,-0.191591992
4.994105869,1.600527021,-0.079113382
4.977224077,1.559439911,-0.277825593
4.950186217,1.52820186,-0.252330441
4.914405666,1.488565677,-0.1747202
4.870298563,1.453514724,-0.285699096
4.818322288,1.411422837,-0.392553775
4.758754269,1.36785003,-0.357310477
4.690919682,1.326459237,-0.36218455
4.615047217,1.27497569,-0.490035237
4.531661737,1.228606005,-0.463415299
4.440148403,1.171881123,-0.374182269
4.341024578,1.108246529,-0.390679132
4.234511455,1.055293308,-0.377181698
4.120121662,1.000630468,-0.364434123
3.999298568,0.942330936,-0.417299069
3.871828479,0.879719864,-0.440919577
3.737209028,0.811256344,-0.449917866
3.596523678,0.746838174,-0.539150897
3.450953369,0.691193052,-0.518904747
3.300715542,0.622508331,-0.450292795
3.144872946,0.546392763,-0.491909881
2.980936236,0.466471791,-0.472413588
2.808729211,0.39009753,-0.413924711
2.632087107,0.312793477,-0.408675709
2.449967699,0.230608009,-0.413549782
2.265040283,0.159973721,-0.299196529
2.073979486,0.066619488,-0.252330441
1.878633571,-0.008026407,-0.346812474
1.680682094,-0.103783856,-0.237708222
1.477140843,-0.182400118,-0.18634299
1.275736528,-0.266876326,-0.275201092
1.066496782,-0.362390079,-0.176594844
0.862595626,-0.435041418,-0.093360672
0.651076482,-0.594208511,-0.127479184
0.444382314,-0.635576809,-0.064116234
0.23960014,-0.90075532,0.070108241
0.030240426,-0.890310144,-0.001503141
-0.03267546,-0.261436286,-0.003002856
-0.007973233,-0.13945717,0.078731601
-0.017563201,-0.160220052,-0.099359532
-0.013667979,-0.077588433,-0.172470628
-0.015609966,-0.109542575,-0.169471199
-0.016431,-0.056994264,-0.238458079
-0.014728949,-0.070446272,-0.159723052
-0.017690667,-0.054178641,-0.054743016
-0.01597362,-0.043542257,-0.037496296
-0.017881867,-0.046635319,0.007120219
-0.017518213,-0.03597644,0.126722474
-0.018545441,-0.041780149,0.141344694
-0.018796625,-0.029242938,0.124847831
-0.019089048,-0.033348274,0.233202225
-0.019962567,-0.030472664,0.132346405
-0.019846348,-0.025512517,0.002996003
-0.02074611,-0.02707217,0.040113945
-0.021195991,-0.028024459,-0.037496296
-0.022065762,-0.028399375,-0.112107107
-0.023250449,-0.02703093,-0.137977188
-0.024180203,-0.02698219,-0.192716778
-0.025241173,-0.028920509,-0.329565754
-0.026144685,-0.025583752,-0.389929274
-0.026189673,-0.023056814,-0.368933267
-0.027029451,-0.023094305,-0.401552064
-0.027280635,-0.019202671,-0.311569176
-0.028341604,-0.027555813,-0.189717348
-0.028847721,-0.015404766,-0.129353828
-0.028817729,-0.026089889,-0.094485459
-0.030358572,-0.02177085,-0.032622223
-0.028877713,-0.014688675,0.04723759
-0.031730709,-0.027825753,0.061484881
-0.029631264,-0.004948342,0.098602822
-0.031678223,-0.037438614,0.064859239
-0.031565753,0.004240864,-0.022499148
-0.030268596,-0.040482937,-0.07086495
-0.035127313,-0.001529102,-0.154474051
-0.02676702,-0.016578255,-0.204339568
-0.04104325,-0.05305764,-0.242207366
-0.016798403,0.082624678,-0.206964069
-0.111558379,-0.925642284,-0.284949238
-0.465045034,-1.754013013,-0.296572028
-0.807419624,-1.522145842,-0.122605111
-1.10606576,-1.610157514,-0.241457509
-1.413083436,-1.647315498,-0.040495726
-1.691233735,-1.669266865,0.152592555
-1.968053135,-1.651885732,-0.054743016
-2.227953254,-1.555224734,0.144344123
-2.483631987,-1.603630216,0.212206218
-2.728854731,-1.601358221,0.116974328
-2.959973699,-1.641646759,0.302938963
-3.181067815,-1.668010894,0.382423848
-3.389036647,-1.700070013,0.328434115
-3.588600198,-1.73595703,0.323560042
-3.773820037,-1.750983687,0.402295069
-3.94611329,-1.774502206,0.287941815
-4.104448978,-1.785419777,0.195709355
-4.250427929,-1.801241257,0.255323019
-4.384758707,-1.805901471,0.108350968
-4.506061674,-1.810599176,0.139095122
-4.614614259,-1.805481564,0.215955505
-4.708811884,-1.79241947,0.180337279
-4.788961969,-1.78261915,0.183336708
-4.856072997,-1.76607783,0.219329863
-4.911858266,-1.753214441,0.294690532
-4.956928864,-1.736538151,0.043863232
-4.990227571,-1.713773215,0.069733312
-5.012073052,-1.689257418,0.167214774
-5.022615268,-1.657247039,-0.136102544
-5.022596523,-1.629694418,-0.050993729
-5.012946571,-1.599862304,0.020242724
-4.992780646,-1.560623533,-0.183343561
-4.963193459,-1.525321386,-0.189717348
-4.925313462,-1.488920733,-0.20358971
-4.879200639,-1.451654023,-0.410175424
-4.82534986,-1.411699161,-0.512905888
-4.763513689,-1.367316534,-0.396303062
-4.69383084,-1.321003086,-0.46041587
-4.61631256,-1.272042727,-0.581142911
-4.530640184,-1.225778019,-0.434920718
-4.437184862,-1.17344716,-0.391428989
-4.336373984,-1.11203957,-0.446168579
-4.227270295,-1.051730486,-0.338189114
-4.110676084,-0.994596945,-0.311569176
-3.987783536,-0.933410556,-0.389929274
-3.857794112,-0.870582032,-0.31906775
-3.720854024,-0.803828131,-0.335564613
-3.577818045,-0.739811122,-0.485161164
-3.430654407,-0.67922085,-0.429296788
-3.278467095,-0.608968978,-0.393678561
-3.119471581,-0.534742989,-0.466414729
-2.951530929,-0.447616121,-0.446918437
-2.776384679,-0.372449092,-0.397802777
-2.596979555,-0.294582663,-0.432671146
-2.412558255,-0.215647722,-0.445793651
-2.225212727,-0.136814008,-0.27295152
-2.031014009,-0.050549448,-0.245581725
-1.834655862,0.026852084,-0.28719881
-1.633157821,0.126932321,-0.131978329
-1.43022391,0.192152813,-0.144725904
-1.22531427,0.30302315,-0.190842134
-1.015549663,0.37342124,-0.080238168
-0.810786234,0.486008695,-0.036746439
-0.595019462,0.603428825,-0.079488311
-0.395140994,0.681910117,0.016868365
-0.177507214,0.984359087,0.105726467
-0.007961986,0.647811452,-0.023249006
-0.002462188,0.111313296,0.002246146
-0.014777686,0.16047236,-0.021374362
-0.005686337,0.09901978,-0.193466635
-0.011778478,0.073349241,-0.215962357
-0.006211198,0.074807666,-0.201340138
-0.008899239,0.034819062,-0.160847839
-0.006979745,0.052027734,-0.082862669
-0.006586099,0.026548402,0.015368651
-0.00681104,0.0326258,0.037114515
-0.004944033,0.020159823,0.089979462
-0.00582505,0.021438288,0.259447234
-0.00434794,0.014970977,0.234327011
-0.004606622,0.009107281,0.187835853
-0.003646876,0.015975754,0.236576584
-0.003226986,0.008087508,0.079856387
-0.002923317,0.01158548,-0.020624505
-0.002139774,0.007971284,-0.006752143
-0.001881092,0.009242251,-0.090361243
-0.001153784,0.01010081,-0.156348694
-0.000868859,0.00515941,-0.16909627
-0.000250272,0.007176461,-0.246706511
0.000368314,0.004135887,-0.37380734
0.000488282,0.004090897,-0.367433552
0.000567012,-0.000186901,-0.344562902
0.000656988,-0.003632385,-0.308944675
0.000754462,0.004597035,-0.199840423
0.000656988,-0.000115667,-0.152974336
0.000739466,-0.000445593,-0.147350405
0.000780705,0.001998863,-0.10573332
0.000705725,-0.002263939,0.004495718
0.000956909,7.55e-05,0.044613089
0.001088124,-0.001664072,0.061859809
0.001114367,0.00043921,0.130096833
0.001230586,0.002812432,0.070483169
0.0011781,-0.002560123,-0.024373792
0.001133112,-0.000509329,-0.065990877
0.001335559,-0.000340617,-0.152224478
0.001470523,-0.007062871,-0.230584577
0.001489268,-0.004760884,-0.202839853
0.001478021,0.000173019,-0.235833578
0.00144428,-0.001622832,-0.316818178
0.001515511,-0.003182485,-0.275576021
0.001500515,-0.00360989,-0.256829586
0.001489268,-0.00360614,-0.235833578
0.001459276,-0.001750303,-0.193466635
0.001504264,-0.000992972,-0.164222197
0.001549252,-0.001105447,-0.155598837
0.001504264,-0.002065233,-0.181468917
0.001609236,-0.001604086,-0.135727616
