0.172774037,2.913170024,-0.087736742
0.341217056,4.558727721,-0.031872366
0.430091087,4.4801527,-0.095985173
0.547311383,3.897307353,-0.019499719
0.658147115,3.535164162,0.018743009
0.75609375,3.64890636,0.230202796
0.841548684,3.39365939,0.328059186
0.911636426,3.675664158,0.275569168
0.946832132,3.947272489,0.140969765
0.993331103,2.994969328,0.026241583
1.065818211,2.639679612,-0.021374362
1.114094213,2.62058136,-0.106858106
1.160162048,2.399133121,0.014243864
1.195691416,2.360887879,-0.250830727
1.22206945,2.217456035,-0.271076876
1.241871721,2.177662388,-0.197590851
1.247817651,2.100215865,-0.369683124
1.248781146,2.012237936,-0.058867232
1.241099425,1.948663328,-0.042370369
1.226287086,1.8377555,-0.071614808
1.203181938,1.746467057,0.042363517
1.171630269,1.628544539,-0.166471769
1.132569334,1.508458752,-0.283074595
1.086748934,1.389452724,-0.251955513
1.033460506,1.272445003,-0.286448953
0.974327371,1.157131904,-0.24708144
0.909162079,1.009984637,-0.18071906
0.837773431,0.878685094,-0.303320745
0.762999426,0.74636203,-0.422548071
0.684341448,0.606233201,-0.429296788
0.605304819,0.481108535,-0.484411307
0.518582719,0.312819721,-0.445043793
0.42864397,0.160352387,-0.374932126
0.330314935,-0.031721136,-0.416549212
0.229908949,-0.174286923,-0.335189684
0.133975533,-0.404095802,-0.380181128
0.029205699,-0.547617625,-0.310069461
-0.010852473,-0.196050831,-0.070115093
0.003000119,-0.035001657,-0.009376644
-0.000460217,-0.081892476,0.12222333
0.000705725,-0.026341083,0.112100255
0.0011781,-0.044018401,-0.014250717
0.000413302,-0.019442618,-0.130853542
0.001523009,-0.021504659,-0.260203944
0.00011713,-0.026832224,-0.295447242
0.001511762,-0.013035293,-0.309694532
0.000364565,-0.017774239,-0.28157488
0.000645741,-0.011269436,-0.259454087
0.000634494,-0.019903765,-0.199465495
0.000424549,-0.014133799,-0.132728186
0.000664486,-0.010883272,-0.072739594
0.00027084,-0.013009049,0.072357813
0.000435796,-0.010965753,0.143219337
-0.000115308,-0.020844806,0.19720907
-0.000126555,-0.014741163,0.163090558
-0.00010781,-0.011861804,0.10197718
-0.000392735,-0.020169956,0.11359997
-0.000415229,-0.010047208,0.020992581
-0.000591432,-0.010872024,0.094853535
-0.000546444,-0.016754466,0.113225041
-0.000610177,-0.011963031,0.014618793
-0.000651417,-0.009698535,0.03861423
-0.000317755,-0.01179057,-0.080988025
-0.00037399,-0.012090503,-0.20658914
-0.000587683,-0.006118082,-0.265078017
-0.000617675,-0.008761244,-0.253455227
-0.000580185,-0.010887021,-0.227210218
-0.00029901,-0.005544459,-0.215962357
-0.000276516,-0.013447701,-0.115856395
-0.000418978,-0.016709476,-0.14322619
-0.000325253,-0.00810139,-0.10835782
-0.000314006,-0.008138882,-0.054368088
-0.000385237,-0.010785793,-0.028123079
-0.000242774,-0.007767715,0.036364658
-6.28e-05,-0.007527768,-0.101234175
-0.000111559,-0.012277961,-0.119605682
-0.000156547,-0.009016187,-0.250080869
-6.66e-05,-0.005971864,-0.428921859
4.59e-05,-0.0078352,-0.348687117
8.41e-06,-0.008768742,-0.396677991
-0.00022028,-0.008273852,-0.337814185
-0.000119057,-0.007201591,-0.257204514
0.000102134,-0.00743029,-0.235083721
-7.03e-05,-0.008577535,-0.137602259
-0.000160296,-0.010789542,-0.138727045
-0.000643919,-0.010073452,-0.064116234
-0.001221266,-0.01300155,-0.001503141
-0.001468701,-0.015052344,0.034490014
-0.001873594,-0.009796013,0.085105389
-0.00177612,-0.012345446,0.023242153
-0.002375961,-0.013751384,0.007495148
-0.002158519,-0.010298402,-0.007502
-0.002495929,-0.019292651,-0.003002856
-0.002788352,-0.006631717,0.021742438
-0.00245469,-0.015449756,0.014243864
-0.003556899,-0.011190703,-0.013125931
-0.001978566,-0.007220336,-0.084362384
-0.003871816,-0.02361169,-0.086611956
-0.002297232,0.005766775,-0.176219915
-0.003470672,-0.032650929,-0.169471199
-0.003331959,0.004514553,-0.067490592
-0.00192608,-0.02855684,-0.099359532
-0.005633851,-0.001626581,-0.045744728
0.001418037,-0.003467421,-0.041995441
-0.009285387,-0.05341756,-0.038621082
0.008462427,0.106233176,-0.028872936
-0.054805866,-0.845668824,-0.060741876
-0.29862648,-1.809425687,-0.043495155
-0.52478176,-1.678516058,-0.018000004
-0.713435692,-1.791129757,-0.003752713
-0.895712558,-1.920003589,-0.081737883
-1.04415086,-2.001487963,0.036364658
-1.182931712,-2.115597579,0.062234738
-1.295323283,-2.141759259,-0.023249006
-1.395050698,-2.183802407,0.152967483
-1.482567587,-2.168764502,0.078356672
-1.557439066,-2.195454815,-0.011626216
-1.62077859,-2.186696763,0.062984595
-1.668079849,-2.167193602,-0.035996581
-1.705116319,-2.147409253,-0.055867803
-1.729717323,-2.113025651,-0.028498007
-1.746167978,-2.07895698,-0.095235316
-1.752166394,-2.03283099,-0.134227901
-1.748406137,-1.983439478,-0.143976047
-1.737117868,-1.918417692,-0.182593703
-1.716693262,-1.852488608,-0.196091136
-1.688613177,-1.77978853,-0.149599977
-1.651816644,-1.698292908,-0.170595985
-1.606363647,-1.608065479,-0.142101404
-1.553783781,-1.509113741,-0.087736742
-1.49316229,-1.396773731,-0.127479184
-1.425882556,-1.293637924,-0.117731038
-1.352851841,-1.181350402,-0.187092848
-1.27257429,-1.052709018,-0.202089996
-1.187006886,-0.933028141,-0.24708144
-1.096254601,-0.812128785,-0.396303062
-1.005014945,-0.705120089,-0.349811903
-0.909283974,-0.567638172,-0.389554346
-0.807592078,-0.434891451,-0.41130021
-0.700269169,-0.275679368,-0.360309907
-0.584825904,-0.130264215,-0.393303633
-0.471759511,0.008139997,-0.365558909
-0.349886694,0.174876656,-0.354685976
-0.234604637,0.30702351,-0.291323026
-0.111160984,0.605727064,-0.268827304
-0.002874579,0.488396914,-0.257579443
0.008027542,0.062086746,-0.200965209
-0.003358202,0.066724465,-0.216712215
0.002583979,0.051604078,-0.167971484
-0.00143496,0.01896009,-0.143601118
0.001005646,0.031684759,-0.145475762
-0.000553942,-0.002226447,-0.155973765
6.46e-05,0.019841144,-0.17771963
0.000615749,0.003472285,-0.16047291
-0.000422727,0.005035687,-0.184093418
0.000739466,0.000919103,-0.182218774
6.09e-05,-0.003954813,-0.192341849
0.000713223,-0.000962978,-0.164597126
0.000668235,-0.001022965,-0.071239879
0.000810697,0.002186321,-0.019499719
0.000949411,-0.005551958,0.049112234
0.001046885,-0.000385607,0.107226182
0.001324312,-0.001116694,0.1597162
0.001279324,-0.001007968,0.17696292
0.001590491,-0.000719283,0.16833956
0.001646727,-0.001352892,0.212581147
0.001777942,0.002021358,0.178462635
0.002059118,-0.005773158,0.128597118
0.001939149,-0.003962311,0.080606244
0.001774193,-0.001502858,-0.012751002
0.001999134,-0.003362445,-0.048369229
0.002017879,0.000577929,-0.080613097
0.001740452,-0.005776908,-0.109107678
0.001849173,-0.005015827,-0.147350405
0.001804185,0.000491698,-0.138352117
0.001586742,-0.00271009,-0.135352687
0.001699213,-0.00500083,-0.187092848
0.001687966,-0.004427208,-0.127854113
0.001612985,0.00043921,-0.11998061
0.001807934,0.000491698,-0.145850691
0.002568983,-0.000610557,-0.131228471
0.002977625,-0.000531824,-0.171720771
0.003315036,-0.000588062,-0.193466635
0.003911129,-0.001277908,-0.240707652
0.003862391,0.002096341,-0.280450094
0.004837134,0.005039436,-0.305195388
0.004878373,-0.003347448,-0.343813044
0.005639422,0.00803502,-0.350936689
0.005631924,-0.002893799,-0.392553775
0.005466968,0.001219036,-0.36818341
0.006831607,0.000604173,-0.299571458
0.005388239,-0.000295627,-0.251580584
0.007866334,0.007386414,-0.172095699
0.005414482,-0.011824312,-0.09973446
0.007900075,0.025903545,-0.026998293
0.006636659,-0.025460029,0.001496289
0.006119296,0.03348061,0.055111093
0.009639616,-0.024054092,0.091854105
0.002160341,0.010929376,0.074232456
0.015772996,0.031568535,0.098227893
-0.008576824,-0.10668946,0.062609667
0.094727147,1.190833157,0.04723759
0.424388843,2.164022922,0.071233027
0.725621797,1.901978713,0.107601111
0.9942871,2.094603364,0.128972047
1.259353354,2.211037463,0.16833956
1.488830256,2.358027265,0.319810755
1.712293747,2.492708556,0.339681976
1.915790009,2.474150184,0.368176557
2.112965441,2.575887553,0.470907021
2.292115633,2.638584856,0.428165149
2.45397914,2.762258594,0.50577539
2.602597394,2.83829543,0.636250578
2.737175606,2.881778257,0.506900176
2.862343803,2.930798603,0.411293358
2.970386522,2.970251077,0.311937252
3.064471677,3.007873957,0.120348687
3.143913199,3.003067527,0.138345264
3.209805799,2.98498155,0.096728178
3.263844029,2.963183899,-0.058867232
3.306597739,2.907501285,-0.185968061
3.339851458,2.801077459,-0.351686547
3.363226535,2.707978169,-0.415424426
3.377622734,2.626343829,-0.364059194
3.384877068,2.496386488,-0.349811903
3.385885552,2.344773964,-0.346062616
3.378826166,2.235560758,-0.39967742
3.362780403,2.150203496,-0.525653464
3.338816731,2.050993065,-0.491909881
3.307887399,1.964503555,-0.452167438
3.27035231,1.881703223,-0.389554346
3.225128003,1.783542559,-0.303320745
3.172353189,1.698830154,-0.368558338
3.112189077,1.612633078,-0.388804488
3.044508199,1.513107717,-0.401926993
2.969914147,1.425377233,-0.457041512
2.887874561,1.337380558,-0.458166298
2.798190744,1.236344283,-0.462665442
2.702002394,1.140463112,-0.504282528
2.599493214,1.053268758,-0.514030674
2.489635974,0.950256673,-0.477287661
2.37456761,0.852350952,-0.472413588
2.255337845,0.766078894,-0.442419292
2.133581247,0.675615267,-0.338189114
2.007265853,0.571564663,-0.280075165
1.872080302,0.459539583,-0.246331582
1.730716382,0.351121201,-0.240332723
1.582349311,0.252593118,-0.243707081
1.432272692,0.156442007,-0.263203374
1.277134909,0.042197421,-0.283824452
1.119440301,-0.050965605,-0.163472339
0.957726755,-0.17735374,-0.121480325
0.790768343,-0.254575312,-0.106108248
0.626288028,-0.378279045,-0.023249006
0.451662891,-0.498443564,-0.065615949
0.289563197,-0.612793127,-0.060366947
0.112025079,-0.89423552,-0.044619942
-0.020352464,-0.543328579,-0.094860387
-0.019921328,-0.063716519,-0.048744157
-0.010740002,-0.123391994,-0.03074758
-0.017297021,-0.065433637,-0.047619371
-0.011729741,-0.049679641,-0.020249576
-0.015677449,-0.054358601,-0.007876929
-0.013214349,-0.023544205,0.019867795
-0.014728949,-0.050418227,0.037864373
-0.014279068,-0.024567728,0.052861521
-0.013874175,-0.026153625,0.059610237
-0.014983882,-0.019371383,0.00112136
-0.013975398,-0.016222084,-0.069740164
-0.01483767,-0.021737107,-0.109857535
-0.014372793,-0.018467834,-0.165346983
-0.0147252,-0.017305593,-0.177344701
-0.014766439,-0.019217668,-0.103483747
-0.014968886,-0.016218335,-0.104983462
-0.015313795,-0.014321257,-0.120730468
-0.015298799,-0.017699255,-0.069740164
-0.015639959,-0.012266714,-0.115106537
-0.015831158,-0.012251717,-0.148100263
-0.015996114,-0.013773879,-0.109857535
-0.01620231,-0.013436454,-0.146225619
-0.016341023,-0.012795346,-0.190842134
-0.016018609,-0.014336254,-0.199465495
-0.015868648,-0.012023018,-0.229459791
-0.016026107,-0.012202978,-0.251580584
-0.015789919,-0.013196507,-0.20958857
-0.015654955,-0.009649796,-0.148100263
-0.016172318,-0.017474305,-0.126354398
-0.016757164,-0.014523712,-0.119605682
-0.016963359,-0.012757855,-0.094860387
-0.017668173,-0.019086447,-0.115481466
-0.018226775,-0.009706034,-0.127854113
-0.018421724,-0.01309528,-0.093735601
-0.018946585,-0.0141263,-0.097859817
-0.01896533,-0.014771157,-0.067115663
-0.020033798,-0.016480776,-0.049494015
-0.019407714,-0.006474252,-0.076113952
-0.02040495,-0.019750049,-0.060741876
-0.020457436,-0.006174319,-0.058117375
-0.0202175,-0.026566033,-0.081362954
-0.02195704,-0.006114332,-0.067115663
-0.019388969,-0.009788515,-0.06224159
-0.023392911,-0.027608301,-0.098234746
-0.019261502,0.011840423,-0.101609104
-0.023280441,-0.055738294,-0.098234746
-0.020599899,0.037949616,-0.092610815
-0.020491177,-0.078424497,-0.059992018
-0.026459601,0.0613969,-0.032997152
-0.00961155,-0.144417317,-0.032622223
-0.198704117,-1.56364911,-0.054368088
-0.553615396,-1.886980935,-0.038996011
-0.844920971,-1.593185039,-0.022499148
-1.130423078,-1.733366356,-0.052493444
-1.400636723,-1.679348372,0.048737305
-1.649402281,-1.748831666,0.136095692
-1.89229689,-1.685811935,0.052486592
-2.120322926,-1.635674338,0.098602822
-2.343801412,-1.66249962,0.104601681
-2.548553593,-1.659114124,0.094478606
-2.741455153,-1.712247304,0.179212492
-2.919259451,-1.729186036,0.190835282
-3.085411825,-1.768567276,0.267320737
-3.239151227,-1.779676055,0.197958927
-3.377212269,-1.781483153,0.191960068
-3.502436701,-1.779016201,0.18558628
-3.612181471,-1.765462966,0.053611378
-3.708366071,-1.760165395,0.136470621
-3.790900527,-1.742135655,0.034115085
-3.86068085,-1.71977188,0.085480317
-3.91733214,-1.686085624,0.137220478
-3.960933126,-1.655301222,-0.116981181
-3.992987162,-1.626203944,0.1192239
-4.01412408,-1.584951871,0.127097403
-4.02461381,-1.54678911,0.042363517
-4.024471348,-1.502755156,0.224203936
-4.013936629,-1.455560654,0.042738446
-3.993815693,-1.41857888,-0.083987455
-3.964985806,-1.37663696,-0.459291084
-3.927278263,-1.32507468,-0.434920718
-3.880959245,-1.272080219,-0.269202233
-3.825451403,-1.216720034,-0.468289373
-3.760735992,-1.156084772,-0.147725334
-3.687652791,-1.098595061,-0.242207366
-3.606198051,-1.034229379,-0.396677991
-3.516757919,-0.970204871,-0.222711074
-3.419411126,-0.910874319,-0.310819319
-3.315248632,-0.838789104,-0.27857545
-3.203610612,-0.770246852,-0.325441538
-3.083810997,-0.699342624,-0.528652893
-2.958174174,-0.628888297,-0.589766271
-2.828383448,-0.570712488,-0.633632929
-2.695098645,-0.499103417,-0.562021548
-2.554971898,-0.417735268,-0.429671716
-2.407077202,-0.333517752,-0.26132873
-2.251077147,-0.242956647,-0.202089996
-2.090218375,-0.172104908,-0.385805059
-1.926131706,-0.08519924,-0.431921289
-1.756432768,-0.007973919,-0.543275113
-1.584443185,0.0807276,-0.592765701
-1.404899347,0.17499288,-0.49790874
-1.225464231,0.242972758,-0.323191966
-1.039843247,0.3556202,-0.238083151
-0.854064806,0.410046843,-0.222711074
-0.667382853,0.547000127,0.027741298
-0.474091395,0.598952321,0.069733312
-0.293081695,0.771012796,0.127472332
-0.090762621,0.970888334,0.256072876
0.019484516,0.380912074,0.215205648
0.000683231,0.036648655,0.08772989
0.001046885,0.131191374,-0.131228471
0.00330004,0.03168101,-0.128229042
-0.000175292,0.052470135,-0.120355539
0.003839897,0.028914125,-0.156348694
0.000765709,0.02332037,0.132721334
0.003345028,0.020913405,0.235076869
0.001597989,0.002872418,0.178087706
0.002568983,0.021910683,0.2433253
0.002827665,0.00066416,0.146968624
0.00216409,0.008552405,0.002996003
0.003228809,0.002081344,-0.037496296
0.002797673,0.002752445,-0.012001145
0.003341279,0.000855367,-0.094485459
0.003236307,-0.002725086,-0.085112241
0.003464996,0.006745307,-0.064116234
0.003637451,-0.003396187,-0.158598266
0.004076085,-0.002488889,-0.065990877
0.005167047,0.007776328,-0.022874077
0.006096801,0.007018996,-0.071239879
0.006801615,7.93e-05,-0.0911111
0.007592656,0.004038409,-0.188967491
0.007945063,-0.001574092,-0.36218455
0.008661124,-0.00383484,-0.445793651
0.009148496,-0.000321871,-0.384305344
0.008983539,0.004289603,-0.369683124
0.010258203,0.003517275,-0.259829015
0.009437169,-0.003489916,-0.107233034
0.011075487,0.010205787,-0.163472339
0.010528131,-0.012315453,-0.144350976
0.010944271,0.015833285,-0.081362954
0.012252676,-0.01192554,-0.161597696
0.010164477,-0.003208729,-0.22683529
0.014400859,0.005868002,-0.231709363
0.009302205,-0.020957281,-0.254954942
0.01549557,0.036948588,-0.320192536
0.009752086,-0.057894064,-0.282699666
0.014370867,0.084960408,-0.202464924
0.013898491,-0.130935316,-0.160847839
0.010037011,0.32905361,-0.016875218
0.25588584,1.84238572,0.089229604
0.635229417,1.907639954,0.115849542
0.946820885,1.666474851,0.14246948
1.270240479,1.80448915,0.089979462
1.571289731,1.722817318,0.108350968
1.857024278,1.77450332,0.177712778
2.135984363,1.640421896,0.196834141
2.404619674,1.635214305,0.272569739
2.672460196,1.662317026,0.380549204
2.922222991,1.666441108,0.391422137
3.163018154,1.718307071,0.422916147
3.388213687,1.718936931,0.48852867
3.603253151,1.787565414,0.371175987
3.808496453,1.809797969,0.42216629
4.00076818,1.831254446,0.351304766
4.181133051,1.859946813,0.125972617
4.345343438,1.860981583,0.257197662
4.49609113,1.880451002,0.118848972
4.634114682,1.892883237,0.185961209
4.761131141,1.901472576,0.454785087
4.877365447,1.903238433,0.187460924
4.980065827,1.895485158,0.252323589
5.069622178,1.883701529,0.389922422
5.147312912,1.86877235,0.264321307
5.212249514,1.84778077,0.193459783
5.264398243,1.820749283,-0.013875788
5.304696352,1.80331941,-0.033747009
5.332562743,1.778837356,-0.200215352
5.347813716,1.740059732,-0.231709363
5.351446506,1.700371061,-0.004502571
5.344357129,1.668806832,-0.241832438
5.327186663,1.634543204,-0.235833578
5.299755157,1.599938402,-0.242207366
5.261856415,1.564501285,-0.455916725
5.214708865,1.514149986,-0.376056912
5.159167282,1.473932682,-0.401552064
5.095760275,1.425980849,-0.460040941
5.024829006,1.369630884,-0.538026111
4.945499955,1.322196435,-0.578143482
4.857803113,1.262434729,-0.482911592
4.761918433,1.206043524,-0.395178276
4.657902151,1.148287621,-0.282324737
4.546556554,1.084739258,-0.312693962
4.427686693,1.028303062,-0.359934978
4.301877416,0.96335251,-0.31044439
4.170298412,0.902361078,-0.406801066
4.032162389,0.836387004,-0.493784524
3.887454352,0.763248273,-0.433795932
3.737865104,0.706054746,-0.418798784
3.584729293,0.641362887,-0.494534382
3.427270873,0.57234449,-0.44879308
3.26297051,0.494691763,-0.373057483
3.09093219,0.402061119,-0.400802207
2.911684524,0.326549167,-0.31606832
2.729186466,0.252956787,-0.245206796
2.542785689,0.168862994,-0.266577732
2.352429706,0.099252229,-0.297321885
2.158455929,0.002816181,-0.292447812
1.95891862,-0.074979014,-0.274826163
1.75916387,-0.156275929,-0.289448383
1.552900837,-0.256318675,-0.199465495
1.347563811,-0.319874537,-0.123354969
1.137589259,-0.437613346,-0.13722733
0.927168574,-0.49338219,-0.121480325
0.717778868,-0.630024294,-0.085112241
0.500456256,-0.703890363,-0.101609104
0.29928063,-0.8592633,-0.101984033
0.075993344,-1.085949124,-0.079488311
-0.056864072,-0.488313318,-0.097484888
-0.040319691,-0.066704604,-0.086237027
-0.03786409,-0.166766096,-0.070490022
-0.041913021,-0.069617706,-0.08548717
-0.037028061,-0.080778973,-0.07686381
-0.041151972,-0.060421002,-0.03337208
-0.037477942,-0.051111823,-0.047244442
-0.04006101,-0.053927446,-0.079113382
-0.038396449,-0.032523458,-0.040495726
-0.039011287,-0.046909008,-0.06824045
-0.039236227,-0.027593305,-0.151474621
-0.038625139,-0.039924311,-0.100859247
-0.039742344,-0.029659095,-0.111732179
-0.038827585,-0.028271904,-0.188592562
-0.039487411,-0.027960723,-0.115856395
-0.039393686,-0.0231168,-0.110607393
-0.039989778,-0.033198308,-0.153724193
-0.040949525,-0.028703058,-0.149599977
-0.041718072,-0.026858468,-0.142476332
-0.042677819,-0.026693505,-0.156723623
-0.043390131,-0.026011156,-0.16909627
-0.043858757,-0.028541843,-0.121480325
-0.044855993,-0.030183978,-0.151099692
-0.044897233,-0.017571784,-0.155223908
-0.045343365,-0.027289622,-0.113606822
-0.046025685,-0.023570449,-0.149974906
-0.045478329,-0.023034319,-0.123729897
-0.047236615,-0.022779375,-0.073489451
-0.045470831,-0.013755133,-0.100484318
-0.04770899,-0.03700746,-0.078738453
-0.046464319,-0.005964366,-0.035246724
-0.046936694,-0.041716413,-0.089236457
-0.048698729,-0.000561818,-0.113231894
-0.044953468,-0.03121125,-0.128229042
-0.051952869,-0.024983885,-0.190842134
-0.042074228,0.010978115,-0.195716208
-0.055431951,-0.088997145,-0.191217063
-0.037174272,0.140564289,-0.176594844
-0.088925606,-0.7727288,-0.206214211
-0.417691289,-1.891296225,-0.188592562
-0.782792377,-1.665780141,-0.115856395
-1.093289134,-1.695552268,-0.139476903
-1.418789429,-1.749682727,-0.004502571
-1.710818563,-1.703706704,0.109475754
-1.998498846,-1.694041354,0.114349827
-2.272855146,-1.558580237,0.166089988
-2.543533668,-1.606475833,0.161215915
-2.807977587,-1.596480556,0.216330434
-3.05562594,-1.619999075,0.241450657
-3.29370682,-1.647304251,0.282317885
-3.516236807,-1.666709934,0.32993383
-3.730747661,-1.716363888,0.257947519
-3.933415393,-1.736834335,0.262071735
-4.124277492,-1.767195081,0.247824445
-4.301418214,-1.771934027,0.227203366
-4.463544152,-1.77996849,0.269570309
-4.612672272,-1.786544527,0.206957216
-4.749424909,-1.792906861,0.196834141
-4.875702813,-1.801046301,0.196834141
-4.989380294,-1.799617869,0.137595407
-5.089685057,-1.798211931,0.195334427
-5.176950763,-1.793180551,0.226828437
-5.251728516,-1.790511144,0.193834712
-5.313455966,-1.779012452,0.188960639
-5.362361801,-1.7677837,0.212581147
-5.399540733,-1.754646622,0.156341842
-5.423440672,-1.732301593,0.042738446
-5.434691451,-1.71473675,0.032990299
-5.434099108,-1.688297632,-0.013125931
-5.422091029,-1.657749427,-0.109857535
-5.400163069,-1.62478676,-0.182968632
-5.368037802,-1.589210923,-0.275201092
-5.326153863,-1.554463653,-0.295822171
-5.275680941,-1.517699331,-0.328815896
-5.217263867,-1.482067258,-0.36518398
-5.15094388,-1.441445044,-0.305195388
-5.076199868,-1.398457107,-0.3393139
-4.992998089,-1.347805874,-0.383180558
-4.901053619,-1.296989678,-0.36818341
-4.800156513,-1.245026237,-0.408675709
-4.691333999,-1.182722597,-0.431921289
-4.575017215,-1.12390568,-0.415424426
-4.45101496,-1.064961293,-0.413549782
-4.320391954,-1.002473943,-0.418798784
-4.183894249,-0.938186993,-0.416174283
-4.040667071,-0.870608276,-0.422548071
-3.891044082,-0.799647811,-0.355060905
-3.737120978,-0.738000275,-0.345312759
-3.579917491,-0.673323412,-0.389179417
-3.417405405,-0.592206457,-0.32469168
-3.247316571,-0.51203804,-0.355060905
-3.069508524,-0.422470464,-0.387679702
-2.886455613,-0.348956817,-0.35656062
-2.700920857,-0.272770015,-0.35956005
-2.510831054,-0.184552139,-0.318692821
-2.318270654,-0.106385777,-0.285324167
-2.119906785,-0.013376467,-0.247456368
-1.918813638,0.057647734,-0.231709363
-1.715216152,0.163542927,-0.250455798
-1.506936152,0.236696654,-0.234333864
-1.300680618,0.335854597,-0.198340709
-1.086555912,0.435979824,-0.179969202
-0.878725794,0.501785186,-0.185593133
-0.661620625,0.661345941,-0.125229612
-0.451357399,0.695812024,-0.083237598
-0.240917969,0.991894911,-0.051743587
-0.032064371,0.892264574,0.046862661
0.021478989,0.167607023,0.099352679
-0.003736852,0.087374871,0.132721334
0.006734133,0.112674243,0.170964061
0.00182293,0.027429456,0.196834141
0.003592463,0.062874071,0.142094551
0.003731176,0.015837034,0.059235308
0.002628967,0.037574699,0.00974472
0.00462719,0.012541518,-0.06824045
0.002823916,0.013336341,-0.11435668
0.00473966,0.014746027,-0.143601118
0.003494989,-0.003448675,-0.136102544
0.004353512,0.011697955,-0.119230753
0.004458484,0.001185294,-0.139101974
0.004342265,0.002253806,-0.109857535
0.004990844,0.001665187,-0.090736172
0.004998342,-0.000558068,-0.075739024
0.005395737,0.000544186,-0.073114523
0.005376992,0.001848896,-0.120730468
0.006273005,0.00592424,-0.129353828
0.007292736,0.002433766,-0.154848979
0.007903824,0.00326983,-0.162347553
0.008927304,0.007513886,-0.133478043
0.009710847,-0.000921738,-0.155598837
0.009808321,0.001057822,-0.187842705
0.01049439,0.004158382,-0.217837001
0.010231959,-0.000745527,-0.250830727
0.011307925,0.005853005,-0.276700807
0.011169212,-0.004742138,-0.259454087
0.011412898,0.007015247,-0.210338427
0.012518856,-0.007460283,-0.178094559
0.011412898,0.00623542,-0.118105967
0.013890993,0.003607255,-0.03337208
0.011112977,-0.017238108,0.010869506
0.014562066,0.02422017,0.025491725
0.011900269,-0.030693865,0.03861423
0.01329865,0.039115606,0.020992581
0.0151919,-0.038604605,-0.042370369
0.009279711,0.031755993,-0.113606822
0.022127568,-0.007883939,-0.211838142
-0.003620632,-0.03692123,-0.272576591
0.137574582,1.349287909,-0.302945816
0.506016038,2.004334694,-0.274826163
0.832689773,1.622575866,-0.140976617
1.140884638,1.749567617,-0.124854683
1.448419678,1.694623589,-0.022499148
1.727259794,1.704093983,0.125597688
2.003108201,1.652332997,0.089979462
2.264391704,1.551330465,0.148468339
2.527246042,1.597051544,0.235076869
2.773964641,1.570387476,0.250448945
3.006913127,1.606795627,0.254573161
3.230492836,1.633253491,0.247449516
3.443537827,1.674040668,0.196459213
3.646902875,1.698192795,0.154467198
3.832448878,1.698867645,0.179212492
4.003523702,1.718325817,0.167214774
4.160547237,1.725970366,0.187085995
4.306158785,1.744326283,0.199083714
4.441250612,1.746508298,0.129721904
4.56270354,1.739354889,0.128972047
4.669280396,1.738492581,0.120348687
4.762334573,1.725535463,0.110225612
4.842837065,1.71696112,0.212956075
4.910937831,1.712499613,0.268820452
4.967127993,1.699006364,0.272569739
5.010241608,1.675172916,0.242950371
5.039690082,1.649851049,0.160840986
5.056973018,1.629459335,0.052861521
5.062360345,1.598277521,-0.050993729
5.055975781,1.56676953,-0.112482036
5.039176468,1.534946609,-0.23545865
5.011819942,1.503941007,-0.329190825
4.974269857,1.468286438,-0.385805059
4.928460704,1.429418834,-0.456666583
4.875026065,1.404273178,-0.41429964
4.81308867,1.355159103,-0.39405349
4.742483565,1.30882316,-0.355060905
4.663240741,1.269891821,-0.234708792
4.574865328,1.209039107,-0.245206796
4.477825953,1.159152704,-0.27295152
4.372928653,1.099522219,-0.264703088
4.26016968,1.038602021,-0.308194818
4.139980168,0.978986532,-0.320192536
4.013859723,0.908520957,-0.311194247
3.881478431,0.850900025,-0.31606832
3.742270191,0.785285871,-0.343063187
3.597595895,0.720080376,-0.385805059
3.449333797,0.660753573,-0.424047786
3.297075254,0.590078045,-0.442419292
3.138597103,0.508964838,-0.43154636
2.971904871,0.420739464,-0.377931556
2.797392205,0.344533916,-0.342313329
2.619381712,0.264931623,-0.37680677
2.436782431,0.186611546,-0.34493783
2.251802529,0.113754003,-0.294322456
2.062005148,0.015098449,-0.282324737
1.867851418,-0.051857907,-0.208088855
1.671965646,-0.146925509,-0.172095699
1.469886509,-0.236676794,-0.196466065
1.26970812,-0.320800581,-0.186717919
1.061829264,-0.424839937,-0.204339568
0.858482962,-0.484110502,-0.232084291
0.649138244,-0.638429924,-0.216337286
0.440779515,-0.685635673,-0.220086573
0.239116518,-0.942790969,-0.188967491
0.026633878,-0.966286993,-0.133103115
-0.05020958,-0.268327253,-0.064116234
-0.024303921,-0.089102122,0.020242724
-0.032154348,-0.145560813,0.056985736
-0.029541288,-0.04842742,0.131596548
-0.029012677,-0.088292302,0.172463776
-0.03063225,-0.041971356,0.160840986
-0.028229134,-0.047760068,0.14809341
-0.030763465,-0.039883071,0.065609096
-0.028656521,-0.036366353,-0.015000574
-0.030223607,-0.036707527,-0.068990307
-0.029530041,-0.024155319,-0.107233034
-0.02975873,-0.03220103,-0.106858106
-0.030081145,-0.019697561,-0.074989166
-0.029698746,-0.030011517,-0.065615949
-0.030459795,-0.021737107,-0.093360672
-0.030351074,-0.020473638,-0.077613667
-0.030684736,-0.025523765,-0.051743587
-0.030804704,-0.019671317,-0.052868373
-0.030992154,-0.022070783,-0.095235316
-0.031693219,-0.026416066,-0.169471199
-0.032701703,-0.026648515,-0.222711074
-0.033417764,-0.02212702,-0.268452375
-0.034287534,-0.023435479,-0.280075165
-0.034459989,-0.017249356,-0.268077447
-0.034793651,-0.020012491,-0.253830156
-0.035356002,-0.017234359,-0.254580014
-0.035198544,-0.018284125,-0.265827875
-0.03649945,-0.020443645,-0.278200522
-0.035730903,-0.012859082,-0.283449523
-0.037028061,-0.02900674,-0.232834149
-0.036559434,-0.010729556,-0.171345842
-0.03699057,-0.028406874,-0.092235886
-0.038179007,-0.007861444,-0.001128212
-0.035734652,-0.023038068,0.056610808
-0.0400985,-0.023941617,0.097852965
-0.034999846,-0.000295627,0.128222189
-0.041009509,-0.058340215,0.095978321
-0.035832126,0.038984385,0.043488303
-0.039299961,-0.095644417,-0.000378355
-0.040447158,0.094239594,-0.095610245
-0.033245309,-0.283072723,-0.248956083
-0.271093751,-1.684522222,-0.373057483
-0.651029671,-1.815173158,-0.343063187
-0.959063329,-1.617299675,-0.32769111
-1.27439256,-1.766377763,-0.24108258
-1.569612102,-1.696279606,-0.016875218
-1.847350009,-1.729868384,0.108350968
-2.117484925,-1.602696674,0.178462635
-2.377220087,-1.594474753,0.211456361
-2.636044239,-1.615755019,0.247074587
-2.874402546,-1.604968668,0.279318455
-3.103973173,-1.656538447,0.295815318
-3.321595706,-1.674646918,0.308937823
-3.530336834,-1.721537737,0.245199944
-3.726515029,-1.73020206,0.199833571
-3.905623982,-1.747425729,0.180337279
-4.071513925,-1.759445555,0.153717341
-4.222835216,-1.769208383,0.20883186
-4.364000438,-1.787631785,0.191960068
-4.492805175,-1.786360818,0.157466628
-4.607922276,-1.7875643,0.220079721
-4.709048072,-1.778675027,0.116224471
-4.79543276,-1.773879844,0.066733882
-4.870128035,-1.769545808,0.165340131
-4.932474072,-1.755445195,0.175838134
-4.98227592,-1.739518738,0.199833571
-5.019462351,-1.721020353,0.223829008
-5.043778429,-1.700182488,0.177337849
-5.056551307,-1.675527972,0.070858098
-5.056813737,-1.650805972,0.001871217
-5.046132808,-1.617622103,-0.060741876
-5.025010885,-1.583714646,-0.181468917
-4.992833133,-1.550928189,-0.240332723
-4.951785222,-1.515599798,-0.333689969
-4.902733175,-1.481939786,-0.419548642
-4.84579696,-1.443818266,-0.410175424
-4.780837864,-1.401951329,-0.428921859
-4.70757846,-1.354891798,-0.375307055
-4.625583862,-1.305908944,-0.296946957
-4.534602887,-1.248445477,-0.300321315
-4.434830484,-1.186655472,-0.277450664
-4.32680651,-1.126935007,-0.286074024
-4.210748407,-1.063799051,-0.358060335
-4.087709648,-1.005979413,-0.367058624
-3.95906237,-0.94099137,-0.364059194
-3.823689368,-0.868564981,-0.394803347
-3.681665622,-0.802006037,-0.402301921
-3.535431738,-0.738438927,-0.440544649
-3.385658789,-0.672719796,-0.460790799
-3.23058099,-0.597031633,-0.449917866
-3.068661248,-0.512041789,-0.430046645
-2.897792619,-0.423538977,-0.365558909
-2.721431691,-0.346324903,-0.335939541
-2.54155794,-0.262770989,-0.334439827
-2.358092638,-0.188076355,-0.322442108
-2.172351686,-0.103187739,-0.300321315
-1.97992625,-0.018287874,-0.280450094
-1.786915968,0.055716913,-0.232084291
-1.588019741,0.160970999,-0.161222767
-1.387950073,0.232373866,-0.165721912
-1.185214859,0.354686658,-0.180344131
-0.978340738,0.423341385,-0.194591421
-0.776175374,0.541466358,-0.190842134
-0.562736737,0.647485275,-0.172095699
-0.364991455,0.750951009,-0.167221626
-0.148261187,1.045759179,-0.118855824
0.010936773,0.58947068,-0.10273389
0.009335946,0.049650763,-0.088861528
-0.001123792,0.134055737,-0.054743016
0.006996564,0.057460275,0.000746431
0.000559514,0.046538955,0.068983455
0.005298262,0.046463971,0.100477465
0.002407776,0.008822345,0.163465487
0.004211049,0.029289042,0.185961209
0.003817403,0.004593286,0.076856957
0.003367522,0.00870987,-0.028872936
0.004484727,-0.000355614,-0.096360102
0.003663694,0.008814847,-0.159723052
0.005002091,0.00533562,-0.16047291
0.004394751,0.003805961,-0.118855824
0.004780899,0.006959009,-0.058492303
0.004885871,0.00057418,-0.014625646
0.005114561,0.004293352,0.027366369
0.005545697,-0.000734279,0.039739016
0.005511956,0.001706428,0.042363517
0.006186778,0.004177128,0.063359524
0.007075293,0.001968869,0.008245005
0.008020044,0.003281078,-0.077613667
0.008803587,0.004042158,-0.16609684
0.009519648,0.00466452,-0.224960646
0.009504652,-0.003906074,-0.234708792
0.010123238,-0.00405979,-0.265452946
0.010539378,0.000341731,-0.296572028
0.010775566,0.003715981,-0.314943534
0.011532866,-0.003756107,-0.370807911
0.011090483,0.002699957,-0.390679132
0.012747545,0.006467869,-0.3393139
0.01117671,-0.00549572,-0.27295152
0.013118697,0.010033325,-0.180344131
0.01254135,-0.021962057,-0.065615949
0.012455122,0.021217088,0.002621075
0.014828246,-0.016113358,0.070858098
0.010595613,0.003408549,0.150717911
0.017677493,0.0166656,0.127847261
0.008421188,-0.041202777,0.161965772
0.019911903,0.079554111,0.169464346
0.005890606,-0.168741906,0.063734453
0.04165991,0.683181084,0.004495718
0.346630627,1.96771659,-0.10273389
0.70822639,1.752911873,-0.152224478
1.008881996,1.681535251,-0.226460361
1.324095008,1.766210165,-0.293572598
1.60958212,1.717219813,-0.164972054
1.886019121,1.738057677,-0.127104255
2.149945676,1.599462258,-0.091860958
2.409620854,1.632934812,0.067858669
2.662214151,1.626748688,0.186711066
2.896141128,1.641291703,0.276693954
3.122127702,1.688489954,0.357678554
3.335948738,1.711404856,0.35017998
3.541102064,1.751828364,0.277443812
3.730299602,1.756331112,0.27519424
3.904028726,1.779036062,0.226828437
4.063770293,1.788150284,0.137970335
4.210993915,1.805272725,0.159341271
4.348110207,1.822203959,0.154467198
4.471700071,1.811710043,0.164590273
4.581418598,1.807627202,0.208082002
4.676662197,1.803664333,0.165340131
4.758251901,1.796053526,0.196084284
4.827604837,1.791468296,0.240325871
4.885073411,1.774315862,0.208082002
4.930080277,1.751468444,0.206207359
4.961868132,1.732250219,0.204707644
4.981347988,1.711693542,0.194959498
4.989385866,1.688343736,0.158591414
4.985891788,1.657139428,0.090729319
4.97111694,1.624952837,0.021742438
4.945357492,1.587611144,-0.065615949
4.909565694,1.542302473,-0.189717348
4.865027455,1.507622688,-0.321692251
4.812203904,1.473782715,-0.395928133
4.751841094,1.431285919,-0.447293365
4.683725331,1.386742077,-0.520779391
4.606968101,1.33673945,-0.532777109
4.522011785,1.28401118,-0.544399899
4.428518974,1.225666658,-0.562396476
4.326272224,1.162729409,-0.502782813
4.216040083,1.100065848,-0.496409025
4.097957515,1.036967385,-0.485536093
3.97353912,0.973658967,-0.395553205
3.843365995,0.908535954,-0.3393139
3.706118488,0.835419719,-0.314943534
3.56281633,0.760320175,-0.314568606
3.41626378,0.702095627,-0.336689399
3.265988463,0.640103167,-0.391803918
3.110070886,0.56272413,-0.491909881
2.946599054,0.47304033,-0.522654034
2.774482005,0.388327924,-0.49790874
2.598042347,0.309340495,-0.499408455
2.416751471,0.223619563,-0.45179251
2.233271172,0.1526516,-0.351311618
2.045558241,0.056597967,-0.274451235
1.853117809,-0.021388435,-0.24970594
1.659327733,-0.116456037,-0.23245922
1.459655461,-0.204628923,-0.226085432
1.261861442,-0.287148067,-0.207713926
1.05631822,-0.400950251,-0.196091136
0.854925152,-0.463707541,-0.217837001
0.648302214,-0.616486056,-0.201340138
0.441671779,-0.670012899,-0.183718489
0.242299427,-0.922444245,-0.139101974
0.030626574,-0.9707485,-0.118855824
-0.049163606,-0.281306866,-0.105358391
-0.023437899,-0.083452129,-0.065615949
-0.030804704,-0.153370325,-0.083237598
-0.028487816,-0.049915839,-0.079863239
-0.027546814,-0.079942909,-0.086611956
-0.029530041,-0.041124045,-0.038246154
-0.027235646,-0.050965605,0.080231316
-0.029747483,-0.039586887,0.128597118
-0.027528069,-0.031327474,0.171713918
-0.029095155,-0.040944085,0.196834141
-0.028352851,-0.022704392,0.132346405
-0.028461573,-0.030813838,0.076482029
-0.028885211,-0.023885379,0.04161366
-0.0285478,-0.025490022,-0.021749291
-0.02926761,-0.022475693,-0.075739024
-0.029136395,-0.023427981,-0.112107107
-0.029560033,-0.021782097,-0.156723623
-0.029593774,-0.019851277,-0.193466635
-0.029837459,-0.026228608,-0.19796578
-0.030313584,-0.024608968,-0.21221307
-0.031258334,-0.023173038,-0.16609684
-0.032056873,-0.019862524,-0.155223908
-0.03278793,-0.023139295,-0.189717348
-0.033455254,-0.019974999,-0.12298004
-0.033279051,-0.018505326,-0.095235316
-0.034197558,-0.022187007,-0.112482036
-0.033935127,-0.015929649,-0.132353257
-0.034647439,-0.021403431,-0.156723623
-0.034954858,-0.011614359,-0.1747202
-0.034966105,-0.024009102,-0.218961787
-0.036060816,-0.01332023,-0.243707081
-0.034497479,-0.018632798,-0.259454087
-0.037320483,-0.027259629,-0.284949238
-0.034748663,-0.002518882,-0.250830727
-0.037507934,-0.039605632,-0.228335005
-0.036207027,0.011308042,-0.196840994
-0.035892111,-0.049162256,-0.162722482
-0.039382439,0.011383025,-0.138727045
-0.031625737,-0.032032317,-0.072739594
-0.046104414,-0.033172064,-0.05961709
-0.020146269,0.06894772,0.011994292
-0.13514715,-1.162402117,0.037864373
-0.49770266,-1.940552768,0.105351539
-0.833587713,-1.631014124,0.218954935
-1.138146039,-1.75218717,0.156341842
-1.447255662,-1.74696833,0.218580006
-1.725027311,-1.754264207,0.248574302
-1.999274891,-1.706147411,0.159341271
-2.258305239,-1.615293871,0.116224471
-2.516953187,-1.668314577,0.042738446
-2.760481379,-1.648316525,0.010119649
-2.990141983,-1.697423102,0.033740157
-3.211299832,-1.726167957,0.094103678
-3.420280896,-1.763700858,0.164215344
-3.619904431,-1.795418803,0.222329293
-3.801660185,-1.80334079,0.283442671
-3.96978079,-1.825580843,0.29806489
-4.123711391,-1.830162324,0.273319596
-4.265461459,-1.851896239,0.282692814
-4.397272902,-1.86106295,0.270320167
-4.514639409,-1.857598721,0.286817029
-4.618475739,-1.859274598,0.278193669
-4.708605688,-1.847955866,0.221954364
-4.784826811,-1.839913905,0.290191388
-4.848998615,-1.83175197,0.271819881
-4.900697463,-1.813249836,0.173588562
-4.940133299,-1.794751451,0.138345264
-4.966848744,-1.772440164,0.091854105
-4.981533616,-1.748295535,0.020617652
-4.98523014,-1.720697924,-0.052493444
-4.977297235,-1.688837512,-0.091860958
-4.9588746,-1.653827799,-0.148100263
-4.929954737,-1.61467151,-0.159348124
-4.890920045,-1.575518969,-0.167971484
-4.843341359,-1.537367456,-0.203964639
-4.787889752,-1.498503601,-0.190092277
-4.724902635,-1.454413409,-0.257579443
-4.653480245,-1.405134371,-0.319817607
-4.574083712,-1.353609583,-0.341938401
-4.486458101,-1.296850959,-0.467539515
-4.389711149,-1.237021768,-0.550773687
-4.285008798,-1.175370482,-0.550398758
-4.171964899,-1.107911738,-0.637757145
-4.051318008,-1.044659559,-0.692121806
-3.924706442,-0.980695038,-0.669626084
-3.79145538,-0.909280924,-0.696620951
-3.651279896,-0.838654134,-0.623884783
-3.506459389,-0.778007625,-0.532777109
-3.359007077,-0.714136833,-0.469414159
-3.20680102,-0.63399841,-0.335189684
-3.04801545,-0.555449633,-0.289073454
-2.880415958,-0.461390557,-0.256829586
-2.706113236,-0.37654693,-0.215962357
-2.527915293,-0.295958607,-0.253455227
-2.345619681,-0.215460264,-0.266577732
-2.161292107,-0.137728805,-0.272576591
-1.970984861,-0.046406619,-0.30182103
-1.779275486,0.039201837,-0.304445531
-1.582092556,0.142142688,-0.305945245
-1.383901142,0.209530198,-0.311569176
-1.183917702,0.326294223,-0.318692821
-0.9788656,0.398206976,-0.333689969
-0.77884092,0.511757967,-0.313443819
-0.567516725,0.635896603,-0.266577732
-0.371196067,0.728084845,-0.187092848
-0.157461258,1.031047451,-0.098984603
0.007468939,0.629560512,-0.02774815
0.011315423,0.056646706,0.047987447
-0.001108796,0.129736698,0.101602252
0.007652641,0.06688193,0.160466057
0.001174351,0.04305223,0.174713348
0.005823124,0.050175646,0.112475184
0.002891398,0.01410492,0.094103678
0.004289779,0.034965279,0.066358954
0.004428492,0.005541825,-0.048369229
0.004004854,0.020073592,-0.112107107
0.005178294,0.008417435,-0.132353257
0.00405734,0.002744947,-0.153349264
0.005302011,0.004589536,-0.133103115
0.00485213,0.003243586,-0.093735601
0.005279517,0.004210871,-0.038996011
0.005332003,-0.001750303,0.006370362
0.005504458,0.004330844,0.074232456
0.005905602,-0.000636801,0.114724756
0.005819375,-0.001041711,0.105351539
0.006550432,0.003521024,0.072357813
0.007521425,0.004821985,-0.017250146
0.008409941,0.00219007,-0.09710996
0.009279711,0.002857422,-0.181093988
0.009992023,0.0009341,-0.251580584
0.01000327,0.001087815,-0.274826163
0.010843048,0.003997168,-0.289448383
0.01079806,-0.003317455,-0.279325308
0.011626591,0.006400384,-0.246331582
0.011919014,-0.004078535,-0.251580584
0.011660332,0.007502638,-0.246331582
0.013253662,-0.001232918,-0.190842134
0.011626591,-0.004355974,-0.123729897
0.014303384,0.012009136,-0.082862669
0.012023986,-0.018400349,-0.026623364
0.014254647,0.024793792,0.058110522
0.013935981,-0.027589555,0.081356102
0.012383891,0.028685426,0.05586095
0.01731009,-0.015603472,-0.06224159
0.008653626,-0.001015467,-0.14322619
0.023405981,0.040386573,-0.200590281
-0.001307493,-0.125405296,-0.259079158
0.092548972,1.081608704,-0.268827304
0.443733735,2.029465354,-0.288323597
0.78536602,1.689022335,-0.12860397
1.089616927,1.765280372,-0.055867803
1.402216878,1.774949471,0.038989159
1.683062716,1.774788257,0.259447234
1.959435984,1.754486523,0.30668825
2.219977183,1.644868407,0.41654236
2.480893283,1.697401721,0.484029526
2.729992503,1.679038306,0.473156593
2.962408629,1.719278105,0.496777101
3.184739918,1.742200506,0.515898465
3.395854169,1.785600851,0.481405025
3.599369177,1.832611644,0.362177698
3.786332306,1.836162104,0.269945238
3.95823941,1.859823091,0.10497661
4.115041754,1.869694645,-0.032622223
4.259970982,1.890832443,-0.042745298
4.394864111,1.906114043,-0.052868373
4.517190558,1.90711882,0.051736734
4.62548821,1.899373043,0.157466628
4.719235954,1.892572056,0.200583428
4.800210821,1.889081582,0.343056334
4.868202866,1.877759101,0.399295639
4.924284307,1.864198367,0.402669998
4.968226453,1.847154659,0.437913295
4.998615928,1.818945934,0.409043786
5.017379723,1.789751178,0.301814177
5.024844002,1.769359464,0.176587992
5.020735087,1.737300346,0.084355531
5.005960239,1.697784136,-0.090361243
4.980189544,1.66031872,-0.224210789
4.94422904,1.619010409,-0.334814755
4.899154693,1.582317322,-0.493034667
4.845678814,1.541533894,-0.5470244
4.784502469,1.494511854,-0.622385068
4.715490693,1.447242369,-0.680499017
4.63844104,1.396040009,-0.630258571
4.553053588,1.344736421,-0.581142911
4.459560776,1.284333608,-0.511406173
4.358168801,1.222521108,-0.437920148
4.248570243,1.161387207,-0.430046645
4.130862576,1.088338457,-0.47766259
4.006346707,1.024096498,-0.521154319
3.876109848,0.96263267,-0.573269409
3.73931972,0.885287376,-0.626509284
3.596077546,0.811702495,-0.64488079
3.449206331,0.753541682,-0.687622662
3.299283421,0.689370957,-0.713492742
3.144389323,0.609712427,-0.731114391
2.982544562,0.520122356,-0.725865389
2.811829642,0.433332913,-0.64488079
2.636379723,0.35476539,-0.582267697
2.456292279,0.267998441,-0.467164586
2.272695761,0.192535228,-0.317942964
2.086152522,0.09511315,-0.215587429
1.893952026,0.011195567,-0.125604541
1.700608082,-0.074292916,-0.073489451
1.50108577,-0.173300892,-0.025873506
1.302871862,-0.246930763,-0.009001715
1.09925938,-0.368047571,-0.074989166
0.896479178,-0.430857349,-0.160847839
0.693631494,-0.57758096,-0.217837001
0.484166808,-0.653321612,-0.268452375
0.288644689,-0.835879752,-0.248581154
0.071674484,-1.040209299,-0.208088855
-0.04827884,-0.435506314,-0.184843275
-0.029203877,-0.064222656,-0.10573332
-0.028903956,-0.160328778,-0.058492303
-0.03184318,-0.058445192,-0.009001715
-0.027723018,-0.076381202,0.041238731
-0.031367055,-0.053889955,0.075732171
-0.028011692,-0.04397716,0.167964631
-0.030665991,-0.048633624,0.195709355
-0.028843972,-0.026592277,0.159341271
-0.02964626,-0.042181309,0.140969765
-0.029901193,-0.026809729,0.071607955
-0.029166387,-0.030060256,-0.032622223
-0.030201113,-0.025613745,-0.136852402
-0.029848706,-0.025872437,-0.238458079
-0.030182368,-0.023589195,-0.305570317
-0.030133631,-0.020867301,-0.313068891
-0.030755967,-0.024942644,-0.271451805
-0.030752218,-0.021219722,-0.219336716
-0.03089468,-0.02141093,-0.136852402
-0.031786945,-0.022321977,-0.040870654
-0.032720448,-0.022228248,0.043113374
-0.033350282,-0.023214279,0.042363517
-0.034238797,-0.027083418,-0.006002285
-0.034804898,-0.022550676,0.022117367
-0.034771157,-0.023000576,-0.003377784
-0.035550951,-0.019974999,-0.079863239
-0.035344755,-0.021414679,-0.09973446
-0.036263263,-0.025013878,-0.15184955
-0.035693413,-0.011224446,-0.224585718
-0.036548187,-0.027109662,-0.268827304
-0.036934335,-0.010793292,-0.292072884
-0.036315749,-0.026168621,-0.298446671
-0.038460182,-0.017489302,-0.282324737
-0.035599688,-0.014782404,-0.19796578
-0.039798579,-0.032350996,-0.145850691
-0.035640927,0.009332231,-0.07386438
-0.039371192,-0.05746291,0.008619934
-0.037815353,0.033938008,0.032615371
-0.036027075,-0.078889394,0.065609096
-0.044758519,0.044593138,0.050986877
-0.023302935,-0.105047325,0.032990299
-0.211368273,-1.498589832,-0.069365236
-0.591371675,-1.886339827,-0.06524102
-0.908346722,-1.637792617,-0.006002285
-1.220594267,-1.812676214,-0.019874647
-1.522419564,-1.763404674,0.114349827
-1.80001126,-1.804506781,0.134970906
-2.072418076,-1.7095704,0.159341271
-2.330155015,-1.674789387,0.215580576
-2.589305331,-1.723029906,0.230202796
-2.830182973,-1.710005303,0.338182261
-3.058171518,-1.764851852,0.405669427
-3.274856798,-1.789307662,0.548142333
-3.482476972,-1.843644325,0.624252859
-3.680098536,-1.867856439,0.583385631
-3.861029508,-1.882860601,0.5751372
-4.02764301,-1.900376705,0.439038082
-4.178949305,-1.908913556,0.324684828
-4.319019816,-1.93105613,0.221954364
-4.448488128,-1.937838371,0.06448431
-4.565026103,-1.938888138,0.048362376
-4.66773773,-1.935570126,0.040113945
-4.756795463,-1.928083042,0.072357813
-4.832731661,-1.920614703,0.187835853
-4.896479827,-1.907443883,0.238451227
-4.94774004,-1.889871542,0.271070024
-4.986201134,-1.869176145,0.299189676
-5.01242171,-1.843385632,0.258322448
-5.0262818,-1.81777508,0.165715059
-5.029281008,-1.787860484,0.140219908
-5.021767992,-1.754129237,0.08772989
-5.003157906,-1.719037044,-0.006002285
-4.974226796,-1.680150694,-0.023623934
-4.935345813,-1.63952848,-0.167221626
-4.88756843,-1.598160183,-0.331440397
-4.831666942,-1.555832099,-0.404926422
-4.767573867,-1.510680892,-0.587516699
-4.695862803,-1.462965257,-0.702244881
-4.615832687,-1.408002483,-0.747611254
-4.527134859,-1.349867915,-0.822222065
-4.430882777,-1.290406142,-0.825596424
-4.326690291,-1.22779507,-0.779855122
-4.21460239,-1.164126733,-0.720991316
-4.094948987,-1.094808403,-0.673000443
-3.968179962,-1.026993488,-0.597264845
-3.835509997,-0.958661189,-0.54102554
-3.695683171,-0.883917816,-0.482911592
-3.550229081,-0.8154318,-0.459291084
-3.402083201,-0.751028627,-0.479162305
-3.250117081,-0.678193579,-0.458916155
-3.093082299,-0.597417797,-0.504282528
-2.927338567,-0.504775905,-0.535026681
-2.754014337,-0.423182806,-0.554148045
-2.57685112,-0.339767611,-0.598389631
-2.394570505,-0.257312204,-0.556022688
-2.210764043,-0.178980878,-0.509156601
-2.021270332,-0.076737372,-0.463040371
-1.828844896,-0.002181457,-0.348312189
-1.632801665,0.102352789,-0.20958857
-1.432926946,0.182869878,-0.110607393
-1.234206922,0.284599748,-0.07386438
-1.028258807,0.378332647,-0.092235886
-0.828530299,0.463416221,-0.124104826
-0.618746946,0.613855256,-0.143976047
-0.418512322,0.667787009,-0.122230182
-0.212421744,0.983324317,-0.051743587
-0.017923106,0.805861294,-0.025498578
0.019728202,0.121038632,0.05886038
-0.00264589,0.099450935,0.143969195
0.00791882,0.09803375,0.109100826
0.00216409,0.029915153,0.129721904
0.005069573,0.060365879,0.121473473
0.00436101,0.008533659,0.082105959
0.00375367,0.032817007,0.113225041
0.005369494,0.008994806,0.075732171
0.003693686,0.014551071,0.022867225
0.005489462,0.013351337,0.024366939
0.004555958,0.002302545,0.025491725
0.005553195,0.009613419,0.019117938
0.005365745,0.001087815,-0.037496296
0.00542198,0.00470951,-0.07386438
0.005969335,-0.001041711,-0.118480895
0.00576314,0.002392525,-0.211838142
0.006276754,0.002253806,-0.262078588
0.006243013,-0.000153159,-0.268077447
0.006884094,0.003738476,-0.231709363
0.007967557,0.004319596,-0.176219915
0.008518662,-0.000306874,-0.087736742
0.009335946,0.002490003,-0.044619942
0.010007019,0.002621224,-0.046869514
0.009943286,-0.000479336,-0.021749291
0.011169212,0.004791991,-0.028498007
0.011109228,-0.004723392,-0.018749861
0.01136791,0.004120891,-0.026623364
0.012222684,-0.003583645,-0.11998061
0.011634089,0.001758916,-0.206214211
0.013471104,0.002587482,-0.263203374
0.011911516,-0.007651491,-0.311944105
0.014153424,0.013595033,-0.323566894
0.012796282,-0.021298455,-0.275950949
0.013666053,0.020823425,-0.183343561
0.015071931,-0.024473998,-0.107982892
0.011581603,0.01378999,-0.057367517
0.018509774,0.002834927,-0.026998293
0.008818583,-0.028579335,0.043113374
0.022228791,0.074631456,0.08173103
0.003423757,-0.168843134,0.042363517
0.059508947,0.83222168,0.015743579
0.385024238,2.007862659,0.022867225
0.739268193,1.736929178,0.145843838
1.041119733,1.747966723,0.128597118
1.356385231,1.806641171,0.099352679
1.63949547,1.783531312,0.22907801
1.916895967,1.802667055,0.180712207
2.179394149,1.67295341,0.148843268
2.438799398,1.721287658,0.178087706
2.690826596,1.721036464,0.204707644
2.924671094,1.747816756,0.285317315
3.147902146,1.782492793,0.343806192
3.358780209,1.820520584,0.403794784
3.563123748,1.872517767,0.441287654
3.752302542,1.882261849,0.525271683
3.926459053,1.907077579,0.580386201
4.085649515,1.912765064,0.555640907
4.231081111,1.927461795,0.550391905
4.366607823,1.944280553,0.436413581
4.490430125,1.945120366,0.323934971
4.600939693,1.944021861,0.24632473
4.69668191,1.935826184,0.098977751
4.779317588,1.928256618,0.113974899
4.849866459,1.921635591,0.164965202
4.907919878,1.902912256,0.15109284
4.953684043,1.878486439,0.160840986
4.986727818,1.855489055,0.140219908
5.007032456,1.833428962,0.13384612
5.015677673,1.799154087,0.103101966
5.013859403,1.76362324,0.078356672
5.001161506,1.733644909,0.046862661
4.97785766,1.687961321,-0.032622223
4.944663925,1.64494714,-0.130478614
4.90155031,1.608493999,-0.286823882
4.850297595,1.568741592,-0.400427278
4.79135566,1.525431226,-0.49790874
4.724270875,1.478146744,-0.615636352
4.648964511,1.425223517,-0.6306335
4.565046671,1.367745053,-0.708993598
4.473210922,1.311492567,-0.813223777
4.37347226,1.249788793,-0.813598705
4.265958151,1.183964685,-0.874337155
4.150814807,1.117218283,-0.880336014
4.028754539,1.052473935,-0.809849418
3.900785832,0.985731282,-0.795602128
3.766027668,0.915959303,-0.730739463
3.624585018,0.846723454,-0.649379935
3.478137441,0.776925231,-0.605138348
3.328499456,0.707959322,-0.538401039
3.174808791,0.635829118,-0.508406743
3.014932259,0.551311668,-0.496409025
2.846669192,0.459663306,-0.485536093
2.67267014,0.382160546,-0.549273972
2.494580918,0.296225912,-0.612261993
2.312214076,0.216559884,-0.59314063
2.127372887,0.127742141,-0.559397047
1.935787229,0.035936313,-0.53540161
1.743125605,-0.04595672,-0.445418722
1.545005422,-0.151611967,-0.349062046
1.345805525,-0.220971538,-0.254954942
1.144566166,-0.340277498,-0.153724193
0.939705264,-0.410600605,-0.104233605
0.739586859,-0.531372489,-0.023998863
0.528851258,-0.64591326,0.05023702
0.333512841,-0.759036845,0.124097974
0.119736793,-1.05346635,0.151467769
-0.037208013,-0.610686096,0.125597688
-0.03593335,-0.074244177,0.200583428
-0.025484859,-0.154682534,0.158216485
-0.033110345,-0.083845791,0.096728178
-0.026782016,-0.069212796,0.11359997
-0.031209597,-0.067012036,0.015743579
-0.028052931,-0.034330556,-0.019499719
-0.029777475,-0.054174891,-0.031497437
-0.029098904,-0.025594999,-0.066365806
-0.028828976,-0.040261736,-0.06524102
-0.029859953,-0.028714305,-0.066740735
-0.028540302,-0.026963445,-0.026248435
-0.02994993,-0.028433118,-0.048369229
-0.029312598,-0.0262661,-0.064491163
-0.029635013,-0.027874492,-0.035621653
-0.029863702,-0.02033117,-0.063366376
-0.029867451,-0.022674399,-0.052118516
-0.030272345,-0.021639629,-0.07086495
-0.030339827,-0.022254492,-0.14022676
-0.031130868,-0.023330503,-0.216337286
-0.032128105,-0.023499215,-0.296946957
-0.032795428,-0.023870383,-0.343063187
-0.033792665,-0.025028875,-0.371182839
-0.034268789,-0.019660069,-0.334814755
-0.034295032,-0.020072478,-0.28719881
-0.035112316,-0.020214946,-0.227585147
-0.034819894,-0.017189369,-0.132353257
-0.035888362,-0.025613745,-0.056992589
-0.035689664,-0.01525105,-0.01050143
-0.036057067,-0.027900736,0.001871217
-0.036855606,-0.014175039,0.039739016
-0.035588441,-0.023420483,0.030740727
-0.0383927,-0.02352171,-0.046494585
-0.035370998,-0.00594562,-0.028872936
-0.038816338,-0.04002179,-0.031497437
-0.036383231,0.010115807,-0.045369799
-0.037714129,-0.055652063,-0.044245013
-0.039464917,0.020924653,-0.113606822
-0.033459003,-0.050099548,-0.138727045
-0.046351848,-0.004438455,-0.155598837
-0.0202175,0.01423989,-0.178844416
-0.163500913,-1.303569464,-0.209963498
-0.536343706,-1.931149859,-0.072364665
-0.864708245,-1.637788867,0.089604533
-1.172685668,-1.801919856,0.124472902
-1.47971834,-1.781824327,0.307438108
-1.757489989,-1.810932852,0.422541219
-2.031981254,-1.748869158,0.488153741
-2.290651697,-1.682077765,0.506900176
-2.549993213,-1.743024208,0.428915007
-2.794095003,-1.730070839,0.428165149
-3.023909316,-1.779799777,0.333308188
-3.241846765,-1.80568027,0.272569739
-3.449639393,-1.858536012,0.288691673
-3.649454128,-1.892312249,0.226828437
-3.832627008,-1.907878786,0.277443812
-4.001894809,-1.928975343,0.324309899
-4.155787921,-1.93433665,0.286442101
-4.297545487,-1.954195983,0.289066602
-4.428074768,-1.961293154,0.271819881
-4.546472253,-1.967535515,0.353929267
-4.651943151,-1.961758051,0.419541789
-4.742627954,-1.951856503,0.449911014
-4.821424646,-1.94818607,0.571012984
-4.88783086,-1.931850953,0.567638626
-4.941194269,-1.916018225,0.483279668
-4.982785786,-1.89464423,0.412793073
-5.011053321,-1.865813143,0.291316174
-5.027054096,-1.839692704,0.126722474
-5.032096514,-1.809684379,-0.029247865
-5.025963134,-1.777381565,-0.172845557
-5.009711176,-1.740894682,-0.345687688
-4.983066962,-1.701239753,-0.430421574
-4.946472875,-1.659987679,-0.493784524
-4.901064866,-1.617573364,-0.587516699
-4.847315309,-1.576355033,-0.5470244
-4.785779059,-1.529981599,-0.566145763
-4.71583378,-1.479364109,-0.594265416
-4.637299518,-1.42469377,-0.551148615
-4.550802359,-1.366135546,-0.626509284
-4.455914916,-1.304859177,-0.653129222
-4.352768404,-1.241254576,-0.626884213
-4.242491275,-1.177676219,-0.668501298
-4.124562417,-1.111334727,-0.701495024
-4.000069041,-1.045341907,-0.726990176
-3.870120857,-0.976968367,-0.816598135
-3.732820864,-0.903420977,-0.859340007
-3.588716417,-0.832441766,-0.848092146
-3.440787981,-0.767794897,-0.867588438
-3.289597905,-0.698592791,-0.821097279
-3.133365412,-0.618660572,-0.775730907
-2.969676137,-0.527222162,-0.729239748
-2.797806523,-0.43979911,-0.628008999
-2.621670535,-0.360905409,-0.567645478
-2.440885775,-0.27773766,-0.466414729
-2.257829114,-0.197749203,-0.327316181
-2.070352371,-0.100465844,-0.275201092
-1.878084393,-0.024980136,-0.228335005
-1.684050632,0.076442303,-0.180344131
-1.483860996,0.163857857,-0.149599977
-1.285590853,0.246931878,-0.105358391
-1.08027632,0.363628418,-0.097859817
-0.878797025,0.429778703,-0.079863239
-0.672181586,0.590250506,-0.057367517
-0.466465909,0.639615775,-0.049494015
-0.26799332,0.893561785,0.030740727
-0.056170506,0.952558661,0.074607385
0.024883091,0.259390356,0.11359997
-0.000550193,0.059308614,0.250823874
0.006550432,0.125076484,0.296565176
0.004454735,0.024025213,0.309312751
0.003851144,0.063410202,0.311562324
0.005781885,0.018045293,0.238826156
0.003307538,0.027463198,0.192709926
0.006186778,0.01985614,0.092229034
0.004226045,0.00843993,-0.034121938
0.005991829,0.018056541,-0.089611386
0.005290764,0.000630417,-0.16609684
0.005406984,0.009422211,-0.229084862
0.00614179,0.002786188,-0.232834149
0.005871861,0.005264386,-0.239207937
0.006340487,-2.94e-05,-0.225710504
0.006115546,0.000469203,-0.16047291
0.006779121,0.003607255,-0.115481466
0.006944078,-0.00167532,-0.092985744
0.007622649,0.002602478,-0.060741876
0.008811085,0.002430017,-0.116981181
0.009200982,0.001867642,-0.137602259
0.010081999,0.006216674,-0.136477473
0.011052993,0.001871391,-0.204714496
0.011307925,0.00084037,-0.23545865
0.011967751,0.001436488,-0.283074595
0.011626591,-0.00095548,-0.311194247
0.012650071,0.001957622,-0.320192536
0.01242513,-0.006807928,-0.303320745
0.013058713,0.008901077,-0.258704229
0.013819762,-0.006564232,-0.265452946
0.012762541,0.006179183,-0.193091707
0.01530437,-0.000408102,-0.084737312
0.012342652,-0.010099696,-0.000753284
0.016159144,0.020073592,0.12222333
0.013066211,-0.033876907,0.203207929
0.015413091,0.04107642,0.260946949
0.015994188,-0.046297894,0.279693384
0.01159285,0.046928868,0.252323589
0.02337224,-0.030667621,0.200583428
-0.00200106,0.005980477,0.121473473
0.157245638,1.439234151,0.008994863
0.532292849,2.003419898,-0.07086495
0.856432254,1.673871955,-0.07086495
1.168274905,1.825045827,-0.152974336
1.474925178,1.778529924,-0.089611386
1.754192682,1.821037968,0.041988588
2.030198547,1.760638904,0.022492296
2.290702256,1.697056798,0.134221048
2.552308174,1.750763601,0.288691673
2.798880562,1.749818811,0.359553197
3.033249922,1.801793499,0.43378908
3.253826674,1.814585654,0.548142333
3.462942703,1.87331259,0.632876219
3.665108067,1.907909894,0.620128644
3.852371117,1.923577659,0.592758849
4.025676602,1.950395443,0.503150889
4.1832175,1.951002808,0.37305063
4.328199215,1.968267717,0.293940675
4.461633979,1.983965475,0.19420964
4.583896693,1.993315895,0.194959498
4.69395638,1.9908227,0.227953223
4.788941297,1.976673347,0.217830149
4.87114209,1.968275216,0.294315603
4.941559745,1.958407411,0.297315033
4.999421966,1.941922328,0.277818741
5.045459808,1.924263756,0.319060898
5.079272129,1.897029814,0.345305907
5.099929175,1.866069201,0.319810755
5.108495662,1.839000223,0.250074017
5.10600632,1.804466655,0.208082002
5.092464896,1.768984548,0.121848401
5.068444989,1.726585229,0.017243294
5.034328998,1.681883923,-0.095985173
4.99088547,1.647871489,-0.253455227
4.939220363,1.602532825,-0.406801066
4.879749817,1.557415361,-0.642631218
4.812676279,1.513253935,-0.852216361
4.73727619,1.453151055,-0.964694971
4.653354601,1.395590109,-1.059177004
4.561155198,1.333571405,-1.021309205
4.460715472,1.267769793,-0.941074463
4.352938932,1.209061602,-0.886334873
4.23778809,1.141351664,-0.796726914
4.115345423,1.073641726,-0.719491602
3.98724925,1.009118579,-0.658753152
3.853308369,0.935601183,-0.628008999
3.712469311,0.864651966,-0.623134926
3.566197937,0.797586885,-0.641506432
3.416698665,0.7316578,-0.658753152
3.262828047,0.659313893,-0.719116673
3.103082731,0.573761674,-0.782479623
2.93567069,0.481059796,-0.788103554
2.760644409,0.400224028,-0.829345711
2.582262764,0.322188887,-0.783979338
2.399700973,0.238792438,-0.708993598
2.214953509,0.158447811,-0.683498446
2.024702499,0.061685585,-0.581892769
1.830942415,-0.016776961,-0.502032956
1.634123139,-0.118705537,-0.386929845
1.432403907,-0.200321131,-0.252330441
1.23210555,-0.298901702,-0.155973765
1.024230443,-0.399308117,-0.020999433
0.822901108,-0.477350756,0.041988588
0.612937803,-0.630777876,0.083605674
0.409351564,-0.68335618,0.222329293
0.205544133,-0.979900214,0.343056334
0.002943884,-0.891172452,0.307438108
-0.049647228,-0.197483013,0.316061468
-0.024989989,-0.108331594,0.324684828
-0.034576208,-0.134770713,0.144719052
-0.029709993,-0.051374264,0.054736164
-0.031277079,-0.086181522,0.017993151
-0.031284577,-0.038525873,-0.047619371
-0.030073647,-0.056304418,-0.020999433
-0.031816937,-0.038919535,0.000746431
-0.029908691,-0.034934172,0.045362947
-0.031562004,-0.035822724,0.100852394
-0.030523528,-0.024485246,0.086605104
-0.031280828,-0.033963138,0.092229034
-0.031052139,-0.024072838,0.045737875
-0.031153362,-0.02667101,-0.053993159
-0.031442036,-0.022854359,-0.098984603
-0.031217095,-0.023911623,-0.184468347
-0.032041877,-0.023877881,-0.263953231
-0.032053124,-0.022539429,-0.278200522
-0.032949138,-0.026494799,-0.305945245
-0.033796414,-0.021767101,-0.325816467
-0.034317526,-0.02752582,-0.351311618
-0.035633429,-0.029190449,-0.409425567
-0.036030824,-0.021377187,-0.421798214
-0.036484454,-0.024372771,-0.419548642
-0.036870602,-0.017684259,-0.416924141
-0.036645662,-0.028099442,-0.337064328
-0.037972811,-0.02213077,-0.213712785
-0.037114288,-0.015689702,-0.100859247
-0.0385839,-0.031271236,-0.012751002
-0.03778911,-0.006174319,0.052111663
-0.038403947,-0.034881683,0.05886038
-0.039476164,-0.007737721,0.065984025
-0.037305487,-0.025789956,0.09335382
-0.041511877,-0.024384018,0.076482029
-0.036203278,-0.003981057,0.04423816
-0.042685317,-0.053503791,-0.018374932
-0.03657443,0.035317701,-0.038621082
-0.041691829,-0.103168993,-0.061116804
-0.039689858,0.107009253,-0.068615378
-0.03911251,-0.363923488,-0.044245013
-0.294138915,-1.740294815,-0.061866662
-0.674985845,-1.80882582,0.060360095
-0.98359685,-1.683393723,0.118099114
-1.301857807,-1.837915599,0.160466057
-1.596218826,-1.782532919,0.304438678
-1.875111428,-1.827984059,0.345305907
-2.145377559,-1.707234669,0.390672279
-2.405112721,-1.7244021,0.368926415
-2.663651949,-1.755580165,0.391797065
-2.904218422,-1.764848103,0.427040363
-3.134096469,-1.812642471,0.365552056
-3.348386131,-1.833337868,0.419541789
-3.55530524,-1.895697746,0.408668857
-3.75203454,-1.918129006,0.350554908
-3.93403023,-1.943942014,0.380924133
-4.102342034,-1.955830619,0.31831104
-4.254596828,-1.965533461,0.31268711
-4.396035729,-1.983626936,0.317936111
-4.525080402,-1.98724863,0.272944667
-4.642345686,-1.996385348,0.355428981
-4.747242985,-1.987717276,0.370051201
-4.836964293,-1.977395822,0.439038082
-4.915123653,-1.973991579,0.532770257
-4.981106229,-1.957082841,0.459284231
-5.034477136,-1.942228645,0.390672279
-5.076616008,-1.921270807,0.322060327
-5.105644592,-1.891869847,0.21445579
-5.122271452,-1.86411852,0.052486592
-5.127250137,-1.828351477,-0.059242161
-5.12125547,-1.793697935,-0.137977188
-5.105044751,-1.757450999,-0.21821193
-5.078059377,-1.714639272,-0.244456939
-5.041255346,-1.676217819,-0.337064328
-4.99587358,-1.63292245,-0.374557198
-4.942577654,-1.588063679,-0.418423855
-4.881468791,-1.548341265,-0.530902465
-4.812644465,-1.495665483,-0.551523544
-4.735756019,-1.440612729,-0.634007858
-4.650102387,-1.384757654,-0.713867671
-4.555957248,-1.317628837,-0.72848989
-4.453436821,-1.256367464,-0.743861967
-4.342998484,-1.193224011,-0.762233473
-4.225182096,-1.12404065,-0.774231192
-4.100864924,-1.058962627,-0.720241459
-3.970534341,-0.990881522,-0.723990746
-3.833740464,-0.917720296,-0.743861967
-3.69038207,-0.845143941,-0.776480764
-3.542157462,-0.780399593,-0.797101842
-3.390971136,-0.71087131,-0.78922834
-3.234806124,-0.632292539,-0.848092146
-3.071776675,-0.548052529,-0.791102983
-2.900109507,-0.455084459,-0.729989605
-2.722815076,-0.378725195,-0.703369667
-2.542067805,-0.296401008,-0.566895621
-2.357957673,-0.22042041,-0.467914444
-2.171361948,-0.13029046,-0.407550923
-1.978047996,-0.037397374,-0.359185121
-1.784047976,0.037241023,-0.295072313
-1.584150762,0.143169959,-0.272201662
-1.383653708,0.21167472,-0.292072884
-1.180566087,0.334816078,-0.215962357
-0.973586994,0.405619078,-0.172845557
-0.771110462,0.525393684,-0.120355539
-0.557653079,0.641186676,-0.045369799
-0.360084001,0.749027687,0.086605104
-0.143488698,1.042636124,0.218205077
0.013324893,0.581578686,0.252698518
0.010651849,0.044776847,0.436413581
0.000885678,0.132811014,0.449911014
0.008743603,0.055544452,0.342681406
0.002482756,0.046962611,0.323560042
0.007082791,0.042703558,0.178837564
0.004113575,0.012185347,0.128597118
0.005969335,0.032794512,0.100102537
0.005481964,0.003847202,0.014618793
0.005174545,0.0198149,0.016868365
0.006280503,0.002591231,0.008994863
0.005455721,0.006831538,-0.032247294
0.006490448,0.007041491,-0.071614808
0.006066809,-0.000663045,-0.098234746
0.006722886,0.004668269,-0.113606822
0.00663291,-0.001307902,-0.131978329
0.007052799,0.002017609,-0.139476903
0.007498931,-0.000220644,-0.188592562
0.007626398,0.001773913,-0.214087714
0.008709861,0.005324373,-0.200965209
0.009485906,0.002373779,-0.200215352
0.010220712,0.00569929,-0.214087714
0.011236694,0.003596007,-0.273326449
0.011386655,-0.001420377,-0.287573739
0.012061476,0.003824707,-0.380930985
0.012245178,-0.003759856,-0.451042652
0.012241429,0.005279383,-0.408675709
0.013407371,-0.003459923,-0.378306485
0.01269131,-0.003722365,-0.304445531
0.0142434,0.006359143,-0.220086573
0.013017474,-0.010058455,-0.075739024
0.014670787,0.015818289,-0.028123079
0.0142434,-0.016297067,0.006370362
0.013834758,0.018622665,0.133096262
0.016676508,-0.013350223,0.145093981
0.012248927,0.00120404,0.173588562
0.019477018,0.01999486,0.163465487
0.010490641,-0.045518067,0.110225612
0.021404009,0.087404864,0.054736164
0.009084762,-0.166732353,-0.000378355
0.037869661,0.628293294,-0.007502
0.336965679,1.952588705,-0.041620512
0.703498889,1.794227682,0.117724186
1.007217436,1.729880746,0.169464346
1.325474644,1.82961606,0.11359997
1.613158675,1.785747069,0.253073446
1.891481428,1.820959236,0.246699658
2.157177516,1.687267726,0.276693954
2.416620255,1.721351394,0.344930978
2.672081546,1.732917571,0.370801058
2.910406111,1.755108884,0.460409017
3.137896038,1.79185446,0.44803637
3.350123745,1.82013067,0.435663723
3.556401773,1.882059394,0.411293358
3.750851675,1.892969467,0.410168572
3.93014058,1.916214297,0.449911014
4.09430223,1.925939633,0.358053482
4.243644044,1.935162581,0.296940104
4.382203704,1.949263195,0.224203936
4.509400115,1.958703595,0.146968624
4.625030831,1.960600673,0.202833001
4.726306587,1.946128892,0.20883186
4.813486066,1.938379366,0.314561753
4.888451269,1.92604461,0.443162297
4.950846043,1.912150201,0.457034659
5.001517662,1.893288146,0.458159445
5.04022619,1.858990776,0.352429552
5.066146845,1.83384137,0.250448945
5.080288111,1.807867148,0.1192239
5.082983649,1.76820847,-0.020999433
5.074338432,1.73139166,-0.132353257
5.055150999,1.694147445,-0.276700807
5.025143923,1.65061213,-0.356185691
4.985329437,1.609063872,-0.476537804
4.937424587,1.569213987,-0.536901325
4.881800526,1.524527677,-0.543275113
4.818637205,1.476617085,-0.619760567
4.74769094,1.426352016,-0.59876456
4.668448116,1.367816287,-0.661752582
4.580556325,1.310360318,-0.779105265
4.484386721,1.251187231,-0.769357119
4.380299207,1.183173611,-0.758484186
4.268035103,1.120667515,-0.74011268
4.148014296,1.055109599,-0.698495594
4.021833867,0.991325038,-0.619385639
3.890281106,0.928882678,-0.583017555
3.752332534,0.854150552,-0.611512136
3.608198096,0.785627045,-0.667001584
3.460573329,0.725351703,-0.729239748
3.309214548,0.652835335,-0.743487038
3.152157272,0.572696911,-0.773106406
2.987725694,0.486263638,-0.756984472
2.814240256,0.398701866,-0.755484757
2.636660899,0.321911448,-0.771231762
2.454863906,0.238994893,-0.680124088
2.270360128,0.162639378,-0.575144052
2.082407261,0.06697191,-0.455916725
1.889018329,-0.010538348,-0.351686547
1.694665901,-0.101665577,-0.275950949
1.493718965,-0.194202492,-0.221961217
1.294230394,-0.267791123,-0.220836431
1.088113574,-0.389204114,-0.209963498
0.884178677,-0.447496147,-0.175844986
0.677986876,-0.598321346,-0.136102544
0.467907351,-0.666563666,-0.083612526
0.270375763,-0.878020377,0.037114515
0.053915424,-1.020792368,0.119598829
-0.049590993,-0.368066316,0.17996235
-0.026377123,-0.070532503,0.315311611
-0.029818714,-0.15847669,0.367801629
-0.030313584,-0.052866433,0.376424989
-0.027438093,-0.080673997,0.356928696
-0.030542273,-0.046429114,0.257947519
-0.027359364,-0.04572802,0.17696292
-0.03009989,-0.044003404,0.077231886
-0.028150405,-0.02730087,-0.013500859
-0.029410072,-0.042642457,-0.007127072
-0.029196379,-0.02276063,0.003370932
-0.028858968,-0.030611383,-3.43e-06
-0.029631264,-0.025002631,-0.01612536
-0.029128897,-0.026011156,-0.068990307
-0.029807467,-0.024586473,-0.120730468
-0.029548786,-0.0201962,-0.144350976
-0.029818714,-0.025879936,-0.167971484
-0.030058651,-0.021947061,-0.217087144
-0.030606006,-0.022408208,-0.236208507
-0.031753204,-0.024623965,-0.275950949
-0.032263069,-0.021703365,-0.283824452
-0.033159082,-0.02527632,-0.283074595
-0.034242546,-0.02235197,-0.317193106
-0.034272538,-0.020274932,-0.286448953
-0.034943611,-0.022978081,-0.310069461
-0.034838639,-0.01538602,-0.330315611
-0.035685915,-0.024608968,-0.348687117
-0.035682166,-0.014276267,-0.404551494
-0.035625931,-0.024012851,-0.355060905
-0.037271746,-0.017624272,-0.260203944
-0.035453476,-0.016158348,-0.16909627
-0.038306473,-0.027368355,-0.087361813
-0.035835875,-0.001705313,0.02699144
-0.03793907,-0.040587914,0.129346975
-0.03736922,0.009287241,0.167214774
-0.036143294,-0.047355158,0.209206788
-0.040919533,0.005035687,0.19158514
-0.032308057,-0.023900376,0.167589703
-0.046861714,-0.050639428,0.135345835
-0.021552147,0.094232096,0.059235308
-0.122456751,-1.082919798,-0.013500859
-0.480895849,-1.941977451,0.019492866
-0.823817793,-1.657895645,0.102727038
-1.130494309,-1.783121538,0.065609096
-1.443937788,-1.794286555,0.147343553
-1.724656159,-1.801837375,0.23470194
-2.002210365,-1.767416282,0.249324159
-2.263362653,-1.670751535,0.288316744
-2.523881358,-1.735773321,0.241450657
-2.773190523,-1.728687397,0.311937252
-3.007218723,-1.769819497,0.367051771
-3.229186358,-1.794848929,0.374175416
-3.438759766,-1.839902657,0.464533233
-3.642248531,-1.884116572,0.437538367
-3.830621287,-1.898588353,0.467157734
-4.004826535,-1.92004483,0.475781094
-4.164024496,-1.924753782,0.362552627
-4.310149659,-1.939757944,0.332183402
-4.445087776,-1.951459092,0.218205077
-4.568565169,-1.95663669,0.203207929
-4.679292179,-1.949749472,0.225703651
-4.775315572,-1.938509472,0.173963491
-4.858656065,-1.930366284,0.273694525
-4.929741043,-1.919553689,0.300314463
-4.988772955,-1.902300027,0.291316174
-5.0353694,-1.880052476,0.286067172
-5.069605359,-1.854138241,0.247449516
-5.09205818,-1.823485059,0.199833571
-5.102146766,-1.791703379,0.090354391
-5.101453199,-1.758530758,0.016493437
-5.090476098,-1.721312787,-0.106483177
-5.068038273,-1.679325877,-0.188967491
-5.035350655,-1.637458941,-0.246331582
-4.993691656,-1.595224586,-0.385805059
-4.943428679,-1.552506588,-0.433795932
-4.88555896,-1.510088524,-0.546274542
-4.820206218,-1.463325177,-0.651629507
-4.746883081,-1.410765619,-0.677124658
-4.665559556,-1.354599363,-0.762608402
-4.575770766,-1.295051359,-0.787353696
-4.477310516,-1.234716031,-0.795602128
-4.370688672,-1.172378648,-0.764108117
-4.255950221,-1.102295488,-0.729989605
-4.133620025,-1.035819025,-0.701869953
-4.005400134,-0.972724311,-0.622385068
-3.870915647,-0.901373932,-0.571019836
-3.729675444,-0.831815656,-0.527903036
-3.583449058,-0.768792175,-0.540275683
-3.434054759,-0.702323211,-0.562021548
-3.280619026,-0.629236969,-0.614136637
-3.120667515,-0.547628873,-0.673000443
-2.952142017,-0.454555827,-0.652754293
-2.776538389,-0.377161793,-0.720241459
-2.597369452,-0.297499514,-0.72848989
-2.413735444,-0.218028442,-0.618635781
-2.227799544,-0.138141213,-0.562021548
-2.036127659,-0.040895345,-0.461915585
-1.841951435,0.027946841,-0.376431841
-1.644442341,0.130287825,-0.295072313
-1.443525397,0.20241428,-0.215587429
-1.243242036,0.30720347,-0.199090566
-1.035464404,0.399327977,-0.146975477
-0.833557721,0.485866227,-0.086237027
-0.620955113,0.634550652,-0.056242731
-0.418321123,0.681002819,-0.008626786
-0.209156357,1.001080368,0.100477465
-0.014541499,0.801905924,0.143594266
0.020635462,0.113457819,0.236951512
-0.001393721,0.103530027,0.343806192
0.009268464,0.094322075,0.270320167
0.003476243,0.028584199,0.251198803
0.006475451,0.058101383,0.182586851
0.005489462,0.008728616,0.057360665
0.005317007,0.033563091,0.058110522
0.006662902,0.006201678,0.020992581
0.005035832,0.013418822,0.012369221
0.006947827,0.008717368,0.08473046
0.005714402,-0.000336868,0.084355531
0.006692894,0.009703399,0.068233597
0.006662902,4.93e-05,0.070483169
0.006711639,0.006467869,0.069358383
0.00708654,-0.000464339,0.049862091
0.007191512,0.001680184,0.00112136
0.00769388,0.001447735,-0.078738453
0.007686382,0.001095314,-0.180344131
0.008931053,0.004975701,-0.246706511
0.009932039,-0.00122542,-0.302195958
0.010603111,0.005680544,-0.296572028
0.011720316,0.003715981,-0.314568606
0.011919014,-0.001424126,-0.348687117
0.012563844,0.004926961,-0.344187973
0.012488863,-0.003572398,-0.406051208
0.012890008,0.00610045,-0.433046075
0.013662304,-0.003579896,-0.427047216
0.013137442,-0.001472865,-0.371182839
0.014861987,-0.002650103,-0.305570317
0.01318243,-0.01318526,-0.217837001
0.015514315,0.01298017,-0.071239879
0.014303384,-0.020402404,-0.015750432
0.014880732,0.0209359,0.092978891
0.016661512,-0.018565313,0.20883186
0.012934996,0.013909963,0.247074587
0.019881911,-0.001007968,0.290941245
0.010310689,-0.038203444,0.27219481
0.023477212,0.074166559,0.186711066
0.005455721,-0.167583414,0.116224471
0.057398254,0.800814917,0.034490014
0.380727873,1.991981192,-0.067490592
0.739208209,1.744907404,0.032990299
1.044392619,1.75346675,0.059610237
1.363200931,1.816733926,0.010869506
1.649794001,1.7896537,0.137970335
1.930306176,1.801306108,0.089979462
2.196148475,1.670940108,0.068608526
2.458530438,1.723079759,0.196459213
2.71349311,1.72352591,0.271444953
2.952305047,1.754066616,0.388047778
3.18071723,1.788037809,0.492277957
3.393810959,1.81770496,0.536894472
3.601119965,1.87074816,0.532395328
3.795944767,1.889396512,0.506900176
3.977014452,1.912622595,0.508024962
4.142656961,1.914980821,0.46265859
4.293457139,1.923881341,0.407169142
4.433122758,1.934408999,0.316061468
4.561406382,1.949810573,0.22607858
4.678904105,1.947062434,0.232827297
4.782163087,1.929306384,0.177712778
4.871490748,1.923791361,0.199083714
4.948600386,1.909162115,0.226828437
5.013135844,1.89520397,0.165715059
5.065074629,1.878325225,0.185211352
5.105365239,1.851293738,0.147718482
5.133542798,1.825559463,0.118099114
5.149052453,1.791786975,0.100477465
5.153914919,1.758336916,0.10197718
5.147759044,1.723420933,0.107976039
5.130614821,1.682300081,-0.000753284
5.102924634,1.642206499,-0.076113952
5.064774708,1.596354199,-0.241832438
5.017855848,1.553122566,-0.422923
4.962854122,1.508350026,-0.568770264
4.900144432,1.464548519,-0.751360541
4.829974212,1.417931389,-0.769357119
4.752002302,1.362811151,-0.845842573
4.665778821,1.30698232,-0.880336014
4.571573697,1.244112555,-0.776105835
4.469285708,1.185164418,-0.77460612
4.358603686,1.121001191,-0.735988464
4.240033747,1.051154229,-0.665876797
4.114640609,0.989210508,-0.590891057
3.983481495,0.923108962,-0.563896191
3.845874083,0.854405495,-0.58151784
3.70190835,0.787385404,-0.563521262
3.554144869,0.720980176,-0.597264845
3.403254715,0.656775708,-0.629508714
3.247112197,0.58178114,-0.673000443
3.084183972,0.489870336,-0.714617528
2.912205636,0.404940479,-0.73448875
2.734442578,0.335116011,-0.785104124
2.553181693,0.251232171,-0.752110398
2.367324523,0.176132627,-0.69099702
2.179562855,0.091746398,-0.603263705
1.985495352,1.93e-05,-0.481411877
1.790359382,-0.073865511,-0.41130021
1.590360945,-0.176975075,-0.305945245
1.388435518,-0.242229309,-0.259454087
1.185254172,-0.354723035,-0.20958857
0.976618016,-0.429710104,-0.10273389
0.774261452,-0.536640067,-0.051368658
0.559765594,-0.663665561,0.026241583
0.359707174,-0.748126772,0.169839275
0.145095096,-1.060184855,0.249699088
-0.02941757,-0.696527001,0.198333856
-0.040102249,-0.094527165,0.226828437
-0.024750053,-0.149767377,0.16833956
-0.034148821,-0.096409246,0.045737875
-0.027284384,-0.062400562,0.048737305
-0.03142704,-0.072373343,-0.022499148
-0.02896394,-0.038390903,-0.000753284
-0.03002491,-0.060259788,0.080606244
-0.030216109,-0.028605579,0.084355531
-0.029188881,-0.043680976,0.126722474
-0.03036607,-0.030570142,0.164215344
-0.029260112,-0.025759962,0.175088277
-0.030369819,-0.028624325,0.165340131
-0.029867451,-0.021658375,0.120723615
-0.03021236,-0.026202364,0.058485451
-0.030264847,-0.019945006,-0.026998293
-0.030452297,-0.023855386,-0.101609104
-0.030943417,-0.023765406,-0.174345272
-0.031142115,-0.025111357,-0.205089425
-0.03237179,-0.025831196,-0.201340138
-0.033155333,-0.02118598,-0.273326449
-0.033995111,-0.026674759,-0.328066039
-0.034789902,-0.028455613,-0.418048927
-0.035119814,-0.023712918,-0.494159453
-0.03600833,-0.019112691,-0.487410736
-0.035599688,-0.017984192,-0.450667724
-0.036540689,-0.025130102,-0.319817607
-0.03646196,-0.013162765,-0.221961217
-0.036724391,-0.027563311,-0.147725334
-0.037680388,-0.013338975,-0.0911111
-0.036431968,-0.019667568,-0.088861528
-0.039258722,-0.024447754,-0.054743016
-0.03615829,-0.006736694,-0.007876929
-0.039671113,-0.040681643,0.022867225
-0.037342977,0.012144106,0.081356102
-0.038081532,-0.057076746,0.097103107
-0.040649604,0.012998916,0.052486592
-0.033901386,-0.046594078,0.023992011
-0.047476551,-0.01327524,-0.020249576
-0.021042282,0.022525547,0.011619364
-0.157937382,-1.269654509,0.028491155
-0.530971375,-1.926006004,0.098602822
-0.863572295,-1.643108934,0.167214774
-1.174481444,-1.805867728,0.095603392
-1.485709258,-1.782589157,0.167964631
-1.76642388,-1.806291384,0.228703081
-2.044641661,-1.743410372,0.279318455
-2.307087357,-1.669506812,0.323934971
-2.569698009,-1.730505743,0.331433545
-2.818324854,-1.721938898,0.431164579
-3.053965129,-1.770400618,0.369301343
-3.276348904,-1.786094627,0.325434685
-3.486619628,-1.835467394,0.390297351
-3.690445804,-1.875950888,0.350929837
-3.880078227,-1.895026645,0.385798206
-4.056712834,-1.91312012,0.402295069
-4.216814306,-1.914331101,0.343806192
-4.364022932,-1.930816184,0.308937823
-4.499635871,-1.934981507,0.22907801
-4.623653122,-1.944170713,0.290566316
-4.736891969,-1.940324069,0.3269344
-4.835265991,-1.926264696,0.344556049
-4.920945866,-1.922343068,0.470157164
-4.994366478,-1.906371621,0.409793643
-5.054376881,-1.885342549,0.286442101
-5.103046529,-1.866701696,0.166089988
-5.139153244,-1.840390049,0.086230175
-5.162472086,-1.810404219,0.008619934
-5.174825074,-1.783710157,-0.088111671
-5.176302184,-1.748707943,-0.107982892
-5.166839683,-1.70907551,-0.20958857
-5.146808722,-1.67220996,-0.263578302
-5.116696674,-1.628205999,-0.312693962
-5.076829702,-1.586920183,-0.395553205
-5.027627694,-1.545251952,-0.393678561
-4.970683981,-1.497671286,-0.463415299
-4.906309731,-1.452621308,-0.532027252
-4.833428976,-1.399514371,-0.585267127
-4.752574078,-1.345357669,-0.681248874
-4.663936234,-1.292385702,-0.720616388
-4.567058067,-1.231379273,-0.670750871
-4.462235747,-1.171816273,-0.652754293
-4.349401793,-1.104316288,-0.680124088
-4.228769899,-1.03440559,-0.609262564
-4.101528499,-0.973050488,-0.594640344
-3.96769634,-0.904077081,-0.637007288
-3.827078473,-0.833214095,-0.642631218
-3.680720872,-0.767030067,-0.680124088
-3.531026651,-0.704044078,-0.679374231
-3.378089537,-0.63422336,-0.688372519
-3.218644142,-0.554377372,-0.703744596
-3.051517025,-0.473695319,-0.664752011
-2.87650949,-0.389792733,-0.664377083
-2.697119361,-0.307266091,-0.617885924
-2.513451612,-0.228541104,-0.482161734
-2.326465989,-0.157453167,-0.392928704
-2.135390197,-0.06069844,-0.334439827
-1.93921575,0.013576287,-0.277450664
-1.742302749,0.101145558,-0.280825023
-1.539260117,0.195725768,-0.329190825
-1.338470639,0.267117387,-0.284949238
-1.131240362,0.385763494,-0.223086003
-0.925502191,0.442465881,-0.18071906
-0.718118205,0.594502061,-0.117356109
-0.505331896,0.656831945,-0.046119656
-0.30593705,0.852725869,0.125972617
-0.085697708,1.019856191,0.186336138
0.025677881,0.368029939,0.232452368
0.00322506,0.042107441,0.358053482
0.005545697,0.137602448,0.30668825
0.007187763,0.029986387,0.23770137
0.004233543,0.059271123,0.196834141
0.007858836,0.028250523,0.106476325
0.00454846,0.021730723,0.05023702
0.007442696,0.0231854,0.035989729
0.005654418,0.006002972,0.031490585
0.006816611,0.017332952,0.063359524
0.006677898,-0.003628635,0.059610237
0.006407969,0.009943345,0.024366939
0.007356469,0.004330844,-0.011251287
0.007026556,0.00165019,-0.068990307
0.007678884,0.002519997,-0.06824045
0.007356469,-0.002698842,-0.054368088
0.008005048,0.001084066,-0.064116234
0.008005048,-0.001172932,-0.096360102
0.008136263,-0.003298709,-0.096360102
0.009403428,0.001473979,-0.088861528
0.010213214,0.004462065,-0.120730468
0.010891785,0.002328789,-0.181468917
0.012057727,0.000461705,-0.263203374
0.012320158,-0.00055057,-0.325441538
0.012732549,0.002471258,-0.41992357
0.012852517,-0.002747581,-0.478037519
0.013148689,0.004990697,-0.457791369
0.013988468,-0.004659656,-0.401926993
0.013268658,-0.000355614,-0.310819319
0.015053186,0.001706428,-0.188592562
0.013744782,-0.012469169,-0.068990307
0.015585546,0.01491099,-0.02774815
0.014884481,-0.018325366,0.051736734
0.014843242,0.020707201,0.177337849
0.017107644,-0.016529516,0.181087136
0.012863765,0.004597035,0.192334997
0.020054366,0.012631498,0.175838134
0.010824303,-0.044622016,0.083230745
0.022539959,0.080431415,0.017243294
0.008068781,-0.170414034,-0.025873506
0.044827824,0.682611211,-0.045369799
0.351950472,1.949435656,-0.052868373
0.713943631,1.752870632,0.079856387
1.015454011,1.715558932,0.099352679
1.331731741,1.798340517,0.049112234
1.617882428,1.755862467,0.148468339
1.895612837,1.781716715,0.160840986
2.159873054,1.649431142,0.204707644
2.419660702,1.687942575,0.265071165
2.673798592,1.686877812,0.343056334
2.90901148,1.703771554,0.429664864
3.134551921,1.740378411,0.401545212
3.347728128,1.772808697,0.407918999
3.554261089,1.820306881,0.403044926
3.746409098,1.828217621,0.403419855
3.922818764,1.852366,0.415042645
4.084581047,1.84746584,0.313811896
4.232801907,1.857989749,0.219704792
4.370930431,1.873916206,0.12522276
4.497335801,1.874995966,0.090729319
4.610450931,1.868899822,0.121473473
4.708794961,1.852298515,0.134595977
4.79449733,1.845842451,0.296565176
4.86800042,1.834171297,0.406794213
4.929049299,1.816284026,0.372300773
4.978468749,1.788135288,0.311187395
5.014331778,1.756177397,0.239576013
5.037628126,1.730158185,0.178087706
5.049924879,1.700262335,0.045737875
5.050940861,1.668176972,-0.058867232
5.041639567,1.629061923,-0.169846127
5.021751069,1.592263859,-0.295822171
4.991305359,1.546385315,-0.370432982
4.951322167,1.494781794,-0.478412447
4.902720002,1.462553963,-0.508781672
4.846098704,1.411576553,-0.513280817
4.781184595,1.359073232,-0.57289448
4.707913944,1.318413527,-0.584142341
4.626365478,1.259896544,-0.645630648
4.536674163,1.204956265,-0.717616958
4.438877488,1.147477802,-0.680499017
4.333395343,1.086085208,-0.638881931
4.220306456,1.020358579,-0.614886494
4.099580836,0.952423691,-0.549273972
3.972665601,0.896399904,-0.508031815
3.839474522,0.827077824,-0.529027822
3.698886647,0.753631662,-0.550773687
3.553417561,0.694964713,-0.620510425
3.405331666,0.635352973,-0.664377083
3.252398302,0.56371016,-0.678249445
3.093530254,0.482881891,-0.726990176
2.926084471,0.398589391,-0.689122377
2.751313123,0.322740014,-0.687622662
2.573310128,0.241911744,-0.677124658
2.390103507,0.165743688,-0.551148615
2.204535011,0.086891228,-0.429671716
2.012521965,-0.004116027,-0.311944105
1.818075813,-0.071252343,-0.243707081
1.620169324,-0.173439611,-0.184843275
1.418285135,-0.241475726,-0.172845557
1.217150749,-0.343528025,-0.212587999
1.008923235,-0.430954827,-0.172845557
0.807653885,-0.511014518,-0.12860397
0.595707353,-0.656935808,-0.130853542
0.393691949,-0.713278274,-0.117356109
0.184695889,-1.023323055,-0.05961709
-0.008093201,-0.811663888,-0.006377214
-0.041170717,-0.137365136,0.091104248
-0.019703885,-0.125244082,0.196084284
-0.030219858,-0.113794129,0.212956075
-0.023989004,-0.053818721,0.220829578
-0.02688324,-0.08429944,0.177712778
-0.025672309,-0.032999602,0.124472902
-0.025582333,-0.053511289,0.1192239
-0.026744526,-0.030093998,0.061484881
-0.025012484,-0.034075613,0.064109382
-0.026680793,-0.029910289,0.118848972
-0.025514851,-0.024931397,0.091854105
-0.026523335,-0.031514932,0.052486592
-0.026189673,-0.019176427,0.019117938
-0.026358378,-0.025073865,-0.008251858
-0.026737028,-0.023233024,-0.037121367
-0.02661706,-0.022269489,-0.056242731
-0.026913232,-0.022250743,-0.08548717
-0.026856996,-0.022449449,-0.126354398
-0.027929213,-0.024121577,-0.156348694
-0.028806482,-0.023964112,-0.197590851
-0.029440064,-0.019577588,-0.17771963
-0.030606006,-0.023990356,-0.191591992
-0.031220844,-0.02253568,-0.222336145
-0.031153362,-0.017639269,-0.24970594
-0.032056873,-0.021159736,-0.333315041
-0.031730709,-0.017620523,-0.35656062
-0.032574237,-0.023570449,-0.385055201
-0.032806675,-0.015895907,-0.412799925
-0.032757938,-0.027102164,-0.407175994
-0.034073841,-0.013380216,-0.330315611
-0.032679209,-0.017054399,-0.166471769
-0.035262277,-0.023832891,-0.08548717
-0.032641719,-0.001592838,0.035239872
-0.035483468,-0.03993181,0.178837564
-0.033935127,0.010209536,0.234327011
-0.033747677,-0.050200775,0.259447234
-0.037151778,0.012282825,0.244075158
-0.029623766,-0.036276373,0.218954935
-0.044173674,-0.034045619,0.140969765
-0.017810635,0.065333524,0.075732171
-0.134569803,-1.171463851,-0.052118516
-0.498145044,-1.935990033,-0.096735031
-0.83428128,-1.636600382,-0.035246724
-1.140605389,-1.771926528,-0.098984603
-1.450918445,-1.765597936,-0.015375503
-1.73036965,-1.777977682,0.013119078
-2.006626699,-1.729126049,0.031490585
-2.266770503,-1.639104825,0.177337849
-2.527326698,-1.696819486,0.199458642
-2.774303979,-1.678718513,0.324684828
-3.005636641,-1.720994108,0.440537796
-3.226918207,-1.747819391,0.491153171
-3.437391378,-1.791793359,0.569888198
-3.639804177,-1.824995973,0.535394757
-3.82595377,-1.831643245,0.551141763
-3.997770898,-1.850535292,0.48852867
-4.155169334,-1.85490307,0.368176557
-4.29965618,-1.866600468,0.345305907
-4.433480841,-1.874848634,0.207332145
-4.555972244,-1.875624711,0.166839845
-4.664232406,-1.863747353,0.13384612
-4.75855,-1.852893517,0.046112804
-4.84045837,-1.839583978,0.074982314
-4.90903901,-1.823968702,0.072357813
-4.966140181,-1.80977061,0.079856387
-5.011356991,-1.779597322,0.113974899
-5.042661224,-1.748805422,0.182211922
-5.06229479,-1.721384022,0.185961209
-5.07119494,-1.687484063,0.174713348
-5.068255716,-1.652957993,0.160840986
-5.05475928,-1.616336139,0.040863802
-5.031148015,-1.577374806,-0.032997152
-4.997631865,-1.534326882,-0.185218204
-4.955245558,-1.491781347,-0.401552064
-4.904881358,-1.450750474,-0.521154319
-4.846400551,-1.405651756,-0.679374231
-4.77922579,-1.358374773,-0.795227199
-4.703859442,-1.30214853,-0.782479623
-4.619630434,-1.244737551,-0.750610684
-4.526846186,-1.189471095,-0.726615247
-4.426638897,-1.128993299,-0.690247163
-4.318723644,-1.069100372,-0.660252867
-4.202912977,-1.004985884,-0.629883642
-4.080170389,-0.944538081,-0.539525826
-3.951410641,-0.883051758,-0.50953153
-3.815490283,-0.807517311,-0.480287091
-3.672694241,-0.742131856,-0.433421003
-3.525942994,-0.68151534,-0.469789087
-3.37580639,-0.614753941,-0.472413588
-3.21986257,-0.547021508,-0.533901895
-3.056619428,-0.458248755,-0.59876456
-2.885222189,-0.372332867,-0.621635211
-2.709183675,-0.302287199,-0.67674973
-2.528751322,-0.221803852,-0.662877368
-2.344345018,-0.154772514,-0.602513847
-2.156857028,-0.059270008,-0.51215603
-1.962579581,0.021771964,-0.429671716
-1.767304897,0.0991585,-0.331815326
-1.565806856,0.199328717,-0.223460931
-1.364664972,0.260743805,-0.157848409
-1.159729089,0.382854142,-0.067115663
-0.953117399,0.437307029,-0.025498578
-0.748950064,0.57234074,0.049487162
-0.536040037,0.657420565,0.115099685
-0.338560935,0.791127072,0.136845549
-0.119153874,1.048428585,0.205082573
0.020388028,0.490781383,0.178837564
0.00784384,0.037327254,0.183336708
0.003367522,0.138835923,0.10197718
0.008822332,0.043048481,-0.034496867
0.003517483,0.052147707,-0.032247294
0.008128765,0.034729082,-0.093735601
0.004724664,0.017677875,-0.04499487
0.007176516,0.030983665,0.088854676
0.006231766,0.004102145,0.111350398
0.006629161,0.019597448,0.155591984
0.006996564,0.0009341,0.185211352
0.006377977,0.004552045,0.188210781
0.007551417,0.004334593,0.166839845
0.00678287,0.004390831,0.149218196
0.007581409,0.003168603,0.11060054
0.007487684,0.001309016,-0.005627357
0.007810099,0.000641665,-0.061491733
0.008185,-0.008382578,-0.121855254
0.008398694,0.001890137,-0.149599977
0.009527146,0.006400384,-0.165721912
0.010396916,0.000281745,-0.243707081
0.011281682,0.002591231,-0.289073454
0.012177696,0.005586815,-0.377181698
0.012185194,-0.001525353,-0.412799925
0.012856266,0.002834927,-0.404176565
0.013193677,-0.000805513,-0.356185691
0.013084956,0.003599757,-0.218586858
0.014082193,-0.002402658,-0.141351546
0.01344861,-0.006879162,-0.118480895
0.015079429,0.006674073,-0.095235316
0.013808515,-0.010058455,-0.061491733
0.015345609,0.015248415,-0.043870084
0.015443083,-0.014403739,0.005245576
0.014329627,0.010498222,0.077606815
0.017647501,-0.005938122,0.115474613
0.012826274,-0.003913572,0.174713348
0.020140593,0.021989416,0.110225612
0.011900269,-0.0480675,0.021742438
0.020987869,0.085635258,0.031115656
0.012012739,-0.158487937,-0.000378355
0.030649068,0.541083944,-0.040495726
0.316136179,1.899714217,-0.078363524
0.686125976,1.78902384,0.017618223
0.989075976,1.683942215,0.019867795
1.306294709,1.800605014,-0.0479943
1.595433356,1.745357304,0.063734453
1.874078524,1.785912032,0.09335382
2.141491658,1.644684698,0.184836423
2.401916638,1.669695385,0.277818741
2.659237437,1.685378146,0.302938963
2.897502019,1.684407112,0.343056334
3.12520189,1.724676904,0.350554908
3.33942782,1.753504241,0.406419285
3.547546612,1.805280224,0.396671138
3.742765061,1.809854206,0.427040363
3.922410122,1.830219676,0.449536085
4.087917666,1.837380583,0.361802769
4.238710346,1.845456287,0.337807333
4.37926448,1.855642771,0.274444382
4.50802048,1.855571536,0.231327582
4.624044841,1.852977114,0.276693954
4.725969176,1.82916991,0.251573732
4.814202126,1.825349509,0.231327582
4.890535719,1.8184248,0.169464346
4.95449383,1.790800945,0.052486592
5.006368881,1.77005306,0.014618793
5.045617267,1.742354222,0.056610808
5.071639145,1.705567405,0.069358383
5.085844144,1.675394117,0.039364087
5.089203257,1.647504071,0.062609667
5.081851448,1.607890383,-0.001503141
5.064088639,1.568179217,-0.108732749
5.036151016,1.528520539,-0.176594844
4.998578438,1.48679607,-0.308944675
4.952611827,1.448385865,-0.39967742
4.898543604,1.404051977,-0.476162875
4.836441254,1.357071178,-0.63925686
4.765854893,1.308785669,-0.717616958
4.686259662,1.250973529,-0.685748019
4.598502836,1.189340989,-0.655753723
4.502164526,1.133872078,-0.614136637
4.397679617,1.074350319,-0.567270549
4.286195307,1.011240607,-0.545149756
4.167179236,0.953968348,-0.558647189
4.041921062,0.892332059,-0.596514988
3.91075445,0.828393782,-0.634757715
3.772217283,0.760395158,-0.621260282
3.627554234,0.690057055,-0.61601128
3.4794271,0.632788544,-0.602513847
3.327224792,0.564759927,-0.572519551
3.168881606,0.487939515,-0.615261423
3.002837953,0.407339945,-0.600264275
2.828898885,0.323441108,-0.581892769
2.65154072,0.253552905,-0.575144052
2.469245109,0.177309865,-0.494534382
2.283744094,0.104621034,-0.433046075
2.093740518,0.013175127,-0.424797643
1.89851832,-0.062055638,-0.425172572
1.7022464,-0.152624241,-0.379431271
1.499271249,-0.23525586,-0.340438686
1.298301819,-0.309005704,-0.243707081
1.090273003,-0.425934694,-0.155973765
0.885243395,-0.478243058,-0.105358391
0.676843428,-0.629251966,-0.001503141
0.465961615,-0.685193272,0.054361235
0.266124386,-0.905209329,0.143219337
0.048835515,-1.010455917,0.142844409
-0.04714289,-0.334867452,0.163840416
-0.022534388,-0.078585711,0.204707644
-0.027385607,-0.158465442,0.050986877
-0.026759522,-0.047606353,0.024366939
-0.024963746,-0.085930327,0.019492866
-0.02764054,-0.050886873,0.004495718
-0.024592594,-0.046065445,0.093728749
-0.027205654,-0.043287313,0.128972047
-0.025143699,-0.027874492,0.124847831
-0.026560825,-0.038038481,0.137220478
-0.026054708,-0.024755186,0.13384612
-0.0260847,-0.028328141,0.059610237
-0.026594566,-0.021673371,0.00674529
-0.026268402,-0.027833251,-0.022499148
-0.026868243,-0.021485913,-0.06224159
-0.026429609,-0.01754554,-0.095985173
-0.027164415,-0.021838335,-0.095235316
-0.027246893,-0.018943979,-0.054368088
-0.027696775,-0.02231073,-0.057367517
-0.028716505,-0.020128715,-0.11998061
-0.029518794,-0.020214946,-0.198715637
-0.030576014,-0.025846193,-0.305945245
-0.031175856,-0.018291624,-0.415799355
-0.031344561,-0.017954199,-0.436045504
-0.032124356,-0.020109969,-0.403801636
-0.032038128,-0.012716614,-0.323941823
-0.032709201,-0.02230698,-0.215962357
-0.032847914,-0.012270463,-0.133103115
-0.032829169,-0.026067394,-0.079113382
-0.034272538,-0.016630743,-0.054743016
-0.03256299,-0.011974279,-0.005627357
-0.035284771,-0.027424592,0.014618793
-0.033027867,0.001586454,0.062984595
-0.035123563,-0.042676199,0.119973758
-0.034842388,0.00929474,0.088854676
-0.032997875,-0.040591663,0.077606815
-0.038122772,-0.00082051,0.043113374
-0.029196379,-0.012739109,0.008619934
-0.043802522,-0.057800335,0.004870647
-0.019471447,0.111373282,0.042363517
-0.110174995,-1.016173395,-0.034121938
-0.46248446,-1.938524469,-0.121855254
-0.80837937,-1.65072349,-0.047244442
-1.113320094,-1.749772707,-0.094485459
-1.426872295,-1.76872849,-0.003002856
-1.708119276,-1.762782313,0.136095692
-1.985988399,-1.734322394,0.169839275
-2.248092935,-1.62541287,0.299189676
-2.509350195,-1.6837199,0.333308188
-2.760267685,-1.668846958,0.361052912
-2.994595807,-1.702042074,0.356178839
-3.217924332,-1.729725916,0.347555479
-3.429713405,-1.769729517,0.419541789
-3.634836738,-1.808203459,0.385423277
-3.824240472,-1.81377097,0.368176557
-3.999379224,-1.833611557,0.328809044
-4.1594657,-1.834098948,0.23170251
-4.30662184,-1.847213531,0.225703651
-4.443524438,-1.855787874,0.142094551
-4.567800371,-1.853410902,0.166839845
-4.67951712,-1.846051289,0.276319026
-4.776788933,-1.831028381,0.266195951
-4.860849236,-1.820628195,0.301439249
-4.933493802,-1.806066434,0.270695095
-4.993155547,-1.786923192,0.189710496
-5.04093668,-1.765084301,0.149968054
-5.076398565,-1.734108691,0.122973187
-5.098705175,-1.7017009,0.043863232
-5.109678527,-1.67288481,-0.042745298
-5.109719766,-1.637871349,-0.064866091
-5.098753912,-1.597234139,-0.154099122
-5.077212101,-1.55969374,-0.222336145
-5.046091569,-1.519393954,-0.274076306
-5.005699735,-1.478902961,-0.384680272
-4.957116314,-1.440132836,-0.412050068
-4.901106105,-1.396455052,-0.50353267
-4.836705611,-1.347933346,-0.626134355
-4.763847351,-1.294833907,-0.625009569
-4.682415105,-1.239537458,-0.64488079
-4.592033971,-1.181395392,-0.627259141
-4.492887653,-1.121491217,-0.568020407
-4.385857167,-1.061545802,-0.536901325
-4.271111217,-0.996797705,-0.516655175
-4.149422102,-0.936297414,-0.475413018
-4.022105722,-0.878421538,-0.492659738
-3.887606239,-0.806501287,-0.553023259
-3.746287308,-0.742611749,-0.556397617
-3.600585783,-0.688181357,-0.60738792
-3.450974041,-0.61804196,-0.621635211
-3.29628239,-0.543538533,-0.64788022
-3.134295166,-0.464487368,-0.666251726
-2.963625235,-0.378803928,-0.587516699
-2.787376777,-0.312012536,-0.558647189
-2.607435544,-0.232938875,-0.479912162
-2.423149208,-0.156605856,-0.389179417
-2.236950878,-0.084231955,-0.36818341
-2.043674416,0.009163519,-0.314943534
-1.848163545,0.077214631,-0.283074595
-1.648618738,0.179934281,-0.277450664
-1.445459886,0.245675907,-0.242957224
-1.242604704,0.344046524,-0.177344701
-1.032641399,0.430727242,-0.137602259
-0.829407567,0.515645852,-0.104983462
-0.614896713,0.658995214,-0.052493444
-0.411726614,0.709230289,0.016118508
-0.200436159,1.017310507,0.115474613
-0.008820509,0.774218333,0.136845549
0.020309298,0.09911351,0.2002085
-0.000546444,0.108711375,0.239950942
0.010393167,0.08998429,0.137595407
0.003922376,0.031917207,0.095603392
0.00735272,0.059413591,0.050986877
0.006093052,0.007086481,0.039739016
0.006194276,0.033833031,0.092229034
0.007521425,0.010202038,0.096728178
0.006033068,0.015357141,0.105351539
0.007892577,0.011926654,0.105726467
0.006531687,0.004154633,0.064109382
0.007573911,0.007633859,0.002996003
0.007592656,0.000199263,-0.02474872
0.00765639,0.004582038,-0.037496296
0.008012546,0.000120531,-0.0911111
0.007990052,0.002126334,-0.079113382
0.008552403,-0.00055057,-0.055867803
0.008773595,0.002906161,-0.079488311
0.009654612,0.004814486,-0.072739594
0.010468147,0.001485227,-0.100859247
0.011142969,0.003348562,-0.121855254
0.012260174,0.004128389,-0.196840994
0.012492613,0.00079538,-0.280075165
0.01303247,0.003862198,-0.311569176
0.013718539,0.000547935,-0.377931556
0.013231167,0.000922852,-0.34793726
0.014633297,0.00210009,-0.297696814
0.013875997,-0.004742138,-0.266202803
0.015086927,0.00506943,-0.187842705
0.014906975,-0.012754105,-0.10573332
0.014779509,0.013846227,-0.032997152
0.016612775,-0.007666487,0.023992011
0.014014711,0.002797435,0.109475754
0.01829608,0.008372445,0.140219908
0.013609817,-0.022231997,0.134595977
0.019057129,0.042009962,0.120723615
0.014873234,-0.057751596,0.072732742
0.016803974,0.080828827,0.062609667
0.020223071,-0.107735477,0.026616511
0.008338709,0.230053132,-0.046869514
0.231925917,1.703182935,-0.14885012
0.611629399,1.8856286,-0.101234175
0.922197387,1.646446806,-0.020999433
1.2377853,1.805497675,-0.088111671
1.535490435,1.736528018,0.00112136
1.813861925,1.780108323,0.075357242
2.085672648,1.66184838,0.094478606
2.3454453,1.643889875,0.17133899
2.606222687,1.677474904,0.248574302
2.849158535,1.66643361,0.370426129
3.080468703,1.706789633,0.415417573
3.298439893,1.72393082,0.481030096
3.508665629,1.777352686,0.470532092
3.708918998,1.792064414,0.374925274
3.892800441,1.805193993,0.385423277
4.062405653,1.813269696,0.295815318
4.217382229,1.82103047,0.226453509
4.361261734,1.833155273,0.211831289
4.493721756,1.829578569,0.1192239
4.613907518,1.829237394,0.13084669
4.719873286,1.813760837,0.127097403
4.811712784,1.801489817,0.123348116
4.891787888,1.789230044,0.204332715
4.959536248,1.765595302,0.226828437
5.015149062,1.752728164,0.210706503
5.058982487,1.728542294,0.20883186
5.089589405,1.692434076,0.191210211
5.108038283,1.664622763,0.107601111
5.115101418,1.628180869,0.051736734
5.110726323,1.590752945,0.011994292
5.095756526,1.556695521,-0.069365236
5.069974585,1.511645543,-0.18934242
5.034493954,1.471776911,-0.350186832
4.990450585,1.433745371,-0.468289373
4.938425573,1.384365106,-0.588266557
4.879007513,1.342029524,-0.703369667
4.811427859,1.297069525,-0.692496735
4.73511676,1.239857252,-0.643006147
4.650340397,1.186304165,-0.634382787
4.55698255,1.130419096,-0.617885924
4.455234419,1.07178214,-0.58151784
4.345482151,1.008796151,-0.547774257
4.227860711,0.943729375,-0.530152608
4.103967178,0.887593113,-0.494159453
3.973936515,0.820794222,-0.509156601
3.836932694,0.753020548,-0.542900184
3.694129154,0.692572745,-0.553398187
3.547160464,0.631476336,-0.596514988
3.396540238,0.570784837,-0.610012421
3.240004074,0.495554072,-0.617510995
3.075726205,0.414729551,-0.587516699
2.902930585,0.330238346,-0.558647189
2.725444954,0.255404993,-0.57851841
2.544206564,0.181527677,-0.545149756
2.358604325,0.111980647,-0.47466316
2.170347788,0.031178622,-0.390679132
1.975627958,-0.051111823,-0.310819319
1.780012114,-0.125896437,-0.237708222
1.578390356,-0.224495754,-0.188592562
1.375883832,-0.289405065,-0.156723623
1.1703781,-0.400684061,-0.135727616
0.961460769,-0.461229342,-0.11435668
0.756806062,-0.579897945,-0.046494585
0.540821847,-0.680870483,-0.049494015
0.341217056,-0.791174696,0.003745861
0.122619781,-1.074574154,0.059610237
-0.034538718,-0.598193875,-0.007876929
-0.031393299,-0.069415251,0.065609096
-0.021803331,-0.155409872,0.065984025
-0.029256363,-0.077007312,0.007870077
-0.022834309,-0.066232209,0.064109382
-0.027288133,-0.06339784,0.066733882
-0.024277678,-0.036317614,0.126722474
-0.026092198,-0.052052863,0.170964061
-0.025259918,-0.024170316,0.152967483
-0.025237424,-0.042095079,0.166464917
-0.026133438,-0.024425259,0.145843838
-0.02483628,-0.024980136,0.127472332
-0.026020967,-0.024451503,0.082855817
-0.025492357,-0.020267434,-0.000753284
-0.026058457,-0.023308008,-0.064491163
-0.026095947,-0.017478055,-0.104983462
-0.026294645,-0.02213077,-0.122230182
-0.026527084,-0.01821664,-0.136852402
-0.026680793,-0.020312424,-0.128978899
-0.028034186,-0.023083058,-0.166471769
-0.028667768,-0.017931704,-0.204339568
-0.029391327,-0.019885019,-0.251205655
-0.030767214,-0.021917067,-0.355810763
-0.030594759,-0.01740682,-0.353186262
-0.031322067,-0.023030569,-0.358810192
-0.031659478,-0.01777049,-0.35956005
-0.031854427,-0.020953532,-0.233958935
-0.032892903,-0.015063592,-0.164222197
-0.031925658,-0.016949422,-0.153349264
-0.033785167,-0.022726887,-0.075739024
-0.032206834,-0.008345086,0.010494577
-0.033897637,-0.030592637,0.048737305
-0.033496493,-0.000205647,0.100852394
-0.033264055,-0.033513238,0.187085995
-0.035708409,-0.003962311,0.241825585
-0.031307071,-0.022411957,0.204707644
-0.038418943,-0.027548315,0.107226182
-0.029125148,0.018184012,0.001496289
-0.040735831,-0.095202015,-0.077988596
-0.026380872,0.145366971,-0.077613667
-0.062862488,-0.683123732,-0.169471199
-0.372819388,-1.88781325,-0.301071172
-0.739033932,-1.708903048,-0.273326449
-1.042718738,-1.701329733,-0.283824452
-1.360589798,-1.785311051,-0.169471199
-1.647464043,-1.740935922,0.054736164
-1.926356646,-1.754170478,0.194959498
-2.192348906,-1.620044065,0.334058046
-2.453317492,-1.66133363,0.380924133
-2.709138687,-1.660036418,0.433039222
-2.946454769,-1.675048079,0.454410158
-3.173258627,-1.708903048,0.455160016
-3.387109655,-1.737250492,0.518522966
-3.595089734,-1.786552025,0.457409588
-3.789262209,-1.792486955,0.415792502
-3.968509875,-1.811543966,0.394046638
-4.133128904,-1.814097148,0.248949231
-4.283734134,-1.82240155,0.216705362
-4.423909618,-1.830784686,0.12222333
-4.551885823,-1.830687207,0.018743009
-4.668112631,-1.827455426,0.058110522
-4.769320905,-1.809804353,-0.046494585
-4.857268931,-1.799782832,-0.002627927
-4.93399617,-1.786825714,0.144719052
-4.997238219,-1.765054307,0.166839845
-5.048858338,-1.743219164,0.307438108
-5.088072983,-1.714579285,0.40192014
-5.114372288,-1.685065851,0.365552056
-5.129300846,-1.653591602,0.287566887
-5.132944883,-1.619080529,0.128597118
-5.125731788,-1.582102505,-0.046869514
-5.107826516,-1.542417583,-0.220836431
-5.07948775,-1.503190059,-0.375681984
-5.041304083,-1.460472061,-0.550398758
-4.995146272,-1.422485511,-0.617885924
-4.941085548,-1.382275706,-0.632133214
-4.878690774,-1.332419297,-0.70561924
-4.808786734,-1.283338965,-0.617136066
-4.73018499,-1.231596725,-0.553773116
-4.642668101,-1.175730402,-0.513655745
-4.546648456,-1.115522545,-0.416174283
-4.441983595,-1.054249925,-0.441294506
-4.329318347,-0.994334503,-0.478412447
-4.208963879,-0.93083113,-0.465664872
-4.082224847,-0.870057149,-0.477287661
-3.94940492,-0.806508785,-0.495659168
-3.809503114,-0.737332923,-0.511031244
-3.664165244,-0.676592685,-0.573644337
-3.516038109,-0.621521186,-0.618260853
-3.363783315,-0.55191042,-0.640381646
-3.203850549,-0.472454345,-0.677499587
-3.035677458,-0.390771266,-0.63925686
-2.860193798,-0.312102516,-0.593515558
-2.680927387,-0.246574592,-0.599139489
-2.497375857,-0.17474807,-0.524903606
-2.310877606,-0.096105564,-0.466414729
-2.119340685,-0.002436401,-0.392928704
-1.923368685,0.06624832,-0.239957794
-1.726223245,0.155534709,-0.164972054
-1.522599516,0.233078709,-0.062616519
-1.321004001,0.308988073,0.03861423
-1.111749259,0.422659037,0.051361806
-0.905636187,0.478386641,0.065984025
-0.694851849,0.632829785,0.051361806
-0.482954055,0.677201164,-0.018749861
-0.280320065,0.913462358,-0.071239879
-0.062056451,0.98578377,-0.163472339
0.02753739,0.282830142,-0.200590281
0.001950396,0.059818501,-0.093360672
0.00829747,0.131866224,-0.041620512
0.00689909,0.025198702,0.086605104
0.005781885,0.064636179,0.220079721
0.008151259,0.02147578,0.217080291
0.005410733,0.030927428,0.268445523
0.008177502,0.017377942,0.293940675
0.00602557,0.004109643,0.251198803
0.007896326,0.018337728,0.241450657
0.007375214,-0.001454119,0.167214774
0.00750268,0.012657742,0.031865513
0.008173753,0.003412298,-0.016500289
0.007787605,0.002538743,-0.074614237
0.008589893,0.002043853,-0.130853542
0.008331211,0.00183015,-0.103483747
0.008863571,0.002913659,-0.117356109
0.008946049,7.93e-05,-0.181093988
0.009185986,0.003393552,-0.270327019
0.009605875,-0.002691344,-0.379056342
0.009489656,-0.001446621,-0.415799355
0.00977458,0.001953873,-0.367433552
0.009984525,-0.001607835,-0.2557048
0.009789576,-0.003126247,-0.154099122
0.009680855,-0.001532852,-0.123729897
0.009523397,-0.003081257,-0.072739594
0.009392181,-0.005788155,-0.022499148
0.009212229,-0.001394132,-0.040495726
0.009294707,-0.002155213,-0.029997722
0.009249719,-0.005458228,0.02699144
0.008818583,-0.002053986,0.04161366
0.008882316,-0.001337895,0.000371503
0.00886732,-0.002020243,-0.016875218
0.00879234,-0.001690317,0.003370932
0.008657375,-0.002702591,0.014993722
0.008541156,-0.001956507,0.028116226
0.008721108,-0.002920043,0.010119649
0.008503666,-0.005979363,-0.030372651
0.008289972,-0.006050597,-0.079488311
0.008244984,-0.005364499,-0.171345842
0.008113769,-0.003268715,-0.268077447
0.00799755,-0.002961284,-0.325816467
0.007907573,-0.004892104,-0.295447242
0.008091275,-0.002376414,-0.211838142
0.008038789,-0.002158962,-0.137977188
0.007757613,-0.002083979,-0.085862099
0.007855087,-0.001742805,-0.06824045
0.007708876,-0.003681124,-0.074614237
0.007682633,-0.000708035,-0.088111671
0.007727621,-0.005848142,-0.084362384
0.007322728,-0.008847475,-0.072739594
0.007266493,-0.003737361,-0.065990877
0.007420202,-0.005357001,-0.09973446
0.007393959,-0.004858362,-0.163472339
0.007262744,-0.003553652,-0.197215922
0.00712403,-0.002777575,-0.217462072
0.007202759,-0.005068315,-0.202089996
0.007412704,-0.005102058,-0.169846127
0.007251497,-0.002391411,-0.224210789
0.00704905,-0.004419709,-0.32206718
