0.001657974,-0.020203698,-0.113606822
0.002591477,0.018881357,-0.104608533
0.00114061,-0.055689555,-0.113606822
0.002722692,0.040424065,-0.107233034
0.001170602,-0.072853236,-0.111732179
0.002681453,0.047041343,-0.11135725
0.001792938,-0.048798587,-0.091860958
0.000840689,-0.03530159,-0.102358961
0.004732162,0.080476405,-0.095985173
-0.005832548,-0.306081355,-0.107982892
0.059328994,2.2407646,-0.12298004
0.215085364,4.052878997,-0.091860958
0.378452224,2.96619073,-0.050618801
0.536225561,3.115370045,-0.019874647
0.66941289,3.030046525,0.024366939
0.795143438,2.664551579,0.065609096
0.917244945,2.615568726,-0.013500859
1.018906849,2.517842965,0.048737305
1.108793113,2.564954985,0.077231886
1.185655316,2.44742238,-0.07686381
1.253681102,2.427435576,0.053236449
1.311273394,2.325210815,-0.059992018
1.358788347,2.226435288,-0.130103685
1.396597112,2.171599986,-0.020249576
1.422907665,2.135847939,-0.19796578
1.439658241,2.120281402,-0.025498578
1.446702631,2.046407835,-0.053243302
1.44545796,1.989709198,-0.219336716
1.435691789,1.911329133,-0.09710996
1.417670298,1.829004946,-0.214087714
1.390988593,1.743628938,-0.188592562
1.35601033,1.647942723,-0.116231323
1.313642768,1.555604514,-0.176969773
1.26315485,1.452761141,-0.124854683
1.206784736,1.343592926,-0.188967491
1.143411471,1.226532716,-0.16909627
1.075209481,1.111440818,-0.133478043
1.000244277,0.974663744,-0.213337856
0.918635828,0.843862841,-0.178094559
0.835898926,0.714482871,-0.231334434
0.748576985,0.582358512,-0.28457431
0.659204336,0.441543586,-0.332190254
0.561272696,0.271811343,-0.346812474
0.460619276,0.13781615,-0.287573739
0.353641275,-0.044756986,-0.280075165
0.244987468,-0.166282453,-0.211838142
0.139254139,-0.408647289,-0.152599407
0.027110002,-0.559536224,-0.110982321
-0.01271948,-0.191735541,-0.09710996
0.002141596,-0.047497627,-0.117731038
-0.002004809,-0.092000227,-0.048369229
-0.000358994,-0.030157734,-0.008626786
-0.000164045,-0.051632957,-0.084737312
-0.001195023,-0.027465833,-0.11135725
0.000177115,-0.028976747,-0.09710996
-0.001262505,-0.025017627,-0.127104255
-5.53e-05,-0.015753438,-0.126354398
-0.000962584,-0.024417761,-0.069740164
-0.000696405,-0.015843418,-0.041620512
-0.000782632,-0.017253105,-0.018374932
-0.000853863,-0.011723085,-0.016500289
-0.000636421,-0.014040069,-0.008251858
-0.001161282,-0.012341697,-0.014250717
-0.001172529,-0.010523352,-0.045369799
-0.001423713,-0.013323979,0.010494577
-0.001671147,-0.01174558,-0.007502
-0.001753625,-0.010223418,-0.026623364
-0.001693641,-0.009571064,-0.003377784
-0.001892339,-0.010579589,-0.020624505
-0.002042299,-0.012176734,-0.04499487
-0.002136025,-0.011869302,-0.042745298
-0.002166017,-0.009192398,-0.050243872
-0.002061044,-0.009076174,-0.124854683
-0.002057295,-0.009177401,-0.123729897
-0.00196357,-0.007542765,-0.139851831
-0.00196357,-0.008521297,-0.196466065
-0.001982315,-0.009927234,-0.226085432
-0.001986064,-0.012994052,-0.214462643
-0.00200106,-0.012019269,-0.14022676
-0.001911084,-0.008135133,-0.172470628
-0.001858598,-0.009912238,-0.099359532
-0.001738629,-0.007055373,0.020992581
-0.001768622,-0.009462338,-0.117731038
-0.001847351,-0.012604139,-0.168721341
-0.001588669,-0.007089116,-0.170221056
-0.001569924,-0.007227835,-0.228709933
-0.001626159,-0.007782711,-0.169471199
-0.001517438,-0.008705006,-0.163097411
-0.001577422,-0.008127635,-0.203964639
-0.001674896,-0.007580256,-0.182968632
-0.001633657,-0.008206367,-0.179969202
-0.001532434,-0.008735,-0.158598266
-0.001626159,-0.010099696,-0.064866091
-0.001419964,-0.006582978,-0.019499719
-0.00135623,-0.011156961,-0.00187807
-0.002064793,-0.014347501,-0.026248435
-0.002420949,-0.009203645,-0.09710996
-0.002537169,-0.011888048,-0.088111671
-0.003185747,-0.012292958,-0.093735601
-0.003286971,-0.009732278,-0.049119086
-0.003658123,-0.014579949,0.028491155
-0.003864318,-0.010793292,-0.041995441
-0.003526907,-0.016394546,-0.03937094
-0.004434168,-0.014838642,-0.056992589
-0.00359064,-0.007722725,-0.165346983
-0.00465161,-0.021935813,-0.132353257
-0.004291705,-0.0040148,-0.103858676
-0.004220474,-0.021373438,-0.101609104
-0.005142731,-0.003073759,-0.096360102
-0.003170751,-0.011145713,-0.103858676
-0.006072485,-0.017789235,-0.078363524
-0.00222975,0.007528883,-0.089236457
-0.006548609,-0.042619962,-0.054368088
-0.002529671,0.033090696,0.005245576
-0.004629116,-0.071653503,-0.013125931
-0.005566369,0.074743931,-0.043120227
0.000709474,-0.2004636,-0.124104826
-0.165349175,-1.448167299,-0.179219345
-0.419700758,-1.835553625,-0.149974906
-0.607619885,-1.819147274,-0.163097411
-0.791355116,-1.95919737,-0.126354398
-0.949083464,-1.942123668,0.019492866
-1.089064,-2.060563571,-0.027373221
-1.214914516,-2.076602503,-0.041995441
-1.316681393,-2.111121075,0.082105959
-1.411220178,-2.109906345,-0.085862099
-1.491126577,-2.090849334,-0.011626216
-1.560813175,-2.110022569,0.046112804
-1.614701445,-2.088652323,-0.078363524
-1.655869324,-2.086987693,0.101602252
-1.686090093,-2.060886,-0.039745868
-1.705296271,-2.046103038,-0.063741305
-1.716063428,-2.01363901,0.037864373
-1.716033436,-1.968135382,-0.169846127
-1.707718132,-1.932124643,-0.038246154
-1.690697627,-1.874488714,-0.053993159
-1.664529537,-1.805080403,-0.200590281
-1.629937421,-1.73011208,-0.083612526
-1.585785331,-1.649816192,-0.21821193
-1.533689088,-1.56175953,-0.224960646
-1.474503467,-1.465705897,-0.139101974
-1.408209723,-1.366859136,-0.172095699
-1.336142504,-1.255692614,-0.079488311
-1.258043127,-1.138917341,-0.086986885
-1.174181523,-1.01417509,-0.156348694
-1.084074067,-0.88677468,-0.224585718
-0.993018113,-0.774022262,-0.202839853
-0.897590812,-0.628258437,-0.21821193
-0.797098599,-0.492261189,-0.268827304
-0.69197261,-0.330038526,-0.214087714
-0.578973699,-0.182490098,-0.243707081
-0.467466895,-0.040434198,-0.286823882
-0.347202403,0.127468452,-0.292072884
-0.233063793,0.247857922,-0.230959505
-0.110928546,0.556373042,-0.205089425
-0.004647861,0.490901357,-0.185593133
0.006070558,0.078410615,-0.112107107
-0.005243954,0.073975352,-0.148475191
0.000765709,0.065052337,-0.117731038
-0.003354453,0.026372191,-0.101609104
-0.001225015,0.045159262,-0.136852402
-0.002064793,0.010209536,-0.072364665
-0.001708637,0.026540903,-0.051743587
-0.001431211,0.012072872,-0.022124219
-0.002211005,0.015383385,-0.038621082
-0.001198772,0.01122556,-0.042745298
-0.001749876,0.001102812,-0.006002285
-0.001153784,0.009512191,-0.073489451
-0.001457454,0.00241502,-0.031122508
-0.001341234,0.003850951,-0.002252998
-0.00094009,0.005800517,-0.022874077
-0.000853863,0.003082372,0.024366939
-0.000782632,0.001215287,-0.034121938
-0.000670162,0.002741198,-0.048744157
-0.000463966,0.001841398,-0.011251287
-0.000437723,0.001815154,-0.014625646
-0.000254021,0.001736421,0.008994863
-8.91e-05,0.000330484,0.011994292
5.34e-05,0.002137582,-0.00187807
-5.16e-05,-0.000160657,-0.060741876
-0.000216531,-0.000576814,-0.115856395
-7.41e-05,0.00120404,-0.129728756
-7.78e-05,0.000810377,-0.134977758
-0.000242774,-0.001799042,-0.149225049
-0.000149049,-0.005386994,-0.152224478
-0.000276516,-0.003133746,-0.144725904
-0.000430225,-0.001847782,-0.18634299
-0.000392735,-0.002001497,-0.155973765
-0.000396484,-0.001394132,-0.155223908
-0.00018279,0.000847869,-0.182968632
0.000353318,0.005009443,-0.132728186
0.000938164,0.000866615,-0.175470058
0.001339308,0.001387749,-0.191966921
0.001946647,0.003052378,-0.202839853
0.002227823,0.000139276,-0.230959505
0.002835163,0.003708482,-0.187092848
0.002722692,0.000401718,-0.167221626
0.003303789,0.007885053,-0.120730468
0.003884886,-4.07e-05,-0.117731038
0.003435004,0.006111698,-0.107982892
0.004923361,0.00457454,-0.080238168
0.003360024,-0.002841311,-0.113981751
0.005770638,0.017085507,-0.072739594
0.004064838,-0.013998829,-0.046869514
0.005024585,0.021130857,-0.027373221
0.005980582,-0.018610303,-0.009376644
0.002977625,0.017884079,-0.038996011
0.009230974,0.002606228,-0.019499719
-0.000197786,-0.021197227,-0.046119656
0.013036219,0.064088801,-0.043495155
-0.006323669,-0.147986523,-0.016875218
0.052824462,0.837560492,-0.054368088
0.360651924,2.108542763,-0.007127072
0.676745953,2.124641682,0.008619934
0.938235652,2.278916114,-0.088111671
1.202083478,2.444134361,0.036739586
1.426188048,2.572985698,0.175463205
1.642933312,2.753485546,0.013494007
1.841379659,2.752818194,0.170589132
2.032624157,2.80610884,0.230577724
2.212389186,2.805284023,0.023992011
2.375189946,2.844863969,0.31831104
2.528408235,2.873998738,0.277068883
2.665502033,2.899946716,0.299189676
2.792837158,2.921316962,0.587509847
2.907815545,2.853846971,0.117349257
3.012409175,2.807499781,0.191960068
3.103952502,2.769385759,0.262071735
3.183247812,2.720350417,-0.124479755
3.252611995,2.659209018,0.224953794
3.310736646,2.57526894,0.016118508
3.359548756,2.496045313,-0.207713926
3.398051089,2.380128599,0.125972617
3.426907219,2.276175473,-0.228709933
3.446492047,2.203216703,-0.315318463
3.456655613,2.100437066,-0.000753284
3.458173962,2.007648957,-0.188592562
3.450439755,1.920417112,-0.122230182
3.434888861,1.826942905,-0.275201092
3.412391052,1.74015721,-0.550773687
3.382380227,1.669324217,-0.22383586
3.344931366,1.606233252,-0.299196529
3.298863531,1.522915536,-0.071239879
3.244690337,1.439481595,-0.046869514
3.182644221,1.35966935,-0.366683695
3.112114096,1.277611353,-0.189717348
3.033913497,1.201327073,-0.613011851
2.948143646,1.122242165,-0.583017555
2.855306911,1.038350827,-0.419548642
2.756044374,0.959644585,-0.671125799
2.649583737,0.873143827,-0.367058624
2.535921251,0.789211248,-0.445043793
2.417857429,0.714914025,-0.439419863
2.296082086,0.629504274,-0.256079728
2.169920401,0.543599634,-0.262828445
2.03590829,0.443804333,-0.058117375
1.894398158,0.352973289,-0.250080869
1.747193281,0.248514026,-0.286074024
1.593678819,0.154732387,-0.297696814
1.438728487,0.062371683,-0.497158882
1.277123662,-0.045319361,-0.292447812
1.114202934,-0.128430873,-0.283074595
0.944957627,-0.258039542,-0.170595985
0.774542628,-0.324763449,-0.029997722
0.604086391,-0.474568875,-0.155223908
0.426300838,-0.557005537,-0.105358391
0.260328417,-0.705033858,-0.218586858
0.07479741,-0.938839348,-0.296946957
-0.032937891,-0.433905421,-0.168346413
-0.017881867,-0.073438106,-0.110232464
-0.016528474,-0.162428311,-0.060366947
-0.01938522,-0.068016812,0.036739586
-0.015549982,-0.081869981,0.124097974
-0.01911904,-0.060312276,0.115474613
-0.015977369,-0.04550682,0.203207929
-0.018451716,-0.054141149,0.20583243
-0.017027092,-0.03017648,0.143969195
-0.017600691,-0.043223578,0.107976039
-0.017930604,-0.029790316,-0.136852402
-0.0171883,-0.03377193,-0.194591421
-0.018230524,-0.026326086,-0.238083151
-0.017746902,-0.024803925,-0.323941823
-0.018166791,-0.023911623,-0.152599407
-0.017998086,-0.01812666,-0.089236457
-0.018432971,-0.023780403,-0.05661766
-0.018646665,-0.019847528,-0.031122508
-0.018522947,-0.019438868,-0.075739024
-0.018946585,-0.018640296,-0.092610815
-0.019115291,-0.016945673,-0.133478043
-0.019392718,-0.017448061,-0.082862669
-0.019516435,-0.015048595,-0.080238168
-0.019351478,-0.01750055,-0.133852972
-0.019242757,-0.017369329,-0.119230753
-0.019089048,-0.01273161,-0.115856395
-0.018946585,-0.012949062,-0.130103685
-0.018976577,-0.013638909,-0.10835782
-0.019310239,-0.015817174,-0.06824045
-0.020120025,-0.016462031,-0.128229042
-0.020389954,-0.013781377,-0.165721912
-0.020731114,-0.015404766,-0.246331582
-0.021372195,-0.013151517,-0.329190825
-0.021488414,-0.016229582,-0.265078017
-0.022279455,-0.016844446,-0.267327589
-0.021998279,-0.012427928,-0.18071906
-0.022886795,-0.017219362,-0.063741305
-0.02298052,-0.009649796,-0.037496296
-0.023280441,-0.022974332,-0.053243302
-0.023985255,-0.006151824,-0.10273389
-0.023003014,-0.01687069,-0.038246154
-0.025473612,-0.017099389,-0.106483177
-0.022804317,-0.003861084,-0.135352687
-0.026170928,-0.036340109,-0.074989166
-0.023572864,0.013936207,-0.153724193
-0.025008735,-0.050170782,-0.138352117
-0.026429609,0.023309122,-0.137602259
-0.021023537,-0.04613293,-0.101609104
-0.032817922,0.002564987,-0.054743016
-0.008573075,0.010022078,-0.03074758
-0.146577882,-1.277464021,-0.014625646
-0.498306251,-1.898400894,-0.020624505
-0.806384897,-1.597841504,0.005245576
-1.092869245,-1.713154602,-0.133478043
-1.372601626,-1.671418886,0.11060054
-1.62293802,-1.712539739,0.236201655
-1.872127216,-1.689231174,0.045737875
-2.105244407,-1.600278462,0.332933259
-2.334256432,-1.623245852,0.258322448
-2.5458768,-1.610236246,0.160840986
-2.743682065,-1.654551389,0.339307047
-2.928909402,-1.669349347,0.275569168
-3.098447133,-1.695728479,0.378299632
-3.256816562,-1.717698591,0.323934971
-3.399256448,-1.725069452,0.218954935
-3.527315131,-1.734794788,0.273319596
-3.639909149,-1.733430092,0.103101966
-3.73866557,-1.733433841,0.094478606
-3.824634119,-1.716922514,0.128597118
-3.897023753,-1.701142274,-0.09411053
-3.956580525,-1.680968012,-0.092235886
-4.002993269,-1.657801915,-0.047619371
-4.036494423,-1.637560168,-0.080988025
-4.058388641,-1.606393351,0.050611948
-4.069283264,-1.565171271,0.056235879
-4.069095814,-1.522168337,-0.058867232
-4.058669817,-1.483364469,-0.027373221
-4.038860048,-1.44155377,0.01836808
-4.01022511,-1.397827247,-0.099359532
-3.973743493,-1.356395213,-0.135727616
-3.928740377,-1.309399417,-0.187092848
-3.875193267,-1.257304756,-0.338938971
-3.813195889,-1.199882529,-0.41130021
-3.741409846,-1.139618435,-0.429671716
-3.661016075,-1.078784468,-0.425547501
-3.572321997,-1.010437171,-0.587516699
-3.475372598,-0.946990035,-0.580018125
-3.3719824,-0.885267515,-0.53240218
-3.261439091,-0.81107152,-0.680124088
-3.143364021,-0.740605945,-0.563521262
-3.018896889,-0.671133899,-0.46041587
-2.889676013,-0.605024855,-0.484786235
-2.75752341,-0.541993876,-0.425547501
-2.618750056,-0.458353732,-0.304445531
-2.472040048,-0.374556123,-0.281949809
-2.318188175,-0.285048534,-0.302195958
-2.157393136,-0.206668469,-0.178469487
-1.993876316,-0.125326564,-0.202089996
-1.824406068,-0.03732239,-0.248206226
-1.652678916,0.037537207,-0.184093418
-1.474840878,0.143871053,-0.248956083
-1.293902408,0.207794334,-0.287948668
-1.111423095,0.318008567,-0.289823311
-0.922784159,0.388102974,-0.271826734
-0.738524067,0.502107614,-0.181843846
-0.544100408,0.630505302,-0.139851831
-0.362198443,0.679836828,-0.017250146
-0.164070762,0.990305264,0.074232456
-0.001798614,0.672383486,0.051736734
0.008383698,0.087806025,0.146218767
-0.00586254,0.139626997,0.211456361
0.003168825,0.088608347,0.214830719
-0.003181998,0.057201583,0.287566887
0.000810697,0.067781729,0.181462065
-0.001341234,0.025554873,0.05586095
-0.000137802,0.048679729,0.12222333
0.000188362,0.016691844,-0.008251858
-0.000760138,0.028093058,-0.080988025
0.000679482,0.021550763,0.029615941
-0.000310257,0.013868722,-0.058117375
0.000735717,0.016076981,-0.088486599
0.000169617,0.00920476,-0.071989737
0.00064949,0.012519023,-0.15184955
0.001024391,0.005860504,-0.148475191
0.000971905,0.004503306,-0.131978329
0.001316814,0.005939236,-0.122230182
0.001324312,0.005035687,-0.1316034
0.002081612,0.002951151,-0.184468347
0.003041358,0.00745015,-0.182218774
0.003866141,0.009549683,-0.178094559
0.004567205,0.006651578,-0.209963498
0.00538449,0.003633499,-0.198340709
0.005448223,0.003970924,-0.185968061
0.006258009,0.008342452,-0.239582866
0.006599169,-6.69e-05,-0.274826163
0.006722886,0.00515941,-0.303695673
0.007686382,-0.000385607,-0.3393139
0.006985317,0.003356061,-0.325066609
0.009002284,0.005586815,-0.291697955
0.007543919,-0.011220697,-0.221586288
0.009140998,0.017741611,-0.171720771
0.009013531,-0.015629716,-0.144725904
0.008267478,0.019653685,-0.097484888
0.011371659,-0.007490276,-0.081737883
0.006554181,0.00129027,-0.057742446
0.01382726,0.022566787,-0.059242161
0.00511831,-0.043448528,-0.0479943
0.015450581,0.088679581,-0.041245583
0.004308524,-0.163755515,-0.040120797
0.029565604,0.595619312,0.005620504
0.325467465,1.934124063,0.014618793
0.695869653,1.807825907,0.196084284
1.004030777,1.723709619,0.151467769
1.327907751,1.812999757,0.150342983
1.621721414,1.765141653,0.474656308
1.907122298,1.797399477,0.215955505
2.181696042,1.661645925,0.222704222
2.449634037,1.691058132,0.417292217
2.712878272,1.696127005,0.153717341
2.959544385,1.718584509,0.287941815
3.196388092,1.756998464,0.362177698
3.415825145,1.770446722,0.277068883
3.627291804,1.828030163,0.331808473
3.826967825,1.850067761,0.253073446
4.013379849,1.878628907,0.233952083
4.186055501,1.886138487,0.186711066
4.342827852,1.901045171,0.100102537
4.487562132,1.922231708,0.154467198
4.619324838,1.928594043,0.095228464
4.739270664,1.943571961,0.004495718
4.846653557,1.940928799,0.099727608
4.940187607,1.927720487,0.076482029
5.020472657,1.91813387,0.046487733
5.08809355,1.90154381,0.199083714
5.143695117,1.882670508,0.128597118
5.187296104,1.851803625,0.077606815
5.21896774,1.82301003,0.159341271
5.23869878,1.801729764,-0.054368088
5.246744155,1.759731606,-0.18071906
5.24331756,1.720327871,-0.200215352
5.22889137,1.685291915,-0.277825593
5.204106664,1.644152317,-0.296197099
5.169158393,1.601670517,-0.3393139
5.125171259,1.549470878,-0.281199951
5.072872569,1.503123688,-0.436420433
5.012944645,1.461436712,-0.570644908
4.946002322,1.416360489,-0.44316915
4.871205823,1.368161211,-0.519654604
4.78821024,1.316411472,-0.500158312
4.696809376,1.263563228,-0.395178276
4.596991985,1.198893864,-0.407175994
4.489590347,1.129706755,-0.444668864
4.374405763,1.068655336,-0.380181128
4.251891866,1.005819313,-0.217087144
4.123263332,0.941408642,-0.280075165
3.988512666,0.875340838,-0.238083151
3.847849811,0.805523869,-0.203214782
3.701252273,0.735009555,-0.423297929
3.550598306,0.670227716,-0.433795932
3.397027609,0.603916217,-0.451417581
3.236742436,0.521164625,-0.51215603
3.06919543,0.438158089,-0.383555486
2.894783987,0.352050994,-0.346437545
2.715105184,0.271777601,-0.350561761
2.531336212,0.193412533,-0.315318463
2.343863218,0.118282995,-0.347187402
2.153094844,0.026027268,-0.365558909
1.956425529,-0.059236266,-0.305195388
1.759553767,-0.138212447,-0.236958365
1.556818553,-0.240144773,-0.184093418
1.354203307,-0.30664373,-0.145850691
1.148273937,-0.424532506,-0.119605682
0.939315367,-0.485175266,-0.048744157
0.734218277,-0.629630632,-0.059242161
0.519175063,-0.729549655,0.032615371
0.319307842,-0.828655109,0.178837564
0.09801128,-1.108009217,0.053986307
-0.053624928,-0.604155049,0.053611378
-0.046299362,-0.102434156,0.049487162
-0.038497672,-0.195717155,-0.145475762
-0.045193404,-0.101478119,-0.109857535
-0.039048777,-0.098043883,-0.049494015
-0.043495103,-0.089821962,-0.106858106
-0.040057261,-0.060807166,-0.079863239
-0.04210422,-0.073573076,-0.019499719
-0.041174466,-0.04721269,-0.028123079
-0.041032003,-0.060679694,-0.036746439
-0.04191677,-0.042226299,-0.007876929
-0.040998262,-0.047186446,-0.017250146
-0.041943013,-0.041315252,-0.040120797
-0.041466888,-0.035207861,-0.091860958
-0.042152957,-0.039650622,-0.127104255
-0.041830542,-0.032703418,-0.185968061
-0.042089224,-0.034499268,-0.239207937
-0.042797787,-0.034754212,-0.203214782
-0.043502601,-0.036538815,-0.217087144
-0.044391116,-0.02986155,-0.20658914
-0.044837248,-0.030892571,-0.181468917
-0.045819489,-0.030930062,-0.214087714
-0.046318107,-0.030453918,-0.229459791
-0.047131643,-0.031987327,-0.219336716
-0.04702667,-0.02275688,-0.212962928
-0.047840205,-0.030198975,-0.210713356
-0.048061397,-0.018913985,-0.14322619
-0.047877696,-0.031192504,-0.11435668
-0.049351056,-0.024931397,-0.091860958
-0.047645257,-0.018887741,-0.008251858
-0.050367038,-0.030637627,-0.023623934
-0.04805015,-0.007306567,0.00112136
-0.050303305,-0.046732797,0.00974472
-0.049647228,0.00272995,-0.049868943
-0.048267593,-0.049188501,-0.105358391
-0.053100066,-0.002515133,-0.212587999
-0.044342379,-0.025714972,-0.184468347
-0.059360913,-0.052547753,-0.217462072
-0.03400261,0.088897032,-0.222711074
-0.133201414,-1.046620372,-0.151099692
-0.493664977,-1.899480654,-0.094485459
-0.842150452,-1.631921423,0.03861423
-1.154990341,-1.745056256,-0.074239309
-1.475388233,-1.749941419,0.134595977
-1.763304703,-1.745742353,0.323560042
-2.050002745,-1.704565263,0.044988018
-2.321491053,-1.60792676,0.26919538
-2.591457263,-1.660853737,0.303313892
-2.849947754,-1.647161782,0.060360095
-3.094994294,-1.687394083,0.307438108
-3.328006513,-1.696354589,0.247449516
-3.54549783,-1.728106276,0.13947005
-3.756207188,-1.765342993,0.297315033
-3.953663796,-1.776942913,0.20583243
-4.13871118,-1.800030277,0.238826156
-4.308008974,-1.799689103,0.179212492
-4.463634128,-1.813103619,0.074982314
-4.607532379,-1.817227701,0.168714489
-4.738320342,-1.820538215,0.020992581
-4.85746013,-1.820961871,0.054361235
-4.963036001,-1.81229005,0.208082002
-5.055921473,-1.803449516,0.134595977
-5.135775386,-1.785967155,0.232452368
-5.202732704,-1.77133416,0.295815318
-5.257704438,-1.75204845,0.149968054
-5.300101992,-1.724435843,0.200958357
-5.330772643,-1.699233949,0.166464917
-5.349660155,-1.669506812,-0.071989737
-5.356903243,-1.634909508,-0.134602829
-5.352985527,-1.60208181,-0.265452946
-5.338563086,-1.563735341,-0.446543508
-5.314018317,-1.519371459,-0.506157171
-5.279437449,-1.47527002,-0.501658027
-5.236080148,-1.432098373,-0.43717029
-5.184291324,-1.388199388,-0.446543508
-5.124385893,-1.34615999,-0.362559479
-5.057001188,-1.300918804,-0.290573169
-4.981814792,-1.248887878,-0.413924711
-4.898598017,-1.199582596,-0.331065468
-4.80698346,-1.145467134,-0.221961217
-4.706914885,-1.093526188,-0.335189684
-4.598605986,-1.038465936,-0.299946386
-4.482045516,-0.970182376,-0.21221307
-4.358230712,-0.909543365,-0.290948097
-4.227555219,-0.84784334,-0.320567465
-4.090562645,-0.786248292,-0.239207937
-3.947414196,-0.72458201,-0.266577732
-3.797659992,-0.657516928,-0.335939541
-3.644884085,-0.603363975,-0.316818178
-3.488659089,-0.534409314,-0.392928704
-3.32434373,-0.44887959,-0.465664872
-3.152998977,-0.372584061,-0.413924711
-2.974718555,-0.295118794,-0.397427848
-2.791699385,-0.222111284,-0.342313329
-2.604856225,-0.142134075,-0.214837571
-2.414087851,-0.068312996,-0.201340138
-2.219469244,0.024006467,-0.161222767
-2.019047169,0.099735871,-0.099359532
-1.818730067,0.17602765,-0.157848409
-1.612365812,0.269914265,-0.121105396
-1.406890072,0.326537919,-0.08548717
-1.196964257,0.448427055,-0.093360672
-0.985055215,0.495317874,-0.106858106
-0.775309353,0.641104194,-0.104233605
-0.556505882,0.731470342,-0.004877499
-0.353392018,0.842820572,0.011994292
-0.126869336,1.100928156,0.089979462
0.01613665,0.531219888,0.169839275
0.00261772,0.065944638,0.127097403
-0.001738629,0.176042647,0.151467769
0.003656196,0.072933083,0.136470621
-0.001588669,0.081297473,0.113974899
0.003135084,0.062375432,0.090729319
-0.00044897,0.039441784,0.022867225
0.00220158,0.051367881,0.020617652
0.000923168,0.021097114,-0.023623934
0.001530507,0.036093778,-0.072739594
0.002216576,0.017599142,-0.074989166
0.001365551,0.021502024,-0.0911111
0.002557736,0.016050737,-0.09973446
0.001852922,0.008961064,-0.137977188
0.002763932,0.01001083,-0.171720771
0.002767681,0.007622612,-0.20958857
0.002985123,0.012376554,-0.241457509
0.003292542,0.00763011,-0.245956653
0.003513734,0.007127722,-0.224960646
0.004649684,0.011611724,-0.172095699
0.005328254,0.01010456,-0.150724764
0.00617928,0.009688402,-0.132353257
0.00719901,0.008319957,-0.136102544
0.007247748,0.006164186,-0.129728756
0.008173753,0.009808376,-0.130103685
0.00825998,0.001320264,-0.196840994
0.008473674,0.008642385,-0.218961787
0.009440918,-0.001626581,-0.24708144
0.008739854,0.002433766,-0.263953231
0.010561872,0.008691124,-0.243332153
0.009096009,-0.003868582,-0.191591992
0.010993009,0.016991778,-0.103108819
0.010198218,-0.017819229,-0.086611956
0.010359426,0.021213338,-0.059242161
0.012305162,-0.014043819,-0.083237598
0.008458678,0.011394273,-0.148100263
0.015199398,0.008916074,-0.169846127
0.005905602,-0.032943364,-0.201340138
0.01840855,0.078106933,-0.207713926
0.002081612,-0.160070085,-0.169471199
0.046484886,0.72801736,-0.146600548
0.360996833,1.92703064,-0.167596555
0.721336678,1.719544296,-0.004127642
1.025688808,1.682150114,-0.037871225
1.343916024,1.728399826,0.003370932
1.631045202,1.687076518,0.29806489
1.912175964,1.698725177,0.068608526
2.180807526,1.560763366,0.115474613
2.446357403,1.586407662,0.2433253
2.704919124,1.567369397,-0.011626216
2.943858528,1.575969984,0.149968054
3.173909028,1.601573038,0.254198232
3.391767748,1.616644686,0.212956075
3.601453627,1.64647305,0.287941815
3.7954424,1.635592971,0.232452368
3.973824045,1.646454304,0.196084284
4.138656768,1.648636319,0.102727038
4.290521665,1.656824498,0.042363517
4.431660644,1.659073997,0.116599399
4.559528128,1.653097827,0.018743009
4.674232838,1.648201416,-0.003002856
4.775118697,1.625548955,0.089604533
4.861458398,1.614635133,0.014618793
4.935651305,1.600497028,0.038989159
4.99785113,1.576251171,0.185211352
5.047053138,1.555259591,0.157091699
5.08377844,1.525123794,0.131971476
5.108488164,1.498403488,0.147343553
5.121478484,1.465500808,-0.058867232
5.122681916,1.432241956,-0.228709933
5.112964482,1.403572084,-0.260953801
5.092536127,1.364322065,-0.364059194
5.061839233,1.331404387,-0.436045504
5.022403397,1.294223908,-0.406051208
4.974333591,1.256571034,-0.37380734
4.917779775,1.217242282,-0.420673428
4.853338042,1.16825568,-0.379806199
4.780509774,1.12334442,-0.24408201
4.698976304,1.066762007,-0.281949809
4.609195013,1.016223249,-0.265078017
4.511225883,0.971165772,-0.164597126
4.405170139,0.909536981,-0.236583436
4.291072769,0.850101453,-0.295822171
4.169994742,0.795599827,-0.202464924
4.04261088,0.740457093,-0.140976617
3.908355083,0.676462579,-0.202464924
3.76738106,0.608681407,-0.096735031
3.621162172,0.555536978,-0.080238168
3.471925331,0.500532964,-0.258329301
3.316952505,0.429651232,-0.236208507
3.154166742,0.354922855,-0.278200522
2.984306596,0.277168901,-0.368933267
2.807859441,0.208536669,-0.3393139
2.627757,0.134520633,-0.344187973
2.442593396,0.059518568,-0.361809622
2.25414566,-0.01224047,-0.331065468
2.059864464,-0.101853035,-0.253455227
1.862595306,-0.164419118,-0.230959505
1.662323192,-0.258883104,-0.199840423
1.457582258,-0.325393309,-0.138352117
1.254524629,-0.414087329,-0.161222767
1.043646566,-0.498072397,-0.184093418
0.838789413,-0.566783362,-0.16909627
0.624769679,-0.730689401,-0.178469487
0.417539402,-0.752550788,-0.168721341
0.207508615,-1.033745736,-0.071239879
-0.0001453,-0.925158642,-0.071239879
-0.051656698,-0.212659637,-0.059992018
-0.02665455,-0.141238024,0.085480317
-0.037166774,-0.158315475,0.054736164
-0.031809439,-0.073156919,0.043863232
-0.033485246,-0.107454289,0.113225041
-0.033301545,-0.054752263,0.082855817
-0.032135603,-0.074600348,0.095603392
-0.034280036,-0.052491516,0.083230745
-0.032011885,-0.04779756,0.043488303
-0.033991362,-0.046564084,0.042738446
-0.032945389,-0.034544258,0.05886038
-0.033518987,-0.040790369,0.061484881
-0.033601465,-0.029985272,-3.43e-06
-0.033294047,-0.034116853,-0.045369799
-0.033807661,-0.028946753,-0.083612526
-0.03369894,-0.029119215,-0.192716778
-0.034295032,-0.027240883,-0.270327019
-0.034355016,-0.025152597,-0.277075736
-0.034842388,-0.028718054,-0.310069461
-0.035899609,-0.026277347,-0.305195388
-0.036664407,-0.026307341,-0.247456368
-0.037545424,-0.027698281,-0.221211359
-0.038235242,-0.0235667,-0.164222197
-0.038250238,-0.024335279,-0.101234175
-0.039015036,-0.022824365,-0.07686381
-0.038756354,-0.01902646,-0.074614237
-0.039596132,-0.026899709,-0.098234746
-0.039584885,-0.01606087,-0.117731038
-0.039806077,-0.027454585,-0.174345272
-0.040972019,-0.015232304,-0.203214782
-0.039438674,-0.01997125,-0.173220486
-0.042261679,-0.023562951,-0.178094559
-0.039569889,-0.00662047,-0.165346983
-0.042734054,-0.039725606,-0.197215922
-0.040769573,0.012766467,-0.260953801
-0.040979517,-0.051299281,-0.309319604
-0.044132435,0.014333619,-0.332565183
-0.036848108,-0.041618935,-0.284199381
-0.050981876,-0.022217,-0.289073454
-0.024645081,0.046122797,-0.197590851
-0.150975471,-1.193216512,-0.179969202
-0.519540644,-1.894025618,-0.120730468
-0.854833353,-1.599929789,0.06748374
-1.164527822,-1.718632134,-0.055492874
-1.476377972,-1.689291161,0.178087706
-1.758251038,-1.696658272,0.336307618
-2.038673237,-1.631310308,0.045737875
-2.304020666,-1.543999731,0.241450657
-2.570312847,-1.585544239,0.214830719
-2.821350305,-1.549233566,-0.006377214
-3.056848118,-1.581982531,0.222329293
-3.282827193,-1.596143131,0.224203936
-3.498069104,-1.623853217,0.175463205
-3.704298396,-1.638088801,0.261696806
-3.893008563,-1.635970522,0.203207929
-4.067944868,-1.648638954,0.215580576
-4.228807389,-1.645583383,0.164965202
-4.377106977,-1.656643423,0.156341842
-4.51410705,-1.655005038,0.182586851
-4.637183299,-1.647229267,0.085855246
-4.747156758,-1.641849214,0.134595977
-4.843686268,-1.62631267,0.142844409
-4.926224472,-1.612800676,0.057735594
-4.99655215,-1.600840836,0.13947005
-5.054526841,-1.580929016,0.185211352
-5.099095072,-1.555678383,0.073857528
-5.131164104,-1.532054888,0.112475184
-5.151791157,-1.507599078,0.068983455
-5.160721298,-1.477770713,-0.167596555
-5.158003266,-1.4474887,-0.184093418
-5.145042939,-1.412846406,-0.206214211
-5.121757837,-1.378496547,-0.334814755
-5.088219194,-1.345185207,-0.335189684
-5.04620029,-1.309080738,-0.286074024
-4.995768607,-1.271371627,-0.283074595
-4.936747943,-1.227292682,-0.341563472
-4.869453213,-1.184226012,-0.248956083
-4.793565753,-1.139603438,-0.159348124
-4.709081813,-1.088689764,-0.268452375
-4.616117612,-1.035147925,-0.214837571
-4.515224255,-0.981118693,-0.186717919
-4.406495467,-0.924210103,-0.329940682
-4.289758793,-0.863826035,-0.319817607
-4.165985228,-0.806707491,-0.210713356
-4.035737123,-0.746897046,-0.216712215
-3.898305914,-0.680870483,-0.203214782
-3.753905296,-0.619222947,-0.085112241
-3.60548199,-0.565609873,-0.135352687
-3.453995743,-0.502980055,-0.204714496
-3.295825011,-0.433069357,-0.155973765
-3.129961311,-0.354666797,-0.20658914
-2.95679079,-0.271911456,-0.241832438
-2.778649082,-0.210008976,-0.190842134
-2.596124781,-0.130129245,-0.20358971
-2.409022939,-0.058778867,-0.253080299
-2.218693199,0.021629496,-0.211088284
-2.021678974,0.105007199,-0.165721912
-1.823734995,0.174640459,-0.176219915
-1.620201242,0.268069675,-0.157848409
-1.4162476,0.321840214,-0.181468917
-1.209695895,0.439151618,-0.231709363
-0.999218975,0.487298408,-0.244456939
-0.792596038,0.612966703,-0.205089425
-0.575438383,0.728459762,-0.215587429
-0.374262757,0.801328552,-0.153349264
-0.1518115,1.094674548,0.019492866
0.00947091,0.623269411,-0.062616519
0.006797866,0.07605239,-0.034871795
-0.003129512,0.170508878,0.108350968
0.004848381,0.081151255,-0.008626786
-0.001438709,0.071339688,0.01274415
0.003446251,0.070469881,0.043113374
0.000323326,0.036483692,-0.06824045
0.002321548,0.053403678,-0.06524102
0.001804185,0.020009856,-0.079113382
0.001624233,0.037248521,-0.07086495
0.002677704,0.020381024,-0.034871795
0.001612985,0.020564733,-0.011626216
0.002910143,0.019076314,0.07910653
0.002366536,0.01266524,0.059985166
0.002947633,0.016871804,0.061859809
0.003011366,0.010018329,0.111725326
0.003266299,0.014063679,0.023992011
0.003618706,0.006876528,-0.011626216
0.003809905,0.006306654,-0.036746439
0.004795895,0.011615474,-0.139476903
0.005586936,0.010625694,-0.178094559
0.006452957,0.0099246,-0.199840423
0.007472688,0.008379943,-0.219711644
0.007757613,0.005676795,-0.206964069
0.00811002,0.007146468,-0.223460931
0.008946049,0.003333566,-0.238833008
0.008664873,0.005628055,-0.251580584
0.009793325,0.006025467,-0.255329871
0.009298456,-0.001754052,-0.233209078
0.010434406,0.013741251,-0.236208507
0.010408163,-0.007272825,-0.165346983
0.010018266,0.011158075,-0.067490592
0.012072723,-0.002372665,-0.061491733
0.009193484,0.001252779,0.008619934
0.0134861,0.014704786,0.034490014
0.009309703,-0.022194505,-0.023998863
0.013875997,0.042099942,-0.063741305
0.01106424,-0.051505485,-0.146975477
0.010843048,0.0703874,-0.217087144
0.0172726,-0.082057439,-0.329565754
-0.000306508,0.151245663,-0.334439827
0.202409961,1.583157135,-0.36218455
0.581288661,1.890435031,-0.295822171
0.89545195,1.622778321,-0.127854113
1.209930156,1.752930619,-0.188967491
1.51115936,1.681325297,0.115099685
1.790966721,1.722551127,0.158591414
2.066005342,1.61042107,-0.00187807
2.329500761,1.564291332,0.294690532
2.594117134,1.588953346,0.175463205
2.839201164,1.558705074,0.124847831
3.072554543,1.597962591,0.338182261
3.29493082,1.609416294,0.269945238
3.50805454,1.638416093,0.256447805
3.70876154,1.638738521,0.24632473
3.892556755,1.641130489,0.190460353
4.062829291,1.648973744,0.141344694
4.218971809,1.652546699,0.07310767
4.36408099,1.656322109,0.151467769
4.496244839,1.653176559,0.137970335
4.615624565,1.652932863,0.032990299
4.72126042,1.635161817,0.09335382
4.812425096,1.622144712,0.137220478
4.891038086,1.609832451,0.134595977
4.957200615,1.591439043,0.26057202
5.011013904,1.572734453,0.31268711
5.051765643,1.547543807,0.166089988
5.080201884,1.523140486,0.178087706
5.097016194,1.49624022,0.074607385
5.101616229,1.462272776,-0.185593133
5.094987979,1.426595712,-0.226085432
5.077896243,1.394754045,-0.329190825
5.050663434,1.361821371,-0.441669435
5.013784423,1.32581813,-0.45179251
4.968061497,1.288004042,-0.442419292
4.914323188,1.249320147,-0.452917296
4.852254578,1.208416746,-0.458541226
4.781765692,1.160603632,-0.314193677
4.702867776,1.110934681,-0.24408201
4.614919751,1.060118485,-0.262828445
4.518506461,1.007975084,-0.164972054
4.414583904,0.95319227,-0.128229042
4.302818417,0.896722332,-0.229084862
4.183929812,0.837178078,-0.21821193
4.05859291,0.776977719,-0.110982321
3.926867695,0.721827487,-0.193466635
3.788326779,0.653296482,-0.196466065
3.643138869,0.592177578,-0.09710996
3.49468932,0.542711082,-0.24408201
3.341692222,0.469463625,-0.304445531
3.181084633,0.396542347,-0.255329871
3.01326395,0.31902834,-0.302945816
2.838503849,0.245683405,-0.278200522
2.659841028,0.175094108,-0.195716208
2.476158283,0.091525198,-0.194216493
2.289611294,0.027406961,-0.192341849
2.097744461,-0.061410782,-0.106483177
1.900857702,-0.128813288,-0.099359532
1.70296621,-0.217870977,-0.114731608
1.498296507,-0.296685945,-0.10835782
1.295864963,-0.367875109,-0.162347553
1.086553985,-0.475408688,-0.24108258
0.880650858,-0.524335305,-0.305195388
0.670777529,-0.693310216,-0.300696244
0.459936956,-0.730082036,-0.318317893
0.257321711,-0.948538441,-0.253455227
0.037970884,-1.034184389,-0.167596555
-0.053115062,-0.337514363,-0.197215922
-0.027438093,-0.109482588,-0.072739594
-0.033391521,-0.18140284,-0.019499719
-0.032278065,-0.071188607,-0.062991448
-0.030767214,-0.106798185,0.045362947
-0.033069106,-0.061230822,0.062609667
-0.030373568,-0.064365125,0.046487733
-0.032997875,-0.058977573,0.054736164
-0.03078221,-0.047250182,0.018743009
-0.032289312,-0.052420282,-0.005252428
-0.031700717,-0.033010849,-0.055117945
-0.031790694,-0.04114654,-0.054743016
-0.032311806,-0.030435172,-0.05661766
-0.031963148,-0.032804645,-0.087736742
-0.03263797,-0.029655346,-0.088111671
-0.032251822,-0.026247354,-0.122230182
-0.032814173,-0.030157734,-0.121105396
-0.033009122,-0.02743584,-0.109107678
-0.033264055,-0.026442311,-0.092985744
-0.034073841,-0.026472304,-0.030372651
-0.034924866,-0.027990716,-0.020999433
-0.035749648,-0.028148181,-0.061116804
-0.036668156,-0.024998882,-0.077613667
-0.036810618,-0.021939562,-0.06524102
-0.037384217,-0.025460029,-0.094485459
-0.037586663,-0.018940229,-0.133103115
-0.037695384,-0.025981163,-0.172845557
-0.038700119,-0.018190396,-0.254205085
-0.037729125,-0.017714252,-0.339688828
-0.039449921,-0.025778708,-0.379431271
-0.038302724,-0.008914959,-0.309319604
-0.039809826,-0.032748408,-0.230959505
-0.039708603,-0.001555347,-0.149974906
-0.039011287,-0.035991436,-0.067115663
-0.041841789,-0.013961337,-0.061116804
-0.037046806,-0.016934426,-0.049868943
-0.044537328,-0.035252851,-0.062991448
-0.035738401,0.026473418,-0.03637151
-0.045624541,-0.09769896,-0.054743016
-0.034999846,0.135307958,-0.070490022
-0.058176226,-0.563154169,-0.063366376
-0.35141629,-1.808657108,-0.191591992
-0.72166102,-1.709311707,-0.10273389
-1.025919424,-1.651113403,-0.199090566
-1.344274106,-1.741948197,-0.232084291
-1.633360268,-1.691416938,0.094853535
-1.913553777,-1.709285463,-0.122230182
-2.183332537,-1.577146107,-0.12298004
-2.446786716,-1.601062037,0.109100826
-2.705041019,-1.592097781,-0.103858676
-2.943133146,-1.594373525,0.053236449
-3.172580056,-1.629199528,0.311937252
-3.390063875,-1.643768787,0.324684828
-3.599104924,-1.674095791,0.424415862
-3.793134937,-1.670335377,0.398170853
-3.971512832,-1.681616618,0.349055194
-4.136428033,-1.684488479,0.280443241
-4.288079237,-1.692365477,0.173588562
-4.427943553,-1.694030107,0.21745522
-4.554453895,-1.690828319,0.153342412
-4.668206357,-1.685898165,0.085105389
-4.767667592,-1.670335377,0.124847831
-4.853969802,-1.659740234,0.032990299
-4.927874036,-1.645703357,0.017993151
-4.989601486,-1.629716913,0.188210781
-5.038769752,-1.606554565,0.131221619
-5.074509064,-1.580452872,0.071607955
-5.098551466,-1.554133726,0.17696292
-5.110289616,-1.524252873,-0.013875788
-5.110432078,-1.495639238,-0.123729897
-5.100474708,-1.461203149,-0.062991448
-5.07960022,-1.426575852,-0.165721912
-5.048817099,-1.393654425,-0.22383586
-5.009433749,-1.357913625,-0.251955513
-4.961633871,-1.32048945,-0.286074024
-4.905443709,-1.279927223,-0.407175994
-4.841095702,-1.237854083,-0.476537804
-4.767873788,-1.189564825,-0.35656062
-4.685669245,-1.138126267,-0.421423285
-4.59525812,-1.087220091,-0.435670576
-4.496464209,-1.032261067,-0.291323026
-4.389887352,-0.975292489,-0.350186832
-4.275677512,-0.916201884,-0.410925281
-4.154213337,-0.85674386,-0.266952661
-4.026379594,-0.798916724,-0.151474621
-3.891677664,-0.735252136,-0.17771963
-3.750025071,-0.669135594,-0.041620512
-3.603165102,-0.611687123,0.020617652
-3.453062239,-0.548738626,-0.146225619
-3.297107172,-0.476807127,-0.143601118
-3.133361663,-0.401070225,-0.17771963
-2.96239556,-0.317981208,-0.303320745
-2.785895918,-0.248152991,-0.288698525
-2.604859974,-0.169544228,-0.249331012
-2.419310222,-0.097571488,-0.296572028
-2.231312367,-0.020904792,-0.283074595
-2.036547548,0.064681169,-0.197590851
-1.840481823,0.134228198,-0.222336145
-1.639534887,0.236655414,-0.163472339
-1.436177338,0.294958694,-0.088111671
-1.2320175,0.401892407,-0.137977188
-1.021394369,0.470779583,-0.158973195
-0.816829639,0.578665584,-0.160847839
-0.60138903,0.709713932,-0.170221056
-0.399654802,0.754096559,-0.201715067
-0.182845805,1.069022754,-0.097859817
-0.002106032,0.734128501,-0.087736742
0.012072723,0.102206572,-0.141726475
-0.004505399,0.153930066,0.002996003
0.005935594,0.103571268,-0.118855824
-0.001078804,0.061906786,-0.211838142
0.003420008,0.076967186,-0.106483177
0.001298069,0.034147961,-0.152224478
0.00201413,0.05618181,-0.103858676
0.002662708,0.023192898,-0.028872936
0.001616734,0.032629549,0.028866084
0.003333781,0.024137688,0.082855817
0.002047871,0.019436234,0.08173103
0.003063852,0.019608695,0.140969765
0.002936386,0.012282825,0.113225041
0.003277546,0.017216728,0.095978321
0.003483741,0.009257248,0.090729319
0.003476243,0.011240557,-0.025123649
0.00386989,0.008458676,-0.076113952
0.004031097,0.006201678,-0.121105396
0.004713417,0.010494473,-0.181843846
0.005691908,0.010318262,-0.191966921
0.006445459,0.007926294,-0.172095699
0.007064046,0.009223506,-0.152599407
0.007873832,0.00111406,-0.123354969
0.008027542,0.001987615,-0.041995441
0.009058519,0.009467201,-0.011626216
0.008968543,0.000746641,-0.011251287
0.009609624,0.008511164,-0.012376073
0.009954533,0.000480451,-0.071239879
0.009722094,0.006944013,-0.130478614
0.011169212,-0.002841311,-0.150349835
0.009632118,0.001841398,-0.129728756
0.012260174,0.013313846,-0.173970343
0.009977027,-0.013428955,-0.18934242
0.012473867,0.027103278,-0.158973195
0.011810293,-0.027728274,-0.23545865
0.010546876,0.030166347,-0.251580584
0.015308119,-0.017747995,-0.258329301
0.006617914,0.005575567,-0.242957224
0.021336527,0.034744079,-0.243707081
-0.003534405,-0.111705844,-0.233958935
0.094254772,1.077327157,-0.176219915
0.447595215,1.971390773,-0.126729327
0.788680145,1.658459134,0.111725326
1.093902045,1.728441067,0.04423816
1.406250813,1.721872528,0.137970335
1.687205372,1.725243028,0.378299632
1.96531818,1.693941241,0.043863232
2.229109771,1.585196681,0.105726467
2.493313753,1.626489996,0.132346405
2.743983808,1.593782271,-0.121855254
2.978495631,1.623693118,0.032240442
3.204306001,1.647001683,0.049112234
3.418318237,1.672432276,0.028866084
3.623085414,1.688902362,0.116599399
3.810670879,1.683349847,0.148843268
3.984081336,1.697922855,0.216330434
4.143043109,1.695875811,0.205082573
4.289621902,1.706988339,0.285317315
4.425321068,1.707543215,0.303688821
4.547156395,1.699531248,0.193084854
4.655600258,1.693768779,0.243700229
4.750105302,1.680013089,0.233952083
4.831132656,1.670295251,0.149593125
4.900545576,1.656783257,0.18558628
4.957538026,1.632496159,0.244450086
5.001596391,1.611260883,0.080981173
5.033466725,1.589110811,-0.003752713
5.052657907,1.558435134,0.027366369
5.060039708,1.527920672,-0.19496635
5.056256957,1.494474362,-0.241457509
5.04117469,1.457751281,-0.197215922
5.01599259,1.424908587,-0.329565754
4.981186781,1.38879662,-0.374557198
4.937649528,1.350641358,-0.304070602
4.886239354,1.314244454,-0.2557048
4.826731318,1.272021347,-0.346062616
4.759031695,1.226776412,-0.27857545
4.682446919,1.177613598,-0.166846698
4.597074463,1.122313399,-0.317193106
4.503206751,1.069412667,-0.348687117
4.400903766,1.014821061,-0.330315611
4.290832832,0.955119342,-0.467164586
4.173395094,0.896936034,-0.528652893
4.049659019,0.838224095,-0.452917296
3.920040747,0.777900014,-0.451417581
3.783501803,0.714257921,-0.479537234
3.640387095,0.649502326,-0.328440967
3.493182218,0.592451267,-0.297321885
3.341950903,0.526563424,-0.310819319
3.184267543,0.449930471,-0.163472339
3.018928704,0.369837037,-0.112482036
2.84576943,0.292480495,-0.122605111
2.668572472,0.220717709,-0.082862669
2.486704248,0.142240166,-0.061491733
2.301544393,0.0766785,-0.099359532
2.112361851,-0.016252077,-0.092610815
1.9171509,-0.092243923,-0.085862099
1.721208892,-0.174320665,-0.140601689
1.518589898,-0.261702477,-0.165346983
1.317185583,-0.328737565,-0.216712215
1.109831589,-0.445464099,-0.271826734
0.903538564,-0.495804151,-0.28457431
0.696878137,-0.657621905,-0.277825593
0.484819135,-0.720229228,-0.287573739
0.2851956,-0.890520097,-0.239207937
0.064217703,-1.069059131,-0.093360672
-0.050846911,-0.433575494,-0.068615378
-0.029507547,-0.095276998,-0.005252428
-0.030984656,-0.188616235,0.071607955
-0.032780432,-0.079639227,-0.013500859
-0.029237618,-0.104226258,0.010869506
-0.032892903,-0.073625565,-0.006752143
-0.029413821,-0.062955438,-0.059242161
-0.032135603,-0.061302056,-0.064491163
-0.030163623,-0.042421256,-0.14885012
-0.03127333,-0.053001402,-0.142851261
-0.031247087,-0.032808394,-0.182968632
-0.030928421,-0.040734131,-0.195341279
-0.031798192,-0.031848608,-0.131978329
-0.031022147,-0.033479495,-0.130478614
-0.031888168,-0.032797147,-0.037871225
-0.031599494,-0.026217361,-0.018000004
-0.032000638,-0.031893598,-0.035996581
-0.032233077,-0.025415039,-0.004502571
-0.032368041,-0.024447754,-0.008251858
-0.033342784,-0.028076947,0.038239301
-0.034197558,-0.026955946,0.060360095
-0.034819894,-0.025643738,0.017618223
-0.035622182,-0.024788928,-0.031872366
-0.036147043,-0.020098722,-0.032247294
-0.036293255,-0.024354025,-0.06224159
-0.036870602,-0.021823338,-0.100859247
-0.036851857,-0.02060111,-0.086237027
-0.037991556,-0.02334175,-0.177344701
-0.037350475,-0.0136764,-0.270701948
-0.038235242,-0.02932167,-0.298446671
-0.038291477,-0.011764326,-0.282699666
-0.037849094,-0.026457307,-0.220086573
-0.040019771,-0.015176067,-0.177344701
-0.037140531,-0.017594279,-0.055492874
-0.041369414,-0.032392237,-0.009376644
-0.037009316,0.008871084,-0.015000574
-0.041106983,-0.057556639,0.018743009
-0.039329953,0.034811564,-0.03937094
-0.037984058,-0.078192049,-0.074239309
-0.045913214,0.048514765,-0.09411053
-0.025398632,-0.122619666,-0.095985173
-0.218288945,-1.490724082,-0.217837001
-0.599488282,-1.851382604,-0.188967491
-0.91710066,-1.613314312,-0.111732179
-1.230536641,-1.766850158,-0.238083151
-1.531923304,-1.710743889,0.100102537
-1.809957384,-1.747444475,0.146593696
-2.084159975,-1.649561249,-0.038621082
-2.345668419,-1.615844999,0.254573161
-2.607727967,-1.646775618,0.119598829
-2.850090216,-1.623080889,0.00974472
-3.080538112,-1.667928413,0.258322448
-3.300421297,-1.682066518,0.239950942
-3.510684523,-1.718459672,0.252698518
-3.709288328,-1.723082394,0.299189676
-3.89063544,-1.729793401,0.272944667
-4.058501111,-1.741888211,0.241825585
-4.212690395,-1.74611727,0.136845549
-4.355182767,-1.752937003,0.164215344
-4.4843774,-1.748482993,0.119598829
-4.600896631,-1.747478217,-0.01050143
-4.703540776,-1.732642767,0.0761071
-4.792058651,-1.722242581,0.109475754
-4.868755898,-1.712693455,0.06448431
-4.933130148,-1.693482728,0.224203936
-4.98526763,-1.674122035,0.282317885
-5.024755953,-1.648762676,0.187460924
-5.051752574,-1.621944892,0.278568598
-5.066602402,-1.593053819,0.212206218
-5.069676591,-1.559626255,0.020617652
-5.061773677,-1.526659838,-0.010126501
-5.042991137,-1.490382908,-0.121855254
-5.014026286,-1.453851034,-0.287948668
-4.976131293,-1.421079574,-0.379806199
-4.930085952,-1.381417147,-0.388429559
-4.875594092,-1.341177348,-0.458166298
-4.813390518,-1.300007757,-0.591640915
-4.743235294,-1.25225088,-0.483661449
-4.663741286,-1.201554657,-0.444668864
-4.57586824,-1.145062224,-0.533901895
-4.479484942,-1.09118296,-0.40567628
-4.374703862,-1.032703468,-0.380556057
-4.262394769,-0.971190902,-0.452167438
-4.142700127,-0.912025313,-0.379806199
-4.016684654,-0.850059097,-0.294697384
-3.884258374,-0.788321581,-0.349436975
-3.745016393,-0.719828067,-0.33069054
-3.599798491,-0.659245294,-0.209213641
-3.451206479,-0.600177184,-0.304070602
-3.298055672,-0.525891208,-0.316443249
-3.137110673,-0.449396974,-0.215587429
-2.968506446,-0.366202981,-0.27857545
-2.793832572,-0.292779314,-0.284199381
-2.614678631,-0.214627949,-0.222711074
-2.430763448,-0.140057037,-0.260578873
-2.244617603,-0.064556332,-0.255329871
-2.052038457,0.026653378,-0.178469487
-1.857082439,0.094115871,-0.180344131
-1.658557364,0.199433693,-0.136852402
-1.456174557,0.260942511,-0.07386438
-1.254519058,0.362638639,-0.086986885
-1.045208081,0.448445801,-0.090736172
-0.842112962,0.53116365,-0.052868373
-0.628715564,0.694627288,-0.002252998
-0.425511724,0.720661497,-0.03337208
-0.214539935,1.025487438,0.009369791
-0.017844376,0.837204322,0.028866084
0.017073903,0.144264716,-0.036746439
-0.00503026,0.133125944,0.043488303
0.005905602,0.124075457,0.023242153
-0.000231527,0.054333471,-0.03937094
0.003176323,0.082508453,-3.43e-06
0.002317799,0.032569562,-0.03337208
0.001909157,0.05568692,-0.061116804
0.003161327,0.025727334,-0.10835782
0.001702962,0.029124079,-0.149599977
0.003622455,0.02341035,-0.147350405
0.002317799,0.015544599,-0.208838712
0.003408761,0.023661544,-0.174345272
0.003090095,0.009377221,-0.089611386
0.003378769,0.013212618,-0.054743016
0.003858642,0.00834995,0.023992011
0.003558722,0.011240557,0.060360095
0.00432352,0.010299516,0.067108811
0.004271034,0.005174406,0.054361235
0.004687174,0.008814847,0.013119078
0.005710653,0.006407882,0.010869506
0.006565428,0.007093979,-0.017625075
0.007326477,0.009905854,-0.126354398
0.008263729,0.005980477,-0.197215922
0.00822249,0.003116114,-0.188592562
0.008837328,0.005868002,-0.20958857
0.009088511,-0.001611584,-0.211088284
0.009365938,0.005358115,-0.167971484
0.010411912,0.003277328,-0.175470058
0.009557138,0.002467508,-0.185593133
0.011412898,0.008106254,-0.157848409
0.010096995,-0.00720534,-0.086986885
0.01178405,0.012241584,-0.018000004
0.01132667,-0.01350019,0.053236449
0.010753072,0.019391244,0.161590844
0.013767276,-0.009064926,0.146593696
0.009021029,0.004570791,0.114349827
0.016196634,0.015889523,0.045737875
0.007705127,-0.040779121,-0.086237027
0.018213602,0.085369067,-0.193091707
0.006093052,-0.157670619,-0.285324167
0.034416823,0.609487477,-0.295072313
0.331552109,1.891795978,-0.359934978
0.697822888,1.757635822,-0.210338427
1.00095284,1.691039387,-0.195716208
1.317684201,1.770724161,-0.212587999
1.604843371,1.719638025,0.160840986
1.882888698,1.756597303,0.058485451
2.149544532,1.628709502,0.102727038
2.411484112,1.646937947,0.374925274
2.667410279,1.639608327,0.183336708
2.903354224,1.648561336,0.254573161
3.130900385,1.685216932,0.397795925
3.346269763,1.704836317,0.349055194
3.553331334,1.739298651,0.372300773
3.745111941,1.731781573,0.290941245
3.921529104,1.744262547,0.169464346
4.084502318,1.750553648,-0.011626216
4.23366043,1.761339998,-0.153349264
4.371335324,1.766738797,-0.095610245
4.495693735,1.759337944,-0.159723052
4.607260523,1.75764707,-0.136477473
4.704412369,1.740029739,0.08173103
4.787902821,1.723627137,0.112850112
4.859775092,1.715506444,0.163465487
4.919054438,1.696933076,0.354304195
4.966235729,1.675442856,0.339307047
5.000944064,1.647830248,0.309312751
5.023276916,1.620048928,0.374925274
5.033792889,1.588289743,0.162340701
5.032439497,1.54959835,-0.034871795
5.020221473,1.519140125,-0.075364095
4.9968314,1.47641463,-0.24108258
4.963570183,1.437951936,-0.387304773
4.92162251,1.406710135,-0.425922429
4.871100851,1.365341838,-0.450292795
4.81320489,1.32554819,-0.542525255
4.747064855,1.28064068,-0.584142341
4.672388325,1.231650327,-0.477287661
4.589610184,1.17895205,-0.493409595
4.498201823,1.124409183,-0.470164016
4.398530643,1.062825382,-0.289073454
4.290585398,0.997586145,-0.28719881
4.175010917,0.944205519,-0.33631447
4.052894415,0.885407349,-0.282699666
3.924389599,0.821277865,-0.290948097
3.789845128,0.758606806,-0.395553205
3.648439969,0.690225767,-0.36218455
3.50199614,0.633857056,-0.332565183
3.35279304,0.571992068,-0.473163446
3.197733987,0.493199595,-0.478037519
3.03507569,0.415089471,-0.466414729
2.864405759,0.334103736,-0.556772546
2.688573441,0.262389689,-0.508031815
2.508204821,0.179851799,-0.383180558
2.323865999,0.106064463,-0.338938971
2.136520471,0.02269051,-0.207338997
1.942606678,-0.057942803,-0.03937094
1.747958079,-0.13680651,-0.009376644
1.547607235,-0.233238809,0.043488303
1.347252643,-0.298755485,0.073482599
1.14265792,-0.414634707,0.034490014
0.935918764,-0.467145526,-0.01912479
0.732564963,-0.615886189,-0.050618801
0.519666183,-0.710552631,-0.082112811
0.322074611,-0.819814575,-0.185218204
0.102431362,-1.089675795,-0.178844416
-0.043611322,-0.571972208,-0.165346983
-0.0340401,-0.09859501,-0.122230182
-0.027505575,-0.189594767,0.003370932
-0.033593967,-0.093319934,-0.029622793
-0.02794046,-0.095910607,-0.006752143
-0.032480511,-0.080051635,0.014243864
-0.029061414,-0.054253624,-0.017625075
-0.031168358,-0.070187579,0.00974472
-0.030084894,-0.041948861,-0.013875788
-0.030268596,-0.053361322,0.066733882
-0.030962162,-0.034832944,0.065234168
-0.029889946,-0.039950556,-0.026998293
-0.031018398,-0.037149929,-0.047244442
-0.030501034,-0.03040143,-0.162347553
-0.031108374,-0.034675479,-0.211463213
-0.030890931,-0.027855746,-0.209213641
-0.031097127,-0.032354745,-0.236958365
-0.031577,-0.031608661,-0.220086573
-0.031562004,-0.025238828,-0.211838142
-0.032135603,-0.027177147,-0.170595985
-0.032982879,-0.028013211,-0.095610245
-0.0340401,-0.026824725,-0.043495155
-0.034823643,-0.028635573,-0.016875218
-0.035116065,-0.022471944,0.035989729
-0.035232285,-0.025088862,0.049862091
-0.036098306,-0.025767461,-0.009751572
-0.035805883,-0.018535319,-0.049494015
-0.036709395,-0.028403124,-0.113981751
-0.036930586,-0.01759053,-0.178469487
-0.036739387,-0.026686006,-0.238083151
-0.038190254,-0.017523045,-0.234708792
-0.036529442,-0.020334919,-0.192341849
-0.039329953,-0.029201697,-0.238083151
-0.036919339,-0.003264966,-0.16047291
-0.039123757,-0.043279815,-0.100109389
-0.038535163,0.007851311,-0.077988596
-0.03744795,-0.047028981,0.046862661
-0.042010495,0.003614753,0.082480888
-0.033455254,-0.025827447,0.10497661
-0.048230102,-0.051138067,0.037864373
-0.02290554,0.090985318,0.039739016
-0.122531732,-1.057894115,0.002621075
-0.47929877,-1.91127553,-0.025498578
-0.822194472,-1.638100048,0.141344694
-1.127944982,-1.74323791,-0.081362954
-1.44006881,-1.75038757,0.019117938
-1.720104861,-1.755508931,0.168714489
-1.997216684,-1.721309038,-0.196466065
-2.259381204,-1.627756099,0.01836808
-2.521343278,-1.677908693,0.106476325
-2.769396525,-1.653497873,-0.061866662
-3.000804167,-1.691773109,0.239576013
-3.224061462,-1.715265383,0.310062609
-3.435389406,-1.741835722,0.257197662
-3.636887447,-1.765005568,0.367051771
-3.821548683,-1.765642926,0.388797636
-3.992743476,-1.783811385,0.39629621
-4.150066932,-1.785869677,0.305563464
-4.294864945,-1.796566047,0.257572591
-4.428018533,-1.797660804,0.227578295
-4.546539735,-1.791021031,0.024366939
-4.652003135,-1.785892172,-0.018374932
-4.743651434,-1.769065915,0.018743009
-4.821405901,-1.754965302,-0.073114523
-4.888089542,-1.745776096,0.010119649
-4.942967551,-1.722681233,0.106476325
-4.984765263,-1.699796324,-0.040120797
-5.014821076,-1.677038886,0.014618793
-5.032902551,-1.641935445,0.088854676
-5.038709768,-1.610708641,-0.04499487
-5.033776071,-1.580329149,0.014243864
-5.017899013,-1.540516755,0.058485451
-4.991468493,-1.501019292,-0.078738453
-4.956092835,-1.464251221,-0.178844416
-4.911753293,-1.425248647,-0.207338997
-4.8592784,-1.385646206,-0.276700807
-4.799376719,-1.342553292,-0.43154636
-4.731249709,-1.296142366,-0.429296788
-4.654503725,-1.245742328,-0.393303633
-4.569266234,-1.191671856,-0.56427112
-4.475503494,-1.137252711,-0.566520692
-4.37365039,-1.075803881,-0.491534952
-4.263583205,-1.013916397,-0.629883642
-4.145598112,-0.954120949,-0.616386209
-4.021310932,-0.890347635,-0.435670576
-3.890837886,-0.829719872,-0.478412447
-3.7536991,-0.760675231,-0.481786806
-3.609834591,-0.691431884,-0.275950949
-3.462116099,-0.638669871,-0.273701377
-3.310989756,-0.570191354,-0.305945245
-3.153197675,-0.489528047,-0.227210218
-2.987581409,-0.406776455,-0.262078588
-2.814800785,-0.331493202,-0.346812474
-2.637937489,-0.256689842,-0.36218455
-2.45559689,-0.171640011,-0.364809051
-2.270729458,-0.098336318,-0.404926422
-2.080789615,-0.0094061,-0.334814755
-1.886320968,0.061816806,-0.253830156
-1.689869095,0.162050759,-0.235083721
-1.488213596,0.233727315,-0.16047291
-1.288837496,0.318574691,-0.10273389
-1.081517243,0.423382626,-0.071239879
-0.878733292,0.485787494,-0.044245013
-0.669456056,0.667547062,0.026241583
-0.463181776,0.698121511,0.058110522
-0.259355601,0.950267921,0.121098544
-0.047127894,0.952239982,0.216705362
0.022142564,0.241090677,0.138720193
-0.004029275,0.096852763,0.180337279
0.0049646,0.14833631,0.175838134
0.001639229,0.049534538,0.053611378
0.002074114,0.087562329,0.051736734
0.003318785,0.038894405,-0.023998863
0.001313065,0.048964665,-0.03937094
0.003967364,0.030908682,-0.05361823
0.001965392,0.028070563,-0.08248774
0.003866141,0.031643518,-0.020624505
0.003026362,0.013921211,-0.037871225
0.003420008,0.022791737,-0.031122508
0.003832399,0.00547434,-0.023623934
0.003656196,0.012380303,-0.042745298
0.004278532,0.011383025,-0.04499487
0.004038595,0.006089203,-0.075739024
0.004630939,0.008781104,-0.071614808
0.004769652,-0.001874026,-0.12298004
0.00530576,0.002609977,-0.185968061
0.005984331,0.010445734,-0.174345272
0.006775372,0.006527855,-0.195341279
0.007701378,0.008391191,-0.233958935
0.00856365,0.006347895,-0.229834719
0.008777344,-0.002875053,-0.191966921
0.008991037,0.00187514,-0.176594844
0.00966211,0.00201011,-0.160097981
0.009365938,0.004784493,-0.098609674
0.010610609,0.003363559,-0.080988025
0.010074501,-0.004228502,-0.122230182
0.011244192,0.012174099,-0.141726475
0.011180459,-0.010163432,-0.108732749
0.010914279,0.008106254,-0.06824045
0.01284127,-0.005173292,-0.05361823
0.010216963,0.001084066,0.024741868
0.014415855,0.008338702,0.049862091
0.009789576,-0.025235079,0.010869506
0.014839493,0.04049155,-0.009001715
0.011581603,-0.05305764,-0.067865521
0.011960253,0.073041809,-0.0911111
0.017475047,-0.091377866,-0.138727045
0.00125683,0.174130572,-0.133852972
0.209720531,1.606889356,-0.164597126
0.588520501,1.885887293,-0.050993729
0.901517848,1.650199721,0.071607955
1.215081295,1.790077356,-0.02474872
1.513348782,1.727053875,0.310437537
1.79070804,1.782335328,0.297315033
2.062500018,1.679229514,0.055111093
2.322730049,1.649764818,0.296940104
2.582750135,1.675229154,0.127097403
2.822713018,1.661181029,0.016868365
3.052006219,1.706429713,0.250823874
3.270524765,1.721486364,0.257572591
3.479370865,1.762865909,0.261696806
3.675447837,1.756042427,0.278568598
3.854969181,1.766168924,0.247449516
4.020975344,1.784464854,0.158591414
4.172517826,1.782204107,0.067108811
4.313026972,1.7961735,0.139844979
4.440965687,1.796672139,0.089229604
4.55588409,1.783527563,0.008994863
4.657144851,1.772040118,0.092229034
4.743986918,1.764054394,0.095603392
4.817831168,1.746916957,0.092603963
4.879607355,1.728853475,0.230577724
4.929180514,1.710565043,0.29244096
4.966400685,1.684485844,0.18558628
4.991908949,1.656704524,0.19420964
5.005499111,1.628649515,0.083980603
5.007486086,1.594749556,-0.148100263
4.998316008,1.554783447,-0.138352117
4.978315039,1.51273655,-0.190092277
4.948034285,1.476452121,-0.321692251
4.908231046,1.443159527,-0.344562902
4.860281208,1.399354272,-0.347187402
4.804338481,1.35319454,-0.418423855
4.740474096,1.311308857,-0.50353267
4.668605574,1.26310583,-0.394803347
4.588328023,1.209301549,-0.358810192
4.49987763,1.158710303,-0.436045504
4.403224403,1.099072319,-0.337064328
4.298323354,1.035651427,-0.372307625
4.185433165,0.978105478,-0.517779961
4.065457347,0.910058115,-0.46903923
3.938991993,0.849940239,-0.428172002
3.806400756,0.791715691,-0.537276253
3.667020062,0.721894972,-0.542900184
3.522098332,0.664555227,-0.466789658
3.374762239,0.6051122,-0.558647189
3.222304998,0.530912456,-0.571769694
3.062555933,0.450691551,-0.488910451
2.894903955,0.36672523,-0.535776539
2.720788684,0.291250769,-0.528277965
2.542189596,0.209001565,-0.433421003
2.358885501,0.137238779,-0.416549212
2.173414478,0.053894819,-0.385805059
1.981153999,-0.034615492,-0.261703659
1.787543875,-0.100690794,-0.172095699
1.589311222,-0.208618036,-0.110982321
1.388375533,-0.270213084,-0.028123079
1.187364864,-0.375455923,-0.000753284
0.979812173,-0.452332571,-0.037121367
0.77877526,-0.559539973,-0.037121367
0.567199881,-0.700564852,-0.027373221
0.368303654,-0.754162929,-0.052493444
0.155603571,-1.065115008,0.014618793
-0.02442014,-0.754470361,0.067108811
-0.041088238,-0.131025296,0.086980032
-0.023989004,-0.17272727,0.198333856
-0.033871394,-0.126267604,0.199833571
-0.027003208,-0.084048246,0.155591984
-0.031089629,-0.096525471,0.153342412
-0.028866466,-0.052214078,0.097852965
-0.029488801,-0.073310635,0.059985166
-0.029931185,-0.039549395,0.008619934
-0.028877713,-0.05391245,-0.022124219
-0.030407309,-0.04465201,-0.040120797
-0.028903956,-0.036190142,-0.079863239
-0.030208611,-0.040902844,-0.06524102
-0.029897444,-0.030202724,-0.094485459
-0.030069898,-0.034548007,-0.113606822
-0.030377317,-0.029254185,-0.122230182
-0.030231105,-0.028515599,-0.178094559
-0.030606006,-0.029119215,-0.188217634
-0.030606006,-0.029254185,-0.215962357
-0.031190852,-0.029306673,-0.237333293
-0.031985642,-0.02806195,-0.235083721
-0.032832918,-0.025058868,-0.226085432
-0.033593967,-0.026254852,-0.217462072
-0.034287534,-0.02707592,-0.211463213
-0.034328773,-0.022198255,-0.15747348
-0.035026089,-0.025212584,-0.153349264
-0.035221038,-0.019783792,-0.15184955
-0.0353635,-0.025778708,-0.124854683
-0.036529442,-0.022906847,-0.155223908
-0.035719656,-0.021920816,-0.179594274
-0.03737297,-0.026198615,-0.181093988
-0.036188282,-0.013076534,-0.132353257
-0.037717878,-0.033164565,-0.118855824
-0.037511683,-0.003043766,-0.085112241
-0.036810618,-0.03741237,0.024366939
-0.039734846,-0.008345086,0.031115656
-0.034849886,-0.016881937,0.056235879
-0.042085475,-0.037397374,0.044613089
-0.033455254,0.02732073,-0.012751002
-0.043453864,-0.10169557,-0.068615378
-0.032795428,0.131645023,-0.121105396
-0.056200498,-0.565474903,-0.169846127
-0.349343088,-1.817261444,-0.250455798
-0.719344132,-1.726910292,-0.030372651
-1.022882726,-1.684072322,-0.06224159
-1.33967782,-1.786945687,-0.032247294
-1.626642042,-1.745296202,0.406044356
-1.904128766,-1.774505955,0.230952653
-2.170889572,-1.652043196,0.253073446
-2.431385783,-1.685219566,0.502775961
-2.686097272,-1.682977565,0.271070024
-2.920087982,-1.692597925,0.349805051
-3.145673411,-1.732983941,0.484029526
-3.359224519,-1.753236936,0.344556049
-3.56443033,-1.787688022,0.321685398
-3.754100244,-1.785892172,0.284567457
-3.928260504,-1.804368062,0.236201655
-4.089272985,-1.808934546,0.118474043
-4.2365266,-1.820834399,0.032240442
-4.373054297,-1.82555085,0.086230175
-4.495620681,-1.819417214,-0.083237598
-4.60521924,-1.817793825,-0.162722482
-4.700852736,-1.798301911,-0.05661766
-4.782093782,-1.786143366,-0.055117945
-4.851922843,-1.772661365,0.048737305
-4.909128986,-1.751658537,0.242575443
-4.953985891,-1.7309219,0.234327011
-4.987040912,-1.702484476,0.233202225
-5.007716702,-1.673897085,0.334058046
-5.017542857,-1.645309694,0.157466628
-5.015930783,-1.609497661,0.026241583
-5.003082926,-1.571548602,0.054736164
-4.980626356,-1.535702826,-0.117731038
-4.94796873,-1.495470526,-0.33069054
-4.906069794,-1.454687098,-0.419548642
-4.856155475,-1.414001149,-0.458541226
-4.798060816,-1.370604552,-0.602138918
-4.731898288,-1.32655935,-0.592390772
-4.65740171,-1.273819832,-0.399302492
-4.574668557,-1.217946011,-0.467539515
-4.483526375,-1.163444385,-0.464915014
-4.38432757,-1.105516021,-0.322442108
-4.277285837,-1.045139452,-0.388429559
-4.162138744,-0.982333423,-0.44879308
-4.040067229,-0.919489903,-0.361809622
-3.911592405,-0.857032546,-0.337064328
-3.776485583,-0.787916671,-0.480287091
-3.634484331,-0.717143664,-0.455916725
-3.48763561,-0.659372765,-0.442794221
-3.337918895,-0.597391553,-0.637007288
-3.182619905,-0.523956639,-0.61901071
-3.019609201,-0.439146755,-0.568020407
-2.849175458,-0.356293935,-0.644130933
-2.673954228,-0.281441836,-0.619385639
-2.49327444,-0.197824187,-0.55564776
-2.309670425,-0.128884522,-0.524528678
-2.121770043,-0.03291712,-0.41992357
-1.927874995,0.042096193,-0.256829586
-1.733230145,0.12559012,-0.160847839
-1.5321295,0.213942966,-0.066365806
-1.333259515,0.282511463,0.046112804
-1.128083696,0.405165429,0.067108811
-0.923811388,0.455655447,0.055111093
-0.719205418,0.624720339,0.097103107
-0.509354583,0.688463659,0.106851253
-0.311643043,0.858495835,0.08473046
-0.091838587,1.04620158,0.100477465
0.021685185,0.408449698,0.0356148
0.000105883,0.074181556,0.013494007
0.00201413,0.169042954,0.081356102
0.003952368,0.057047867,0.060735023
0.000851936,0.085057886,0.082855817
0.004544711,0.050306867,0.135720763
0.001118116,0.042553591,0.167589703
0.004031097,0.042583585,0.195334427
0.002321548,0.020381024,0.178462635
0.003371271,0.034522878,0.19420964
0.003341279,0.013463812,0.149968054
0.003112589,0.020103585,0.083605674
0.004053591,0.013804986,0.046487733
0.003543726,0.013737501,-0.06524102
0.004413496,0.012050377,-0.112856965
0.004154814,0.007787575,-0.142101404
0.004439739,0.011589229,-0.210713356
0.004754656,0.001946374,-0.225335575
0.004912114,0.001668936,-0.242582295
0.005680661,0.008589897,-0.263578302
0.006651655,0.009733392,-0.289823311
0.007416453,0.007738836,-0.304820459
0.008214992,0.00808001,-0.287948668
0.008878567,0.003749723,-0.231709363
0.008912308,0.005001945,-0.17771963
0.009752086,0.007446401,-0.161597696
0.009647114,0.001207789,-0.072364665
0.010396916,0.008218729,-0.047244442
0.01049439,-0.001724059,-0.133103115
0.010599362,0.010700677,-0.142476332
0.011952755,-0.000258135,-0.14885012
0.010329434,0.001054073,-0.176594844
0.013017474,0.010501971,-0.18934242
0.010618108,-0.014568702,-0.124479755
0.013216171,0.022296847,-0.095610245
0.012140206,-0.030382684,-0.137977188
0.011637838,0.034357914,-0.084737312
0.015488071,-0.023847888,-0.076113952
0.007438947,0.008796101,-0.03937094
0.022067584,0.022368082,-0.035246724
-0.003605636,-0.099746004,-0.041620512
0.104493318,1.131753799,-0.071614808
0.46246004,1.971548238,-0.087736742
0.800125872,1.663591742,0.128597118
1.105467741,1.767646095,0.014993722
1.415837032,1.762708444,0.116599399
1.6952395,1.778046282,0.365552056
1.971155389,1.745563508,0.089229604
2.232131473,1.647953971,0.240700799
2.493906096,1.695538386,0.337057475
2.740992098,1.672630982,0.140219908
2.972039836,1.713673102,0.347930407
3.194142435,1.735062094,0.410168572
3.404686837,1.763150845,0.326184543
3.605697506,1.786110738,0.335182832
3.789361506,1.786530645,0.300689391
3.959281635,1.802569577,0.259447234
4.114891793,1.805242732,0.121848401
4.257890282,1.818184853,0.143594266
4.389345568,1.81779494,0.17696292
4.507405642,1.810409083,0.001496289
4.612899035,1.803304413,0.016118508
4.704123695,1.790047362,0.054736164
4.781758194,1.775913006,-0.025498578
4.847643296,1.756897237,0.034115085
4.900924226,1.736520519,0.149968054
4.941406036,1.712012221,0.078731601
4.969741053,1.678539667,0.088854676
4.98652912,1.648501349,0.131971476
4.991953938,1.621601083,-0.050993729
4.986172964,1.586013999,-0.053993159
4.969950998,1.544124568,0.001496289
4.943194314,1.504585863,-0.145100833
4.90673894,1.467709066,-0.271826734
4.86163835,1.425782143,-0.308194818
4.80797877,1.381234552,-0.390304203
4.746476261,1.339022692,-0.557897332
4.676808408,1.288345216,-0.508406743
4.598465346,1.235391995,-0.404926422
4.511983183,1.181666446,-0.499033526
4.417470641,1.120596281,-0.434920718
4.31541884,1.063796416,-0.358435263
4.205407891,1.004330895,-0.482911592
4.087812694,0.944621677,-0.512905888
3.964151599,0.883097863,-0.421423285
3.833742286,0.818604709,-0.478412447
3.696584755,0.748750248,-0.57851841
3.553155131,0.676515067,-0.47203866
3.40581154,0.624007997,-0.516280246
3.25497762,0.557569026,-0.638507002
3.097462965,0.476886974,-0.535776539
2.932304079,0.394476556,-0.522279105
2.760385727,0.313820748,-0.578893339
2.583799858,0.238185073,-0.528277965
2.401980371,0.159235136,-0.491534952
2.218035196,0.08405311,-0.501658027
2.028166584,-0.005758162,-0.436045504
1.834601449,-0.075601375,-0.350186832
1.63851323,-0.172431085,-0.313068891
1.437153903,-0.248441677,-0.20358971
1.237612845,-0.342534496,-0.103108819
1.030401314,-0.435547555,-0.098234746
0.829229437,-0.513110302,-0.05361823
0.620518301,-0.681871511,0.043863232
0.41728072,-0.711568655,0.062609667
0.213559517,-0.992085004,0.105351539
0.008267478,-0.923392784,0.152967483
-0.047993915,-0.226096648,0.125597688
-0.022598121,-0.134047124,0.182961779
-0.032293061,-0.158086776,0.182961779
-0.027812994,-0.069493984,0.124847831
-0.029065163,-0.104616171,0.137970335
-0.029297602,-0.051378014,0.160091129
-0.027895472,-0.071589768,0.207707074
-0.02979622,-0.052611489,0.181462065
-0.027674281,-0.044891956,0.163090558
-0.029777475,-0.047456386,0.173588562
-0.028679015,-0.033262043,0.094103678
-0.029226371,-0.038912037,0.052861521
-0.029470056,-0.032084805,-0.015000574
-0.029218873,-0.037333638,-0.084362384
-0.02957128,-0.027885739,-0.128229042
-0.029353837,-0.028819282,-0.207338997
-0.029931185,-0.033318281,-0.215587429
-0.030002416,-0.029317921,-0.260953801
-0.030351074,-0.026779735,-0.310069461
-0.030935919,-0.025396293,-0.307819889
-0.032015634,-0.028429369,-0.332940112
-0.032795428,-0.026374826,-0.344562902
-0.033399019,-0.023915373,-0.328440967
-0.033807661,-0.0192964,-0.297321885
-0.034156319,-0.026119882,-0.281949809
-0.034617447,-0.021463418,-0.218586858
-0.034347518,-0.019446367,-0.139476903
-0.035745899,-0.028039455,-0.124479755
-0.035071077,-0.020001243,-0.133103115
-0.036105804,-0.03121125,-0.148475191
-0.036214525,-0.00918115,-0.11135725
-0.035974589,-0.02662602,-0.123729897
-0.037886584,-0.014276267,-0.139851831
-0.03498485,-0.017125633,-0.05661766
-0.039374941,-0.030390182,-0.065990877
-0.034917368,0.005628055,-0.048744157
-0.039554893,-0.058868847,-0.032622223
-0.03680312,0.030001384,-0.05661766
-0.036300753,-0.085870341,-0.03937094
-0.042816532,0.06310277,-0.055117945
-0.024967495,-0.160066336,-0.049494015
-0.228280057,-1.535950271,-0.15747348
-0.609145732,-1.844544125,-0.025123649
-0.923252785,-1.63094289,0.049112234
-1.235811498,-1.795336321,-0.088861528
-1.534532615,-1.745179978,0.281942956
-1.811363262,-1.790717348,0.299564605
-2.083567631,-1.693415243,0.15109284
-2.343149084,-1.670968986,0.442037511
-2.602183181,-1.704389052,0.314186824
-2.841145078,-1.687847732,0.246699658
-3.069156117,-1.73892262,0.487403884
-3.286373757,-1.754294201,0.434538937
-3.493637775,-1.791302218,0.404169712
-3.688372601,-1.799865314,0.401170283
-3.866514309,-1.808570877,0.309312751
-4.031227064,-1.821093091,0.23770137
-4.182240935,-1.827909075,0.115474613
-4.322326443,-1.836985806,0.142094551
-4.44866808,-1.834042711,0.08772989
-4.562476777,-1.831680736,-0.01612536
-4.662530356,-1.817208955,0.056610808
-4.748307704,-1.803539496,0.022117367
-4.822219436,-1.789626341,-0.013125931
-4.88340328,-1.771465381,0.118099114
-4.932462825,-1.749075362,0.146968624
-4.968517054,-1.720424235,0.055111093
-4.99254071,-1.693490227,0.115099685
-5.00533983,-1.659751482,0.063734453
-5.006348314,-1.626458888,-0.114731608
-4.997223223,-1.595265827,-0.113606822
-4.977570913,-1.553822546,-0.12298004
-4.947758785,-1.514100132,-0.262453516
-4.909320186,-1.477354556,-0.348687117
-4.862341341,-1.434734037,-0.344187973
-4.807227145,-1.38936163,-0.4660398
-4.744165048,-1.344255414,-0.583017555
-4.672690173,-1.294991372,-0.448043223
-4.592461359,-1.239604943,-0.426297358
-4.503452363,-1.181796553,-0.511781102
-4.406098072,-1.126192672,-0.370807911
-4.301084552,-1.067225789,-0.32769111
-4.188520527,-1.002590167,-0.455166868
-4.068833383,-0.944819268,-0.41130021
-3.942964121,-0.886238549,-0.323191966
-3.810777778,-0.815653001,-0.434920718
-3.671202135,-0.741464504,-0.468289373
-3.525763041,-0.679910697,-0.407175994
-3.376987328,-0.616561039,-0.543650041
-3.223559094,-0.54597924,-0.604763419
-3.063367646,-0.4697362,-0.514780531
-2.894800909,-0.382230666,-0.567645478
-2.720955567,-0.311877566,-0.579643196
-2.542686392,-0.227176407,-0.4660398
-2.359974641,-0.15299166,-0.481411877
-2.174736057,-0.070749954,-0.473538374
-1.982265632,0.021168348,-0.345687688
-1.78853929,0.094771975,-0.272201662
-1.589286906,0.196453106,-0.208838712
-1.389014792,0.258351837,-0.134227901
-1.186369554,0.372738892,-0.092610815
-0.979630398,0.432841772,-0.073114523
-0.777892421,0.56645455,-0.028872936
-0.565762188,0.689423446,0.048737305
-0.369130362,0.763124551,0.085105389
-0.152430086,1.065854709,0.140969765
0.009272213,0.627337257,0.143969195
0.009302205,0.074875151,0.115849542
-0.001779869,0.165713694,0.177712778
0.006572926,0.085110375,0.160466057
0.000285836,0.070511122,0.13947005
0.00488962,0.069502597,0.151467769
0.00205162,0.035036514,0.146593696
0.003787411,0.052777567,0.178462635
0.003352526,0.014277381,0.181462065
0.003146331,0.031887214,0.2002085
0.004316022,0.020684706,0.192334997
0.003243805,0.019777408,0.138345264
0.004612193,0.01985614,0.099352679
0.004079834,0.013748749,0.015368651
0.004653433,0.011570484,-0.046494585
0.004747158,0.004679516,-0.107233034
0.004765903,0.010269523,-0.169846127
0.005272019,0.001653939,-0.194216493
0.005358246,0.004068402,-0.251580584
0.006160535,0.008293712,-0.27295152
0.007225253,0.00376472,-0.309694532
0.007945063,0.004199623,-0.350936689
0.008709861,0.00754013,-0.354685976
0.00928346,0.004327095,-0.337439256
0.009437169,0.003236088,-0.277450664
0.010340681,0.003611004,-0.288323597
0.010022015,0.003431044,-0.275576021
0.010899283,0.005811765,-0.203964639
0.010749323,-0.00392482,-0.153349264
0.011285431,0.012459036,-0.113606822
0.012271421,-0.004498442,-0.07086495
0.01098926,0.007926294,0.007495148
0.013504845,0.006902772,0.015743579
0.010738076,-0.00702538,0.038989159
0.01435587,0.023072925,0.066733882
0.011604097,-0.026453558,0.040863802
0.013527339,0.040750243,0.052486592
0.014749517,-0.041214025,-0.009376644
0.009362189,0.042639822,-0.095985173
0.021606456,-0.021032264,-0.187092848
-0.003763095,-0.008052651,-0.210713356
0.14689837,1.351994807,-0.267327589
0.519789901,1.95409587,-0.222336145
0.846167464,1.650908314,-0.052118516
1.156060631,1.788813887,-0.135727616
1.462429728,1.758666843,0.137970335
1.740767477,1.799907669,0.277443812
2.016503414,1.73687669,0.098977751
2.277573223,1.668743096,0.426665434
2.540345083,1.719026911,0.457409588
2.787393595,1.694001228,0.339681976
3.019787227,1.735069592,0.526396469
3.240318991,1.752120799,0.482154882
3.450604711,1.789998623,0.412793073
3.652076509,1.812456127,0.406419285
3.836786482,1.813742091,0.339681976
4.007377684,1.830009723,0.275569168
4.163448971,1.832712871,0.153717341
4.307204759,1.844507748,0.152592555
4.438982461,1.847315873,0.080606244
4.558264712,1.842914352,-0.10573332
4.664410432,1.834122558,-0.068615378
4.756501114,1.81667019,-0.025873506
4.835638966,1.804421665,-0.012751002
4.902757492,1.788210271,0.142844409
4.95786419,1.765569057,0.274444382
4.999950576,1.742241747,0.242950371
5.029567755,1.713661854,0.290191388
5.047604242,1.682397559,0.300314463
5.0534452,1.649412396,0.080606244
5.048301558,1.609285073,-0.018000004
5.033189299,1.569907582,-0.085862099
5.007377365,1.536037617,-0.305570317
4.972245392,1.495066731,-0.467914444
4.928618163,1.453267279,-0.519654604
4.87644319,1.411100409,-0.571394765
4.816331564,1.367741304,-0.625384498
4.748178311,1.321165415,-0.500158312
4.671672264,1.263038345,-0.404551494
4.586419777,1.207985592,-0.479162305
4.492848236,1.156018402,-0.375681984
4.391531241,1.097861339,-0.301446101
4.282311333,1.034170507,-0.407550923
4.165878329,0.974566266,-0.407175994
4.042974534,0.912146401,-0.31906775
3.913877375,0.845958624,-0.409800495
3.778646835,0.784468553,-0.516655175
3.636345663,0.713031944,-0.439419863
3.489114542,0.64817887,-0.544774827
3.338659273,0.582463489,-0.642631218
3.18223183,0.507221476,-0.582267697
3.018636281,0.431255875,-0.653129222
2.847160313,0.347458265,-0.710493313
2.670758145,0.271822591,-0.672250585
2.48984217,0.193952413,-0.634382787
2.305687049,0.125286437,-0.592390772
2.117966621,0.03433167,-0.467164586
1.923812891,-0.046961496,-0.348687117
1.729190535,-0.127804763,-0.283074595
1.528179865,-0.222028802,-0.151099692
1.327960237,-0.290623544,-0.067115663
1.122465752,-0.407691252,-0.049868943
0.916296445,-0.465975787,0.013119078
0.712155353,-0.62653757,0.064859239
0.500411268,-0.70327175,-0.022124219
0.303254581,-0.844911493,-0.077238738
0.083536352,-1.077757196,-0.047244442
-0.046981682,-0.499628301,-0.139101974
-0.030785959,-0.092918773,-0.044619942
-0.028566545,-0.193561385,0.108350968
-0.032375539,-0.089278333,0.09335382
-0.027569308,-0.098797465,0.207707074
-0.031895666,-0.074041722,0.298814748
-0.028277871,-0.05701301,0.314936682
-0.030980907,-0.064275145,0.330683687
-0.029481303,-0.038413398,0.336682546
-0.02994993,-0.052903924,0.35880334
-0.030324831,-0.033955639,0.290191388
-0.029515045,-0.038653344,0.218580006
-0.030493536,-0.034210582,0.127472332
-0.029807467,-0.03004151,-0.009001715
-0.030542273,-0.031327474,-0.038246154
-0.030377317,-0.026344832,-0.08548717
-0.030680987,-0.028901763,-0.17771963
-0.031037143,-0.026970943,-0.247831297
-0.031157111,-0.029059228,-0.373057483
-0.03206812,-0.031691143,-0.488160594
-0.032795428,-0.02756706,-0.523403891
-0.033616461,-0.026967194,-0.497158882
-0.03456871,-0.026922204,-0.401177135
-0.034707423,-0.019712558,-0.24108258
-0.03532601,-0.024005353,-0.130103685
-0.035727154,-0.02033117,-0.079113382
-0.035539704,-0.023045566,-0.058492303
-0.036833112,-0.020533625,-0.078363524
-0.035974589,-0.015266047,-0.100484318
-0.037631651,-0.027443338,-0.136477473
-0.036900594,-0.008165126,-0.086986885
-0.037211762,-0.030630129,-0.095610245
-0.038433939,-0.007051624,-0.166846698
-0.036188282,-0.025040122,-0.103858676
-0.040450907,-0.01875652,-0.101984033
-0.035333508,-0.007625246,-0.092610815
-0.041669335,-0.057751596,-0.053243302
-0.03585462,0.037218528,-0.01912479
-0.040162233,-0.10241916,-0.050243872
-0.03975734,0.10293391,-0.125979469
-0.035610935,-0.324932162,-0.125229612
-0.282063354,-1.689778552,-0.250455798
-0.662752826,-1.796521057,-0.086986885
-0.971622512,-1.657891895,0.020617652
-1.288582563,-1.805470317,0.01274415
-1.58253119,-1.753030732,0.429664864
-1.860763967,-1.80069013,0.320560612
-2.131802394,-1.684027332,0.18558628
-2.391904959,-1.69154066,0.430414721
-2.651628874,-1.718373441,0.228703081
-2.891516777,-1.713270826,0.248949231
-3.119936458,-1.753701833,0.458159445
-3.335448298,-1.771300418,0.331433545
-3.543420878,-1.81642538,0.333308188
-3.739092957,-1.8221766,0.3674267
-3.918153173,-1.837128274,0.346805621
-4.083900654,-1.845788848,0.343806192
-4.235229443,-1.852184925,0.326184543
-4.375528644,-1.861756546,0.41654236
-4.502747549,-1.858014878,0.296940104
-4.617268558,-1.857216306,0.101602252
-4.718533067,-1.844727834,0.067858669
-4.805667557,-1.830687207,-0.026623364
-4.880647757,-1.817283939,-0.061116804
-4.943507408,-1.799659109,0.107976039
-4.994246509,-1.776717963,0.112850112
-5.032032781,-1.749292813,0.038239301
-5.05786346,-1.721357777,0.152217626
-5.072030969,-1.688087678,0.019492866
-5.074194148,-1.653745318,-0.100484318
-5.06608129,-1.619193004,-0.057742446
-5.047227519,-1.578818235,-0.150724764
-5.0179515,-1.538458463,-0.237333293
-4.980135236,-1.499474635,-0.341938401
-4.93399617,-1.458080093,-0.386929845
-4.879710505,-1.417041722,-0.483661449
-4.817941816,-1.372149209,-0.532027252
-4.748019031,-1.321183046,-0.349062046
-4.669203593,-1.267813668,-0.375307055
-4.582020366,-1.211711148,-0.43154636
-4.486221913,-1.154723825,-0.339688828
-4.382104408,-1.095029604,-0.43154636
-4.270665085,-1.031822414,-0.604013562
-4.151630269,-0.969327566,-0.560146904
-4.026049681,-0.908324886,-0.471663731
-3.894961797,-0.844315375,-0.594640344
-3.75699448,-0.774832082,-0.529027822
-3.612248953,-0.707073405,-0.446918437
-3.46388938,-0.646250684,-0.585267127
-3.311522116,-0.579365563,-0.529777679
-3.152024234,-0.497993664,-0.447668294
-2.98454846,-0.412730131,-0.479912162
-2.810733109,-0.339898832,-0.488535522
-2.632853832,-0.260570229,-0.462665442
-2.449755932,-0.181950218,-0.508781672
-2.264955982,-0.109175157,-0.553773116
-2.074543764,-0.018137908,-0.438670005
-1.88003013,0.050449335,-0.377556627
-1.683000909,0.158466557,-0.302945816
-1.480561867,0.232317628,-0.168721341
-1.280061063,0.322267619,-0.120730468
-1.071754821,0.423067696,-0.05961709
-0.868794666,0.488651857,0.013119078
-0.658276508,0.66854434,0.092603963
-0.452984469,0.696711824,0.094478606
-0.24841224,0.967941489,0.1192239
-0.039258722,0.932099462,0.092229034
0.022243788,0.218543193,-0.006752143
-0.003181998,0.10953994,0.152217626
0.006411718,0.137823649,0.140969765
0.002156592,0.040075393,0.097103107
0.003416259,0.087989734,0.265071165
0.004226045,0.035782598,0.252698518
0.002535242,0.05289754,0.261696806
0.0049646,0.033139436,0.256822733
0.002940135,0.025262438,0.211831289
0.004799644,0.031126133,0.20583243
0.003952368,0.013373832,0.132346405
0.004372257,0.021993165,0.117349257
0.004675927,0.01343007,0.057360665
0.004563456,0.015439623,-0.03337208
0.005088318,0.010753165,-0.010126501
0.004983345,0.009444706,-0.036746439
0.00557194,0.009650911,-0.110982321
0.005883108,0.006636581,-0.159723052
0.006314244,0.009260997,-0.26432816
0.007281489,0.009328482,-0.396677991
0.008140012,0.00749514,-0.473913303
0.008889814,0.008541157,-0.500158312
0.009879553,0.005009443,-0.446543508
0.009992023,0.006291658,-0.323566894
0.010786813,0.007645107,-0.229084862
0.010501888,-0.000932985,-0.132728186
0.011127973,0.006857782,-0.079488311
0.011540364,-0.007883939,-0.084737312
0.011244192,0.004447068,-0.077238738
0.012890008,0.00133526,-0.0911111
0.011255439,-0.001641577,-0.059992018
0.013729786,0.012698983,-0.10273389
0.01151787,-0.012270463,-0.136852402
0.013771025,0.02444512,-0.047244442
0.013167434,-0.026880963,-0.070115093
0.011937759,0.031403572,-0.069740164
0.017021417,-0.017463058,-0.040495726
0.008368702,0.005950484,-0.034871795
0.02303108,0.034740329,-0.078738453
-0.001783618,-0.117734503,-0.122605111
0.094340999,1.068985262,-0.158223338
0.447670195,1.97360278,-0.188592562
0.790603387,1.678269727,0.005245576
1.096845018,1.773011152,-0.022874077
1.409924843,1.779069804,0.15671677
1.690898146,1.787276729,0.446911584
1.969175912,1.768583387,0.197958927
2.231895285,1.661139788,0.325434685
2.494251005,1.713530633,0.406044356
2.745584636,1.701162135,0.192334997
2.980535092,1.725617945,0.38467342
3.204264762,1.748754048,0.440537796
3.416143811,1.786800585,0.332558331
3.620622315,1.809865454,0.328434115
3.809201267,1.812741064,0.27519424
3.983593965,1.836754472,0.245574872
4.143560473,1.839547601,0.1597162
4.290382951,1.849929042,0.206957216
4.425722212,1.85254221,0.314186824
4.548543529,1.850742611,0.202083143
4.658104597,1.846551043,0.181462065
4.753625623,1.828255113,0.172463776
4.836160078,1.813558382,0.059235308
4.906536494,1.801523559,0.099727608
4.965036046,1.783947469,0.221204507
5.011328821,1.755956196,0.122598259
5.045126146,1.726765189,0.072357813
5.066581731,1.697517945,0.121848401
5.076351651,1.659448914,-0.094860387
5.074454652,1.624960336,-0.182968632
5.061524316,1.583622031,-0.121480325
5.038201725,1.541488904,-0.230584577
5.004794297,1.50433092,-0.334064898
4.962621683,1.460585651,-0.373432411
4.91230622,1.422321663,-0.455916725
4.85417782,1.377815313,-0.608137778
4.788543902,1.328596262,-0.550773687
4.714785879,1.28054695,-0.386929845
4.6323414,1.223919547,-0.443919007
4.541502888,1.167648315,-0.364059194
4.442461542,1.113000471,-0.258704229
4.335386067,1.05051687,-0.456291654
4.220587632,0.985884998,-0.537276253
4.099138453,0.927510483,-0.45741644
3.971510906,0.864764441,-0.556397617
3.837596268,0.798974076,-0.640756575
3.697428283,0.731249141,-0.542150326
3.551213144,0.669237936,-0.580018125
3.401927565,0.606019499,-0.686872805
3.248311881,0.531564811,-0.613386779
3.086838271,0.455917889,-0.553773116
2.917431756,0.370241947,-0.543650041
2.742390479,0.296267153,-0.464540086
2.562606705,0.214501592,-0.429296788
2.378275381,0.138179819,-0.476912733
2.191990823,0.060080942,-0.432296217
1.998725609,-0.028830529,-0.330315611
1.803904555,-0.096919133,-0.307070032
1.60473465,-0.199605041,-0.23245922
1.402719246,-0.26290221,-0.14022676
1.200306447,-0.374304929,-0.142851261
0.991351625,-0.44896582,-0.142851261
0.789126277,-0.554797278,-0.099359532
0.576051294,-0.705671216,-0.088861528
0.375707948,-0.749382743,-0.063741305
0.162677953,-1.062977984,0.049487162
-0.021672116,-0.776759153,-0.022124219
-0.042107969,-0.136191647,-0.022499148
-0.023749067,-0.173169671,0.157091699
-0.033875143,-0.1307816,0.08473046
-0.027156917,-0.07858946,0.131971476
-0.030939668,-0.096248032,0.262071735
-0.028892709,-0.050414478,0.260946949
-0.029440064,-0.075252703,0.315686539
-0.030114886,-0.041195279,0.30106432
-0.028738999,-0.050736906,0.295815318
-0.030392313,-0.042226299,0.241450657
-0.029203877,-0.035091637,0.157091699
-0.03024985,-0.043883431,0.15409227
-0.029788722,-0.03201732,0.034864943
-0.030009914,-0.038664592,-0.052868373
-0.030227356,-0.031319976,-0.070490022
-0.030126133,-0.026641016,-0.141726475
-0.030812202,-0.028605579,-0.187467776
-0.030789708,-0.02631109,-0.247456368
-0.031325816,-0.031664899,-0.299571458
-0.032311806,-0.031818615,-0.349436975
-0.033009122,-0.025040122,-0.395178276
-0.034073841,-0.026573531,-0.422173142
-0.034594953,-0.025085112,-0.383180558
-0.034654937,-0.026989689,-0.288698525
-0.03540099,-0.020128715,-0.26432816
-0.035258528,-0.020124966,-0.185218204
-0.036435717,-0.024965139,-0.120730468
-0.035858369,-0.01430626,-0.148100263
-0.036863104,-0.02887177,-0.141351546
-0.037267997,-0.010692064,-0.113981751
-0.036431968,-0.031319976,-0.097859817
-0.038763852,-0.018227888,-0.129728756
-0.035760895,-0.012386687,-0.083237598
-0.039986029,-0.034120603,-0.022124219
-0.03597084,0.008458676,-0.042745298
-0.039464917,-0.060109821,-0.029622793
-0.038505171,0.030983665,-0.005252428
-0.035997083,-0.075886312,-3.43e-06
-0.045054691,0.039258074,-0.061116804
-0.023467891,-0.098812462,-0.084362384
-0.207866697,-1.463043989,-0.167221626
-0.589482174,-1.869498574,-0.128229042
-0.910423673,-1.636626626,-0.002252998
-1.223987121,-1.805241618,-0.079488311
-1.526993356,-1.757743434,0.233577154
-1.805721002,-1.800975067,0.33555776
-2.08095832,-1.71154621,0.138345264
-2.341240838,-1.674444463,0.413168001
-2.602768026,-1.723303595,0.338932119
-2.84727471,-1.707099699,0.221204507
-3.078397427,-1.750365075,0.47990531
-3.297272129,-1.765372986,0.422541219
-3.506928015,-1.809560657,0.385423277
-3.706746499,-1.825970756,0.387297921
-3.889941873,-1.833873998,0.29244096
-4.06005695,-1.846936093,0.279693384
-4.214763597,-1.848124578,0.167964631
-4.357578384,-1.860751769,0.226828437
-4.488643774,-1.85814235,0.239576013
-4.606100257,-1.855922844,0.092978891
-4.711436191,-1.849343057,0.139095122
-4.802405919,-1.830660963,0.092978891
-4.880167884,-1.820789409,0.022867225
-4.946495369,-1.802459736,0.170589132
-5.000031232,-1.778337602,0.218954935
-5.041900175,-1.757454748,0.115849542
-5.071708554,-1.725564342,0.173213633
-5.08925767,-1.696069653,0.134221048
-5.095664728,-1.661970988,-0.06224159
-5.090742278,-1.622885932,-0.064116234
-5.074947699,-1.585161824,-0.106483177
-5.048858338,-1.544059717,-0.236958365
-5.013265237,-1.505113381,-0.320567465
-4.9687195,-1.462691568,-0.404176565
-4.915997173,-1.420254758,-0.518529818
-4.85590804,-1.375602191,-0.651254578
-4.787803525,-1.327717842,-0.507656886
-4.711901068,-1.278536283,-0.442419292
-4.627705802,-1.223228586,-0.542150326
-4.534426684,-1.167234792,-0.395178276
-4.433413358,-1.105849697,-0.388429559
-4.324264681,-1.043039919,-0.495284239
-4.207059382,-0.981197426,-0.469414159
-4.08327082,-0.918038975,-0.429671716
-3.953217664,-0.858239778,-0.500533241
-3.81728231,-0.789206384,-0.533526966
-3.674321312,-0.721170269,-0.434170861
-3.526546584,-0.663493099,-0.531652323
-3.376042578,-0.596570486,-0.617136066
-3.219097772,-0.523079334,-0.536151467
-3.054602461,-0.440084046,-0.557522403
-2.882477913,-0.359293268,-0.577768553
-2.705299701,-0.285239741,-0.508781672
-2.523360246,-0.199398836,-0.49790874
-2.338091669,-0.131497691,-0.491909881
-2.149385251,-0.039219468,-0.377181698
-1.954826628,0.036974832,-0.311944105
-1.759473215,0.116925797,-0.252330441
-1.557686501,0.214651558,-0.100484318
-1.357260677,0.281199255,-0.065990877
-1.151121362,0.399507937,-0.082862669
-0.944513421,0.45276484,-0.040120797
-0.738988944,0.611845703,0.015368651
-0.526330101,0.688669863,0.025491725
-0.327880005,0.84089725,0.056985736
-0.106380997,1.058453855,0.109100826
0.021280292,0.455246788,0.006370362
0.003468745,0.070942276,0.06448431
0.00216409,0.172282233,0.131221619
0.006033068,0.061824305,0.052111663
0.001639229,0.078579327,0.167214774
0.005703155,0.05226768,0.22607858
0.002280309,0.040011657,0.232452368
0.005099565,0.047356273,0.273319596
0.003772415,0.018217755,0.287566887
0.004488476,0.030301317,0.31268711
0.004897118,0.01513594,0.238826156
0.004518468,0.021948175,0.205457501
0.005354497,0.016020744,0.1597162
0.004840883,0.013572538,0.013868936
0.00557194,0.011341784,-0.029247865
0.00530576,0.005091925,-0.081362954
0.005871861,0.011394273,-0.176594844
0.006081805,0.004293352,-0.218586858
0.0064792,0.002388776,-0.305945245
0.007753864,0.008057515,-0.387304773
0.008331211,0.006790297,-0.402301921
0.0091335,0.01041574,-0.446168579
0.010156979,0.008466174,-0.450667724
0.010314438,0.003532272,-0.34793726
0.011019252,0.008203732,-0.269202233
0.011127973,0.001305267,-0.209213641
0.011506623,0.007356421,-0.155973765
0.012413883,-0.003100003,-0.136102544
0.011701571,0.003138609,-0.118105967
0.013422367,0.006940264,-0.109482607
0.01185903,-0.011194452,-0.04499487
0.01386475,0.016598115,-0.03937094
0.013291152,-0.013665153,-0.068990307
0.013137442,0.023290376,0.016868365
0.015383099,-0.01300155,-0.010126501
0.011150467,0.006490364,-0.048369229
0.018311076,0.013493806,-0.012376073
0.009152245,-0.035189115,-0.03074758
0.020879148,0.082902116,-0.115106537
0.006171782,-0.16162224,-0.176219915
0.043830587,0.68072913,-0.162722482
0.352797748,1.913072495,-0.225335575
0.717246508,1.745698478,-0.052118516
1.021684865,1.722524883,0.003370932
1.339683392,1.799307802,0.046487733
1.626801322,1.768665869,0.368926415
1.906252528,1.795262452,0.221954364
2.17318204,1.670092796,0.288691673
2.435181604,1.705867338,0.483654597
2.69198504,1.706647165,0.253823304
2.930542044,1.719484309,0.364802199
3.157495862,1.747723027,0.504650604
3.371365636,1.775774287,0.388797636
3.578775865,1.81379458,0.385423277
3.771861127,1.815421718,0.347930407
3.950055321,1.828866227,0.284192528
4.11365462,1.826429269,0.218205077
4.263247617,1.84099103,0.196459213
4.40187476,1.850573898,0.252323589
4.527935221,1.842884359,0.119973758
4.641822647,1.838104172,0.020992581
4.741804994,1.825495727,0.058110522
4.827679817,1.809876701,0.031490585
4.901137919,1.795843573,0.059985166
4.962621683,1.774634541,0.222704222
5.012209839,1.752229525,0.209956646
5.049591217,1.729014689,0.136845549
5.075061991,1.693498839,0.203207929
5.088933328,1.661188527,0.038239301
5.091104005,1.627588501,-0.075739024
5.08207264,1.585789049,-0.074239309
5.062195389,1.54676773,-0.23245922
5.032060847,1.50585683,-0.369308196
4.992606265,1.462538966,-0.450292795
4.9445702,1.422137954,-0.496783954
4.888702453,1.377466641,-0.608137778
4.825291698,1.334786135,-0.567270549
4.753745591,1.286283174,-0.361434693
4.674292822,1.223195958,-0.412799925
4.586550992,1.173594492,-0.42854693
4.490223929,1.119771465,-0.303695673
4.386353858,1.057539058,-0.382055772
4.274479651,0.9968888,-0.514405603
4.155137415,0.930974713,-0.464540086
4.029421863,0.877215421,-0.45741644
3.897854106,0.811762481,-0.594265416
3.759478147,0.738586259,-0.524528678
3.614440197,0.677969743,-0.518904747
3.466365549,0.614890025,-0.678999302
3.314065767,0.550370628,-0.637382216
3.154935289,0.472961597,-0.608137778
2.988149332,0.385238611,-0.647130362
2.814030311,0.315642843,-0.608512706
2.635798627,0.239797215,-0.543650041
2.452157121,0.158710252,-0.546649471
2.266198727,0.085706492,-0.495659168
2.074961727,-0.011621857,-0.342313329
1.87913219,-0.076707379,-0.275950949
1.682436631,-0.170526509,-0.173970343
1.479870123,-0.250230029,-0.079113382
1.279489287,-0.328160194,-0.076113952
1.071681663,-0.434561525,-0.060741876
0.867750515,-0.498087393,-0.020624505
0.658645733,-0.676761397,-0.021749291
0.450425718,-0.713945626,-0.102358961
0.248114142,-0.949730676,-0.013875788
0.032189911,-1.002886351,-0.038996011
-0.049879667,-0.311075244,-0.12860397
-0.024195199,-0.114618946,0.071982884
-0.031202099,-0.177342493,0.050611948
-0.028997681,-0.076621148,0.05886038
-0.028292867,-0.105857145,0.242950371
-0.03009989,-0.061005872,0.236201655
-0.027681779,-0.070420028,0.277818741
-0.030242352,-0.053683751,0.294315603
-0.02809417,-0.045041923,0.291316174
-0.029781224,-0.054763511,0.291691102
-0.028892709,-0.034199335,0.203207929
-0.029218873,-0.041832637,0.188210781
-0.029680001,-0.032527207,0.084355531
-0.029128897,-0.033756933,-0.006377214
-0.029882448,-0.030678868,0.012369221
-0.029357586,-0.027154652,-0.075364095
-0.030111137,-0.027645793,-0.155973765
-0.030377317,-0.025891183,-0.231709363
-0.030538524,-0.028305646,-0.343813044
-0.031670725,-0.027934479,-0.44016972
-0.032236826,-0.028676813,-0.449917866
-0.0332828,-0.028504352,-0.422923
-0.03411508,-0.024264045,-0.36818341
-0.034111331,-0.025066367,-0.208088855
-0.034954858,-0.02271189,-0.154099122
-0.034696176,-0.017508048,-0.121480325
-0.035678417,-0.025538762,-0.074989166
-0.035584692,-0.01430626,-0.10835782
-0.035622182,-0.02667101,-0.163847268
-0.037058053,-0.01862155,-0.201340138
-0.035374747,-0.020751077,-0.127479184
-0.038265234,-0.025197587,-0.163097411
-0.035644676,-0.003973559,-0.187092848
-0.038418943,-0.042559975,-0.116981181
-0.037129284,0.010067068,-0.120730468
-0.036724391,-0.050819388,-0.067490592
-0.040690843,0.008271217,-0.041245583
-0.032454268,-0.029535372,-0.025873506
-0.047161635,-0.036126406,-0.091860958
-0.021136007,0.07087854,-0.116606252
-0.133538825,-1.128097248,-0.149974906
-0.496735416,-1.914406084,-0.16909627
-0.836178279,-1.63984341,0.040113945
-1.144406885,-1.772290198,-0.006002285
-1.457074319,-1.771746569,0.212956075
-1.738081364,-1.787286862,0.44803637
-2.017093935,-1.748966636,0.19420964
-2.279978265,-1.659425304,0.349805051
-2.542345232,-1.717492387,0.361427841
-2.792602897,-1.702743168,0.153717341
-3.026552368,-1.73483228,0.352054623
-3.248546246,-1.757057336,0.386173135
-3.459712983,-1.794076601,0.348680265
-3.663452932,-1.818719869,0.386548064
-3.851139619,-1.823942458,0.338182261
-4.024655049,-1.838579202,0.360303055
-4.183553089,-1.840352557,0.251573732
-4.329801969,-1.852781042,0.252698518
-4.464477655,-1.854243217,0.328809044
-4.586301735,-1.85023161,0.151842697
-4.695615369,-1.845275212,0.120723615
-4.791578778,-1.831245833,0.127472332
-4.873303447,-1.814134639,-0.014625646
-4.943012539,-1.801841124,0.052486592
-5.0016658,-1.780080965,0.165715059
-5.046800132,-1.749738964,0.056610808
-5.079798918,-1.724495829,0.076856957
-5.101614407,-1.695698485,0.080606244
-5.111241864,-1.66034385,-0.119605682
-5.109910966,-1.62357203,-0.14885012
-5.098262792,-1.588198649,-0.158973195
-5.075944935,-1.549567242,-0.267327589
-5.043770931,-1.507531593,-0.335564613
-5.002700527,-1.466849393,-0.36818341
-4.952808702,-1.422946659,-0.435295647
-4.895006466,-1.377101857,-0.602513847
-4.829672468,-1.331140831,-0.521529248
-4.755753238,-1.281168197,-0.378681413
-4.673724899,-1.227851308,-0.502782813
-4.583636189,-1.170863985,-0.447668294
-4.485292159,-1.112688176,-0.328815896
-4.379097701,-1.052862734,-0.458916155
-4.264809132,-0.989156905,-0.550398758
-4.143108769,-0.926902004,-0.4660398
-4.014783906,-0.863796042,-0.50353267
-3.880419387,-0.803554442,-0.553773116
-3.739167938,-0.736901769,-0.431171431
-3.592026793,-0.668412005,-0.480287091
-3.442111381,-0.610693594,-0.571019836
-3.287419731,-0.541675197,-0.518529818
-3.125664945,-0.461405553,-0.51215603
-2.955684832,-0.375223474,-0.516280246
-2.77979253,-0.300457606,-0.455166868
-2.599521384,-0.216922438,-0.430796503
-2.414159082,-0.143588751,-0.466789658
-2.226993507,-0.067304471,-0.404176565
-2.032708562,0.026480917,-0.30744496
-1.836875275,0.092402502,-0.265078017
-1.637071787,0.19778781,-0.160097981
-1.43435157,0.257815706,-0.102358961
-1.231848795,0.358057158,-0.086237027
-1.022751511,0.436096048,-0.05361823
-0.819802604,0.542388653,-0.042745298
-0.605749129,0.695358375,-0.023623934
-0.404461033,0.73624678,0.014993722
-0.189931433,1.050633095,0.137220478
-0.004074263,0.762798373,0.069733312
0.01629036,0.105385864,0.065609096
-0.002158519,0.141314122,0.19420964
0.008121267,0.102397779,0.043488303
0.001496766,0.05631678,0.077606815
0.005748144,0.081147506,0.175463205
0.003742423,0.030293819,0.121848401
0.004364759,0.0544272,0.173213633
0.005219533,0.021337061,0.185961209
0.003929874,0.027271991,0.173213633
0.005639422,0.021951924,0.146593696
0.004484727,0.017524159,0.133096262
0.005781885,0.01967993,0.149218196
0.00542198,0.006422879,0.074232456
0.00568441,0.016414406,0.015743579
0.005883108,0.007386414,-0.021749291
0.005613179,0.003374807,-0.101234175
0.006359232,0.010213285,-0.142101404
0.006629161,0.006569096,-0.213712785
0.007480186,0.007300183,-0.314943534
0.008477423,0.008391191,-0.344562902
0.009317201,0.005755527,-0.35956005
0.010363175,0.009635914,-0.375681984
0.010516884,0.003753472,-0.32469168
0.011195455,0.006051711,-0.265452946
0.011585352,0.002632472,-0.2152125
0.011420396,0.00376472,-0.135727616
0.012702557,0.005976728,-0.090736172
0.011694073,-0.000753025,-0.100859247
0.013343638,0.007041491,-0.129728756
0.012563844,-0.007741471,-0.107607963
0.013362383,0.017018022,-0.090361243
0.014310882,-0.008247608,-0.110982321
0.012391389,0.010790657,-0.054743016
0.016339097,-0.000363112,-0.028872936
0.011184208,-0.009559816,-0.045744728
0.017924928,0.03343187,-0.067115663
0.011180459,-0.053380068,-0.08548717
0.017058907,0.086760008,-0.101234175
0.014089691,-0.13545681,-0.181093988
0.016286611,0.380593395,-0.172470628
0.273971064,1.771399011,-0.209213641
0.650619103,1.822432658,-0.088486599
0.958289106,1.680792916,0.023617082
1.276722518,1.805823853,-0.013875788
1.570603663,1.754861439,0.311937252
1.850530992,1.804526641,0.260946949
2.121978061,1.678820855,0.163090558
2.383737689,1.685966765,0.424790791
2.644147672,1.707775664,0.237326441
2.886311224,1.708896664,0.221204507
3.117482679,1.742680399,0.422541219
3.333793058,1.754685229,0.352054623
3.542830357,1.804459156,0.358428411
3.740800579,1.811065187,0.351679694
3.922863752,1.817918662,0.32131047
4.091175556,1.824382225,0.28081817
4.244637531,1.833226507,0.167214774
4.386473827,1.842213258,0.217830149
4.516167078,1.837361837,0.164965202
4.633698542,1.837391831,0.067858669
4.738055984,1.820239396,0.149968054
4.82797224,1.803075714,0.127097403
4.905610488,1.797875621,0.082105959
4.971255653,1.766521346,0.215205648
5.023996726,1.742657904,0.245949801
5.0648047,1.726037851,0.131971476
5.093657081,1.689408499,0.165340131
5.110640096,1.657525592,0.033740157
5.116151141,1.625980109,-0.150349835
5.110505132,1.588432211,-0.1316034
5.094271919,1.544390758,-0.238083151
5.067890135,1.507363995,-0.380930985
5.031663451,1.465324597,-0.443919007
4.98630418,1.420743264,-0.466414729
4.93283205,1.381377021,-0.570644908
4.871464505,1.331693073,-0.616386209
4.802175302,1.288427697,-0.440544649
4.724447078,1.232992529,-0.445043793
4.638650984,1.177662337,-0.47203866
4.544772025,1.127723446,-0.340813615
4.442663988,1.063042834,-0.386929845
4.33325663,1.006835337,-0.499408455
4.216073824,0.944081797,-0.459666012
4.09218404,0.876799264,-0.430046645
3.962397062,0.820483041,-0.541775398
3.825918102,0.758254384,-0.529027822
3.682773403,0.685827995,-0.490410166
3.534859962,0.625293961,-0.619760567
3.383711126,0.5662296,-0.635132644
3.226638854,0.490901357,-0.5901412
3.062079809,0.412382573,-0.628008999
2.889812799,0.329720961,-0.589016414
2.712694571,0.258194372,-0.497533811
2.530882582,0.17886202,-0.509156601
2.344875451,0.105918246,-0.445793651
2.155711653,0.019781157,-0.297321885
1.959679669,-0.062880455,-0.268077447
1.763111577,-0.137653822,-0.18934242
1.560661288,-0.235379583,-0.09973446
1.358372206,-0.299355351,-0.119230753
1.152855227,-0.413626182,-0.14022676
0.945182567,-0.468292771,-0.156723623
0.741491356,-0.611480919,-0.142101404
0.527572845,-0.715351563,-0.144350976
0.329242718,-0.818378645,-0.031122508
0.108977134,-1.091966535,0.083230745
-0.04093078,-0.589653275,0.009369791
-0.032896652,-0.095828126,0.121473473
-0.025721046,-0.191045695,0.163090558
-0.032019383,-0.097571488,0.05586095
-0.025957234,-0.092720067,0.165715059
-0.030725975,-0.086260254,0.216705362
-0.027141921,-0.057474158,0.199083714
-0.02934259,-0.070135091,0.221204507
-0.028607784,-0.040242991,0.230577724
-0.028551549,-0.05494347,0.226828437
-0.029440064,-0.042038841,0.191960068
-0.028334106,-0.040456693,0.213705933
-0.029297602,-0.0348067,0.128972047
-0.028825227,-0.031736133,-0.026248435
-0.029410072,-0.030843831,-0.055117945
-0.029297602,-0.024751437,-0.1316034
-0.029545037,-0.032313504,-0.221586288
-0.029814965,-0.029531623,-0.241832438
-0.030122384,-0.029152958,-0.272201662
-0.031243338,-0.028658068,-0.308944675
-0.031783196,-0.026191116,-0.326566324
-0.032671711,-0.03085133,-0.32206718
-0.033638956,-0.025291317,-0.329565754
-0.033680195,-0.021669622,-0.284949238
-0.034624945,-0.025981163,-0.234333864
-0.034636192,-0.019588835,-0.224210789
-0.035003595,-0.027064672,-0.213712785
-0.035610935,-0.016881937,-0.191591992
-0.035116065,-0.02361169,-0.181093988
-0.036863104,-0.022591917,-0.184093418
-0.035146058,-0.014969863,-0.105358391
-0.037492938,-0.033558228,-0.086986885
-0.03604582,-0.003928569,-0.066740735
-0.036983072,-0.042698694,0.024366939
-0.038021548,0.00052919,0.011994292
-0.035037336,-0.037554839,-0.000378355
-0.04153812,-0.015063592,-0.025873506
-0.031681972,0.003296074,-0.062991448
-0.045707019,-0.079747953,-0.142851261
-0.025342396,0.128986864,-0.181093988
-0.088520713,-0.845560098,-0.215587429
-0.422981142,-1.895495291,-0.262453516
-0.779167084,-1.672997285,-0.099359532
-1.084722646,-1.733718778,-0.145475762
-1.402365016,-1.784977375,0.028866084
-1.686959864,-1.770509344,0.344930978
-1.967415804,-1.769905728,0.152592555
-2.233711733,-1.65751323,0.313436967
-2.496633553,-1.708981781,0.473906451
-2.751371285,-1.702506971,0.258697377
-2.988762347,-1.72579679,0.39629621
-3.214613956,-1.747564448,0.482529811
-3.427325286,-1.778243873,0.398920711
-3.633584569,-1.816275413,0.451785657
-3.825721331,-1.81691652,0.421416433
-4.003173222,-1.832460563,0.383923563
-4.16616893,-1.836074759,0.277068883
-4.315795668,-1.844626606,0.188210781
-4.453463064,-1.848900656,0.19158514
-4.578889942,-1.845170235,0.026241583
-4.691506454,-1.837908101,-0.025123649
-4.790768992,-1.826068235,0.037114515
-4.87670005,-1.809286968,-0.007502
-4.94974951,-1.796101151,0.091104248
-5.01181437,-1.777197856,0.269945238
-5.060802684,-1.747035815,0.22607858
-5.097168081,-1.721923902,0.259072306
-5.122054009,-1.690427158,0.297689962
-5.134481977,-1.656482209,0.064109382
-5.136004075,-1.622773458,-0.042370369
-5.127103926,-1.583800877,-0.116231323
-5.107751536,-1.548517476,-0.294697384
-5.078393039,-1.506560559,-0.425547501
-5.039939443,-1.464674876,-0.510656316
-4.993245524,-1.425383617,-0.526028392
-4.938255045,-1.3796063,-0.623134926
-4.875316665,-1.336888303,-0.582642626
-4.803860534,-1.283470185,-0.419173713
-4.724062857,-1.229399713,-0.506157171
-4.63573993,-1.182418914,-0.487035808
-4.538749292,-1.120771378,-0.352436404
-4.4347705,-1.057597931,-0.418048927
-4.323053751,-0.999182175,-0.475413018
-4.203786496,-0.937335933,-0.381305914
-4.077995963,-0.875230998,-0.392553775
-3.945719644,-0.813692187,-0.489660308
-3.806721349,-0.746510882,-0.415049497
-3.660311261,-0.678444773,-0.474288232
-3.510740758,-0.618581839,-0.608887635
-3.358054828,-0.550796918,-0.57851841
-3.197848384,-0.473222924,-0.594640344
-3.030410099,-0.392255935,-0.64488079
-2.856024899,-0.319027225,-0.622385068
-2.677324588,-0.240815873,-0.550773687
-2.493596855,-0.161468524,-0.502032956
-2.306783687,-0.095963096,-0.382805629
-2.114845622,0.002002612,-0.243707081
-1.918041342,0.069176419,-0.206964069
-1.719876171,0.159422594,-0.106108248
-1.516008757,0.239628502,-0.028498007
-1.314386999,0.321064137,-0.029622793
-1.105255974,0.433265428,-0.009751572
-0.900065159,0.482499476,0.019867795
-0.690199328,0.665121351,0.028491155
-0.480730892,0.702249342,-0.012376073
-0.278359332,0.926209523,0.055486021
-0.060354401,0.998875858,0.001496289
0.025359215,0.291307006,-0.075364095
-0.00071515,0.089879314,0.115099685
0.006362981,0.161278431,0.082855817
0.004728413,0.049894458,0.06448431
0.003836148,0.086632536,0.210331575
0.006119296,0.038317034,0.169464346
0.00360371,0.049542037,0.196084284
0.00636673,0.035880076,0.262071735
0.004188555,0.022131884,0.292066031
0.005845618,0.031999689,0.28944153
0.005302011,0.014528576,0.206207359
0.005474466,0.024148935,0.1597162
0.006070558,0.01235031,0.039364087
0.00576314,0.01491099,-0.070490022
0.006572926,0.011026854,-0.092235886
0.006314244,0.00803502,-0.163847268
0.006692894,0.009032298,-0.234333864
0.006835356,0.005680544,-0.269577162
0.00727774,0.006981504,-0.347187402
0.007570162,0.004004667,-0.433421003
0.00754017,0.003524773,-0.413924711
0.008053785,0.00425961,-0.367433552
0.00814751,0.003521024,-0.268827304
0.008128765,0.003453539,-0.133852972
0.007885079,0.003374807,-0.095610245
0.0074277,-0.000801764,-0.095235316
0.007487684,-0.00068554,-0.113981751
0.007303983,0.000240504,-0.103108819
0.007251497,-3.69e-05,-0.106108248
0.007214006,-0.001442872,-0.10273389
0.007052799,-0.000340617,-0.048369229
0.007079042,-5.57e-05,-0.095235316
0.006692894,-0.007797708,-0.110607393
0.006677898,-0.003189983,-0.05961709
0.006599169,-0.002095227,-0.07686381
0.006396722,-0.005889383,-0.068990307
0.006527938,-0.001851531,-0.043120227
0.006336738,-0.00118043,-0.077988596
0.006314244,-0.003617388,-0.148100263
0.006115546,-0.003129996,-0.183718489
0.005961837,-0.001195427,-0.179219345
0.006070558,-0.006346781,-0.188592562
0.006059311,-0.003088756,-0.160097981
0.006070558,-0.002380163,-0.065990877
0.005841869,-0.005476974,-0.021749291
0.00580063,-0.001754052,-0.033747009
0.005823124,-0.006515493,-0.061116804
0.005680661,-0.005986861,-0.127104255
0.005714402,-0.001454119,-0.140601689
