0.002557736,0.006351644,-0.101609104
0.003858642,-0.005769409,-0.090361243
0.00197289,-0.017369329,-0.09973446
0.004117324,-0.012401684,-0.09973446
0.001597989,-0.039279455,-0.10273389
0.004188555,0.045024292,-0.120355539
0.002145345,-0.08928958,-0.091486029
0.002306552,0.074991376,-0.096360102
0.005530701,-0.140143268,-0.088861528
-0.004550387,0.173991853,-0.093735601
0.121817493,2.043828409,-0.092985744
0.345944558,2.594063509,0.046487733
0.515441049,2.468132773,0.115099685
0.675744968,2.670587737,0.115849542
0.818511017,2.562060628,0.418042074
0.940526297,2.569004084,0.416167431
1.054886098,2.443631973,0.221204507
1.151198165,2.450327983,0.562389624
1.238036483,2.403317191,0.20883186
1.31344782,2.252064587,0.059610237
1.383209398,2.206054822,0.283067742
1.441495256,2.124098053,-0.286448953
1.488421614,2.081743725,-0.095610245
1.523984723,2.036952438,0.035989729
1.54792965,2.007247796,-0.156723623
1.564177859,1.948052214,0.082480888
1.570333734,1.86657159,-0.056242731
1.568725409,1.788922612,-0.176219915
1.559521589,1.694841041,-0.132353257
1.541830011,1.600392051,-0.187842705
1.516827863,1.515863354,-0.291697955
1.482693127,1.442282222,-0.369308196
1.440771697,1.358608336,-0.401926993
1.393391709,1.258888018,-0.271076876
1.338292509,1.152891597,-0.184093418
1.276321374,1.040866517,-0.253080299
1.20779322,0.933340436,-0.110232464
1.138219092,0.849786523,-0.197215922
1.064524803,0.72770618,-0.403801636
0.980708186,0.604047437,-0.331440397
0.892733917,0.490027801,-0.620510425
0.800991894,0.372562681,-0.834969641
0.704908516,0.236749143,-0.76898219
0.598564099,0.093864677,-0.847717217
0.492050976,-0.010099696,-0.728114962
0.378219785,-0.167849605,-0.53240218
0.26217293,-0.263059675,-0.279325308
0.147134558,-0.511344444,-0.17771963
0.027657358,-0.590268138,-0.133103115
-0.010282623,-0.173904508,0.040863802
0.004983345,-0.062985432,-0.074614237
-0.000111559,-0.090384337,-0.123354969
0.002291556,-0.031132517,-0.035246724
0.001553001,-0.052195332,-0.118855824
0.000889427,-0.0253663,-0.220461502
0.002190333,-0.039568141,-0.089236457
0.000522024,-0.02455648,0.066733882
0.001875416,-0.021459669,-0.026998293
0.000758211,-0.026914705,0.153717341
0.001125614,-0.011558122,0.30406375
0.000668235,-0.015753438,0.059235308
0.000477035,-0.01296031,0.147343553
0.000668235,-0.021722111,0.131971476
5.71e-05,-0.012337948,-0.129353828
0.000285836,-0.009169903,-0.001128212
-5.16e-05,-0.011576867,0.093728749
-0.000291512,-0.008273852,0.023242153
-0.000595181,-0.012187981,0.153717341
-0.000685158,-0.009368609,0.22607858
-0.000602679,-0.009833505,0.131221619
-0.001191274,-0.011029489,0.180337279
-0.001187525,-0.012030516,0.111725326
-0.001127541,-0.01574594,-0.024373792
-0.001614912,-0.013638909,-0.0911111
-0.001101298,-0.006268048,-0.253830156
-0.000801377,-0.008277601,-0.245581725
-0.001344983,-0.011753078,-0.338189114
-0.001333736,-0.007861444,-0.384680272
-0.00113129,-0.01161061,-0.18071906
-0.001063808,-0.00900119,-0.24708144
-0.001172529,-0.00752027,-0.158223338
-0.001333736,-0.013886354,0.005995433
-0.001105047,-0.011201951,-0.173970343
-0.001067557,-0.012840336,-0.163097411
-0.001172529,-0.010257161,-0.130103685
-0.001033816,-0.007572758,-0.285324167
-0.001060059,-0.009567314,-0.26432816
-0.001153784,-0.005829396,-0.227210218
-0.001120043,-0.009151157,-0.28157488
-0.001112545,-0.007359056,-0.236958365
-0.001176278,-0.007587755,-0.177344701
-0.001127541,-0.012664125,-0.133478043
-0.001015071,-0.007808956,-0.087361813
-0.001142537,-0.00621556,-0.071989737
-0.001198772,-0.009158655,-0.01612536
-0.001539932,-0.011006994,-0.053243302
-0.002143523,-0.009683539,-0.090736172
-0.002443443,-0.010797041,-0.018374932
-0.002975803,-0.011201951,-0.093360672
-0.002923317,-0.012090503,-0.060366947
-0.003271975,-0.012855333,0.088104818
-0.003425684,-0.006016854,0.063359524
-0.003579393,-0.013777628,0.113225041
-0.004141745,-0.007531517,0.161965772
-0.003354453,-0.008592531,0.097103107
-0.004696598,-0.01161061,0.055486021
-0.003733103,-0.005870637,0.005245576
-0.00503026,-0.024136573,-0.062616519
-0.004550387,0.002081344,-0.107982892
-0.003976788,-0.026037401,-0.124104826
-0.005543875,0.001309016,-0.14022676
-0.002480933,-0.010467114,-0.14322619
-0.00760583,-0.019997494,-0.098609674
-0.000700154,0.021235833,-0.045369799
-0.008696792,-0.068556692,-0.040495726
0.001579244,0.114912495,-0.022874077
-0.023505382,-0.498301096,-0.051743587
-0.239268405,-1.502526456,-0.126729327
-0.484974771,-1.430141308,-0.127104255
-0.67811252,-1.365153265,-0.199090566
-0.876648842,-1.421829407,-0.173595414
-1.044169605,-1.399863044,-0.007502
-1.197410389,-1.47032487,-0.015375503
-1.332157306,-1.463377665,0.077606815
-1.451949423,-1.47477513,0.196834141
-1.560513254,-1.44199992,0.145468909
-1.653582428,-1.473815343,0.27519424
-1.73711037,-1.512780425,0.308562894
-1.803422859,-1.524680278,0.2433253
-1.856917483,-1.543377369,0.377549775
-1.897193097,-1.542425081,0.2433253
-1.92619169,-1.54431841,0.054361235
-1.945034214,-1.510718384,0.146218767
-1.953402004,-1.462252915,0.066733882
-1.953488231,-1.413135091,-0.049868943
-1.943009749,-1.377555506,0.041988588
-1.923263713,-1.336573373,-0.040870654
-1.894924946,-1.272443888,-0.19496635
-1.856565076,-1.225095671,-0.145850691
-1.811082087,-1.169600516,-0.118480895
-1.757291291,-1.089979477,-0.137977188
-1.694416644,-1.012251768,-0.205089425
-1.6237703,-0.923149089,-0.2152125
-1.548055294,-0.848795628,-0.226460361
-1.471717952,-0.775188252,-0.329940682
-1.387991312,-0.669090604,-0.366308766
-1.292788952,-0.561699493,-0.439419863
-1.194381189,-0.480410076,-0.458916155
-1.093712772,-0.370128358,-0.44316915
-0.980177753,-0.239541157,-0.507656886
-0.86355355,-0.144608525,-0.541775398
-0.74305662,-0.009784766,-0.574019266
-0.617258589,0.080742596,-0.619385639
-0.488959969,0.220698963,-0.593515558
-0.354745411,0.317071275,-0.544399899
-0.228265061,0.462242732,-0.491534952
-0.082349842,0.712964459,-0.404551494
0.007408955,0.359823015,-0.33631447
-0.00306203,0.040127881,-0.272201662
-0.005064001,0.108602649,-0.145475762
-0.002214754,0.042002464,-0.032997152
-0.005390165,0.049916953,0.014993722
-0.002300981,0.030425039,0.029241012
-0.004711594,0.019076314,-0.031497437
-0.002574659,0.026454673,-0.084737312
-0.00347817,0.001706428,-0.097859817
-0.003163253,0.021936928,-0.086986885
-0.002615898,0.005658049,-0.073489451
-0.00291207,0.00772009,-0.030372651
-0.002259742,0.007783826,0.031865513
-0.002687129,0.002343786,0.030740727
-0.002046048,0.003419797,0.080981173
-0.002248495,-0.001255413,0.169839275
-0.001933578,0.004345841,0.19158514
-0.001419964,0.00479949,0.230952653
-0.001326238,0.004147135,0.224203936
-0.000823871,0.003194847,0.173963491
-0.000688907,0.003787215,0.178087706
-0.000703903,0.003738476,0.110975469
-0.000250272,0.004120891,0.09635325
-0.0001453,2.68e-05,0.09335382
-0.000407731,-0.008112638,0.048737305
-0.000224029,0.000559183,0.063359524
-0.000104061,0.00326983,0.000371503
-0.000126555,-0.005259523,-0.084362384
-0.000340249,-0.001930263,-0.144725904
-0.000471464,-0.001574092,-0.209213641
-0.000351496,-0.001596587,-0.245581725
-0.000508954,-0.002083979,-0.260578873
-0.000212782,-0.000426848,-0.257579443
0.000368314,0.006179183,-0.243707081
0.000788203,-0.003362445,-0.260203944
0.001421786,-0.002653852,-0.24108258
0.002212827,0.005721785,-0.213712785
0.00246776,-0.0035649,-0.250830727
0.002970127,0.000495447,-0.220461502
0.003551224,0.002126334,-0.222711074
0.003644949,0.004360837,-0.30744496
0.00443599,0.002778689,-0.294322456
0.003937372,-0.002372665,-0.30182103
0.00542198,0.004083399,-0.289823311
0.004555958,-0.010208422,-0.181468917
0.00542198,0.014431097,-0.1316034
0.005935594,-0.011123218,-0.061491733
0.004480978,0.009523439,0.002996003
0.008083777,0.005369363,0.017243294
0.003258801,-0.013402711,0.046487733
0.009260966,0.02866668,0.047612519
0.002876402,-0.046444111,0.058485451
0.008706112,0.079640341,0.069733312
0.005242027,-0.123174543,0.02999087
0.008848575,0.359830513,0.06448431
0.248335334,1.72820112,0.049487162
0.592584428,1.836754472,0.141344694
0.870108642,1.698560214,0.180337279
1.150924487,1.834744919,0.121098544
1.401144662,1.823786107,0.532770257
1.636889908,1.956105423,0.459284231
1.865444554,1.922186718,0.399295639
2.080731453,1.96740166,0.749479045
2.286435883,2.032985821,0.596508136
2.470692226,2.09457712,0.67899245
2.64301922,2.171554996,0.852584438
2.797009806,2.233881132,0.775349125
2.937837617,2.34249822,0.584885346
3.065491408,2.374624823,0.806843136
3.177545568,2.408910946,0.714235747
3.275687152,2.378508959,0.167214774
3.360452268,2.340289961,-0.161972625
3.433325524,2.347300902,-0.451042652
3.493279692,2.293072965,0.023242153
3.541934344,2.245537289,-0.209963498
3.579371958,2.174962988,-0.365558909
3.606466053,2.101115665,-0.125604541
3.624536281,2.059271224,-0.91033031
3.632919068,1.991999938,-0.949322895
3.631010821,1.936583515,-0.585267127
3.618946507,1.879971109,-0.286074024
3.597430939,1.803750564,0.03861423
3.567570074,1.744078838,-0.199090566
3.529633842,1.686671608,-0.376056912
3.483974649,1.613105473,-0.421423285
3.430495022,1.538965715,-0.354311048
3.368891289,1.469433683,-0.107982892
3.299684565,1.393333111,-0.230959505
3.222552433,1.325660665,-0.419548642
3.138762059,1.260462668,-0.811724062
3.048440911,1.185663057,-1.221521131
2.950385554,1.104163687,-1.181778689
2.844865919,1.012005437,-1.115791237
2.73564601,0.949574325,-0.817722921
2.62632113,0.891619717,-0.50353267
2.508860897,0.787486631,-0.415424426
2.379834969,0.700948382,-0.539525826
2.249403162,0.633283434,-0.551898473
2.11467499,0.519829921,-0.487410736
1.969925714,0.416559144,-0.467539515
1.820355211,0.325300694,-0.163847268
1.666555825,0.232321378,-0.002627927
1.510072147,0.132267385,-0.083987455
1.345738043,0.013628776,-0.166846698
1.181505162,-0.065336159,-0.237333293
1.013583255,-0.198667749,-0.234333864
0.839460485,-0.287774177,-0.101234175
0.666766089,-0.431281004,0.062234738
0.484028094,-0.539935584,0.049487162
0.313380657,-0.632150071,-0.022499148
0.122556048,-0.915785727,-0.171345842
-0.014387789,-0.538465911,-0.373432411
-0.011729741,-0.080239093,-0.168346413
-0.003808083,-0.149703641,-0.004502571
-0.010053934,-0.079253063,0.183336708
-0.005157727,-0.07396299,0.525646611
-0.009521574,-0.067450688,0.446911584
-0.006563605,-0.039721857,0.390672279
-0.008550581,-0.052813944,0.270695095
-0.008419365,-0.029659095,0.057735594
-0.008333138,-0.046346633,0.082105959
-0.009236649,-0.029104218,0.021742438
-0.008501843,-0.027180896,-0.051368658
-0.009754013,-0.024237801,-0.133852972
-0.009326626,-0.023011824,-0.359934978
-0.010005197,-0.024114078,-0.410175424
-0.010608787,-0.018737774,-0.286074024
-0.010650026,-0.019783792,-0.243707081
-0.010781242,-0.014752411,-0.106858106
-0.011347342,-0.020267434,0.020617652
-0.011819717,-0.015367274,-0.142101404
-0.011767231,-0.017238108,-0.248581154
-0.012280846,-0.021688368,-0.318317893
-0.012895683,-0.012502911,-0.374182269
-0.012648249,-0.013953839,-0.26432816
-0.012487041,-0.016597001,-0.188967491
-0.012820703,-0.013106527,-0.087736742
-0.012824452,-0.014587448,-0.117731038
-0.012659496,-0.015337281,-0.207338997
-0.012813205,-0.016319562,-0.188217634
-0.01378045,-0.017789235,-0.231334434
-0.014399036,-0.015198562,-0.163472339
-0.014635224,-0.015697201,-0.061116804
-0.015448759,-0.0127766,-0.083237598
-0.015752429,-0.014182538,-0.080613097
-0.016449745,-0.013526434,-0.113231894
-0.016502231,-0.011081977,-0.109482607
-0.017087076,-0.02338674,-3.43e-06
-0.017758149,-0.009199896,0.100852394
-0.017476973,-0.018782764,0.182211922
-0.018837864,-0.017159376,0.233202225
-0.017405742,-0.011786821,0.184461494
-0.019973814,-0.02972658,0.034115085
-0.018425473,0.005046935,-0.07386438
-0.019403965,-0.038383404,-0.110607393
-0.020573656,0.004859476,-0.096360102
-0.017544456,-0.02365668,-0.077613667
-0.023509131,-0.018490329,-0.058117375
-0.014672714,0.005793019,-0.055492874
-0.027303129,-0.073550581,-0.127104255
-0.00893298,0.119314016,-0.101984033
-0.066723969,-0.777906398,-0.103483747
-0.374315243,-1.823271357,-0.093735601
-0.704670506,-1.622079862,0.0761071
-0.98530265,-1.610367467,-0.090361243
-1.269443867,-1.627812337,-0.048744157
-1.518404374,-1.610881103,0.20583243
-1.764106991,-1.663658113,-0.101984033
-1.997914,-1.561950737,0.095978321
-2.225970027,-1.569434073,0.34718055
-2.44169931,-1.554231205,0.052486592
-2.638196171,-1.572035994,0.379424418
-2.823044858,-1.600233472,0.403419855
-2.992297663,-1.624108161,0.032240442
-3.1517768,-1.657112069,0.241450657
-3.296451096,-1.662687079,0.083980603
-3.426388033,-1.678875978,-0.068615378
-3.540676603,-1.678587292,0.150717911
-3.639987878,-1.680465624,0.089604533
-3.726597507,-1.681657859,0.085855246
-3.79853726,-1.671340154,0.030740727
-3.855975842,-1.660580047,0.039739016
-3.900127933,-1.649186332,0.219329863
-3.932571865,-1.642164144,0.244450086
-3.953888736,-1.63341734,0.38467342
-3.964258498,-1.618653124,0.475031237
-3.96319003,-1.595157101,0.263196521
-3.950458392,-1.566805907,0.199458642
-3.927308255,-1.545030751,0.158216485
-3.895036777,-1.511704415,-0.116606252
-3.854086341,-1.473436677,-0.051743587
-3.804505684,-1.438082042,0.037489444
-3.74639228,-1.392207247,-0.287948668
-3.680162269,-1.343453092,-0.391428989
-3.604855905,-1.289663808,-0.411675139
-3.521860322,-1.240778432,-0.635882501
-3.432236489,-1.183431189,-0.680124088
-3.333517558,-1.115440064,-0.557522403
-3.226891964,-1.050388284,-0.534651752
-3.113098264,-0.982052236,-0.606638063
-2.99780121,-0.932570743,-0.526028392
-2.880633401,-0.858595948,-0.471288802
-2.750887662,-0.760232829,-0.520029533
-2.614108782,-0.687060356,-0.364059194
-2.475624101,-0.612680652,-0.251205655
-2.328944085,-0.509867273,-0.304445531
-2.173120233,-0.412010291,-0.349436975
-2.015759288,-0.333431521,-0.416549212
-1.852842309,-0.226572792,-0.572144622
-1.684939147,-0.142250299,-0.72848989
-1.515472648,-0.039009515,-0.623509854
-1.341256153,0.056125572,-0.563896191
-1.166511048,0.167457057,-0.597264845
-0.981594879,0.280610636,-0.36818341
-0.800573931,0.363519693,-0.338938971
-0.612141191,0.537327279,-0.383555486
-0.425849135,0.575137618,-0.0911111
-0.239950725,0.833893808,0.00112136
-0.048979904,0.830673275,-0.037871225
0.009032276,0.20403392,0.213705933
-0.013990394,0.089969294,0.201333286
-0.00533393,0.125998779,0.008245005
-0.008696792,0.046329002,0.173963491
-0.007242176,0.076641009,0.131971476
-0.006301175,0.028910376,-0.008626786
-0.007767038,0.04094145,0.140594836
-0.005064001,0.02732073,0.128597118
-0.006818538,0.02426516,0.002621075
-0.005060252,0.022323092,-0.013500859
-0.005465145,0.011817928,0.023617082
-0.004809069,0.022533045,-0.015750432
-0.004407925,0.006141691,-0.033747009
-0.00442667,0.010996861,0.130096833
-0.003538154,0.010573205,0.124097974
-0.00370686,0.00421462,0.05586095
-0.003215739,0.006869029,0.152592555
-0.002649639,0.005103172,0.072732742
-0.002364714,0.004983199,-0.009001715
-0.00207604,0.006902772,0.059610237
-0.001716135,0.005309376,-3.43e-06
-0.001078804,0.003356061,-0.117731038
-0.000295261,0.002958649,-0.173220486
0.000300832,0.007386414,-0.230209648
0.001050634,0.009009803,-0.320567465
0.00197289,-0.003883579,-0.354685976
0.001942898,-0.003272465,-0.293572598
0.002677704,0.006996501,-0.295072313
0.003161327,-0.001026714,-0.27295152
0.003307538,0.007858809,-0.16909627
0.00470217,0.001410244,-0.201715067
0.004068587,0.002385027,-0.223086003
0.005718151,0.010044573,-0.112482036
0.004634688,-0.01053085,-0.128978899
0.006078056,0.017801597,-0.149599977
0.006299248,-0.008929956,-0.052493444
0.005545697,0.014663545,-0.100109389
0.008897312,-0.006324286,-0.161972625
0.003952368,-4.44e-05,-0.083237598
0.010993009,0.026255967,-0.071239879
0.003142582,-0.043261069,-0.057742446
0.012196441,0.079786559,-0.003377784
0.003161327,-0.145013434,0.034115085
0.023019833,0.521659514,0.046487733
0.306512471,1.829338622,-0.001128212
0.66941289,1.765554061,0.196459213
0.963256545,1.660442443,0.127097403
1.273097225,1.771237796,0.055486021
1.555622619,1.738402601,0.555640907
1.827182158,1.799547749,0.290566316
2.088146995,1.688178773,0.196834141
2.342629794,1.707603202,0.60400671
2.594881932,1.729363361,0.130471761
2.82539731,1.741446923,0.283067742
3.044253266,1.799562746,0.55189162
3.251734727,1.843945373,0.050611948
3.450934624,1.898368266,0.301814177
3.634658608,1.918122622,0.363677413
3.801969426,1.952131307,0.100852394
3.954063013,1.97261675,0.384298491
4.091104325,1.995820338,0.30406375
4.217408472,2.024186528,0.307063179
4.33064357,2.036813719,0.43078965
4.430547188,2.059469929,0.221204507
4.516444505,2.067440656,0.316061468
4.587630707,2.070672437,0.274444382
4.645395453,2.087708648,0.11359997
4.690229864,2.08864219,0.256822733
4.722463852,2.073975453,0.059985166
4.741591301,2.061329516,-0.086611956
4.74826079,2.051371731,0.063734453
4.744631748,2.034313026,-0.192716778
4.730737917,1.992446089,-0.296946957
4.706429336,1.954170853,-0.205839283
4.672178381,1.917676471,-0.451417581
4.62795131,1.856894992,-0.56427112
4.574917814,1.815999089,-0.499033526
4.514131366,1.775995488,-0.520779391
4.445513236,1.720496584,-0.568770264
4.369250875,1.659055251,-0.4660398
4.285445505,1.591469036,-0.381305914
4.194573252,1.531381152,-0.475787947
4.096169237,1.46670429,-0.406051208
3.991039499,1.403283398,-0.340063757
3.880319986,1.3273028,-0.481786806
3.762676053,1.252150767,-0.518904747
3.638313893,1.166092411,-0.531652323
3.508028297,1.090378003,-0.628008999
3.378050121,1.055068358,-0.679749159
3.246486113,0.966685519,-0.632133214
3.100938298,0.860152967,-0.590516129
2.949448301,0.798404203,-0.661752582
2.798550649,0.714179189,-0.543650041
2.638745349,0.607920326,-0.41130021
2.470969653,0.507727614,-0.521904177
2.299729872,0.424061225,-0.400052349
2.127069217,0.336409473,-0.304820459
1.94680182,0.214291638,-0.469414159
1.764120061,0.128536964,-0.311194247
1.58110464,0.020568482,-0.202464924
1.391262271,-0.077820881,-0.33631447
1.200658854,-0.196373259,-0.156723623
1.00254242,-0.319383396,-0.131978329
0.810042004,-0.415965661,-0.239582866
0.60840525,-0.588239839,-0.06524102
0.411728436,-0.621963587,-0.061491733
0.214264331,-0.902922338,-0.108732749
0.016054172,-0.86155779,-0.046119656
-0.037642898,-0.209705294,0.037114515
-0.014369044,-0.124655463,0.089229604
-0.023756565,-0.145875743,0.049112234
-0.019201518,-0.064488847,0.193834712
-0.021672116,-0.098696238,0.175088277
-0.021822076,-0.046579081,0.020242724
-0.020262488,-0.065786059,0.173213633
-0.022939281,-0.04577676,0.094478606
-0.021308462,-0.041881376,-0.090361243
-0.023145477,-0.04298738,0.010119649
-0.02237693,-0.031544925,-0.100109389
-0.023235453,-0.042290035,-0.229459791
-0.023441648,-0.032703418,-0.129728756
-0.023621601,-0.032932117,-0.182218774
-0.024168956,-0.023716667,-0.191966921
-0.024161458,-0.028943004,-0.110607393
-0.025091213,-0.027679535,-0.153349264
-0.024967495,-0.019911263,-0.131978329
-0.02540613,-0.026382324,-0.124104826
-0.026058457,-0.025561257,-0.131228471
-0.026602064,-0.022921844,-0.062616519
-0.027614296,-0.026708501,-0.080613097
-0.028300365,-0.02680598,-0.038996011
-0.028978936,-0.024560229,-0.029622793
-0.029829961,-0.029606607,-0.145850691
-0.029931185,-0.02469145,-0.072739594
-0.030808453,-0.020492384,-0.091860958
-0.030958413,-0.023731664,-0.2152125
-0.031700717,-0.02774702,-0.145100833
-0.032116857,-0.015311037,-0.164222197
-0.031929407,-0.024054092,-0.180344131
-0.033672697,-0.017845473,-0.067490592
-0.032131854,-0.015502244,-0.003377784
-0.034733666,-0.02896175,0.010869506
-0.032881656,-0.002957535,0.063359524
-0.034699925,-0.039658121,0.118474043
-0.034632443,-0.000430597,0.053986307
-0.032945389,-0.044981936,0.001496289
-0.038149015,-0.00720534,0.008245005
-0.029470056,-0.020814812,-0.042370369
-0.043840012,-0.059974851,-0.158223338
-0.020393703,0.0987086,-0.116981181
-0.108124286,-0.962594064,-0.178094559
-0.454712763,-1.882144511,-0.250080869
-0.794826699,-1.634947,-0.053243302
-1.09084478,-1.715471587,-0.260203944
-1.395901723,-1.754267957,-0.066365806
-1.669586951,-1.773662392,0.262446664
-1.940516657,-1.77965356,-0.052868373
-2.196300362,-1.692927852,0.220829578
-2.451724162,-1.756821139,0.240700799
-2.696088383,-1.752479604,0.075357242
-2.921025234,-1.792843126,0.388047778
-3.135701045,-1.839340282,0.188960639
-3.339186061,-1.885826192,0.275569168
-3.534843144,-1.934827791,0.429289935
-3.714484456,-1.955215756,0.178837564
-3.877588885,-1.980113967,0.325059757
-4.023084214,-1.992557449,0.240325871
-4.155319295,-2.021456021,0.120723615
-4.2778032,-2.045769362,0.264321307
-4.387780409,-2.059052657,0.095978321
-4.483762563,-2.064372724,0.101227323
-4.563777683,-2.064507694,0.227203366
-4.630847472,-2.070663825,0.163090558
-4.686366561,-2.070198928,0.261696806
-4.72795058,-2.058430296,0.360677983
-4.756195621,-2.043238675,0.278943527
-4.771832742,-2.026794833,0.303313892
-4.775862928,-2.007790311,0.224203936
-4.769489611,-1.986881212,-0.012751002
-4.75324515,-1.959474808,-0.071239879
-4.727223272,-1.925222428,-0.212587999
-4.69011932,-1.886264844,-0.374557198
-4.643755313,-1.846354972,-0.482161734
-4.589784565,-1.802699683,-0.54102554
-4.527221087,-1.756303754,-0.472788517
-4.456533503,-1.70503016,-0.536901325
-4.377616843,-1.645782089,-0.422548071
-4.291408358,-1.587178876,-0.306695103
-4.197686857,-1.518951553,-0.404926422
-4.096591053,-1.456123029,-0.345687688
-3.990685269,-1.391577387,-0.341563472
-3.876902816,-1.312548717,-0.395553205
-3.755386155,-1.242120634,-0.394803347
-3.628156002,-1.167099822,-0.366683695
-3.496693218,-1.10498364,-0.392178846
-3.366298901,-1.04398096,-0.485161164
-3.228736477,-0.944095679,-0.420298499
-3.079267197,-0.853976976,-0.44879308
-2.92766848,-0.778273816,-0.566145763
-2.771113571,-0.682291417,-0.47203866
-2.606648252,-0.585742894,-0.500158312
-2.436368218,-0.486528715,-0.62201014
-2.262500381,-0.404886876,-0.534276824
-2.086004488,-0.303561915,-0.546274542
-1.903079043,-0.201168443,-0.547774257
-1.721034615,-0.111683349,-0.337064328
-1.533137983,0.008342452,-0.300696244
-1.342905718,0.096350374,-0.215587429
-1.148714498,0.232711291,-0.041245583
-0.950703037,0.315852796,-0.096360102
-0.756365605,0.475855953,-0.049868943
-0.55151595,0.592402528,-0.022874077
-0.361947259,0.680163005,-0.034121938
-0.151500332,0.985585065,0.01836808
-0.001060059,0.564156311,-0.055867803
-0.004824065,0.064958607,0.068608526
-0.012880687,0.152074229,0.05023702
-0.005592612,0.070886039,0.005995433
-0.011171139,0.064051309,0.263946379
-0.005937521,0.060148427,0.122598259
-0.008947976,0.026807094,0.098977751
-0.006631088,0.047843665,0.25494809
-0.006747307,0.020797181,0.053611378
-0.006994741,0.030402544,0.063359524
-0.005603859,0.017306708,0.064109382
-0.006005003,0.018229002,-0.088111671
-0.005004017,0.012564013,-0.052118516
-0.005300189,0.010520717,-0.079488311
-0.004531642,0.012871444,-0.110982321
-0.004422921,0.007300183,-0.074614237
-0.003541903,0.012792712,-0.140601689
-0.002960807,0.007146468,-0.137977188
-0.003073277,0.009298489,-0.170595985
-0.001944825,0.007075234,-0.263203374
-0.000538946,0.00371973,-0.173970343
0.000177115,0.009099783,-0.188592562
0.001088124,0.009785881,-0.210338427
0.001792938,0.005016941,-0.090361243
0.002366536,0.006160437,-0.146975477
0.003240056,0.002752445,-0.148100263
0.002951382,0.004705761,-0.040120797
0.004229794,0.00470951,-0.085112241
0.00413232,-0.001817788,-0.071614808
0.005444474,0.014067428,-0.040870654
0.005073322,-0.004314733,-0.08248774
0.005103314,0.013557542,-0.040870654
0.006947827,-0.004142271,-0.014625646
0.004747158,0.00875486,0.037489444
0.009032276,0.012942678,0.048362376
0.004158563,-0.024470249,0.037489444
0.009665859,0.036611163,0.076856957
0.005868112,-0.051284284,-0.001128212
0.007716374,0.077866986,-0.041620512
0.011352913,-0.09738403,-0.057742446
-0.001127541,0.204907476,-0.086237027
0.221428689,1.633647153,-0.134227901
0.601293378,1.883195392,-0.01912479
0.908239823,1.663816692,-0.014625646
1.220985986,1.833683905,-0.188967491
1.51827873,1.801703519,0.251198803
1.7954018,1.867280182,0.185961209
2.066773889,1.796151005,-0.022124219
2.323918485,1.785630845,0.47990531
2.580238299,1.822991284,0.17133899
2.821592064,1.859823091,0.167589703
3.057907161,1.937925717,0.586385061
3.277576653,1.948843288,0.232077439
3.479802001,1.997226275,0.416167431
3.673554587,2.048484873,0.586385061
3.857094869,2.09700283,0.2838176
4.028739543,2.116937146,0.467157734
4.184004792,2.14083433,0.390297351
4.324971317,2.163018145,0.238826156
4.450510666,2.168135757,0.35580391
4.562493595,2.189839679,0.22907801
4.664432926,2.198950152,0.299189676
4.754525385,2.210085175,0.393671709
4.830840233,2.221261439,0.339307047
4.893253751,2.217272326,0.530145756
4.943153074,2.206999611,0.515148608
4.980905605,2.203355422,0.373425559
5.005742796,2.180871674,0.506150319
5.017705887,2.152141815,0.297315033
5.018429446,2.137962469,0.040488873
5.008891965,2.10392754,0.035239872
4.989040957,2.069393972,-0.250830727
4.959476264,2.0393744,-0.450667724
4.920306607,1.996498937,-0.491909881
4.871359533,1.946488812,-0.607762849
4.81346732,1.898551975,-0.671125799
4.748114578,1.848886773,-0.63625743
4.675076365,1.790575995,-0.524528678
4.594123992,1.73310128,-0.563896191
4.505654854,1.670760148,-0.562021548
4.410040103,1.60412622,-0.451042652
4.307144775,1.533881846,-0.531277394
4.197242547,1.462186545,-0.55264833
4.082159187,1.39554137,-0.475038089
3.960994933,1.320134394,-0.481036948
3.832752548,1.239875998,-0.516655175
3.697911905,1.165923698,-0.516280246
3.562366448,1.109112586,-0.48628595
3.427597037,1.040424116,-0.592015844
3.281423137,0.929568775,-0.619760567
3.125842971,0.847746977,-0.580018125
2.971241297,0.781124297,-0.763733188
2.810026369,0.676286368,-0.773856263
2.639476406,0.57787076,-0.70561924
2.465818513,0.48009626,-0.86421408
2.288797759,0.396531099,-0.717616958
2.10679832,0.290755879,-0.46903923
1.919134126,0.190105768,-0.509906458
1.732845819,0.108602649,-0.310819319
1.540566594,-0.022483191,-0.148100263
1.345449369,-0.106681961,-0.280825023
1.147674095,-0.243155353,-0.2152125
0.945448747,-0.344142888,-0.215962357
0.747714713,-0.485797627,-0.276325878
0.538793632,-0.611889578,-0.205839283
0.345333469,-0.69257538,-0.18071906
0.133506906,-1.008551341,-0.132353257
-0.030096141,-0.645710805,-0.089236457
-0.034373762,-0.106903162,0.095603392
-0.022485651,-0.169967883,0.221954364
-0.030797206,-0.10061956,0.203957787
-0.024622586,-0.084591875,0.334807903
-0.029635013,-0.08722379,0.267320737
-0.026699538,-0.048142483,0.15109284
-0.028416585,-0.067968073,0.212956075
-0.028724003,-0.040490436,0.102727038
-0.028011692,-0.050485712,0.037489444
-0.029458809,-0.036936226,0.085855246
-0.028795235,-0.039954305,-0.004502571
-0.030054902,-0.0399768,-0.049868943
-0.029747483,-0.030067754,-0.065990877
-0.030204862,-0.032785899,-0.152974336
-0.030508532,-0.030138988,-0.172095699
-0.031145864,-0.03143245,-0.211088284
-0.031445785,-0.02500638,-0.251955513
-0.03172696,-0.031140016,-0.238833008
-0.033331537,-0.038008488,-0.264703088
-0.034280036,-0.029239188,-0.202464924
-0.034861133,-0.028718054,-0.127854113
-0.035925852,-0.030303952,-0.118855824
-0.03642447,-0.024800176,-0.016500289
-0.037234256,-0.029145459,-0.001503141
-0.037425456,-0.026104886,-0.02774815
-0.037777863,-0.033138321,0.026241583
-0.038880072,-0.027582057,-0.025873506
-0.038171509,-0.02689596,-0.056242731
-0.040207221,-0.030270209,-0.057742446
-0.039041279,-0.020758575,-0.084362384
-0.040600867,-0.03880706,-0.049119086
-0.040184727,-0.005443232,-0.009751572
-0.039986029,-0.039635626,0.034864943
-0.042591591,-0.009184899,0.050611948
-0.038325218,-0.028706807,0.06448431
-0.045508321,-0.039193224,0.052861521
-0.036503199,0.015559596,0.000371503
-0.047986417,-0.097140334,-0.075364095
-0.034396256,0.128525717,-0.095235316
-0.069082096,-0.634500798,-0.193466635
-0.378135484,-1.827331704,-0.308944675
-0.744121339,-1.711531213,-0.07686381
-1.043446046,-1.719179512,-0.2152125
-1.3590677,-1.837619415,-0.110607393
-1.644307377,-1.830728448,0.402669998
-1.921501678,-1.886531035,0.098227893
-2.185908106,-1.785209824,0.25494809
-2.442130446,-1.835741083,0.48852867
-2.692601804,-1.865610689,0.166839845
-2.929246813,-1.923377838,0.458909303
-3.160174582,-1.980245188,0.491903028
-3.370812709,-1.996876488,0.397795925
-3.56833305,-2.056057074,0.591634062
-3.757440612,-2.100972082,0.450285943
-3.937033187,-2.148758952,0.482529811
-4.104032838,-2.168580793,0.471656878
-4.254394382,-2.183307517,0.365926985
-4.388807637,-2.198427903,0.451410729
-4.509015894,-2.208629384,0.314936682
-4.617433514,-2.225429397,0.322060327
-4.715481373,-2.234524874,0.469032378
-4.801584885,-2.229388516,0.457409588
-4.872384939,-2.227015294,0.603256852
-4.929932243,-2.228481218,0.769350266
-4.9762925,-2.217128743,0.670369089
-5.010217292,-2.200489945,0.674868234
-5.031035544,-2.177320099,0.701113243
-5.039437076,-2.150697271,0.364052342
-5.036242919,-2.124216912,0.154467198
-5.023203863,-2.095655765,0.038989159
-5.001429612,-2.064942597,-0.284199381
-4.969345585,-2.025576354,-0.543650041
-4.927352924,-1.985044121,-0.623509854
-4.876370137,-1.941655022,-0.654254008
-4.817165771,-1.894096852,-0.778355407
-4.75074831,-1.847138548,-0.680499017
-4.676292971,-1.790331184,-0.514780531
-4.593619803,-1.730839418,-0.576268838
-4.503279909,-1.672367425,-0.478037519
-4.405434497,-1.604473778,-0.390304203
-4.300237276,-1.540220571,-0.489660308
-4.189701465,-1.474261494,-0.51815489
-4.072301217,-1.394123071,-0.460790799
-3.947061789,-1.319379697,-0.463415299
-3.816172603,-1.242503048,-0.581892769
-3.679974819,-1.172329908,-0.583017555
-3.544493095,-1.118128216,-0.604013562
-3.406282093,-1.029689139,-0.801975916
-3.255002041,-0.923932664,-0.803850559
-3.097997251,-0.849354254,-0.826346281
-2.939830268,-0.761211362,-1.017559918
-2.773625408,-0.658356742,-0.978942262
-2.600953506,-0.567259506,-0.935075604
-2.42378654,-0.47009612,-0.958696112
-2.244336427,-0.37879268,-0.724365675
-2.059896382,-0.269459501,-0.565020977
-1.872007248,-0.185271979,-0.525278535
-1.683878177,-0.074817799,-0.310069461
-1.488322318,0.035358942,-0.275576021
-1.293201343,0.14083048,-0.301446101
-1.090874772,0.280246967,-0.213712785
-0.891753603,0.363542188,-0.247831297
-0.687998659,0.548514791,-0.273701377
-0.484498647,0.596950266,-0.302945816
-0.288204233,0.825405696,-0.24708144
-0.075976525,0.935919863,-0.181468917
0.009995772,0.293631489,-0.153349264
-0.014252825,0.081158754,0.084355531
-0.007785783,0.143376163,0.187835853
-0.009022956,0.042977247,0.233952083
-0.009285387,0.078331882,0.373425559
-0.006732311,0.034500383,0.288316744
-0.009150422,0.044428174,0.26357145
-0.005960015,0.035115246,0.26919538
-0.00760583,0.023792765,0.191210211
-0.005975011,0.028134299,0.193084854
-0.006083732,0.010258275,0.073482599
-0.005652596,0.020343532,-0.003377784
-0.005086495,0.008008776,-0.026998293
-0.005097742,0.010168295,-0.144725904
-0.004355438,0.006621584,-0.103858676
-0.003943047,0.008192485,-0.079113382
-0.003095771,0.005275634,-0.147725334
-0.003167002,0.002208816,-0.129353828
-0.002282236,0.013894966,-0.191591992
-0.001033816,0.008398689,-0.228709933
-3.28e-05,0.002246308,-0.147725334
0.000795701,0.004195874,-0.148100263
0.001478021,0.005346868,-0.083237598
0.002145345,0.008312458,0.05023702
0.003131335,0.005631805,0.016493437
0.003041358,0.002771191,0.013494007
0.004087332,0.01307015,0.037114515
0.004297277,-0.002353919,-0.035621653
0.004364759,0.00488947,-0.047619371
0.005635673,-0.004745887,-0.06824045
0.004488476,0.000499196,-0.110607393
0.007311481,0.010033325,-0.121855254
0.004743409,-0.011670596,-0.091860958
0.007862585,0.027155767,-0.032247294
0.006482949,-0.022978081,0.007495148
0.006527938,0.032367107,0.064859239
0.010119489,-0.022685646,0.101227323
0.002801422,0.020774686,0.052486592
0.016976428,0.013370083,-0.072739594
-0.008921733,-0.074045471,-0.090736172
0.111635182,1.169999042,-0.187467776
0.476346373,1.969388718,-0.223460931
0.807946307,1.673785725,-0.028123079
1.110712606,1.812253673,-0.18934242
1.41936485,1.843566707,0.074232456
1.696574148,1.878358967,0.339307047
1.971125397,1.885257433,-0.007127072
2.228693631,1.819347095,0.389922422
2.484319878,1.873286346,0.419916718
2.728474154,1.895485158,0.196459213
2.963544579,1.97855168,0.692864811
3.187349229,2.003577363,0.502775961
3.391190401,2.038197162,0.447661442
3.585932725,2.098435012,0.751728617
3.77075142,2.136444057,0.481779953
3.944930425,2.178603428,0.565014125
4.103955931,2.19122687,0.648998154
4.248146605,2.213890579,0.538769116
4.378278491,2.221370165,0.651622654
4.493654273,2.215360252,0.523397039
4.597363137,2.237791512,0.547017547
4.690368577,2.24917398,0.703362815
4.770938551,2.244809951,0.689865382
4.837569706,2.234600972,0.855583867
4.890993098,2.224208283,0.934318894
4.93267834,2.212788324,0.766350837
4.962070579,2.18529569,0.775724054
4.978431259,2.16582627,0.64412408
4.983496171,2.141741628,0.280443241
4.977955134,2.109116386,0.166464917
4.96187563,2.0762362,-0.055117945
4.936326127,2.035681471,-0.423297929
4.901025449,1.996903847,-0.637382216
4.855726161,1.945401554,-0.742737181
4.801178066,1.896242489,-0.862339436
4.738858272,1.853412017,-0.927202101
4.668890499,1.797039557,-0.754734899
4.590708644,1.738919986,-0.718741744
4.504950041,1.674381842,-0.729239748
4.412012083,1.617889409,-0.595015273
4.311887273,1.555563273,-0.632883072
4.20389704,1.477854309,-0.707868812
4.090043355,1.416225519,-0.678624373
3.971057275,1.343240504,-0.627259141
3.845034304,1.26387066,-0.665876797
3.712116904,1.18866239,-0.763733188
3.576312766,1.12415424,-0.774231192
3.442146945,1.063492734,-0.857090434
3.300036972,0.960045746,-0.982691549
3.146001398,0.875858223,-0.955321754
2.992340725,0.805853796,-1.046054499
2.834454918,0.699377481,-1.168656184
2.666128118,0.612449318,-1.037431139
2.494146033,0.513756273,-1.060676719
2.318287472,0.417815115,-1.025808349
2.138436215,0.32563437,-0.701869953
1.952605288,0.215817549,-0.658003295
1.766838093,0.138457258,-0.513280817
1.576789529,0.01563083,-0.248206226
1.38134614,-0.079091849,-0.349436975
1.186521337,-0.204430217,-0.332940112
0.984472192,-0.320594377,-0.303320745
0.78775039,-0.437433386,-0.372682554
0.580861274,-0.597474035,-0.347187402
0.384694325,-0.647945308,-0.314568606
0.179627227,-0.963748807,-0.188967491
-0.008471851,-0.783181474,-0.140601689
-0.039734846,-0.156534622,0.034490014
-0.019831352,-0.151214555,0.25494809
-0.029938683,-0.130807844,0.278568598
-0.02411647,-0.071968433,0.406419285
-0.027812994,-0.097117839,0.43378908
-0.026290896,-0.048986046,0.370801058
-0.026380872,-0.067788113,0.361052912
-0.028097919,-0.040374211,0.284192528
-0.026733279,-0.049480936,0.202458072
-0.028446577,-0.046245405,0.162340701
-0.02752432,-0.034278067,0.092603963
-0.028840223,-0.043774705,-0.020624505
-0.028783988,-0.034038121,-0.047619371
-0.029008928,-0.030585139,-0.095235316
-0.029503798,-0.029617854,-0.114731608
-0.029901193,-0.032313504,-0.098984603
-0.030347325,-0.025643738,-0.17771963
-0.030171121,-0.025565006,-0.143976047
-0.031659478,-0.033100829,-0.14885012
-0.032907899,-0.031323725,-0.187092848
-0.033354031,-0.026251103,-0.104233605
-0.03449373,-0.028283151,-0.130853542
-0.035224787,-0.026333585,-0.072739594
-0.035753397,-0.026682257,0.014618793
-0.036285757,-0.022854359,-0.055492874
-0.036109553,-0.024901403,-0.023623934
-0.037616655,-0.027225886,-0.055492874
-0.037166774,-0.021868328,-0.16609684
-0.038475178,-0.035020402,-0.181468917
-0.038411445,-0.012454172,-0.193091707
-0.038325218,-0.03233225,-0.187842705
-0.040225966,-0.01705065,-0.155223908
-0.037541675,-0.022539429,-0.063741305
-0.041999248,-0.035762737,0.014618793
-0.03737297,-0.003351197,0.082855817
-0.042359153,-0.059907366,0.124847831
-0.039030032,0.029693952,0.101227323
-0.039858563,-0.088580988,0.02699144
-0.04471728,0.065041089,-0.061116804
-0.030531026,-0.2015846,-0.079863239
-0.248022343,-1.561808269,-0.244831867
-0.630818758,-1.833978975,-0.125229612
-0.939605967,-1.662195938,-0.068990307
-1.250766299,-1.862240188,-0.223086003
-1.547305492,-1.844739081,0.287566887
-1.822314121,-1.921327044,0.240325871
-2.091961665,-1.847918374,0.121473473
-2.346729388,-1.844877801,0.585635203
-2.599937524,-1.905689273,0.32131047
-2.838329572,-1.941655022,0.413917859
-3.071068112,-2.020451244,0.695864241
-3.28654996,-2.03153003,0.492652886
-3.484962565,-2.083965866,0.727358252
-3.67557723,-2.13622924,0.752853403
-3.85636199,-2.182512694,0.653872227
-4.026229633,-2.214598056,0.77984827
-4.179657868,-2.227476442,0.643374223
-4.317895113,-2.241981965,0.658371371
-4.441458734,-2.247470744,0.615254571
-4.552009541,-2.262051251,0.464533233
-4.652771682,-2.274288528,0.605131496
-4.741596976,-2.273969849,0.64412408
-4.816427216,-2.266186581,0.675618091
-4.878000956,-2.257083606,0.849585008
-4.927011764,-2.247414506,0.808342851
-4.964051983,-2.230277069,0.716860248
-4.988596751,-2.204006662,0.74797933
-5.000777285,-2.175850426,0.514773679
-5.001328389,-2.146846878,0.220079721
-4.991172321,-2.114124157,0.122598259
-4.972239821,-2.08079782,-0.143601118
-4.944084756,-2.041461571,-0.488910451
-4.90540247,-1.994244574,-0.653129222
-4.857568852,-1.948313541,-0.726615247
-4.801738595,-1.90197385,-0.879961085
-4.737664265,-1.848641963,-0.929076745
-4.666159397,-1.793825407,-0.801975916
-4.587325215,-1.735795816,-0.835719499
-4.500119493,-1.671456378,-0.833844855
-4.405520724,-1.608117968,-0.711618099
-4.303611385,-1.543351125,-0.744611824
-4.195774862,-1.478524296,-0.782104694
-4.08198491,-1.40397213,-0.706369097
-3.95985716,-1.327691598,-0.628383927
-3.832027166,-1.253653068,-0.682748589
-3.698041298,-1.174729375,-0.733738892
-3.562570822,-1.122852165,-0.675999872
-3.427733928,-1.046222961,-0.837219213
-3.28056654,-0.933069382,-0.949697823
-3.124105357,-0.858738417,-0.868338295
-2.968176533,-0.778607492,-1.024308635
-2.805514487,-0.679348322,-1.075673867
-2.634518392,-0.585900359,-0.957946255
-2.458817289,-0.483544378,-1.011935988
-2.280953008,-0.40050785,-0.889709231
-2.098949819,-0.289258847,-0.646755434
-1.911199399,-0.199016422,-0.612261993
-1.725061052,-0.105096064,-0.447293365
-1.531679618,0.018705146,-0.283074595
-1.336794832,0.10391994,-0.322817037
-1.136965101,0.25388658,-0.263203374
-0.936344328,0.337991621,-0.238083151
-0.736792024,0.497196206,-0.243707081
-0.529970389,0.593849706,-0.227210218
-0.337068829,0.741379388,-0.167596555
-0.121733193,0.988460675,-0.042370369
0.006156786,0.4542945,-0.031122508
-0.008925482,0.053969802,0.115474613
-0.010642528,0.153543902,0.265446093
-0.006496123,0.060534591,0.236951512
-0.010275125,0.072936833,0.324684828
-0.005828799,0.047360022,0.32131047
-0.009064195,0.031740997,0.227953223
-0.005888784,0.04525674,0.236201655
-0.006739809,0.01837522,0.17996235
-0.005975011,0.031965947,0.140969765
-0.005558871,0.014866,0.107601111
-0.005772564,0.01994987,0.033365228
-0.004467909,0.01473478,0.024366939
-0.004816567,0.010198289,-0.03637151
-0.004100506,0.010337008,-0.064116234
-0.003901808,0.007997528,-0.032997152
-0.002983301,0.012698983,-0.092985744
-0.00291207,0.000360477,-0.097484888
-0.002668384,0.004015914,-0.102358961
-0.000951337,0.007127722,-0.17771963
0.000147123,0.001728923,-0.12860397
0.000803199,0.009677155,-0.101234175
0.002070365,0.009227255,-0.127479184
0.002389031,0.005976728,-0.037121367
0.00303386,0.009984586,-0.025873506
0.003569969,0.002733699,-0.052868373
0.003719929,0.00547434,-0.013875788
0.004848381,0.000787882,-0.060366947
0.004484727,0.002178823,-0.074239309
0.006209272,0.005538075,-0.05961709
0.004968349,-0.003497415,-0.089611386
0.006850352,0.019968615,-0.06224159
0.006565428,-0.014115053,-0.020624505
0.006198025,0.017212978,0.042738446
0.009073515,-0.00752027,0.103476895
0.004480978,0.003753472,0.140969765
0.011675328,0.016916794,0.124097974
0.003060103,-0.037584832,0.056235879
0.013932232,0.085590268,-0.034121938
0.001515511,-0.152867937,-0.116981181
0.031841253,0.604696043,-0.178469487
0.333179179,1.885377406,-0.269577162
0.697744158,1.774915728,-0.073489451
0.995947912,1.740704589,-0.148100263
1.310024974,1.873068894,-0.160097981
1.594267414,1.867636353,0.33855719
1.869785908,1.935567491,0.090354391
2.1322466,1.830635833,0.226828437
2.386740646,1.874579808,0.616754285
2.636454704,1.913237459,0.262446664
2.872331166,1.968320206,0.587884775
3.101894295,2.020508596,0.703362815
3.310837869,2.03874454,0.475031237
3.507499687,2.103080228,0.79147106
3.695028916,2.139867045,0.703362815
3.872473309,2.187500199,0.665495016
4.036391273,2.205698651,0.763351407
4.184113514,2.21163733,0.569513269
4.318313076,2.225902906,0.600257423
4.437651562,2.2331238,0.515523536
4.544745782,2.248866548,0.444287083
4.640949127,2.240922065,0.576636914
4.725729239,2.235635741,0.548142333
4.796934186,2.238676315,0.672618662
4.854429004,2.217366055,0.864957085
4.900185671,2.197952874,0.755477904
4.933791796,2.183691046,0.708236888
4.955007444,2.159291474,0.71648532
4.964207515,2.125297786,0.426290506
4.962464225,2.097523964,0.229827867
4.950523628,2.063504032,0.07910653
4.928783119,2.020294894,-0.256454657
4.897381411,1.981622247,-0.518904747
4.855936106,1.936684743,-0.706744026
4.805050793,1.884380128,-0.856715506
4.746153846,1.832116754,-1.007811772
4.679713891,1.78663937,-0.957946255
4.605299791,1.72946084,-0.833094998
4.523361429,1.661784644,-0.908455666
4.433842568,1.60570087,-0.848092146
4.336904416,1.544941886,-0.762608402
4.232453249,1.472373029,-0.795977056
4.121767477,1.410931696,-0.756609543
4.005551916,1.334801132,-0.653129222
3.882475667,1.251243469,-0.604388491
3.752662447,1.182255065,-0.685748019
3.617848047,1.110428543,-0.707493883
3.484334554,1.061543168,-0.732614106
3.346708397,0.975128641,-0.870212939
3.196166901,0.861187737,-0.885210087
3.042438746,0.803199386,-0.891583875
2.886569906,0.71934179,-1.038180997
2.721231067,0.615969785,-1.023558777
2.550778578,0.530376325,-0.977817476
2.37608221,0.43190448,-1.082797512
2.197828032,0.342115704,-0.879586156
2.013939091,0.235425687,-0.65950301
1.82751582,0.151853028,-0.620885353
1.640204033,0.039318061,-0.36218455
1.445173035,-0.068732903,-0.293947527
1.251401704,-0.168089551,-0.314943534
1.050012385,-0.301882289,-0.207713926
0.851802226,-0.391644821,-0.225710504
0.648785837,-0.571717264,-0.170221056
0.446301807,-0.617423347,-0.148100263
0.250194843,-0.855285435,-0.117731038
0.03920056,-0.947087513,-0.070115093
-0.04407245,-0.30736357,-0.066740735
-0.019823854,-0.106978145,0.099727608
-0.026219665,-0.161997156,0.157466628
-0.024491371,-0.066445912,0.208082002
-0.024435136,-0.105156051,0.32131047
-0.026560825,-0.05633816,0.281942956
-0.023977757,-0.060061082,0.285692243
-0.027048196,-0.054973464,0.264696236
-0.025338647,-0.042380015,0.177712778
-0.02676702,-0.046245405,0.161215915
-0.026444605,-0.034679228,0.145468909
-0.027014455,-0.041000322,0.075357242
-0.027625544,-0.035129128,0.004870647
-0.027456838,-0.03642259,-0.058867232
-0.028097919,-0.026509796,-0.108732749
-0.028532804,-0.032988354,-0.107982892
-0.029263861,-0.030828835,-0.160097981
-0.028915203,-0.026524792,-0.149225049
-0.029751232,-0.032617187,-0.154474051
-0.031179605,-0.028972998,-0.267327589
-0.032075618,-0.025801203,-0.208838712
-0.032982879,-0.028418121,-0.206214211
-0.03381141,-0.031196253,-0.201715067
-0.034295032,-0.026082391,-0.060366947
-0.035153556,-0.024275293,-0.075739024
-0.034902372,-0.020537374,-0.049119086
-0.036015828,-0.028496854,0.007120219
-0.036252016,-0.018887741,-0.022874077
-0.036237019,-0.027334612,-3.43e-06
-0.037965313,-0.022378215,-0.011251287
-0.036308251,-0.026352331,-0.00187807
-0.039194988,-0.036636293,0.020617652
-0.036735638,-0.008093892,0.016868365
-0.03903753,-0.043414785,0.037864373
-0.038550159,0.001856394,0.064859239
-0.03759791,-0.050508207,0.070108241
-0.041928017,0.000821625,0.035239872
-0.033991362,-0.029715332,-0.015000574
-0.048496282,-0.050928114,-0.122605111
-0.023197963,0.077004678,-0.128978899
-0.13067833,-1.060687243,-0.259829015
-0.492334078,-1.895071635,-0.265827875
-0.830157369,-1.655736125,-0.038996011
-1.131656502,-1.80765608,-0.256079728
-1.441178517,-1.852481109,0.078731601
-1.71814038,-1.892874624,0.398545782
-1.99257541,-1.89082383,0.05886038
-2.250229871,-1.819600923,0.47990531
-2.504945108,-1.893212049,0.54326826
-2.748567025,-1.915628312,0.33855719
-2.982718943,-1.994724467,0.71348589
-3.206152441,-2.022880704,0.564264267
-3.408561491,-2.053005253,0.562014695
-3.602317826,-2.114832749,0.719859678
-3.786769118,-2.155293749,0.574387342
-3.960824405,-2.19066713,0.661745729
-4.120187322,-2.205705035,0.576261986
-4.263571958,-2.223787262,0.536519544
-4.392530404,-2.229216055,0.58376056
-4.507808713,-2.234862299,0.435288795
-4.611873732,-2.250215133,0.551141763
-4.705287815,-2.254211744,0.67899245
-4.785741569,-2.243406648,0.689490453
-4.851690404,-2.232357856,0.870206087
-4.905394972,-2.220143073,0.936193538
-4.947676307,-2.202319538,0.771599838
-4.97735347,-2.177530052,0.737856255
-4.99454643,-2.146561941,0.625002717
-4.999577602,-2.115620074,0.259447234
-4.993777883,-2.08295734,0.083230745
-4.979115505,-2.050542051,-0.089236457
-4.954825669,-2.00985985,-0.442419292
-4.920728423,-1.965117303,-0.69099702
-4.877442354,-1.923992701,-0.795227199
-4.825061186,-1.873180255,-0.894208376
-4.764762109,-1.820103312,-1.007811772
-4.69678506,-1.769609544,-0.876961656
-4.621396218,-1.711651187,-0.782854552
-4.537827036,-1.649797446,-0.894583304
-4.446381184,-1.587947455,-0.744986753
-4.347740982,-1.521291032,-0.638507002
-4.242022649,-1.456452955,-0.712367956
-4.130804518,-1.387400816,-0.607762849
-4.012114611,-1.313186075,-0.514405603
-3.886646493,-1.239316257,-0.543650041
-3.754715082,-1.162147174,-0.620510425
-3.619507036,-1.108267909,-0.634007858
-3.486184743,-1.045630593,-0.69699588
-3.343441187,-0.93424662,-0.850716647
-3.188592078,-0.84667735,-0.816598135
-3.033765463,-0.788947692,-0.914079597
-2.874290076,-0.686666694,-1.0891713
-2.70450866,-0.586136557,-1.012310916
-2.530415882,-0.496805179,-1.038555925
-2.353410124,-0.405089331,-0.99956334
-2.172456659,-0.30596888,-0.732239177
-1.985069892,-0.205581211,-0.615636352
-1.798916549,-0.133585976,-0.520779391
-1.608196912,-0.004344726,-0.340813615
-1.412071203,0.088672082,-0.308194818
-1.215068226,0.211550998,-0.301446101
-1.011650692,0.320355544,-0.237708222
-0.814111606,0.446027589,-0.189717348
-0.605659152,0.600673188,-0.16047291
-0.409867105,0.645205782,-0.144350976
-0.201639592,0.963210042,-0.076488881
-0.019089048,0.726270249,-0.072364665
0.003045107,0.114410107,0.022117367
-0.014845168,0.133463369,0.248949231
-0.004644112,0.092038833,0.29244096
-0.010413839,0.053729855,0.35580391
-0.005986258,0.069472603,0.410918429
-0.007849516,0.023297875,0.327309329
-0.007024734,0.052758821,0.305938393
-0.005701333,0.022705507,0.263946379
-0.006784797,0.024640076,0.225328723
-0.004884049,0.017197982,0.190085425
-0.005701333,0.020587228,0.073857528
-0.004385431,0.015015967,0.011619364
-0.004370434,0.004555794,-0.078363524
-0.004003031,0.016388162,-0.187092848
-0.0033657,0.009594673,-0.145850691
-0.002919568,0.012650243,-0.16047291
-0.002537169,0.006771551,-0.21821193
-0.002203507,0.00906979,-0.164597126
-0.000625173,0.014862251,-0.224210789
0.000473286,0.008964813,-0.266202803
0.001279324,0.010164546,-0.182218774
0.002501501,0.007026494,-0.163472339
0.002820167,0.004866975,-0.064866091
0.00371618,0.008559903,0.032615371
0.003866141,-0.004543432,-0.003377784
0.00432352,0.003768469,0.02699144
0.005526952,0.003802212,0.029241012
0.004765903,0.005433099,-0.01912479
0.006602918,0.007975033,-3.43e-06
0.005313258,-0.002672598,-0.019874647
0.007337724,0.019035073,-0.038621082
0.006715388,-0.011524379,-0.013875788
0.006947827,0.018288989,0.007495148
0.008991037,-0.013968835,0.042738446
0.005369494,0.015690817,0.074982314
0.012335154,0.00754013,0.085105389
0.003101342,-0.031462444,0.088854676
0.015780494,0.079021729,-0.019874647
-0.000670162,-0.153220359,-0.080613097
0.04548765,0.722134919,-0.114731608
0.36445342,1.918729987,-0.239957794
0.723724798,1.746973194,-0.023623934
1.02200728,1.755326336,-0.094860387
1.336920371,1.863024878,-0.092610815
1.621050341,1.874684785,0.353179409
1.897847247,1.924889867,0.092978891
2.160885287,1.818436047,0.237326441
2.417520018,1.874523571,0.515898465
2.667057872,1.900152869,0.22307915
2.903372969,1.961065569,0.554141192
3.134323232,2.017857936,0.605506424
3.346018579,2.038489596,0.473156593
3.543962558,2.09542818,0.73373204
3.730910691,2.124375491,0.587509847
3.909599755,2.167798332,0.632126362
4.075932081,2.194019999,0.748729188
4.22567129,2.206238531,0.613754856
4.362131505,2.218764494,0.702612958
4.484083051,2.225595475,0.581136059
4.592628137,2.228216142,0.533145185
4.69043231,2.226349057,0.669244303
4.777735506,2.237274127,0.617504143
4.851703473,2.223046042,0.769725195
4.911818849,2.19940755,0.895326309
4.960567226,2.194949792,0.75660269
4.997146316,2.165237651,0.698488742
5.020746334,2.135311808,0.602506995
5.032608202,2.114608914,0.32131047
5.033519211,2.080341537,0.131221619
5.024049212,2.047153919,-0.019499719
5.004584352,2.010052172,-0.293947527
4.975484537,1.964672267,-0.567645478
4.93654357,1.919731014,-0.718366815
4.888001388,1.868427427,-0.815848277
4.831113911,1.820055687,-0.966944544
4.766533464,1.771117823,-0.884835158
4.694042607,1.711314876,-0.724740603
4.613652586,1.65353273,-0.7978517
4.525832026,1.588893359,-0.734863678
4.430644662,1.529873988,-0.652004436
4.328019263,1.464421048,-0.744986753
4.219665376,1.389778902,-0.734863678
4.104304589,1.323051245,-0.643381075
3.98027984,1.244461228,-0.596889917
3.85114894,1.172983378,-0.634007858
3.717294287,1.112381859,-0.65650358
3.58273482,1.055312054,-0.675250015
3.447121881,0.980145025,-0.797476771
3.299328409,0.875025908,-0.798976486
3.14398443,0.794433836,-0.794477342
2.98853548,0.724935546,-0.935825461
2.825704728,0.624825315,-0.929076745
2.655473431,0.532869521,-0.957196397
2.480923275,0.442150951,-1.03705621
2.301926792,0.347105844,-0.852966219
2.119931102,0.246946874,-0.714617528
1.932428116,0.162403181,-0.646380505
1.745052596,0.082257259,-0.451042652
1.55122503,-0.03984183,-0.431171431
1.354990599,-0.124006857,-0.459666012
1.156233085,-0.258530683,-0.401926993
0.952279443,-0.357238725,-0.388429559
0.753274494,-0.499242136,-0.317942964
0.543851047,-0.62195234,-0.259079158
0.348943766,-0.708325626,-0.116606252
0.135411403,-1.016278372,-0.034496867
-0.027809245,-0.639993326,-0.004502571
-0.031873172,-0.104451208,0.248949231
-0.020494926,-0.176292726,0.300689391
-0.028495314,-0.103926324,0.34718055
-0.022530639,-0.084149474,0.513648893
-0.02756181,-0.090226872,0.374925274
-0.024637583,-0.048007513,0.294315603
-0.026257155,-0.066742096,0.280443241
-0.02650459,-0.039264458,0.132346405
-0.02616343,-0.052551503,0.133471191
-0.027333121,-0.039418174,0.103851824
-0.026748275,-0.036205139,-0.015750432
-0.028075425,-0.036790009,-0.037121367
-0.027588053,-0.031098775,-0.159348124
-0.028221636,-0.034544258,-0.204714496
-0.028570294,-0.02703093,-0.154474051
-0.029241367,-0.030543898,-0.219336716
-0.029530041,-0.026517294,-0.136852402
-0.029807467,-0.029542871,-0.10273389
-0.031475777,-0.035372824,-0.166471769
-0.032270567,-0.026502297,-0.100484318
-0.033211568,-0.028448114,-0.127104255
-0.034141323,-0.027499575,-0.106483177
-0.034561212,-0.026832224,-0.003002856
-0.035730903,-0.030615132,-0.031872366
-0.035490966,-0.024908902,-0.037496296
-0.036465709,-0.028924258,-0.039745868
-0.036604422,-0.01767676,-0.093735601
-0.037005567,-0.031698641,-0.109857535
-0.03816776,-0.021388435,-0.085112241
-0.036746885,-0.021864579,-0.051368658
-0.039693607,-0.029782817,-0.060741876
-0.036923088,-0.012682871,-0.018000004
-0.040282201,-0.042724938,0.062609667
-0.038561406,0.006130444,0.085855246
-0.038842581,-0.053781229,0.083605674
-0.042025491,0.005388109,0.094853535
-0.03487238,-0.045518067,0.065234168
-0.048822446,-0.023139295,-0.062991448
-0.022845556,0.036442451,-0.067865521
-0.151987703,-1.186149334,-0.220461502
-0.522843521,-1.8974786,-0.250455798
-0.854477197,-1.644421142,-0.050618801
-1.158683115,-1.818194986,-0.254954942
-1.46729787,-1.843734305,0.066733882
-1.744975793,-1.893414504,0.299939534
-2.020516781,-1.873723884,0.05023702
-2.279115993,-1.811551464,0.432289365
-2.53576572,-1.883696665,0.419541789
-2.779556342,-1.901194023,0.313436967
-3.014593026,-1.985321559,0.616379357
-3.240107224,-2.013777729,0.565389053
-3.445740423,-2.039680717,0.625377645
-3.640449006,-2.093709948,0.710111532
-3.825852547,-2.140330827,0.683116665
-4.00177859,-2.179903274,0.762976478
-4.163263447,-2.192099311,0.698113813
-4.310037188,-2.207755828,0.720984464
-4.441672427,-2.208055762,0.67299359
-4.559447577,-2.211984888,0.490778242
-4.665728261,-2.223217389,0.565389053
-4.76116306,-2.224529597,0.580386201
-4.844893449,-2.219247022,0.55489105
-4.9143776,-2.204535295,0.691740025
-4.971302568,-2.191311986,0.708611817
-5.016448147,-2.173837124,0.591259134
-5.049214494,-2.147270533,0.571387913
-5.069777814,-2.119065558,0.476156023
-5.077736962,-2.086181623,0.190085425
-5.074707762,-2.053496393,0.070108241
-5.062396013,-2.019000317,-0.025498578
-5.040453058,-1.97906795,-0.350936689
-5.008758927,-1.937838371,-0.573644337
-4.96765853,-1.893392009,-0.599139489
-4.917346816,-1.845920069,-0.738612965
-4.858768535,-1.796431077,-0.89308359
-4.792842194,-1.743601579,-0.758109258
-4.719264124,-1.688882502,-0.744236896
-4.637333259,-1.629087053,-0.854465934
-4.548099323,-1.567563239,-0.734113821
-4.451682284,-1.502605189,-0.736363393
-4.347088654,-1.43453908,-0.826346281
-4.236819023,-1.37034586,-0.738238037
-4.120475996,-1.301095015,-0.595765131
-3.996601207,-1.230172041,-0.589016414
-3.865367112,-1.153336633,-0.602513847
-3.729570472,-1.090590591,-0.515905317
-3.595779552,-1.038563415,-0.597639774
-3.456155173,-0.943060909,-0.717991887
-3.302805668,-0.845848784,-0.642256289
-3.146760624,-0.783271454,-0.707493883
-2.989407177,-0.694772391,-0.851091575
-2.820712974,-0.590181907,-0.810974204
-2.646282785,-0.509424871,-0.909580452
-2.469483223,-0.420610878,-0.983066478
-2.288072378,-0.331830627,-0.78060498
-2.101814063,-0.229006,-0.712742885
-1.912916445,-0.147555369,-0.638881931
-1.723842624,-0.042563724,-0.443544078
-1.526209813,0.073146786,-0.460790799
-1.328996891,0.158773988,-0.454791939
-1.125440644,0.298737853,-0.361809622
-0.923339013,0.382029325,-0.293572598
-0.719212916,0.555372015,-0.20958857
-0.511086626,0.616490919,-0.120730468
-0.314616008,0.793444056,0.062984595
-0.096955985,0.97683826,0.040863802
0.010505637,0.374497251,0.080981173
-0.011219876,0.071767093,0.335932689
-0.007898253,0.151834282,0.274819311
-0.006743558,0.045384212,0.330683687
-0.008764274,0.081586159,0.402669998
-0.005026511,0.042392377,0.202458072
-0.008239413,0.03873694,0.194584569
-0.004944033,0.040206613,0.134221048
-0.006376155,0.020602224,0.029615941
-0.005000268,0.032247134,0.075357242
-0.004824065,0.008604893,0.048362376
-0.004640363,0.019110056,0.059235308
-0.003643127,0.012822705,0.025866654
-0.003991784,0.010168295,-0.09710996
-0.003200743,0.010539463,-0.055867803
-0.002863332,0.012515273,-0.078738453
-0.001937327,0.00852991,-0.140601689
-0.002012307,0.00012428,-0.086237027
-0.001048812,0.014637301,-0.154848979
0.000641992,0.008417435,-0.172095699
0.001249332,0.003963426,-0.158973195
0.002242819,0.01140552,-0.21221307
0.002943884,0.005178156,-0.119230753
0.003806156,0.010258275,-0.059242161
0.004529715,0.000454206,-0.071239879
0.004121073,0.001147802,-0.037121367
0.005650669,0.007048989,-0.061491733
0.005283266,-0.005608195,-0.097859817
0.006288001,0.018251497,-0.077238738
0.006734133,-0.006478002,-0.022874077
0.006325491,0.009290991,0.048362376
0.008653626,0.00272995,0.083605674
0.005819375,-0.006594226,0.153342412
0.010183222,0.020729696,0.183711637
0.006261758,-0.021808341,0.136845549
0.010164477,0.042729802,0.124097974
0.008766097,-0.043441029,0.064109382
0.006846603,0.059394845,-0.032622223
0.015735506,-0.056064471,-0.129728756
-0.005007766,0.095000675,-0.161597696
0.18366866,1.494778045,-0.31906775
0.563897003,1.912225184,-0.274451235
0.877782866,1.652554198,-0.09973446
1.186600066,1.838940236,-0.257954372
1.487353147,1.826046854,0.122973187
1.763730164,1.901067666,0.245199944
2.035762078,1.842591924,0.041988588
2.292194362,1.808868176,0.432664294
2.548427949,1.863279822,0.303688821
2.78976297,1.885332416,0.301814177
3.024683434,1.971330786,0.630251719
3.246054977,1.976410906,0.507650034
3.449307554,2.018705247,0.639624936
3.642662745,2.061393252,0.684241451
3.826349238,2.093995999,0.573262556
3.999939649,2.135746712,0.677867663
4.157026917,2.141839106,0.5751372
4.299774221,2.157173195,0.563139481
4.429208792,2.156472101,0.529395898
4.544520841,2.155204883,0.371925844
4.648357171,2.169702908,0.473156593
4.741325121,2.166309913,0.50577539
4.821621417,2.154087632,0.550766834
4.888619975,2.142086551,0.764851122
4.943381764,2.122189727,0.805343421
4.986094235,2.092485085,0.71048646
5.015977594,2.063417801,0.68161695
5.03371416,2.034804166,0.488903599
5.040169955,2.008511265,0.200958357
5.035652398,1.984895268,0.049487162
5.021278694,1.940670106,-0.172095699
4.997258787,1.891098633,-0.473163446
4.96316529,1.855039155,-0.685748019
4.919114422,1.813363426,-0.750235755
4.866725757,1.763968164,-0.888959374
4.806295464,1.713965537,-0.969569044
4.737591107,1.662856906,-0.784729195
4.661823615,1.609716227,-0.77198162
4.578066983,1.548064941,-0.802350844
4.486583641,1.480332508,-0.689122377
4.387591032,1.420330856,-0.682748589
4.282341325,1.360081758,-0.71986653
4.170991979,1.29017106,-0.653879079
4.050198877,1.218573236,-0.515530389
3.923456096,1.145524486,-0.518904747
3.791532183,1.072378257,-0.530527537
3.657040198,1.019376298,-0.477287661
3.523650422,0.960551883,-0.582642626
3.380453236,0.857783494,-0.677124658
3.226586368,0.776415344,-0.66212751
3.071384852,0.718115813,-0.782104694
2.911759504,0.620086369,-0.906581023
2.743293991,0.531714778,-0.877336584
2.569497385,0.445180277,-0.982691549
2.391528131,0.352710847,-0.989440266
2.210769614,0.273277267,-0.769732047
2.024218877,0.170036483,-0.686497876
1.835782387,0.093560995,-0.542150326
1.644661606,-0.023124299,-0.398177706
1.446421455,-0.11923042,-0.414674568
1.24971465,-0.217983452,-0.368558338
1.044347631,-0.347588372,-0.350186832
0.844098011,-0.441992372,-0.295447242
0.636923969,-0.613025575,-0.2557048
0.433195268,-0.643866215,-0.199840423
0.231453542,-0.911650396,-0.032622223
0.023432224,-0.911586661,-0.049119086
-0.041646841,-0.246578341,0.119598829
-0.016952112,-0.121993555,0.324684828
-0.025998473,-0.158083027,0.25494809
-0.022234467,-0.069936385,0.399295639
-0.023681585,-0.104499947,0.403044926
-0.024656328,-0.053177613,0.244450086
-0.02290554,-0.065186192,0.268820452
-0.025751039,-0.051827914,0.144344123
-0.023820298,-0.049578414,0.060360095
-0.02563107,-0.046309141,0.110225612
-0.025049974,-0.030435172,0.040863802
-0.025811023,-0.040205499,0.008619934
-0.026230912,-0.028661817,-0.053993159
-0.026002222,-0.030607634,-0.159348124
-0.026763271,-0.028219415,-0.148475191
-0.027134423,-0.028226914,-0.214837571
-0.027651787,-0.027045926,-0.244456939
-0.027820492,-0.033059589,-0.185593133
-0.029196379,-0.038739575,-0.249331012
-0.030459795,-0.027492077,-0.218586858
-0.03085719,-0.025448782,-0.179219345
-0.032038128,-0.030217721,-0.202839853
-0.03271295,-0.025201337,-0.082862669
-0.033425262,-0.026322337,-0.03074758
-0.033991362,-0.024492744,-0.034871795
-0.03400261,-0.02851185,0.001496289
-0.035123563,-0.024324032,-0.018749861
-0.034553714,-0.025220082,-0.059242161
-0.03642447,-0.032081056,-0.077238738
-0.035307265,-0.012724112,-0.017250146
-0.036608171,-0.035957694,0.00112136
-0.037193017,-0.008798735,0.006370362
-0.035835875,-0.036790009,0.077606815
-0.039442423,-0.018152905,0.089604533
-0.034516224,-0.015344779,0.103101966
-0.04157561,-0.048037507,0.079481458
-0.033878892,0.025802318,0.037114515
-0.042175451,-0.101163189,-0.059242161
-0.034883627,0.120678712,-0.112482036
-0.049212343,-0.477553211,-0.156348694
-0.33059054,-1.757376015,-0.320942393
-0.704149394,-1.74004737,-0.121855254
-1.004572561,-1.692159273,-0.171345842
-1.32013798,-1.846793624,-0.202089996
-1.609036691,-1.82739169,0.30106432
-1.88597231,-1.89203481,0.121848401
-2.152894324,-1.787837989,0.154842127
-2.409124162,-1.819368475,0.483654597
-2.66160124,-1.856571449,0.234327011
-2.899472176,-1.897006205,0.408293928
-3.13215823,-1.960063428,0.542143474
-3.34600551,-1.97479765,0.478405595
-3.545719022,-2.026022505,0.659871086
-3.737027253,-2.067814458,0.610005569
-3.918284388,-2.107270681,0.644873938
-4.087109807,-2.127152509,0.64149958
-4.240901695,-2.137680167,0.561639766
-4.379997464,-2.142584076,0.621628358
-4.50399597,-2.141916724,0.472031807
-4.615817691,-2.148773949,0.445411869
-4.717213415,-2.153992788,0.554516121
-4.807770752,-2.149077631,0.544393046
-4.884707935,-2.13577934,0.62125343
-4.947680056,-2.121266318,0.721359393
-4.998666592,-2.103405291,0.638125221
-5.037877488,-2.080812817,0.539144044
-5.064731646,-2.05194049,0.533895043
-5.078869163,-2.018610404,0.290941245
-5.081485972,-1.987927229,0.031115656
-5.074047936,-1.95470212,-0.051743587
-5.057091164,-1.916539359,-0.295072313
-5.030773114,-1.877866712,-0.566520692
-4.994722634,-1.832089395,-0.637382216
-4.949025951,-1.784310024,-0.67674973
-4.894826513,-1.739421259,-0.829720639
-4.833162797,-1.689804796,-0.798226629
-4.763682394,-1.636919061,-0.652754293
-4.685789214,-1.579418102,-0.73448875
-4.600214311,-1.521917143,-0.698870523
-4.507606266,-1.461877999,-0.580393054
-4.406765395,-1.395540255,-0.636632359
-4.299112573,-1.337885581,-0.671125799
-4.186121161,-1.268923421,-0.557897332
-4.065774191,-1.195552243,-0.484411307
-3.93717565,-1.125169149,-0.585642056
-3.802458724,-1.056983067,-0.538775968
-3.669207662,-1.009394903,-0.500158312
-3.532987384,-0.924498788,-0.658378223
-3.38326692,-0.82748162,-0.625759427
-3.228166628,-0.768394764,-0.613386779
-3.072234055,-0.693160249,-0.805725203
-2.906557805,-0.589004669,-0.833469926
-2.733323551,-0.501371663,-0.81209899
-2.558121066,-0.418901258,-0.915579312
-2.377621231,-0.328272669,-0.822596994
-2.192926253,-0.240703398,-0.662877368
-2.004418532,-0.153970192,-0.661377653
-1.81606827,-0.065099961,-0.538775968
-1.620384944,0.052751323,-0.443919007
-1.421245031,0.132297378,-0.459291084
-1.221164116,0.259952731,-0.383180558
-1.014526183,0.360014222,-0.308944675
-0.813549255,0.492760943,-0.253455227
-0.601598975,0.629043127,-0.223460931
-0.403583764,0.681617682,-0.081362954
-0.189946429,0.988951816,0.026616511
-0.012070901,0.685010677,0.020242724
0.002231572,0.094250841,0.266195951
-0.013188106,0.14155032,0.368176557
-0.003358202,0.095806745,0.331058616
-0.009514076,0.056403011,0.457034659
-0.004490403,0.071793337,0.34418112
-0.006829785,0.031748495,0.245574872
-0.005487639,0.050648041,0.235076869
-0.004486654,0.020602224,0.099727608
-0.005326432,0.027346974,0.074982314
-0.003624381,0.017621637,0.013868936
-0.004587877,0.015518355,-0.073114523
-0.003144508,0.0200361,-0.081737883
-0.003260728,0.011274299,-0.197215922
-0.002859583,0.013343839,-0.191591992
-0.002398455,0.011345534,-0.116606252
-0.001768622,0.011979143,-0.168721341
-0.001344983,0.006752805,-0.100109389
-0.0010938,0.004848229,-0.10573332
0.000784454,0.007611364,-0.176969773
0.001639229,0.008589897,-0.117731038
0.002434019,0.010224533,-0.139476903
0.003622455,0.008432432,-0.137977188
0.00379116,0.005774273,-0.052118516
0.005073322,0.008016274,-0.043495155
0.005073322,0.00452955,-0.052868373
0.005733147,0.008552405,-0.03937094
0.006302997,-0.006796681,-0.054743016
0.006115546,0.005219396,-0.055867803
0.008162506,0.005534326,-0.008626786
0.006407969,-0.005113305,0.008619934
0.009118504,0.011922905,-0.019499719
0.007476437,-0.011850556,0.022117367
0.009193484,0.023335366,0.080981173
0.009583381,-0.02159089,0.089229604
0.007386461,0.025427401,0.109850683
0.013159936,-0.009319869,0.107601111
0.004124822,-0.005791904,0.073857528
0.018569758,0.050284372,-0.056992589
-0.004201729,-0.128678318,-0.103858676
0.077999064,0.952461183,-0.18634299
0.424662521,1.945217845,-0.289073454
0.770130043,1.686649113,-0.050618801
1.06979966,1.761444975,-0.214837571
1.382410859,1.822548882,-0.127479184
1.66282556,1.838857754,0.254198232
1.939225071,1.849479142,-0.048369229
2.199976214,1.769936836,0.194959498
2.457630676,1.815594179,0.349805051
2.705998839,1.828521304,0.168714489
2.943389901,1.908539754,0.52902097
3.172904294,1.937588292,0.501651174
3.381450473,1.953788438,0.496402173
3.579113276,2.004046008,0.661745729
3.767755961,2.046509063,0.553016406
3.947341038,2.083794518,0.625002717
4.112916065,2.088927127,0.58938449
4.261523072,2.093917267,0.560140052
4.39539647,2.097838894,0.625752574
4.515379786,2.100853224,0.432289365
4.625000839,2.102697813,0.42516572
4.724814481,2.102547847,0.533520114
4.811454102,2.093853531,0.522647182
4.883686278,2.081784965,0.615629499
4.943314282,2.061183298,0.676367949
4.991950189,2.042377482,0.547017547
5.028540526,2.017186835,0.452535515
5.052238018,1.984749051,0.380549204
5.063889941,1.955917964,0.111725326
5.064208607,1.918253843,-0.063741305
5.054933557,1.893918006,-0.152599407
5.035952319,1.846082397,-0.380930985
5.006567579,1.796492179,-0.604013562
4.96751789,1.766708804,-0.662502439
4.918975709,1.710137638,-0.686872805
4.862133219,1.664394064,-0.812848848
4.797560271,1.619377828,-0.727365104
4.725125649,1.561629424,-0.623509854
4.644713133,1.50379104,-0.715367386
4.556315227,1.444951629,-0.650129792
4.460445543,1.384147654,-0.600639204
4.3579851,1.319305828,-0.677124658
4.249440013,1.255333809,-0.641131503
4.13254963,1.180275506,-0.491534952
4.008558623,1.120420071,-0.45741644
3.878745402,1.056927944,-0.531277394
3.744523346,0.996615111,-0.454042082
3.612067074,0.947624759,-0.503157742
3.473676119,0.85272212,-0.663252297
3.321421325,0.762592169,-0.58451727
3.165631214,0.703947715,-0.632883072
3.009188776,0.626294988,-0.822222065
2.842833955,0.526945839,-0.804600416
2.669198557,0.440235127,-0.843593001
2.493013832,0.359796771,-0.919328599
2.312581479,0.274739442,-0.74011268
2.127455365,0.175206583,-0.637007288
1.937710471,0.100421969,-0.615636352
1.748291741,0.009905854,-0.457041512
1.551090066,-0.110093702,-0.475787947
1.352553743,-0.182535088,-0.514405603
1.149736051,-0.315263063,-0.441669435
0.944533989,-0.400575335,-0.415799355
0.741798775,-0.557264229,-0.30744496
0.52937237,-0.649377489,-0.222336145
0.333306645,-0.756554897,-0.053993159
0.114075787,-1.036411393,0.040488873
-0.03316658,-0.55775537,0.069358383
-0.024645081,-0.093676104,0.34155662
-0.018661661,-0.180649257,0.320560612
-0.024701316,-0.089743229,0.328434115
-0.019557674,-0.089248339,0.455909873
-0.024558853,-0.076632396,0.212956075
-0.020877326,-0.048416172,0.188960639
-0.023602856,-0.067960575,0.18558628
-0.023231704,-0.042661203,0.006370362
-0.023250449,-0.049555919,0.025116797
-0.02438265,-0.037416119,-0.037871225
-0.023869035,-0.038679588,-0.107982892
-0.025012484,-0.033531983,-0.115106537
-0.024626336,-0.029700336,-0.210713356
-0.025462365,-0.031912344,-0.184093418
-0.025968481,-0.029336667,-0.135352687
-0.02623841,-0.027368355,-0.140976617
-0.026373374,-0.025212584,-0.068615378
-0.02710818,-0.029970276,-0.080613097
-0.028705258,-0.030532651,-0.119230753
-0.02938008,-0.027690783,-0.092235886
-0.03017487,-0.029820309,-0.133103115
-0.031265832,-0.02743584,-0.092985744
-0.031944403,-0.023641684,-0.01912479
-0.032769185,-0.023221777,-0.063366376
-0.032390535,-0.025849942,-0.040120797
-0.03373643,-0.028088194,-0.042745298
-0.033687693,-0.015843418,-0.089611386
-0.034411252,-0.028260656,-0.061116804
-0.035037336,-0.013683899,-0.046869514
-0.034212554,-0.028043204,-0.015750432
-0.037009316,-0.024432758,-3.43e-06
-0.034058845,-0.019397628,0.056610808
-0.03786409,-0.037611076,0.130471761
-0.034583706,0.007798823,0.127097403
-0.037496687,-0.059794891,0.13384612
-0.037526679,0.025461144,0.118848972
-0.03411508,-0.067821856,0.024741868
-0.044507336,0.022874219,-0.085112241
-0.021169748,-0.063259121,-0.10573332
-0.194812644,-1.388311863,-0.286448953
-0.575382148,-1.860916733,-0.254580014
-0.894047998,-1.622181089,-0.15184955
-1.202164133,-1.810033052,-0.374182269
-1.505642744,-1.80024023,0.040113945
-1.782803304,-1.860759268,0.143594266
-2.057039637,-1.800390197,-0.074239309
-2.315095242,-1.758133347,0.347930407
-2.57219485,-1.818926073,0.230577724
-2.815441866,-1.83606726,0.234327011
-3.052229337,-1.902225044,0.532020399
-3.274729332,-1.917904056,0.422916147
-3.479324054,-1.960895742,0.586010132
-3.675622218,-2.003111352,0.66736966
-3.861505632,-2.040355567,0.632501291
-4.037128005,-2.067878194,0.650872797
-4.197604378,-2.074128054,0.536894472
-4.343418373,-2.082188761,0.570263127
-4.474285065,-2.079148187,0.448786228
-4.591681565,-2.082394965,0.33555776
-4.698408381,-2.08664277,0.432664294
-4.793861925,-2.083418487,0.428915007
-4.876973728,-2.071308681,0.462283661
-4.94618795,-2.054317461,0.559015266
-5.002524323,-2.037926107,0.583010702
-5.047598671,-2.017508149,0.470157164
-5.080323779,-1.98864332,0.44241244
-5.100249767,-1.957645215,0.357678554
-5.108437605,-1.926883308,0.063359524
-5.106000748,-1.89356447,-0.058117375
-5.093816466,-1.857894905,-0.166846698
-5.071982232,-1.81961592,-0.433421003
-5.040325591,-1.776316802,-0.570269979
-4.998707831,-1.730869412,-0.536151467
-4.948441105,-1.689186184,-0.655378794
-4.890616375,-1.641837967,-0.747986183
-4.82455507,-1.588389856,-0.597264845
-4.750448389,-1.535335408,-0.671500728
-4.668120129,-1.47864052,-0.744611824
-4.578383826,-1.421282029,-0.615261423
-4.48108577,-1.358667208,-0.641131503
-4.376075999,-1.296959685,-0.673375371
-4.265742635,-1.238124023,-0.58151784
-4.148121195,-1.166649922,-0.446168579
-4.022578098,-1.095509497,-0.447668294
-3.890223048,-1.031398759,-0.457041512
-3.75631216,-0.981546098,-0.338189114
-3.622382527,-0.916974212,-0.466414729
-3.477254601,-0.818022474,-0.56127169
-3.322971592,-0.743095391,-0.476162875
-3.167440164,-0.678163585,-0.689122377
-3.0048456,-0.581296384,-0.829345711
-2.832803531,-0.495500469,-0.741612395
-2.658159649,-0.421686889,-0.815473349
-2.478450855,-0.326428079,-0.813223777
-2.293965822,-0.243151604,-0.643381075
-2.106099182,-0.155004962,-0.61601128
-1.915750697,-0.077790888,-0.589016414
-1.72313781,0.030672484,-0.462665442
-1.522029667,0.130763969,-0.488160594
-1.322796028,0.219712932,-0.499033526
-1.116184338,0.340068659,-0.383180558
-0.912148218,0.412734995,-0.30182103
-0.704168139,0.596072961,-0.266577732
-0.495903136,0.646682953,-0.118105967
-0.295042427,0.857551046,0.074607385
-0.077138719,0.952839849,0.043113374
0.012470118,0.304114157,0.199458642
-0.012400814,0.084435525,0.394796495
-0.005735074,0.151815536,0.271070024
-0.006912263,0.049680756,0.32993383
-0.00730216,0.086643784,0.296565176
-0.004569132,0.03909686,0.104601681
-0.007219682,0.042452364,0.134970906
-0.003804334,0.039696727,0.095228464
-0.005611357,0.023841504,0.014618793
-0.00381933,0.028944119,0.00974472
-0.004044271,0.015885774,-0.043495155
-0.003766844,0.023492831,-0.074239309
-0.00291207,0.011146828,-0.116606252
-0.003118265,0.015923265,-0.134602829
-0.002117279,0.009804626,-0.055492874
-0.001854849,0.00601047,-0.095985173
-0.001191274,0.0103745,-0.092610815
-0.001183776,0.003757222,-0.038246154
-5.91e-05,0.012871444,-0.129728756
0.00159424,0.0105957,-0.091486029
0.002186584,0.006989003,-0.075739024
0.003524981,0.014157408,-0.131228471
0.004053591,-0.00037061,-0.050243872
0.004507221,0.004323346,-0.057742446
0.005448223,0.005485587,-0.092235886
0.005410733,0.002163826,-0.063741305
0.006797866,0.008739863,-0.057742446
0.006089303,0.001027829,-0.003752713
0.007637645,0.011465507,0.033365228
0.007603903,-0.008637521,0.058110522
0.007510178,0.014487335,0.077231886
0.009448416,-0.008007661,0.070858098
0.006726635,-0.002957535,0.140219908
0.011236694,0.012893939,0.169464346
0.006816611,-0.019532598,0.157841557
0.011937759,0.042332391,0.152592555
0.008368702,-0.056236933,0.071982884
0.009707098,0.068167893,-0.064116234
0.013992217,-0.085611648,-0.199090566
0.000900674,0.196955495,-0.230209648
0.219771626,1.600444539,-0.381305914
0.599403877,1.8530371,-0.28157488
0.907092626,1.644718441,-0.145475762
1.219032752,1.821686574,-0.347187402
1.51566567,1.775050698,0.041238731
1.792027691,1.85312708,0.067858669
2.062961146,1.778263734,-0.080613097
2.319704598,1.747501827,0.346055764
2.576054403,1.798970377,0.173213633
2.818469139,1.826537995,0.25194866
3.054664267,1.877395432,0.518148037
3.272519238,1.881688227,0.392171994
3.474969527,1.933347985,0.570638055
3.670394171,1.970629692,0.56351441
3.855437807,2.004724607,0.532395328
4.029388122,2.028479323,0.605881353
4.18564311,2.021445888,0.488903599
4.326302216,2.020459857,0.53764433
4.453674831,2.028048169,0.435288795
4.56940302,2.023789117,0.340806762
4.675297557,2.032198496,0.493027814
4.768655404,2.028074413,0.502401032
4.847605806,2.000180618,0.54326826
4.913412178,1.99414821,0.65574687
4.967791568,1.970948371,0.62687736
5.010777717,1.941708625,0.449161156
5.041125953,1.917833936,0.348680265
5.058547602,1.892838247,0.197583999
5.064486034,1.858267187,-0.078738453
5.060568319,1.824524693,-0.193466635
5.046813201,1.790890925,-0.355060905
5.022718314,1.74330651,-0.583017555
4.988433617,1.710388832,-0.650879649
4.944611439,1.644283537,-0.628008999
4.892151542,1.58960945,-0.695496165
4.831788732,1.560647142,-0.70561924
4.763901659,1.503985996,-0.512905888
4.687448098,1.457683796,-0.520029533
4.602776707,1.407310002,-0.605513277
4.510828488,1.343716648,-0.52677825
4.411232289,1.279609659,-0.566520692
4.305780135,1.2245794,-0.601389061
4.192796221,1.156048395,-0.488160594
4.071624469,1.086955015,-0.400802207
3.944623006,1.026102301,-0.430046645
3.81168686,0.962606426,-0.442044364
3.679635481,0.921241878,-0.406426137
3.544914807,0.835374729,-0.542150326
3.395959141,0.730634278,-0.6306335
3.240836355,0.679086995,-0.577768553
3.086365896,0.619291546,-0.751360541
2.923388933,0.521569535,-0.845842573
2.751024449,0.435612406,-0.755859685
2.57640681,0.356358786,-0.853341147
2.396836729,0.273251023,-0.778355407
2.212775334,0.186079164,-0.563521262
2.023694015,0.095683023,-0.568020407
1.834211552,0.027346974,-0.502032956
1.6395742,-0.091055437,-0.434170861
1.438364833,-0.173743294,-0.492284809
1.238947493,-0.278236299,-0.483286521
1.031192355,-0.388750465,-0.444668864
0.829128214,-0.496628968,-0.350561761
0.617661556,-0.654735047,-0.250830727
0.414806374,-0.676259009,-0.080238168
0.206601354,-0.971921989,0.091854105
0.006531687,-0.840330012,0.119598829
-0.03604582,-0.181282866,0.318685969
-0.013480529,-0.142344028,0.400045497
-0.023884032,-0.139487164,0.317561183
-0.018316752,-0.069160308,0.392921851
-0.021780837,-0.099483563,0.269945238
-0.02089982,-0.04892231,0.128222189
-0.020318723,-0.067203243,0.107226182
-0.022800568,-0.045825499,-0.046494585
-0.021106015,-0.046211663,-0.115106537
-0.022969273,-0.040130516,-0.136852402
-0.02207326,-0.034379295,-0.175844986
-0.023366668,-0.036456333,-0.141726475
-0.023347923,-0.029497881,-0.17771963
-0.023385413,-0.037926006,-0.129728756
-0.024446383,-0.028144432,-0.034871795
-0.024498869,-0.031229996,-0.102358961
-0.024840029,-0.024968888,-0.073489451
-0.025282412,-0.027158401,-0.01912479
-0.026748275,-0.034379295,-0.088111671
-0.027595551,-0.02392662,-0.061116804
-0.02820664,-0.027653291,-0.070115093
-0.02957128,-0.028271904,-0.119230753
-0.029908691,-0.022809369,-0.052118516
-0.030890931,-0.02671225,-0.076488881
-0.031149613,-0.02235197,-0.110232464
-0.031400797,-0.02801696,-0.089236457
-0.032645468,-0.019783792,-0.109107678
-0.031745705,-0.020642351,-0.083612526
-0.03354523,-0.024972637,-0.086237027
-0.032398033,-0.012277961,-0.04499487
-0.034355016,-0.034094358,0.028116226
-0.034013857,-0.003444926,0.094853535
-0.033526485,-0.036276373,0.215205648
-0.036465709,-0.009008689,0.247074587
-0.032101861,-0.024054092,0.248199373
-0.039071271,-0.033183311,0.198333856
-0.030193615,0.020609723,0.091479177
-0.041519375,-0.098362562,-0.077988596
-0.028649023,0.129245557,-0.170221056
-0.061216673,-0.618548097,-0.271076876
-0.366948439,-1.817433905,-0.45179251
-0.733234214,-1.69504613,-0.24408201
-1.032154028,-1.686767972,-0.352061476
-1.347220828,-1.806302632,-0.325816467
-1.632715438,-1.791111011,0.150717911
-1.909808516,-1.835021243,-0.058492303
-2.175159695,-1.723386076,0.103101966
-2.43257047,-1.761833774,0.386548064
-2.685077541,-1.787358096,0.164590273
-2.924744252,-1.836457174,0.397795925
-3.15666176,-1.874361242,0.502026103
-3.368042191,-1.883040561,0.469032378
-3.56867421,-1.939799185,0.630251719
-3.760990925,-1.971850805,0.604756567
-3.943316528,-2.004719744,0.611880212
-4.111946998,-2.014831244,0.548892191
-4.264542952,-2.020083826,0.494527529
-4.402806441,-2.020743679,0.464533233
-4.526834939,-2.019360237,0.302564035
-4.639653896,-2.024320384,0.349430122
-4.741484506,-2.020983626,0.363677413
-4.830958379,-2.009709884,0.361052912
-4.906099786,-1.990656622,0.486654026
-4.968359595,-1.975982386,0.550016977
-5.019304892,-1.958878691,0.491903028
-5.058069656,-1.929608952,0.378674561
-5.084005307,-1.900541668,0.341181691
-5.097857899,-1.871391902,0.093728749
-5.101119537,-1.837634412,-0.134602829
-5.093936434,-1.804922938,-0.171720771
-5.076968415,-1.767210078,-0.361809622
-5.050571636,-1.725980499,-0.52677825
-5.014090019,-1.682044023,-0.507656886
-4.967853479,-1.636217967,-0.521904177
-4.91392397,-1.594905907,-0.664752011
-4.852230262,-1.546556662,-0.611512136
-4.782701122,-1.497300119,-0.51515546
-4.706146338,-1.446206485,-0.624259712
-4.621339983,-1.38765201,-0.615261423
-4.528315798,-1.328955067,-0.545524685
-4.427219994,-1.267869906,-0.576643767
-4.320020802,-1.21143371,-0.569520122
-4.206212105,-1.145924532,-0.41130021
-4.084148089,-1.073490645,-0.330315611
-3.955050929,-1.011321975,-0.397802777
-3.821844855,-0.960280829,-0.321317322
-3.688964945,-0.899863019,-0.332190254
-3.548714481,-0.809223181,-0.536901325
-3.396890823,-0.731338007,-0.524903606
-3.2413369,-0.668565721,-0.566895621
-3.081464117,-0.584108258,-0.76898219
-2.912619954,-0.490397854,-0.680124088
-2.738658392,-0.415002126,-0.672625514
-2.561154015,-0.335950961,-0.806100131
-2.378183582,-0.252944425,-0.659877938
-2.191767809,-0.160242547,-0.562771405
-2.000909459,-0.079271809,-0.589391343
-1.809694953,0.003506027,-0.477287661
-1.610468813,0.119119059,-0.436795362
-1.409683084,0.189070999,-0.48628595
-1.20604061,0.313700775,-0.435670576
-0.997618148,0.394469058,-0.346812474
-0.793986921,0.540814004,-0.253080299
-0.580083406,0.652051759,-0.12298004
-0.381670801,0.728579735,0.091104248
-0.161795113,1.028171841,0.146593696
-0.000441472,0.601003115,0.137220478
-0.001543681,0.075156339,0.329183972
-0.011107405,0.15732681,0.307063179
-0.003125763,0.077124651,0.238826156
-0.009060446,0.064504958,0.293190817
-0.003703111,0.054910842,0.142094551
-0.006604844,0.025588615,0.064109382
-0.004329195,0.052290175,0.02699144
-0.004509148,0.015375887,-0.113231894
-0.004632865,0.031493552,-0.125604541
-0.003320712,0.01999111,-0.14022676
-0.003980537,0.014048682,-0.132728186
-0.002338471,0.01680057,-0.067115663
-0.002810846,0.012534019,-0.081362954
-0.002027303,0.014667295,-0.012751002
-0.001423713,0.011278049,0.00412079
-0.001165031,0.010663185,-0.032997152
-0.000685158,0.008526161,0.029241012
-1.41e-05,0.013587535,-0.039745868
0.001421786,0.011278049,-0.069740164
0.002340293,0.007525133,-0.029247865
0.003135084,0.010558209,-0.116981181
0.004196053,0.005005694,-0.129728756
0.004863377,0.003052378,-0.08548717
0.005830622,0.006584093,-0.104233605
0.005635673,0.006089203,-0.094485459
0.006655404,0.006141691,-0.063366376
0.007052799,-0.003894826,-0.05961709
0.00727774,0.014862251,-0.067490592
0.008559901,0.000862865,-0.021749291
0.007262744,0.006141691,0.051361806
0.010022015,0.010003332,0.077981743
0.007450194,-0.017493051,0.175463205
0.010543127,0.023196647,0.266195951
0.009324699,-0.024766433,0.236576584
0.009377185,0.032183398,0.187835853
0.012867514,-0.025415039,0.109850683
0.005553195,0.022746747,-0.014625646
0.019548249,0.013677515,-0.168346413
-0.006083732,-0.073438106,-0.205089425
0.114690625,1.16101604,-0.349436975
0.479296844,1.933411721,-0.421798214
0.811706564,1.639458361,-0.2152125
1.114941489,1.765100412,-0.389929274
1.42379618,1.783336355,-0.169471199
1.702235153,1.821034219,0.143219337
1.978143544,1.794505121,-0.100859247
2.237837466,1.709519026,0.222329293
2.496174247,1.76614268,0.26919538
2.743691386,1.77791881,0.112850112
2.983031933,1.83991127,0.449536085
3.209112232,1.851679902,0.4510358
3.41508659,1.882708,0.512524107
3.614372715,1.927626758,0.631376505
3.803626489,1.947924743,0.559765123
3.982341796,1.980801179,0.571762841
4.146177282,1.986706116,0.451410729
4.293550865,1.987017296,0.440912725
4.426764437,1.986151239,0.395546352
4.547448818,1.98016757,0.246699658
4.658022119,1.982604528,0.339681976
4.757115951,1.979387744,0.332933259
4.842293458,1.966081953,0.351679694
4.913535895,1.952217538,0.497901887
4.972264137,1.932410694,0.550766834
5.019959042,1.917421528,0.468657449
5.055837068,1.872776459,0.367801629
5.07839861,1.832236727,0.28944153
5.08926699,1.820483092,0.007870077
5.090020541,1.787426695,-0.176969773
5.080756737,1.751044788,-0.251955513
5.061239391,1.711314876,-0.476912733
5.031412268,1.668559387,-0.615261423
4.991436574,1.620022684,-0.575144052
4.942118348,1.576584847,-0.626509284
4.88503967,1.537469798,-0.733363963
4.820099319,1.483747998,-0.609637492
4.746926142,1.435781169,-0.565770835
4.666258694,1.380484719,-0.644130933
4.578048238,1.320325602,-0.565770835
4.481878633,1.266843749,-0.517779961
4.379122018,1.211082403,-0.569145193
4.269620934,1.145397014,-0.523028963
4.151767055,1.083183354,-0.373432411
4.027296174,1.014903543,-0.358435263
3.896290769,0.941359902,-0.383930415
3.763755768,0.907302478,-0.271076876
3.63200056,0.846284802,-0.33631447
3.488274764,0.742972783,-0.513655745
3.334175457,0.67600893,-0.500158312
3.18049229,0.620176349,-0.640756575
3.02125309,0.52702832,-0.798976486
2.851078028,0.436182279,-0.69962038
2.677532606,0.375408298,-0.771606691
2.500193186,0.289541149,-0.802725773
2.316472951,0.205192412,-0.598014703
2.129228647,0.11772437,-0.573644337
1.939022624,0.041949976,-0.554148045
1.74723452,-0.049368461,-0.41992357
1.54611138,-0.154667537,-0.415799355
1.346004222,-0.227652551,-0.424797643
1.14042351,-0.361047878,-0.360684836
0.933256967,-0.43957416,-0.278950379
0.727335094,-0.5996523,-0.222336145
0.514590024,-0.665577635,-0.095235316
0.315420119,-0.809643088,0.102727038
0.09270643,-1.037037504,0.089979462
-0.036064565,-0.469901163,0.149218196
-0.019122789,-0.088558493,0.31831104
-0.018159293,-0.180619264,0.20883186
-0.021679614,-0.076564911,0.207707074
-0.01767942,-0.098831208,0.212581147
-0.02233569,-0.075035251,0.000746431
-0.018807872,-0.055022203,-0.011251287
-0.021720853,-0.060870902,-0.074989166
-0.020663632,-0.037955999,-0.208838712
-0.021383442,-0.049109768,-0.160097981
-0.021934546,-0.03156742,-0.162347553
-0.021777088,-0.039549395,-0.099359532
-0.02286805,-0.03062638,-0.032247294
-0.02245191,-0.026052397,-0.074614237
-0.023407907,-0.030675119,-0.008626786
-0.023760314,-0.028429369,-0.03074758
-0.02407898,-0.028823031,-0.070490022
-0.024251435,-0.023581697,-0.039745868
-0.025428624,-0.027552064,-0.11435668
-0.026744526,-0.02680223,-0.127104255
-0.027194407,-0.022314479,-0.151099692
-0.028615282,-0.02680598,-0.208088855
-0.029327594,-0.02424155,-0.143601118
-0.029874949,-0.023877881,-0.106108248
-0.030740971,-0.022276987,-0.104983462
-0.030373568,-0.025193838,-0.044619942
-0.031820686,-0.023540456,0.00412079
-0.031254585,-0.016229582,0.012369221
-0.032390535,-0.030191477,0.003745861
-0.032607978,-0.008495053,0.068233597
-0.032596731,-0.031278735,0.146218767
-0.034512475,-0.017511797,0.165340131
-0.031794443,-0.019003965,0.272569739
-0.036356988,-0.028770543,0.323185113
-0.032049375,0.000589176,0.24632473
-0.036821865,-0.056176946,0.159341271
-0.033492744,0.029427761,0.062609667
-0.034336271,-0.089743229,-0.096360102
-0.039232478,0.070961022,-0.228709933
-0.025237424,-0.20315925,-0.306695103
-0.241225388,-1.556889363,-0.542150326
-0.623039563,-1.806403859,-0.431921289
-0.932670299,-1.616861023,-0.345687688
-1.244602927,-1.795981178,-0.454791939
-1.542536751,-1.763768343,0.032240442
-1.819547351,-1.825847034,0.070108241
-2.091391815,-1.733610052,0.022492296
-2.349218731,-1.714777991,0.399295639
-2.606513287,-1.762733573,0.230577724
-2.84950912,-1.784542472,0.264696236
-3.086319085,-1.845841336,0.478030666
-3.305699903,-1.843678067,0.432289365
-3.509267397,-1.887483323,0.538769116
-3.705865482,-1.927603148,0.587884775
-3.892198777,-1.959868471,0.559765123
-4.066857655,-1.978104414,0.461908732
-4.225422033,-1.976589751,0.354304195
-4.369897631,-1.982779624,0.371925844
-4.500048262,-1.978509324,0.23470194
-4.617328542,-1.980620105,0.180337279
-4.724853898,-1.984429257,0.26357145
-4.820307441,-1.972195729,0.271819881
-4.901597225,-1.954540906,0.347555479
-4.969814211,-1.938269526,0.483279668
-5.025681958,-1.919294996,0.52602154
-5.06941416,-1.895532782,0.467157734
-5.100684652,-1.864283484,0.469407306
-5.119279742,-1.83409145,0.285692243
-5.126639048,-1.802557215,-0.004127642
-5.123947259,-1.770505595,-0.112856965
-5.111583024,-1.738007824,-0.263203374
-5.089253921,-1.694933656,-0.523403891
-5.056607542,-1.652159421,-0.616386209
-5.014341203,-1.608654098,-0.525278535
-4.96345589,-1.56625478,-0.68237366
-4.904401485,-1.521718437,-0.730364534
-4.837282959,-1.468562762,-0.539150897
-4.762122806,-1.416711796,-0.623509854
-4.678857294,-1.362540096,-0.626134355
-4.587928806,-1.304409277,-0.476537804
-4.489161137,-1.2456411,-0.46041587
-4.383885187,-1.189905999,-0.495659168
-4.272228422,-1.127669843,-0.401926993
-4.152878689,-1.061875729,-0.275950949
-4.02624088,-0.992291208,-0.34793726
-3.893514679,-0.935386366,-0.280450094
-3.761043411,-0.892323446,-0.183718489
-3.624913109,-0.812406223,-0.383180558
-3.476024926,-0.723299795,-0.479537234
-3.320538485,-0.657299477,-0.487785665
-3.163162543,-0.593657384,-0.746486468
-2.998093633,-0.499369608,-0.854840862
-2.824240792,-0.416216855,-0.728114962
-2.648041071,-0.346812294,-0.795227199
-2.467087605,-0.253398074,-0.753985042
-2.281875264,-0.183536115,-0.539150897
-2.092310323,-0.093642362,-0.527528107
-1.900912115,-0.016855693,-0.445043793
-1.705536208,0.085481542,-0.287948668
-1.502647285,0.178809531,-0.303320745
-1.301531643,0.26854207,-0.293572598
-1.091785781,0.384987417,-0.236958365
-0.887273537,0.478581597,-0.204714496
-0.675825623,0.641779044,-0.207338997
-0.468767801,0.666167369,-0.040870654
-0.26174372,0.927323025,0.115474613
-0.05047201,0.899193032,0.028866084
0.011765305,0.217347209,0.216705362
-0.013356811,0.100834377,0.2838176
-0.00355315,0.135934069,0.101227323
-0.00733965,0.050213137,0.215205648
-0.005168974,0.087806025,0.143969195
-0.004610371,0.033240663,-0.002252998
-0.006158712,0.04943706,0.031490585
-0.003028289,0.034076727,-0.038621082
-0.004869053,0.025599863,-0.076488881
-0.002852085,0.02952149,-0.075739024
-0.003643127,0.016976781,-0.076113952
-0.002604651,0.023890243,-0.040495726
-0.002091036,0.013107642,-0.046869514
-0.002413451,0.014157408,-0.045744728
-0.001225015,0.013321344,-0.038246154
-0.000868859,0.006891524,-0.124854683
-0.000445221,-0.001116694,-0.124854683
-0.000250272,0.008867335,-0.133478043
0.000660737,0.013670016,-0.234708792
0.00201413,0.004405827,-0.173220486
0.002805171,0.007067735,-0.182593703
0.00375367,0.0108244,-0.214462643
0.004900867,0.007112725,-0.11435668
0.005002091,0.007427655,-0.088861528
0.00595059,0.0072252,-0.061866662
0.006051813,-0.002106474,-0.015375503
0.006805364,0.008050017,0.059610237
0.007645143,0.001481478,0.106851253
0.007217755,0.00884484,0.105726467
0.008968543,0.003974673,0.160091129
0.007671386,-0.000269383,0.154842127
0.010096995,0.015019716,0.165340131
0.008368702,-0.013166514,0.257572591
0.010063254,0.029487748,0.231327582
0.010670594,-0.024234052,0.125597688
0.008199996,0.016789323,0.104601681
0.01431838,-0.002200203,-0.041995441
0.00508082,-0.011509382,-0.202089996
0.019240831,0.055544452,-0.271826734
-0.002139774,-0.134796957,-0.347562331
0.071318328,0.892455781,-0.415799355
0.409752708,1.910793002,-0.43454579
0.757492131,1.657416866,-0.193841564
1.055373469,1.713991781,-0.305945245
1.364516834,1.754115355,-0.170970913
1.643042034,1.75499266,0.252698518
1.917203386,1.786744347,-0.05961709
2.176526157,1.677163723,0.143219337
2.433157138,1.727271327,0.335182832
2.683695979,1.742796623,0.022867225
2.919966087,1.771286536,0.316811325
3.141315135,1.79279925,0.384298491
3.347656897,1.82746029,0.29806489
3.548937495,1.874902236,0.501651174
3.737212777,1.885632349,0.444287083
3.91238152,1.902762289,0.415042645
4.071459512,1.90217367,0.395921281
4.214465499,1.901675031,0.369676272
4.345021023,1.901161395,0.39629621
4.464441988,1.909330828,0.25494809
4.574164263,1.912247679,0.308937823
4.670232644,1.894334164,0.410168572
4.751372468,1.876289428,0.370051201
4.81990812,1.853052097,0.455160016
4.876525669,1.839135193,0.533520114
4.920913947,1.821037968,0.383923563
4.952443121,1.769700638,0.274819311
4.971731778,1.744637464,0.194584569
4.980234532,1.726630219,-0.139851831
4.97857747,1.681872676,-0.304070602
4.967172981,1.651095772,-0.360684836
4.945136301,1.608044099,-0.5496489
4.912643631,1.570942352,-0.625009569
4.870699707,1.526600966,-0.582267697
4.820103068,1.457822516,-0.553773116
4.761637257,1.42588337,-0.61601128
4.694582464,1.39342684,-0.490035237
4.618991176,1.330335875,-0.343063187
4.535879373,1.268744576,-0.449917866
4.444635968,1.218438266,-0.404926422
4.346119483,1.166999709,-0.328066039
4.241900754,1.108621445,-0.419548642
4.129374219,1.0413914,-0.426297358
4.009162213,0.971255752,-0.346062616
3.882295715,0.914557115,-0.314943534
3.751961382,0.871306736,-0.349811903
3.623040426,0.820280586,-0.296572028
3.484754443,0.728238561,-0.340438686
3.334336664,0.646184314,-0.551148615
3.18261048,0.596312908,-0.556022688
3.026655413,0.513366359,-0.648255149
2.859996923,0.423570084,-0.842093286
2.688442225,0.358349593,-0.743487038
2.513457184,0.273610943,-0.697370808
2.332076331,0.193682473,-0.709743455
2.147497572,0.112659246,-0.519279676
1.959027342,0.031830977,-0.450667724
1.769552376,-0.053942443,-0.454791939
1.57186333,-0.157573141,-0.319817607
1.373083322,-0.226051658,-0.326941253
1.170456829,-0.353043408,-0.354311048
0.963012859,-0.433732959,-0.311194247
0.759460361,-0.574649112,-0.292447812
0.546347888,-0.669338049,-0.193841564
0.348059,-0.764986772,-0.091486029
0.127988364,-1.040745429,0.047612519
-0.025424875,-0.585307991,0.153342412
-0.02010128,-0.095858119,0.193834712
-0.01241581,-0.175749097,0.284942386
-0.019272749,-0.092165191,0.303688821
-0.013592999,-0.090860481,0.197583999
-0.018609174,-0.081877479,0.148468339
-0.015193826,-0.046549088,0.119973758
-0.017705663,-0.065452383,-0.022874077
-0.017379499,-0.037093691,-0.069365236
-0.017439483,-0.047688834,-0.076113952
-0.018594178,-0.035447807,-0.167221626
-0.017911859,-0.034694225,-0.135352687
-0.019362725,-0.033134572,-0.082112811
-0.018834115,-0.029505379,-0.119230753
-0.019561423,-0.030004018,-0.127479184
-0.020097531,-0.024496493,-0.097859817
-0.020461185,-0.02374666,-0.125229612
-0.020592401,-0.021099749,-0.192341849
-0.021061027,-0.026097387,-0.144725904
-0.022264459,-0.026824725,-0.158598266
-0.023044253,-0.023784152,-0.205089425
-0.024015247,-0.022910596,-0.11998061
-0.025199934,-0.025553758,-0.139476903
-0.025751039,-0.020878548,-0.142851261
-0.02604721,-0.019633825,-0.080988025
-0.026980714,-0.022749382,-0.068990307
-0.026868243,-0.023094305,-0.023998863
-0.028007943,-0.024702698,-0.001503141
-0.027749261,-0.015157321,0.046112804
-0.028701509,-0.02954662,0.042738446
-0.029507547,-0.011921791,0.015743579
-0.028495314,-0.023176787,0.103476895
-0.031209597,-0.020563618,0.161590844
-0.028405338,-0.010459616,0.209206788
-0.032274316,-0.038274678,0.235451797
-0.029095155,0.007063986,0.216705362
-0.03138955,-0.054009928,0.100477465
-0.031963148,0.022720503,-0.031872366
-0.028052931,-0.060394758,-0.137977188
-0.038947554,0.01936125,-0.277075736
-0.015025121,-0.039283204,-0.263953231
-0.178425722,-1.342452065,-0.441669435
-0.554117763,-1.85508678,-0.393303633
-0.874204488,-1.591876581,-0.21221307
-1.17866159,-1.753810558,-0.386929845
-1.47907351,-1.738776403,0.065609096
-1.753302345,-1.789165194,0.182211922
-2.024978103,-1.726962781,-0.069740164
-2.281114215,-1.669671775,0.325434685
-2.537906404,-1.730160819,0.195709355
-2.783260364,-1.736185729,0.10197718
-3.015743972,-1.774700911,0.41354293
-3.230712205,-1.784849904,0.324684828
-3.43514947,-1.840198841,0.413168001
-3.634203156,-1.871200695,0.558640337
-3.818264551,-1.884648953,0.472406736
-3.988660804,-1.901197772,0.467907591
-4.143187498,-1.898175944,0.398170853
-4.283869098,-1.903181081,0.348305336
-4.410953039,-1.900297972,0.272944667
-4.526909919,-1.905336851,0.169464346
-4.632736973,-1.894205578,0.23470194
-4.723789179,-1.87369389,0.2433253
-4.80100004,-1.865599441,0.293190817
-4.866315292,-1.848986886,0.44803637
-4.91979492,-1.824482337,0.406794213
-4.959849343,-1.79718466,0.325059757
-4.98674474,-1.767899924,0.337432404
-5.002389359,-1.736376936,0.128222189
-5.007030633,-1.703867918,-0.120355539
-5.001946976,-1.671523863,-0.206214211
-4.987280849,-1.637428947,-0.341563472
-4.962095,-1.594587228,-0.512905888
-4.926970525,-1.550590765,-0.573269409
-4.883020881,-1.511314502,-0.483286521
-4.83068845,-1.465975837,-0.53240218
-4.770183178,-1.417379147,-0.594640344
-4.701186398,-1.36760147,-0.454791939
-4.623765592,-1.319960818,-0.475787947
-4.538663065,-1.26582661,-0.534651752
-4.445470175,-1.205457539,-0.433795932
-4.344887985,-1.151971937,-0.433046075
-4.237775021,-1.089645801,-0.508781672
-4.123756379,-1.027450887,-0.413174854
-4.0024984,-0.96436367,-0.297696814
-3.873494966,-0.89724985,-0.331815326
-3.743104398,-0.857092533,-0.283824452
-3.612117738,-0.793371707,-0.199840423
-3.468961791,-0.698791497,-0.303320745
-3.316377084,-0.637871298,-0.419548642
-3.162716411,-0.57798587,-0.445043793
-3.002292524,-0.482693318,-0.618260853
-2.83193751,-0.398993187,-0.726615247
-2.658013438,-0.331283249,-0.61901071
-2.479924216,-0.252134605,-0.662877368
-2.296987524,-0.173233407,-0.596889917
-2.109124633,-0.079822936,-0.409800495
-1.919642169,-0.015097334,-0.463790228
-1.727647869,0.089155725,-0.377181698
-1.526700933,0.175855188,-0.265827875
-1.327647247,0.251569596,-0.332190254
-1.120360735,0.385238611,-0.307070032
-0.915766012,0.462883839,-0.25270537
-0.706863677,0.632837283,-0.205464354
-0.497530206,0.66260941,-0.181468917
-0.295049925,0.87726791,-0.041245583
-0.075777828,0.968848787,0.080981173
0.01359857,0.303101883,0.083980603
-0.011287358,0.087768533,0.211831289
-0.004565383,0.155332254,0.248199373
-0.005566369,0.050299368,0.187835853
-0.005783811,0.086775004,0.127097403
-0.003436931,0.034942784,0.060360095
-0.006173708,0.0393668,0.019492866
-0.002777105,0.040390323,-0.053243302
-0.004640363,0.020538489,-0.041245583
-0.002942062,0.026270963,-0.061866662
-0.003084524,0.01378999,-0.113981751
-0.002420949,0.021955673,-0.054743016
-0.001551179,0.011161824,-0.05361823
-0.002019805,0.011592979,-0.080988025
-0.001022569,0.013553792,-0.06824045
-0.000763887,0.01086564,-0.05661766
-0.000362743,0.008829843,-0.106858106
-6.66e-05,0.004210871,-0.178469487
0.001046885,0.01235031,-0.146225619
0.002227823,0.013396327,-0.168721341
0.00292139,0.004956955,-0.188592562
0.003959866,0.009051044,-0.130103685
0.005148302,0.007813819,-0.15184955
0.005448223,0.005354366,-0.118480895
0.006209272,0.007318929,-0.087736742
0.006344236,-8.94e-05,-0.087361813
0.00704905,0.009500944,0.002621075
0.007791354,0.002924907,0.02699144
0.007270242,0.004128389,0.045362947
0.009163492,0.002793686,0.06748374
0.007990052,0.001616448,0.062609667
0.010314438,0.012830203,0.105726467
0.00879234,-0.016656987,0.173963491
0.010085748,0.021423292,0.222704222
0.011307925,-0.01745556,0.225328723
0.008499917,0.020767188,0.183711637
0.014712026,-0.007831451,0.04161366
0.00553445,-0.01700566,-0.049494015
0.019312062,0.057891429,-0.20358971
-0.00105631,-0.143847444,-0.288323597
0.065203693,0.847701987,-0.289823311
0.398899324,1.901558807,-0.392928704
0.749330536,1.663220575,-0.182218774
1.047583026,1.70172076,-0.291697955
1.358822088,1.764035649,-0.203964639
1.63889188,1.760492687,0.211831289
1.914155441,1.774432086,-0.10273389
2.174977816,1.664783977,0.113225041
2.432489815,1.710193876,0.274069454
2.684078378,1.722956037,-0.03937094
2.922856574,1.761984855,0.274069454
3.148576968,1.778417449,0.313811896
3.35669576,1.803728069,0.271819881
3.559284762,1.851252497,0.470532092
3.750236837,1.867606359,0.476530952
3.928888411,1.892429587,0.518897895
4.092420227,1.889149067,0.439787939
4.238972777,1.888121796,0.390672279
4.372231338,1.881706973,0.350554908
4.493380596,1.885122463,0.163465487
4.604954882,1.884905011,0.212206218
4.704723536,1.868614885,0.26057202
4.7894999,1.857333644,0.253073446
4.860596125,1.835258555,0.374175416
4.920351596,1.82175031,0.427040363
4.968136477,1.801328603,0.334432974
5.002672357,1.766858771,0.290191388
5.024697791,1.733689899,0.281568028
5.035543677,1.701780747,0.017243294
5.035832351,1.667134704,-0.185968061
5.026306116,1.632282457,-0.24970594
5.007009962,1.598772411,-0.428172002
4.9769504,1.549185942,-0.565770835
4.937094674,1.510599525,-0.529027822
4.888814923,1.474731254,-0.486660879
4.832047414,1.423982543,-0.578143482
4.766807142,1.374707254,-0.499408455
4.693037872,1.317839905,-0.428921859
4.611485658,1.266806257,-0.55564776
4.522146749,1.214749087,-0.525278535
4.42470998,1.158792785,-0.492659738
4.321488487,1.108437736,-0.554148045
4.211005162,1.036168812,-0.514780531
4.09203033,0.974108867,-0.365933837
3.966247296,0.911584026,-0.307819889
3.835534313,0.850772553,-0.364434123
3.70618597,0.818188552,-0.257954372
3.571352825,0.732955012,-0.249331012
3.42334566,0.654211278,-0.39405349
3.271593233,0.602615256,-0.375307055
3.116841598,0.518660182,-0.498283669
2.952631211,0.439114127,-0.717616958
2.781496402,0.367073902,-0.681998732
2.607032473,0.285540789,-0.69699588
2.425959039,0.203700244,-0.738238037
2.241605221,0.13228613,-0.522279105
2.053656103,0.048109855,-0.418048927
1.863078929,-0.025486273,-0.444293936
1.667560559,-0.131224002,-0.325816467
1.466347443,-0.207110871,-0.314193677
1.266079078,-0.306490014,-0.380556057
1.05662189,-0.417619043,-0.337814185
0.852402068,-0.51325277,-0.270701948
0.639866942,-0.672161171,-0.200215352
0.434214998,-0.689943465,-0.112482036
0.22502024,-0.968101589,0.028866084
0.018419797,-0.879021405,0.075357242
-0.033342784,-0.204287749,0.148843268
-0.009341622,-0.131973835,0.29244096
-0.019812607,-0.144649765,0.224203936
-0.014976384,-0.065861042,0.186336138
-0.017349507,-0.103281468,0.143219337
-0.017525711,-0.05045197,-0.009001715
-0.016438498,-0.068268006,-0.064491163
-0.018811621,-0.045698027,-0.099359532
-0.017079578,-0.041251516,-0.094860387
-0.018939087,-0.044352077,-0.084362384
-0.018320501,-0.029820309,-0.066740735
-0.019415212,-0.037179922,-0.015750432
-0.019595164,-0.028384379,-0.07686381
-0.019688889,-0.03143245,-0.115106537
-0.020611146,-0.025688728,-0.091860958
-0.020667381,-0.02208578,-0.146975477
-0.021147254,-0.027420843,-0.212587999
-0.021334705,-0.024706447,-0.19796578
-0.022354435,-0.026314839,-0.230209648
-0.023779059,-0.028894265,-0.271826734
-0.024288925,-0.021917067,-0.191217063
-0.025391134,-0.024665206,-0.193841564
-0.026414613,-0.023023071,-0.179219345
-0.026515837,-0.021133491,-0.089986314
-0.027483081,-0.019615079,-0.117356109
-0.027344368,-0.016492024,-0.09710996
-0.028514059,-0.024444005,-0.02774815
-0.028420334,-0.012945313,0.024741868
-0.028900207,-0.02473644,0.084355531
-0.029931185,-0.012401684,0.119973758
-0.028900207,-0.021200976,0.179212492
-0.031543259,-0.020136213,0.218954935
-0.028768992,-0.008723752,0.282317885
-0.032596731,-0.037881016,0.291691102
-0.029863702,0.010708175,0.233577154
-0.031659478,-0.055340882,0.158966343
-0.033256557,0.015679569,0.016118508
-0.027801747,-0.053743737,-0.110982321
-0.040312193,0.003281078,-0.265452946
-0.014998878,-0.00931612,-0.308194818
-0.164276958,-1.284444969,-0.459666012
-0.537798322,-1.861996492,-0.401552064
-0.862042699,-1.589589589,-0.178844416
-1.166548538,-1.746844608,-0.3824307
-1.470004655,-1.734888518,0.028866084
-1.745740591,-1.778461325,0.211831289
-2.019332094,-1.72566182,-0.109857535
-2.277275229,-1.656036058,0.287941815
-2.535128388,-1.713150853,0.220829578
-2.781966955,-1.723749745,0.053236449
-3.018139589,-1.765515455,0.35017998
-3.236819343,-1.763817082,0.277443812
-3.442013907,-1.815173158,0.290191388
-3.643155791,-1.857028848,0.421416433
-3.830520064,-1.868894958,0.411668286
-4.004410395,-1.88569872,0.366676842
-4.162851056,-1.8835392,0.289816459
-4.306385653,-1.886707246,0.302189106
-4.436048912,-1.880622349,0.173588562
-4.553970273,-1.883190528,0.051736734
-4.661911769,-1.8815184,0.153342412
-4.756645503,-1.86313249,0.195709355
-4.837335445,-1.847625939,0.278193669
-4.905702391,-1.830754692,0.44241244
-4.961926294,-1.809092011,0.479155452
-5.005497288,-1.781903059,0.386922992
-5.036100457,-1.753810558,0.35017998
-5.054376881,-1.72570681,0.235826726
-5.061728689,-1.689591094,0.00112136
-5.058879442,-1.657127066,-0.101609104
-5.046057828,-1.622106106,-0.230584577
-5.023140129,-1.580531604,-0.43454579
-4.990445013,-1.541150365,-0.531277394
-4.948598564,-1.498334889,-0.461540656
-4.898065658,-1.455466925,-0.488535522
-4.839547361,-1.410900589,-0.547399328
-4.772897461,-1.359338309,-0.368558338
-4.697328666,-1.307566075,-0.383180558
-4.613834465,-1.257747157,-0.488535522
-4.522448597,-1.199800048,-0.410550353
-4.423036099,-1.141429282,-0.453292225
-4.317092825,-1.083838343,-0.51815489
-4.204450071,-1.027315917,-0.423672857
-4.085062847,-0.967344257,-0.281949809
-3.957195363,-0.894400484,-0.292822741
-3.825762571,-0.851045128,-0.292447812
-3.695544457,-0.799722795,-0.163847268
-3.554994072,-0.705131337,-0.306320174
-3.403095434,-0.636776542,-0.425172572
-3.249839654,-0.583208458,-0.361434693
-3.092238772,-0.499152156,-0.579268268
-2.923300883,-0.409607076,-0.736363393
-2.748803213,-0.343891694,-0.690622092
-2.572266081,-0.260667707,-0.752860256
-2.388620826,-0.178418504,-0.689497306
-2.200952884,-0.098205097,-0.456666583
-2.010117028,-0.025932424,-0.403801636
-1.8187938,0.046415232,-0.352436404
-1.619470186,0.162691867,-0.22383586
-1.417945902,0.231785247,-0.283449523
-1.213827304,0.353723122,-0.32469168
-1.004831243,0.435462439,-0.291323026
-0.799842874,0.571557165,-0.248956083
-0.584623457,0.68099532,-0.18634299
-0.384729993,0.739534798,-0.071239879
-0.16362463,1.027530734,0.063359524
-0.0003365,0.612524302,0.074232456
-0.000572687,0.079092963,0.203582858
-0.010556301,0.162110746,0.274069454
-0.002402204,0.07627359,0.190085425
-0.008224417,0.063905092,0.225328723
-0.00287083,0.069986239,0.157466628
-0.006181206,0.030597501,0.040863802
-0.003755597,0.051971496,-0.014625646
-0.00359064,0.0184652,-0.0479943
-0.003800585,0.031486053,0.008245005
-0.00237971,0.020373525,0.048362376
-0.003065779,0.019106307,0.082105959
-0.001491195,0.018708896,0.085480317
-0.002143523,0.011607975,-0.001503141
-0.001314991,0.018277742,-0.052868373
-0.000512703,0.011476754,-0.080988025
-0.000426476,0.011952898,-0.179594274
-0.000250272,0.008188736,-0.227585147
0.000327075,0.006614086,-0.208838712
0.001166853,0.008383692,-0.254954942
0.001181849,0.002853673,-0.256079728
0.001657974,0.000292992,-0.200590281
0.002389031,0.003213593,-0.176219915
0.002501501,0.006569096,-0.094860387
0.002269062,4.18e-05,-0.057367517
0.002145345,-0.002938789,-0.094485459
0.002355289,0.001983866,-0.064491163
0.002531493,0.002681211,-0.063741305
0.002336544,0.004653272,-0.069365236
0.002310301,-0.003133746,0.002246146
0.002452764,-0.003463672,0.054361235
0.002464011,0.003221091,0.103476895
0.002460262,-0.00324997,0.1597162
0.002441517,-0.001431624,0.206582288
0.002621469,0.001151551,0.218954935
0.002606473,-0.000798015,0.154842127
0.002497752,0.002152579,0.076856957
0.002737688,0.000262999,-0.054368088
0.002696449,-0.000902992,-0.192341849
0.002643963,-0.000936734,-0.259829015
0.002557736,-0.00392107,-0.322817037
0.002479007,-0.002188956,-0.350561761
0.002760183,-0.001679069,-0.340063757
0.002640214,-0.001154186,-0.292447812
0.002715194,0.000787882,-0.256454657
0.002895147,-0.002282685,-0.220461502
0.002775179,-0.001607835,-0.182968632
0.002947633,0.001185294,-0.242957224
0.002853908,-0.001570343,-0.280450094
0.002835163,-0.005060817,-0.289823311
